-5.000000000000000000e+00 1.000000000000000048e-04 5.271782414891359797e-04 1.000000000000000000e+00
-4.999249999999999972e+00 1.000000000000000048e-04 5.276546068356834963e-04 1.000000000000000000e+00
-4.998499999999999943e+00 1.000000000000000048e-04 5.281314038182972036e-04 1.000000000000000000e+00
-4.997749999999999915e+00 1.000000000000000048e-04 5.286086328299533345e-04 1.000000000000000000e+00
-4.996999999999999886e+00 1.000000000000000048e-04 5.290862942639876438e-04 1.000000000000000000e+00
-4.996249999999999858e+00 1.000000000000000048e-04 5.295643885140975757e-04 1.000000000000000000e+00
-4.995499999999999829e+00 1.000000000000000048e-04 5.300429159743421563e-04 1.000000000000000000e+00
-4.994749999999999801e+00 1.000000000000000048e-04 5.305218770391412339e-04 1.000000000000000000e+00
-4.993999999999999773e+00 1.000000000000000048e-04 5.310012721032779728e-04 1.000000000000000000e+00
-4.993249999999999744e+00 1.000000000000000048e-04 5.314811015618960350e-04 1.000000000000000000e+00
-4.992499999999999716e+00 1.000000000000000048e-04 5.319613658105039160e-04 1.000000000000000000e+00
-4.991749999999999687e+00 1.000000000000000048e-04 5.324420652449714762e-04 1.000000000000000000e+00
-4.990999999999999659e+00 1.000000000000000048e-04 5.329232002615325427e-04 1.000000000000000000e+00
-4.990249999999999631e+00 1.000000000000000048e-04 5.334047712567850175e-04 1.000000000000000000e+00
-4.989499999999999602e+00 1.000000000000000048e-04 5.338867786276904441e-04 1.000000000000000000e+00
-4.988749999999999574e+00 1.000000000000000048e-04 5.343692227715744411e-04 1.000000000000000000e+00
-4.988000000000000433e+00 1.000000000000000048e-04 5.348521040861274611e-04 1.000000000000000000e+00
-4.987250000000000405e+00 1.000000000000000048e-04 5.353354229694065256e-04 1.000000000000000000e+00
-4.986500000000000377e+00 1.000000000000000048e-04 5.358191798198318635e-04 1.000000000000000000e+00
-4.985750000000000348e+00 1.000000000000000048e-04 5.363033750361907064e-04 1.000000000000000000e+00
-4.985000000000000320e+00 1.000000000000000048e-04 5.367880090176354452e-04 1.000000000000000000e+00
-4.984250000000000291e+00 1.000000000000000048e-04 5.372730821636865573e-04 1.000000000000000000e+00
-4.983500000000000263e+00 1.000000000000000048e-04 5.377585948742291374e-04 1.000000000000000000e+00
-4.982750000000000234e+00 1.000000000000000048e-04 5.382445475495171256e-04 1.000000000000000000e+00
-4.982000000000000206e+00 1.000000000000000048e-04 5.387309405901711395e-04 1.000000000000000000e+00
-4.981250000000000178e+00 1.000000000000000048e-04 5.392177743971795579e-04 1.000000000000000000e+00
-4.980500000000000149e+00 1.000000000000000048e-04 5.397050493718990628e-04 1.000000000000000000e+00
-4.979750000000000121e+00 1.000000000000000048e-04 5.401927659160547486e-04 1.000000000000000000e+00
-4.979000000000000092e+00 1.000000000000000048e-04 5.406809244317407719e-04 1.000000000000000000e+00
-4.978250000000000064e+00 1.000000000000000048e-04 5.411695253214201346e-04 1.000000000000000000e+00
-4.977500000000000036e+00 1.000000000000000048e-04 5.416585689879250100e-04 1.000000000000000000e+00
-4.976750000000000007e+00 1.000000000000000048e-04 5.421480558344585849e-04 1.000000000000000000e+00
-4.975999999999999979e+00 1.000000000000000048e-04 5.426379862645928920e-04 1.000000000000000000e+00
-4.975249999999999950e+00 1.000000000000000048e-04 5.431283606822715198e-04 1.000000000000000000e+00
-4.974499999999999922e+00 1.000000000000000048e-04 5.436191794918080952e-04 1.000000000000000000e+00
-4.973749999999999893e+00 1.000000000000000048e-04 5.441104430978882349e-04 1.000000000000000000e+00
-4.972999999999999865e+00 1.000000000000000048e-04 5.446021519055686778e-04 1.000000000000000000e+00
-4.972249999999999837e+00 1.000000000000000048e-04 5.450943063202781528e-04 1.000000000000000000e+00
-4.971499999999999808e+00 1.000000000000000048e-04 5.455869067478175951e-04 1.000000000000000000e+00
-4.970749999999999780e+00 1.000000000000000048e-04 5.460799535943607974e-04 1.000000000000000000e+00
-4.969999999999999751e+00 1.000000000000000048e-04 5.465734472664543009e-04 1.000000000000000000e+00
-4.969249999999999723e+00 1.000000000000000048e-04 5.470673881710176123e-04 1.000000000000000000e+00
-4.968499999999999694e+00 1.000000000000000048e-04 5.475617767153447219e-04 1.000000000000000000e+00
-4.967749999999999666e+00 1.000000000000000048e-04 5.480566133071032358e-04 1.000000000000000000e+00
-4.966999999999999638e+00 1.000000000000000048e-04 5.485518983543347018e-04 1.000000000000000000e+00
-4.966249999999999609e+00 1.000000000000000048e-04 5.490476322654559097e-04 1.000000000000000000e+00
-4.965499999999999581e+00 1.000000000000000048e-04 5.495438154492582414e-04 1.000000000000000000e+00
-4.964750000000000441e+00 1.000000000000000048e-04 5.500404483149082127e-04 1.000000000000000000e+00
-4.964000000000000412e+00 1.000000000000000048e-04 5.505375312719498586e-04 1.000000000000000000e+00
-4.963250000000000384e+00 1.000000000000000048e-04 5.510350647303014805e-04 1.000000000000000000e+00
-4.962500000000000355e+00 1.000000000000000048e-04 5.515330491002582488e-04 1.000000000000000000e+00
-4.961750000000000327e+00 1.000000000000000048e-04 5.520314847924919855e-04 1.000000000000000000e+00
-4.961000000000000298e+00 1.000000000000000048e-04 5.525303722180520318e-04 1.000000000000000000e+00
-4.960250000000000270e+00 1.000000000000000048e-04 5.530297117883651399e-04 1.000000000000000000e+00
-4.959500000000000242e+00 1.000000000000000048e-04 5.535295039152361230e-04 1.000000000000000000e+00
-4.958750000000000213e+00 1.000000000000000048e-04 5.540297490108472053e-04 1.000000000000000000e+00
-4.958000000000000185e+00 1.000000000000000048e-04 5.545304474877599732e-04 1.000000000000000000e+00
-4.957250000000000156e+00 1.000000000000000048e-04 5.550315997589147250e-04 1.000000000000000000e+00
-4.956500000000000128e+00 1.000000000000000048e-04 5.555332062376304707e-04 1.000000000000000000e+00
-4.955750000000000099e+00 1.000000000000000048e-04 5.560352673376067756e-04 1.000000000000000000e+00
-4.955000000000000071e+00 1.000000000000000048e-04 5.565377834729223500e-04 1.000000000000000000e+00
-4.954250000000000043e+00 1.000000000000000048e-04 5.570407550580364596e-04 1.000000000000000000e+00
-4.953500000000000014e+00 1.000000000000000048e-04 5.575441825077891416e-04 1.000000000000000000e+00
-4.952749999999999986e+00 1.000000000000000048e-04 5.580480662374015305e-04 1.000000000000000000e+00
-4.951999999999999957e+00 1.000000000000000048e-04 5.585524066624757492e-04 1.000000000000000000e+00
-4.951249999999999929e+00 1.000000000000000048e-04 5.590572041989962104e-04 1.000000000000000000e+00
-4.950499999999999901e+00 1.000000000000000048e-04 5.595624592633290746e-04 1.000000000000000000e+00
-4.949749999999999872e+00 1.000000000000000048e-04 5.600681722722229000e-04 1.000000000000000000e+00
-4.948999999999999844e+00 1.000000000000000048e-04 5.605743436428087517e-04 1.000000000000000000e+00
-4.948249999999999815e+00 1.000000000000000048e-04 5.610809737926019357e-04 1.000000000000000000e+00
-4.947499999999999787e+00 1.000000000000000048e-04 5.615880631395001564e-04 1.000000000000000000e+00
-4.946749999999999758e+00 1.000000000000000048e-04 5.620956121017854678e-04 1.000000000000000000e+00
-4.945999999999999730e+00 1.000000000000000048e-04 5.626036210981238397e-04 1.000000000000000000e+00
-4.945249999999999702e+00 1.000000000000000048e-04 5.631120905475665676e-04 1.000000000000000000e+00
-4.944499999999999673e+00 1.000000000000000048e-04 5.636210208695488630e-04 1.000000000000000000e+00
-4.943749999999999645e+00 1.000000000000000048e-04 5.641304124838919130e-04 1.000000000000000000e+00
-4.942999999999999616e+00 1.000000000000000048e-04 5.646402658108026643e-04 1.000000000000000000e+00
-4.942249999999999588e+00 1.000000000000000048e-04 5.651505812708737140e-04 1.000000000000000000e+00
-4.941499999999999559e+00 1.000000000000000048e-04 5.656613592850839606e-04 1.000000000000000000e+00
-4.940750000000000419e+00 1.000000000000000048e-04 5.661726002747984954e-04 1.000000000000000000e+00
-4.940000000000000391e+00 1.000000000000000048e-04 5.666843046617717466e-04 1.000000000000000000e+00
-4.939250000000000362e+00 1.000000000000000048e-04 5.671964728681436847e-04 1.000000000000000000e+00
-4.938500000000000334e+00 1.000000000000000048e-04 5.677091053164418826e-04 1.000000000000000000e+00
-4.937750000000000306e+00 1.000000000000000048e-04 5.682222024295833585e-04 1.000000000000000000e+00
-4.937000000000000277e+00 1.000000000000000048e-04 5.687357646308728414e-04 1.000000000000000000e+00
-4.936250000000000249e+00 1.000000000000000048e-04 5.692497923440036382e-04 1.000000000000000000e+00
-4.935500000000000220e+00 1.000000000000000048e-04 5.697642859930594772e-04 1.000000000000000000e+00
-4.934750000000000192e+00 1.000000000000000048e-04 5.702792460025129899e-04 1.000000000000000000e+00
-4.934000000000000163e+00 1.000000000000000048e-04 5.707946727972269037e-04 1.000000000000000000e+00
-4.933250000000000135e+00 1.000000000000000048e-04 5.713105668024538253e-04 1.000000000000000000e+00
-4.932500000000000107e+00 1.000000000000000048e-04 5.718269284438378666e-04 1.000000000000000000e+00
-4.931750000000000078e+00 1.000000000000000048e-04 5.723437581474142112e-04 1.000000000000000000e+00
-4.931000000000000050e+00 1.000000000000000048e-04 5.728610563396087894e-04 1.000000000000000000e+00
-4.930250000000000021e+00 1.000000000000000048e-04 5.733788234472396873e-04 1.000000000000000000e+00
-4.929499999999999993e+00 1.000000000000000048e-04 5.738970598975173636e-04 1.000000000000000000e+00
-4.928749999999999964e+00 1.000000000000000048e-04 5.744157661180445415e-04 1.000000000000000000e+00
-4.927999999999999936e+00 1.000000000000000048e-04 5.749349425368175098e-04 1.000000000000000000e+00
-4.927249999999999908e+00 1.000000000000000048e-04 5.754545895822243875e-04 1.000000000000000000e+00
-4.926499999999999879e+00 1.000000000000000048e-04 5.759747076830483772e-04 1.000000000000000000e+00
-4.925749999999999851e+00 1.000000000000000048e-04 5.764952972684662469e-04 1.000000000000000000e+00
-4.924999999999999822e+00 1.000000000000000048e-04 5.770163587680487635e-04 1.000000000000000000e+00
-4.924249999999999794e+00 1.000000000000000048e-04 5.775378926117619941e-04 1.000000000000000000e+00
-4.923499999999999766e+00 1.000000000000000048e-04 5.780598992299664386e-04 1.000000000000000000e+00
-4.922749999999999737e+00 1.000000000000000048e-04 5.785823790534189810e-04 1.000000000000000000e+00
-4.921999999999999709e+00 1.000000000000000048e-04 5.791053325132713720e-04 1.000000000000000000e+00
-4.921249999999999680e+00 1.000000000000000048e-04 5.796287600410725055e-04 1.000000000000000000e+00
-4.920499999999999652e+00 1.000000000000000048e-04 5.801526620687672258e-04 1.000000000000000000e+00
-4.919749999999999623e+00 1.000000000000000048e-04 5.806770390286970871e-04 1.000000000000000000e+00
-4.918999999999999595e+00 1.000000000000000048e-04 5.812018913536018709e-04 1.000000000000000000e+00
-4.918249999999999567e+00 1.000000000000000048e-04 5.817272194766185019e-04 1.000000000000000000e+00
-4.917500000000000426e+00 1.000000000000000048e-04 5.822530238312813734e-04 1.000000000000000000e+00
-4.916750000000000398e+00 1.000000000000000048e-04 5.827793048515252745e-04 1.000000000000000000e+00
-4.916000000000000369e+00 1.000000000000000048e-04 5.833060629716813788e-04 1.000000000000000000e+00
-4.915250000000000341e+00 1.000000000000000048e-04 5.838332986264821228e-04 1.000000000000000000e+00
-4.914500000000000313e+00 1.000000000000000048e-04 5.843610122510575202e-04 1.000000000000000000e+00
-4.913750000000000284e+00 1.000000000000000048e-04 5.848892042809392816e-04 1.000000000000000000e+00
-4.913000000000000256e+00 1.000000000000000048e-04 5.854178751520584291e-04 1.000000000000000000e+00
-4.912250000000000227e+00 1.000000000000000048e-04 5.859470253007465976e-04 1.000000000000000000e+00
-4.911500000000000199e+00 1.000000000000000048e-04 5.864766551637366852e-04 1.000000000000000000e+00
-4.910750000000000171e+00 1.000000000000000048e-04 5.870067651781637206e-04 1.000000000000000000e+00
-4.910000000000000142e+00 1.000000000000000048e-04 5.875373557815632367e-04 1.000000000000000000e+00
-4.909250000000000114e+00 1.000000000000000048e-04 5.880684274118737646e-04 1.000000000000000000e+00
-4.908500000000000085e+00 1.000000000000000048e-04 5.885999805074361825e-04 1.000000000000000000e+00
-4.907750000000000057e+00 1.000000000000000048e-04 5.891320155069941500e-04 1.000000000000000000e+00
-4.907000000000000028e+00 1.000000000000000048e-04 5.896645328496949749e-04 1.000000000000000000e+00
-4.906250000000000000e+00 1.000000000000000048e-04 5.901975329750891799e-04 1.000000000000000000e+00
-4.905499999999999972e+00 1.000000000000000048e-04 5.907310163231314784e-04 1.000000000000000000e+00
-4.904749999999999943e+00 1.000000000000000048e-04 5.912649833341809911e-04 1.000000000000000000e+00
-4.903999999999999915e+00 1.000000000000000048e-04 5.917994344490023302e-04 1.000000000000000000e+00
-4.903249999999999886e+00 1.000000000000000048e-04 5.923343701087639733e-04 1.000000000000000000e+00
-4.902499999999999858e+00 1.000000000000000048e-04 5.928697907550406487e-04 1.000000000000000000e+00
-4.901749999999999829e+00 1.000000000000000048e-04 5.934056968298132267e-04 1.000000000000000000e+00
-4.900999999999999801e+00 1.000000000000000048e-04 5.939420887754688280e-04 1.000000000000000000e+00
-4.900249999999999773e+00 1.000000000000000048e-04 5.944789670348004989e-04 1.000000000000000000e+00
-4.899499999999999744e+00 1.000000000000000048e-04 5.950163320510093792e-04 1.000000000000000000e+00
-4.898749999999999716e+00 1.000000000000000048e-04 5.955541842677035099e-04 1.000000000000000000e+00
-4.897999999999999687e+00 1.000000000000000048e-04 5.960925241288990255e-04 1.000000000000000000e+00
-4.897249999999999659e+00 1.000000000000000048e-04 5.966313520790197207e-04 1.000000000000000000e+00
-4.896499999999999631e+00 1.000000000000000048e-04 5.971706685628986764e-04 1.000000000000000000e+00
-4.895749999999999602e+00 1.000000000000000048e-04 5.977104740257770674e-04 1.000000000000000000e+00
-4.894999999999999574e+00 1.000000000000000048e-04 5.982507689133066556e-04 1.000000000000000000e+00
-4.894250000000000433e+00 1.000000000000000048e-04 5.987915536715470799e-04 1.000000000000000000e+00
-4.893500000000000405e+00 1.000000000000000048e-04 5.993328287469709519e-04 1.000000000000000000e+00
-4.892750000000000377e+00 1.000000000000000048e-04 5.998745945864587597e-04 1.000000000000000000e+00
-4.892000000000000348e+00 1.000000000000000048e-04 6.004168516373025550e-04 1.000000000000000000e+00
-4.891250000000000320e+00 1.000000000000000048e-04 6.009596003472064945e-04 1.000000000000000000e+00
-4.890500000000000291e+00 1.000000000000000048e-04 6.015028411642847801e-04 1.000000000000000000e+00
-4.889750000000000263e+00 1.000000000000000048e-04 6.020465745370655623e-04 1.000000000000000000e+00
-4.889000000000000234e+00 1.000000000000000048e-04 6.025908009144882293e-04 1.000000000000000000e+00
-4.888250000000000206e+00 1.000000000000000048e-04 6.031355207459047083e-04 1.000000000000000000e+00
-4.887500000000000178e+00 1.000000000000000048e-04 6.036807344810812001e-04 1.000000000000000000e+00
-4.886750000000000149e+00 1.000000000000000048e-04 6.042264425701963362e-04 1.000000000000000000e+00
-4.886000000000000121e+00 1.000000000000000048e-04 6.047726454638438888e-04 1.000000000000000000e+00
-4.885250000000000092e+00 1.000000000000000048e-04 6.053193436130304946e-04 1.000000000000000000e+00
-4.884500000000000064e+00 1.000000000000000048e-04 6.058665374691790152e-04 1.000000000000000000e+00
-4.883750000000000036e+00 1.000000000000000048e-04 6.064142274841262609e-04 1.000000000000000000e+00
-4.883000000000000007e+00 1.000000000000000048e-04 6.069624141101250502e-04 1.000000000000000000e+00
-4.882249999999999979e+00 1.000000000000000048e-04 6.075110977998441015e-04 1.000000000000000000e+00
-4.881499999999999950e+00 1.000000000000000048e-04 6.080602790063687922e-04 1.000000000000000000e+00
-4.880749999999999922e+00 1.000000000000000048e-04 6.086099581832000744e-04 1.000000000000000000e+00
-4.879999999999999893e+00 1.000000000000000048e-04 6.091601357842568601e-04 1.000000000000000000e+00
-4.879249999999999865e+00 1.000000000000000048e-04 6.097108122638751539e-04 1.000000000000000000e+00
-4.878499999999999837e+00 1.000000000000000048e-04 6.102619880768091372e-04 1.000000000000000000e+00
-4.877749999999999808e+00 1.000000000000000048e-04 6.108136636782306259e-04 1.000000000000000000e+00
-4.876999999999999780e+00 1.000000000000000048e-04 6.113658395237302635e-04 1.000000000000000000e+00
-4.876249999999999751e+00 1.000000000000000048e-04 6.119185160693186047e-04 1.000000000000000000e+00
-4.875499999999999723e+00 1.000000000000000048e-04 6.124716937714238391e-04 1.000000000000000000e+00
-4.874749999999999694e+00 1.000000000000000048e-04 6.130253730868952602e-04 1.000000000000000000e+00
-4.873999999999999666e+00 1.000000000000000048e-04 6.135795544730018565e-04 1.000000000000000000e+00
-4.873249999999999638e+00 1.000000000000000048e-04 6.141342383874333951e-04 1.000000000000000000e+00
-4.872499999999999609e+00 1.000000000000000048e-04 6.146894252883004220e-04 1.000000000000000000e+00
-4.871749999999999581e+00 1.000000000000000048e-04 6.152451156341351294e-04 1.000000000000000000e+00
-4.871000000000000441e+00 1.000000000000000048e-04 6.158013098838901632e-04 1.000000000000000000e+00
-4.870250000000000412e+00 1.000000000000000048e-04 6.163580084969427428e-04 1.000000000000000000e+00
-4.869500000000000384e+00 1.000000000000000048e-04 6.169152119330909749e-04 1.000000000000000000e+00
-4.868750000000000355e+00 1.000000000000000048e-04 6.174729206525556967e-04 1.000000000000000000e+00
-4.868000000000000327e+00 1.000000000000000048e-04 6.180311351159817768e-04 1.000000000000000000e+00
-4.867250000000000298e+00 1.000000000000000048e-04 6.185898557844373563e-04 1.000000000000000000e+00
-4.866500000000000270e+00 1.000000000000000048e-04 6.191490831194152583e-04 1.000000000000000000e+00
-4.865750000000000242e+00 1.000000000000000048e-04 6.197088175828317953e-04 1.000000000000000000e+00
-4.865000000000000213e+00 1.000000000000000048e-04 6.202690596370293713e-04 1.000000000000000000e+00
-4.864250000000000185e+00 1.000000000000000048e-04 6.208298097447751806e-04 1.000000000000000000e+00
-4.863500000000000156e+00 1.000000000000000048e-04 6.213910683692614248e-04 1.000000000000000000e+00
-4.862750000000000128e+00 1.000000000000000048e-04 6.219528359741076980e-04 1.000000000000000000e+00
-4.862000000000000099e+00 1.000000000000000048e-04 6.225151130233590353e-04 1.000000000000000000e+00
-4.861250000000000071e+00 1.000000000000000048e-04 6.230778999814878642e-04 1.000000000000000000e+00
-4.860500000000000043e+00 1.000000000000000048e-04 6.236411973133937879e-04 1.000000000000000000e+00
-4.859750000000000014e+00 1.000000000000000048e-04 6.242050054844042357e-04 1.000000000000000000e+00
-4.858999999999999986e+00 1.000000000000000048e-04 6.247693249602742464e-04 1.000000000000000000e+00
-4.858249999999999957e+00 1.000000000000000048e-04 6.253341562071880943e-04 1.000000000000000000e+00
-4.857499999999999929e+00 1.000000000000000048e-04 6.258994996917578799e-04 1.000000000000000000e+00
-4.856749999999999901e+00 1.000000000000000048e-04 6.264653558810263489e-04 1.000000000000000000e+00
-4.855999999999999872e+00 1.000000000000000048e-04 6.270317252424646151e-04 1.000000000000000000e+00
-4.855249999999999844e+00 1.000000000000000048e-04 6.275986082439750880e-04 1.000000000000000000e+00
-4.854499999999999815e+00 1.000000000000000048e-04 6.281660053538894129e-04 1.000000000000000000e+00
-4.853749999999999787e+00 1.000000000000000048e-04 6.287339170409710727e-04 1.000000000000000000e+00
-4.852999999999999758e+00 1.000000000000000048e-04 6.293023437744146289e-04 1.000000000000000000e+00
-4.852249999999999730e+00 1.000000000000000048e-04 6.298712860238458305e-04 1.000000000000000000e+00
-4.851499999999999702e+00 1.000000000000000048e-04 6.304407442593234568e-04 1.000000000000000000e+00
-4.850749999999999673e+00 1.000000000000000048e-04 6.310107189513377993e-04 1.000000000000000000e+00
-4.849999999999999645e+00 1.000000000000000048e-04 6.315812105708129391e-04 1.000000000000000000e+00
-4.849249999999999616e+00 1.000000000000000048e-04 6.321522195891052286e-04 1.000000000000000000e+00
-4.848499999999999588e+00 1.000000000000000048e-04 6.327237464780061105e-04 1.000000000000000000e+00
-4.847749999999999559e+00 1.000000000000000048e-04 6.332957917097397325e-04 1.000000000000000000e+00
-4.847000000000000419e+00 1.000000000000000048e-04 6.338683557569648993e-04 1.000000000000000000e+00
-4.846250000000000391e+00 1.000000000000000048e-04 6.344414390927775654e-04 1.000000000000000000e+00
-4.845500000000000362e+00 1.000000000000000048e-04 6.350150421907062824e-04 1.000000000000000000e+00
-4.844750000000000334e+00 1.000000000000000048e-04 6.355891655247163183e-04 1.000000000000000000e+00
-4.844000000000000306e+00 1.000000000000000048e-04 6.361638095692093327e-04 1.000000000000000000e+00
-4.843250000000000277e+00 1.000000000000000048e-04 6.367389747990232678e-04 1.000000000000000000e+00
-4.842500000000000249e+00 1.000000000000000048e-04 6.373146616894333248e-04 1.000000000000000000e+00
-4.841750000000000220e+00 1.000000000000000048e-04 6.378908707161515300e-04 1.000000000000000000e+00
-4.841000000000000192e+00 1.000000000000000048e-04 6.384676023553282525e-04 1.000000000000000000e+00
-4.840250000000000163e+00 1.000000000000000048e-04 6.390448570835516621e-04 1.000000000000000000e+00
-4.839500000000000135e+00 1.000000000000000048e-04 6.396226353778489224e-04 1.000000000000000000e+00
-4.838750000000000107e+00 1.000000000000000048e-04 6.402009377156854314e-04 1.000000000000000000e+00
-4.838000000000000078e+00 1.000000000000000048e-04 6.407797645749672066e-04 1.000000000000000000e+00
-4.837250000000000050e+00 1.000000000000000048e-04 6.413591164340390425e-04 1.000000000000000000e+00
-4.836500000000000021e+00 1.000000000000000048e-04 6.419389937716864615e-04 1.000000000000000000e+00
-4.835749999999999993e+00 1.000000000000000048e-04 6.425193970671353892e-04 1.000000000000000000e+00
-4.834999999999999964e+00 1.000000000000000048e-04 6.431003268000533464e-04 1.000000000000000000e+00
-4.834249999999999936e+00 1.000000000000000048e-04 6.436817834505482571e-04 1.000000000000000000e+00
-4.833499999999999908e+00 1.000000000000000048e-04 6.442637674991710502e-04 1.000000000000000000e+00
-4.832749999999999879e+00 1.000000000000000048e-04 6.448462794269147922e-04 1.000000000000000000e+00
-4.831999999999999851e+00 1.000000000000000048e-04 6.454293197152142537e-04 1.000000000000000000e+00
-4.831249999999999822e+00 1.000000000000000048e-04 6.460128888459485113e-04 1.000000000000000000e+00
-4.830499999999999794e+00 1.000000000000000048e-04 6.465969873014395380e-04 1.000000000000000000e+00
-4.829749999999999766e+00 1.000000000000000048e-04 6.471816155644537216e-04 1.000000000000000000e+00
-4.828999999999999737e+00 1.000000000000000048e-04 6.477667741182009968e-04 1.000000000000000000e+00
-4.828249999999999709e+00 1.000000000000000048e-04 6.483524634463374474e-04 1.000000000000000000e+00
-4.827499999999999680e+00 1.000000000000000048e-04 6.489386840329627046e-04 1.000000000000000000e+00
-4.826749999999999652e+00 1.000000000000000048e-04 6.495254363626233075e-04 1.000000000000000000e+00
-4.825999999999999623e+00 1.000000000000000048e-04 6.501127209203107519e-04 1.000000000000000000e+00
-4.825249999999999595e+00 1.000000000000000048e-04 6.507005381914643090e-04 1.000000000000000000e+00
-4.824499999999999567e+00 1.000000000000000048e-04 6.512888886619695077e-04 1.000000000000000000e+00
-4.823750000000000426e+00 1.000000000000000048e-04 6.518777728181574839e-04 1.000000000000000000e+00
-4.823000000000000398e+00 1.000000000000000048e-04 6.524671911468102933e-04 1.000000000000000000e+00
-4.822250000000000369e+00 1.000000000000000048e-04 6.530571441351561406e-04 1.000000000000000000e+00
-4.821500000000000341e+00 1.000000000000000048e-04 6.536476322708717653e-04 1.000000000000000000e+00
-4.820750000000000313e+00 1.000000000000000048e-04 6.542386560420831998e-04 1.000000000000000000e+00
-4.820000000000000284e+00 1.000000000000000048e-04 6.548302159373659871e-04 1.000000000000000000e+00
-4.819250000000000256e+00 1.000000000000000048e-04 6.554223124457450719e-04 1.000000000000000000e+00
-4.818500000000000227e+00 1.000000000000000048e-04 6.560149460566956680e-04 1.000000000000000000e+00
-4.817750000000000199e+00 1.000000000000000048e-04 6.566081172601441257e-04 1.000000000000000000e+00
-4.817000000000000171e+00 1.000000000000000048e-04 6.572018265464676066e-04 1.000000000000000000e+00
-4.816250000000000142e+00 1.000000000000000048e-04 6.577960744064940838e-04 1.000000000000000000e+00
-4.815500000000000114e+00 1.000000000000000048e-04 6.583908613315044012e-04 1.000000000000000000e+00
-4.814750000000000085e+00 1.000000000000000048e-04 6.589861878132314069e-04 1.000000000000000000e+00
-4.814000000000000057e+00 1.000000000000000048e-04 6.595820543438603864e-04 1.000000000000000000e+00
-4.813250000000000028e+00 1.000000000000000048e-04 6.601784614160300388e-04 1.000000000000000000e+00
-4.812500000000000000e+00 1.000000000000000048e-04 6.607754095228326931e-04 1.000000000000000000e+00
-4.811749999999999972e+00 1.000000000000000048e-04 6.613728991578146340e-04 1.000000000000000000e+00
-4.810999999999999943e+00 1.000000000000000048e-04 6.619709308149767518e-04 1.000000000000000000e+00
-4.810249999999999915e+00 1.000000000000000048e-04 6.625695049887744348e-04 1.000000000000000000e+00
-4.809499999999999886e+00 1.000000000000000048e-04 6.631686221741184360e-04 1.000000000000000000e+00
-4.808749999999999858e+00 1.000000000000000048e-04 6.637682828663750900e-04 1.000000000000000000e+00
-4.807999999999999829e+00 1.000000000000000048e-04 6.643684875613682650e-04 1.000000000000000000e+00
-4.807249999999999801e+00 1.000000000000000048e-04 6.649692367553761098e-04 1.000000000000000000e+00
-4.806499999999999773e+00 1.000000000000000048e-04 6.655705309451353906e-04 1.000000000000000000e+00
-4.805749999999999744e+00 1.000000000000000048e-04 6.661723706278393229e-04 1.000000000000000000e+00
-4.804999999999999716e+00 1.000000000000000048e-04 6.667747563011407154e-04 1.000000000000000000e+00
-4.804249999999999687e+00 1.000000000000000048e-04 6.673776884631478501e-04 1.000000000000000000e+00
-4.803499999999999659e+00 1.000000000000000048e-04 6.679811676124303372e-04 1.000000000000000000e+00
-4.802749999999999631e+00 1.000000000000000048e-04 6.685851942480155368e-04 1.000000000000000000e+00
-4.801999999999999602e+00 1.000000000000000048e-04 6.691897688693901856e-04 1.000000000000000000e+00
-4.801249999999999574e+00 1.000000000000000048e-04 6.697948919765022401e-04 1.000000000000000000e+00
-4.800499999999999545e+00 1.000000000000000048e-04 6.704005640697593580e-04 1.000000000000000000e+00
-4.799750000000000405e+00 1.000000000000000048e-04 6.710067856500285741e-04 1.000000000000000000e+00
-4.799000000000000377e+00 1.000000000000000048e-04 6.716135572186413948e-04 1.000000000000000000e+00
-4.798250000000000348e+00 1.000000000000000048e-04 6.722208792773889203e-04 1.000000000000000000e+00
-4.797500000000000320e+00 1.000000000000000048e-04 6.728287523285250964e-04 1.000000000000000000e+00
-4.796750000000000291e+00 1.000000000000000048e-04 6.734371768747649803e-04 1.000000000000000000e+00
-4.796000000000000263e+00 1.000000000000000048e-04 6.740461534192889684e-04 1.000000000000000000e+00
-4.795250000000000234e+00 1.000000000000000048e-04 6.746556824657392194e-04 1.000000000000000000e+00
-4.794500000000000206e+00 1.000000000000000048e-04 6.752657645182220383e-04 1.000000000000000000e+00
-4.793750000000000178e+00 1.000000000000000048e-04 6.758764000813089617e-04 1.000000000000000000e+00
-4.793000000000000149e+00 1.000000000000000048e-04 6.764875896600351310e-04 1.000000000000000000e+00
-4.792250000000000121e+00 1.000000000000000048e-04 6.770993337599011353e-04 1.000000000000000000e+00
-4.791500000000000092e+00 1.000000000000000048e-04 6.777116328868739879e-04 1.000000000000000000e+00
-4.790750000000000064e+00 1.000000000000000048e-04 6.783244875473856076e-04 1.000000000000000000e+00
-4.790000000000000036e+00 1.000000000000000048e-04 6.789378982483352046e-04 1.000000000000000000e+00
-4.789250000000000007e+00 1.000000000000000048e-04 6.795518654970883043e-04 1.000000000000000000e+00
-4.788499999999999979e+00 1.000000000000000048e-04 6.801663898014785907e-04 1.000000000000000000e+00
-4.787749999999999950e+00 1.000000000000000048e-04 6.807814716698068220e-04 1.000000000000000000e+00
-4.786999999999999922e+00 1.000000000000000048e-04 6.813971116108421319e-04 1.000000000000000000e+00
-4.786249999999999893e+00 1.000000000000000048e-04 6.820133101338230050e-04 1.000000000000000000e+00
-4.785499999999999865e+00 1.000000000000000048e-04 6.826300677484554340e-04 1.000000000000000000e+00
-4.784749999999999837e+00 1.000000000000000048e-04 6.832473849649168228e-04 1.000000000000000000e+00
-4.783999999999999808e+00 1.000000000000000048e-04 6.838652622938537094e-04 1.000000000000000000e+00
-4.783249999999999780e+00 1.000000000000000048e-04 6.844837002463825251e-04 1.000000000000000000e+00
-4.782499999999999751e+00 1.000000000000000048e-04 6.851026993340919797e-04 1.000000000000000000e+00
-4.781749999999999723e+00 1.000000000000000048e-04 6.857222600690397003e-04 1.000000000000000000e+00
-4.780999999999999694e+00 1.000000000000000048e-04 6.863423829637580863e-04 1.000000000000000000e+00
-4.780249999999999666e+00 1.000000000000000048e-04 6.869630685312496472e-04 1.000000000000000000e+00
-4.779499999999999638e+00 1.000000000000000048e-04 6.875843172849907970e-04 1.000000000000000000e+00
-4.778749999999999609e+00 1.000000000000000048e-04 6.882061297389288190e-04 1.000000000000000000e+00
-4.777999999999999581e+00 1.000000000000000048e-04 6.888285064074871778e-04 1.000000000000000000e+00
-4.777250000000000441e+00 1.000000000000000048e-04 6.894514478055611831e-04 1.000000000000000000e+00
-4.776500000000000412e+00 1.000000000000000048e-04 6.900749544485228681e-04 1.000000000000000000e+00
-4.775750000000000384e+00 1.000000000000000048e-04 6.906990268522173035e-04 1.000000000000000000e+00
-4.775000000000000355e+00 1.000000000000000048e-04 6.913236655329647656e-04 1.000000000000000000e+00
-4.774250000000000327e+00 1.000000000000000048e-04 6.919488710075626884e-04 1.000000000000000000e+00
-4.773500000000000298e+00 1.000000000000000048e-04 6.925746437932823020e-04 1.000000000000000000e+00
-4.772750000000000270e+00 1.000000000000000048e-04 6.932009844078741625e-04 1.000000000000000000e+00
-4.772000000000000242e+00 1.000000000000000048e-04 6.938278933695642484e-04 1.000000000000000000e+00
-4.771250000000000213e+00 1.000000000000000048e-04 6.944553711970565630e-04 1.000000000000000000e+00
-4.770500000000000185e+00 1.000000000000000048e-04 6.950834184095331346e-04 1.000000000000000000e+00
-4.769750000000000156e+00 1.000000000000000048e-04 6.957120355266540159e-04 1.000000000000000000e+00
-4.769000000000000128e+00 1.000000000000000048e-04 6.963412230685585855e-04 1.000000000000000000e+00
-4.768250000000000099e+00 1.000000000000000048e-04 6.969709815558646805e-04 1.000000000000000000e+00
-4.767500000000000071e+00 1.000000000000000048e-04 6.976013115096713069e-04 1.000000000000000000e+00
-4.766750000000000043e+00 1.000000000000000048e-04 6.982322134515566879e-04 1.000000000000000000e+00
-4.766000000000000014e+00 1.000000000000000048e-04 6.988636879035799989e-04 1.000000000000000000e+00
-4.765249999999999986e+00 1.000000000000000048e-04 6.994957353882808255e-04 1.000000000000000000e+00
-4.764499999999999957e+00 1.000000000000000048e-04 7.001283564286815480e-04 1.000000000000000000e+00
-4.763749999999999929e+00 1.000000000000000048e-04 7.007615515482852825e-04 1.000000000000000000e+00
-4.762999999999999901e+00 1.000000000000000048e-04 7.013953212710789158e-04 1.000000000000000000e+00
-4.762249999999999872e+00 1.000000000000000048e-04 7.020296661215310458e-04 1.000000000000000000e+00
-4.761499999999999844e+00 1.000000000000000048e-04 7.026645866245945834e-04 1.000000000000000000e+00
-4.760749999999999815e+00 1.000000000000000048e-04 7.033000833057046928e-04 1.000000000000000000e+00
-4.759999999999999787e+00 1.000000000000000048e-04 7.039361566907833450e-04 1.000000000000000000e+00
-4.759249999999999758e+00 1.000000000000000048e-04 7.045728073062349807e-04 1.000000000000000000e+00
-4.758499999999999730e+00 1.000000000000000048e-04 7.052100356789500887e-04 1.000000000000000000e+00
-4.757749999999999702e+00 1.000000000000000048e-04 7.058478423363046634e-04 1.000000000000000000e+00
-4.756999999999999673e+00 1.000000000000000048e-04 7.064862278061610724e-04 1.000000000000000000e+00
-4.756249999999999645e+00 1.000000000000000048e-04 7.071251926168676226e-04 1.000000000000000000e+00
-4.755499999999999616e+00 1.000000000000000048e-04 7.077647372972599698e-04 1.000000000000000000e+00
-4.754749999999999588e+00 1.000000000000000048e-04 7.084048623766617692e-04 1.000000000000000000e+00
-4.753999999999999559e+00 1.000000000000000048e-04 7.090455683848833745e-04 1.000000000000000000e+00
-4.753250000000000419e+00 1.000000000000000048e-04 7.096868558522234638e-04 1.000000000000000000e+00
-4.752500000000000391e+00 1.000000000000000048e-04 7.103287253094720758e-04 1.000000000000000000e+00
-4.751750000000000362e+00 1.000000000000000048e-04 7.109711772879051886e-04 1.000000000000000000e+00
-4.751000000000000334e+00 1.000000000000000048e-04 7.116142123192904659e-04 1.000000000000000000e+00
-4.750250000000000306e+00 1.000000000000000048e-04 7.122578309358854141e-04 1.000000000000000000e+00
-4.749500000000000277e+00 1.000000000000000048e-04 7.129020336704375987e-04 1.000000000000000000e+00
-4.748750000000000249e+00 1.000000000000000048e-04 7.135468210561863797e-04 1.000000000000000000e+00
-4.748000000000000220e+00 1.000000000000000048e-04 7.141921936268620435e-04 1.000000000000000000e+00
-4.747250000000000192e+00 1.000000000000000048e-04 7.148381519166876466e-04 1.000000000000000000e+00
-4.746500000000000163e+00 1.000000000000000048e-04 7.154846964603780394e-04 1.000000000000000000e+00
-4.745750000000000135e+00 1.000000000000000048e-04 7.161318277931419266e-04 1.000000000000000000e+00
-4.745000000000000107e+00 1.000000000000000048e-04 7.167795464506803490e-04 1.000000000000000000e+00
-4.744250000000000078e+00 1.000000000000000048e-04 7.174278529691886352e-04 1.000000000000000000e+00
-4.743500000000000050e+00 1.000000000000000048e-04 7.180767478853570520e-04 1.000000000000000000e+00
-4.742750000000000021e+00 1.000000000000000048e-04 7.187262317363699374e-04 1.000000000000000000e+00
-4.741999999999999993e+00 1.000000000000000048e-04 7.193763050599068926e-04 1.000000000000000000e+00
-4.741249999999999964e+00 1.000000000000000048e-04 7.200269683941433246e-04 1.000000000000000000e+00
-4.740499999999999936e+00 1.000000000000000048e-04 7.206782222777509883e-04 1.000000000000000000e+00
-4.739749999999999908e+00 1.000000000000000048e-04 7.213300672498989619e-04 1.000000000000000000e+00
-4.738999999999999879e+00 1.000000000000000048e-04 7.219825038502516957e-04 1.000000000000000000e+00
-4.738249999999999851e+00 1.000000000000000048e-04 7.226355326189731320e-04 1.000000000000000000e+00
-4.737499999999999822e+00 1.000000000000000048e-04 7.232891540967238860e-04 1.000000000000000000e+00
-4.736749999999999794e+00 1.000000000000000048e-04 7.239433688246636311e-04 1.000000000000000000e+00
-4.735999999999999766e+00 1.000000000000000048e-04 7.245981773444509907e-04 1.000000000000000000e+00
-4.735249999999999737e+00 1.000000000000000048e-04 7.252535801982442970e-04 1.000000000000000000e+00
-4.734499999999999709e+00 1.000000000000000048e-04 7.259095779287011571e-04 1.000000000000000000e+00
-4.733749999999999680e+00 1.000000000000000048e-04 7.265661710789801881e-04 1.000000000000000000e+00
-4.732999999999999652e+00 1.000000000000000048e-04 7.272233601927405831e-04 1.000000000000000000e+00
-4.732249999999999623e+00 1.000000000000000048e-04 7.278811458141428705e-04 1.000000000000000000e+00
-4.731499999999999595e+00 1.000000000000000048e-04 7.285395284878493473e-04 1.000000000000000000e+00
-4.730750000000000455e+00 1.000000000000000048e-04 7.291985087590238624e-04 1.000000000000000000e+00
-4.730000000000000426e+00 1.000000000000000048e-04 7.298580871733352862e-04 1.000000000000000000e+00
-4.729250000000000398e+00 1.000000000000000048e-04 7.305182642769533904e-04 1.000000000000000000e+00
-4.728500000000000369e+00 1.000000000000000048e-04 7.311790406165528597e-04 1.000000000000000000e+00
-4.727750000000000341e+00 1.000000000000000048e-04 7.318404167393113401e-04 1.000000000000000000e+00
-4.727000000000000313e+00 1.000000000000000048e-04 7.325023931929119329e-04 1.000000000000000000e+00
-4.726250000000000284e+00 1.000000000000000048e-04 7.331649705255430857e-04 1.000000000000000000e+00
-4.725500000000000256e+00 1.000000000000000048e-04 7.338281492858983760e-04 1.000000000000000000e+00
-4.724750000000000227e+00 1.000000000000000048e-04 7.344919300231771619e-04 1.000000000000000000e+00
-4.724000000000000199e+00 1.000000000000000048e-04 7.351563132870862077e-04 1.000000000000000000e+00
-4.723250000000000171e+00 1.000000000000000048e-04 7.358212996278382751e-04 1.000000000000000000e+00
-4.722500000000000142e+00 1.000000000000000048e-04 7.364868895961539661e-04 1.000000000000000000e+00
-4.721750000000000114e+00 1.000000000000000048e-04 7.371530837432620480e-04 1.000000000000000000e+00
-4.721000000000000085e+00 1.000000000000000048e-04 7.378198826208997793e-04 1.000000000000000000e+00
-4.720250000000000057e+00 1.000000000000000048e-04 7.384872867813125838e-04 1.000000000000000000e+00
-4.719500000000000028e+00 1.000000000000000048e-04 7.391552967772560025e-04 1.000000000000000000e+00
-4.718750000000000000e+00 1.000000000000000048e-04 7.398239131619951513e-04 1.000000000000000000e+00
-4.717999999999999972e+00 1.000000000000000048e-04 7.404931364893051551e-04 1.000000000000000000e+00
-4.717249999999999943e+00 1.000000000000000048e-04 7.411629673134729904e-04 1.000000000000000000e+00
-4.716499999999999915e+00 1.000000000000000048e-04 7.418334061892951003e-04 1.000000000000000000e+00
-4.715749999999999886e+00 1.000000000000000048e-04 7.425044536720815146e-04 1.000000000000000000e+00
-4.714999999999999858e+00 1.000000000000000048e-04 7.431761103176536811e-04 1.000000000000000000e+00
-4.714249999999999829e+00 1.000000000000000048e-04 7.438483766823460923e-04 1.000000000000000000e+00
-4.713499999999999801e+00 1.000000000000000048e-04 7.445212533230048755e-04 1.000000000000000000e+00
-4.712749999999999773e+00 1.000000000000000048e-04 7.451947407969927804e-04 1.000000000000000000e+00
-4.711999999999999744e+00 1.000000000000000048e-04 7.458688396621844085e-04 1.000000000000000000e+00
-4.711249999999999716e+00 1.000000000000000048e-04 7.465435504769695743e-04 1.000000000000000000e+00
-4.710499999999999687e+00 1.000000000000000048e-04 7.472188738002527629e-04 1.000000000000000000e+00
-4.709749999999999659e+00 1.000000000000000048e-04 7.478948101914560578e-04 1.000000000000000000e+00
-4.708999999999999631e+00 1.000000000000000048e-04 7.485713602105148034e-04 1.000000000000000000e+00
-4.708249999999999602e+00 1.000000000000000048e-04 7.492485244178832436e-04 1.000000000000000000e+00
-4.707499999999999574e+00 1.000000000000000048e-04 7.499263033745312687e-04 1.000000000000000000e+00
-4.706749999999999545e+00 1.000000000000000048e-04 7.506046976419469092e-04 1.000000000000000000e+00
-4.706000000000000405e+00 1.000000000000000048e-04 7.512837077821352518e-04 1.000000000000000000e+00
-4.705250000000000377e+00 1.000000000000000048e-04 7.519633343576223421e-04 1.000000000000000000e+00
-4.704500000000000348e+00 1.000000000000000048e-04 7.526435779314512818e-04 1.000000000000000000e+00
-4.703750000000000320e+00 1.000000000000000048e-04 7.533244390671842887e-04 1.000000000000000000e+00
-4.703000000000000291e+00 1.000000000000000048e-04 7.540059183289049734e-04 1.000000000000000000e+00
-4.702250000000000263e+00 1.000000000000000048e-04 7.546880162812159539e-04 1.000000000000000000e+00
-4.701500000000000234e+00 1.000000000000000048e-04 7.553707334892423254e-04 1.000000000000000000e+00
-4.700750000000000206e+00 1.000000000000000048e-04 7.560540705186292749e-04 1.000000000000000000e+00
-4.700000000000000178e+00 1.000000000000000048e-04 7.567380279355449000e-04 1.000000000000000000e+00
-4.699250000000000149e+00 1.000000000000000048e-04 7.574226063066794501e-04 1.000000000000000000e+00
-4.698500000000000121e+00 1.000000000000000048e-04 7.581078061992454348e-04 1.000000000000000000e+00
-4.697750000000000092e+00 1.000000000000000048e-04 7.587936281809792502e-04 1.000000000000000000e+00
-4.697000000000000064e+00 1.000000000000000048e-04 7.594800728201416126e-04 1.000000000000000000e+00
-4.696250000000000036e+00 1.000000000000000048e-04 7.601671406855166910e-04 1.000000000000000000e+00
-4.695500000000000007e+00 1.000000000000000048e-04 7.608548323464144926e-04 1.000000000000000000e+00
-4.694749999999999979e+00 1.000000000000000048e-04 7.615431483726701036e-04 1.000000000000000000e+00
-4.693999999999999950e+00 1.000000000000000048e-04 7.622320893346439061e-04 1.000000000000000000e+00
-4.693249999999999922e+00 1.000000000000000048e-04 7.629216558032229879e-04 1.000000000000000000e+00
-4.692499999999999893e+00 1.000000000000000048e-04 7.636118483498210334e-04 1.000000000000000000e+00
-4.691749999999999865e+00 1.000000000000000048e-04 7.643026675463797338e-04 1.000000000000000000e+00
-4.690999999999999837e+00 1.000000000000000048e-04 7.649941139653681360e-04 1.000000000000000000e+00
-4.690249999999999808e+00 1.000000000000000048e-04 7.656861881797837272e-04 1.000000000000000000e+00
-4.689499999999999780e+00 1.000000000000000048e-04 7.663788907631525430e-04 1.000000000000000000e+00
-4.688749999999999751e+00 1.000000000000000048e-04 7.670722222895303604e-04 1.000000000000000000e+00
-4.687999999999999723e+00 1.000000000000000048e-04 7.677661833335025889e-04 1.000000000000000000e+00
-4.687249999999999694e+00 1.000000000000000048e-04 7.684607744701848131e-04 1.000000000000000000e+00
-4.686499999999999666e+00 1.000000000000000048e-04 7.691559962752235512e-04 1.000000000000000000e+00
-4.685749999999999638e+00 1.000000000000000048e-04 7.698518493247963638e-04 1.000000000000000000e+00
-4.684999999999999609e+00 1.000000000000000048e-04 7.705483341956133716e-04 1.000000000000000000e+00
-4.684249999999999581e+00 1.000000000000000048e-04 7.712454514649159541e-04 1.000000000000000000e+00
-4.683500000000000441e+00 1.000000000000000048e-04 7.719432017104781597e-04 1.000000000000000000e+00
-4.682750000000000412e+00 1.000000000000000048e-04 7.726415855106096324e-04 1.000000000000000000e+00
-4.682000000000000384e+00 1.000000000000000048e-04 7.733406034441513838e-04 1.000000000000000000e+00
-4.681250000000000355e+00 1.000000000000000048e-04 7.740402560904796961e-04 1.000000000000000000e+00
-4.680500000000000327e+00 1.000000000000000048e-04 7.747405440295052547e-04 1.000000000000000000e+00
-4.679750000000000298e+00 1.000000000000000048e-04 7.754414678416741242e-04 1.000000000000000000e+00
-4.679000000000000270e+00 1.000000000000000048e-04 7.761430281079683986e-04 1.000000000000000000e+00
-4.678250000000000242e+00 1.000000000000000048e-04 7.768452254099069603e-04 1.000000000000000000e+00
-4.677500000000000213e+00 1.000000000000000048e-04 7.775480603295441794e-04 1.000000000000000000e+00
-4.676750000000000185e+00 1.000000000000000048e-04 7.782515334494727322e-04 1.000000000000000000e+00
-4.676000000000000156e+00 1.000000000000000048e-04 7.789556453528230593e-04 1.000000000000000000e+00
-4.675250000000000128e+00 1.000000000000000048e-04 7.796603966232633657e-04 1.000000000000000000e+00
-4.674500000000000099e+00 1.000000000000000048e-04 7.803657878450014638e-04 1.000000000000000000e+00
-4.673750000000000071e+00 1.000000000000000048e-04 7.810718196027844479e-04 1.000000000000000000e+00
-4.673000000000000043e+00 1.000000000000000048e-04 7.817784924818981527e-04 1.000000000000000000e+00
-4.672250000000000014e+00 1.000000000000000048e-04 7.824858070681694295e-04 1.000000000000000000e+00
-4.671499999999999986e+00 1.000000000000000048e-04 7.831937639479665805e-04 1.000000000000000000e+00
-4.670749999999999957e+00 1.000000000000000048e-04 7.839023637081987076e-04 1.000000000000000000e+00
-4.669999999999999929e+00 1.000000000000000048e-04 7.846116069363169056e-04 1.000000000000000000e+00
-4.669249999999999901e+00 1.000000000000000048e-04 7.853214942203138281e-04 1.000000000000000000e+00
-4.668499999999999872e+00 1.000000000000000048e-04 7.860320261487268321e-04 1.000000000000000000e+00
-4.667749999999999844e+00 1.000000000000000048e-04 7.867432033106350501e-04 1.000000000000000000e+00
-4.666999999999999815e+00 1.000000000000000048e-04 7.874550262956621013e-04 1.000000000000000000e+00
-4.666249999999999787e+00 1.000000000000000048e-04 7.881674956939755490e-04 1.000000000000000000e+00
-4.665499999999999758e+00 1.000000000000000048e-04 7.888806120962890689e-04 1.000000000000000000e+00
-4.664749999999999730e+00 1.000000000000000048e-04 7.895943760938607149e-04 1.000000000000000000e+00
-4.663999999999999702e+00 1.000000000000000048e-04 7.903087882784944366e-04 1.000000000000000000e+00
-4.663249999999999673e+00 1.000000000000000048e-04 7.910238492425419226e-04 1.000000000000000000e+00
-4.662499999999999645e+00 1.000000000000000048e-04 7.917395595789003234e-04 1.000000000000000000e+00
-4.661749999999999616e+00 1.000000000000000048e-04 7.924559198810145286e-04 1.000000000000000000e+00
-4.660999999999999588e+00 1.000000000000000048e-04 7.931729307428785763e-04 1.000000000000000000e+00
-4.660249999999999559e+00 1.000000000000000048e-04 7.938905927590338097e-04 1.000000000000000000e+00
-4.659499999999999531e+00 1.000000000000000048e-04 7.946089065245707204e-04 1.000000000000000000e+00
-4.658750000000000391e+00 1.000000000000000048e-04 7.953278726351292738e-04 1.000000000000000000e+00
-4.658000000000000362e+00 1.000000000000000048e-04 7.960474916869016192e-04 1.000000000000000000e+00
-4.657250000000000334e+00 1.000000000000000048e-04 7.967677642766272115e-04 1.000000000000000000e+00
-4.656500000000000306e+00 1.000000000000000048e-04 7.974886910015989904e-04 1.000000000000000000e+00
-4.655750000000000277e+00 1.000000000000000048e-04 7.982102724596601287e-04 1.000000000000000000e+00
-4.655000000000000249e+00 1.000000000000000048e-04 7.989325092492064167e-04 1.000000000000000000e+00
-4.654250000000000220e+00 1.000000000000000048e-04 7.996554019691863710e-04 1.000000000000000000e+00
-4.653500000000000192e+00 1.000000000000000048e-04 8.003789512191019934e-04 1.000000000000000000e+00
-4.652750000000000163e+00 1.000000000000000048e-04 8.011031575990083375e-04 1.000000000000000000e+00
-4.652000000000000135e+00 1.000000000000000048e-04 8.018280217095148090e-04 1.000000000000000000e+00
-4.651250000000000107e+00 1.000000000000000048e-04 8.025535441517858172e-04 1.000000000000000000e+00
-4.650500000000000078e+00 1.000000000000000048e-04 8.032797255275410993e-04 1.000000000000000000e+00
-4.649750000000000050e+00 1.000000000000000048e-04 8.040065664390551791e-04 1.000000000000000000e+00
-4.649000000000000021e+00 1.000000000000000048e-04 8.047340674891605107e-04 1.000000000000000000e+00
-4.648249999999999993e+00 1.000000000000000048e-04 8.054622292812448764e-04 1.000000000000000000e+00
-4.647499999999999964e+00 1.000000000000000048e-04 8.061910524192539892e-04 1.000000000000000000e+00
-4.646749999999999936e+00 1.000000000000000048e-04 8.069205375076923597e-04 1.000000000000000000e+00
-4.645999999999999908e+00 1.000000000000000048e-04 8.076506851516204776e-04 1.000000000000000000e+00
-4.645249999999999879e+00 1.000000000000000048e-04 8.083814959566602322e-04 1.000000000000000000e+00
-4.644499999999999851e+00 1.000000000000000048e-04 8.091129705289914435e-04 1.000000000000000000e+00
-4.643749999999999822e+00 1.000000000000000048e-04 8.098451094753545722e-04 1.000000000000000000e+00
-4.642999999999999794e+00 1.000000000000000048e-04 8.105779134030505033e-04 1.000000000000000000e+00
-4.642249999999999766e+00 1.000000000000000048e-04 8.113113829199405458e-04 1.000000000000000000e+00
-4.641499999999999737e+00 1.000000000000000048e-04 8.120455186344488182e-04 1.000000000000000000e+00
-4.640749999999999709e+00 1.000000000000000048e-04 8.127803211555596459e-04 1.000000000000000000e+00
-4.639999999999999680e+00 1.000000000000000048e-04 8.135157910928215736e-04 1.000000000000000000e+00
-4.639249999999999652e+00 1.000000000000000048e-04 8.142519290563453045e-04 1.000000000000000000e+00
-4.638499999999999623e+00 1.000000000000000048e-04 8.149887356568059774e-04 1.000000000000000000e+00
-4.637749999999999595e+00 1.000000000000000048e-04 8.157262115054420828e-04 1.000000000000000000e+00
-4.637000000000000455e+00 1.000000000000000048e-04 8.164643572140564383e-04 1.000000000000000000e+00
-4.636250000000000426e+00 1.000000000000000048e-04 8.172031733950202003e-04 1.000000000000000000e+00
-4.635500000000000398e+00 1.000000000000000048e-04 8.179426606612661419e-04 1.000000000000000000e+00
-4.634750000000000369e+00 1.000000000000000048e-04 8.186828196262957002e-04 1.000000000000000000e+00
-4.634000000000000341e+00 1.000000000000000048e-04 8.194236509041764828e-04 1.000000000000000000e+00
-4.633250000000000313e+00 1.000000000000000048e-04 8.201651551095443275e-04 1.000000000000000000e+00
-4.632500000000000284e+00 1.000000000000000048e-04 8.209073328576008089e-04 1.000000000000000000e+00
-4.631750000000000256e+00 1.000000000000000048e-04 8.216501847641184426e-04 1.000000000000000000e+00
-4.631000000000000227e+00 1.000000000000000048e-04 8.223937114454371068e-04 1.000000000000000000e+00
-4.630250000000000199e+00 1.000000000000000048e-04 8.231379135184668620e-04 1.000000000000000000e+00
-4.629500000000000171e+00 1.000000000000000048e-04 8.238827916006879505e-04 1.000000000000000000e+00
-4.628750000000000142e+00 1.000000000000000048e-04 8.246283463101505796e-04 1.000000000000000000e+00
-4.628000000000000114e+00 1.000000000000000048e-04 8.253745782654761144e-04 1.000000000000000000e+00
-4.627250000000000085e+00 1.000000000000000048e-04 8.261214880858579451e-04 1.000000000000000000e+00
-4.626500000000000057e+00 1.000000000000000048e-04 8.268690763910618120e-04 1.000000000000000000e+00
-4.625750000000000028e+00 1.000000000000000048e-04 8.276173438014256976e-04 1.000000000000000000e+00
-4.625000000000000000e+00 1.000000000000000048e-04 8.283662909378610188e-04 1.000000000000000000e+00
-4.624249999999999972e+00 1.000000000000000048e-04 8.291159184218530607e-04 1.000000000000000000e+00
-4.623499999999999943e+00 1.000000000000000048e-04 8.298662268754611934e-04 1.000000000000000000e+00
-4.622749999999999915e+00 1.000000000000000048e-04 8.306172169213197395e-04 1.000000000000000000e+00
-4.621999999999999886e+00 1.000000000000000048e-04 8.313688891826386245e-04 1.000000000000000000e+00
-4.621249999999999858e+00 1.000000000000000048e-04 8.321212442832033769e-04 1.000000000000000000e+00
-4.620499999999999829e+00 1.000000000000000048e-04 8.328742828473767543e-04 1.000000000000000000e+00
-4.619749999999999801e+00 1.000000000000000048e-04 8.336280055000983100e-04 1.000000000000000000e+00
-4.618999999999999773e+00 1.000000000000000048e-04 8.343824128668838507e-04 1.000000000000000000e+00
-4.618249999999999744e+00 1.000000000000000048e-04 8.351375055738290143e-04 1.000000000000000000e+00
-4.617499999999999716e+00 1.000000000000000048e-04 8.358932842476075355e-04 1.000000000000000000e+00
-4.616749999999999687e+00 1.000000000000000048e-04 8.366497495154718959e-04 1.000000000000000000e+00
-4.615999999999999659e+00 1.000000000000000048e-04 8.374069020052557098e-04 1.000000000000000000e+00
-4.615249999999999631e+00 1.000000000000000048e-04 8.381647423453706877e-04 1.000000000000000000e+00
-4.614499999999999602e+00 1.000000000000000048e-04 8.389232711648114075e-04 1.000000000000000000e+00
-4.613749999999999574e+00 1.000000000000000048e-04 8.396824890931524950e-04 1.000000000000000000e+00
-4.612999999999999545e+00 1.000000000000000048e-04 8.404423967605514434e-04 1.000000000000000000e+00
-4.612250000000000405e+00 1.000000000000000048e-04 8.412029947977466612e-04 1.000000000000000000e+00
-4.611500000000000377e+00 1.000000000000000048e-04 8.419642838360626765e-04 1.000000000000000000e+00
-4.610750000000000348e+00 1.000000000000000048e-04 8.427262645074050417e-04 1.000000000000000000e+00
-4.610000000000000320e+00 1.000000000000000048e-04 8.434889374442636938e-04 1.000000000000000000e+00
-4.609250000000000291e+00 1.000000000000000048e-04 8.442523032797137139e-04 1.000000000000000000e+00
-4.608500000000000263e+00 1.000000000000000048e-04 8.450163626474154355e-04 1.000000000000000000e+00
-4.607750000000000234e+00 1.000000000000000048e-04 8.457811161816143359e-04 1.000000000000000000e+00
-4.607000000000000206e+00 1.000000000000000048e-04 8.465465645171437467e-04 1.000000000000000000e+00
-4.606250000000000178e+00 1.000000000000000048e-04 8.473127082894220353e-04 1.000000000000000000e+00
-4.605500000000000149e+00 1.000000000000000048e-04 8.480795481344562906e-04 1.000000000000000000e+00
-4.604750000000000121e+00 1.000000000000000048e-04 8.488470846888403719e-04 1.000000000000000000e+00
-4.604000000000000092e+00 1.000000000000000048e-04 8.496153185897579443e-04 1.000000000000000000e+00
-4.603250000000000064e+00 1.000000000000000048e-04 8.503842504749817201e-04 1.000000000000000000e+00
-4.602500000000000036e+00 1.000000000000000048e-04 8.511538809828729166e-04 1.000000000000000000e+00
-4.601750000000000007e+00 1.000000000000000048e-04 8.519242107523832073e-04 1.000000000000000000e+00
-4.600999999999999979e+00 1.000000000000000048e-04 8.526952404230566740e-04 1.000000000000000000e+00
-4.600249999999999950e+00 1.000000000000000048e-04 8.534669706350260119e-04 1.000000000000000000e+00
-4.599499999999999922e+00 1.000000000000000048e-04 8.542394020290180589e-04 1.000000000000000000e+00
-4.598749999999999893e+00 1.000000000000000048e-04 8.550125352463508683e-04 1.000000000000000000e+00
-4.597999999999999865e+00 1.000000000000000048e-04 8.557863709289362025e-04 1.000000000000000000e+00
-4.597249999999999837e+00 1.000000000000000048e-04 8.565609097192788826e-04 1.000000000000000000e+00
-4.596499999999999808e+00 1.000000000000000048e-04 8.573361522604772220e-04 1.000000000000000000e+00
-4.595749999999999780e+00 1.000000000000000048e-04 8.581120991962257367e-04 1.000000000000000000e+00
-4.594999999999999751e+00 1.000000000000000048e-04 8.588887511708128688e-04 1.000000000000000000e+00
-4.594249999999999723e+00 1.000000000000000048e-04 8.596661088291229378e-04 1.000000000000000000e+00
-4.593499999999999694e+00 1.000000000000000048e-04 8.604441728166375503e-04 1.000000000000000000e+00
-4.592749999999999666e+00 1.000000000000000048e-04 8.612229437794338650e-04 1.000000000000000000e+00
-4.591999999999999638e+00 1.000000000000000048e-04 8.620024223641879540e-04 1.000000000000000000e+00
-4.591249999999999609e+00 1.000000000000000048e-04 8.627826092181720922e-04 1.000000000000000000e+00
-4.590499999999999581e+00 1.000000000000000048e-04 8.635635049892593108e-04 1.000000000000000000e+00
-4.589750000000000441e+00 1.000000000000000048e-04 8.643451103259188438e-04 1.000000000000000000e+00
-4.589000000000000412e+00 1.000000000000000048e-04 8.651274258772235007e-04 1.000000000000000000e+00
-4.588250000000000384e+00 1.000000000000000048e-04 8.659104522928431609e-04 1.000000000000000000e+00
-4.587500000000000355e+00 1.000000000000000048e-04 8.666941902230500868e-04 1.000000000000000000e+00
-4.586750000000000327e+00 1.000000000000000048e-04 8.674786403187169717e-04 1.000000000000000000e+00
-4.586000000000000298e+00 1.000000000000000048e-04 8.682638032313196507e-04 1.000000000000000000e+00
-4.585250000000000270e+00 1.000000000000000048e-04 8.690496796129348238e-04 1.000000000000000000e+00
-4.584500000000000242e+00 1.000000000000000048e-04 8.698362701162442841e-04 1.000000000000000000e+00
-4.583750000000000213e+00 1.000000000000000048e-04 8.706235753945319907e-04 1.000000000000000000e+00
-4.583000000000000185e+00 1.000000000000000048e-04 8.714115961016861284e-04 1.000000000000000000e+00
-4.582250000000000156e+00 1.000000000000000048e-04 8.722003328922011680e-04 1.000000000000000000e+00
-4.581500000000000128e+00 1.000000000000000048e-04 8.729897864211754810e-04 1.000000000000000000e+00
-4.580750000000000099e+00 1.000000000000000048e-04 8.737799573443135077e-04 1.000000000000000000e+00
-4.580000000000000071e+00 1.000000000000000048e-04 8.745708463179267334e-04 1.000000000000000000e+00
-4.579250000000000043e+00 1.000000000000000048e-04 8.753624539989340132e-04 1.000000000000000000e+00
-4.578500000000000014e+00 1.000000000000000048e-04 8.761547810448608135e-04 1.000000000000000000e+00
-4.577749999999999986e+00 1.000000000000000048e-04 8.769478281138413803e-04 1.000000000000000000e+00
-4.576999999999999957e+00 1.000000000000000048e-04 8.777415958646188473e-04 1.000000000000000000e+00
-4.576249999999999929e+00 1.000000000000000048e-04 8.785360849565455616e-04 1.000000000000000000e+00
-4.575499999999999901e+00 1.000000000000000048e-04 8.793312960495833002e-04 1.000000000000000000e+00
-4.574749999999999872e+00 1.000000000000000048e-04 8.801272298043061977e-04 1.000000000000000000e+00
-4.573999999999999844e+00 1.000000000000000048e-04 8.809238868818970595e-04 1.000000000000000000e+00
-4.573249999999999815e+00 1.000000000000000048e-04 8.817212679441519159e-04 1.000000000000000000e+00
-4.572499999999999787e+00 1.000000000000000048e-04 8.825193736534781789e-04 1.000000000000000000e+00
-4.571749999999999758e+00 1.000000000000000048e-04 8.833182046728969188e-04 1.000000000000000000e+00
-4.570999999999999730e+00 1.000000000000000048e-04 8.841177616660414549e-04 1.000000000000000000e+00
-4.570249999999999702e+00 1.000000000000000048e-04 8.849180452971614754e-04 1.000000000000000000e+00
-4.569499999999999673e+00 1.000000000000000048e-04 8.857190562311173998e-04 1.000000000000000000e+00
-4.568749999999999645e+00 1.000000000000000048e-04 8.865207951333875340e-04 1.000000000000000000e+00
-4.567999999999999616e+00 1.000000000000000048e-04 8.873232626700660111e-04 1.000000000000000000e+00
-4.567249999999999588e+00 1.000000000000000048e-04 8.881264595078613815e-04 1.000000000000000000e+00
-4.566499999999999559e+00 1.000000000000000048e-04 8.889303863141008412e-04 1.000000000000000000e+00
-4.565749999999999531e+00 1.000000000000000048e-04 8.897350437567282805e-04 1.000000000000000000e+00
-4.565000000000000391e+00 1.000000000000000048e-04 8.905404325043042840e-04 1.000000000000000000e+00
-4.564250000000000362e+00 1.000000000000000048e-04 8.913465532260113344e-04 1.000000000000000000e+00
-4.563500000000000334e+00 1.000000000000000048e-04 8.921534065916488258e-04 1.000000000000000000e+00
-4.562750000000000306e+00 1.000000000000000048e-04 8.929609932716355567e-04 1.000000000000000000e+00
-4.562000000000000277e+00 1.000000000000000048e-04 8.937693139370120072e-04 1.000000000000000000e+00
-4.561250000000000249e+00 1.000000000000000048e-04 8.945783692594382790e-04 1.000000000000000000e+00
-4.560500000000000220e+00 1.000000000000000048e-04 8.953881599111973479e-04 1.000000000000000000e+00
-4.559750000000000192e+00 1.000000000000000048e-04 8.961986865651931124e-04 1.000000000000000000e+00
-4.559000000000000163e+00 1.000000000000000048e-04 8.970099498949532122e-04 1.000000000000000000e+00
-4.558250000000000135e+00 1.000000000000000048e-04 8.978219505746277279e-04 1.000000000000000000e+00
-4.557500000000000107e+00 1.000000000000000048e-04 8.986346892789906981e-04 1.000000000000000000e+00
-4.556750000000000078e+00 1.000000000000000048e-04 8.994481666834410957e-04 1.000000000000000000e+00
-4.556000000000000050e+00 1.000000000000000048e-04 9.002623834640028277e-04 1.000000000000000000e+00
-4.555250000000000021e+00 1.000000000000000048e-04 9.010773402973250605e-04 1.000000000000000000e+00
-4.554499999999999993e+00 1.000000000000000048e-04 9.018930378606835208e-04 1.000000000000000000e+00
-4.553749999999999964e+00 1.000000000000000048e-04 9.027094768319802792e-04 1.000000000000000000e+00
-4.552999999999999936e+00 1.000000000000000048e-04 9.035266578897455927e-04 1.000000000000000000e+00
-4.552249999999999908e+00 1.000000000000000048e-04 9.043445817131367127e-04 1.000000000000000000e+00
-4.551499999999999879e+00 1.000000000000000048e-04 9.051632489819407034e-04 1.000000000000000000e+00
-4.550749999999999851e+00 1.000000000000000048e-04 9.059826603765727075e-04 1.000000000000000000e+00
-4.549999999999999822e+00 1.000000000000000048e-04 9.068028165780780058e-04 1.000000000000000000e+00
-4.549249999999999794e+00 1.000000000000000048e-04 9.076237182681324515e-04 1.000000000000000000e+00
-4.548499999999999766e+00 1.000000000000000048e-04 9.084453661290420355e-04 1.000000000000000000e+00
-4.547749999999999737e+00 1.000000000000000048e-04 9.092677608437458149e-04 1.000000000000000000e+00
-4.546999999999999709e+00 1.000000000000000048e-04 9.100909030958132017e-04 1.000000000000000000e+00
-4.546249999999999680e+00 1.000000000000000048e-04 9.109147935694480828e-04 1.000000000000000000e+00
-4.545499999999999652e+00 1.000000000000000048e-04 9.117394329494862186e-04 1.000000000000000000e+00
-4.544749999999999623e+00 1.000000000000000048e-04 9.125648219213981695e-04 1.000000000000000000e+00
-4.543999999999999595e+00 1.000000000000000048e-04 9.133909611712881038e-04 1.000000000000000000e+00
-4.543250000000000455e+00 1.000000000000000048e-04 9.142178513858961828e-04 1.000000000000000000e+00
-4.542500000000000426e+00 1.000000000000000048e-04 9.150454932525989944e-04 1.000000000000000000e+00
-4.541750000000000398e+00 1.000000000000000048e-04 9.158738874594080353e-04 1.000000000000000000e+00
-4.541000000000000369e+00 1.000000000000000048e-04 9.167030346949715542e-04 1.000000000000000000e+00
-4.540250000000000341e+00 1.000000000000000048e-04 9.175329356485768285e-04 1.000000000000000000e+00
-4.539500000000000313e+00 1.000000000000000048e-04 9.183635910101479961e-04 1.000000000000000000e+00
-4.538750000000000284e+00 1.000000000000000048e-04 9.191950014702481150e-04 1.000000000000000000e+00
-4.538000000000000256e+00 1.000000000000000048e-04 9.200271677200797058e-04 1.000000000000000000e+00
-4.537250000000000227e+00 1.000000000000000048e-04 9.208600904514855105e-04 1.000000000000000000e+00
-4.536500000000000199e+00 1.000000000000000048e-04 9.216937703569486008e-04 1.000000000000000000e+00
-4.535750000000000171e+00 1.000000000000000048e-04 9.225282081295923782e-04 1.000000000000000000e+00
-4.535000000000000142e+00 1.000000000000000048e-04 9.233634044631839352e-04 1.000000000000000000e+00
-4.534250000000000114e+00 1.000000000000000048e-04 9.241993600521303687e-04 1.000000000000000000e+00
-4.533500000000000085e+00 1.000000000000000048e-04 9.250360755914834423e-04 1.000000000000000000e+00
-4.532750000000000057e+00 1.000000000000000048e-04 9.258735517769374175e-04 1.000000000000000000e+00
-4.532000000000000028e+00 1.000000000000000048e-04 9.267117893048316566e-04 1.000000000000000000e+00
-4.531250000000000000e+00 1.000000000000000048e-04 9.275507888721495377e-04 1.000000000000000000e+00
-4.530499999999999972e+00 1.000000000000000048e-04 9.283905511765195391e-04 1.000000000000000000e+00
-4.529749999999999943e+00 1.000000000000000048e-04 9.292310769162172995e-04 1.000000000000000000e+00
-4.528999999999999915e+00 1.000000000000000048e-04 9.300723667901643170e-04 1.000000000000000000e+00
-4.528249999999999886e+00 1.000000000000000048e-04 9.309144214979289244e-04 1.000000000000000000e+00
-4.527499999999999858e+00 1.000000000000000048e-04 9.317572417397279160e-04 1.000000000000000000e+00
-4.526749999999999829e+00 1.000000000000000048e-04 9.326008282164261138e-04 1.000000000000000000e+00
-4.525999999999999801e+00 1.000000000000000048e-04 9.334451816295374514e-04 1.000000000000000000e+00
-4.525249999999999773e+00 1.000000000000000048e-04 9.342903026812260587e-04 1.000000000000000000e+00
-4.524499999999999744e+00 1.000000000000000048e-04 9.351361920743050688e-04 1.000000000000000000e+00
-4.523749999999999716e+00 1.000000000000000048e-04 9.359828505122396542e-04 1.000000000000000000e+00
-4.522999999999999687e+00 1.000000000000000048e-04 9.368302786991459423e-04 1.000000000000000000e+00
-4.522249999999999659e+00 1.000000000000000048e-04 9.376784773397922081e-04 1.000000000000000000e+00
-4.521499999999999631e+00 1.000000000000000048e-04 9.385274471395994161e-04 1.000000000000000000e+00
-4.520749999999999602e+00 1.000000000000000048e-04 9.393771888046420883e-04 1.000000000000000000e+00
-4.519999999999999574e+00 1.000000000000000048e-04 9.402277030416477614e-04 1.000000000000000000e+00
-4.519249999999999545e+00 1.000000000000000048e-04 9.410789905580003480e-04 1.000000000000000000e+00
-4.518500000000000405e+00 1.000000000000000048e-04 9.419310520617358001e-04 1.000000000000000000e+00
-4.517750000000000377e+00 1.000000000000000048e-04 9.427838882615507824e-04 1.000000000000000000e+00
-4.517000000000000348e+00 1.000000000000000048e-04 9.436374998667936735e-04 1.000000000000000000e+00
-4.516250000000000320e+00 1.000000000000000048e-04 9.444918875874719387e-04 1.000000000000000000e+00
-4.515500000000000291e+00 1.000000000000000048e-04 9.453470521342506117e-04 1.000000000000000000e+00
-4.514750000000000263e+00 1.000000000000000048e-04 9.462029942184524032e-04 1.000000000000000000e+00
-4.514000000000000234e+00 1.000000000000000048e-04 9.470597145520597612e-04 1.000000000000000000e+00
-4.513250000000000206e+00 1.000000000000000048e-04 9.479172138477140030e-04 1.000000000000000000e+00
-4.512500000000000178e+00 1.000000000000000048e-04 9.487754928187162916e-04 1.000000000000000000e+00
-4.511750000000000149e+00 1.000000000000000048e-04 9.496345521790294786e-04 1.000000000000000000e+00
-4.511000000000000121e+00 1.000000000000000048e-04 9.504943926432770198e-04 1.000000000000000000e+00
-4.510250000000000092e+00 1.000000000000000048e-04 9.513550149267444933e-04 1.000000000000000000e+00
-4.509500000000000064e+00 1.000000000000000048e-04 9.522164197453807924e-04 1.000000000000000000e+00
-4.508750000000000036e+00 1.000000000000000048e-04 9.530786078157973658e-04 1.000000000000000000e+00
-4.508000000000000007e+00 1.000000000000000048e-04 9.539415798552687608e-04 1.000000000000000000e+00
-4.507249999999999979e+00 1.000000000000000048e-04 9.548053365817363086e-04 1.000000000000000000e+00
-4.506499999999999950e+00 1.000000000000000048e-04 9.556698787138036798e-04 1.000000000000000000e+00
-4.505749999999999922e+00 1.000000000000000048e-04 9.565352069707428470e-04 1.000000000000000000e+00
-4.504999999999999893e+00 1.000000000000000048e-04 9.574013220724899654e-04 1.000000000000000000e+00
-4.504249999999999865e+00 1.000000000000000048e-04 9.582682247396498171e-04 1.000000000000000000e+00
-4.503499999999999837e+00 1.000000000000000048e-04 9.591359156934948366e-04 1.000000000000000000e+00
-4.502749999999999808e+00 1.000000000000000048e-04 9.600043956559638084e-04 1.000000000000000000e+00
-4.501999999999999780e+00 1.000000000000000048e-04 9.608736653496663133e-04 1.000000000000000000e+00
-4.501249999999999751e+00 1.000000000000000048e-04 9.617437254978806679e-04 1.000000000000000000e+00
-4.500499999999999723e+00 1.000000000000000048e-04 9.626145768245555510e-04 1.000000000000000000e+00
-4.499749999999999694e+00 1.000000000000000048e-04 9.634862200543106540e-04 1.000000000000000000e+00
-4.498999999999999666e+00 1.000000000000000048e-04 9.643586559124366813e-04 1.000000000000000000e+00
-4.498249999999999638e+00 1.000000000000000048e-04 9.652318851248964339e-04 1.000000000000000000e+00
-4.497499999999999609e+00 1.000000000000000048e-04 9.661059084183257857e-04 1.000000000000000000e+00
-4.496750000000000469e+00 1.000000000000000048e-04 9.669807265200321654e-04 1.000000000000000000e+00
-4.496000000000000441e+00 1.000000000000000048e-04 9.678563401580009534e-04 1.000000000000000000e+00
-4.495250000000000412e+00 1.000000000000000048e-04 9.687327500608882173e-04 1.000000000000000000e+00
-4.494500000000000384e+00 1.000000000000000048e-04 9.696099569580265672e-04 1.000000000000000000e+00
-4.493750000000000355e+00 1.000000000000000048e-04 9.704879615794250467e-04 1.000000000000000000e+00
-4.493000000000000327e+00 1.000000000000000048e-04 9.713667646557681574e-04 1.000000000000000000e+00
-4.492250000000000298e+00 1.000000000000000048e-04 9.722463669184183525e-04 1.000000000000000000e+00
-4.491500000000000270e+00 1.000000000000000048e-04 9.731267690994158202e-04 1.000000000000000000e+00
-4.490750000000000242e+00 1.000000000000000048e-04 9.740079719314784831e-04 1.000000000000000000e+00
-4.490000000000000213e+00 1.000000000000000048e-04 9.748899761480039504e-04 1.000000000000000000e+00
-4.489250000000000185e+00 1.000000000000000048e-04 9.757727824830697344e-04 1.000000000000000000e+00
-4.488500000000000156e+00 1.000000000000000048e-04 9.766563916714329253e-04 1.000000000000000000e+00
-4.487750000000000128e+00 1.000000000000000048e-04 9.775408044485319262e-04 1.000000000000000000e+00
-4.487000000000000099e+00 1.000000000000000048e-04 9.784260215504863439e-04 1.000000000000000000e+00
-4.486250000000000071e+00 1.000000000000000048e-04 9.793120437141000258e-04 1.000000000000000000e+00
-4.485500000000000043e+00 1.000000000000000048e-04 9.801988716768566135e-04 1.000000000000000000e+00
-4.484750000000000014e+00 1.000000000000000048e-04 9.810865061769260490e-04 1.000000000000000000e+00
-4.483999999999999986e+00 1.000000000000000048e-04 9.819749479531606710e-04 1.000000000000000000e+00
-4.483249999999999957e+00 1.000000000000000048e-04 9.828641977450986843e-04 1.000000000000000000e+00
-4.482499999999999929e+00 1.000000000000000048e-04 9.837542562929635099e-04 1.000000000000000000e+00
-4.481749999999999901e+00 1.000000000000000048e-04 9.846451243376642178e-04 1.000000000000000000e+00
-4.480999999999999872e+00 1.000000000000000048e-04 9.855368026207974794e-04 1.000000000000000000e+00
-4.480249999999999844e+00 1.000000000000000048e-04 9.864292918846464826e-04 1.000000000000000000e+00
-4.479499999999999815e+00 1.000000000000000048e-04 9.873225928721839680e-04 1.000000000000000000e+00
-4.478749999999999787e+00 1.000000000000000048e-04 9.882167063270691932e-04 1.000000000000000000e+00
-4.477999999999999758e+00 1.000000000000000048e-04 9.891116329936533533e-04 1.000000000000000000e+00
-4.477249999999999730e+00 1.000000000000000048e-04 9.900073736169754616e-04 1.000000000000000000e+00
-4.476499999999999702e+00 1.000000000000000048e-04 9.909039289427664689e-04 1.000000000000000000e+00
-4.475749999999999673e+00 1.000000000000000048e-04 9.918012997174483966e-04 1.000000000000000000e+00
-4.474999999999999645e+00 1.000000000000000048e-04 9.926994866881347704e-04 1.000000000000000000e+00
-4.474249999999999616e+00 1.000000000000000048e-04 9.935984906026327883e-04 1.000000000000000000e+00
-4.473499999999999588e+00 1.000000000000000048e-04 9.944983122094418031e-04 1.000000000000000000e+00
-4.472749999999999559e+00 1.000000000000000048e-04 9.953989522577561411e-04 1.000000000000000000e+00
-4.471999999999999531e+00 1.000000000000000048e-04 9.963004114974635846e-04 1.000000000000000000e+00
-4.471249999999999503e+00 1.000000000000000048e-04 9.972026906791484069e-04 1.000000000000000000e+00
-4.470500000000000362e+00 1.000000000000000048e-04 9.981057905540885542e-04 1.000000000000000000e+00
-4.469750000000000334e+00 1.000000000000000048e-04 9.990097118742632346e-04 1.000000000000000000e+00
-4.469000000000000306e+00 1.000000000000000048e-04 9.999144553923440277e-04 1.000000000000000000e+00
-4.468250000000000277e+00 1.000000000000000048e-04 1.000820021861702474e-03 1.000000000000000000e+00
-4.467500000000000249e+00 1.000000000000000048e-04 1.001726412036408340e-03 1.000000000000000000e+00
-4.466750000000000220e+00 1.000000000000000048e-04 1.002633626671230703e-03 1.000000000000000000e+00
-4.466000000000000192e+00 1.000000000000000048e-04 1.003541666521638384e-03 1.000000000000000000e+00
-4.465250000000000163e+00 1.000000000000000048e-04 1.004450532343801033e-03 1.000000000000000000e+00
-4.464500000000000135e+00 1.000000000000000048e-04 1.005360224894588910e-03 1.000000000000000000e+00
-4.463750000000000107e+00 1.000000000000000048e-04 1.006270744931574840e-03 1.000000000000000000e+00
-4.463000000000000078e+00 1.000000000000000048e-04 1.007182093213033775e-03 1.000000000000000000e+00
-4.462250000000000050e+00 1.000000000000000048e-04 1.008094270497943666e-03 1.000000000000000000e+00
-4.461500000000000021e+00 1.000000000000000048e-04 1.009007277545986977e-03 1.000000000000000000e+00
-4.460749999999999993e+00 1.000000000000000048e-04 1.009921115117549603e-03 1.000000000000000000e+00
-4.459999999999999964e+00 1.000000000000000048e-04 1.010835783973723038e-03 1.000000000000000000e+00
-4.459249999999999936e+00 1.000000000000000048e-04 1.011751284876305458e-03 1.000000000000000000e+00
-4.458499999999999908e+00 1.000000000000000048e-04 1.012667618587801289e-03 1.000000000000000000e+00
-4.457749999999999879e+00 1.000000000000000048e-04 1.013584785871420989e-03 1.000000000000000000e+00
-4.456999999999999851e+00 1.000000000000000048e-04 1.014502787491082785e-03 1.000000000000000000e+00
-4.456249999999999822e+00 1.000000000000000048e-04 1.015421624211415921e-03 1.000000000000000000e+00
-4.455499999999999794e+00 1.000000000000000048e-04 1.016341296797756109e-03 1.000000000000000000e+00
-4.454749999999999766e+00 1.000000000000000048e-04 1.017261806016149864e-03 1.000000000000000000e+00
-4.453999999999999737e+00 1.000000000000000048e-04 1.018183152633354719e-03 1.000000000000000000e+00
-4.453249999999999709e+00 1.000000000000000048e-04 1.019105337416838578e-03 1.000000000000000000e+00
-4.452499999999999680e+00 1.000000000000000048e-04 1.020028361134781231e-03 1.000000000000000000e+00
-4.451749999999999652e+00 1.000000000000000048e-04 1.020952224556075658e-03 1.000000000000000000e+00
-4.450999999999999623e+00 1.000000000000000048e-04 1.021876928450328025e-03 1.000000000000000000e+00
-4.450250000000000483e+00 1.000000000000000048e-04 1.022802473587856387e-03 1.000000000000000000e+00
-4.449500000000000455e+00 1.000000000000000048e-04 1.023728860739697624e-03 1.000000000000000000e+00
-4.448750000000000426e+00 1.000000000000000048e-04 1.024656090677599201e-03 1.000000000000000000e+00
-4.448000000000000398e+00 1.000000000000000048e-04 1.025584164174027845e-03 1.000000000000000000e+00
-4.447250000000000369e+00 1.000000000000000048e-04 1.026513082002164555e-03 1.000000000000000000e+00
-4.446500000000000341e+00 1.000000000000000048e-04 1.027442844935909155e-03 1.000000000000000000e+00
-4.445750000000000313e+00 1.000000000000000048e-04 1.028373453749877910e-03 1.000000000000000000e+00
-4.445000000000000284e+00 1.000000000000000048e-04 1.029304909219406995e-03 1.000000000000000000e+00
-4.444250000000000256e+00 1.000000000000000048e-04 1.030237212120552279e-03 1.000000000000000000e+00
-4.443500000000000227e+00 1.000000000000000048e-04 1.031170363230087591e-03 1.000000000000000000e+00
-4.442750000000000199e+00 1.000000000000000048e-04 1.032104363325509052e-03 1.000000000000000000e+00
-4.442000000000000171e+00 1.000000000000000048e-04 1.033039213185033564e-03 1.000000000000000000e+00
-4.441250000000000142e+00 1.000000000000000048e-04 1.033974913587600106e-03 1.000000000000000000e+00
-4.440500000000000114e+00 1.000000000000000048e-04 1.034911465312869953e-03 1.000000000000000000e+00
-4.439750000000000085e+00 1.000000000000000048e-04 1.035848869141229060e-03 1.000000000000000000e+00
-4.439000000000000057e+00 1.000000000000000048e-04 1.036787125853786112e-03 1.000000000000000000e+00
-4.438250000000000028e+00 1.000000000000000048e-04 1.037726236232374907e-03 1.000000000000000000e+00
-4.437500000000000000e+00 1.000000000000000048e-04 1.038666201059554144e-03 1.000000000000000000e+00
-4.436749999999999972e+00 1.000000000000000048e-04 1.039607021118610234e-03 1.000000000000000000e+00
-4.435999999999999943e+00 1.000000000000000048e-04 1.040548697193555139e-03 1.000000000000000000e+00
-4.435249999999999915e+00 1.000000000000000048e-04 1.041491230069128103e-03 1.000000000000000000e+00
-4.434499999999999886e+00 1.000000000000000048e-04 1.042434620530797171e-03 1.000000000000000000e+00
-4.433749999999999858e+00 1.000000000000000048e-04 1.043378869364758538e-03 1.000000000000000000e+00
-4.432999999999999829e+00 1.000000000000000048e-04 1.044323977357939151e-03 1.000000000000000000e+00
-4.432249999999999801e+00 1.000000000000000048e-04 1.045269945297995625e-03 1.000000000000000000e+00
-4.431499999999999773e+00 1.000000000000000048e-04 1.046216773973314461e-03 1.000000000000000000e+00
-4.430749999999999744e+00 1.000000000000000048e-04 1.047164464173015730e-03 1.000000000000000000e+00
-4.429999999999999716e+00 1.000000000000000048e-04 1.048113016686950472e-03 1.000000000000000000e+00
-4.429249999999999687e+00 1.000000000000000048e-04 1.049062432305702215e-03 1.000000000000000000e+00
-4.428499999999999659e+00 1.000000000000000048e-04 1.050012711820590009e-03 1.000000000000000000e+00
-4.427749999999999631e+00 1.000000000000000048e-04 1.050963856023666258e-03 1.000000000000000000e+00
-4.426999999999999602e+00 1.000000000000000048e-04 1.051915865707717807e-03 1.000000000000000000e+00
-4.426249999999999574e+00 1.000000000000000048e-04 1.052868741666268104e-03 1.000000000000000000e+00
-4.425499999999999545e+00 1.000000000000000048e-04 1.053822484693577423e-03 1.000000000000000000e+00
-4.424749999999999517e+00 1.000000000000000048e-04 1.054777095584641779e-03 1.000000000000000000e+00
-4.423999999999999488e+00 1.000000000000000048e-04 1.055732575135197044e-03 1.000000000000000000e+00
-4.423250000000000348e+00 1.000000000000000048e-04 1.056688924141714614e-03 1.000000000000000000e+00
-4.422500000000000320e+00 1.000000000000000048e-04 1.057646143401410081e-03 1.000000000000000000e+00
-4.421750000000000291e+00 1.000000000000000048e-04 1.058604233712234343e-03 1.000000000000000000e+00
-4.421000000000000263e+00 1.000000000000000048e-04 1.059563195872880760e-03 1.000000000000000000e+00
-4.420250000000000234e+00 1.000000000000000048e-04 1.060523030682784069e-03 1.000000000000000000e+00
-4.419500000000000206e+00 1.000000000000000048e-04 1.061483738942121252e-03 1.000000000000000000e+00
-4.418750000000000178e+00 1.000000000000000048e-04 1.062445321451810885e-03 1.000000000000000000e+00
-4.418000000000000149e+00 1.000000000000000048e-04 1.063407779013516175e-03 1.000000000000000000e+00
-4.417250000000000121e+00 1.000000000000000048e-04 1.064371112429644741e-03 1.000000000000000000e+00
-4.416500000000000092e+00 1.000000000000000048e-04 1.065335322503347748e-03 1.000000000000000000e+00
-4.415750000000000064e+00 1.000000000000000048e-04 1.066300410038522944e-03 1.000000000000000000e+00
-4.415000000000000036e+00 1.000000000000000048e-04 1.067266375839814223e-03 1.000000000000000000e+00
-4.414250000000000007e+00 1.000000000000000048e-04 1.068233220712612496e-03 1.000000000000000000e+00
-4.413499999999999979e+00 1.000000000000000048e-04 1.069200945463055904e-03 1.000000000000000000e+00
-4.412749999999999950e+00 1.000000000000000048e-04 1.070169550898031124e-03 1.000000000000000000e+00
-4.411999999999999922e+00 1.000000000000000048e-04 1.071139037825174882e-03 1.000000000000000000e+00
-4.411249999999999893e+00 1.000000000000000048e-04 1.072109407052872221e-03 1.000000000000000000e+00
-4.410499999999999865e+00 1.000000000000000048e-04 1.073080659390259969e-03 1.000000000000000000e+00
-4.409749999999999837e+00 1.000000000000000048e-04 1.074052795647225224e-03 1.000000000000000000e+00
-4.408999999999999808e+00 1.000000000000000048e-04 1.075025816634407735e-03 1.000000000000000000e+00
-4.408249999999999780e+00 1.000000000000000048e-04 1.075999723163199038e-03 1.000000000000000000e+00
-4.407499999999999751e+00 1.000000000000000048e-04 1.076974516045745272e-03 1.000000000000000000e+00
-4.406749999999999723e+00 1.000000000000000048e-04 1.077950196094945882e-03 1.000000000000000000e+00
-4.405999999999999694e+00 1.000000000000000048e-04 1.078926764124455350e-03 1.000000000000000000e+00
-4.405249999999999666e+00 1.000000000000000048e-04 1.079904220948683415e-03 1.000000000000000000e+00
-4.404499999999999638e+00 1.000000000000000048e-04 1.080882567382795935e-03 1.000000000000000000e+00
-4.403749999999999609e+00 1.000000000000000048e-04 1.081861804242716411e-03 1.000000000000000000e+00
-4.403000000000000469e+00 1.000000000000000048e-04 1.082841932345123817e-03 1.000000000000000000e+00
-4.402250000000000441e+00 1.000000000000000048e-04 1.083822952507459535e-03 1.000000000000000000e+00
-4.401500000000000412e+00 1.000000000000000048e-04 1.084804865547921290e-03 1.000000000000000000e+00
-4.400750000000000384e+00 1.000000000000000048e-04 1.085787672285466613e-03 1.000000000000000000e+00
-4.400000000000000355e+00 1.000000000000000048e-04 1.086771373539813278e-03 1.000000000000000000e+00
-4.399250000000000327e+00 1.000000000000000048e-04 1.087755970131441905e-03 1.000000000000000000e+00
-4.398500000000000298e+00 1.000000000000000048e-04 1.088741462881593789e-03 1.000000000000000000e+00
-4.397750000000000270e+00 1.000000000000000048e-04 1.089727852612273071e-03 1.000000000000000000e+00
-4.397000000000000242e+00 1.000000000000000048e-04 1.090715140146247602e-03 1.000000000000000000e+00
-4.396250000000000213e+00 1.000000000000000048e-04 1.091703326307050031e-03 1.000000000000000000e+00
-4.395500000000000185e+00 1.000000000000000048e-04 1.092692411918975851e-03 1.000000000000000000e+00
-4.394750000000000156e+00 1.000000000000000048e-04 1.093682397807088169e-03 1.000000000000000000e+00
-4.394000000000000128e+00 1.000000000000000048e-04 1.094673284797214891e-03 1.000000000000000000e+00
-4.393250000000000099e+00 1.000000000000000048e-04 1.095665073715953054e-03 1.000000000000000000e+00
-4.392500000000000071e+00 1.000000000000000048e-04 1.096657765390663406e-03 1.000000000000000000e+00
-4.391750000000000043e+00 1.000000000000000048e-04 1.097651360649480384e-03 1.000000000000000000e+00
-4.391000000000000014e+00 1.000000000000000048e-04 1.098645860321304088e-03 1.000000000000000000e+00
-4.390249999999999986e+00 1.000000000000000048e-04 1.099641265235805051e-03 1.000000000000000000e+00
-4.389499999999999957e+00 1.000000000000000048e-04 1.100637576223424891e-03 1.000000000000000000e+00
-4.388749999999999929e+00 1.000000000000000048e-04 1.101634794115377829e-03 1.000000000000000000e+00
-4.387999999999999901e+00 1.000000000000000048e-04 1.102632919743647653e-03 1.000000000000000000e+00
-4.387249999999999872e+00 1.000000000000000048e-04 1.103631953940992488e-03 1.000000000000000000e+00
-4.386499999999999844e+00 1.000000000000000048e-04 1.104631897540944577e-03 1.000000000000000000e+00
-4.385749999999999815e+00 1.000000000000000048e-04 1.105632751377808986e-03 1.000000000000000000e+00
-4.384999999999999787e+00 1.000000000000000048e-04 1.106634516286666850e-03 1.000000000000000000e+00
-4.384249999999999758e+00 1.000000000000000048e-04 1.107637193103375595e-03 1.000000000000000000e+00
-4.383499999999999730e+00 1.000000000000000048e-04 1.108640782664567200e-03 1.000000000000000000e+00
-4.382749999999999702e+00 1.000000000000000048e-04 1.109645285807652317e-03 1.000000000000000000e+00
-4.381999999999999673e+00 1.000000000000000048e-04 1.110650703370820490e-03 1.000000000000000000e+00
-4.381249999999999645e+00 1.000000000000000048e-04 1.111657036193037552e-03 1.000000000000000000e+00
-4.380499999999999616e+00 1.000000000000000048e-04 1.112664285114050612e-03 1.000000000000000000e+00
-4.379749999999999588e+00 1.000000000000000048e-04 1.113672450974386536e-03 1.000000000000000000e+00
-4.378999999999999559e+00 1.000000000000000048e-04 1.114681534615352817e-03 1.000000000000000000e+00
-4.378249999999999531e+00 1.000000000000000048e-04 1.115691536879038874e-03 1.000000000000000000e+00
-4.377499999999999503e+00 1.000000000000000048e-04 1.116702458608316486e-03 1.000000000000000000e+00
-4.376750000000000362e+00 1.000000000000000048e-04 1.117714300646838925e-03 1.000000000000000000e+00
-4.376000000000000334e+00 1.000000000000000048e-04 1.118727063839048330e-03 1.000000000000000000e+00
-4.375250000000000306e+00 1.000000000000000048e-04 1.119740749030165728e-03 1.000000000000000000e+00
-4.374500000000000277e+00 1.000000000000000048e-04 1.120755357066201665e-03 1.000000000000000000e+00
-4.373750000000000249e+00 1.000000000000000048e-04 1.121770888793949478e-03 1.000000000000000000e+00
-4.373000000000000220e+00 1.000000000000000048e-04 1.122787345060992023e-03 1.000000000000000000e+00
-4.372250000000000192e+00 1.000000000000000048e-04 1.123804726715697984e-03 1.000000000000000000e+00
-4.371500000000000163e+00 1.000000000000000048e-04 1.124823034607225778e-03 1.000000000000000000e+00
-4.370750000000000135e+00 1.000000000000000048e-04 1.125842269585521169e-03 1.000000000000000000e+00
-4.370000000000000107e+00 1.000000000000000048e-04 1.126862432501321608e-03 1.000000000000000000e+00
-4.369250000000000078e+00 1.000000000000000048e-04 1.127883524206154927e-03 1.000000000000000000e+00
-4.368500000000000050e+00 1.000000000000000048e-04 1.128905545552339558e-03 1.000000000000000000e+00
-4.367750000000000021e+00 1.000000000000000048e-04 1.129928497392985835e-03 1.000000000000000000e+00
-4.366999999999999993e+00 1.000000000000000048e-04 1.130952380581997513e-03 1.000000000000000000e+00
-4.366249999999999964e+00 1.000000000000000048e-04 1.131977195974070679e-03 1.000000000000000000e+00
-4.365499999999999936e+00 1.000000000000000048e-04 1.133002944424699177e-03 1.000000000000000000e+00
-4.364749999999999908e+00 1.000000000000000048e-04 1.134029626790167885e-03 1.000000000000000000e+00
-4.363999999999999879e+00 1.000000000000000048e-04 1.135057243927559438e-03 1.000000000000000000e+00
-4.363249999999999851e+00 1.000000000000000048e-04 1.136085796694754008e-03 1.000000000000000000e+00
-4.362499999999999822e+00 1.000000000000000048e-04 1.137115285950426706e-03 1.000000000000000000e+00
-4.361749999999999794e+00 1.000000000000000048e-04 1.138145712554053651e-03 1.000000000000000000e+00
-4.360999999999999766e+00 1.000000000000000048e-04 1.139177077365905897e-03 1.000000000000000000e+00
-4.360249999999999737e+00 1.000000000000000048e-04 1.140209381247058546e-03 1.000000000000000000e+00
-4.359499999999999709e+00 1.000000000000000048e-04 1.141242625059384671e-03 1.000000000000000000e+00
-4.358749999999999680e+00 1.000000000000000048e-04 1.142276809665558135e-03 1.000000000000000000e+00
-4.357999999999999652e+00 1.000000000000000048e-04 1.143311935929055764e-03 1.000000000000000000e+00
-4.357249999999999623e+00 1.000000000000000048e-04 1.144348004714156692e-03 1.000000000000000000e+00
-4.356500000000000483e+00 1.000000000000000048e-04 1.145385016885942147e-03 1.000000000000000000e+00
-4.355750000000000455e+00 1.000000000000000048e-04 1.146422973310301735e-03 1.000000000000000000e+00
-4.355000000000000426e+00 1.000000000000000048e-04 1.147461874853925208e-03 1.000000000000000000e+00
-4.354250000000000398e+00 1.000000000000000048e-04 1.148501722384310478e-03 1.000000000000000000e+00
-4.353500000000000369e+00 1.000000000000000048e-04 1.149542516769761239e-03 1.000000000000000000e+00
-4.352750000000000341e+00 1.000000000000000048e-04 1.150584258879388264e-03 1.000000000000000000e+00
-4.352000000000000313e+00 1.000000000000000048e-04 1.151626949583110923e-03 1.000000000000000000e+00
-4.351250000000000284e+00 1.000000000000000048e-04 1.152670589751657185e-03 1.000000000000000000e+00
-4.350500000000000256e+00 1.000000000000000048e-04 1.153715180256564268e-03 1.000000000000000000e+00
-4.349750000000000227e+00 1.000000000000000048e-04 1.154760721970179722e-03 1.000000000000000000e+00
-4.349000000000000199e+00 1.000000000000000048e-04 1.155807215765662080e-03 1.000000000000000000e+00
-4.348250000000000171e+00 1.000000000000000048e-04 1.156854662516982376e-03 1.000000000000000000e+00
-4.347500000000000142e+00 1.000000000000000048e-04 1.157903063098923496e-03 1.000000000000000000e+00
-4.346750000000000114e+00 1.000000000000000048e-04 1.158952418387081693e-03 1.000000000000000000e+00
-4.346000000000000085e+00 1.000000000000000048e-04 1.160002729257867890e-03 1.000000000000000000e+00
-4.345250000000000057e+00 1.000000000000000048e-04 1.161053996588507897e-03 1.000000000000000000e+00
-4.344500000000000028e+00 1.000000000000000048e-04 1.162106221257042625e-03 1.000000000000000000e+00
-4.343750000000000000e+00 1.000000000000000048e-04 1.163159404142330043e-03 1.000000000000000000e+00
-4.342999999999999972e+00 1.000000000000000048e-04 1.164213546124043871e-03 1.000000000000000000e+00
-4.342249999999999943e+00 1.000000000000000048e-04 1.165268648082679005e-03 1.000000000000000000e+00
-4.341499999999999915e+00 1.000000000000000048e-04 1.166324710899546745e-03 1.000000000000000000e+00
-4.340749999999999886e+00 1.000000000000000048e-04 1.167381735456776313e-03 1.000000000000000000e+00
-4.339999999999999858e+00 1.000000000000000048e-04 1.168439722637321359e-03 1.000000000000000000e+00
-4.339249999999999829e+00 1.000000000000000048e-04 1.169498673324953671e-03 1.000000000000000000e+00
-4.338499999999999801e+00 1.000000000000000048e-04 1.170558588404268597e-03 1.000000000000000000e+00
-4.337749999999999773e+00 1.000000000000000048e-04 1.171619468760683744e-03 1.000000000000000000e+00
-4.336999999999999744e+00 1.000000000000000048e-04 1.172681315280438112e-03 1.000000000000000000e+00
-4.336249999999999716e+00 1.000000000000000048e-04 1.173744128850597295e-03 1.000000000000000000e+00
-4.335499999999999687e+00 1.000000000000000048e-04 1.174807910359052616e-03 1.000000000000000000e+00
-4.334749999999999659e+00 1.000000000000000048e-04 1.175872660694518308e-03 1.000000000000000000e+00
-4.333999999999999631e+00 1.000000000000000048e-04 1.176938380746536499e-03 1.000000000000000000e+00
-4.333249999999999602e+00 1.000000000000000048e-04 1.178005071405478082e-03 1.000000000000000000e+00
-4.332499999999999574e+00 1.000000000000000048e-04 1.179072733562539464e-03 1.000000000000000000e+00
-4.331749999999999545e+00 1.000000000000000048e-04 1.180141368109749065e-03 1.000000000000000000e+00
-4.330999999999999517e+00 1.000000000000000048e-04 1.181210975939961903e-03 1.000000000000000000e+00
-4.330249999999999488e+00 1.000000000000000048e-04 1.182281557946865663e-03 1.000000000000000000e+00
-4.329500000000000348e+00 1.000000000000000048e-04 1.183353115024976575e-03 1.000000000000000000e+00
-4.328750000000000320e+00 1.000000000000000048e-04 1.184425648069647010e-03 1.000000000000000000e+00
-4.328000000000000291e+00 1.000000000000000048e-04 1.185499157977060484e-03 1.000000000000000000e+00
-4.327250000000000263e+00 1.000000000000000048e-04 1.186573645644233401e-03 1.000000000000000000e+00
-4.326500000000000234e+00 1.000000000000000048e-04 1.187649111969016130e-03 1.000000000000000000e+00
-4.325750000000000206e+00 1.000000000000000048e-04 1.188725557850095396e-03 1.000000000000000000e+00
-4.325000000000000178e+00 1.000000000000000048e-04 1.189802984186994058e-03 1.000000000000000000e+00
-4.324250000000000149e+00 1.000000000000000048e-04 1.190881391880071333e-03 1.000000000000000000e+00
-4.323500000000000121e+00 1.000000000000000048e-04 1.191960781830523871e-03 1.000000000000000000e+00
-4.322750000000000092e+00 1.000000000000000048e-04 1.193041154940387280e-03 1.000000000000000000e+00
-4.322000000000000064e+00 1.000000000000000048e-04 1.194122512112535256e-03 1.000000000000000000e+00
-4.321250000000000036e+00 1.000000000000000048e-04 1.195204854250683270e-03 1.000000000000000000e+00
-4.320500000000000007e+00 1.000000000000000048e-04 1.196288182259386181e-03 1.000000000000000000e+00
-4.319749999999999979e+00 1.000000000000000048e-04 1.197372497044040841e-03 1.000000000000000000e+00
-4.318999999999999950e+00 1.000000000000000048e-04 1.198457799510887177e-03 1.000000000000000000e+00
-4.318249999999999922e+00 1.000000000000000048e-04 1.199544090567007107e-03 1.000000000000000000e+00
-4.317499999999999893e+00 1.000000000000000048e-04 1.200631371120326491e-03 1.000000000000000000e+00
-4.316749999999999865e+00 1.000000000000000048e-04 1.201719642079617087e-03 1.000000000000000000e+00
-4.315999999999999837e+00 1.000000000000000048e-04 1.202808904354496109e-03 1.000000000000000000e+00
-4.315249999999999808e+00 1.000000000000000048e-04 1.203899158855426237e-03 1.000000000000000000e+00
-4.314499999999999780e+00 1.000000000000000048e-04 1.204990406493718210e-03 1.000000000000000000e+00
-4.313749999999999751e+00 1.000000000000000048e-04 1.206082648181529098e-03 1.000000000000000000e+00
-4.312999999999999723e+00 1.000000000000000048e-04 1.207175884831867933e-03 1.000000000000000000e+00
-4.312249999999999694e+00 1.000000000000000048e-04 1.208270117358590731e-03 1.000000000000000000e+00
-4.311499999999999666e+00 1.000000000000000048e-04 1.209365346676403953e-03 1.000000000000000000e+00
-4.310749999999999638e+00 1.000000000000000048e-04 1.210461573700867327e-03 1.000000000000000000e+00
-4.309999999999999609e+00 1.000000000000000048e-04 1.211558799348390163e-03 1.000000000000000000e+00
-4.309250000000000469e+00 1.000000000000000048e-04 1.212657024536234170e-03 1.000000000000000000e+00
-4.308500000000000441e+00 1.000000000000000048e-04 1.213756250182520180e-03 1.000000000000000000e+00
-4.307750000000000412e+00 1.000000000000000048e-04 1.214856477206217953e-03 1.000000000000000000e+00
-4.307000000000000384e+00 1.000000000000000048e-04 1.215957706527152253e-03 1.000000000000000000e+00
-4.306250000000000355e+00 1.000000000000000048e-04 1.217059939066007616e-03 1.000000000000000000e+00
-4.305500000000000327e+00 1.000000000000000048e-04 1.218163175744322929e-03 1.000000000000000000e+00
-4.304750000000000298e+00 1.000000000000000048e-04 1.219267417484495982e-03 1.000000000000000000e+00
-4.304000000000000270e+00 1.000000000000000048e-04 1.220372665209781306e-03 1.000000000000000000e+00
-4.303250000000000242e+00 1.000000000000000048e-04 1.221478919844295368e-03 1.000000000000000000e+00
-4.302500000000000213e+00 1.000000000000000048e-04 1.222586182313011808e-03 1.000000000000000000e+00
-4.301750000000000185e+00 1.000000000000000048e-04 1.223694453541768591e-03 1.000000000000000000e+00
-4.301000000000000156e+00 1.000000000000000048e-04 1.224803734457262372e-03 1.000000000000000000e+00
-4.300250000000000128e+00 1.000000000000000048e-04 1.225914025987054129e-03 1.000000000000000000e+00
-4.299500000000000099e+00 1.000000000000000048e-04 1.227025329059566999e-03 1.000000000000000000e+00
-4.298750000000000071e+00 1.000000000000000048e-04 1.228137644604090613e-03 1.000000000000000000e+00
-4.298000000000000043e+00 1.000000000000000048e-04 1.229250973550776978e-03 1.000000000000000000e+00
-4.297250000000000014e+00 1.000000000000000048e-04 1.230365316830645461e-03 1.000000000000000000e+00
-4.296499999999999986e+00 1.000000000000000048e-04 1.231480675375581707e-03 1.000000000000000000e+00
-4.295749999999999957e+00 1.000000000000000048e-04 1.232597050118339373e-03 1.000000000000000000e+00
-4.294999999999999929e+00 1.000000000000000048e-04 1.233714441992539044e-03 1.000000000000000000e+00
-4.294249999999999901e+00 1.000000000000000048e-04 1.234832851932673222e-03 1.000000000000000000e+00
-4.293499999999999872e+00 1.000000000000000048e-04 1.235952280874100901e-03 1.000000000000000000e+00
-4.292749999999999844e+00 1.000000000000000048e-04 1.237072729753054294e-03 1.000000000000000000e+00
-4.291999999999999815e+00 1.000000000000000048e-04 1.238194199506636442e-03 1.000000000000000000e+00
-4.291249999999999787e+00 1.000000000000000048e-04 1.239316691072823605e-03 1.000000000000000000e+00
-4.290499999999999758e+00 1.000000000000000048e-04 1.240440205390464391e-03 1.000000000000000000e+00
-4.289749999999999730e+00 1.000000000000000048e-04 1.241564743399281492e-03 1.000000000000000000e+00
-4.288999999999999702e+00 1.000000000000000048e-04 1.242690306039872985e-03 1.000000000000000000e+00
-4.288249999999999673e+00 1.000000000000000048e-04 1.243816894253712332e-03 1.000000000000000000e+00
-4.287499999999999645e+00 1.000000000000000048e-04 1.244944508983150330e-03 1.000000000000000000e+00
-4.286749999999999616e+00 1.000000000000000048e-04 1.246073151171415549e-03 1.000000000000000000e+00
-4.285999999999999588e+00 1.000000000000000048e-04 1.247202821762612591e-03 1.000000000000000000e+00
-4.285249999999999559e+00 1.000000000000000048e-04 1.248333521701727082e-03 1.000000000000000000e+00
-4.284499999999999531e+00 1.000000000000000048e-04 1.249465251934625673e-03 1.000000000000000000e+00
-4.283749999999999503e+00 1.000000000000000048e-04 1.250598013408051046e-03 1.000000000000000000e+00
-4.283000000000000362e+00 1.000000000000000048e-04 1.251731807069632763e-03 1.000000000000000000e+00
-4.282250000000000334e+00 1.000000000000000048e-04 1.252866633867881409e-03 1.000000000000000000e+00
-4.281500000000000306e+00 1.000000000000000048e-04 1.254002494752189893e-03 1.000000000000000000e+00
-4.280750000000000277e+00 1.000000000000000048e-04 1.255139390672835613e-03 1.000000000000000000e+00
-4.280000000000000249e+00 1.000000000000000048e-04 1.256277322580980028e-03 1.000000000000000000e+00
-4.279250000000000220e+00 1.000000000000000048e-04 1.257416291428672343e-03 1.000000000000000000e+00
-4.278500000000000192e+00 1.000000000000000048e-04 1.258556298168846468e-03 1.000000000000000000e+00
-4.277750000000000163e+00 1.000000000000000048e-04 1.259697343755325364e-03 1.000000000000000000e+00
-4.277000000000000135e+00 1.000000000000000048e-04 1.260839429142819081e-03 1.000000000000000000e+00
-4.276250000000000107e+00 1.000000000000000048e-04 1.261982555286927585e-03 1.000000000000000000e+00
-4.275500000000000078e+00 1.000000000000000048e-04 1.263126723144141405e-03 1.000000000000000000e+00
-4.274750000000000050e+00 1.000000000000000048e-04 1.264271933671840768e-03 1.000000000000000000e+00
-4.274000000000000021e+00 1.000000000000000048e-04 1.265418187828297545e-03 1.000000000000000000e+00
-4.273249999999999993e+00 1.000000000000000048e-04 1.266565486572676993e-03 1.000000000000000000e+00
-4.272499999999999964e+00 1.000000000000000048e-04 1.267713830865037968e-03 1.000000000000000000e+00
-4.271749999999999936e+00 1.000000000000000048e-04 1.268863221666332490e-03 1.000000000000000000e+00
-4.270999999999999908e+00 1.000000000000000048e-04 1.270013659938408566e-03 1.000000000000000000e+00
-4.270249999999999879e+00 1.000000000000000048e-04 1.271165146644009751e-03 1.000000000000000000e+00
-4.269499999999999851e+00 1.000000000000000048e-04 1.272317682746776455e-03 1.000000000000000000e+00
-4.268749999999999822e+00 1.000000000000000048e-04 1.273471269211246806e-03 1.000000000000000000e+00
-4.267999999999999794e+00 1.000000000000000048e-04 1.274625907002857519e-03 1.000000000000000000e+00
-4.267249999999999766e+00 1.000000000000000048e-04 1.275781597087944329e-03 1.000000000000000000e+00
-4.266499999999999737e+00 1.000000000000000048e-04 1.276938340433743727e-03 1.000000000000000000e+00
-4.265749999999999709e+00 1.000000000000000048e-04 1.278096138008392524e-03 1.000000000000000000e+00
-4.264999999999999680e+00 1.000000000000000048e-04 1.279254990780930674e-03 1.000000000000000000e+00
-4.264249999999999652e+00 1.000000000000000048e-04 1.280414899721299318e-03 1.000000000000000000e+00
-4.263499999999999623e+00 1.000000000000000048e-04 1.281575865800344471e-03 1.000000000000000000e+00
-4.262750000000000483e+00 1.000000000000000048e-04 1.282737889989814858e-03 1.000000000000000000e+00
-4.262000000000000455e+00 1.000000000000000048e-04 1.283900973262367979e-03 1.000000000000000000e+00
-4.261250000000000426e+00 1.000000000000000048e-04 1.285065116591564910e-03 1.000000000000000000e+00
-4.260500000000000398e+00 1.000000000000000048e-04 1.286230320951874638e-03 1.000000000000000000e+00
-4.259750000000000369e+00 1.000000000000000048e-04 1.287396587318672542e-03 1.000000000000000000e+00
-4.259000000000000341e+00 1.000000000000000048e-04 1.288563916668245381e-03 1.000000000000000000e+00
-4.258250000000000313e+00 1.000000000000000048e-04 1.289732309977788260e-03 1.000000000000000000e+00
-4.257500000000000284e+00 1.000000000000000048e-04 1.290901768225405930e-03 1.000000000000000000e+00
-4.256750000000000256e+00 1.000000000000000048e-04 1.292072292390115821e-03 1.000000000000000000e+00
-4.256000000000000227e+00 1.000000000000000048e-04 1.293243883451848479e-03 1.000000000000000000e+00
-4.255250000000000199e+00 1.000000000000000048e-04 1.294416542391443447e-03 1.000000000000000000e+00
-4.254500000000000171e+00 1.000000000000000048e-04 1.295590270190659886e-03 1.000000000000000000e+00
-4.253750000000000142e+00 1.000000000000000048e-04 1.296765067832167471e-03 1.000000000000000000e+00
-4.253000000000000114e+00 1.000000000000000048e-04 1.297940936299554846e-03 1.000000000000000000e+00
-4.252250000000000085e+00 1.000000000000000048e-04 1.299117876577323772e-03 1.000000000000000000e+00
-4.251500000000000057e+00 1.000000000000000048e-04 1.300295889650896928e-03 1.000000000000000000e+00
-4.250750000000000028e+00 1.000000000000000048e-04 1.301474976506612497e-03 1.000000000000000000e+00
-4.250000000000000000e+00 1.000000000000000048e-04 1.302655138131729798e-03 1.000000000000000000e+00
-4.249249999999999972e+00 1.000000000000000048e-04 1.303836375514426903e-03 1.000000000000000000e+00
-4.248499999999999943e+00 1.000000000000000048e-04 1.305018689643803890e-03 1.000000000000000000e+00
-4.247749999999999915e+00 1.000000000000000048e-04 1.306202081509883275e-03 1.000000000000000000e+00
-4.246999999999999886e+00 1.000000000000000048e-04 1.307386552103607848e-03 1.000000000000000000e+00
-4.246249999999999858e+00 1.000000000000000048e-04 1.308572102416846088e-03 1.000000000000000000e+00
-4.245499999999999829e+00 1.000000000000000048e-04 1.309758733442389998e-03 1.000000000000000000e+00
-4.244749999999999801e+00 1.000000000000000048e-04 1.310946446173958139e-03 1.000000000000000000e+00
-4.243999999999999773e+00 1.000000000000000048e-04 1.312135241606192165e-03 1.000000000000000000e+00
-4.243249999999999744e+00 1.000000000000000048e-04 1.313325120734666141e-03 1.000000000000000000e+00
-4.242499999999999716e+00 1.000000000000000048e-04 1.314516084555876138e-03 1.000000000000000000e+00
-4.241749999999999687e+00 1.000000000000000048e-04 1.315708134067251510e-03 1.000000000000000000e+00
-4.240999999999999659e+00 1.000000000000000048e-04 1.316901270267150119e-03 1.000000000000000000e+00
-4.240249999999999631e+00 1.000000000000000048e-04 1.318095494154858990e-03 1.000000000000000000e+00
-4.239499999999999602e+00 1.000000000000000048e-04 1.319290806730598863e-03 1.000000000000000000e+00
-4.238749999999999574e+00 1.000000000000000048e-04 1.320487208995521156e-03 1.000000000000000000e+00
-4.237999999999999545e+00 1.000000000000000048e-04 1.321684701951711654e-03 1.000000000000000000e+00
-4.237249999999999517e+00 1.000000000000000048e-04 1.322883286602189856e-03 1.000000000000000000e+00
-4.236499999999999488e+00 1.000000000000000048e-04 1.324082963950910926e-03 1.000000000000000000e+00
-4.235750000000000348e+00 1.000000000000000048e-04 1.325283735002763313e-03 1.000000000000000000e+00
-4.235000000000000320e+00 1.000000000000000048e-04 1.326485600763578068e-03 1.000000000000000000e+00
-4.234250000000000291e+00 1.000000000000000048e-04 1.327688562240118223e-03 1.000000000000000000e+00
-4.233500000000000263e+00 1.000000000000000048e-04 1.328892620440087899e-03 1.000000000000000000e+00
-4.232750000000000234e+00 1.000000000000000048e-04 1.330097776372130567e-03 1.000000000000000000e+00
-4.232000000000000206e+00 1.000000000000000048e-04 1.331304031045829703e-03 1.000000000000000000e+00
-4.231250000000000178e+00 1.000000000000000048e-04 1.332511385471710523e-03 1.000000000000000000e+00
-4.230500000000000149e+00 1.000000000000000048e-04 1.333719840661241060e-03 1.000000000000000000e+00
-4.229750000000000121e+00 1.000000000000000048e-04 1.334929397626830874e-03 1.000000000000000000e+00
-4.229000000000000092e+00 1.000000000000000048e-04 1.336140057381833644e-03 1.000000000000000000e+00
-4.228250000000000064e+00 1.000000000000000048e-04 1.337351820940549342e-03 1.000000000000000000e+00
-4.227500000000000036e+00 1.000000000000000048e-04 1.338564689318223365e-03 1.000000000000000000e+00
-4.226750000000000007e+00 1.000000000000000048e-04 1.339778663531046750e-03 1.000000000000000000e+00
-4.225999999999999979e+00 1.000000000000000048e-04 1.340993744596159212e-03 1.000000000000000000e+00
-4.225249999999999950e+00 1.000000000000000048e-04 1.342209933531648925e-03 1.000000000000000000e+00
-4.224499999999999922e+00 1.000000000000000048e-04 1.343427231356552091e-03 1.000000000000000000e+00
-4.223749999999999893e+00 1.000000000000000048e-04 1.344645639090856840e-03 1.000000000000000000e+00
-4.222999999999999865e+00 1.000000000000000048e-04 1.345865157755501496e-03 1.000000000000000000e+00
-4.222249999999999837e+00 1.000000000000000048e-04 1.347085788372377182e-03 1.000000000000000000e+00
-4.221499999999999808e+00 1.000000000000000048e-04 1.348307531964327600e-03 1.000000000000000000e+00
-4.220749999999999780e+00 1.000000000000000048e-04 1.349530389555150334e-03 1.000000000000000000e+00
-4.219999999999999751e+00 1.000000000000000048e-04 1.350754362169598365e-03 1.000000000000000000e+00
-4.219249999999999723e+00 1.000000000000000048e-04 1.351979450833378556e-03 1.000000000000000000e+00
-4.218499999999999694e+00 1.000000000000000048e-04 1.353205656573157074e-03 1.000000000000000000e+00
-4.217749999999999666e+00 1.000000000000000048e-04 1.354432980416555915e-03 1.000000000000000000e+00
-4.216999999999999638e+00 1.000000000000000048e-04 1.355661423392156813e-03 1.000000000000000000e+00
-4.216249999999999609e+00 1.000000000000000048e-04 1.356890986529498419e-03 1.000000000000000000e+00
-4.215500000000000469e+00 1.000000000000000048e-04 1.358121670859081071e-03 1.000000000000000000e+00
-4.214750000000000441e+00 1.000000000000000048e-04 1.359353477412368529e-03 1.000000000000000000e+00
-4.214000000000000412e+00 1.000000000000000048e-04 1.360586407221784071e-03 1.000000000000000000e+00
-4.213250000000000384e+00 1.000000000000000048e-04 1.361820461320713965e-03 1.000000000000000000e+00
-4.212500000000000355e+00 1.000000000000000048e-04 1.363055640743509418e-03 1.000000000000000000e+00
-4.211750000000000327e+00 1.000000000000000048e-04 1.364291946525485275e-03 1.000000000000000000e+00
-4.211000000000000298e+00 1.000000000000000048e-04 1.365529379702924142e-03 1.000000000000000000e+00
-4.210250000000000270e+00 1.000000000000000048e-04 1.366767941313073130e-03 1.000000000000000000e+00
-4.209500000000000242e+00 1.000000000000000048e-04 1.368007632394148410e-03 1.000000000000000000e+00
-4.208750000000000213e+00 1.000000000000000048e-04 1.369248453985334561e-03 1.000000000000000000e+00
-4.208000000000000185e+00 1.000000000000000048e-04 1.370490407126784358e-03 1.000000000000000000e+00
-4.207250000000000156e+00 1.000000000000000048e-04 1.371733492859622669e-03 1.000000000000000000e+00
-4.206500000000000128e+00 1.000000000000000048e-04 1.372977712225944939e-03 1.000000000000000000e+00
-4.205750000000000099e+00 1.000000000000000048e-04 1.374223066268818495e-03 1.000000000000000000e+00
-4.205000000000000071e+00 1.000000000000000048e-04 1.375469556032283842e-03 1.000000000000000000e+00
-4.204250000000000043e+00 1.000000000000000048e-04 1.376717182561356615e-03 1.000000000000000000e+00
-4.203500000000000014e+00 1.000000000000000048e-04 1.377965946902026282e-03 1.000000000000000000e+00
-4.202749999999999986e+00 1.000000000000000048e-04 1.379215850101258092e-03 1.000000000000000000e+00
-4.201999999999999957e+00 1.000000000000000048e-04 1.380466893206995244e-03 1.000000000000000000e+00
-4.201249999999999929e+00 1.000000000000000048e-04 1.381719077268158888e-03 1.000000000000000000e+00
-4.200499999999999901e+00 1.000000000000000048e-04 1.382972403334646388e-03 1.000000000000000000e+00
-4.199749999999999872e+00 1.000000000000000048e-04 1.384226872457338048e-03 1.000000000000000000e+00
-4.198999999999999844e+00 1.000000000000000048e-04 1.385482485688092338e-03 1.000000000000000000e+00
-4.198249999999999815e+00 1.000000000000000048e-04 1.386739244079750666e-03 1.000000000000000000e+00
-4.197499999999999787e+00 1.000000000000000048e-04 1.387997148686135858e-03 1.000000000000000000e+00
-4.196749999999999758e+00 1.000000000000000048e-04 1.389256200562056067e-03 1.000000000000000000e+00
-4.195999999999999730e+00 1.000000000000000048e-04 1.390516400763300211e-03 1.000000000000000000e+00
-4.195249999999999702e+00 1.000000000000000048e-04 1.391777750346645786e-03 1.000000000000000000e+00
-4.194499999999999673e+00 1.000000000000000048e-04 1.393040250369854743e-03 1.000000000000000000e+00
-4.193749999999999645e+00 1.000000000000000048e-04 1.394303901891677609e-03 1.000000000000000000e+00
-4.192999999999999616e+00 1.000000000000000048e-04 1.395568705971851533e-03 1.000000000000000000e+00
-4.192249999999999588e+00 1.000000000000000048e-04 1.396834663671102459e-03 1.000000000000000000e+00
-4.191499999999999559e+00 1.000000000000000048e-04 1.398101776051148592e-03 1.000000000000000000e+00
-4.190749999999999531e+00 1.000000000000000048e-04 1.399370044174696060e-03 1.000000000000000000e+00
-4.189999999999999503e+00 1.000000000000000048e-04 1.400639469105444991e-03 1.000000000000000000e+00
-4.189250000000000362e+00 1.000000000000000048e-04 1.401910051908085604e-03 1.000000000000000000e+00
-4.188500000000000334e+00 1.000000000000000048e-04 1.403181793648307103e-03 1.000000000000000000e+00
-4.187750000000000306e+00 1.000000000000000048e-04 1.404454695392788350e-03 1.000000000000000000e+00
-4.187000000000000277e+00 1.000000000000000048e-04 1.405728758209206326e-03 1.000000000000000000e+00
-4.186250000000000249e+00 1.000000000000000048e-04 1.407003983166232224e-03 1.000000000000000000e+00
-4.185500000000000220e+00 1.000000000000000048e-04 1.408280371333538172e-03 1.000000000000000000e+00
-4.184750000000000192e+00 1.000000000000000048e-04 1.409557923781790947e-03 1.000000000000000000e+00
-4.184000000000000163e+00 1.000000000000000048e-04 1.410836641582660211e-03 1.000000000000000000e+00
-4.183250000000000135e+00 1.000000000000000048e-04 1.412116525808813743e-03 1.000000000000000000e+00
-4.182500000000000107e+00 1.000000000000000048e-04 1.413397577533921342e-03 1.000000000000000000e+00
-4.181750000000000078e+00 1.000000000000000048e-04 1.414679797832655477e-03 1.000000000000000000e+00
-4.181000000000000050e+00 1.000000000000000048e-04 1.415963187780691288e-03 1.000000000000000000e+00
-4.180250000000000021e+00 1.000000000000000048e-04 1.417247748454708318e-03 1.000000000000000000e+00
-4.179499999999999993e+00 1.000000000000000048e-04 1.418533480932390300e-03 1.000000000000000000e+00
-4.178749999999999964e+00 1.000000000000000048e-04 1.419820386292430358e-03 1.000000000000000000e+00
-4.177999999999999936e+00 1.000000000000000048e-04 1.421108465614524504e-03 1.000000000000000000e+00
-4.177249999999999908e+00 1.000000000000000048e-04 1.422397719979378141e-03 1.000000000000000000e+00
-4.176499999999999879e+00 1.000000000000000048e-04 1.423688150468706932e-03 1.000000000000000000e+00
-4.175749999999999851e+00 1.000000000000000048e-04 1.424979758165235283e-03 1.000000000000000000e+00
-4.174999999999999822e+00 1.000000000000000048e-04 1.426272544152698942e-03 1.000000000000000000e+00
-4.174249999999999794e+00 1.000000000000000048e-04 1.427566509515845652e-03 1.000000000000000000e+00
-4.173499999999999766e+00 1.000000000000000048e-04 1.428861655340435367e-03 1.000000000000000000e+00
-4.172749999999999737e+00 1.000000000000000048e-04 1.430157982713241988e-03 1.000000000000000000e+00
-4.171999999999999709e+00 1.000000000000000048e-04 1.431455492722054010e-03 1.000000000000000000e+00
-4.171249999999999680e+00 1.000000000000000048e-04 1.432754186455676478e-03 1.000000000000000000e+00
-4.170499999999999652e+00 1.000000000000000048e-04 1.434054065003930985e-03 1.000000000000000000e+00
-4.169749999999999623e+00 1.000000000000000048e-04 1.435355129457655888e-03 1.000000000000000000e+00
-4.168999999999999595e+00 1.000000000000000048e-04 1.436657380908708476e-03 1.000000000000000000e+00
-4.168250000000000455e+00 1.000000000000000048e-04 1.437960820449964323e-03 1.000000000000000000e+00
-4.167500000000000426e+00 1.000000000000000048e-04 1.439265449175324441e-03 1.000000000000000000e+00
-4.166750000000000398e+00 1.000000000000000048e-04 1.440571268179706606e-03 1.000000000000000000e+00
-4.166000000000000369e+00 1.000000000000000048e-04 1.441878278559052080e-03 1.000000000000000000e+00
-4.165250000000000341e+00 1.000000000000000048e-04 1.443186481410326481e-03 1.000000000000000000e+00
-4.164500000000000313e+00 1.000000000000000048e-04 1.444495877831518263e-03 1.000000000000000000e+00
-4.163750000000000284e+00 1.000000000000000048e-04 1.445806468921643486e-03 1.000000000000000000e+00
-4.163000000000000256e+00 1.000000000000000048e-04 1.447118255780743649e-03 1.000000000000000000e+00
-4.162250000000000227e+00 1.000000000000000048e-04 1.448431239509887641e-03 1.000000000000000000e+00
-4.161500000000000199e+00 1.000000000000000048e-04 1.449745421211172391e-03 1.000000000000000000e+00
-4.160750000000000171e+00 1.000000000000000048e-04 1.451060801987723086e-03 1.000000000000000000e+00
-4.160000000000000142e+00 1.000000000000000048e-04 1.452377382943698591e-03 1.000000000000000000e+00
-4.159250000000000114e+00 1.000000000000000048e-04 1.453695165184286462e-03 1.000000000000000000e+00
-4.158500000000000085e+00 1.000000000000000048e-04 1.455014149815707066e-03 1.000000000000000000e+00
-4.157750000000000057e+00 1.000000000000000048e-04 1.456334337945213797e-03 1.000000000000000000e+00
-4.157000000000000028e+00 1.000000000000000048e-04 1.457655730681095031e-03 1.000000000000000000e+00
-4.156250000000000000e+00 1.000000000000000048e-04 1.458978329132673687e-03 1.000000000000000000e+00
-4.155499999999999972e+00 1.000000000000000048e-04 1.460302134410309399e-03 1.000000000000000000e+00
-4.154749999999999943e+00 1.000000000000000048e-04 1.461627147625400034e-03 1.000000000000000000e+00
-4.153999999999999915e+00 1.000000000000000048e-04 1.462953369890376918e-03 1.000000000000000000e+00
-4.153249999999999886e+00 1.000000000000000048e-04 1.464280802318717635e-03 1.000000000000000000e+00
-4.152499999999999858e+00 1.000000000000000048e-04 1.465609446024934747e-03 1.000000000000000000e+00
-4.151749999999999829e+00 1.000000000000000048e-04 1.466939302124584251e-03 1.000000000000000000e+00
-4.150999999999999801e+00 1.000000000000000048e-04 1.468270371734263849e-03 1.000000000000000000e+00
-4.150249999999999773e+00 1.000000000000000048e-04 1.469602655971614241e-03 1.000000000000000000e+00
-4.149499999999999744e+00 1.000000000000000048e-04 1.470936155955319350e-03 1.000000000000000000e+00
-4.148749999999999716e+00 1.000000000000000048e-04 1.472270872805110003e-03 1.000000000000000000e+00
-4.147999999999999687e+00 1.000000000000000048e-04 1.473606807641761980e-03 1.000000000000000000e+00
-4.147249999999999659e+00 1.000000000000000048e-04 1.474943961587099703e-03 1.000000000000000000e+00
-4.146499999999999631e+00 1.000000000000000048e-04 1.476282335763992766e-03 1.000000000000000000e+00
-4.145749999999999602e+00 1.000000000000000048e-04 1.477621931296362870e-03 1.000000000000000000e+00
-4.144999999999999574e+00 1.000000000000000048e-04 1.478962749309180140e-03 1.000000000000000000e+00
-4.144249999999999545e+00 1.000000000000000048e-04 1.480304790928467897e-03 1.000000000000000000e+00
-4.143499999999999517e+00 1.000000000000000048e-04 1.481648057281297884e-03 1.000000000000000000e+00
-4.142749999999999488e+00 1.000000000000000048e-04 1.482992549495799374e-03 1.000000000000000000e+00
-4.142000000000000348e+00 1.000000000000000048e-04 1.484338268701151150e-03 1.000000000000000000e+00
-4.141250000000000320e+00 1.000000000000000048e-04 1.485685216027592560e-03 1.000000000000000000e+00
-4.140500000000000291e+00 1.000000000000000048e-04 1.487033392606413760e-03 1.000000000000000000e+00
-4.139750000000000263e+00 1.000000000000000048e-04 1.488382799569966559e-03 1.000000000000000000e+00
-4.139000000000000234e+00 1.000000000000000048e-04 1.489733438051657694e-03 1.000000000000000000e+00
-4.138250000000000206e+00 1.000000000000000048e-04 1.491085309185954466e-03 1.000000000000000000e+00
-4.137500000000000178e+00 1.000000000000000048e-04 1.492438414108383663e-03 1.000000000000000000e+00
-4.136750000000000149e+00 1.000000000000000048e-04 1.493792753955533936e-03 1.000000000000000000e+00
-4.136000000000000121e+00 1.000000000000000048e-04 1.495148329865056674e-03 1.000000000000000000e+00
-4.135250000000000092e+00 1.000000000000000048e-04 1.496505142975664698e-03 1.000000000000000000e+00
-4.134500000000000064e+00 1.000000000000000048e-04 1.497863194427136819e-03 1.000000000000000000e+00
-4.133750000000000036e+00 1.000000000000000048e-04 1.499222485360315882e-03 1.000000000000000000e+00
-4.133000000000000007e+00 1.000000000000000048e-04 1.500583016917112454e-03 1.000000000000000000e+00
-4.132249999999999979e+00 1.000000000000000048e-04 1.501944790240503308e-03 1.000000000000000000e+00
-4.131499999999999950e+00 1.000000000000000048e-04 1.503307806474532505e-03 1.000000000000000000e+00
-4.130749999999999922e+00 1.000000000000000048e-04 1.504672066764315731e-03 1.000000000000000000e+00
-4.129999999999999893e+00 1.000000000000000048e-04 1.506037572256036829e-03 1.000000000000000000e+00
-4.129249999999999865e+00 1.000000000000000048e-04 1.507404324096953000e-03 1.000000000000000000e+00
-4.128499999999999837e+00 1.000000000000000048e-04 1.508772323435393073e-03 1.000000000000000000e+00
-4.127749999999999808e+00 1.000000000000000048e-04 1.510141571420758151e-03 1.000000000000000000e+00
-4.126999999999999780e+00 1.000000000000000048e-04 1.511512069203525084e-03 1.000000000000000000e+00
-4.126249999999999751e+00 1.000000000000000048e-04 1.512883817935245815e-03 1.000000000000000000e+00
-4.125499999999999723e+00 1.000000000000000048e-04 1.514256818768548469e-03 1.000000000000000000e+00
-4.124749999999999694e+00 1.000000000000000048e-04 1.515631072857138864e-03 1.000000000000000000e+00
-4.123999999999999666e+00 1.000000000000000048e-04 1.517006581355802037e-03 1.000000000000000000e+00
-4.123249999999999638e+00 1.000000000000000048e-04 1.518383345420401586e-03 1.000000000000000000e+00
-4.122499999999999609e+00 1.000000000000000048e-04 1.519761366207881626e-03 1.000000000000000000e+00
-4.121750000000000469e+00 1.000000000000000048e-04 1.521140644876266572e-03 1.000000000000000000e+00
-4.121000000000000441e+00 1.000000000000000048e-04 1.522521182584669810e-03 1.000000000000000000e+00
-4.120250000000000412e+00 1.000000000000000048e-04 1.523902980493280039e-03 1.000000000000000000e+00
-4.119500000000000384e+00 1.000000000000000048e-04 1.525286039763376665e-03 1.000000000000000000e+00
-4.118750000000000355e+00 1.000000000000000048e-04 1.526670361557321129e-03 1.000000000000000000e+00
-4.118000000000000327e+00 1.000000000000000048e-04 1.528055947038563190e-03 1.000000000000000000e+00
-4.117250000000000298e+00 1.000000000000000048e-04 1.529442797371641802e-03 1.000000000000000000e+00
-4.116500000000000270e+00 1.000000000000000048e-04 1.530830913722181852e-03 1.000000000000000000e+00
-4.115750000000000242e+00 1.000000000000000048e-04 1.532220297256901105e-03 1.000000000000000000e+00
-4.115000000000000213e+00 1.000000000000000048e-04 1.533610949143604778e-03 1.000000000000000000e+00
-4.114250000000000185e+00 1.000000000000000048e-04 1.535002870551193353e-03 1.000000000000000000e+00
-4.113500000000000156e+00 1.000000000000000048e-04 1.536396062649658450e-03 1.000000000000000000e+00
-4.112750000000000128e+00 1.000000000000000048e-04 1.537790526610086734e-03 1.000000000000000000e+00
-4.112000000000000099e+00 1.000000000000000048e-04 1.539186263604660999e-03 1.000000000000000000e+00
-4.111250000000000071e+00 1.000000000000000048e-04 1.540583274806656047e-03 1.000000000000000000e+00
-4.110500000000000043e+00 1.000000000000000048e-04 1.541981561390448445e-03 1.000000000000000000e+00
-4.109750000000000014e+00 1.000000000000000048e-04 1.543381124531510024e-03 1.000000000000000000e+00
-4.108999999999999986e+00 1.000000000000000048e-04 1.544781965406413944e-03 1.000000000000000000e+00
-4.108249999999999957e+00 1.000000000000000048e-04 1.546184085192832966e-03 1.000000000000000000e+00
-4.107499999999999929e+00 1.000000000000000048e-04 1.547587485069539665e-03 1.000000000000000000e+00
-4.106749999999999901e+00 1.000000000000000048e-04 1.548992166216411198e-03 1.000000000000000000e+00
-4.105999999999999872e+00 1.000000000000000048e-04 1.550398129814428878e-03 1.000000000000000000e+00
-4.105249999999999844e+00 1.000000000000000048e-04 1.551805377045674698e-03 1.000000000000000000e+00
-4.104499999999999815e+00 1.000000000000000048e-04 1.553213909093339572e-03 1.000000000000000000e+00
-4.103749999999999787e+00 1.000000000000000048e-04 1.554623727141721387e-03 1.000000000000000000e+00
-4.102999999999999758e+00 1.000000000000000048e-04 1.556034832376223262e-03 1.000000000000000000e+00
-4.102249999999999730e+00 1.000000000000000048e-04 1.557447225983358110e-03 1.000000000000000000e+00
-4.101499999999999702e+00 1.000000000000000048e-04 1.558860909150750580e-03 1.000000000000000000e+00
-4.100749999999999673e+00 1.000000000000000048e-04 1.560275883067132295e-03 1.000000000000000000e+00
-4.099999999999999645e+00 1.000000000000000048e-04 1.561692148922350087e-03 1.000000000000000000e+00
-4.099249999999999616e+00 1.000000000000000048e-04 1.563109707907362964e-03 1.000000000000000000e+00
-4.098499999999999588e+00 1.000000000000000048e-04 1.564528561214244056e-03 1.000000000000000000e+00
-4.097749999999999559e+00 1.000000000000000048e-04 1.565948710036179758e-03 1.000000000000000000e+00
-4.096999999999999531e+00 1.000000000000000048e-04 1.567370155567475573e-03 1.000000000000000000e+00
-4.096249999999999503e+00 1.000000000000000048e-04 1.568792899003553084e-03 1.000000000000000000e+00
-4.095500000000000362e+00 1.000000000000000048e-04 1.570216941540949086e-03 1.000000000000000000e+00
-4.094750000000000334e+00 1.000000000000000048e-04 1.571642284377326639e-03 1.000000000000000000e+00
-4.094000000000000306e+00 1.000000000000000048e-04 1.573068928711464018e-03 1.000000000000000000e+00
-4.093250000000000277e+00 1.000000000000000048e-04 1.574496875743262077e-03 1.000000000000000000e+00
-4.092500000000000249e+00 1.000000000000000048e-04 1.575926126673744690e-03 1.000000000000000000e+00
-4.091750000000000220e+00 1.000000000000000048e-04 1.577356682705058312e-03 1.000000000000000000e+00
-4.091000000000000192e+00 1.000000000000000048e-04 1.578788545040476317e-03 1.000000000000000000e+00
-4.090250000000000163e+00 1.000000000000000048e-04 1.580221714884395530e-03 1.000000000000000000e+00
-4.089500000000000135e+00 1.000000000000000048e-04 1.581656193442340999e-03 1.000000000000000000e+00
-4.088750000000000107e+00 1.000000000000000048e-04 1.583091981920965122e-03 1.000000000000000000e+00
-4.088000000000000078e+00 1.000000000000000048e-04 1.584529081528050472e-03 1.000000000000000000e+00
-4.087250000000000050e+00 1.000000000000000048e-04 1.585967493472509142e-03 1.000000000000000000e+00
-4.086500000000000021e+00 1.000000000000000048e-04 1.587407218964382964e-03 1.000000000000000000e+00
-4.085749999999999993e+00 1.000000000000000048e-04 1.588848259214848931e-03 1.000000000000000000e+00
-4.084999999999999964e+00 1.000000000000000048e-04 1.590290615436214423e-03 1.000000000000000000e+00
-4.084249999999999936e+00 1.000000000000000048e-04 1.591734288841922199e-03 1.000000000000000000e+00
-4.083499999999999908e+00 1.000000000000000048e-04 1.593179280646551911e-03 1.000000000000000000e+00
-4.082749999999999879e+00 1.000000000000000048e-04 1.594625592065818803e-03 1.000000000000000000e+00
-4.081999999999999851e+00 1.000000000000000048e-04 1.596073224316575017e-03 1.000000000000000000e+00
-4.081249999999999822e+00 1.000000000000000048e-04 1.597522178616813705e-03 1.000000000000000000e+00
-4.080499999999999794e+00 1.000000000000000048e-04 1.598972456185665568e-03 1.000000000000000000e+00
-4.079749999999999766e+00 1.000000000000000048e-04 1.600424058243402319e-03 1.000000000000000000e+00
-4.078999999999999737e+00 1.000000000000000048e-04 1.601876986011440155e-03 1.000000000000000000e+00
-4.078249999999999709e+00 1.000000000000000048e-04 1.603331240712335638e-03 1.000000000000000000e+00
-4.077499999999999680e+00 1.000000000000000048e-04 1.604786823569790679e-03 1.000000000000000000e+00
-4.076749999999999652e+00 1.000000000000000048e-04 1.606243735808652977e-03 1.000000000000000000e+00
-4.075999999999999623e+00 1.000000000000000048e-04 1.607701978654917097e-03 1.000000000000000000e+00
-4.075249999999999595e+00 1.000000000000000048e-04 1.609161553335721655e-03 1.000000000000000000e+00
-4.074500000000000455e+00 1.000000000000000048e-04 1.610622461079357342e-03 1.000000000000000000e+00
-4.073750000000000426e+00 1.000000000000000048e-04 1.612084703115264752e-03 1.000000000000000000e+00
-4.073000000000000398e+00 1.000000000000000048e-04 1.613548280674034600e-03 1.000000000000000000e+00
-4.072250000000000369e+00 1.000000000000000048e-04 1.615013194987406642e-03 1.000000000000000000e+00
-4.071500000000000341e+00 1.000000000000000048e-04 1.616479447288277473e-03 1.000000000000000000e+00
-4.070750000000000313e+00 1.000000000000000048e-04 1.617947038810695981e-03 1.000000000000000000e+00
-4.070000000000000284e+00 1.000000000000000048e-04 1.619415970789866380e-03 1.000000000000000000e+00
-4.069250000000000256e+00 1.000000000000000048e-04 1.620886244462150160e-03 1.000000000000000000e+00
-4.068500000000000227e+00 1.000000000000000048e-04 1.622357861065063054e-03 1.000000000000000000e+00
-4.067750000000000199e+00 1.000000000000000048e-04 1.623830821837283925e-03 1.000000000000000000e+00
-4.067000000000000171e+00 1.000000000000000048e-04 1.625305128018648265e-03 1.000000000000000000e+00
-4.066250000000000142e+00 1.000000000000000048e-04 1.626780780850153180e-03 1.000000000000000000e+00
-4.065500000000000114e+00 1.000000000000000048e-04 1.628257781573956087e-03 1.000000000000000000e+00
-4.064750000000000085e+00 1.000000000000000048e-04 1.629736131433380574e-03 1.000000000000000000e+00
-4.064000000000000057e+00 1.000000000000000048e-04 1.631215831672911407e-03 1.000000000000000000e+00
-4.063250000000000028e+00 1.000000000000000048e-04 1.632696883538198220e-03 1.000000000000000000e+00
-4.062500000000000000e+00 1.000000000000000048e-04 1.634179288276060718e-03 1.000000000000000000e+00
-4.061749999999999972e+00 1.000000000000000048e-04 1.635663047134480871e-03 1.000000000000000000e+00
-4.060999999999999943e+00 1.000000000000000048e-04 1.637148161362613104e-03 1.000000000000000000e+00
-4.060249999999999915e+00 1.000000000000000048e-04 1.638634632210780612e-03 1.000000000000000000e+00
-4.059499999999999886e+00 1.000000000000000048e-04 1.640122460930474278e-03 1.000000000000000000e+00
-4.058749999999999858e+00 1.000000000000000048e-04 1.641611648774362209e-03 1.000000000000000000e+00
-4.057999999999999829e+00 1.000000000000000048e-04 1.643102196996280417e-03 1.000000000000000000e+00
-4.057249999999999801e+00 1.000000000000000048e-04 1.644594106851241704e-03 1.000000000000000000e+00
-4.056499999999999773e+00 1.000000000000000048e-04 1.646087379595434583e-03 1.000000000000000000e+00
-4.055749999999999744e+00 1.000000000000000048e-04 1.647582016486221759e-03 1.000000000000000000e+00
-4.054999999999999716e+00 1.000000000000000048e-04 1.649078018782144895e-03 1.000000000000000000e+00
-4.054249999999999687e+00 1.000000000000000048e-04 1.650575387742922451e-03 1.000000000000000000e+00
-4.053499999999999659e+00 1.000000000000000048e-04 1.652074124629456181e-03 1.000000000000000000e+00
-4.052749999999999631e+00 1.000000000000000048e-04 1.653574230703824853e-03 1.000000000000000000e+00
-4.051999999999999602e+00 1.000000000000000048e-04 1.655075707229291399e-03 1.000000000000000000e+00
-4.051249999999999574e+00 1.000000000000000048e-04 1.656578555470302480e-03 1.000000000000000000e+00
-4.050499999999999545e+00 1.000000000000000048e-04 1.658082776692485025e-03 1.000000000000000000e+00
-4.049749999999999517e+00 1.000000000000000048e-04 1.659588372162656847e-03 1.000000000000000000e+00
-4.048999999999999488e+00 1.000000000000000048e-04 1.661095343148817757e-03 1.000000000000000000e+00
-4.048250000000000348e+00 1.000000000000000048e-04 1.662603690920154333e-03 1.000000000000000000e+00
-4.047500000000000320e+00 1.000000000000000048e-04 1.664113416747049464e-03 1.000000000000000000e+00
-4.046750000000000291e+00 1.000000000000000048e-04 1.665624521901069551e-03 1.000000000000000000e+00
-4.046000000000000263e+00 1.000000000000000048e-04 1.667137007654972318e-03 1.000000000000000000e+00
-4.045250000000000234e+00 1.000000000000000048e-04 1.668650875282707896e-03 1.000000000000000000e+00
-4.044500000000000206e+00 1.000000000000000048e-04 1.670166126059422504e-03 1.000000000000000000e+00
-4.043750000000000178e+00 1.000000000000000048e-04 1.671682761261453687e-03 1.000000000000000000e+00
-4.043000000000000149e+00 1.000000000000000048e-04 1.673200782166335727e-03 1.000000000000000000e+00
-4.042250000000000121e+00 1.000000000000000048e-04 1.674720190052800088e-03 1.000000000000000000e+00
-4.041500000000000092e+00 1.000000000000000048e-04 1.676240986200775189e-03 1.000000000000000000e+00
-4.040750000000000064e+00 1.000000000000000048e-04 1.677763171891389011e-03 1.000000000000000000e+00
-4.040000000000000036e+00 1.000000000000000048e-04 1.679286748406970181e-03 1.000000000000000000e+00
-4.039250000000000007e+00 1.000000000000000048e-04 1.680811717031047538e-03 1.000000000000000000e+00
-4.038499999999999979e+00 1.000000000000000048e-04 1.682338079048352085e-03 1.000000000000000000e+00
-4.037749999999999950e+00 1.000000000000000048e-04 1.683865835744819805e-03 1.000000000000000000e+00
-4.036999999999999922e+00 1.000000000000000048e-04 1.685394988407591665e-03 1.000000000000000000e+00
-4.036249999999999893e+00 1.000000000000000048e-04 1.686925538325013182e-03 1.000000000000000000e+00
-4.035499999999999865e+00 1.000000000000000048e-04 1.688457486786637454e-03 1.000000000000000000e+00
-4.034749999999999837e+00 1.000000000000000048e-04 1.689990835083225382e-03 1.000000000000000000e+00
-4.033999999999999808e+00 1.000000000000000048e-04 1.691525584506748487e-03 1.000000000000000000e+00
-4.033249999999999780e+00 1.000000000000000048e-04 1.693061736350386960e-03 1.000000000000000000e+00
-4.032499999999999751e+00 1.000000000000000048e-04 1.694599291908535513e-03 1.000000000000000000e+00
-4.031749999999999723e+00 1.000000000000000048e-04 1.696138252476796877e-03 1.000000000000000000e+00
-4.030999999999999694e+00 1.000000000000000048e-04 1.697678619351994161e-03 1.000000000000000000e+00
-4.030249999999999666e+00 1.000000000000000048e-04 1.699220393832159793e-03 1.000000000000000000e+00
-4.029499999999999638e+00 1.000000000000000048e-04 1.700763577216546363e-03 1.000000000000000000e+00
-4.028749999999999609e+00 1.000000000000000048e-04 1.702308170805622500e-03 1.000000000000000000e+00
-4.028000000000000469e+00 1.000000000000000048e-04 1.703854175901072660e-03 1.000000000000000000e+00
-4.027250000000000441e+00 1.000000000000000048e-04 1.705401593805809047e-03 1.000000000000000000e+00
-4.026500000000000412e+00 1.000000000000000048e-04 1.706950425823956221e-03 1.000000000000000000e+00
-4.025750000000000384e+00 1.000000000000000048e-04 1.708500673260866277e-03 1.000000000000000000e+00
-4.025000000000000355e+00 1.000000000000000048e-04 1.710052337423111470e-03 1.000000000000000000e+00
-4.024250000000000327e+00 1.000000000000000048e-04 1.711605419618490720e-03 1.000000000000000000e+00
-4.023500000000000298e+00 1.000000000000000048e-04 1.713159921156027447e-03 1.000000000000000000e+00
-4.022750000000000270e+00 1.000000000000000048e-04 1.714715843345971519e-03 1.000000000000000000e+00
-4.022000000000000242e+00 1.000000000000000048e-04 1.716273187499803158e-03 1.000000000000000000e+00
-4.021250000000000213e+00 1.000000000000000048e-04 1.717831954930228167e-03 1.000000000000000000e+00
-4.020500000000000185e+00 1.000000000000000048e-04 1.719392146951185304e-03 1.000000000000000000e+00
-4.019750000000000156e+00 1.000000000000000048e-04 1.720953764877844331e-03 1.000000000000000000e+00
-4.019000000000000128e+00 1.000000000000000048e-04 1.722516810026607529e-03 1.000000000000000000e+00
-4.018250000000000099e+00 1.000000000000000048e-04 1.724081283715110787e-03 1.000000000000000000e+00
-4.017500000000000071e+00 1.000000000000000048e-04 1.725647187262225116e-03 1.000000000000000000e+00
-4.016750000000000043e+00 1.000000000000000048e-04 1.727214521988058599e-03 1.000000000000000000e+00
-4.016000000000000014e+00 1.000000000000000048e-04 1.728783289213955748e-03 1.000000000000000000e+00
-4.015249999999999986e+00 1.000000000000000048e-04 1.730353490262499880e-03 1.000000000000000000e+00
-4.014499999999999957e+00 1.000000000000000048e-04 1.731925126457513776e-03 1.000000000000000000e+00
-4.013749999999999929e+00 1.000000000000000048e-04 1.733498199124062491e-03 1.000000000000000000e+00
-4.012999999999999901e+00 1.000000000000000048e-04 1.735072709588452279e-03 1.000000000000000000e+00
-4.012249999999999872e+00 1.000000000000000048e-04 1.736648659178232322e-03 1.000000000000000000e+00
-4.011499999999999844e+00 1.000000000000000048e-04 1.738226049222196899e-03 1.000000000000000000e+00
-4.010749999999999815e+00 1.000000000000000048e-04 1.739804881050386470e-03 1.000000000000000000e+00
-4.009999999999999787e+00 1.000000000000000048e-04 1.741385155994087464e-03 1.000000000000000000e+00
-4.009249999999999758e+00 1.000000000000000048e-04 1.742966875385835524e-03 1.000000000000000000e+00
-4.008499999999999730e+00 1.000000000000000048e-04 1.744550040559414645e-03 1.000000000000000000e+00
-4.007749999999999702e+00 1.000000000000000048e-04 1.746134652849858472e-03 1.000000000000000000e+00
-4.006999999999999673e+00 1.000000000000000048e-04 1.747720713593455509e-03 1.000000000000000000e+00
-4.006249999999999645e+00 1.000000000000000048e-04 1.749308224127743908e-03 1.000000000000000000e+00
-4.005499999999999616e+00 1.000000000000000048e-04 1.750897185791517544e-03 1.000000000000000000e+00
-4.004749999999999588e+00 1.000000000000000048e-04 1.752487599924823416e-03 1.000000000000000000e+00
-4.003999999999999559e+00 1.000000000000000048e-04 1.754079467868969447e-03 1.000000000000000000e+00
-4.003249999999999531e+00 1.000000000000000048e-04 1.755672790966517115e-03 1.000000000000000000e+00
-4.002499999999999503e+00 1.000000000000000048e-04 1.757267570561288177e-03 1.000000000000000000e+00
-4.001750000000000362e+00 1.000000000000000048e-04 1.758863807998363145e-03 1.000000000000000000e+00
-4.001000000000000334e+00 1.000000000000000048e-04 1.760461504624088666e-03 1.000000000000000000e+00
-4.000250000000000306e+00 1.000000000000000048e-04 1.762060661786069493e-03 1.000000000000000000e+00
-3.999500000000000277e+00 1.000000000000000048e-04 1.763661280833173041e-03 1.000000000000000000e+00
-3.998750000000000249e+00 1.000000000000000048e-04 1.765263363115535458e-03 1.000000000000000000e+00
-3.998000000000000220e+00 1.000000000000000048e-04 1.766866909984557074e-03 1.000000000000000000e+00
-3.997250000000000192e+00 1.000000000000000048e-04 1.768471922792904782e-03 1.000000000000000000e+00
-3.996500000000000163e+00 1.000000000000000048e-04 1.770078402894514642e-03 1.000000000000000000e+00
-3.995750000000000135e+00 1.000000000000000048e-04 1.771686351644594266e-03 1.000000000000000000e+00
-3.995000000000000107e+00 1.000000000000000048e-04 1.773295770399620870e-03 1.000000000000000000e+00
-3.994250000000000078e+00 1.000000000000000048e-04 1.774906660517342133e-03 1.000000000000000000e+00
-3.993500000000000050e+00 1.000000000000000048e-04 1.776519023356782061e-03 1.000000000000000000e+00
-3.992750000000000021e+00 1.000000000000000048e-04 1.778132860278237512e-03 1.000000000000000000e+00
-3.991999999999999993e+00 1.000000000000000048e-04 1.779748172643282750e-03 1.000000000000000000e+00
-3.991249999999999964e+00 1.000000000000000048e-04 1.781364961814765543e-03 1.000000000000000000e+00
-3.990499999999999936e+00 1.000000000000000048e-04 1.782983229156818441e-03 1.000000000000000000e+00
-3.989749999999999908e+00 1.000000000000000048e-04 1.784602976034845761e-03 1.000000000000000000e+00
-3.988999999999999879e+00 1.000000000000000048e-04 1.786224203815539200e-03 1.000000000000000000e+00
-3.988249999999999851e+00 1.000000000000000048e-04 1.787846913866867867e-03 1.000000000000000000e+00
-3.987499999999999822e+00 1.000000000000000048e-04 1.789471107558085862e-03 1.000000000000000000e+00
-3.986749999999999794e+00 1.000000000000000048e-04 1.791096786259732936e-03 1.000000000000000000e+00
-3.985999999999999766e+00 1.000000000000000048e-04 1.792723951343632100e-03 1.000000000000000000e+00
-3.985249999999999737e+00 1.000000000000000048e-04 1.794352604182894613e-03 1.000000000000000000e+00
-3.984499999999999709e+00 1.000000000000000048e-04 1.795982746151919551e-03 1.000000000000000000e+00
-3.983749999999999680e+00 1.000000000000000048e-04 1.797614378626396408e-03 1.000000000000000000e+00
-3.982999999999999652e+00 1.000000000000000048e-04 1.799247502983302707e-03 1.000000000000000000e+00
-3.982250000000000068e+00 1.000000000000000048e-04 1.800882120600908127e-03 1.000000000000000000e+00
-3.981500000000000039e+00 1.000000000000000048e-04 1.802518232858781001e-03 1.000000000000000000e+00
-3.980750000000000011e+00 1.000000000000000048e-04 1.804155841137776179e-03 1.000000000000000000e+00
-3.979999999999999982e+00 1.000000000000000048e-04 1.805794946820047601e-03 1.000000000000000000e+00
-3.979249999999999954e+00 1.000000000000000048e-04 1.807435551289047213e-03 1.000000000000000000e+00
-3.978499999999999925e+00 1.000000000000000048e-04 1.809077655929521499e-03 1.000000000000000000e+00
-3.977749999999999897e+00 1.000000000000000048e-04 1.810721262127520373e-03 1.000000000000000000e+00
-3.976999999999999869e+00 1.000000000000000048e-04 1.812366371270390884e-03 1.000000000000000000e+00
-3.976250000000000284e+00 1.000000000000000048e-04 1.814012984746780693e-03 1.000000000000000000e+00
-3.975500000000000256e+00 1.000000000000000048e-04 1.815661103946648045e-03 1.000000000000000000e+00
-3.974750000000000227e+00 1.000000000000000048e-04 1.817310730261246588e-03 1.000000000000000000e+00
-3.974000000000000199e+00 1.000000000000000048e-04 1.818961865083138819e-03 1.000000000000000000e+00
-3.973250000000000171e+00 1.000000000000000048e-04 1.820614509806195869e-03 1.000000000000000000e+00
-3.972500000000000142e+00 1.000000000000000048e-04 1.822268665825594030e-03 1.000000000000000000e+00
-3.971750000000000114e+00 1.000000000000000048e-04 1.823924334537819309e-03 1.000000000000000000e+00
-3.971000000000000085e+00 1.000000000000000048e-04 1.825581517340670685e-03 1.000000000000000000e+00
-3.970250000000000057e+00 1.000000000000000048e-04 1.827240215633255116e-03 1.000000000000000000e+00
-3.969500000000000028e+00 1.000000000000000048e-04 1.828900430815995782e-03 1.000000000000000000e+00
-3.968750000000000000e+00 1.000000000000000048e-04 1.830562164290627748e-03 1.000000000000000000e+00
-3.967999999999999972e+00 1.000000000000000048e-04 1.832225417460201866e-03 1.000000000000000000e+00
-3.967249999999999943e+00 1.000000000000000048e-04 1.833890191729088464e-03 1.000000000000000000e+00
-3.966499999999999915e+00 1.000000000000000048e-04 1.835556488502973873e-03 1.000000000000000000e+00
-3.965749999999999886e+00 1.000000000000000048e-04 1.837224309188861728e-03 1.000000000000000000e+00
-3.964999999999999858e+00 1.000000000000000048e-04 1.838893655195079696e-03 1.000000000000000000e+00
-3.964249999999999829e+00 1.000000000000000048e-04 1.840564527931274697e-03 1.000000000000000000e+00
-3.963499999999999801e+00 1.000000000000000048e-04 1.842236928808419416e-03 1.000000000000000000e+00
-3.962749999999999773e+00 1.000000000000000048e-04 1.843910859238807745e-03 1.000000000000000000e+00
-3.961999999999999744e+00 1.000000000000000048e-04 1.845586320636061510e-03 1.000000000000000000e+00
-3.961249999999999716e+00 1.000000000000000048e-04 1.847263314415129162e-03 1.000000000000000000e+00
-3.960499999999999687e+00 1.000000000000000048e-04 1.848941841992286002e-03 1.000000000000000000e+00
-3.959749999999999659e+00 1.000000000000000048e-04 1.850621904785138081e-03 1.000000000000000000e+00
-3.959000000000000075e+00 1.000000000000000048e-04 1.852303504212618078e-03 1.000000000000000000e+00
-3.958250000000000046e+00 1.000000000000000048e-04 1.853986641695000480e-03 1.000000000000000000e+00
-3.957500000000000018e+00 1.000000000000000048e-04 1.855671318653882721e-03 1.000000000000000000e+00
-3.956749999999999989e+00 1.000000000000000048e-04 1.857357536512201654e-03 1.000000000000000000e+00
-3.955999999999999961e+00 1.000000000000000048e-04 1.859045296694228789e-03 1.000000000000000000e+00
-3.955249999999999932e+00 1.000000000000000048e-04 1.860734600625573538e-03 1.000000000000000000e+00
-3.954499999999999904e+00 1.000000000000000048e-04 1.862425449733181486e-03 1.000000000000000000e+00
-3.953749999999999876e+00 1.000000000000000048e-04 1.864117845445341327e-03 1.000000000000000000e+00
-3.953000000000000291e+00 1.000000000000000048e-04 1.865811789191679226e-03 1.000000000000000000e+00
-3.952250000000000263e+00 1.000000000000000048e-04 1.867507282403166845e-03 1.000000000000000000e+00
-3.951500000000000234e+00 1.000000000000000048e-04 1.869204326512116350e-03 1.000000000000000000e+00
-3.950750000000000206e+00 1.000000000000000048e-04 1.870902922952187575e-03 1.000000000000000000e+00
-3.950000000000000178e+00 1.000000000000000048e-04 1.872603073158381507e-03 1.000000000000000000e+00
-3.949250000000000149e+00 1.000000000000000048e-04 1.874304778567054391e-03 1.000000000000000000e+00
-3.948500000000000121e+00 1.000000000000000048e-04 1.876008040615902324e-03 1.000000000000000000e+00
-3.947750000000000092e+00 1.000000000000000048e-04 1.877712860743977526e-03 1.000000000000000000e+00
-3.947000000000000064e+00 1.000000000000000048e-04 1.879419240391681616e-03 1.000000000000000000e+00
-3.946250000000000036e+00 1.000000000000000048e-04 1.881127181000766691e-03 1.000000000000000000e+00
-3.945500000000000007e+00 1.000000000000000048e-04 1.882836684014344009e-03 1.000000000000000000e+00
-3.944749999999999979e+00 1.000000000000000048e-04 1.884547750876872920e-03 1.000000000000000000e+00
-3.943999999999999950e+00 1.000000000000000048e-04 1.886260383034174537e-03 1.000000000000000000e+00
-3.943249999999999922e+00 1.000000000000000048e-04 1.887974581933425005e-03 1.000000000000000000e+00
-3.942499999999999893e+00 1.000000000000000048e-04 1.889690349023162011e-03 1.000000000000000000e+00
-3.941749999999999865e+00 1.000000000000000048e-04 1.891407685753280880e-03 1.000000000000000000e+00
-3.940999999999999837e+00 1.000000000000000048e-04 1.893126593575038480e-03 1.000000000000000000e+00
-3.940249999999999808e+00 1.000000000000000048e-04 1.894847073941057338e-03 1.000000000000000000e+00
-3.939499999999999780e+00 1.000000000000000048e-04 1.896569128305321521e-03 1.000000000000000000e+00
-3.938749999999999751e+00 1.000000000000000048e-04 1.898292758123182929e-03 1.000000000000000000e+00
-3.937999999999999723e+00 1.000000000000000048e-04 1.900017964851357819e-03 1.000000000000000000e+00
-3.937249999999999694e+00 1.000000000000000048e-04 1.901744749947931580e-03 1.000000000000000000e+00
-3.936499999999999666e+00 1.000000000000000048e-04 1.903473114872359599e-03 1.000000000000000000e+00
-3.935750000000000082e+00 1.000000000000000048e-04 1.905203061085468342e-03 1.000000000000000000e+00
-3.935000000000000053e+00 1.000000000000000048e-04 1.906934590049456230e-03 1.000000000000000000e+00
-3.934250000000000025e+00 1.000000000000000048e-04 1.908667703227893411e-03 1.000000000000000000e+00
-3.933499999999999996e+00 1.000000000000000048e-04 1.910402402085726540e-03 1.000000000000000000e+00
-3.932749999999999968e+00 1.000000000000000048e-04 1.912138688089276822e-03 1.000000000000000000e+00
-3.931999999999999940e+00 1.000000000000000048e-04 1.913876562706244133e-03 1.000000000000000000e+00
-3.931249999999999911e+00 1.000000000000000048e-04 1.915616027405707671e-03 1.000000000000000000e+00
-3.930499999999999883e+00 1.000000000000000048e-04 1.917357083658124007e-03 1.000000000000000000e+00
-3.929750000000000298e+00 1.000000000000000048e-04 1.919099732935332933e-03 1.000000000000000000e+00
-3.929000000000000270e+00 1.000000000000000048e-04 1.920843976710556386e-03 1.000000000000000000e+00
-3.928250000000000242e+00 1.000000000000000048e-04 1.922589816458400392e-03 1.000000000000000000e+00
-3.927500000000000213e+00 1.000000000000000048e-04 1.924337253654856807e-03 1.000000000000000000e+00
-3.926750000000000185e+00 1.000000000000000048e-04 1.926086289777303746e-03 1.000000000000000000e+00
-3.926000000000000156e+00 1.000000000000000048e-04 1.927836926304504718e-03 1.000000000000000000e+00
-3.925250000000000128e+00 1.000000000000000048e-04 1.929589164716616866e-03 1.000000000000000000e+00
-3.924500000000000099e+00 1.000000000000000048e-04 1.931343006495185545e-03 1.000000000000000000e+00
-3.923750000000000071e+00 1.000000000000000048e-04 1.933098453123147141e-03 1.000000000000000000e+00
-3.923000000000000043e+00 1.000000000000000048e-04 1.934855506084835145e-03 1.000000000000000000e+00
-3.922250000000000014e+00 1.000000000000000048e-04 1.936614166865971692e-03 1.000000000000000000e+00
-3.921499999999999986e+00 1.000000000000000048e-04 1.938374436953680139e-03 1.000000000000000000e+00
-3.920749999999999957e+00 1.000000000000000048e-04 1.940136317836478781e-03 1.000000000000000000e+00
-3.919999999999999929e+00 1.000000000000000048e-04 1.941899811004284531e-03 1.000000000000000000e+00
-3.919249999999999901e+00 1.000000000000000048e-04 1.943664917948415742e-03 1.000000000000000000e+00
-3.918499999999999872e+00 1.000000000000000048e-04 1.945431640161589606e-03 1.000000000000000000e+00
-3.917749999999999844e+00 1.000000000000000048e-04 1.947199979137926272e-03 1.000000000000000000e+00
-3.916999999999999815e+00 1.000000000000000048e-04 1.948969936372953616e-03 1.000000000000000000e+00
-3.916249999999999787e+00 1.000000000000000048e-04 1.950741513363600087e-03 1.000000000000000000e+00
-3.915499999999999758e+00 1.000000000000000048e-04 1.952514711608203382e-03 1.000000000000000000e+00
-3.914749999999999730e+00 1.000000000000000048e-04 1.954289532606508489e-03 1.000000000000000000e+00
-3.913999999999999702e+00 1.000000000000000048e-04 1.956065977859669860e-03 1.000000000000000000e+00
-3.913249999999999673e+00 1.000000000000000048e-04 1.957844048870252714e-03 1.000000000000000000e+00
-3.912499999999999645e+00 1.000000000000000048e-04 1.959623747142234546e-03 1.000000000000000000e+00
-3.911750000000000060e+00 1.000000000000000048e-04 1.961405074181004921e-03 1.000000000000000000e+00
-3.911000000000000032e+00 1.000000000000000048e-04 1.963188031493370671e-03 1.000000000000000000e+00
-3.910250000000000004e+00 1.000000000000000048e-04 1.964972620587552427e-03 1.000000000000000000e+00
-3.909499999999999975e+00 1.000000000000000048e-04 1.966758842973190258e-03 1.000000000000000000e+00
-3.908749999999999947e+00 1.000000000000000048e-04 1.968546700161341503e-03 1.000000000000000000e+00
-3.907999999999999918e+00 1.000000000000000048e-04 1.970336193664483804e-03 1.000000000000000000e+00
-3.907249999999999890e+00 1.000000000000000048e-04 1.972127324996517713e-03 1.000000000000000000e+00
-3.906500000000000306e+00 1.000000000000000048e-04 1.973920095672764517e-03 1.000000000000000000e+00
-3.905750000000000277e+00 1.000000000000000048e-04 1.975714507209973183e-03 1.000000000000000000e+00
-3.905000000000000249e+00 1.000000000000000048e-04 1.977510561126313848e-03 1.000000000000000000e+00
-3.904250000000000220e+00 1.000000000000000048e-04 1.979308258941389100e-03 1.000000000000000000e+00
-3.903500000000000192e+00 1.000000000000000048e-04 1.981107602176223129e-03 1.000000000000000000e+00
-3.902750000000000163e+00 1.000000000000000048e-04 1.982908592353276912e-03 1.000000000000000000e+00
-3.902000000000000135e+00 1.000000000000000048e-04 1.984711230996437370e-03 1.000000000000000000e+00
-3.901250000000000107e+00 1.000000000000000048e-04 1.986515519631026905e-03 1.000000000000000000e+00
-3.900500000000000078e+00 1.000000000000000048e-04 1.988321459783800368e-03 1.000000000000000000e+00
-3.899750000000000050e+00 1.000000000000000048e-04 1.990129052982948961e-03 1.000000000000000000e+00
-3.899000000000000021e+00 1.000000000000000048e-04 1.991938300758097635e-03 1.000000000000000000e+00
-3.898249999999999993e+00 1.000000000000000048e-04 1.993749204640313764e-03 1.000000000000000000e+00
-3.897499999999999964e+00 1.000000000000000048e-04 1.995561766162100206e-03 1.000000000000000000e+00
-3.896749999999999936e+00 1.000000000000000048e-04 1.997375986857403973e-03 1.000000000000000000e+00
-3.895999999999999908e+00 1.000000000000000048e-04 1.999191868261611035e-03 1.000000000000000000e+00
-3.895249999999999879e+00 1.000000000000000048e-04 2.001009411911552384e-03 1.000000000000000000e+00
-3.894499999999999851e+00 1.000000000000000048e-04 2.002828619345504470e-03 1.000000000000000000e+00
-3.893749999999999822e+00 1.000000000000000048e-04 2.004649492103188334e-03 1.000000000000000000e+00
-3.892999999999999794e+00 1.000000000000000048e-04 2.006472031725774815e-03 1.000000000000000000e+00
-3.892249999999999766e+00 1.000000000000000048e-04 2.008296239755882374e-03 1.000000000000000000e+00
-3.891499999999999737e+00 1.000000000000000048e-04 2.010122117737579706e-03 1.000000000000000000e+00
-3.890749999999999709e+00 1.000000000000000048e-04 2.011949667216388765e-03 1.000000000000000000e+00
-3.889999999999999680e+00 1.000000000000000048e-04 2.013778889739284341e-03 1.000000000000000000e+00
-3.889249999999999652e+00 1.000000000000000048e-04 2.015609786854694052e-03 1.000000000000000000e+00
-3.888500000000000068e+00 1.000000000000000048e-04 2.017442360112503118e-03 1.000000000000000000e+00
-3.887750000000000039e+00 1.000000000000000048e-04 2.019276611064054795e-03 1.000000000000000000e+00
-3.887000000000000011e+00 1.000000000000000048e-04 2.021112541262149939e-03 1.000000000000000000e+00
-3.886249999999999982e+00 1.000000000000000048e-04 2.022950152261050911e-03 1.000000000000000000e+00
-3.885499999999999954e+00 1.000000000000000048e-04 2.024789445616478108e-03 1.000000000000000000e+00
-3.884749999999999925e+00 1.000000000000000048e-04 2.026630422885620370e-03 1.000000000000000000e+00
-3.883999999999999897e+00 1.000000000000000048e-04 2.028473085627127172e-03 1.000000000000000000e+00
-3.883249999999999869e+00 1.000000000000000048e-04 2.030317435401115134e-03 1.000000000000000000e+00
-3.882500000000000284e+00 1.000000000000000048e-04 2.032163473769164983e-03 1.000000000000000000e+00
-3.881750000000000256e+00 1.000000000000000048e-04 2.034011202294334127e-03 1.000000000000000000e+00
-3.881000000000000227e+00 1.000000000000000048e-04 2.035860622541141047e-03 1.000000000000000000e+00
-3.880250000000000199e+00 1.000000000000000048e-04 2.037711736075580905e-03 1.000000000000000000e+00
-3.879500000000000171e+00 1.000000000000000048e-04 2.039564544465119478e-03 1.000000000000000000e+00
-3.878750000000000142e+00 1.000000000000000048e-04 2.041419049278697922e-03 1.000000000000000000e+00
-3.878000000000000114e+00 1.000000000000000048e-04 2.043275252086731910e-03 1.000000000000000000e+00
-3.877250000000000085e+00 1.000000000000000048e-04 2.045133154461116834e-03 1.000000000000000000e+00
-3.876500000000000057e+00 1.000000000000000048e-04 2.046992757975221733e-03 1.000000000000000000e+00
-3.875750000000000028e+00 1.000000000000000048e-04 2.048854064203903171e-03 1.000000000000000000e+00
-3.875000000000000000e+00 1.000000000000000048e-04 2.050717074723490060e-03 1.000000000000000000e+00
-3.874249999999999972e+00 1.000000000000000048e-04 2.052581791111800572e-03 1.000000000000000000e+00
-3.873499999999999943e+00 1.000000000000000048e-04 2.054448214948135197e-03 1.000000000000000000e+00
-3.872749999999999915e+00 1.000000000000000048e-04 2.056316347813279353e-03 1.000000000000000000e+00
-3.871999999999999886e+00 1.000000000000000048e-04 2.058186191289505980e-03 1.000000000000000000e+00
-3.871249999999999858e+00 1.000000000000000048e-04 2.060057746960577280e-03 1.000000000000000000e+00
-3.870499999999999829e+00 1.000000000000000048e-04 2.061931016411743846e-03 1.000000000000000000e+00
-3.869749999999999801e+00 1.000000000000000048e-04 2.063806001229749002e-03 1.000000000000000000e+00
-3.868999999999999773e+00 1.000000000000000048e-04 2.065682703002827934e-03 1.000000000000000000e+00
-3.868249999999999744e+00 1.000000000000000048e-04 2.067561123320710292e-03 1.000000000000000000e+00
-3.867499999999999716e+00 1.000000000000000048e-04 2.069441263774621492e-03 1.000000000000000000e+00
-3.866749999999999687e+00 1.000000000000000048e-04 2.071323125957282713e-03 1.000000000000000000e+00
-3.865999999999999659e+00 1.000000000000000048e-04 2.073206711462916105e-03 1.000000000000000000e+00
-3.865250000000000075e+00 1.000000000000000048e-04 2.075092021887240887e-03 1.000000000000000000e+00
-3.864500000000000046e+00 1.000000000000000048e-04 2.076979058827481146e-03 1.000000000000000000e+00
-3.863750000000000018e+00 1.000000000000000048e-04 2.078867823882361073e-03 1.000000000000000000e+00
-3.862999999999999989e+00 1.000000000000000048e-04 2.080758318652109300e-03 1.000000000000000000e+00
-3.862249999999999961e+00 1.000000000000000048e-04 2.082650544738461063e-03 1.000000000000000000e+00
-3.861499999999999932e+00 1.000000000000000048e-04 2.084544503744657339e-03 1.000000000000000000e+00
-3.860749999999999904e+00 1.000000000000000048e-04 2.086440197275450052e-03 1.000000000000000000e+00
-3.859999999999999876e+00 1.000000000000000048e-04 2.088337626937098596e-03 1.000000000000000000e+00
-3.859250000000000291e+00 1.000000000000000048e-04 2.090236794337375047e-03 1.000000000000000000e+00
-3.858500000000000263e+00 1.000000000000000048e-04 2.092137701085564593e-03 1.000000000000000000e+00
-3.857750000000000234e+00 1.000000000000000048e-04 2.094040348792467702e-03 1.000000000000000000e+00
-3.857000000000000206e+00 1.000000000000000048e-04 2.095944739070397956e-03 1.000000000000000000e+00
-3.856250000000000178e+00 1.000000000000000048e-04 2.097850873533188987e-03 1.000000000000000000e+00
-3.855500000000000149e+00 1.000000000000000048e-04 2.099758753796190577e-03 1.000000000000000000e+00
-3.854750000000000121e+00 1.000000000000000048e-04 2.101668381476274727e-03 1.000000000000000000e+00
-3.854000000000000092e+00 1.000000000000000048e-04 2.103579758191834355e-03 1.000000000000000000e+00
-3.853250000000000064e+00 1.000000000000000048e-04 2.105492885562785469e-03 1.000000000000000000e+00
-3.852500000000000036e+00 1.000000000000000048e-04 2.107407765210568464e-03 1.000000000000000000e+00
-3.851750000000000007e+00 1.000000000000000048e-04 2.109324398758150726e-03 1.000000000000000000e+00
-3.850999999999999979e+00 1.000000000000000048e-04 2.111242787830026630e-03 1.000000000000000000e+00
-3.850249999999999950e+00 1.000000000000000048e-04 2.113162934052217543e-03 1.000000000000000000e+00
-3.849499999999999922e+00 1.000000000000000048e-04 2.115084839052277892e-03 1.000000000000000000e+00
-3.848749999999999893e+00 1.000000000000000048e-04 2.117008504459293866e-03 1.000000000000000000e+00
-3.847999999999999865e+00 1.000000000000000048e-04 2.118933931903883849e-03 1.000000000000000000e+00
-3.847249999999999837e+00 1.000000000000000048e-04 2.120861123018201021e-03 1.000000000000000000e+00
-3.846499999999999808e+00 1.000000000000000048e-04 2.122790079435935961e-03 1.000000000000000000e+00
-3.845749999999999780e+00 1.000000000000000048e-04 2.124720802792315344e-03 1.000000000000000000e+00
-3.844999999999999751e+00 1.000000000000000048e-04 2.126653294724106715e-03 1.000000000000000000e+00
-3.844249999999999723e+00 1.000000000000000048e-04 2.128587556869618921e-03 1.000000000000000000e+00
-3.843499999999999694e+00 1.000000000000000048e-04 2.130523590868700808e-03 1.000000000000000000e+00
-3.842749999999999666e+00 1.000000000000000048e-04 2.132461398362744259e-03 1.000000000000000000e+00
-3.842000000000000082e+00 1.000000000000000048e-04 2.134400980994689400e-03 1.000000000000000000e+00
-3.841250000000000053e+00 1.000000000000000048e-04 2.136342340409024161e-03 1.000000000000000000e+00
-3.840500000000000025e+00 1.000000000000000048e-04 2.138285478251778209e-03 1.000000000000000000e+00
-3.839749999999999996e+00 1.000000000000000048e-04 2.140230396170537692e-03 1.000000000000000000e+00
-3.838999999999999968e+00 1.000000000000000048e-04 2.142177095814434828e-03 1.000000000000000000e+00
-3.838249999999999940e+00 1.000000000000000048e-04 2.144125578834157452e-03 1.000000000000000000e+00
-3.837499999999999911e+00 1.000000000000000048e-04 2.146075846881945540e-03 1.000000000000000000e+00
-3.836749999999999883e+00 1.000000000000000048e-04 2.148027901611596849e-03 1.000000000000000000e+00
-3.836000000000000298e+00 1.000000000000000048e-04 2.149981744678462151e-03 1.000000000000000000e+00
-3.835250000000000270e+00 1.000000000000000048e-04 2.151937377739458236e-03 1.000000000000000000e+00
-3.834500000000000242e+00 1.000000000000000048e-04 2.153894802453054039e-03 1.000000000000000000e+00
-3.833750000000000213e+00 1.000000000000000048e-04 2.155854020479284518e-03 1.000000000000000000e+00
-3.833000000000000185e+00 1.000000000000000048e-04 2.157815033479745011e-03 1.000000000000000000e+00
-3.832250000000000156e+00 1.000000000000000048e-04 2.159777843117599051e-03 1.000000000000000000e+00
-3.831500000000000128e+00 1.000000000000000048e-04 2.161742451057572286e-03 1.000000000000000000e+00
-3.830750000000000099e+00 1.000000000000000048e-04 2.163708858965959856e-03 1.000000000000000000e+00
-3.830000000000000071e+00 1.000000000000000048e-04 2.165677068510625525e-03 1.000000000000000000e+00
-3.829250000000000043e+00 1.000000000000000048e-04 2.167647081361005583e-03 1.000000000000000000e+00
-3.828500000000000014e+00 1.000000000000000048e-04 2.169618899188104078e-03 1.000000000000000000e+00
-3.827749999999999986e+00 1.000000000000000048e-04 2.171592523664504087e-03 1.000000000000000000e+00
-3.826999999999999957e+00 1.000000000000000048e-04 2.173567956464357315e-03 1.000000000000000000e+00
-3.826249999999999929e+00 1.000000000000000048e-04 2.175545199263399267e-03 1.000000000000000000e+00
-3.825499999999999901e+00 1.000000000000000048e-04 2.177524253738937540e-03 1.000000000000000000e+00
-3.824749999999999872e+00 1.000000000000000048e-04 2.179505121569863101e-03 1.000000000000000000e+00
-3.823999999999999844e+00 1.000000000000000048e-04 2.181487804436645951e-03 1.000000000000000000e+00
-3.823249999999999815e+00 1.000000000000000048e-04 2.183472304021339024e-03 1.000000000000000000e+00
-3.822499999999999787e+00 1.000000000000000048e-04 2.185458622007580357e-03 1.000000000000000000e+00
-3.821749999999999758e+00 1.000000000000000048e-04 2.187446760080593525e-03 1.000000000000000000e+00
-3.820999999999999730e+00 1.000000000000000048e-04 2.189436719927188944e-03 1.000000000000000000e+00
-3.820249999999999702e+00 1.000000000000000048e-04 2.191428503235766465e-03 1.000000000000000000e+00
-3.819499999999999673e+00 1.000000000000000048e-04 2.193422111696312782e-03 1.000000000000000000e+00
-3.818749999999999645e+00 1.000000000000000048e-04 2.195417547000413135e-03 1.000000000000000000e+00
-3.818000000000000060e+00 1.000000000000000048e-04 2.197414810841238301e-03 1.000000000000000000e+00
-3.817250000000000032e+00 1.000000000000000048e-04 2.199413904913560640e-03 1.000000000000000000e+00
-3.816500000000000004e+00 1.000000000000000048e-04 2.201414830913744989e-03 1.000000000000000000e+00
-3.815749999999999975e+00 1.000000000000000048e-04 2.203417590539754733e-03 1.000000000000000000e+00
-3.814999999999999947e+00 1.000000000000000048e-04 2.205422185491153104e-03 1.000000000000000000e+00
-3.814249999999999918e+00 1.000000000000000048e-04 2.207428617469105788e-03 1.000000000000000000e+00
-3.813499999999999890e+00 1.000000000000000048e-04 2.209436888176377449e-03 1.000000000000000000e+00
-3.812750000000000306e+00 1.000000000000000048e-04 2.211446999317337372e-03 1.000000000000000000e+00
-3.812000000000000277e+00 1.000000000000000048e-04 2.213458952597966833e-03 1.000000000000000000e+00
-3.811250000000000249e+00 1.000000000000000048e-04 2.215472749725844355e-03 1.000000000000000000e+00
-3.810500000000000220e+00 1.000000000000000048e-04 2.217488392410164790e-03 1.000000000000000000e+00
-3.809750000000000192e+00 1.000000000000000048e-04 2.219505882361729344e-03 1.000000000000000000e+00
-3.809000000000000163e+00 1.000000000000000048e-04 2.221525221292953382e-03 1.000000000000000000e+00
-3.808250000000000135e+00 1.000000000000000048e-04 2.223546410917862093e-03 1.000000000000000000e+00
-3.807500000000000107e+00 1.000000000000000048e-04 2.225569452952099597e-03 1.000000000000000000e+00
-3.806750000000000078e+00 1.000000000000000048e-04 2.227594349112923307e-03 1.000000000000000000e+00
-3.806000000000000050e+00 1.000000000000000048e-04 2.229621101119210868e-03 1.000000000000000000e+00
-3.805250000000000021e+00 1.000000000000000048e-04 2.231649710691457119e-03 1.000000000000000000e+00
-3.804499999999999993e+00 1.000000000000000048e-04 2.233680179551780602e-03 1.000000000000000000e+00
-3.803749999999999964e+00 1.000000000000000048e-04 2.235712509423920524e-03 1.000000000000000000e+00
-3.802999999999999936e+00 1.000000000000000048e-04 2.237746702033240227e-03 1.000000000000000000e+00
-3.802249999999999908e+00 1.000000000000000048e-04 2.239782759106729790e-03 1.000000000000000000e+00
-3.801499999999999879e+00 1.000000000000000048e-04 2.241820682373006461e-03 1.000000000000000000e+00
-3.800749999999999851e+00 1.000000000000000048e-04 2.243860473562316830e-03 1.000000000000000000e+00
-3.799999999999999822e+00 1.000000000000000048e-04 2.245902134406534655e-03 1.000000000000000000e+00
-3.799249999999999794e+00 1.000000000000000048e-04 2.247945666639171707e-03 1.000000000000000000e+00
-3.798499999999999766e+00 1.000000000000000048e-04 2.249991071995365629e-03 1.000000000000000000e+00
-3.797749999999999737e+00 1.000000000000000048e-04 2.252038352211897278e-03 1.000000000000000000e+00
-3.796999999999999709e+00 1.000000000000000048e-04 2.254087509027178152e-03 1.000000000000000000e+00
-3.796249999999999680e+00 1.000000000000000048e-04 2.256138544181261231e-03 1.000000000000000000e+00
-3.795499999999999652e+00 1.000000000000000048e-04 2.258191459415836641e-03 1.000000000000000000e+00
-3.794750000000000068e+00 1.000000000000000048e-04 2.260246256474238158e-03 1.000000000000000000e+00
-3.794000000000000039e+00 1.000000000000000048e-04 2.262302937101441473e-03 1.000000000000000000e+00
-3.793250000000000011e+00 1.000000000000000048e-04 2.264361503044069399e-03 1.000000000000000000e+00
-3.792499999999999982e+00 1.000000000000000048e-04 2.266421956050387095e-03 1.000000000000000000e+00
-3.791749999999999954e+00 1.000000000000000048e-04 2.268484297870308579e-03 1.000000000000000000e+00
-3.790999999999999925e+00 1.000000000000000048e-04 2.270548530255398888e-03 1.000000000000000000e+00
-3.790249999999999897e+00 1.000000000000000048e-04 2.272614654958871484e-03 1.000000000000000000e+00
-3.789499999999999869e+00 1.000000000000000048e-04 2.274682673735594751e-03 1.000000000000000000e+00
-3.788750000000000284e+00 1.000000000000000048e-04 2.276752588342086797e-03 1.000000000000000000e+00
-3.788000000000000256e+00 1.000000000000000048e-04 2.278824400536529331e-03 1.000000000000000000e+00
-3.787250000000000227e+00 1.000000000000000048e-04 2.280898112078752048e-03 1.000000000000000000e+00
-3.786500000000000199e+00 1.000000000000000048e-04 2.282973724730250845e-03 1.000000000000000000e+00
-3.785750000000000171e+00 1.000000000000000048e-04 2.285051240254177846e-03 1.000000000000000000e+00
-3.785000000000000142e+00 1.000000000000000048e-04 2.287130660415348342e-03 1.000000000000000000e+00
-3.784250000000000114e+00 1.000000000000000048e-04 2.289211986980240355e-03 1.000000000000000000e+00
-3.783500000000000085e+00 1.000000000000000048e-04 2.291295221716998978e-03 1.000000000000000000e+00
-3.782750000000000057e+00 1.000000000000000048e-04 2.293380366395435504e-03 1.000000000000000000e+00
-3.782000000000000028e+00 1.000000000000000048e-04 2.295467422787027863e-03 1.000000000000000000e+00
-3.781250000000000000e+00 1.000000000000000048e-04 2.297556392664926259e-03 1.000000000000000000e+00
-3.780499999999999972e+00 1.000000000000000048e-04 2.299647277803951433e-03 1.000000000000000000e+00
-3.779749999999999943e+00 1.000000000000000048e-04 2.301740079980597702e-03 1.000000000000000000e+00
-3.778999999999999915e+00 1.000000000000000048e-04 2.303834800973032088e-03 1.000000000000000000e+00
-3.778249999999999886e+00 1.000000000000000048e-04 2.305931442561102562e-03 1.000000000000000000e+00
-3.777499999999999858e+00 1.000000000000000048e-04 2.308030006526331536e-03 1.000000000000000000e+00
-3.776749999999999829e+00 1.000000000000000048e-04 2.310130494651920635e-03 1.000000000000000000e+00
-3.775999999999999801e+00 1.000000000000000048e-04 2.312232908722755900e-03 1.000000000000000000e+00
-3.775249999999999773e+00 1.000000000000000048e-04 2.314337250525403452e-03 1.000000000000000000e+00
-3.774499999999999744e+00 1.000000000000000048e-04 2.316443521848115129e-03 1.000000000000000000e+00
-3.773749999999999716e+00 1.000000000000000048e-04 2.318551724480828486e-03 1.000000000000000000e+00
-3.772999999999999687e+00 1.000000000000000048e-04 2.320661860215168099e-03 1.000000000000000000e+00
-3.772249999999999659e+00 1.000000000000000048e-04 2.322773930844450330e-03 1.000000000000000000e+00
-3.771500000000000075e+00 1.000000000000000048e-04 2.324887938163677694e-03 1.000000000000000000e+00
-3.770750000000000046e+00 1.000000000000000048e-04 2.327003883969552735e-03 1.000000000000000000e+00
-3.770000000000000018e+00 1.000000000000000048e-04 2.329121770060465450e-03 1.000000000000000000e+00
-3.769249999999999989e+00 1.000000000000000048e-04 2.331241598236504561e-03 1.000000000000000000e+00
-3.768499999999999961e+00 1.000000000000000048e-04 2.333363370299455786e-03 1.000000000000000000e+00
-3.767749999999999932e+00 1.000000000000000048e-04 2.335487088052803136e-03 1.000000000000000000e+00
-3.766999999999999904e+00 1.000000000000000048e-04 2.337612753301733255e-03 1.000000000000000000e+00
-3.766249999999999876e+00 1.000000000000000048e-04 2.339740367853133680e-03 1.000000000000000000e+00
-3.765500000000000291e+00 1.000000000000000048e-04 2.341869933515595015e-03 1.000000000000000000e+00
-3.764750000000000263e+00 1.000000000000000048e-04 2.344001452099416134e-03 1.000000000000000000e+00
-3.764000000000000234e+00 1.000000000000000048e-04 2.346134925416602443e-03 1.000000000000000000e+00
-3.763250000000000206e+00 1.000000000000000048e-04 2.348270355280866750e-03 1.000000000000000000e+00
-3.762500000000000178e+00 1.000000000000000048e-04 2.350407743507633169e-03 1.000000000000000000e+00
-3.761750000000000149e+00 1.000000000000000048e-04 2.352547091914037550e-03 1.000000000000000000e+00
-3.761000000000000121e+00 1.000000000000000048e-04 2.354688402318931388e-03 1.000000000000000000e+00
-3.760250000000000092e+00 1.000000000000000048e-04 2.356831676542879214e-03 1.000000000000000000e+00
-3.759500000000000064e+00 1.000000000000000048e-04 2.358976916408164239e-03 1.000000000000000000e+00
-3.758750000000000036e+00 1.000000000000000048e-04 2.361124123738787047e-03 1.000000000000000000e+00
-3.758000000000000007e+00 1.000000000000000048e-04 2.363273300360470806e-03 1.000000000000000000e+00
-3.757249999999999979e+00 1.000000000000000048e-04 2.365424448100659962e-03 1.000000000000000000e+00
-3.756499999999999950e+00 1.000000000000000048e-04 2.367577568788521540e-03 1.000000000000000000e+00
-3.755749999999999922e+00 1.000000000000000048e-04 2.369732664254947749e-03 1.000000000000000000e+00
-3.754999999999999893e+00 1.000000000000000048e-04 2.371889736332560318e-03 1.000000000000000000e+00
-3.754249999999999865e+00 1.000000000000000048e-04 2.374048786855706590e-03 1.000000000000000000e+00
-3.753499999999999837e+00 1.000000000000000048e-04 2.376209817660466898e-03 1.000000000000000000e+00
-3.752749999999999808e+00 1.000000000000000048e-04 2.378372830584651529e-03 1.000000000000000000e+00
-3.751999999999999780e+00 1.000000000000000048e-04 2.380537827467806792e-03 1.000000000000000000e+00
-3.751249999999999751e+00 1.000000000000000048e-04 2.382704810151211553e-03 1.000000000000000000e+00
-3.750499999999999723e+00 1.000000000000000048e-04 2.384873780477883738e-03 1.000000000000000000e+00
-3.749749999999999694e+00 1.000000000000000048e-04 2.387044740292578598e-03 1.000000000000000000e+00
-3.748999999999999666e+00 1.000000000000000048e-04 2.389217691441792180e-03 1.000000000000000000e+00
-3.748250000000000082e+00 1.000000000000000048e-04 2.391392635773763060e-03 1.000000000000000000e+00
-3.747500000000000053e+00 1.000000000000000048e-04 2.393569575138474945e-03 1.000000000000000000e+00
-3.746750000000000025e+00 1.000000000000000048e-04 2.395748511387653205e-03 1.000000000000000000e+00
-3.745999999999999996e+00 1.000000000000000048e-04 2.397929446374771380e-03 1.000000000000000000e+00
-3.745249999999999968e+00 1.000000000000000048e-04 2.400112381955055076e-03 1.000000000000000000e+00
-3.744499999999999940e+00 1.000000000000000048e-04 2.402297319985475469e-03 1.000000000000000000e+00
-3.743749999999999911e+00 1.000000000000000048e-04 2.404484262324758839e-03 1.000000000000000000e+00
-3.742999999999999883e+00 1.000000000000000048e-04 2.406673210833383970e-03 1.000000000000000000e+00
-3.742250000000000298e+00 1.000000000000000048e-04 2.408864167373584320e-03 1.000000000000000000e+00
-3.741500000000000270e+00 1.000000000000000048e-04 2.411057133809355827e-03 1.000000000000000000e+00
-3.740750000000000242e+00 1.000000000000000048e-04 2.413252112006446064e-03 1.000000000000000000e+00
-3.740000000000000213e+00 1.000000000000000048e-04 2.415449103832367252e-03 1.000000000000000000e+00
-3.739250000000000185e+00 1.000000000000000048e-04 2.417648111156392356e-03 1.000000000000000000e+00
-3.738500000000000156e+00 1.000000000000000048e-04 2.419849135849556823e-03 1.000000000000000000e+00
-3.737750000000000128e+00 1.000000000000000048e-04 2.422052179784665513e-03 1.000000000000000000e+00
-3.737000000000000099e+00 1.000000000000000048e-04 2.424257244836287937e-03 1.000000000000000000e+00
-3.736250000000000071e+00 1.000000000000000048e-04 2.426464332880763023e-03 1.000000000000000000e+00
-3.735500000000000043e+00 1.000000000000000048e-04 2.428673445796200418e-03 1.000000000000000000e+00
-3.734750000000000014e+00 1.000000000000000048e-04 2.430884585462482223e-03 1.000000000000000000e+00
-3.733999999999999986e+00 1.000000000000000048e-04 2.433097753761263859e-03 1.000000000000000000e+00
-3.733249999999999957e+00 1.000000000000000048e-04 2.435312952575977973e-03 1.000000000000000000e+00
-3.732499999999999929e+00 1.000000000000000048e-04 2.437530183791834001e-03 1.000000000000000000e+00
-3.731749999999999901e+00 1.000000000000000048e-04 2.439749449295819904e-03 1.000000000000000000e+00
-3.730999999999999872e+00 1.000000000000000048e-04 2.441970750976703904e-03 1.000000000000000000e+00
-3.730249999999999844e+00 1.000000000000000048e-04 2.444194090725040555e-03 1.000000000000000000e+00
-3.729499999999999815e+00 1.000000000000000048e-04 2.446419470433164670e-03 1.000000000000000000e+00
-3.728749999999999787e+00 1.000000000000000048e-04 2.448646891995198693e-03 1.000000000000000000e+00
-3.727999999999999758e+00 1.000000000000000048e-04 2.450876357307053138e-03 1.000000000000000000e+00
-3.727249999999999730e+00 1.000000000000000048e-04 2.453107868266426149e-03 1.000000000000000000e+00
-3.726499999999999702e+00 1.000000000000000048e-04 2.455341426772811309e-03 1.000000000000000000e+00
-3.725749999999999673e+00 1.000000000000000048e-04 2.457577034727488965e-03 1.000000000000000000e+00
-3.724999999999999645e+00 1.000000000000000048e-04 2.459814694033540111e-03 1.000000000000000000e+00
-3.724250000000000060e+00 1.000000000000000048e-04 2.462054406595834671e-03 1.000000000000000000e+00
-3.723500000000000032e+00 1.000000000000000048e-04 2.464296174321050584e-03 1.000000000000000000e+00
-3.722750000000000004e+00 1.000000000000000048e-04 2.466539999117659497e-03 1.000000000000000000e+00
-3.721999999999999975e+00 1.000000000000000048e-04 2.468785882895931962e-03 1.000000000000000000e+00
-3.721249999999999947e+00 1.000000000000000048e-04 2.471033827567947847e-03 1.000000000000000000e+00
-3.720499999999999918e+00 1.000000000000000048e-04 2.473283835047589835e-03 1.000000000000000000e+00
-3.719749999999999890e+00 1.000000000000000048e-04 2.475535907250543850e-03 1.000000000000000000e+00
-3.719000000000000306e+00 1.000000000000000048e-04 2.477790046094308172e-03 1.000000000000000000e+00
-3.718250000000000277e+00 1.000000000000000048e-04 2.480046253498192563e-03 1.000000000000000000e+00
-3.717500000000000249e+00 1.000000000000000048e-04 2.482304531383315235e-03 1.000000000000000000e+00
-3.716750000000000220e+00 1.000000000000000048e-04 2.484564881672608489e-03 1.000000000000000000e+00
-3.716000000000000192e+00 1.000000000000000048e-04 2.486827306290821313e-03 1.000000000000000000e+00
-3.715250000000000163e+00 1.000000000000000048e-04 2.489091807164518517e-03 1.000000000000000000e+00
-3.714500000000000135e+00 1.000000000000000048e-04 2.491358386222086805e-03 1.000000000000000000e+00
-3.713750000000000107e+00 1.000000000000000048e-04 2.493627045393728703e-03 1.000000000000000000e+00
-3.713000000000000078e+00 1.000000000000000048e-04 2.495897786611472966e-03 1.000000000000000000e+00
-3.712250000000000050e+00 1.000000000000000048e-04 2.498170611809171111e-03 1.000000000000000000e+00
-3.711500000000000021e+00 1.000000000000000048e-04 2.500445522922501752e-03 1.000000000000000000e+00
-3.710749999999999993e+00 1.000000000000000048e-04 2.502722521888967998e-03 1.000000000000000000e+00
-3.709999999999999964e+00 1.000000000000000048e-04 2.505001610647906128e-03 1.000000000000000000e+00
-3.709249999999999936e+00 1.000000000000000048e-04 2.507282791140481252e-03 1.000000000000000000e+00
-3.708499999999999908e+00 1.000000000000000048e-04 2.509566065309691649e-03 1.000000000000000000e+00
-3.707749999999999879e+00 1.000000000000000048e-04 2.511851435100371371e-03 1.000000000000000000e+00
-3.706999999999999851e+00 1.000000000000000048e-04 2.514138902459188505e-03 1.000000000000000000e+00
-3.706249999999999822e+00 1.000000000000000048e-04 2.516428469334654281e-03 1.000000000000000000e+00
-3.705499999999999794e+00 1.000000000000000048e-04 2.518720137677113533e-03 1.000000000000000000e+00
-3.704749999999999766e+00 1.000000000000000048e-04 2.521013909438757274e-03 1.000000000000000000e+00
-3.703999999999999737e+00 1.000000000000000048e-04 2.523309786573618794e-03 1.000000000000000000e+00
-3.703249999999999709e+00 1.000000000000000048e-04 2.525607771037575826e-03 1.000000000000000000e+00
-3.702499999999999680e+00 1.000000000000000048e-04 2.527907864788354452e-03 1.000000000000000000e+00
-3.701749999999999652e+00 1.000000000000000048e-04 2.530210069785527802e-03 1.000000000000000000e+00
-3.701000000000000068e+00 1.000000000000000048e-04 2.532514387990519953e-03 1.000000000000000000e+00
-3.700250000000000039e+00 1.000000000000000048e-04 2.534820821366611139e-03 1.000000000000000000e+00
-3.699500000000000011e+00 1.000000000000000048e-04 2.537129371878930374e-03 1.000000000000000000e+00
-3.698749999999999982e+00 1.000000000000000048e-04 2.539440041494467597e-03 1.000000000000000000e+00
-3.697999999999999954e+00 1.000000000000000048e-04 2.541752832182063698e-03 1.000000000000000000e+00
-3.697249999999999925e+00 1.000000000000000048e-04 2.544067745912426126e-03 1.000000000000000000e+00
-3.696499999999999897e+00 1.000000000000000048e-04 2.546384784658118922e-03 1.000000000000000000e+00
-3.695749999999999869e+00 1.000000000000000048e-04 2.548703950393573555e-03 1.000000000000000000e+00
-3.695000000000000284e+00 1.000000000000000048e-04 2.551025245095078515e-03 1.000000000000000000e+00
-3.694250000000000256e+00 1.000000000000000048e-04 2.553348670740800130e-03 1.000000000000000000e+00
-3.693500000000000227e+00 1.000000000000000048e-04 2.555674229310762186e-03 1.000000000000000000e+00
-3.692750000000000199e+00 1.000000000000000048e-04 2.558001922786867603e-03 1.000000000000000000e+00
-3.692000000000000171e+00 1.000000000000000048e-04 2.560331753152885435e-03 1.000000000000000000e+00
-3.691250000000000142e+00 1.000000000000000048e-04 2.562663722394458235e-03 1.000000000000000000e+00
-3.690500000000000114e+00 1.000000000000000048e-04 2.564997832499110297e-03 1.000000000000000000e+00
-3.689750000000000085e+00 1.000000000000000048e-04 2.567334085456237248e-03 1.000000000000000000e+00
-3.689000000000000057e+00 1.000000000000000048e-04 2.569672483257117324e-03 1.000000000000000000e+00
-3.688250000000000028e+00 1.000000000000000048e-04 2.572013027894907468e-03 1.000000000000000000e+00
-3.687500000000000000e+00 1.000000000000000048e-04 2.574355721364648530e-03 1.000000000000000000e+00
-3.686749999999999972e+00 1.000000000000000048e-04 2.576700565663266138e-03 1.000000000000000000e+00
-3.685999999999999943e+00 1.000000000000000048e-04 2.579047562789574602e-03 1.000000000000000000e+00
-3.685249999999999915e+00 1.000000000000000048e-04 2.581396714744270838e-03 1.000000000000000000e+00
-3.684499999999999886e+00 1.000000000000000048e-04 2.583748023529946081e-03 1.000000000000000000e+00
-3.683749999999999858e+00 1.000000000000000048e-04 2.586101491151082416e-03 1.000000000000000000e+00
-3.682999999999999829e+00 1.000000000000000048e-04 2.588457119614057979e-03 1.000000000000000000e+00
-3.682249999999999801e+00 1.000000000000000048e-04 2.590814910927140453e-03 1.000000000000000000e+00
-3.681499999999999773e+00 1.000000000000000048e-04 2.593174867100502684e-03 1.000000000000000000e+00
-3.680749999999999744e+00 1.000000000000000048e-04 2.595536990146210098e-03 1.000000000000000000e+00
-3.679999999999999716e+00 1.000000000000000048e-04 2.597901282078232850e-03 1.000000000000000000e+00
-3.679249999999999687e+00 1.000000000000000048e-04 2.600267744912441049e-03 1.000000000000000000e+00
-3.678499999999999659e+00 1.000000000000000048e-04 2.602636380666612133e-03 1.000000000000000000e+00
-3.677750000000000075e+00 1.000000000000000048e-04 2.605007191360426966e-03 1.000000000000000000e+00
-3.677000000000000046e+00 1.000000000000000048e-04 2.607380179015481546e-03 1.000000000000000000e+00
-3.676250000000000018e+00 1.000000000000000048e-04 2.609755345655273562e-03 1.000000000000000000e+00
-3.675499999999999989e+00 1.000000000000000048e-04 2.612132693305216271e-03 1.000000000000000000e+00
-3.674749999999999961e+00 1.000000000000000048e-04 2.614512223992638065e-03 1.000000000000000000e+00
-3.673999999999999932e+00 1.000000000000000048e-04 2.616893939746782471e-03 1.000000000000000000e+00
-3.673249999999999904e+00 1.000000000000000048e-04 2.619277842598807284e-03 1.000000000000000000e+00
-3.672499999999999876e+00 1.000000000000000048e-04 2.621663934581793236e-03 1.000000000000000000e+00
-3.671750000000000291e+00 1.000000000000000048e-04 2.624052217730738802e-03 1.000000000000000000e+00
-3.671000000000000263e+00 1.000000000000000048e-04 2.626442694082572766e-03 1.000000000000000000e+00
-3.670250000000000234e+00 1.000000000000000048e-04 2.628835365676139048e-03 1.000000000000000000e+00
-3.669500000000000206e+00 1.000000000000000048e-04 2.631230234552215785e-03 1.000000000000000000e+00
-3.668750000000000178e+00 1.000000000000000048e-04 2.633627302753506656e-03 1.000000000000000000e+00
-3.668000000000000149e+00 1.000000000000000048e-04 2.636026572324641753e-03 1.000000000000000000e+00
-3.667250000000000121e+00 1.000000000000000048e-04 2.638428045312192754e-03 1.000000000000000000e+00
-3.666500000000000092e+00 1.000000000000000048e-04 2.640831723764657749e-03 1.000000000000000000e+00
-3.665750000000000064e+00 1.000000000000000048e-04 2.643237609732473382e-03 1.000000000000000000e+00
-3.665000000000000036e+00 1.000000000000000048e-04 2.645645705268014417e-03 1.000000000000000000e+00
-3.664250000000000007e+00 1.000000000000000048e-04 2.648056012425595469e-03 1.000000000000000000e+00
-3.663499999999999979e+00 1.000000000000000048e-04 2.650468533261471880e-03 1.000000000000000000e+00
-3.662749999999999950e+00 1.000000000000000048e-04 2.652883269833841012e-03 1.000000000000000000e+00
-3.661999999999999922e+00 1.000000000000000048e-04 2.655300224202849623e-03 1.000000000000000000e+00
-3.661249999999999893e+00 1.000000000000000048e-04 2.657719398430589096e-03 1.000000000000000000e+00
-3.660499999999999865e+00 1.000000000000000048e-04 2.660140794581096740e-03 1.000000000000000000e+00
-3.659749999999999837e+00 1.000000000000000048e-04 2.662564414720367933e-03 1.000000000000000000e+00
-3.658999999999999808e+00 1.000000000000000048e-04 2.664990260916344847e-03 1.000000000000000000e+00
-3.658249999999999780e+00 1.000000000000000048e-04 2.667418335238927289e-03 1.000000000000000000e+00
-3.657499999999999751e+00 1.000000000000000048e-04 2.669848639759969233e-03 1.000000000000000000e+00
-3.656749999999999723e+00 1.000000000000000048e-04 2.672281176553286189e-03 1.000000000000000000e+00
-3.655999999999999694e+00 1.000000000000000048e-04 2.674715947694649570e-03 1.000000000000000000e+00
-3.655249999999999666e+00 1.000000000000000048e-04 2.677152955261798833e-03 1.000000000000000000e+00
-3.654500000000000082e+00 1.000000000000000048e-04 2.679592201334428901e-03 1.000000000000000000e+00
-3.653750000000000053e+00 1.000000000000000048e-04 2.682033687994212715e-03 1.000000000000000000e+00
-3.653000000000000025e+00 1.000000000000000048e-04 2.684477417324780419e-03 1.000000000000000000e+00
-3.652249999999999996e+00 1.000000000000000048e-04 2.686923391411735838e-03 1.000000000000000000e+00
-3.651499999999999968e+00 1.000000000000000048e-04 2.689371612342655177e-03 1.000000000000000000e+00
-3.650749999999999940e+00 1.000000000000000048e-04 2.691822082207086589e-03 1.000000000000000000e+00
-3.649999999999999911e+00 1.000000000000000048e-04 2.694274803096553643e-03 1.000000000000000000e+00
-3.649249999999999883e+00 1.000000000000000048e-04 2.696729777104557926e-03 1.000000000000000000e+00
-3.648500000000000298e+00 1.000000000000000048e-04 2.699187006326578611e-03 1.000000000000000000e+00
-3.647750000000000270e+00 1.000000000000000048e-04 2.701646492860081562e-03 1.000000000000000000e+00
-3.647000000000000242e+00 1.000000000000000048e-04 2.704108238804508058e-03 1.000000000000000000e+00
-3.646250000000000213e+00 1.000000000000000048e-04 2.706572246261288242e-03 1.000000000000000000e+00
-3.645500000000000185e+00 1.000000000000000048e-04 2.709038517333838946e-03 1.000000000000000000e+00
-3.644750000000000156e+00 1.000000000000000048e-04 2.711507054127564563e-03 1.000000000000000000e+00
-3.644000000000000128e+00 1.000000000000000048e-04 2.713977858749860080e-03 1.000000000000000000e+00
-3.643250000000000099e+00 1.000000000000000048e-04 2.716450933310116285e-03 1.000000000000000000e+00
-3.642500000000000071e+00 1.000000000000000048e-04 2.718926279919711524e-03 1.000000000000000000e+00
-3.641750000000000043e+00 1.000000000000000048e-04 2.721403900692028616e-03 1.000000000000000000e+00
-3.641000000000000014e+00 1.000000000000000048e-04 2.723883797742442710e-03 1.000000000000000000e+00
-3.640249999999999986e+00 1.000000000000000048e-04 2.726365973188331262e-03 1.000000000000000000e+00
-3.639499999999999957e+00 1.000000000000000048e-04 2.728850429149072727e-03 1.000000000000000000e+00
-3.638749999999999929e+00 1.000000000000000048e-04 2.731337167746053507e-03 1.000000000000000000e+00
-3.637999999999999901e+00 1.000000000000000048e-04 2.733826191102660137e-03 1.000000000000000000e+00
-3.637249999999999872e+00 1.000000000000000048e-04 2.736317501344290564e-03 1.000000000000000000e+00
-3.636499999999999844e+00 1.000000000000000048e-04 2.738811100598351981e-03 1.000000000000000000e+00
-3.635749999999999815e+00 1.000000000000000048e-04 2.741306990994263858e-03 1.000000000000000000e+00
-3.634999999999999787e+00 1.000000000000000048e-04 2.743805174663458378e-03 1.000000000000000000e+00
-3.634249999999999758e+00 1.000000000000000048e-04 2.746305653739382607e-03 1.000000000000000000e+00
-3.633499999999999730e+00 1.000000000000000048e-04 2.748808430357501525e-03 1.000000000000000000e+00
-3.632749999999999702e+00 1.000000000000000048e-04 2.751313506655303671e-03 1.000000000000000000e+00
-3.631999999999999673e+00 1.000000000000000048e-04 2.753820884772290728e-03 1.000000000000000000e+00
-3.631249999999999645e+00 1.000000000000000048e-04 2.756330566849995306e-03 1.000000000000000000e+00
-3.630500000000000060e+00 1.000000000000000048e-04 2.758842555031970102e-03 1.000000000000000000e+00
-3.629750000000000032e+00 1.000000000000000048e-04 2.761356851463802210e-03 1.000000000000000000e+00
-3.629000000000000004e+00 1.000000000000000048e-04 2.763873458293098374e-03 1.000000000000000000e+00
-3.628249999999999975e+00 1.000000000000000048e-04 2.766392377669503640e-03 1.000000000000000000e+00
-3.627499999999999947e+00 1.000000000000000048e-04 2.768913611744690945e-03 1.000000000000000000e+00
-3.626749999999999918e+00 1.000000000000000048e-04 2.771437162672374128e-03 1.000000000000000000e+00
-3.625999999999999890e+00 1.000000000000000048e-04 2.773963032608300124e-03 1.000000000000000000e+00
-3.625249999999999861e+00 1.000000000000000048e-04 2.776491223710252434e-03 1.000000000000000000e+00
-3.624500000000000277e+00 1.000000000000000048e-04 2.779021738138059798e-03 1.000000000000000000e+00
-3.623750000000000249e+00 1.000000000000000048e-04 2.781554578053595326e-03 1.000000000000000000e+00
-3.623000000000000220e+00 1.000000000000000048e-04 2.784089745620772164e-03 1.000000000000000000e+00
-3.622250000000000192e+00 1.000000000000000048e-04 2.786627243005551299e-03 1.000000000000000000e+00
-3.621500000000000163e+00 1.000000000000000048e-04 2.789167072375944596e-03 1.000000000000000000e+00
-3.620750000000000135e+00 1.000000000000000048e-04 2.791709235902013059e-03 1.000000000000000000e+00
-3.620000000000000107e+00 1.000000000000000048e-04 2.794253735755869873e-03 1.000000000000000000e+00
-3.619250000000000078e+00 1.000000000000000048e-04 2.796800574111685169e-03 1.000000000000000000e+00
-3.618500000000000050e+00 1.000000000000000048e-04 2.799349753145682126e-03 1.000000000000000000e+00
-3.617750000000000021e+00 1.000000000000000048e-04 2.801901275036144338e-03 1.000000000000000000e+00
-3.616999999999999993e+00 1.000000000000000048e-04 2.804455141963420588e-03 1.000000000000000000e+00
-3.616249999999999964e+00 1.000000000000000048e-04 2.807011356109912273e-03 1.000000000000000000e+00
-3.615499999999999936e+00 1.000000000000000048e-04 2.809569919660093347e-03 1.000000000000000000e+00
-3.614749999999999908e+00 1.000000000000000048e-04 2.812130834800502088e-03 1.000000000000000000e+00
-3.613999999999999879e+00 1.000000000000000048e-04 2.814694103719743261e-03 1.000000000000000000e+00
-3.613249999999999851e+00 1.000000000000000048e-04 2.817259728608495495e-03 1.000000000000000000e+00
-3.612499999999999822e+00 1.000000000000000048e-04 2.819827711659505642e-03 1.000000000000000000e+00
-3.611749999999999794e+00 1.000000000000000048e-04 2.822398055067600487e-03 1.000000000000000000e+00
-3.610999999999999766e+00 1.000000000000000048e-04 2.824970761029678510e-03 1.000000000000000000e+00
-3.610249999999999737e+00 1.000000000000000048e-04 2.827545831744717689e-03 1.000000000000000000e+00
-3.609499999999999709e+00 1.000000000000000048e-04 2.830123269413778540e-03 1.000000000000000000e+00
-3.608749999999999680e+00 1.000000000000000048e-04 2.832703076240001942e-03 1.000000000000000000e+00
-3.607999999999999652e+00 1.000000000000000048e-04 2.835285254428613483e-03 1.000000000000000000e+00
-3.607250000000000068e+00 1.000000000000000048e-04 2.837869806186924318e-03 1.000000000000000000e+00
-3.606500000000000039e+00 1.000000000000000048e-04 2.840456733724338548e-03 1.000000000000000000e+00
-3.605750000000000011e+00 1.000000000000000048e-04 2.843046039252344111e-03 1.000000000000000000e+00
-3.604999999999999982e+00 1.000000000000000048e-04 2.845637724984525791e-03 1.000000000000000000e+00
-3.604249999999999954e+00 1.000000000000000048e-04 2.848231793136561749e-03 1.000000000000000000e+00
-3.603499999999999925e+00 1.000000000000000048e-04 2.850828245926226127e-03 1.000000000000000000e+00
-3.602749999999999897e+00 1.000000000000000048e-04 2.853427085573392516e-03 1.000000000000000000e+00
-3.601999999999999869e+00 1.000000000000000048e-04 2.856028314300033087e-03 1.000000000000000000e+00
-3.601250000000000284e+00 1.000000000000000048e-04 2.858631934330222064e-03 1.000000000000000000e+00
-3.600500000000000256e+00 1.000000000000000048e-04 2.861237947890143529e-03 1.000000000000000000e+00
-3.599750000000000227e+00 1.000000000000000048e-04 2.863846357208083178e-03 1.000000000000000000e+00
-3.599000000000000199e+00 1.000000000000000048e-04 2.866457164514436568e-03 1.000000000000000000e+00
-3.598250000000000171e+00 1.000000000000000048e-04 2.869070372041708245e-03 1.000000000000000000e+00
-3.597500000000000142e+00 1.000000000000000048e-04 2.871685982024517816e-03 1.000000000000000000e+00
-3.596750000000000114e+00 1.000000000000000048e-04 2.874303996699598650e-03 1.000000000000000000e+00
-3.596000000000000085e+00 1.000000000000000048e-04 2.876924418305800910e-03 1.000000000000000000e+00
-3.595250000000000057e+00 1.000000000000000048e-04 2.879547249084092424e-03 1.000000000000000000e+00
-3.594500000000000028e+00 1.000000000000000048e-04 2.882172491277562587e-03 1.000000000000000000e+00
-3.593750000000000000e+00 1.000000000000000048e-04 2.884800147131423229e-03 1.000000000000000000e+00
-3.592999999999999972e+00 1.000000000000000048e-04 2.887430218893011647e-03 1.000000000000000000e+00
-3.592249999999999943e+00 1.000000000000000048e-04 2.890062708811790178e-03 1.000000000000000000e+00
-3.591499999999999915e+00 1.000000000000000048e-04 2.892697619139354866e-03 1.000000000000000000e+00
-3.590749999999999886e+00 1.000000000000000048e-04 2.895334952129425491e-03 1.000000000000000000e+00
-3.589999999999999858e+00 1.000000000000000048e-04 2.897974710037858580e-03 1.000000000000000000e+00
-3.589249999999999829e+00 1.000000000000000048e-04 2.900616895122647403e-03 1.000000000000000000e+00
-3.588499999999999801e+00 1.000000000000000048e-04 2.903261509643920244e-03 1.000000000000000000e+00
-3.587749999999999773e+00 1.000000000000000048e-04 2.905908555863942130e-03 1.000000000000000000e+00
-3.586999999999999744e+00 1.000000000000000048e-04 2.908558036047123943e-03 1.000000000000000000e+00
-3.586249999999999716e+00 1.000000000000000048e-04 2.911209952460017646e-03 1.000000000000000000e+00
-3.585499999999999687e+00 1.000000000000000048e-04 2.913864307371320187e-03 1.000000000000000000e+00
-3.584749999999999659e+00 1.000000000000000048e-04 2.916521103051874370e-03 1.000000000000000000e+00
-3.584000000000000075e+00 1.000000000000000048e-04 2.919180341774674486e-03 1.000000000000000000e+00
-3.583250000000000046e+00 1.000000000000000048e-04 2.921842025814867187e-03 1.000000000000000000e+00
-3.582500000000000018e+00 1.000000000000000048e-04 2.924506157449750614e-03 1.000000000000000000e+00
-3.581749999999999989e+00 1.000000000000000048e-04 2.927172738958779604e-03 1.000000000000000000e+00
-3.580999999999999961e+00 1.000000000000000048e-04 2.929841772623564822e-03 1.000000000000000000e+00
-3.580249999999999932e+00 1.000000000000000048e-04 2.932513260727879264e-03 1.000000000000000000e+00
-3.579499999999999904e+00 1.000000000000000048e-04 2.935187205557656092e-03 1.000000000000000000e+00
-3.578749999999999876e+00 1.000000000000000048e-04 2.937863609400991668e-03 1.000000000000000000e+00
-3.578000000000000291e+00 1.000000000000000048e-04 2.940542474548147722e-03 1.000000000000000000e+00
-3.577250000000000263e+00 1.000000000000000048e-04 2.943223803291560026e-03 1.000000000000000000e+00
-3.576500000000000234e+00 1.000000000000000048e-04 2.945907597925828420e-03 1.000000000000000000e+00
-3.575750000000000206e+00 1.000000000000000048e-04 2.948593860747723318e-03 1.000000000000000000e+00
-3.575000000000000178e+00 1.000000000000000048e-04 2.951282594056195245e-03 1.000000000000000000e+00
-3.574250000000000149e+00 1.000000000000000048e-04 2.953973800152367903e-03 1.000000000000000000e+00
-3.573500000000000121e+00 1.000000000000000048e-04 2.956667481339543806e-03 1.000000000000000000e+00
-3.572750000000000092e+00 1.000000000000000048e-04 2.959363639923205148e-03 1.000000000000000000e+00
-3.572000000000000064e+00 1.000000000000000048e-04 2.962062278211019441e-03 1.000000000000000000e+00
-3.571250000000000036e+00 1.000000000000000048e-04 2.964763398512833877e-03 1.000000000000000000e+00
-3.570500000000000007e+00 1.000000000000000048e-04 2.967467003140688338e-03 1.000000000000000000e+00
-3.569749999999999979e+00 1.000000000000000048e-04 2.970173094408806724e-03 1.000000000000000000e+00
-3.568999999999999950e+00 1.000000000000000048e-04 2.972881674633608660e-03 1.000000000000000000e+00
-3.568249999999999922e+00 1.000000000000000048e-04 2.975592746133702560e-03 1.000000000000000000e+00
-3.567499999999999893e+00 1.000000000000000048e-04 2.978306311229892128e-03 1.000000000000000000e+00
-3.566749999999999865e+00 1.000000000000000048e-04 2.981022372245183301e-03 1.000000000000000000e+00
-3.565999999999999837e+00 1.000000000000000048e-04 2.983740931504777309e-03 1.000000000000000000e+00
-3.565249999999999808e+00 1.000000000000000048e-04 2.986461991336074144e-03 1.000000000000000000e+00
-3.564499999999999780e+00 1.000000000000000048e-04 2.989185554068685136e-03 1.000000000000000000e+00
-3.563749999999999751e+00 1.000000000000000048e-04 2.991911622034419942e-03 1.000000000000000000e+00
-3.562999999999999723e+00 1.000000000000000048e-04 2.994640197567303465e-03 1.000000000000000000e+00
-3.562249999999999694e+00 1.000000000000000048e-04 2.997371283003561968e-03 1.000000000000000000e+00
-3.561499999999999666e+00 1.000000000000000048e-04 3.000104880681641727e-03 1.000000000000000000e+00
-3.560749999999999638e+00 1.000000000000000048e-04 3.002840992942196890e-03 1.000000000000000000e+00
-3.560000000000000053e+00 1.000000000000000048e-04 3.005579622128101615e-03 1.000000000000000000e+00
-3.559250000000000025e+00 1.000000000000000048e-04 3.008320770584448339e-03 1.000000000000000000e+00
-3.558499999999999996e+00 1.000000000000000048e-04 3.011064440658549508e-03 1.000000000000000000e+00
-3.557749999999999968e+00 1.000000000000000048e-04 3.013810634699941489e-03 1.000000000000000000e+00
-3.556999999999999940e+00 1.000000000000000048e-04 3.016559355060380657e-03 1.000000000000000000e+00
-3.556249999999999911e+00 1.000000000000000048e-04 3.019310604093856844e-03 1.000000000000000000e+00
-3.555499999999999883e+00 1.000000000000000048e-04 3.022064384156585969e-03 1.000000000000000000e+00
-3.554750000000000298e+00 1.000000000000000048e-04 3.024820697607011333e-03 1.000000000000000000e+00
-3.554000000000000270e+00 1.000000000000000048e-04 3.027579546805820535e-03 1.000000000000000000e+00
-3.553250000000000242e+00 1.000000000000000048e-04 3.030340934115925960e-03 1.000000000000000000e+00
-3.552500000000000213e+00 1.000000000000000048e-04 3.033104861902481252e-03 1.000000000000000000e+00
-3.551750000000000185e+00 1.000000000000000048e-04 3.035871332532881321e-03 1.000000000000000000e+00
-3.551000000000000156e+00 1.000000000000000048e-04 3.038640348376760170e-03 1.000000000000000000e+00
-3.550250000000000128e+00 1.000000000000000048e-04 3.041411911805999135e-03 1.000000000000000000e+00
-3.549500000000000099e+00 1.000000000000000048e-04 3.044186025194725587e-03 1.000000000000000000e+00
-3.548750000000000071e+00 1.000000000000000048e-04 3.046962690919311195e-03 1.000000000000000000e+00
-3.548000000000000043e+00 1.000000000000000048e-04 3.049741911358382334e-03 1.000000000000000000e+00
-3.547250000000000014e+00 1.000000000000000048e-04 3.052523688892817919e-03 1.000000000000000000e+00
-3.546499999999999986e+00 1.000000000000000048e-04 3.055308025905748535e-03 1.000000000000000000e+00
-3.545749999999999957e+00 1.000000000000000048e-04 3.058094924782565980e-03 1.000000000000000000e+00
-3.544999999999999929e+00 1.000000000000000048e-04 3.060884387910919359e-03 1.000000000000000000e+00
-3.544249999999999901e+00 1.000000000000000048e-04 3.063676417680717690e-03 1.000000000000000000e+00
-3.543499999999999872e+00 1.000000000000000048e-04 3.066471016484135104e-03 1.000000000000000000e+00
-3.542749999999999844e+00 1.000000000000000048e-04 3.069268186715611284e-03 1.000000000000000000e+00
-3.541999999999999815e+00 1.000000000000000048e-04 3.072067930771854929e-03 1.000000000000000000e+00
-3.541249999999999787e+00 1.000000000000000048e-04 3.074870251051843324e-03 1.000000000000000000e+00
-3.540499999999999758e+00 1.000000000000000048e-04 3.077675149956826672e-03 1.000000000000000000e+00
-3.539749999999999730e+00 1.000000000000000048e-04 3.080482629890328103e-03 1.000000000000000000e+00
-3.538999999999999702e+00 1.000000000000000048e-04 3.083292693258150603e-03 1.000000000000000000e+00
-3.538249999999999673e+00 1.000000000000000048e-04 3.086105342468371815e-03 1.000000000000000000e+00
-3.537499999999999645e+00 1.000000000000000048e-04 3.088920579931353147e-03 1.000000000000000000e+00
-3.536750000000000060e+00 1.000000000000000048e-04 3.091738408059737601e-03 1.000000000000000000e+00
-3.536000000000000032e+00 1.000000000000000048e-04 3.094558829268456712e-03 1.000000000000000000e+00
-3.535250000000000004e+00 1.000000000000000048e-04 3.097381845974727516e-03 1.000000000000000000e+00
-3.534499999999999975e+00 1.000000000000000048e-04 3.100207460598054712e-03 1.000000000000000000e+00
-3.533749999999999947e+00 1.000000000000000048e-04 3.103035675560236739e-03 1.000000000000000000e+00
-3.532999999999999918e+00 1.000000000000000048e-04 3.105866493285366209e-03 1.000000000000000000e+00
-3.532249999999999890e+00 1.000000000000000048e-04 3.108699916199833373e-03 1.000000000000000000e+00
-3.531499999999999861e+00 1.000000000000000048e-04 3.111535946732323522e-03 1.000000000000000000e+00
-3.530750000000000277e+00 1.000000000000000048e-04 3.114374587313824792e-03 1.000000000000000000e+00
-3.530000000000000249e+00 1.000000000000000048e-04 3.117215840377630769e-03 1.000000000000000000e+00
-3.529250000000000220e+00 1.000000000000000048e-04 3.120059708359337013e-03 1.000000000000000000e+00
-3.528500000000000192e+00 1.000000000000000048e-04 3.122906193696845401e-03 1.000000000000000000e+00
-3.527750000000000163e+00 1.000000000000000048e-04 3.125755298830368897e-03 1.000000000000000000e+00
-3.527000000000000135e+00 1.000000000000000048e-04 3.128607026202435016e-03 1.000000000000000000e+00
-3.526250000000000107e+00 1.000000000000000048e-04 3.131461378257879326e-03 1.000000000000000000e+00
-3.525500000000000078e+00 1.000000000000000048e-04 3.134318357443859754e-03 1.000000000000000000e+00
-3.524750000000000050e+00 1.000000000000000048e-04 3.137177966209847915e-03 1.000000000000000000e+00
-3.524000000000000021e+00 1.000000000000000048e-04 3.140040207007636051e-03 1.000000000000000000e+00
-3.523249999999999993e+00 1.000000000000000048e-04 3.142905082291345704e-03 1.000000000000000000e+00
-3.522499999999999964e+00 1.000000000000000048e-04 3.145772594517416004e-03 1.000000000000000000e+00
-3.521749999999999936e+00 1.000000000000000048e-04 3.148642746144614517e-03 1.000000000000000000e+00
-3.520999999999999908e+00 1.000000000000000048e-04 3.151515539634043746e-03 1.000000000000000000e+00
-3.520249999999999879e+00 1.000000000000000048e-04 3.154390977449133323e-03 1.000000000000000000e+00
-3.519499999999999851e+00 1.000000000000000048e-04 3.157269062055646953e-03 1.000000000000000000e+00
-3.518749999999999822e+00 1.000000000000000048e-04 3.160149795921686315e-03 1.000000000000000000e+00
-3.517999999999999794e+00 1.000000000000000048e-04 3.163033181517689325e-03 1.000000000000000000e+00
-3.517249999999999766e+00 1.000000000000000048e-04 3.165919221316437944e-03 1.000000000000000000e+00
-3.516499999999999737e+00 1.000000000000000048e-04 3.168807917793054277e-03 1.000000000000000000e+00
-3.515749999999999709e+00 1.000000000000000048e-04 3.171699273425007508e-03 1.000000000000000000e+00
-3.514999999999999680e+00 1.000000000000000048e-04 3.174593290692111734e-03 1.000000000000000000e+00
-3.514249999999999652e+00 1.000000000000000048e-04 3.177489972076532037e-03 1.000000000000000000e+00
-3.513500000000000068e+00 1.000000000000000048e-04 3.180389320062787517e-03 1.000000000000000000e+00
-3.512750000000000039e+00 1.000000000000000048e-04 3.183291337137749560e-03 1.000000000000000000e+00
-3.512000000000000011e+00 1.000000000000000048e-04 3.186196025790646175e-03 1.000000000000000000e+00
-3.511249999999999982e+00 1.000000000000000048e-04 3.189103388513064158e-03 1.000000000000000000e+00
-3.510499999999999954e+00 1.000000000000000048e-04 3.192013427798951700e-03 1.000000000000000000e+00
-3.509749999999999925e+00 1.000000000000000048e-04 3.194926146144617084e-03 1.000000000000000000e+00
-3.508999999999999897e+00 1.000000000000000048e-04 3.197841546048739957e-03 1.000000000000000000e+00
-3.508249999999999869e+00 1.000000000000000048e-04 3.200759630012364396e-03 1.000000000000000000e+00
-3.507500000000000284e+00 1.000000000000000048e-04 3.203680400538900207e-03 1.000000000000000000e+00
-3.506750000000000256e+00 1.000000000000000048e-04 3.206603860134138537e-03 1.000000000000000000e+00
-3.506000000000000227e+00 1.000000000000000048e-04 3.209530011306241035e-03 1.000000000000000000e+00
-3.505250000000000199e+00 1.000000000000000048e-04 3.212458856565743315e-03 1.000000000000000000e+00
-3.504500000000000171e+00 1.000000000000000048e-04 3.215390398425563203e-03 1.000000000000000000e+00
-3.503750000000000142e+00 1.000000000000000048e-04 3.218324639400999432e-03 1.000000000000000000e+00
-3.503000000000000114e+00 1.000000000000000048e-04 3.221261582009734246e-03 1.000000000000000000e+00
-3.502250000000000085e+00 1.000000000000000048e-04 3.224201228771835133e-03 1.000000000000000000e+00
-3.501500000000000057e+00 1.000000000000000048e-04 3.227143582209760463e-03 1.000000000000000000e+00
-3.500750000000000028e+00 1.000000000000000048e-04 3.230088644848354285e-03 1.000000000000000000e+00
-3.500000000000000000e+00 1.000000000000000048e-04 3.233036419214857168e-03 1.000000000000000000e+00
-3.499249999999999972e+00 1.000000000000000048e-04 3.235986907838907072e-03 1.000000000000000000e+00
-3.498499999999999943e+00 1.000000000000000048e-04 3.238940113252531967e-03 1.000000000000000000e+00
-3.497749999999999915e+00 1.000000000000000048e-04 3.241896037990167189e-03 1.000000000000000000e+00
-3.496999999999999886e+00 1.000000000000000048e-04 3.244854684588646329e-03 1.000000000000000000e+00
-3.496249999999999858e+00 1.000000000000000048e-04 3.247816055587204268e-03 1.000000000000000000e+00
-3.495499999999999829e+00 1.000000000000000048e-04 3.250780153527491056e-03 1.000000000000000000e+00
-3.494749999999999801e+00 1.000000000000000048e-04 3.253746980953556300e-03 1.000000000000000000e+00
-3.493999999999999773e+00 1.000000000000000048e-04 3.256716540411866943e-03 1.000000000000000000e+00
-3.493249999999999744e+00 1.000000000000000048e-04 3.259688834451301195e-03 1.000000000000000000e+00
-3.492499999999999716e+00 1.000000000000000048e-04 3.262663865623153300e-03 1.000000000000000000e+00
-3.491749999999999687e+00 1.000000000000000048e-04 3.265641636481137443e-03 1.000000000000000000e+00
-3.490999999999999659e+00 1.000000000000000048e-04 3.268622149581383845e-03 1.000000000000000000e+00
-3.490250000000000075e+00 1.000000000000000048e-04 3.271605407482448304e-03 1.000000000000000000e+00
-3.489500000000000046e+00 1.000000000000000048e-04 3.274591412745316097e-03 1.000000000000000000e+00
-3.488750000000000018e+00 1.000000000000000048e-04 3.277580167933390708e-03 1.000000000000000000e+00
-3.487999999999999989e+00 1.000000000000000048e-04 3.280571675612512905e-03 1.000000000000000000e+00
-3.487249999999999961e+00 1.000000000000000048e-04 3.283565938350949901e-03 1.000000000000000000e+00
-3.486499999999999932e+00 1.000000000000000048e-04 3.286562958719409233e-03 1.000000000000000000e+00
-3.485749999999999904e+00 1.000000000000000048e-04 3.289562739291029651e-03 1.000000000000000000e+00
-3.484999999999999876e+00 1.000000000000000048e-04 3.292565282641394999e-03 1.000000000000000000e+00
-3.484250000000000291e+00 1.000000000000000048e-04 3.295570591348519467e-03 1.000000000000000000e+00
-3.483500000000000263e+00 1.000000000000000048e-04 3.298578667992877085e-03 1.000000000000000000e+00
-3.482750000000000234e+00 1.000000000000000048e-04 3.301589515157373964e-03 1.000000000000000000e+00
-3.482000000000000206e+00 1.000000000000000048e-04 3.304603135427372582e-03 1.000000000000000000e+00
-3.481250000000000178e+00 1.000000000000000048e-04 3.307619531390681815e-03 1.000000000000000000e+00
-3.480500000000000149e+00 1.000000000000000048e-04 3.310638705637564735e-03 1.000000000000000000e+00
-3.479750000000000121e+00 1.000000000000000048e-04 3.313660660760741651e-03 1.000000000000000000e+00
-3.479000000000000092e+00 1.000000000000000048e-04 3.316685399355388808e-03 1.000000000000000000e+00
-3.478250000000000064e+00 1.000000000000000048e-04 3.319712924019143589e-03 1.000000000000000000e+00
-3.477500000000000036e+00 1.000000000000000048e-04 3.322743237352104514e-03 1.000000000000000000e+00
-3.476750000000000007e+00 1.000000000000000048e-04 3.325776341956836885e-03 1.000000000000000000e+00
-3.475999999999999979e+00 1.000000000000000048e-04 3.328812240438371040e-03 1.000000000000000000e+00
-3.475249999999999950e+00 1.000000000000000048e-04 3.331850935404209301e-03 1.000000000000000000e+00
-3.474499999999999922e+00 1.000000000000000048e-04 3.334892429464323804e-03 1.000000000000000000e+00
-3.473749999999999893e+00 1.000000000000000048e-04 3.337936725231159963e-03 1.000000000000000000e+00
-3.472999999999999865e+00 1.000000000000000048e-04 3.340983825319646886e-03 1.000000000000000000e+00
-3.472249999999999837e+00 1.000000000000000048e-04 3.344033732347182191e-03 1.000000000000000000e+00
-3.471499999999999808e+00 1.000000000000000048e-04 3.347086448933651957e-03 1.000000000000000000e+00
-3.470749999999999780e+00 1.000000000000000048e-04 3.350141977701425085e-03 1.000000000000000000e+00
-3.469999999999999751e+00 1.000000000000000048e-04 3.353200321275354601e-03 1.000000000000000000e+00
-3.469249999999999723e+00 1.000000000000000048e-04 3.356261482282783728e-03 1.000000000000000000e+00
-3.468499999999999694e+00 1.000000000000000048e-04 3.359325463353546749e-03 1.000000000000000000e+00
-3.467749999999999666e+00 1.000000000000000048e-04 3.362392267119968577e-03 1.000000000000000000e+00
-3.466999999999999638e+00 1.000000000000000048e-04 3.365461896216875599e-03 1.000000000000000000e+00
-3.466250000000000053e+00 1.000000000000000048e-04 3.368534353281580924e-03 1.000000000000000000e+00
-3.465500000000000025e+00 1.000000000000000048e-04 3.371609640953913880e-03 1.000000000000000000e+00
-3.464749999999999996e+00 1.000000000000000048e-04 3.374687761876195725e-03 1.000000000000000000e+00
-3.463999999999999968e+00 1.000000000000000048e-04 3.377768718693254825e-03 1.000000000000000000e+00
-3.463249999999999940e+00 1.000000000000000048e-04 3.380852514052424054e-03 1.000000000000000000e+00
-3.462499999999999911e+00 1.000000000000000048e-04 3.383939150603557707e-03 1.000000000000000000e+00
-3.461749999999999883e+00 1.000000000000000048e-04 3.387028630999009381e-03 1.000000000000000000e+00
-3.461000000000000298e+00 1.000000000000000048e-04 3.390120957893655827e-03 1.000000000000000000e+00
-3.460250000000000270e+00 1.000000000000000048e-04 3.393216133944886113e-03 1.000000000000000000e+00
-3.459500000000000242e+00 1.000000000000000048e-04 3.396314161812613759e-03 1.000000000000000000e+00
-3.458750000000000213e+00 1.000000000000000048e-04 3.399415044159269806e-03 1.000000000000000000e+00
-3.458000000000000185e+00 1.000000000000000048e-04 3.402518783649810183e-03 1.000000000000000000e+00
-3.457250000000000156e+00 1.000000000000000048e-04 3.405625382951722648e-03 1.000000000000000000e+00
-3.456500000000000128e+00 1.000000000000000048e-04 3.408734844735017682e-03 1.000000000000000000e+00
-3.455750000000000099e+00 1.000000000000000048e-04 3.411847171672240629e-03 1.000000000000000000e+00
-3.455000000000000071e+00 1.000000000000000048e-04 3.414962366438472133e-03 1.000000000000000000e+00
-3.454250000000000043e+00 1.000000000000000048e-04 3.418080431711326399e-03 1.000000000000000000e+00
-3.453500000000000014e+00 1.000000000000000048e-04 3.421201370170959873e-03 1.000000000000000000e+00
-3.452749999999999986e+00 1.000000000000000048e-04 3.424325184500068200e-03 1.000000000000000000e+00
-3.451999999999999957e+00 1.000000000000000048e-04 3.427451877383889695e-03 1.000000000000000000e+00
-3.451249999999999929e+00 1.000000000000000048e-04 3.430581451510212286e-03 1.000000000000000000e+00
-3.450499999999999901e+00 1.000000000000000048e-04 3.433713909569368738e-03 1.000000000000000000e+00
-3.449749999999999872e+00 1.000000000000000048e-04 3.436849254254247497e-03 1.000000000000000000e+00
-3.448999999999999844e+00 1.000000000000000048e-04 3.439987488260287055e-03 1.000000000000000000e+00
-3.448249999999999815e+00 1.000000000000000048e-04 3.443128614285484185e-03 1.000000000000000000e+00
-3.447499999999999787e+00 1.000000000000000048e-04 3.446272635030390476e-03 1.000000000000000000e+00
-3.446749999999999758e+00 1.000000000000000048e-04 3.449419553198119701e-03 1.000000000000000000e+00
-3.445999999999999730e+00 1.000000000000000048e-04 3.452569371494353459e-03 1.000000000000000000e+00
-3.445249999999999702e+00 1.000000000000000048e-04 3.455722092627334235e-03 1.000000000000000000e+00
-3.444499999999999673e+00 1.000000000000000048e-04 3.458877719307874941e-03 1.000000000000000000e+00
-3.443749999999999645e+00 1.000000000000000048e-04 3.462036254249357178e-03 1.000000000000000000e+00
-3.443000000000000060e+00 1.000000000000000048e-04 3.465197700167734277e-03 1.000000000000000000e+00
-3.442250000000000032e+00 1.000000000000000048e-04 3.468362059781544739e-03 1.000000000000000000e+00
-3.441500000000000004e+00 1.000000000000000048e-04 3.471529335811893158e-03 1.000000000000000000e+00
-3.440749999999999975e+00 1.000000000000000048e-04 3.474699530982469729e-03 1.000000000000000000e+00
-3.439999999999999947e+00 1.000000000000000048e-04 3.477872648019550254e-03 1.000000000000000000e+00
-3.439249999999999918e+00 1.000000000000000048e-04 3.481048689651989637e-03 1.000000000000000000e+00
-3.438499999999999890e+00 1.000000000000000048e-04 3.484227658611237493e-03 1.000000000000000000e+00
-3.437749999999999861e+00 1.000000000000000048e-04 3.487409557631326439e-03 1.000000000000000000e+00
-3.437000000000000277e+00 1.000000000000000048e-04 3.490594389448889012e-03 1.000000000000000000e+00
-3.436250000000000249e+00 1.000000000000000048e-04 3.493782156803151590e-03 1.000000000000000000e+00
-3.435500000000000220e+00 1.000000000000000048e-04 3.496972862435935702e-03 1.000000000000000000e+00
-3.434750000000000192e+00 1.000000000000000048e-04 3.500166509091664092e-03 1.000000000000000000e+00
-3.434000000000000163e+00 1.000000000000000048e-04 3.503363099517364625e-03 1.000000000000000000e+00
-3.433250000000000135e+00 1.000000000000000048e-04 3.506562636462664650e-03 1.000000000000000000e+00
-3.432500000000000107e+00 1.000000000000000048e-04 3.509765122679804877e-03 1.000000000000000000e+00
-3.431750000000000078e+00 1.000000000000000048e-04 3.512970560923635473e-03 1.000000000000000000e+00
-3.431000000000000050e+00 1.000000000000000048e-04 3.516178953951617798e-03 1.000000000000000000e+00
-3.430250000000000021e+00 1.000000000000000048e-04 3.519390304523828308e-03 1.000000000000000000e+00
-3.429499999999999993e+00 1.000000000000000048e-04 3.522604615402961589e-03 1.000000000000000000e+00
-3.428749999999999964e+00 1.000000000000000048e-04 3.525821889354334698e-03 1.000000000000000000e+00
-3.427999999999999936e+00 1.000000000000000048e-04 3.529042129145882820e-03 1.000000000000000000e+00
-3.427249999999999908e+00 1.000000000000000048e-04 3.532265337548170982e-03 1.000000000000000000e+00
-3.426499999999999879e+00 1.000000000000000048e-04 3.535491517334388416e-03 1.000000000000000000e+00
-3.425749999999999851e+00 1.000000000000000048e-04 3.538720671280356361e-03 1.000000000000000000e+00
-3.424999999999999822e+00 1.000000000000000048e-04 3.541952802164529800e-03 1.000000000000000000e+00
-3.424249999999999794e+00 1.000000000000000048e-04 3.545187912767997461e-03 1.000000000000000000e+00
-3.423499999999999766e+00 1.000000000000000048e-04 3.548426005874483116e-03 1.000000000000000000e+00
-3.422749999999999737e+00 1.000000000000000048e-04 3.551667084270358592e-03 1.000000000000000000e+00
-3.421999999999999709e+00 1.000000000000000048e-04 3.554911150744630762e-03 1.000000000000000000e+00
-3.421249999999999680e+00 1.000000000000000048e-04 3.558158208088954989e-03 1.000000000000000000e+00
-3.420499999999999652e+00 1.000000000000000048e-04 3.561408259097633821e-03 1.000000000000000000e+00
-3.419750000000000068e+00 1.000000000000000048e-04 3.564661306567622201e-03 1.000000000000000000e+00
-3.419000000000000039e+00 1.000000000000000048e-04 3.567917353298527463e-03 1.000000000000000000e+00
-3.418250000000000011e+00 1.000000000000000048e-04 3.571176402092609333e-03 1.000000000000000000e+00
-3.417499999999999982e+00 1.000000000000000048e-04 3.574438455754787736e-03 1.000000000000000000e+00
-3.416749999999999954e+00 1.000000000000000048e-04 3.577703517092644097e-03 1.000000000000000000e+00
-3.415999999999999925e+00 1.000000000000000048e-04 3.580971588916422640e-03 1.000000000000000000e+00
-3.415249999999999897e+00 1.000000000000000048e-04 3.584242674039030390e-03 1.000000000000000000e+00
-3.414499999999999869e+00 1.000000000000000048e-04 3.587516775276045414e-03 1.000000000000000000e+00
-3.413750000000000284e+00 1.000000000000000048e-04 3.590793895445711613e-03 1.000000000000000000e+00
-3.413000000000000256e+00 1.000000000000000048e-04 3.594074037368954772e-03 1.000000000000000000e+00
-3.412250000000000227e+00 1.000000000000000048e-04 3.597357203869374753e-03 1.000000000000000000e+00
-3.411500000000000199e+00 1.000000000000000048e-04 3.600643397773240720e-03 1.000000000000000000e+00
-3.410750000000000171e+00 1.000000000000000048e-04 3.603932621909511098e-03 1.000000000000000000e+00
-3.410000000000000142e+00 1.000000000000000048e-04 3.607224879109822719e-03 1.000000000000000000e+00
-3.409250000000000114e+00 1.000000000000000048e-04 3.610520172208505577e-03 1.000000000000000000e+00
-3.408500000000000085e+00 1.000000000000000048e-04 3.613818504042568512e-03 1.000000000000000000e+00
-3.407750000000000057e+00 1.000000000000000048e-04 3.617119877451721761e-03 1.000000000000000000e+00
-3.407000000000000028e+00 1.000000000000000048e-04 3.620424295278360481e-03 1.000000000000000000e+00
-3.406250000000000000e+00 1.000000000000000048e-04 3.623731760367581659e-03 1.000000000000000000e+00
-3.405499999999999972e+00 1.000000000000000048e-04 3.627042275567179345e-03 1.000000000000000000e+00
-3.404749999999999943e+00 1.000000000000000048e-04 3.630355843727648118e-03 1.000000000000000000e+00
-3.403999999999999915e+00 1.000000000000000048e-04 3.633672467702188727e-03 1.000000000000000000e+00
-3.403249999999999886e+00 1.000000000000000048e-04 3.636992150346705487e-03 1.000000000000000000e+00
-3.402499999999999858e+00 1.000000000000000048e-04 3.640314894519814087e-03 1.000000000000000000e+00
-3.401749999999999829e+00 1.000000000000000048e-04 3.643640703082841152e-03 1.000000000000000000e+00
-3.400999999999999801e+00 1.000000000000000048e-04 3.646969578899826852e-03 1.000000000000000000e+00
-3.400249999999999773e+00 1.000000000000000048e-04 3.650301524837531834e-03 1.000000000000000000e+00
-3.399499999999999744e+00 1.000000000000000048e-04 3.653636543765432457e-03 1.000000000000000000e+00
-3.398749999999999716e+00 1.000000000000000048e-04 3.656974638555725993e-03 1.000000000000000000e+00
-3.397999999999999687e+00 1.000000000000000048e-04 3.660315812083340167e-03 1.000000000000000000e+00
-3.397249999999999659e+00 1.000000000000000048e-04 3.663660067225923619e-03 1.000000000000000000e+00
-3.396500000000000075e+00 1.000000000000000048e-04 3.667007406863856313e-03 1.000000000000000000e+00
-3.395750000000000046e+00 1.000000000000000048e-04 3.670357833880258207e-03 1.000000000000000000e+00
-3.395000000000000018e+00 1.000000000000000048e-04 3.673711351160973641e-03 1.000000000000000000e+00
-3.394249999999999989e+00 1.000000000000000048e-04 3.677067961594590421e-03 1.000000000000000000e+00
-3.393499999999999961e+00 1.000000000000000048e-04 3.680427668072435050e-03 1.000000000000000000e+00
-3.392749999999999932e+00 1.000000000000000048e-04 3.683790473488576626e-03 1.000000000000000000e+00
-3.391999999999999904e+00 1.000000000000000048e-04 3.687156380739833351e-03 1.000000000000000000e+00
-3.391249999999999876e+00 1.000000000000000048e-04 3.690525392725763423e-03 1.000000000000000000e+00
-3.390500000000000291e+00 1.000000000000000048e-04 3.693897512348683250e-03 1.000000000000000000e+00
-3.389750000000000263e+00 1.000000000000000048e-04 3.697272742513663547e-03 1.000000000000000000e+00
-3.389000000000000234e+00 1.000000000000000048e-04 3.700651086128527167e-03 1.000000000000000000e+00
-3.388250000000000206e+00 1.000000000000000048e-04 3.704032546103850406e-03 1.000000000000000000e+00
-3.387500000000000178e+00 1.000000000000000048e-04 3.707417125352982946e-03 1.000000000000000000e+00
-3.386750000000000149e+00 1.000000000000000048e-04 3.710804826792029210e-03 1.000000000000000000e+00
-3.386000000000000121e+00 1.000000000000000048e-04 3.714195653339862676e-03 1.000000000000000000e+00
-3.385250000000000092e+00 1.000000000000000048e-04 3.717589607918128040e-03 1.000000000000000000e+00
-3.384500000000000064e+00 1.000000000000000048e-04 3.720986693451236449e-03 1.000000000000000000e+00
-3.383750000000000036e+00 1.000000000000000048e-04 3.724386912866379379e-03 1.000000000000000000e+00
-3.383000000000000007e+00 1.000000000000000048e-04 3.727790269093523862e-03 1.000000000000000000e+00
-3.382249999999999979e+00 1.000000000000000048e-04 3.731196765065415526e-03 1.000000000000000000e+00
-3.381499999999999950e+00 1.000000000000000048e-04 3.734606403717579022e-03 1.000000000000000000e+00
-3.380749999999999922e+00 1.000000000000000048e-04 3.738019187988330608e-03 1.000000000000000000e+00
-3.379999999999999893e+00 1.000000000000000048e-04 3.741435120818769906e-03 1.000000000000000000e+00
-3.379249999999999865e+00 1.000000000000000048e-04 3.744854205152788138e-03 1.000000000000000000e+00
-3.378499999999999837e+00 1.000000000000000048e-04 3.748276443937071170e-03 1.000000000000000000e+00
-3.377749999999999808e+00 1.000000000000000048e-04 3.751701840121094735e-03 1.000000000000000000e+00
-3.376999999999999780e+00 1.000000000000000048e-04 3.755130396657140046e-03 1.000000000000000000e+00
-3.376249999999999751e+00 1.000000000000000048e-04 3.758562116500284260e-03 1.000000000000000000e+00
-3.375499999999999723e+00 1.000000000000000048e-04 3.761997002608410447e-03 1.000000000000000000e+00
-3.374749999999999694e+00 1.000000000000000048e-04 3.765435057942208459e-03 1.000000000000000000e+00
-3.373999999999999666e+00 1.000000000000000048e-04 3.768876285465173198e-03 1.000000000000000000e+00
-3.373249999999999638e+00 1.000000000000000048e-04 3.772320688143614587e-03 1.000000000000000000e+00
-3.372500000000000053e+00 1.000000000000000048e-04 3.775768268946656705e-03 1.000000000000000000e+00
-3.371750000000000025e+00 1.000000000000000048e-04 3.779219030846240387e-03 1.000000000000000000e+00
-3.370999999999999996e+00 1.000000000000000048e-04 3.782672976817126696e-03 1.000000000000000000e+00
-3.370249999999999968e+00 1.000000000000000048e-04 3.786130109836897354e-03 1.000000000000000000e+00
-3.369499999999999940e+00 1.000000000000000048e-04 3.789590432885959516e-03 1.000000000000000000e+00
-3.368749999999999911e+00 1.000000000000000048e-04 3.793053948947548368e-03 1.000000000000000000e+00
-3.367999999999999883e+00 1.000000000000000048e-04 3.796520661007728864e-03 1.000000000000000000e+00
-3.367250000000000298e+00 1.000000000000000048e-04 3.799990572055399630e-03 1.000000000000000000e+00
-3.366500000000000270e+00 1.000000000000000048e-04 3.803463685082298165e-03 1.000000000000000000e+00
-3.365750000000000242e+00 1.000000000000000048e-04 3.806940003082993473e-03 1.000000000000000000e+00
-3.365000000000000213e+00 1.000000000000000048e-04 3.810419529054902103e-03 1.000000000000000000e+00
-3.364250000000000185e+00 1.000000000000000048e-04 3.813902265998281652e-03 1.000000000000000000e+00
-3.363500000000000156e+00 1.000000000000000048e-04 3.817388216916234225e-03 1.000000000000000000e+00
-3.362750000000000128e+00 1.000000000000000048e-04 3.820877384814717719e-03 1.000000000000000000e+00
-3.362000000000000099e+00 1.000000000000000048e-04 3.824369772702537577e-03 1.000000000000000000e+00
-3.361250000000000071e+00 1.000000000000000048e-04 3.827865383591350264e-03 1.000000000000000000e+00
-3.360500000000000043e+00 1.000000000000000048e-04 3.831364220495677136e-03 1.000000000000000000e+00
-3.359750000000000014e+00 1.000000000000000048e-04 3.834866286432895340e-03 1.000000000000000000e+00
-3.358999999999999986e+00 1.000000000000000048e-04 3.838371584423246486e-03 1.000000000000000000e+00
-3.358249999999999957e+00 1.000000000000000048e-04 3.841880117489837945e-03 1.000000000000000000e+00
-3.357499999999999929e+00 1.000000000000000048e-04 3.845391888658641118e-03 1.000000000000000000e+00
-3.356749999999999901e+00 1.000000000000000048e-04 3.848906900958505312e-03 1.000000000000000000e+00
-3.355999999999999872e+00 1.000000000000000048e-04 3.852425157421148199e-03 1.000000000000000000e+00
-3.355249999999999844e+00 1.000000000000000048e-04 3.855946661081167091e-03 1.000000000000000000e+00
-3.354499999999999815e+00 1.000000000000000048e-04 3.859471414976037643e-03 1.000000000000000000e+00
-3.353749999999999787e+00 1.000000000000000048e-04 3.862999422146114279e-03 1.000000000000000000e+00
-3.352999999999999758e+00 1.000000000000000048e-04 3.866530685634645380e-03 1.000000000000000000e+00
-3.352249999999999730e+00 1.000000000000000048e-04 3.870065208487753327e-03 1.000000000000000000e+00
-3.351499999999999702e+00 1.000000000000000048e-04 3.873602993754463562e-03 1.000000000000000000e+00
-3.350749999999999673e+00 1.000000000000000048e-04 3.877144044486683771e-03 1.000000000000000000e+00
-3.349999999999999645e+00 1.000000000000000048e-04 3.880688363739224697e-03 1.000000000000000000e+00
-3.349250000000000060e+00 1.000000000000000048e-04 3.884235954569791906e-03 1.000000000000000000e+00
-3.348500000000000032e+00 1.000000000000000048e-04 3.887786820038996189e-03 1.000000000000000000e+00
-3.347750000000000004e+00 1.000000000000000048e-04 3.891340963210347930e-03 1.000000000000000000e+00
-3.346999999999999975e+00 1.000000000000000048e-04 3.894898387150265342e-03 1.000000000000000000e+00
-3.346249999999999947e+00 1.000000000000000048e-04 3.898459094928076202e-03 1.000000000000000000e+00
-3.345499999999999918e+00 1.000000000000000048e-04 3.902023089616019156e-03 1.000000000000000000e+00
-3.344749999999999890e+00 1.000000000000000048e-04 3.905590374289253687e-03 1.000000000000000000e+00
-3.343999999999999861e+00 1.000000000000000048e-04 3.909160952025847978e-03 1.000000000000000000e+00
-3.343250000000000277e+00 1.000000000000000048e-04 3.912734825906797990e-03 1.000000000000000000e+00
-3.342500000000000249e+00 1.000000000000000048e-04 3.916311999016021395e-03 1.000000000000000000e+00
-3.341750000000000220e+00 1.000000000000000048e-04 3.919892474440359736e-03 1.000000000000000000e+00
-3.341000000000000192e+00 1.000000000000000048e-04 3.923476255269585378e-03 1.000000000000000000e+00
-3.340250000000000163e+00 1.000000000000000048e-04 3.927063344596401495e-03 1.000000000000000000e+00
-3.339500000000000135e+00 1.000000000000000048e-04 3.930653745516444683e-03 1.000000000000000000e+00
-3.338750000000000107e+00 1.000000000000000048e-04 3.934247461128291892e-03 1.000000000000000000e+00
-3.338000000000000078e+00 1.000000000000000048e-04 3.937844494533455225e-03 1.000000000000000000e+00
-3.337250000000000050e+00 1.000000000000000048e-04 3.941444848836395815e-03 1.000000000000000000e+00
-3.336500000000000021e+00 1.000000000000000048e-04 3.945048527144516884e-03 1.000000000000000000e+00
-3.335749999999999993e+00 1.000000000000000048e-04 3.948655532568167217e-03 1.000000000000000000e+00
-3.334999999999999964e+00 1.000000000000000048e-04 3.952265868220649833e-03 1.000000000000000000e+00
-3.334249999999999936e+00 1.000000000000000048e-04 3.955879537218224586e-03 1.000000000000000000e+00
-3.333499999999999908e+00 1.000000000000000048e-04 3.959496542680103828e-03 1.000000000000000000e+00
-3.332749999999999879e+00 1.000000000000000048e-04 3.963116887728459353e-03 1.000000000000000000e+00
-3.331999999999999851e+00 1.000000000000000048e-04 3.966740575488428462e-03 1.000000000000000000e+00
-3.331249999999999822e+00 1.000000000000000048e-04 3.970367609088109630e-03 1.000000000000000000e+00
-3.330499999999999794e+00 1.000000000000000048e-04 3.973997991658573779e-03 1.000000000000000000e+00
-3.329749999999999766e+00 1.000000000000000048e-04 3.977631726333858211e-03 1.000000000000000000e+00
-3.328999999999999737e+00 1.000000000000000048e-04 3.981268816250981349e-03 1.000000000000000000e+00
-3.328249999999999709e+00 1.000000000000000048e-04 3.984909264549927124e-03 1.000000000000000000e+00
-3.327499999999999680e+00 1.000000000000000048e-04 3.988553074373665797e-03 1.000000000000000000e+00
-3.326749999999999652e+00 1.000000000000000048e-04 3.992200248868152217e-03 1.000000000000000000e+00
-3.326000000000000068e+00 1.000000000000000048e-04 3.995850791182316286e-03 1.000000000000000000e+00
-3.325250000000000039e+00 1.000000000000000048e-04 3.999504704468085509e-03 1.000000000000000000e+00
-3.324500000000000011e+00 1.000000000000000048e-04 4.003161991880374582e-03 1.000000000000000000e+00
-3.323749999999999982e+00 1.000000000000000048e-04 4.006822656577091468e-03 1.000000000000000000e+00
-3.322999999999999954e+00 1.000000000000000048e-04 4.010486701719139999e-03 1.000000000000000000e+00
-3.322249999999999925e+00 1.000000000000000048e-04 4.014154130470419871e-03 1.000000000000000000e+00
-3.321499999999999897e+00 1.000000000000000048e-04 4.017824945997840527e-03 1.000000000000000000e+00
-3.320749999999999869e+00 1.000000000000000048e-04 4.021499151471310748e-03 1.000000000000000000e+00
-3.320000000000000284e+00 1.000000000000000048e-04 4.025176750063747325e-03 1.000000000000000000e+00
-3.319250000000000256e+00 1.000000000000000048e-04 4.028857744951077659e-03 1.000000000000000000e+00
-3.318500000000000227e+00 1.000000000000000048e-04 4.032542139312247573e-03 1.000000000000000000e+00
-3.317750000000000199e+00 1.000000000000000048e-04 4.036229936329210032e-03 1.000000000000000000e+00
-3.317000000000000171e+00 1.000000000000000048e-04 4.039921139186945093e-03 1.000000000000000000e+00
-3.316250000000000142e+00 1.000000000000000048e-04 4.043615751073450365e-03 1.000000000000000000e+00
-3.315500000000000114e+00 1.000000000000000048e-04 4.047313775179746213e-03 1.000000000000000000e+00
-3.314750000000000085e+00 1.000000000000000048e-04 4.051015214699887901e-03 1.000000000000000000e+00
-3.314000000000000057e+00 1.000000000000000048e-04 4.054720072830955181e-03 1.000000000000000000e+00
-3.313250000000000028e+00 1.000000000000000048e-04 4.058428352773064442e-03 1.000000000000000000e+00
-3.312500000000000000e+00 1.000000000000000048e-04 4.062140057729366101e-03 1.000000000000000000e+00
-3.311749999999999972e+00 1.000000000000000048e-04 4.065855190906051547e-03 1.000000000000000000e+00
-3.310999999999999943e+00 1.000000000000000048e-04 4.069573755512349671e-03 1.000000000000000000e+00
-3.310249999999999915e+00 1.000000000000000048e-04 4.073295754760542474e-03 1.000000000000000000e+00
-3.309499999999999886e+00 1.000000000000000048e-04 4.077021191865952930e-03 1.000000000000000000e+00
-3.308749999999999858e+00 1.000000000000000048e-04 4.080750070046958861e-03 1.000000000000000000e+00
-3.307999999999999829e+00 1.000000000000000048e-04 4.084482392524985996e-03 1.000000000000000000e+00
-3.307249999999999801e+00 1.000000000000000048e-04 4.088218162524524454e-03 1.000000000000000000e+00
-3.306499999999999773e+00 1.000000000000000048e-04 4.091957383273117470e-03 1.000000000000000000e+00
-3.305749999999999744e+00 1.000000000000000048e-04 4.095700058001371796e-03 1.000000000000000000e+00
-3.304999999999999716e+00 1.000000000000000048e-04 4.099446189942962046e-03 1.000000000000000000e+00
-3.304249999999999687e+00 1.000000000000000048e-04 4.103195782334626354e-03 1.000000000000000000e+00
-3.303499999999999659e+00 1.000000000000000048e-04 4.106948838416177652e-03 1.000000000000000000e+00
-3.302750000000000075e+00 1.000000000000000048e-04 4.110705361430499333e-03 1.000000000000000000e+00
-3.302000000000000046e+00 1.000000000000000048e-04 4.114465354623560861e-03 1.000000000000000000e+00
-3.301250000000000018e+00 1.000000000000000048e-04 4.118228821244396091e-03 1.000000000000000000e+00
-3.300499999999999989e+00 1.000000000000000048e-04 4.121995764545134493e-03 1.000000000000000000e+00
-3.299749999999999961e+00 1.000000000000000048e-04 4.125766187780983800e-03 1.000000000000000000e+00
-3.298999999999999932e+00 1.000000000000000048e-04 4.129540094210242158e-03 1.000000000000000000e+00
-3.298249999999999904e+00 1.000000000000000048e-04 4.133317487094300725e-03 1.000000000000000000e+00
-3.297499999999999876e+00 1.000000000000000048e-04 4.137098369697643670e-03 1.000000000000000000e+00
-3.296750000000000291e+00 1.000000000000000048e-04 4.140882745287848173e-03 1.000000000000000000e+00
-3.296000000000000263e+00 1.000000000000000048e-04 4.144670617135602642e-03 1.000000000000000000e+00
-3.295250000000000234e+00 1.000000000000000048e-04 4.148461988514687629e-03 1.000000000000000000e+00
-3.294500000000000206e+00 1.000000000000000048e-04 4.152256862701992311e-03 1.000000000000000000e+00
-3.293750000000000178e+00 1.000000000000000048e-04 4.156055242977520561e-03 1.000000000000000000e+00
-3.293000000000000149e+00 1.000000000000000048e-04 4.159857132624378805e-03 1.000000000000000000e+00
-3.292250000000000121e+00 1.000000000000000048e-04 4.163662534928795102e-03 1.000000000000000000e+00
-3.291500000000000092e+00 1.000000000000000048e-04 4.167471453180115679e-03 1.000000000000000000e+00
-3.290750000000000064e+00 1.000000000000000048e-04 4.171283890670800590e-03 1.000000000000000000e+00
-3.290000000000000036e+00 1.000000000000000048e-04 4.175099850696441066e-03 1.000000000000000000e+00
-3.289250000000000007e+00 1.000000000000000048e-04 4.178919336555751707e-03 1.000000000000000000e+00
-3.288499999999999979e+00 1.000000000000000048e-04 4.182742351550575687e-03 1.000000000000000000e+00
-3.287749999999999950e+00 1.000000000000000048e-04 4.186568898985888222e-03 1.000000000000000000e+00
-3.286999999999999922e+00 1.000000000000000048e-04 4.190398982169806115e-03 1.000000000000000000e+00
-3.286249999999999893e+00 1.000000000000000048e-04 4.194232604413579077e-03 1.000000000000000000e+00
-3.285499999999999865e+00 1.000000000000000048e-04 4.198069769031596669e-03 1.000000000000000000e+00
-3.284749999999999837e+00 1.000000000000000048e-04 4.201910479341398712e-03 1.000000000000000000e+00
-3.283999999999999808e+00 1.000000000000000048e-04 4.205754738663666607e-03 1.000000000000000000e+00
-3.283249999999999780e+00 1.000000000000000048e-04 4.209602550322235487e-03 1.000000000000000000e+00
-3.282499999999999751e+00 1.000000000000000048e-04 4.213453917644094208e-03 1.000000000000000000e+00
-3.281749999999999723e+00 1.000000000000000048e-04 4.217308843959385357e-03 1.000000000000000000e+00
-3.280999999999999694e+00 1.000000000000000048e-04 4.221167332601410450e-03 1.000000000000000000e+00
-3.280249999999999666e+00 1.000000000000000048e-04 4.225029386906637742e-03 1.000000000000000000e+00
-3.279499999999999638e+00 1.000000000000000048e-04 4.228895010214696153e-03 1.000000000000000000e+00
-3.278750000000000053e+00 1.000000000000000048e-04 4.232764205868384810e-03 1.000000000000000000e+00
-3.278000000000000025e+00 1.000000000000000048e-04 4.236636977213674785e-03 1.000000000000000000e+00
-3.277249999999999996e+00 1.000000000000000048e-04 4.240513327599709087e-03 1.000000000000000000e+00
-3.276499999999999968e+00 1.000000000000000048e-04 4.244393260378810477e-03 1.000000000000000000e+00
-3.275749999999999940e+00 1.000000000000000048e-04 4.248276778906478861e-03 1.000000000000000000e+00
-3.274999999999999911e+00 1.000000000000000048e-04 4.252163886541401698e-03 1.000000000000000000e+00
-3.274249999999999883e+00 1.000000000000000048e-04 4.256054586645445330e-03 1.000000000000000000e+00
-3.273499999999999854e+00 1.000000000000000048e-04 4.259948882583676662e-03 1.000000000000000000e+00
-3.272750000000000270e+00 1.000000000000000048e-04 4.263846777724338011e-03 1.000000000000000000e+00
-3.272000000000000242e+00 1.000000000000000048e-04 4.267748275438889606e-03 1.000000000000000000e+00
-3.271250000000000213e+00 1.000000000000000048e-04 4.271653379101967955e-03 1.000000000000000000e+00
-3.270500000000000185e+00 1.000000000000000048e-04 4.275562092091423141e-03 1.000000000000000000e+00
-3.269750000000000156e+00 1.000000000000000048e-04 4.279474417788310149e-03 1.000000000000000000e+00
-3.269000000000000128e+00 1.000000000000000048e-04 4.283390359576881926e-03 1.000000000000000000e+00
-3.268250000000000099e+00 1.000000000000000048e-04 4.287309920844611932e-03 1.000000000000000000e+00
-3.267500000000000071e+00 1.000000000000000048e-04 4.291233104982181135e-03 1.000000000000000000e+00
-3.266750000000000043e+00 1.000000000000000048e-04 4.295159915383487542e-03 1.000000000000000000e+00
-3.266000000000000014e+00 1.000000000000000048e-04 4.299090355445648812e-03 1.000000000000000000e+00
-3.265249999999999986e+00 1.000000000000000048e-04 4.303024428569011788e-03 1.000000000000000000e+00
-3.264499999999999957e+00 1.000000000000000048e-04 4.306962138157133420e-03 1.000000000000000000e+00
-3.263749999999999929e+00 1.000000000000000048e-04 4.310903487616814592e-03 1.000000000000000000e+00
-3.262999999999999901e+00 1.000000000000000048e-04 4.314848480358081904e-03 1.000000000000000000e+00
-3.262249999999999872e+00 1.000000000000000048e-04 4.318797119794194617e-03 1.000000000000000000e+00
-3.261499999999999844e+00 1.000000000000000048e-04 4.322749409341650716e-03 1.000000000000000000e+00
-3.260749999999999815e+00 1.000000000000000048e-04 4.326705352420189520e-03 1.000000000000000000e+00
-3.259999999999999787e+00 1.000000000000000048e-04 4.330664952452797749e-03 1.000000000000000000e+00
-3.259249999999999758e+00 1.000000000000000048e-04 4.334628212865703455e-03 1.000000000000000000e+00
-3.258499999999999730e+00 1.000000000000000048e-04 4.338595137088382958e-03 1.000000000000000000e+00
-3.257749999999999702e+00 1.000000000000000048e-04 4.342565728553575595e-03 1.000000000000000000e+00
-3.256999999999999673e+00 1.000000000000000048e-04 4.346539990697265501e-03 1.000000000000000000e+00
-3.256249999999999645e+00 1.000000000000000048e-04 4.350517926958703298e-03 1.000000000000000000e+00
-3.255500000000000060e+00 1.000000000000000048e-04 4.354499540780396548e-03 1.000000000000000000e+00
-3.254750000000000032e+00 1.000000000000000048e-04 4.358484835608123636e-03 1.000000000000000000e+00
-3.254000000000000004e+00 1.000000000000000048e-04 4.362473814890925963e-03 1.000000000000000000e+00
-3.253249999999999975e+00 1.000000000000000048e-04 4.366466482081124423e-03 1.000000000000000000e+00
-3.252499999999999947e+00 1.000000000000000048e-04 4.370462840634302924e-03 1.000000000000000000e+00
-3.251749999999999918e+00 1.000000000000000048e-04 4.374462894009327474e-03 1.000000000000000000e+00
-3.250999999999999890e+00 1.000000000000000048e-04 4.378466645668348776e-03 1.000000000000000000e+00
-3.250249999999999861e+00 1.000000000000000048e-04 4.382474099076800501e-03 1.000000000000000000e+00
-3.249500000000000277e+00 1.000000000000000048e-04 4.386485257703393210e-03 1.000000000000000000e+00
-3.248750000000000249e+00 1.000000000000000048e-04 4.390500125020145583e-03 1.000000000000000000e+00
-3.248000000000000220e+00 1.000000000000000048e-04 4.394518704502353192e-03 1.000000000000000000e+00
-3.247250000000000192e+00 1.000000000000000048e-04 4.398540999628614521e-03 1.000000000000000000e+00
-3.246500000000000163e+00 1.000000000000000048e-04 4.402567013880825768e-03 1.000000000000000000e+00
-3.245750000000000135e+00 1.000000000000000048e-04 4.406596750744186906e-03 1.000000000000000000e+00
-3.245000000000000107e+00 1.000000000000000048e-04 4.410630213707200827e-03 1.000000000000000000e+00
-3.244250000000000078e+00 1.000000000000000048e-04 4.414667406261682872e-03 1.000000000000000000e+00
-3.243500000000000050e+00 1.000000000000000048e-04 4.418708331902753902e-03 1.000000000000000000e+00
-3.242750000000000021e+00 1.000000000000000048e-04 4.422752994128855905e-03 1.000000000000000000e+00
-3.241999999999999993e+00 1.000000000000000048e-04 4.426801396441745057e-03 1.000000000000000000e+00
-3.241249999999999964e+00 1.000000000000000048e-04 4.430853542346502132e-03 1.000000000000000000e+00
-3.240499999999999936e+00 1.000000000000000048e-04 4.434909435351525563e-03 1.000000000000000000e+00
-3.239749999999999908e+00 1.000000000000000048e-04 4.438969078968546186e-03 1.000000000000000000e+00
-3.238999999999999879e+00 1.000000000000000048e-04 4.443032476712625509e-03 1.000000000000000000e+00
-3.238249999999999851e+00 1.000000000000000048e-04 4.447099632102154837e-03 1.000000000000000000e+00
-3.237499999999999822e+00 1.000000000000000048e-04 4.451170548658865689e-03 1.000000000000000000e+00
-3.236749999999999794e+00 1.000000000000000048e-04 4.455245229907828924e-03 1.000000000000000000e+00
-3.235999999999999766e+00 1.000000000000000048e-04 4.459323679377454747e-03 1.000000000000000000e+00
-3.235249999999999737e+00 1.000000000000000048e-04 4.463405900599503109e-03 1.000000000000000000e+00
-3.234499999999999709e+00 1.000000000000000048e-04 4.467491897109081983e-03 1.000000000000000000e+00
-3.233749999999999680e+00 1.000000000000000048e-04 4.471581672444656028e-03 1.000000000000000000e+00
-3.232999999999999652e+00 1.000000000000000048e-04 4.475675230148031848e-03 1.000000000000000000e+00
-3.232250000000000068e+00 1.000000000000000048e-04 4.479772573764391821e-03 1.000000000000000000e+00
-3.231500000000000039e+00 1.000000000000000048e-04 4.483873706842268075e-03 1.000000000000000000e+00
-3.230750000000000011e+00 1.000000000000000048e-04 4.487978632933568510e-03 1.000000000000000000e+00
-3.229999999999999982e+00 1.000000000000000048e-04 4.492087355593554245e-03 1.000000000000000000e+00
-3.229249999999999954e+00 1.000000000000000048e-04 4.496199878380869978e-03 1.000000000000000000e+00
-3.228499999999999925e+00 1.000000000000000048e-04 4.500316204857530977e-03 1.000000000000000000e+00
-3.227749999999999897e+00 1.000000000000000048e-04 4.504436338588930014e-03 1.000000000000000000e+00
-3.226999999999999869e+00 1.000000000000000048e-04 4.508560283143837367e-03 1.000000000000000000e+00
-3.226250000000000284e+00 1.000000000000000048e-04 4.512688042094416437e-03 1.000000000000000000e+00
-3.225500000000000256e+00 1.000000000000000048e-04 4.516819619016208126e-03 1.000000000000000000e+00
-3.224750000000000227e+00 1.000000000000000048e-04 4.520955017488150797e-03 1.000000000000000000e+00
-3.224000000000000199e+00 1.000000000000000048e-04 4.525094241092567256e-03 1.000000000000000000e+00
-3.223250000000000171e+00 1.000000000000000048e-04 4.529237293415189040e-03 1.000000000000000000e+00
-3.222500000000000142e+00 1.000000000000000048e-04 4.533384178045139073e-03 1.000000000000000000e+00
-3.221750000000000114e+00 1.000000000000000048e-04 4.537534898574940335e-03 1.000000000000000000e+00
-3.221000000000000085e+00 1.000000000000000048e-04 4.541689458600534079e-03 1.000000000000000000e+00
-3.220250000000000057e+00 1.000000000000000048e-04 4.545847861721264219e-03 1.000000000000000000e+00
-3.219500000000000028e+00 1.000000000000000048e-04 4.550010111539883398e-03 1.000000000000000000e+00
-3.218750000000000000e+00 1.000000000000000048e-04 4.554176211662566004e-03 1.000000000000000000e+00
-3.217999999999999972e+00 1.000000000000000048e-04 4.558346165698901227e-03 1.000000000000000000e+00
-3.217249999999999943e+00 1.000000000000000048e-04 4.562519977261904336e-03 1.000000000000000000e+00
-3.216499999999999915e+00 1.000000000000000048e-04 4.566697649968018413e-03 1.000000000000000000e+00
-3.215749999999999886e+00 1.000000000000000048e-04 4.570879187437103947e-03 1.000000000000000000e+00
-3.214999999999999858e+00 1.000000000000000048e-04 4.575064593292467452e-03 1.000000000000000000e+00
-3.214249999999999829e+00 1.000000000000000048e-04 4.579253871160840657e-03 1.000000000000000000e+00
-3.213499999999999801e+00 1.000000000000000048e-04 4.583447024672396113e-03 1.000000000000000000e+00
-3.212749999999999773e+00 1.000000000000000048e-04 4.587644057460746327e-03 1.000000000000000000e+00
-3.211999999999999744e+00 1.000000000000000048e-04 4.591844973162961113e-03 1.000000000000000000e+00
-3.211249999999999716e+00 1.000000000000000048e-04 4.596049775419538096e-03 1.000000000000000000e+00
-3.210499999999999687e+00 1.000000000000000048e-04 4.600258467874437408e-03 1.000000000000000000e+00
-3.209749999999999659e+00 1.000000000000000048e-04 4.604471054175073019e-03 1.000000000000000000e+00
-3.208999999999999631e+00 1.000000000000000048e-04 4.608687537972320537e-03 1.000000000000000000e+00
-3.208250000000000046e+00 1.000000000000000048e-04 4.612907922920501599e-03 1.000000000000000000e+00
-3.207500000000000018e+00 1.000000000000000048e-04 4.617132212677426371e-03 1.000000000000000000e+00
-3.206749999999999989e+00 1.000000000000000048e-04 4.621360410904345843e-03 1.000000000000000000e+00
-3.205999999999999961e+00 1.000000000000000048e-04 4.625592521266002136e-03 1.000000000000000000e+00
-3.205249999999999932e+00 1.000000000000000048e-04 4.629828547430602480e-03 1.000000000000000000e+00
-3.204499999999999904e+00 1.000000000000000048e-04 4.634068493069827023e-03 1.000000000000000000e+00
-3.203749999999999876e+00 1.000000000000000048e-04 4.638312361858845309e-03 1.000000000000000000e+00
-3.203000000000000291e+00 1.000000000000000048e-04 4.642560157476305870e-03 1.000000000000000000e+00
-3.202250000000000263e+00 1.000000000000000048e-04 4.646811883604348367e-03 1.000000000000000000e+00
-3.201500000000000234e+00 1.000000000000000048e-04 4.651067543928595789e-03 1.000000000000000000e+00
-3.200750000000000206e+00 1.000000000000000048e-04 4.655327142138170060e-03 1.000000000000000000e+00
-3.200000000000000178e+00 1.000000000000000048e-04 4.659590681925686838e-03 1.000000000000000000e+00
-3.199250000000000149e+00 1.000000000000000048e-04 4.663858166987262452e-03 1.000000000000000000e+00
-3.198500000000000121e+00 1.000000000000000048e-04 4.668129601022521710e-03 1.000000000000000000e+00
-3.197750000000000092e+00 1.000000000000000048e-04 4.672404987734584889e-03 1.000000000000000000e+00
-3.197000000000000064e+00 1.000000000000000048e-04 4.676684330830092017e-03 1.000000000000000000e+00
-3.196250000000000036e+00 1.000000000000000048e-04 4.680967634019192469e-03 1.000000000000000000e+00
-3.195500000000000007e+00 1.000000000000000048e-04 4.685254901015553641e-03 1.000000000000000000e+00
-3.194749999999999979e+00 1.000000000000000048e-04 4.689546135536358344e-03 1.000000000000000000e+00
-3.193999999999999950e+00 1.000000000000000048e-04 4.693841341302318684e-03 1.000000000000000000e+00
-3.193249999999999922e+00 1.000000000000000048e-04 4.698140522037669124e-03 1.000000000000000000e+00
-3.192499999999999893e+00 1.000000000000000048e-04 4.702443681470171687e-03 1.000000000000000000e+00
-3.191749999999999865e+00 1.000000000000000048e-04 4.706750823331125495e-03 1.000000000000000000e+00
-3.190999999999999837e+00 1.000000000000000048e-04 4.711061951355367643e-03 1.000000000000000000e+00
-3.190249999999999808e+00 1.000000000000000048e-04 4.715377069281267118e-03 1.000000000000000000e+00
-3.189499999999999780e+00 1.000000000000000048e-04 4.719696180850742155e-03 1.000000000000000000e+00
-3.188749999999999751e+00 1.000000000000000048e-04 4.724019289809254160e-03 1.000000000000000000e+00
-3.187999999999999723e+00 1.000000000000000048e-04 4.728346399905814651e-03 1.000000000000000000e+00
-3.187249999999999694e+00 1.000000000000000048e-04 4.732677514892990461e-03 1.000000000000000000e+00
-3.186499999999999666e+00 1.000000000000000048e-04 4.737012638526898536e-03 1.000000000000000000e+00
-3.185749999999999638e+00 1.000000000000000048e-04 4.741351774567221546e-03 1.000000000000000000e+00
-3.185000000000000053e+00 1.000000000000000048e-04 4.745694926777197474e-03 1.000000000000000000e+00
-3.184250000000000025e+00 1.000000000000000048e-04 4.750042098923641307e-03 1.000000000000000000e+00
-3.183499999999999996e+00 1.000000000000000048e-04 4.754393294776926814e-03 1.000000000000000000e+00
-3.182749999999999968e+00 1.000000000000000048e-04 4.758748518111004765e-03 1.000000000000000000e+00
-3.181999999999999940e+00 1.000000000000000048e-04 4.763107772703402062e-03 1.000000000000000000e+00
-3.181249999999999911e+00 1.000000000000000048e-04 4.767471062335223476e-03 1.000000000000000000e+00
-3.180499999999999883e+00 1.000000000000000048e-04 4.771838390791162052e-03 1.000000000000000000e+00
-3.179749999999999854e+00 1.000000000000000048e-04 4.776209761859487833e-03 1.000000000000000000e+00
-3.179000000000000270e+00 1.000000000000000048e-04 4.780585179332063478e-03 1.000000000000000000e+00
-3.178250000000000242e+00 1.000000000000000048e-04 4.784964647004351194e-03 1.000000000000000000e+00
-3.177500000000000213e+00 1.000000000000000048e-04 4.789348168675400599e-03 1.000000000000000000e+00
-3.176750000000000185e+00 1.000000000000000048e-04 4.793735748147864330e-03 1.000000000000000000e+00
-3.176000000000000156e+00 1.000000000000000048e-04 4.798127389227998044e-03 1.000000000000000000e+00
-3.175250000000000128e+00 1.000000000000000048e-04 4.802523095725663022e-03 1.000000000000000000e+00
-3.174500000000000099e+00 1.000000000000000048e-04 4.806922871454329636e-03 1.000000000000000000e+00
-3.173750000000000071e+00 1.000000000000000048e-04 4.811326720231078220e-03 1.000000000000000000e+00
-3.173000000000000043e+00 1.000000000000000048e-04 4.815734645876612076e-03 1.000000000000000000e+00
-3.172250000000000014e+00 1.000000000000000048e-04 4.820146652215250536e-03 1.000000000000000000e+00
-3.171499999999999986e+00 1.000000000000000048e-04 4.824562743074934171e-03 1.000000000000000000e+00
-3.170749999999999957e+00 1.000000000000000048e-04 4.828982922287233456e-03 1.000000000000000000e+00
-3.169999999999999929e+00 1.000000000000000048e-04 4.833407193687345310e-03 1.000000000000000000e+00
-3.169249999999999901e+00 1.000000000000000048e-04 4.837835561114104364e-03 1.000000000000000000e+00
-3.168499999999999872e+00 1.000000000000000048e-04 4.842268028409974293e-03 1.000000000000000000e+00
-3.167749999999999844e+00 1.000000000000000048e-04 4.846704599421066025e-03 1.000000000000000000e+00
-3.166999999999999815e+00 1.000000000000000048e-04 4.851145277997129072e-03 1.000000000000000000e+00
-3.166249999999999787e+00 1.000000000000000048e-04 4.855590067991562807e-03 1.000000000000000000e+00
-3.165499999999999758e+00 1.000000000000000048e-04 4.860038973261412987e-03 1.000000000000000000e+00
-3.164749999999999730e+00 1.000000000000000048e-04 4.864491997667384771e-03 1.000000000000000000e+00
-3.163999999999999702e+00 1.000000000000000048e-04 4.868949145073831440e-03 1.000000000000000000e+00
-3.163249999999999673e+00 1.000000000000000048e-04 4.873410419348776085e-03 1.000000000000000000e+00
-3.162499999999999645e+00 1.000000000000000048e-04 4.877875824363897724e-03 1.000000000000000000e+00
-3.161750000000000060e+00 1.000000000000000048e-04 4.882345363994542581e-03 1.000000000000000000e+00
-3.161000000000000032e+00 1.000000000000000048e-04 4.886819042119738832e-03 1.000000000000000000e+00
-3.160250000000000004e+00 1.000000000000000048e-04 4.891296862622174051e-03 1.000000000000000000e+00
-3.159499999999999975e+00 1.000000000000000048e-04 4.895778829388224701e-03 1.000000000000000000e+00
-3.158749999999999947e+00 1.000000000000000048e-04 4.900264946307937054e-03 1.000000000000000000e+00
-3.157999999999999918e+00 1.000000000000000048e-04 4.904755217275048873e-03 1.000000000000000000e+00
-3.157249999999999890e+00 1.000000000000000048e-04 4.909249646186981605e-03 1.000000000000000000e+00
-3.156499999999999861e+00 1.000000000000000048e-04 4.913748236944852528e-03 1.000000000000000000e+00
-3.155750000000000277e+00 1.000000000000000048e-04 4.918250993453461735e-03 1.000000000000000000e+00
-3.155000000000000249e+00 1.000000000000000048e-04 4.922757919621332905e-03 1.000000000000000000e+00
-3.154250000000000220e+00 1.000000000000000048e-04 4.927269019360662125e-03 1.000000000000000000e+00
-3.153500000000000192e+00 1.000000000000000048e-04 4.931784296587365599e-03 1.000000000000000000e+00
-3.152750000000000163e+00 1.000000000000000048e-04 4.936303755221062295e-03 1.000000000000000000e+00
-3.152000000000000135e+00 1.000000000000000048e-04 4.940827399185086094e-03 1.000000000000000000e+00
-3.151250000000000107e+00 1.000000000000000048e-04 4.945355232406483184e-03 1.000000000000000000e+00
-3.150500000000000078e+00 1.000000000000000048e-04 4.949887258816023337e-03 1.000000000000000000e+00
-3.149750000000000050e+00 1.000000000000000048e-04 4.954423482348192104e-03 1.000000000000000000e+00
-3.149000000000000021e+00 1.000000000000000048e-04 4.958963906941202954e-03 1.000000000000000000e+00
-3.148249999999999993e+00 1.000000000000000048e-04 4.963508536537000748e-03 1.000000000000000000e+00
-3.147499999999999964e+00 1.000000000000000048e-04 4.968057375081257401e-03 1.000000000000000000e+00
-3.146749999999999936e+00 1.000000000000000048e-04 4.972610426523384024e-03 1.000000000000000000e+00
-3.145999999999999908e+00 1.000000000000000048e-04 4.977167694816534392e-03 1.000000000000000000e+00
-3.145249999999999879e+00 1.000000000000000048e-04 4.981729183917598010e-03 1.000000000000000000e+00
-3.144499999999999851e+00 1.000000000000000048e-04 4.986294897787212251e-03 1.000000000000000000e+00
-3.143749999999999822e+00 1.000000000000000048e-04 4.990864840389771032e-03 1.000000000000000000e+00
-3.142999999999999794e+00 1.000000000000000048e-04 4.995439015693410936e-03 1.000000000000000000e+00
-3.142249999999999766e+00 1.000000000000000048e-04 5.000017427670035500e-03 1.000000000000000000e+00
-3.141499999999999737e+00 1.000000000000000048e-04 5.004600080295298729e-03 1.000000000000000000e+00
-3.140749999999999709e+00 1.000000000000000048e-04 5.009186977548625054e-03 1.000000000000000000e+00
-3.139999999999999680e+00 1.000000000000000048e-04 5.013778123413206722e-03 1.000000000000000000e+00
-3.139249999999999652e+00 1.000000000000000048e-04 5.018373521875999464e-03 1.000000000000000000e+00
-3.138500000000000068e+00 1.000000000000000048e-04 5.022973176927735504e-03 1.000000000000000000e+00
-3.137750000000000039e+00 1.000000000000000048e-04 5.027577092562934835e-03 1.000000000000000000e+00
-3.137000000000000011e+00 1.000000000000000048e-04 5.032185272779887870e-03 1.000000000000000000e+00
-3.136249999999999982e+00 1.000000000000000048e-04 5.036797721580667589e-03 1.000000000000000000e+00
-3.135499999999999954e+00 1.000000000000000048e-04 5.041414442971141677e-03 1.000000000000000000e+00
-3.134749999999999925e+00 1.000000000000000048e-04 5.046035440960970793e-03 1.000000000000000000e+00
-3.133999999999999897e+00 1.000000000000000048e-04 5.050660719563602498e-03 1.000000000000000000e+00
-3.133249999999999869e+00 1.000000000000000048e-04 5.055290282796291203e-03 1.000000000000000000e+00
-3.132500000000000284e+00 1.000000000000000048e-04 5.059924134680086893e-03 1.000000000000000000e+00
-3.131750000000000256e+00 1.000000000000000048e-04 5.064562279239853346e-03 1.000000000000000000e+00
-3.131000000000000227e+00 1.000000000000000048e-04 5.069204720504254247e-03 1.000000000000000000e+00
-3.130250000000000199e+00 1.000000000000000048e-04 5.073851462505775747e-03 1.000000000000000000e+00
-3.129500000000000171e+00 1.000000000000000048e-04 5.078502509280707379e-03 1.000000000000000000e+00
-3.128750000000000142e+00 1.000000000000000048e-04 5.083157864869174147e-03 1.000000000000000000e+00
-3.128000000000000114e+00 1.000000000000000048e-04 5.087817533315110510e-03 1.000000000000000000e+00
-3.127250000000000085e+00 1.000000000000000048e-04 5.092481518666287267e-03 1.000000000000000000e+00
-3.126500000000000057e+00 1.000000000000000048e-04 5.097149824974297680e-03 1.000000000000000000e+00
-3.125750000000000028e+00 1.000000000000000048e-04 5.101822456294579158e-03 1.000000000000000000e+00
-3.125000000000000000e+00 1.000000000000000048e-04 5.106499416686395912e-03 1.000000000000000000e+00
-3.124249999999999972e+00 1.000000000000000048e-04 5.111180710212857164e-03 1.000000000000000000e+00
-3.123499999999999943e+00 1.000000000000000048e-04 5.115866340940920624e-03 1.000000000000000000e+00
-3.122749999999999915e+00 1.000000000000000048e-04 5.120556312941389014e-03 1.000000000000000000e+00
-3.121999999999999886e+00 1.000000000000000048e-04 5.125250630288917010e-03 1.000000000000000000e+00
-3.121249999999999858e+00 1.000000000000000048e-04 5.129949297062011242e-03 1.000000000000000000e+00
-3.120499999999999829e+00 1.000000000000000048e-04 5.134652317343042435e-03 1.000000000000000000e+00
-3.119749999999999801e+00 1.000000000000000048e-04 5.139359695218243679e-03 1.000000000000000000e+00
-3.118999999999999773e+00 1.000000000000000048e-04 5.144071434777706953e-03 1.000000000000000000e+00
-3.118249999999999744e+00 1.000000000000000048e-04 5.148787540115401344e-03 1.000000000000000000e+00
-3.117499999999999716e+00 1.000000000000000048e-04 5.153508015329165241e-03 1.000000000000000000e+00
-3.116749999999999687e+00 1.000000000000000048e-04 5.158232864520716741e-03 1.000000000000000000e+00
-3.115999999999999659e+00 1.000000000000000048e-04 5.162962091795647579e-03 1.000000000000000000e+00
-3.115249999999999631e+00 1.000000000000000048e-04 5.167695701263446545e-03 1.000000000000000000e+00
-3.114500000000000046e+00 1.000000000000000048e-04 5.172433697037468261e-03 1.000000000000000000e+00
-3.113750000000000018e+00 1.000000000000000048e-04 5.177176083234984356e-03 1.000000000000000000e+00
-3.112999999999999989e+00 1.000000000000000048e-04 5.181922863977141830e-03 1.000000000000000000e+00
-3.112249999999999961e+00 1.000000000000000048e-04 5.186674043388992544e-03 1.000000000000000000e+00
-3.111499999999999932e+00 1.000000000000000048e-04 5.191429625599493225e-03 1.000000000000000000e+00
-3.110749999999999904e+00 1.000000000000000048e-04 5.196189614741492449e-03 1.000000000000000000e+00
-3.109999999999999876e+00 1.000000000000000048e-04 5.200954014951769677e-03 1.000000000000000000e+00
-3.109250000000000291e+00 1.000000000000000048e-04 5.205722830370993620e-03 1.000000000000000000e+00
-3.108500000000000263e+00 1.000000000000000048e-04 5.210496065143770811e-03 1.000000000000000000e+00
-3.107750000000000234e+00 1.000000000000000048e-04 5.215273723418611777e-03 1.000000000000000000e+00
-3.107000000000000206e+00 1.000000000000000048e-04 5.220055809347957931e-03 1.000000000000000000e+00
-3.106250000000000178e+00 1.000000000000000048e-04 5.224842327088172894e-03 1.000000000000000000e+00
-3.105500000000000149e+00 1.000000000000000048e-04 5.229633280799558109e-03 1.000000000000000000e+00
-3.104750000000000121e+00 1.000000000000000048e-04 5.234428674646343302e-03 1.000000000000000000e+00
-3.104000000000000092e+00 1.000000000000000048e-04 5.239228512796690815e-03 1.000000000000000000e+00
-3.103250000000000064e+00 1.000000000000000048e-04 5.244032799422721630e-03 1.000000000000000000e+00
-3.102500000000000036e+00 1.000000000000000048e-04 5.248841538700486746e-03 1.000000000000000000e+00
-3.101750000000000007e+00 1.000000000000000048e-04 5.253654734809991463e-03 1.000000000000000000e+00
-3.100999999999999979e+00 1.000000000000000048e-04 5.258472391935191045e-03 1.000000000000000000e+00
-3.100249999999999950e+00 1.000000000000000048e-04 5.263294514264000266e-03 1.000000000000000000e+00
-3.099499999999999922e+00 1.000000000000000048e-04 5.268121105988291669e-03 1.000000000000000000e+00
-3.098749999999999893e+00 1.000000000000000048e-04 5.272952171303899906e-03 1.000000000000000000e+00
-3.097999999999999865e+00 1.000000000000000048e-04 5.277787714410632144e-03 1.000000000000000000e+00
-3.097249999999999837e+00 1.000000000000000048e-04 5.282627739512254193e-03 1.000000000000000000e+00
-3.096499999999999808e+00 1.000000000000000048e-04 5.287472250816521724e-03 1.000000000000000000e+00
-3.095749999999999780e+00 1.000000000000000048e-04 5.292321252535158588e-03 1.000000000000000000e+00
-3.094999999999999751e+00 1.000000000000000048e-04 5.297174748883868092e-03 1.000000000000000000e+00
-3.094249999999999723e+00 1.000000000000000048e-04 5.302032744082346011e-03 1.000000000000000000e+00
-3.093499999999999694e+00 1.000000000000000048e-04 5.306895242354273644e-03 1.000000000000000000e+00
-3.092749999999999666e+00 1.000000000000000048e-04 5.311762247927325625e-03 1.000000000000000000e+00
-3.091999999999999638e+00 1.000000000000000048e-04 5.316633765033172525e-03 1.000000000000000000e+00
-3.091250000000000053e+00 1.000000000000000048e-04 5.321509797907476511e-03 1.000000000000000000e+00
-3.090500000000000025e+00 1.000000000000000048e-04 5.326390350789924309e-03 1.000000000000000000e+00
-3.089749999999999996e+00 1.000000000000000048e-04 5.331275427924188175e-03 1.000000000000000000e+00
-3.088999999999999968e+00 1.000000000000000048e-04 5.336165033557965787e-03 1.000000000000000000e+00
-3.088249999999999940e+00 1.000000000000000048e-04 5.341059171942957699e-03 1.000000000000000000e+00
-3.087499999999999911e+00 1.000000000000000048e-04 5.345957847334892495e-03 1.000000000000000000e+00
-3.086749999999999883e+00 1.000000000000000048e-04 5.350861063993516374e-03 1.000000000000000000e+00
-3.085999999999999854e+00 1.000000000000000048e-04 5.355768826182600098e-03 1.000000000000000000e+00
-3.085250000000000270e+00 1.000000000000000048e-04 5.360681138169943322e-03 1.000000000000000000e+00
-3.084500000000000242e+00 1.000000000000000048e-04 5.365598004227389341e-03 1.000000000000000000e+00
-3.083750000000000213e+00 1.000000000000000048e-04 5.370519428630804275e-03 1.000000000000000000e+00
-3.083000000000000185e+00 1.000000000000000048e-04 5.375445415660099618e-03 1.000000000000000000e+00
-3.082250000000000156e+00 1.000000000000000048e-04 5.380375969599232241e-03 1.000000000000000000e+00
-3.081500000000000128e+00 1.000000000000000048e-04 5.385311094736208726e-03 1.000000000000000000e+00
-3.080750000000000099e+00 1.000000000000000048e-04 5.390250795363081895e-03 1.000000000000000000e+00
-3.080000000000000071e+00 1.000000000000000048e-04 5.395195075775962960e-03 1.000000000000000000e+00
-3.079250000000000043e+00 1.000000000000000048e-04 5.400143940275023251e-03 1.000000000000000000e+00
-3.078500000000000014e+00 1.000000000000000048e-04 5.405097393164496819e-03 1.000000000000000000e+00
-3.077749999999999986e+00 1.000000000000000048e-04 5.410055438752680440e-03 1.000000000000000000e+00
-3.076999999999999957e+00 1.000000000000000048e-04 5.415018081351942285e-03 1.000000000000000000e+00
-3.076249999999999929e+00 1.000000000000000048e-04 5.419985325278729726e-03 1.000000000000000000e+00
-3.075499999999999901e+00 1.000000000000000048e-04 5.424957174853558065e-03 1.000000000000000000e+00
-3.074749999999999872e+00 1.000000000000000048e-04 5.429933634401037414e-03 1.000000000000000000e+00
-3.073999999999999844e+00 1.000000000000000048e-04 5.434914708249848417e-03 1.000000000000000000e+00
-3.073249999999999815e+00 1.000000000000000048e-04 5.439900400732770869e-03 1.000000000000000000e+00
-3.072499999999999787e+00 1.000000000000000048e-04 5.444890716186672440e-03 1.000000000000000000e+00
-3.071749999999999758e+00 1.000000000000000048e-04 5.449885658952516483e-03 1.000000000000000000e+00
-3.070999999999999730e+00 1.000000000000000048e-04 5.454885233375371574e-03 1.000000000000000000e+00
-3.070249999999999702e+00 1.000000000000000048e-04 5.459889443804405440e-03 1.000000000000000000e+00
-3.069499999999999673e+00 1.000000000000000048e-04 5.464898294592892766e-03 1.000000000000000000e+00
-3.068749999999999645e+00 1.000000000000000048e-04 5.469911790098225604e-03 1.000000000000000000e+00
-3.068000000000000060e+00 1.000000000000000048e-04 5.474929934681899493e-03 1.000000000000000000e+00
-3.067250000000000032e+00 1.000000000000000048e-04 5.479952732709544687e-03 1.000000000000000000e+00
-3.066500000000000004e+00 1.000000000000000048e-04 5.484980188550900131e-03 1.000000000000000000e+00
-3.065749999999999975e+00 1.000000000000000048e-04 5.490012306579840351e-03 1.000000000000000000e+00
-3.064999999999999947e+00 1.000000000000000048e-04 5.495049091174365914e-03 1.000000000000000000e+00
-3.064249999999999918e+00 1.000000000000000048e-04 5.500090546716607763e-03 1.000000000000000000e+00
-3.063499999999999890e+00 1.000000000000000048e-04 5.505136677592843697e-03 1.000000000000000000e+00
-3.062749999999999861e+00 1.000000000000000048e-04 5.510187488193485361e-03 1.000000000000000000e+00
-3.062000000000000277e+00 1.000000000000000048e-04 5.515242982913086921e-03 1.000000000000000000e+00
-3.061250000000000249e+00 1.000000000000000048e-04 5.520303166150366744e-03 1.000000000000000000e+00
-3.060500000000000220e+00 1.000000000000000048e-04 5.525368042308177914e-03 1.000000000000000000e+00
-3.059750000000000192e+00 1.000000000000000048e-04 5.530437615793543787e-03 1.000000000000000000e+00
-3.059000000000000163e+00 1.000000000000000048e-04 5.535511891017639782e-03 1.000000000000000000e+00
-3.058250000000000135e+00 1.000000000000000048e-04 5.540590872395808122e-03 1.000000000000000000e+00
-3.057500000000000107e+00 1.000000000000000048e-04 5.545674564347556970e-03 1.000000000000000000e+00
-3.056750000000000078e+00 1.000000000000000048e-04 5.550762971296574304e-03 1.000000000000000000e+00
-3.056000000000000050e+00 1.000000000000000048e-04 5.555856097670709703e-03 1.000000000000000000e+00
-3.055250000000000021e+00 1.000000000000000048e-04 5.560953947902008178e-03 1.000000000000000000e+00
-3.054499999999999993e+00 1.000000000000000048e-04 5.566056526426684144e-03 1.000000000000000000e+00
-3.053749999999999964e+00 1.000000000000000048e-04 5.571163837685150048e-03 1.000000000000000000e+00
-3.052999999999999936e+00 1.000000000000000048e-04 5.576275886121999023e-03 1.000000000000000000e+00
-3.052249999999999908e+00 1.000000000000000048e-04 5.581392676186025699e-03 1.000000000000000000e+00
-3.051499999999999879e+00 1.000000000000000048e-04 5.586514212330221003e-03 1.000000000000000000e+00
-3.050749999999999851e+00 1.000000000000000048e-04 5.591640499011780834e-03 1.000000000000000000e+00
-3.049999999999999822e+00 1.000000000000000048e-04 5.596771540692101719e-03 1.000000000000000000e+00
-3.049249999999999794e+00 1.000000000000000048e-04 5.601907341836794701e-03 1.000000000000000000e+00
-3.048499999999999766e+00 1.000000000000000048e-04 5.607047906915679260e-03 1.000000000000000000e+00
-3.047749999999999737e+00 1.000000000000000048e-04 5.612193240402804130e-03 1.000000000000000000e+00
-3.046999999999999709e+00 1.000000000000000048e-04 5.617343346776427354e-03 1.000000000000000000e+00
-3.046249999999999680e+00 1.000000000000000048e-04 5.622498230519032761e-03 1.000000000000000000e+00
-3.045499999999999652e+00 1.000000000000000048e-04 5.627657896117339506e-03 1.000000000000000000e+00
-3.044750000000000068e+00 1.000000000000000048e-04 5.632822348062298604e-03 1.000000000000000000e+00
-3.044000000000000039e+00 1.000000000000000048e-04 5.637991590849098997e-03 1.000000000000000000e+00
-3.043250000000000011e+00 1.000000000000000048e-04 5.643165628977163222e-03 1.000000000000000000e+00
-3.042499999999999982e+00 1.000000000000000048e-04 5.648344466950169090e-03 1.000000000000000000e+00
-3.041749999999999954e+00 1.000000000000000048e-04 5.653528109276028009e-03 1.000000000000000000e+00
-3.040999999999999925e+00 1.000000000000000048e-04 5.658716560466918802e-03 1.000000000000000000e+00
-3.040249999999999897e+00 1.000000000000000048e-04 5.663909825039265163e-03 1.000000000000000000e+00
-3.039499999999999869e+00 1.000000000000000048e-04 5.669107907513759072e-03 1.000000000000000000e+00
-3.038750000000000284e+00 1.000000000000000048e-04 5.674310812415346919e-03 1.000000000000000000e+00
-3.038000000000000256e+00 1.000000000000000048e-04 5.679518544273258127e-03 1.000000000000000000e+00
-3.037250000000000227e+00 1.000000000000000048e-04 5.684731107620975658e-03 1.000000000000000000e+00
-3.036500000000000199e+00 1.000000000000000048e-04 5.689948506996269847e-03 1.000000000000000000e+00
-3.035750000000000171e+00 1.000000000000000048e-04 5.695170746941184518e-03 1.000000000000000000e+00
-3.035000000000000142e+00 1.000000000000000048e-04 5.700397832002053466e-03 1.000000000000000000e+00
-3.034250000000000114e+00 1.000000000000000048e-04 5.705629766729488316e-03 1.000000000000000000e+00
-3.033500000000000085e+00 1.000000000000000048e-04 5.710866555678400201e-03 1.000000000000000000e+00
-3.032750000000000057e+00 1.000000000000000048e-04 5.716108203407985894e-03 1.000000000000000000e+00
-3.032000000000000028e+00 1.000000000000000048e-04 5.721354714481751216e-03 1.000000000000000000e+00
-3.031250000000000000e+00 1.000000000000000048e-04 5.726606093467498902e-03 1.000000000000000000e+00
-3.030499999999999972e+00 1.000000000000000048e-04 5.731862344937335534e-03 1.000000000000000000e+00
-3.029749999999999943e+00 1.000000000000000048e-04 5.737123473467684552e-03 1.000000000000000000e+00
-3.028999999999999915e+00 1.000000000000000048e-04 5.742389483639281922e-03 1.000000000000000000e+00
-3.028249999999999886e+00 1.000000000000000048e-04 5.747660380037176130e-03 1.000000000000000000e+00
-3.027499999999999858e+00 1.000000000000000048e-04 5.752936167250747267e-03 1.000000000000000000e+00
-3.026749999999999829e+00 1.000000000000000048e-04 5.758216849873693151e-03 1.000000000000000000e+00
-3.025999999999999801e+00 1.000000000000000048e-04 5.763502432504048409e-03 1.000000000000000000e+00
-3.025249999999999773e+00 1.000000000000000048e-04 5.768792919744174935e-03 1.000000000000000000e+00
-3.024499999999999744e+00 1.000000000000000048e-04 5.774088316200775770e-03 1.000000000000000000e+00
-3.023749999999999716e+00 1.000000000000000048e-04 5.779388626484897699e-03 1.000000000000000000e+00
-3.022999999999999687e+00 1.000000000000000048e-04 5.784693855211928658e-03 1.000000000000000000e+00
-3.022249999999999659e+00 1.000000000000000048e-04 5.790004007001611601e-03 1.000000000000000000e+00
-3.021499999999999631e+00 1.000000000000000048e-04 5.795319086478037569e-03 1.000000000000000000e+00
-3.020750000000000046e+00 1.000000000000000048e-04 5.800639098269655229e-03 1.000000000000000000e+00
-3.020000000000000018e+00 1.000000000000000048e-04 5.805964047009281280e-03 1.000000000000000000e+00
-3.019249999999999989e+00 1.000000000000000048e-04 5.811293937334093516e-03 1.000000000000000000e+00
-3.018499999999999961e+00 1.000000000000000048e-04 5.816628773885635165e-03 1.000000000000000000e+00
-3.017749999999999932e+00 1.000000000000000048e-04 5.821968561309829628e-03 1.000000000000000000e+00
-3.016999999999999904e+00 1.000000000000000048e-04 5.827313304256972679e-03 1.000000000000000000e+00
-3.016249999999999876e+00 1.000000000000000048e-04 5.832663007381743737e-03 1.000000000000000000e+00
-3.015500000000000291e+00 1.000000000000000048e-04 5.838017675343198931e-03 1.000000000000000000e+00
-3.014750000000000263e+00 1.000000000000000048e-04 5.843377312804801452e-03 1.000000000000000000e+00
-3.014000000000000234e+00 1.000000000000000048e-04 5.848741924434391198e-03 1.000000000000000000e+00
-3.013250000000000206e+00 1.000000000000000048e-04 5.854111514904212533e-03 1.000000000000000000e+00
-3.012500000000000178e+00 1.000000000000000048e-04 5.859486088890906476e-03 1.000000000000000000e+00
-3.011750000000000149e+00 1.000000000000000048e-04 5.864865651075522844e-03 1.000000000000000000e+00
-3.011000000000000121e+00 1.000000000000000048e-04 5.870250206143516787e-03 1.000000000000000000e+00
-3.010250000000000092e+00 1.000000000000000048e-04 5.875639758784757458e-03 1.000000000000000000e+00
-3.009500000000000064e+00 1.000000000000000048e-04 5.881034313693536686e-03 1.000000000000000000e+00
-3.008750000000000036e+00 1.000000000000000048e-04 5.886433875568554235e-03 1.000000000000000000e+00
-3.008000000000000007e+00 1.000000000000000048e-04 5.891838449112948156e-03 1.000000000000000000e+00
-3.007249999999999979e+00 1.000000000000000048e-04 5.897248039034278314e-03 1.000000000000000000e+00
-3.006499999999999950e+00 1.000000000000000048e-04 5.902662650044532451e-03 1.000000000000000000e+00
-3.005749999999999922e+00 1.000000000000000048e-04 5.908082286860146144e-03 1.000000000000000000e+00
-3.004999999999999893e+00 1.000000000000000048e-04 5.913506954201992391e-03 1.000000000000000000e+00
-3.004249999999999865e+00 1.000000000000000048e-04 5.918936656795379010e-03 1.000000000000000000e+00
-3.003499999999999837e+00 1.000000000000000048e-04 5.924371399370077264e-03 1.000000000000000000e+00
-3.002749999999999808e+00 1.000000000000000048e-04 5.929811186660297571e-03 1.000000000000000000e+00
-3.001999999999999780e+00 1.000000000000000048e-04 5.935256023404723337e-03 1.000000000000000000e+00
-3.001249999999999751e+00 1.000000000000000048e-04 5.940705914346477122e-03 1.000000000000000000e+00
-3.000499999999999723e+00 1.000000000000000048e-04 5.946160864233165748e-03 1.000000000000000000e+00
-2.999750000000000139e+00 1.000000000000000048e-04 5.951620877816851674e-03 1.000000000000000000e+00
-2.999000000000000110e+00 1.000000000000000048e-04 5.957085959854080751e-03 1.000000000000000000e+00
-2.998250000000000082e+00 1.000000000000000048e-04 5.962556115105867478e-03 1.000000000000000000e+00
-2.997500000000000053e+00 1.000000000000000048e-04 5.968031348337706279e-03 1.000000000000000000e+00
-2.996750000000000025e+00 1.000000000000000048e-04 5.973511664319585378e-03 1.000000000000000000e+00
-2.995999999999999996e+00 1.000000000000000048e-04 5.978997067825974655e-03 1.000000000000000000e+00
-2.995249999999999968e+00 1.000000000000000048e-04 5.984487563635836928e-03 1.000000000000000000e+00
-2.994499999999999940e+00 1.000000000000000048e-04 5.989983156532633149e-03 1.000000000000000000e+00
-2.993749999999999911e+00 1.000000000000000048e-04 5.995483851304328482e-03 1.000000000000000000e+00
-2.992999999999999883e+00 1.000000000000000048e-04 6.000989652743383626e-03 1.000000000000000000e+00
-2.992249999999999854e+00 1.000000000000000048e-04 6.006500565646779102e-03 1.000000000000000000e+00
-2.991499999999999826e+00 1.000000000000000048e-04 6.012016594816004846e-03 1.000000000000000000e+00
-2.990749999999999797e+00 1.000000000000000048e-04 6.017537745057061072e-03 1.000000000000000000e+00
-2.989999999999999769e+00 1.000000000000000048e-04 6.023064021180481696e-03 1.000000000000000000e+00
-2.989249999999999741e+00 1.000000000000000048e-04 6.028595428001311783e-03 1.000000000000000000e+00
-2.988500000000000156e+00 1.000000000000000048e-04 6.034131970339137903e-03 1.000000000000000000e+00
-2.987750000000000128e+00 1.000000000000000048e-04 6.039673653018071652e-03 1.000000000000000000e+00
-2.987000000000000099e+00 1.000000000000000048e-04 6.045220480866769601e-03 1.000000000000000000e+00
-2.986250000000000071e+00 1.000000000000000048e-04 6.050772458718421155e-03 1.000000000000000000e+00
-2.985500000000000043e+00 1.000000000000000048e-04 6.056329591410765899e-03 1.000000000000000000e+00
-2.984750000000000014e+00 1.000000000000000048e-04 6.061891883786089258e-03 1.000000000000000000e+00
-2.983999999999999986e+00 1.000000000000000048e-04 6.067459340691237248e-03 1.000000000000000000e+00
-2.983249999999999957e+00 1.000000000000000048e-04 6.073031966977603460e-03 1.000000000000000000e+00
-2.982499999999999929e+00 1.000000000000000048e-04 6.078609767501155954e-03 1.000000000000000000e+00
-2.981749999999999901e+00 1.000000000000000048e-04 6.084192747122420773e-03 1.000000000000000000e+00
-2.980999999999999872e+00 1.000000000000000048e-04 6.089780910706488019e-03 1.000000000000000000e+00
-2.980249999999999844e+00 1.000000000000000048e-04 6.095374263123034403e-03 1.000000000000000000e+00
-2.979499999999999815e+00 1.000000000000000048e-04 6.100972809246302427e-03 1.000000000000000000e+00
-2.978749999999999787e+00 1.000000000000000048e-04 6.106576553955127273e-03 1.000000000000000000e+00
-2.977999999999999758e+00 1.000000000000000048e-04 6.112185502132925531e-03 1.000000000000000000e+00
-2.977250000000000174e+00 1.000000000000000048e-04 6.117799658667702131e-03 1.000000000000000000e+00
-2.976500000000000146e+00 1.000000000000000048e-04 6.123419028452061624e-03 1.000000000000000000e+00
-2.975750000000000117e+00 1.000000000000000048e-04 6.129043616383205578e-03 1.000000000000000000e+00
-2.975000000000000089e+00 1.000000000000000048e-04 6.134673427362932578e-03 1.000000000000000000e+00
-2.974250000000000060e+00 1.000000000000000048e-04 6.140308466297652971e-03 1.000000000000000000e+00
-2.973500000000000032e+00 1.000000000000000048e-04 6.145948738098387133e-03 1.000000000000000000e+00
-2.972750000000000004e+00 1.000000000000000048e-04 6.151594247680768068e-03 1.000000000000000000e+00
-2.971999999999999975e+00 1.000000000000000048e-04 6.157244999965054422e-03 1.000000000000000000e+00
-2.971249999999999947e+00 1.000000000000000048e-04 6.162900999876121805e-03 1.000000000000000000e+00
-2.970499999999999918e+00 1.000000000000000048e-04 6.168562252343468867e-03 1.000000000000000000e+00
-2.969749999999999890e+00 1.000000000000000048e-04 6.174228762301238113e-03 1.000000000000000000e+00
-2.968999999999999861e+00 1.000000000000000048e-04 6.179900534688197687e-03 1.000000000000000000e+00
-2.968249999999999833e+00 1.000000000000000048e-04 6.185577574447756986e-03 1.000000000000000000e+00
-2.967499999999999805e+00 1.000000000000000048e-04 6.191259886527974467e-03 1.000000000000000000e+00
-2.966749999999999776e+00 1.000000000000000048e-04 6.196947475881548102e-03 1.000000000000000000e+00
-2.965999999999999748e+00 1.000000000000000048e-04 6.202640347465836201e-03 1.000000000000000000e+00
-2.965250000000000163e+00 1.000000000000000048e-04 6.208338506242843530e-03 1.000000000000000000e+00
-2.964500000000000135e+00 1.000000000000000048e-04 6.214041957179247330e-03 1.000000000000000000e+00
-2.963750000000000107e+00 1.000000000000000048e-04 6.219750705246380844e-03 1.000000000000000000e+00
-2.963000000000000078e+00 1.000000000000000048e-04 6.225464755420246320e-03 1.000000000000000000e+00
-2.962250000000000050e+00 1.000000000000000048e-04 6.231184112681521954e-03 1.000000000000000000e+00
-2.961500000000000021e+00 1.000000000000000048e-04 6.236908782015556686e-03 1.000000000000000000e+00
-2.960749999999999993e+00 1.000000000000000048e-04 6.242638768412390148e-03 1.000000000000000000e+00
-2.959999999999999964e+00 1.000000000000000048e-04 6.248374076866737049e-03 1.000000000000000000e+00
-2.959249999999999936e+00 1.000000000000000048e-04 6.254114712378010602e-03 1.000000000000000000e+00
-2.958499999999999908e+00 1.000000000000000048e-04 6.259860679950308635e-03 1.000000000000000000e+00
-2.957749999999999879e+00 1.000000000000000048e-04 6.265611984592431814e-03 1.000000000000000000e+00
-2.956999999999999851e+00 1.000000000000000048e-04 6.271368631317883642e-03 1.000000000000000000e+00
-2.956249999999999822e+00 1.000000000000000048e-04 6.277130625144869587e-03 1.000000000000000000e+00
-2.955499999999999794e+00 1.000000000000000048e-04 6.282897971096308362e-03 1.000000000000000000e+00
-2.954749999999999766e+00 1.000000000000000048e-04 6.288670674199829322e-03 1.000000000000000000e+00
-2.953999999999999737e+00 1.000000000000000048e-04 6.294448739487784605e-03 1.000000000000000000e+00
-2.953250000000000153e+00 1.000000000000000048e-04 6.300232171997245667e-03 1.000000000000000000e+00
-2.952500000000000124e+00 1.000000000000000048e-04 6.306020976770013685e-03 1.000000000000000000e+00
-2.951750000000000096e+00 1.000000000000000048e-04 6.311815158852618693e-03 1.000000000000000000e+00
-2.951000000000000068e+00 1.000000000000000048e-04 6.317614723296329990e-03 1.000000000000000000e+00
-2.950250000000000039e+00 1.000000000000000048e-04 6.323419675157151802e-03 1.000000000000000000e+00
-2.949500000000000011e+00 1.000000000000000048e-04 6.329230019495828488e-03 1.000000000000000000e+00
-2.948749999999999982e+00 1.000000000000000048e-04 6.335045761377856681e-03 1.000000000000000000e+00
-2.947999999999999954e+00 1.000000000000000048e-04 6.340866905873492228e-03 1.000000000000000000e+00
-2.947249999999999925e+00 1.000000000000000048e-04 6.346693458057735444e-03 1.000000000000000000e+00
-2.946499999999999897e+00 1.000000000000000048e-04 6.352525423010348463e-03 1.000000000000000000e+00
-2.945749999999999869e+00 1.000000000000000048e-04 6.358362805815864771e-03 1.000000000000000000e+00
-2.944999999999999840e+00 1.000000000000000048e-04 6.364205611563582277e-03 1.000000000000000000e+00
-2.944249999999999812e+00 1.000000000000000048e-04 6.370053845347571110e-03 1.000000000000000000e+00
-2.943499999999999783e+00 1.000000000000000048e-04 6.375907512266685770e-03 1.000000000000000000e+00
-2.942749999999999755e+00 1.000000000000000048e-04 6.381766617424542570e-03 1.000000000000000000e+00
-2.942000000000000171e+00 1.000000000000000048e-04 6.387631165929567346e-03 1.000000000000000000e+00
-2.941250000000000142e+00 1.000000000000000048e-04 6.393501162894965097e-03 1.000000000000000000e+00
-2.940500000000000114e+00 1.000000000000000048e-04 6.399376613438734727e-03 1.000000000000000000e+00
-2.939750000000000085e+00 1.000000000000000048e-04 6.405257522683673391e-03 1.000000000000000000e+00
-2.939000000000000057e+00 1.000000000000000048e-04 6.411143895757382555e-03 1.000000000000000000e+00
-2.938250000000000028e+00 1.000000000000000048e-04 6.417035737792266270e-03 1.000000000000000000e+00
-2.937500000000000000e+00 1.000000000000000048e-04 6.422933053925544179e-03 1.000000000000000000e+00
-2.936749999999999972e+00 1.000000000000000048e-04 6.428835849299251518e-03 1.000000000000000000e+00
-2.935999999999999943e+00 1.000000000000000048e-04 6.434744129060234775e-03 1.000000000000000000e+00
-2.935249999999999915e+00 1.000000000000000048e-04 6.440657898360175986e-03 1.000000000000000000e+00
-2.934499999999999886e+00 1.000000000000000048e-04 6.446577162355578844e-03 1.000000000000000000e+00
-2.933749999999999858e+00 1.000000000000000048e-04 6.452501926207779119e-03 1.000000000000000000e+00
-2.932999999999999829e+00 1.000000000000000048e-04 6.458432195082948121e-03 1.000000000000000000e+00
-2.932249999999999801e+00 1.000000000000000048e-04 6.464367974152097039e-03 1.000000000000000000e+00
-2.931499999999999773e+00 1.000000000000000048e-04 6.470309268591091685e-03 1.000000000000000000e+00
-2.930749999999999744e+00 1.000000000000000048e-04 6.476256083580633413e-03 1.000000000000000000e+00
-2.930000000000000160e+00 1.000000000000000048e-04 6.482208424306282538e-03 1.000000000000000000e+00
-2.929250000000000131e+00 1.000000000000000048e-04 6.488166295958464405e-03 1.000000000000000000e+00
-2.928500000000000103e+00 1.000000000000000048e-04 6.494129703732454649e-03 1.000000000000000000e+00
-2.927750000000000075e+00 1.000000000000000048e-04 6.500098652828400873e-03 1.000000000000000000e+00
-2.927000000000000046e+00 1.000000000000000048e-04 6.506073148451321786e-03 1.000000000000000000e+00
-2.926250000000000018e+00 1.000000000000000048e-04 6.512053195811106331e-03 1.000000000000000000e+00
-2.925499999999999989e+00 1.000000000000000048e-04 6.518038800122528433e-03 1.000000000000000000e+00
-2.924749999999999961e+00 1.000000000000000048e-04 6.524029966605240927e-03 1.000000000000000000e+00
-2.923999999999999932e+00 1.000000000000000048e-04 6.530026700483787701e-03 1.000000000000000000e+00
-2.923249999999999904e+00 1.000000000000000048e-04 6.536029006987600226e-03 1.000000000000000000e+00
-2.922499999999999876e+00 1.000000000000000048e-04 6.542036891351012302e-03 1.000000000000000000e+00
-2.921749999999999847e+00 1.000000000000000048e-04 6.548050358813247047e-03 1.000000000000000000e+00
-2.920999999999999819e+00 1.000000000000000048e-04 6.554069414618448122e-03 1.000000000000000000e+00
-2.920249999999999790e+00 1.000000000000000048e-04 6.560094064015654577e-03 1.000000000000000000e+00
-2.919499999999999762e+00 1.000000000000000048e-04 6.566124312258827742e-03 1.000000000000000000e+00
-2.918750000000000178e+00 1.000000000000000048e-04 6.572160164606833874e-03 1.000000000000000000e+00
-2.918000000000000149e+00 1.000000000000000048e-04 6.578201626323480593e-03 1.000000000000000000e+00
-2.917250000000000121e+00 1.000000000000000048e-04 6.584248702677489122e-03 1.000000000000000000e+00
-2.916500000000000092e+00 1.000000000000000048e-04 6.590301398942507299e-03 1.000000000000000000e+00
-2.915750000000000064e+00 1.000000000000000048e-04 6.596359720397128659e-03 1.000000000000000000e+00
-2.915000000000000036e+00 1.000000000000000048e-04 6.602423672324881157e-03 1.000000000000000000e+00
-2.914250000000000007e+00 1.000000000000000048e-04 6.608493260014234108e-03 1.000000000000000000e+00
-2.913499999999999979e+00 1.000000000000000048e-04 6.614568488758605126e-03 1.000000000000000000e+00
-2.912749999999999950e+00 1.000000000000000048e-04 6.620649363856367063e-03 1.000000000000000000e+00
-2.911999999999999922e+00 1.000000000000000048e-04 6.626735890610846273e-03 1.000000000000000000e+00
-2.911249999999999893e+00 1.000000000000000048e-04 6.632828074330329553e-03 1.000000000000000000e+00
-2.910499999999999865e+00 1.000000000000000048e-04 6.638925920328071946e-03 1.000000000000000000e+00
-2.909749999999999837e+00 1.000000000000000048e-04 6.645029433922292408e-03 1.000000000000000000e+00
-2.908999999999999808e+00 1.000000000000000048e-04 6.651138620436194623e-03 1.000000000000000000e+00
-2.908249999999999780e+00 1.000000000000000048e-04 6.657253485197940981e-03 1.000000000000000000e+00
-2.907499999999999751e+00 1.000000000000000048e-04 6.663374033540699418e-03 1.000000000000000000e+00
-2.906750000000000167e+00 1.000000000000000048e-04 6.669500270802601778e-03 1.000000000000000000e+00
-2.906000000000000139e+00 1.000000000000000048e-04 6.675632202326789791e-03 1.000000000000000000e+00
-2.905250000000000110e+00 1.000000000000000048e-04 6.681769833461390778e-03 1.000000000000000000e+00
-2.904500000000000082e+00 1.000000000000000048e-04 6.687913169559538476e-03 1.000000000000000000e+00
-2.903750000000000053e+00 1.000000000000000048e-04 6.694062215979356550e-03 1.000000000000000000e+00
-2.903000000000000025e+00 1.000000000000000048e-04 6.700216978083994163e-03 1.000000000000000000e+00
-2.902249999999999996e+00 1.000000000000000048e-04 6.706377461241601681e-03 1.000000000000000000e+00
-2.901499999999999968e+00 1.000000000000000048e-04 6.712543670825349765e-03 1.000000000000000000e+00
-2.900749999999999940e+00 1.000000000000000048e-04 6.718715612213434565e-03 1.000000000000000000e+00
-2.899999999999999911e+00 1.000000000000000048e-04 6.724893290789071658e-03 1.000000000000000000e+00
-2.899249999999999883e+00 1.000000000000000048e-04 6.731076711940509050e-03 1.000000000000000000e+00
-2.898499999999999854e+00 1.000000000000000048e-04 6.737265881061034987e-03 1.000000000000000000e+00
-2.897749999999999826e+00 1.000000000000000048e-04 6.743460803548966681e-03 1.000000000000000000e+00
-2.896999999999999797e+00 1.000000000000000048e-04 6.749661484807671988e-03 1.000000000000000000e+00
-2.896249999999999769e+00 1.000000000000000048e-04 6.755867930245561606e-03 1.000000000000000000e+00
-2.895499999999999741e+00 1.000000000000000048e-04 6.762080145276099484e-03 1.000000000000000000e+00
-2.894750000000000156e+00 1.000000000000000048e-04 6.768298135317811492e-03 1.000000000000000000e+00
-2.894000000000000128e+00 1.000000000000000048e-04 6.774521905794277619e-03 1.000000000000000000e+00
-2.893250000000000099e+00 1.000000000000000048e-04 6.780751462134144113e-03 1.000000000000000000e+00
-2.892500000000000071e+00 1.000000000000000048e-04 6.786986809771130419e-03 1.000000000000000000e+00
-2.891750000000000043e+00 1.000000000000000048e-04 6.793227954144027449e-03 1.000000000000000000e+00
-2.891000000000000014e+00 1.000000000000000048e-04 6.799474900696701046e-03 1.000000000000000000e+00
-2.890249999999999986e+00 1.000000000000000048e-04 6.805727654878101530e-03 1.000000000000000000e+00
-2.889499999999999957e+00 1.000000000000000048e-04 6.811986222142270633e-03 1.000000000000000000e+00
-2.888749999999999929e+00 1.000000000000000048e-04 6.818250607948340633e-03 1.000000000000000000e+00
-2.887999999999999901e+00 1.000000000000000048e-04 6.824520817760531752e-03 1.000000000000000000e+00
-2.887249999999999872e+00 1.000000000000000048e-04 6.830796857048174707e-03 1.000000000000000000e+00
-2.886499999999999844e+00 1.000000000000000048e-04 6.837078731285696834e-03 1.000000000000000000e+00
-2.885749999999999815e+00 1.000000000000000048e-04 6.843366445952641167e-03 1.000000000000000000e+00
-2.884999999999999787e+00 1.000000000000000048e-04 6.849660006533662103e-03 1.000000000000000000e+00
-2.884249999999999758e+00 1.000000000000000048e-04 6.855959418518523668e-03 1.000000000000000000e+00
-2.883500000000000174e+00 1.000000000000000048e-04 6.862264687402125536e-03 1.000000000000000000e+00
-2.882750000000000146e+00 1.000000000000000048e-04 6.868575818684490887e-03 1.000000000000000000e+00
-2.882000000000000117e+00 1.000000000000000048e-04 6.874892817870762937e-03 1.000000000000000000e+00
-2.881250000000000089e+00 1.000000000000000048e-04 6.881215690471234429e-03 1.000000000000000000e+00
-2.880500000000000060e+00 1.000000000000000048e-04 6.887544442001332888e-03 1.000000000000000000e+00
-2.879750000000000032e+00 1.000000000000000048e-04 6.893879077981624956e-03 1.000000000000000000e+00
-2.879000000000000004e+00 1.000000000000000048e-04 6.900219603937832007e-03 1.000000000000000000e+00
-2.878249999999999975e+00 1.000000000000000048e-04 6.906566025400826675e-03 1.000000000000000000e+00
-2.877499999999999947e+00 1.000000000000000048e-04 6.912918347906644133e-03 1.000000000000000000e+00
-2.876749999999999918e+00 1.000000000000000048e-04 6.919276576996469946e-03 1.000000000000000000e+00
-2.875999999999999890e+00 1.000000000000000048e-04 6.925640718216668698e-03 1.000000000000000000e+00
-2.875249999999999861e+00 1.000000000000000048e-04 6.932010777118770110e-03 1.000000000000000000e+00
-2.874499999999999833e+00 1.000000000000000048e-04 6.938386759259478585e-03 1.000000000000000000e+00
-2.873749999999999805e+00 1.000000000000000048e-04 6.944768670200679277e-03 1.000000000000000000e+00
-2.872999999999999776e+00 1.000000000000000048e-04 6.951156515509445029e-03 1.000000000000000000e+00
-2.872249999999999748e+00 1.000000000000000048e-04 6.957550300758031173e-03 1.000000000000000000e+00
-2.871500000000000163e+00 1.000000000000000048e-04 6.963950031523887668e-03 1.000000000000000000e+00
-2.870750000000000135e+00 1.000000000000000048e-04 6.970355713389667779e-03 1.000000000000000000e+00
-2.870000000000000107e+00 1.000000000000000048e-04 6.976767351943221132e-03 1.000000000000000000e+00
-2.869250000000000078e+00 1.000000000000000048e-04 6.983184952777609332e-03 1.000000000000000000e+00
-2.868500000000000050e+00 1.000000000000000048e-04 6.989608521491095551e-03 1.000000000000000000e+00
-2.867750000000000021e+00 1.000000000000000048e-04 6.996038063687163612e-03 1.000000000000000000e+00
-2.866999999999999993e+00 1.000000000000000048e-04 7.002473584974522325e-03 1.000000000000000000e+00
-2.866249999999999964e+00 1.000000000000000048e-04 7.008915090967100282e-03 1.000000000000000000e+00
-2.865499999999999936e+00 1.000000000000000048e-04 7.015362587284049330e-03 1.000000000000000000e+00
-2.864749999999999908e+00 1.000000000000000048e-04 7.021816079549765381e-03 1.000000000000000000e+00
-2.863999999999999879e+00 1.000000000000000048e-04 7.028275573393869338e-03 1.000000000000000000e+00
-2.863249999999999851e+00 1.000000000000000048e-04 7.034741074451241784e-03 1.000000000000000000e+00
-2.862499999999999822e+00 1.000000000000000048e-04 7.041212588361990023e-03 1.000000000000000000e+00
-2.861749999999999794e+00 1.000000000000000048e-04 7.047690120771491450e-03 1.000000000000000000e+00
-2.860999999999999766e+00 1.000000000000000048e-04 7.054173677330364926e-03 1.000000000000000000e+00
-2.860249999999999737e+00 1.000000000000000048e-04 7.060663263694494200e-03 1.000000000000000000e+00
-2.859500000000000153e+00 1.000000000000000048e-04 7.067158885525026170e-03 1.000000000000000000e+00
-2.858750000000000124e+00 1.000000000000000048e-04 7.073660548488383895e-03 1.000000000000000000e+00
-2.858000000000000096e+00 1.000000000000000048e-04 7.080168258256257924e-03 1.000000000000000000e+00
-2.857250000000000068e+00 1.000000000000000048e-04 7.086682020505617567e-03 1.000000000000000000e+00
-2.856500000000000039e+00 1.000000000000000048e-04 7.093201840918715237e-03 1.000000000000000000e+00
-2.855750000000000011e+00 1.000000000000000048e-04 7.099727725183084710e-03 1.000000000000000000e+00
-2.854999999999999982e+00 1.000000000000000048e-04 7.106259678991562814e-03 1.000000000000000000e+00
-2.854249999999999954e+00 1.000000000000000048e-04 7.112797708042274680e-03 1.000000000000000000e+00
-2.853499999999999925e+00 1.000000000000000048e-04 7.119341818038645887e-03 1.000000000000000000e+00
-2.852749999999999897e+00 1.000000000000000048e-04 7.125892014689412003e-03 1.000000000000000000e+00
-2.851999999999999869e+00 1.000000000000000048e-04 7.132448303708613380e-03 1.000000000000000000e+00
-2.851249999999999840e+00 1.000000000000000048e-04 7.139010690815608164e-03 1.000000000000000000e+00
-2.850499999999999812e+00 1.000000000000000048e-04 7.145579181735062756e-03 1.000000000000000000e+00
-2.849749999999999783e+00 1.000000000000000048e-04 7.152153782196984770e-03 1.000000000000000000e+00
-2.848999999999999755e+00 1.000000000000000048e-04 7.158734497936695279e-03 1.000000000000000000e+00
-2.848250000000000171e+00 1.000000000000000048e-04 7.165321334694849630e-03 1.000000000000000000e+00
-2.847500000000000142e+00 1.000000000000000048e-04 7.171914298217444382e-03 1.000000000000000000e+00
-2.846750000000000114e+00 1.000000000000000048e-04 7.178513394255816443e-03 1.000000000000000000e+00
-2.846000000000000085e+00 1.000000000000000048e-04 7.185118628566646536e-03 1.000000000000000000e+00
-2.845250000000000057e+00 1.000000000000000048e-04 7.191730006911963534e-03 1.000000000000000000e+00
-2.844500000000000028e+00 1.000000000000000048e-04 7.198347535059153139e-03 1.000000000000000000e+00
-2.843750000000000000e+00 1.000000000000000048e-04 7.204971218780962215e-03 1.000000000000000000e+00
-2.842999999999999972e+00 1.000000000000000048e-04 7.211601063855500524e-03 1.000000000000000000e+00
-2.842249999999999943e+00 1.000000000000000048e-04 7.218237076066244193e-03 1.000000000000000000e+00
-2.841499999999999915e+00 1.000000000000000048e-04 7.224879261202038321e-03 1.000000000000000000e+00
-2.840749999999999886e+00 1.000000000000000048e-04 7.231527625057118658e-03 1.000000000000000000e+00
-2.839999999999999858e+00 1.000000000000000048e-04 7.238182173431087323e-03 1.000000000000000000e+00
-2.839249999999999829e+00 1.000000000000000048e-04 7.244842912128949229e-03 1.000000000000000000e+00
-2.838499999999999801e+00 1.000000000000000048e-04 7.251509846961081730e-03 1.000000000000000000e+00
-2.837749999999999773e+00 1.000000000000000048e-04 7.258182983743269312e-03 1.000000000000000000e+00
-2.836999999999999744e+00 1.000000000000000048e-04 7.264862328296701859e-03 1.000000000000000000e+00
-2.836250000000000160e+00 1.000000000000000048e-04 7.271547886447955571e-03 1.000000000000000000e+00
-2.835500000000000131e+00 1.000000000000000048e-04 7.278239664029035466e-03 1.000000000000000000e+00
-2.834750000000000103e+00 1.000000000000000048e-04 7.284937666877349359e-03 1.000000000000000000e+00
-2.834000000000000075e+00 1.000000000000000048e-04 7.291641900835724339e-03 1.000000000000000000e+00
-2.833250000000000046e+00 1.000000000000000048e-04 7.298352371752413713e-03 1.000000000000000000e+00
-2.832500000000000018e+00 1.000000000000000048e-04 7.305069085481096999e-03 1.000000000000000000e+00
-2.831749999999999989e+00 1.000000000000000048e-04 7.311792047880884271e-03 1.000000000000000000e+00
-2.830999999999999961e+00 1.000000000000000048e-04 7.318521264816317887e-03 1.000000000000000000e+00
-2.830249999999999932e+00 1.000000000000000048e-04 7.325256742157393308e-03 1.000000000000000000e+00
-2.829499999999999904e+00 1.000000000000000048e-04 7.331998485779540019e-03 1.000000000000000000e+00
-2.828749999999999876e+00 1.000000000000000048e-04 7.338746501563646676e-03 1.000000000000000000e+00
-2.827999999999999847e+00 1.000000000000000048e-04 7.345500795396050706e-03 1.000000000000000000e+00
-2.827249999999999819e+00 1.000000000000000048e-04 7.352261373168546971e-03 1.000000000000000000e+00
-2.826499999999999790e+00 1.000000000000000048e-04 7.359028240778402521e-03 1.000000000000000000e+00
-2.825749999999999762e+00 1.000000000000000048e-04 7.365801404128349654e-03 1.000000000000000000e+00
-2.824999999999999734e+00 1.000000000000000048e-04 7.372580869126586778e-03 1.000000000000000000e+00
-2.824250000000000149e+00 1.000000000000000048e-04 7.379366641686800100e-03 1.000000000000000000e+00
-2.823500000000000121e+00 1.000000000000000048e-04 7.386158727728156688e-03 1.000000000000000000e+00
-2.822750000000000092e+00 1.000000000000000048e-04 7.392957133175299261e-03 1.000000000000000000e+00
-2.822000000000000064e+00 1.000000000000000048e-04 7.399761863958380023e-03 1.000000000000000000e+00
-2.821250000000000036e+00 1.000000000000000048e-04 7.406572926013032902e-03 1.000000000000000000e+00
-2.820500000000000007e+00 1.000000000000000048e-04 7.413390325280396972e-03 1.000000000000000000e+00
-2.819749999999999979e+00 1.000000000000000048e-04 7.420214067707119922e-03 1.000000000000000000e+00
-2.818999999999999950e+00 1.000000000000000048e-04 7.427044159245351114e-03 1.000000000000000000e+00
-2.818249999999999922e+00 1.000000000000000048e-04 7.433880605852765007e-03 1.000000000000000000e+00
-2.817499999999999893e+00 1.000000000000000048e-04 7.440723413492545540e-03 1.000000000000000000e+00
-2.816749999999999865e+00 1.000000000000000048e-04 7.447572588133400881e-03 1.000000000000000000e+00
-2.815999999999999837e+00 1.000000000000000048e-04 7.454428135749583371e-03 1.000000000000000000e+00
-2.815249999999999808e+00 1.000000000000000048e-04 7.461290062320854836e-03 1.000000000000000000e+00
-2.814499999999999780e+00 1.000000000000000048e-04 7.468158373832525614e-03 1.000000000000000000e+00
-2.813749999999999751e+00 1.000000000000000048e-04 7.475033076275452819e-03 1.000000000000000000e+00
-2.813000000000000167e+00 1.000000000000000048e-04 7.481914175646027336e-03 1.000000000000000000e+00
-2.812250000000000139e+00 1.000000000000000048e-04 7.488801677946206777e-03 1.000000000000000000e+00
-2.811500000000000110e+00 1.000000000000000048e-04 7.495695589183498132e-03 1.000000000000000000e+00
-2.810750000000000082e+00 1.000000000000000048e-04 7.502595915370960378e-03 1.000000000000000000e+00
-2.810000000000000053e+00 1.000000000000000048e-04 7.509502662527233093e-03 1.000000000000000000e+00
-2.809250000000000025e+00 1.000000000000000048e-04 7.516415836676508706e-03 1.000000000000000000e+00
-2.808499999999999996e+00 1.000000000000000048e-04 7.523335443848571530e-03 1.000000000000000000e+00
-2.807749999999999968e+00 1.000000000000000048e-04 7.530261490078768265e-03 1.000000000000000000e+00
-2.806999999999999940e+00 1.000000000000000048e-04 7.537193981408042698e-03 1.000000000000000000e+00
-2.806249999999999911e+00 1.000000000000000048e-04 7.544132923882919221e-03 1.000000000000000000e+00
-2.805499999999999883e+00 1.000000000000000048e-04 7.551078323555514109e-03 1.000000000000000000e+00
-2.804749999999999854e+00 1.000000000000000048e-04 7.558030186483549392e-03 1.000000000000000000e+00
-2.803999999999999826e+00 1.000000000000000048e-04 7.564988518730338986e-03 1.000000000000000000e+00
-2.803249999999999797e+00 1.000000000000000048e-04 7.571953326364811235e-03 1.000000000000000000e+00
-2.802499999999999769e+00 1.000000000000000048e-04 7.578924615461501979e-03 1.000000000000000000e+00
-2.801749999999999741e+00 1.000000000000000048e-04 7.585902392100566695e-03 1.000000000000000000e+00
-2.801000000000000156e+00 1.000000000000000048e-04 7.592886662367770087e-03 1.000000000000000000e+00
-2.800250000000000128e+00 1.000000000000000048e-04 7.599877432354521650e-03 1.000000000000000000e+00
-2.799500000000000099e+00 1.000000000000000048e-04 7.606874708157849649e-03 1.000000000000000000e+00
-2.798750000000000071e+00 1.000000000000000048e-04 7.613878495880408055e-03 1.000000000000000000e+00
-2.798000000000000043e+00 1.000000000000000048e-04 7.620888801630509510e-03 1.000000000000000000e+00
-2.797250000000000014e+00 1.000000000000000048e-04 7.627905631522094963e-03 1.000000000000000000e+00
-2.796499999999999986e+00 1.000000000000000048e-04 7.634928991674761432e-03 1.000000000000000000e+00
-2.795749999999999957e+00 1.000000000000000048e-04 7.641958888213750724e-03 1.000000000000000000e+00
-2.794999999999999929e+00 1.000000000000000048e-04 7.648995327269980660e-03 1.000000000000000000e+00
-2.794249999999999901e+00 1.000000000000000048e-04 7.656038314980010383e-03 1.000000000000000000e+00
-2.793499999999999872e+00 1.000000000000000048e-04 7.663087857486079388e-03 1.000000000000000000e+00
-2.792749999999999844e+00 1.000000000000000048e-04 7.670143960936090174e-03 1.000000000000000000e+00
-2.791999999999999815e+00 1.000000000000000048e-04 7.677206631483636003e-03 1.000000000000000000e+00
-2.791249999999999787e+00 1.000000000000000048e-04 7.684275875287971402e-03 1.000000000000000000e+00
-2.790499999999999758e+00 1.000000000000000048e-04 7.691351698514049470e-03 1.000000000000000000e+00
-2.789750000000000174e+00 1.000000000000000048e-04 7.698434107332512329e-03 1.000000000000000000e+00
-2.789000000000000146e+00 1.000000000000000048e-04 7.705523107919697197e-03 1.000000000000000000e+00
-2.788250000000000117e+00 1.000000000000000048e-04 7.712618706457643331e-03 1.000000000000000000e+00
-2.787500000000000089e+00 1.000000000000000048e-04 7.719720909134085082e-03 1.000000000000000000e+00
-2.786750000000000060e+00 1.000000000000000048e-04 7.726829722142475321e-03 1.000000000000000000e+00
-2.786000000000000032e+00 1.000000000000000048e-04 7.733945151681972420e-03 1.000000000000000000e+00
-2.785250000000000004e+00 1.000000000000000048e-04 7.741067203957465413e-03 1.000000000000000000e+00
-2.784499999999999975e+00 1.000000000000000048e-04 7.748195885179554911e-03 1.000000000000000000e+00
-2.783749999999999947e+00 1.000000000000000048e-04 7.755331201564570447e-03 1.000000000000000000e+00
-2.782999999999999918e+00 1.000000000000000048e-04 7.762473159334580021e-03 1.000000000000000000e+00
-2.782249999999999890e+00 1.000000000000000048e-04 7.769621764717386629e-03 1.000000000000000000e+00
-2.781499999999999861e+00 1.000000000000000048e-04 7.776777023946532599e-03 1.000000000000000000e+00
-2.780749999999999833e+00 1.000000000000000048e-04 7.783938943261308266e-03 1.000000000000000000e+00
-2.779999999999999805e+00 1.000000000000000048e-04 7.791107528906752837e-03 1.000000000000000000e+00
-2.779249999999999776e+00 1.000000000000000048e-04 7.798282787133671741e-03 1.000000000000000000e+00
-2.778499999999999748e+00 1.000000000000000048e-04 7.805464724198621015e-03 1.000000000000000000e+00
-2.777750000000000163e+00 1.000000000000000048e-04 7.812653346363912510e-03 1.000000000000000000e+00
-2.777000000000000135e+00 1.000000000000000048e-04 7.819848659897651183e-03 1.000000000000000000e+00
-2.776250000000000107e+00 1.000000000000000048e-04 7.827050671073703877e-03 1.000000000000000000e+00
-2.775500000000000078e+00 1.000000000000000048e-04 7.834259386171714065e-03 1.000000000000000000e+00
-2.774750000000000050e+00 1.000000000000000048e-04 7.841474811477117460e-03 1.000000000000000000e+00
-2.774000000000000021e+00 1.000000000000000048e-04 7.848696953281129873e-03 1.000000000000000000e+00
-2.773249999999999993e+00 1.000000000000000048e-04 7.855925817880766299e-03 1.000000000000000000e+00
-2.772499999999999964e+00 1.000000000000000048e-04 7.863161411578839174e-03 1.000000000000000000e+00
-2.771749999999999936e+00 1.000000000000000048e-04 7.870403740683958385e-03 1.000000000000000000e+00
-2.770999999999999908e+00 1.000000000000000048e-04 7.877652811510550343e-03 1.000000000000000000e+00
-2.770249999999999879e+00 1.000000000000000048e-04 7.884908630378851049e-03 1.000000000000000000e+00
-2.769499999999999851e+00 1.000000000000000048e-04 7.892171203614900890e-03 1.000000000000000000e+00
-2.768749999999999822e+00 1.000000000000000048e-04 7.899440537550588004e-03 1.000000000000000000e+00
-2.767999999999999794e+00 1.000000000000000048e-04 7.906716638523601445e-03 1.000000000000000000e+00
-2.767249999999999766e+00 1.000000000000000048e-04 7.913999512877467613e-03 1.000000000000000000e+00
-2.766499999999999737e+00 1.000000000000000048e-04 7.921289166961560657e-03 1.000000000000000000e+00
-2.765750000000000153e+00 1.000000000000000048e-04 7.928585607131078197e-03 1.000000000000000000e+00
-2.765000000000000124e+00 1.000000000000000048e-04 7.935888839747082951e-03 1.000000000000000000e+00
-2.764250000000000096e+00 1.000000000000000048e-04 7.943198871176469777e-03 1.000000000000000000e+00
-2.763500000000000068e+00 1.000000000000000048e-04 7.950515707791996900e-03 1.000000000000000000e+00
-2.762750000000000039e+00 1.000000000000000048e-04 7.957839355972275500e-03 1.000000000000000000e+00
-2.762000000000000011e+00 1.000000000000000048e-04 7.965169822101790531e-03 1.000000000000000000e+00
-2.761249999999999982e+00 1.000000000000000048e-04 7.972507112570881641e-03 1.000000000000000000e+00
-2.760499999999999954e+00 1.000000000000000048e-04 7.979851233775777861e-03 1.000000000000000000e+00
-2.759749999999999925e+00 1.000000000000000048e-04 7.987202192118575059e-03 1.000000000000000000e+00
-2.758999999999999897e+00 1.000000000000000048e-04 7.994559994007255019e-03 1.000000000000000000e+00
-2.758249999999999869e+00 1.000000000000000048e-04 8.001924645855694115e-03 1.000000000000000000e+00
-2.757499999999999840e+00 1.000000000000000048e-04 8.009296154083645966e-03 1.000000000000000000e+00
-2.756749999999999812e+00 1.000000000000000048e-04 8.016674525116779595e-03 1.000000000000000000e+00
-2.755999999999999783e+00 1.000000000000000048e-04 8.024059765386649945e-03 1.000000000000000000e+00
-2.755249999999999755e+00 1.000000000000000048e-04 8.031451881330729098e-03 1.000000000000000000e+00
-2.754500000000000171e+00 1.000000000000000048e-04 8.038850879392388932e-03 1.000000000000000000e+00
-2.753750000000000142e+00 1.000000000000000048e-04 8.046256766020932344e-03 1.000000000000000000e+00
-2.753000000000000114e+00 1.000000000000000048e-04 8.053669547671579373e-03 1.000000000000000000e+00
-2.752250000000000085e+00 1.000000000000000048e-04 8.061089230805461997e-03 1.000000000000000000e+00
-2.751500000000000057e+00 1.000000000000000048e-04 8.068515821889658823e-03 1.000000000000000000e+00
-2.750750000000000028e+00 1.000000000000000048e-04 8.075949327397176011e-03 1.000000000000000000e+00
-2.750000000000000000e+00 1.000000000000000048e-04 8.083389753806957678e-03 1.000000000000000000e+00
-2.749249999999999972e+00 1.000000000000000048e-04 8.090837107603894574e-03 1.000000000000000000e+00
-2.748499999999999943e+00 1.000000000000000048e-04 8.098291395278829283e-03 1.000000000000000000e+00
-2.747749999999999915e+00 1.000000000000000048e-04 8.105752623328554493e-03 1.000000000000000000e+00
-2.746999999999999886e+00 1.000000000000000048e-04 8.113220798255823402e-03 1.000000000000000000e+00
-2.746249999999999858e+00 1.000000000000000048e-04 8.120695926569353185e-03 1.000000000000000000e+00
-2.745499999999999829e+00 1.000000000000000048e-04 8.128178014783826733e-03 1.000000000000000000e+00
-2.744749999999999801e+00 1.000000000000000048e-04 8.135667069419899589e-03 1.000000000000000000e+00
-2.743999999999999773e+00 1.000000000000000048e-04 8.143163097004213827e-03 1.000000000000000000e+00
-2.743249999999999744e+00 1.000000000000000048e-04 8.150666104069377235e-03 1.000000000000000000e+00
-2.742500000000000160e+00 1.000000000000000048e-04 8.158176097153998010e-03 1.000000000000000000e+00
-2.741750000000000131e+00 1.000000000000000048e-04 8.165693082802677819e-03 1.000000000000000000e+00
-2.741000000000000103e+00 1.000000000000000048e-04 8.173217067566004856e-03 1.000000000000000000e+00
-2.740250000000000075e+00 1.000000000000000048e-04 8.180748058000574668e-03 1.000000000000000000e+00
-2.739500000000000046e+00 1.000000000000000048e-04 8.188286060668988411e-03 1.000000000000000000e+00
-2.738750000000000018e+00 1.000000000000000048e-04 8.195831082139856325e-03 1.000000000000000000e+00
-2.737999999999999989e+00 1.000000000000000048e-04 8.203383128987802933e-03 1.000000000000000000e+00
-2.737249999999999961e+00 1.000000000000000048e-04 8.210942207793480926e-03 1.000000000000000000e+00
-2.736499999999999932e+00 1.000000000000000048e-04 8.218508325143562485e-03 1.000000000000000000e+00
-2.735749999999999904e+00 1.000000000000000048e-04 8.226081487630747952e-03 1.000000000000000000e+00
-2.734999999999999876e+00 1.000000000000000048e-04 8.233661701853776244e-03 1.000000000000000000e+00
-2.734249999999999847e+00 1.000000000000000048e-04 8.241248974417421380e-03 1.000000000000000000e+00
-2.733499999999999819e+00 1.000000000000000048e-04 8.248843311932509831e-03 1.000000000000000000e+00
-2.732749999999999790e+00 1.000000000000000048e-04 8.256444721015899699e-03 1.000000000000000000e+00
-2.731999999999999762e+00 1.000000000000000048e-04 8.264053208290529293e-03 1.000000000000000000e+00
-2.731249999999999734e+00 1.000000000000000048e-04 8.271668780385380698e-03 1.000000000000000000e+00
-2.730500000000000149e+00 1.000000000000000048e-04 8.279291443935483247e-03 1.000000000000000000e+00
-2.729750000000000121e+00 1.000000000000000048e-04 8.286921205581962088e-03 1.000000000000000000e+00
-2.729000000000000092e+00 1.000000000000000048e-04 8.294558071972008700e-03 1.000000000000000000e+00
-2.728250000000000064e+00 1.000000000000000048e-04 8.302202049758877420e-03 1.000000000000000000e+00
-2.727500000000000036e+00 1.000000000000000048e-04 8.309853145601920135e-03 1.000000000000000000e+00
-2.726750000000000007e+00 1.000000000000000048e-04 8.317511366166565473e-03 1.000000000000000000e+00
-2.725999999999999979e+00 1.000000000000000048e-04 8.325176718124343081e-03 1.000000000000000000e+00
-2.725249999999999950e+00 1.000000000000000048e-04 8.332849208152871487e-03 1.000000000000000000e+00
-2.724499999999999922e+00 1.000000000000000048e-04 8.340528842935873710e-03 1.000000000000000000e+00
-2.723749999999999893e+00 1.000000000000000048e-04 8.348215629163185936e-03 1.000000000000000000e+00
-2.722999999999999865e+00 1.000000000000000048e-04 8.355909573530740167e-03 1.000000000000000000e+00
-2.722249999999999837e+00 1.000000000000000048e-04 8.363610682740598920e-03 1.000000000000000000e+00
-2.721499999999999808e+00 1.000000000000000048e-04 8.371318963500934407e-03 1.000000000000000000e+00
-2.720749999999999780e+00 1.000000000000000048e-04 8.379034422526052822e-03 1.000000000000000000e+00
-2.719999999999999751e+00 1.000000000000000048e-04 8.386757066536380464e-03 1.000000000000000000e+00
-2.719250000000000167e+00 1.000000000000000048e-04 8.394486902258489758e-03 1.000000000000000000e+00
-2.718500000000000139e+00 1.000000000000000048e-04 8.402223936425083639e-03 1.000000000000000000e+00
-2.717750000000000110e+00 1.000000000000000048e-04 8.409968175775012905e-03 1.000000000000000000e+00
-2.717000000000000082e+00 1.000000000000000048e-04 8.417719627053286621e-03 1.000000000000000000e+00
-2.716250000000000053e+00 1.000000000000000048e-04 8.425478297011051304e-03 1.000000000000000000e+00
-2.715500000000000025e+00 1.000000000000000048e-04 8.433244192405616943e-03 1.000000000000000000e+00
-2.714749999999999996e+00 1.000000000000000048e-04 8.441017320000463939e-03 1.000000000000000000e+00
-2.713999999999999968e+00 1.000000000000000048e-04 8.448797686565241369e-03 1.000000000000000000e+00
-2.713249999999999940e+00 1.000000000000000048e-04 8.456585298875756579e-03 1.000000000000000000e+00
-2.712499999999999911e+00 1.000000000000000048e-04 8.464380163714013347e-03 1.000000000000000000e+00
-2.711749999999999883e+00 1.000000000000000048e-04 8.472182287868187597e-03 1.000000000000000000e+00
-2.710999999999999854e+00 1.000000000000000048e-04 8.479991678132643013e-03 1.000000000000000000e+00
-2.710249999999999826e+00 1.000000000000000048e-04 8.487808341307943177e-03 1.000000000000000000e+00
-2.709499999999999797e+00 1.000000000000000048e-04 8.495632284200835965e-03 1.000000000000000000e+00
-2.708749999999999769e+00 1.000000000000000048e-04 8.503463513624283029e-03 1.000000000000000000e+00
-2.707999999999999741e+00 1.000000000000000048e-04 8.511302036397445925e-03 1.000000000000000000e+00
-2.707250000000000156e+00 1.000000000000000048e-04 8.519147859345691312e-03 1.000000000000000000e+00
-2.706500000000000128e+00 1.000000000000000048e-04 8.527000989300629122e-03 1.000000000000000000e+00
-2.705750000000000099e+00 1.000000000000000048e-04 8.534861433100055308e-03 1.000000000000000000e+00
-2.705000000000000071e+00 1.000000000000000048e-04 8.542729197588014300e-03 1.000000000000000000e+00
-2.704250000000000043e+00 1.000000000000000048e-04 8.550604289614774714e-03 1.000000000000000000e+00
-2.703500000000000014e+00 1.000000000000000048e-04 8.558486716036832823e-03 1.000000000000000000e+00
-2.702749999999999986e+00 1.000000000000000048e-04 8.566376483716943782e-03 1.000000000000000000e+00
-2.701999999999999957e+00 1.000000000000000048e-04 8.574273599524085201e-03 1.000000000000000000e+00
-2.701249999999999929e+00 1.000000000000000048e-04 8.582178070333498776e-03 1.000000000000000000e+00
-2.700499999999999901e+00 1.000000000000000048e-04 8.590089903026681614e-03 1.000000000000000000e+00
-2.699749999999999872e+00 1.000000000000000048e-04 8.598009104491374094e-03 1.000000000000000000e+00
-2.698999999999999844e+00 1.000000000000000048e-04 8.605935681621601496e-03 1.000000000000000000e+00
-2.698249999999999815e+00 1.000000000000000048e-04 8.613869641317649720e-03 1.000000000000000000e+00
-2.697499999999999787e+00 1.000000000000000048e-04 8.621810990486073953e-03 1.000000000000000000e+00
-2.696749999999999758e+00 1.000000000000000048e-04 8.629759736039710818e-03 1.000000000000000000e+00
-2.695999999999999730e+00 1.000000000000000048e-04 8.637715884897676638e-03 1.000000000000000000e+00
-2.695250000000000146e+00 1.000000000000000048e-04 8.645679443985379575e-03 1.000000000000000000e+00
-2.694500000000000117e+00 1.000000000000000048e-04 8.653650420234535248e-03 1.000000000000000000e+00
-2.693750000000000089e+00 1.000000000000000048e-04 8.661628820583119892e-03 1.000000000000000000e+00
-2.693000000000000060e+00 1.000000000000000048e-04 8.669614651975453626e-03 1.000000000000000000e+00
-2.692250000000000032e+00 1.000000000000000048e-04 8.677607921362138002e-03 1.000000000000000000e+00
-2.691500000000000004e+00 1.000000000000000048e-04 8.685608635700090702e-03 1.000000000000000000e+00
-2.690749999999999975e+00 1.000000000000000048e-04 8.693616801952552472e-03 1.000000000000000000e+00
-2.689999999999999947e+00 1.000000000000000048e-04 8.701632427089076721e-03 1.000000000000000000e+00
-2.689249999999999918e+00 1.000000000000000048e-04 8.709655518085553799e-03 1.000000000000000000e+00
-2.688499999999999890e+00 1.000000000000000048e-04 8.717686081924191921e-03 1.000000000000000000e+00
-2.687749999999999861e+00 1.000000000000000048e-04 8.725724125593558797e-03 1.000000000000000000e+00
-2.686999999999999833e+00 1.000000000000000048e-04 8.733769656088529593e-03 1.000000000000000000e+00
-2.686249999999999805e+00 1.000000000000000048e-04 8.741822680410347643e-03 1.000000000000000000e+00
-2.685499999999999776e+00 1.000000000000000048e-04 8.749883205566615779e-03 1.000000000000000000e+00
-2.684749999999999748e+00 1.000000000000000048e-04 8.757951238571259900e-03 1.000000000000000000e+00
-2.684000000000000163e+00 1.000000000000000048e-04 8.766026786444591420e-03 1.000000000000000000e+00
-2.683250000000000135e+00 1.000000000000000048e-04 8.774109856213279518e-03 1.000000000000000000e+00
-2.682500000000000107e+00 1.000000000000000048e-04 8.782200454910363274e-03 1.000000000000000000e+00
-2.681750000000000078e+00 1.000000000000000048e-04 8.790298589575256880e-03 1.000000000000000000e+00
-2.681000000000000050e+00 1.000000000000000048e-04 8.798404267253749633e-03 1.000000000000000000e+00
-2.680250000000000021e+00 1.000000000000000048e-04 8.806517494998019821e-03 1.000000000000000000e+00
-2.679499999999999993e+00 1.000000000000000048e-04 8.814638279866629511e-03 1.000000000000000000e+00
-2.678749999999999964e+00 1.000000000000000048e-04 8.822766628924534962e-03 1.000000000000000000e+00
-2.677999999999999936e+00 1.000000000000000048e-04 8.830902549243097033e-03 1.000000000000000000e+00
-2.677249999999999908e+00 1.000000000000000048e-04 8.839046047900077710e-03 1.000000000000000000e+00
-2.676499999999999879e+00 1.000000000000000048e-04 8.847197131979640111e-03 1.000000000000000000e+00
-2.675749999999999851e+00 1.000000000000000048e-04 8.855355808572364096e-03 1.000000000000000000e+00
-2.674999999999999822e+00 1.000000000000000048e-04 8.863522084775254939e-03 1.000000000000000000e+00
-2.674249999999999794e+00 1.000000000000000048e-04 8.871695967691722515e-03 1.000000000000000000e+00
-2.673499999999999766e+00 1.000000000000000048e-04 8.879877464431624665e-03 1.000000000000000000e+00
-2.672749999999999737e+00 1.000000000000000048e-04 8.888066582111232503e-03 1.000000000000000000e+00
-2.672000000000000153e+00 1.000000000000000048e-04 8.896263327853263375e-03 1.000000000000000000e+00
-2.671250000000000124e+00 1.000000000000000048e-04 8.904467708786880861e-03 1.000000000000000000e+00
-2.670500000000000096e+00 1.000000000000000048e-04 8.912679732047693038e-03 1.000000000000000000e+00
-2.669750000000000068e+00 1.000000000000000048e-04 8.920899404777738601e-03 1.000000000000000000e+00
-2.669000000000000039e+00 1.000000000000000048e-04 8.929126734125542378e-03 1.000000000000000000e+00
-2.668250000000000011e+00 1.000000000000000048e-04 8.937361727246078899e-03 1.000000000000000000e+00
-2.667499999999999982e+00 1.000000000000000048e-04 8.945604391300774130e-03 1.000000000000000000e+00
-2.666749999999999954e+00 1.000000000000000048e-04 8.953854733457545373e-03 1.000000000000000000e+00
-2.665999999999999925e+00 1.000000000000000048e-04 8.962112760890768304e-03 1.000000000000000000e+00
-2.665249999999999897e+00 1.000000000000000048e-04 8.970378480781313404e-03 1.000000000000000000e+00
-2.664499999999999869e+00 1.000000000000000048e-04 8.978651900316523410e-03 1.000000000000000000e+00
-2.663749999999999840e+00 1.000000000000000048e-04 8.986933026690241064e-03 1.000000000000000000e+00
-2.662999999999999812e+00 1.000000000000000048e-04 8.995221867102784832e-03 1.000000000000000000e+00
-2.662249999999999783e+00 1.000000000000000048e-04 9.003518428761002682e-03 1.000000000000000000e+00
-2.661499999999999755e+00 1.000000000000000048e-04 9.011822718878216565e-03 1.000000000000000000e+00
-2.660750000000000171e+00 1.000000000000000048e-04 9.020134744674270996e-03 1.000000000000000000e+00
-2.660000000000000142e+00 1.000000000000000048e-04 9.028454513375533050e-03 1.000000000000000000e+00
-2.659250000000000114e+00 1.000000000000000048e-04 9.036782032214866339e-03 1.000000000000000000e+00
-2.658500000000000085e+00 1.000000000000000048e-04 9.045117308431679590e-03 1.000000000000000000e+00
-2.657750000000000057e+00 1.000000000000000048e-04 9.053460349271888474e-03 1.000000000000000000e+00
-2.657000000000000028e+00 1.000000000000000048e-04 9.061811161987957247e-03 1.000000000000000000e+00
-2.656250000000000000e+00 1.000000000000000048e-04 9.070169753838879662e-03 1.000000000000000000e+00
-2.655499999999999972e+00 1.000000000000000048e-04 9.078536132090201521e-03 1.000000000000000000e+00
-2.654749999999999943e+00 1.000000000000000048e-04 9.086910304013996395e-03 1.000000000000000000e+00
-2.653999999999999915e+00 1.000000000000000048e-04 9.095292276888908983e-03 1.000000000000000000e+00
-2.653249999999999886e+00 1.000000000000000048e-04 9.103682058000130833e-03 1.000000000000000000e+00
-2.652499999999999858e+00 1.000000000000000048e-04 9.112079654639419421e-03 1.000000000000000000e+00
-2.651749999999999829e+00 1.000000000000000048e-04 9.120485074105096415e-03 1.000000000000000000e+00
-2.650999999999999801e+00 1.000000000000000048e-04 9.128898323702052883e-03 1.000000000000000000e+00
-2.650249999999999773e+00 1.000000000000000048e-04 9.137319410741759698e-03 1.000000000000000000e+00
-2.649499999999999744e+00 1.000000000000000048e-04 9.145748342542260600e-03 1.000000000000000000e+00
-2.648750000000000160e+00 1.000000000000000048e-04 9.154185126428189545e-03 1.000000000000000000e+00
-2.648000000000000131e+00 1.000000000000000048e-04 9.162629769730779375e-03 1.000000000000000000e+00
-2.647250000000000103e+00 1.000000000000000048e-04 9.171082279787847943e-03 1.000000000000000000e+00
-2.646500000000000075e+00 1.000000000000000048e-04 9.179542663943806788e-03 1.000000000000000000e+00
-2.645750000000000046e+00 1.000000000000000048e-04 9.188010929549687150e-03 1.000000000000000000e+00
-2.645000000000000018e+00 1.000000000000000048e-04 9.196487083963120895e-03 1.000000000000000000e+00
-2.644249999999999989e+00 1.000000000000000048e-04 9.204971134548350920e-03 1.000000000000000000e+00
-2.643499999999999961e+00 1.000000000000000048e-04 9.213463088676243293e-03 1.000000000000000000e+00
-2.642749999999999932e+00 1.000000000000000048e-04 9.221962953724294199e-03 1.000000000000000000e+00
-2.641999999999999904e+00 1.000000000000000048e-04 9.230470737076612586e-03 1.000000000000000000e+00
-2.641249999999999876e+00 1.000000000000000048e-04 9.238986446123956600e-03 1.000000000000000000e+00
-2.640499999999999847e+00 1.000000000000000048e-04 9.247510088263711028e-03 1.000000000000000000e+00
-2.639749999999999819e+00 1.000000000000000048e-04 9.256041670899916793e-03 1.000000000000000000e+00
-2.638999999999999790e+00 1.000000000000000048e-04 9.264581201443241459e-03 1.000000000000000000e+00
-2.638249999999999762e+00 1.000000000000000048e-04 9.273128687311020871e-03 1.000000000000000000e+00
-2.637499999999999734e+00 1.000000000000000048e-04 9.281684135927248738e-03 1.000000000000000000e+00
-2.636750000000000149e+00 1.000000000000000048e-04 9.290247554722562764e-03 1.000000000000000000e+00
-2.636000000000000121e+00 1.000000000000000048e-04 9.298818951134296684e-03 1.000000000000000000e+00
-2.635250000000000092e+00 1.000000000000000048e-04 9.307398332606431693e-03 1.000000000000000000e+00
-2.634500000000000064e+00 1.000000000000000048e-04 9.315985706589627671e-03 1.000000000000000000e+00
-2.633750000000000036e+00 1.000000000000000048e-04 9.324581080541245737e-03 1.000000000000000000e+00
-2.633000000000000007e+00 1.000000000000000048e-04 9.333184461925306610e-03 1.000000000000000000e+00
-2.632249999999999979e+00 1.000000000000000048e-04 9.341795858212533984e-03 1.000000000000000000e+00
-2.631499999999999950e+00 1.000000000000000048e-04 9.350415276880340645e-03 1.000000000000000000e+00
-2.630749999999999922e+00 1.000000000000000048e-04 9.359042725412852759e-03 1.000000000000000000e+00
-2.629999999999999893e+00 1.000000000000000048e-04 9.367678211300887320e-03 1.000000000000000000e+00
-2.629249999999999865e+00 1.000000000000000048e-04 9.376321742041978172e-03 1.000000000000000000e+00
-2.628499999999999837e+00 1.000000000000000048e-04 9.384973325140372538e-03 1.000000000000000000e+00
-2.627749999999999808e+00 1.000000000000000048e-04 9.393632968107034492e-03 1.000000000000000000e+00
-2.626999999999999780e+00 1.000000000000000048e-04 9.402300678459651895e-03 1.000000000000000000e+00
-2.626249999999999751e+00 1.000000000000000048e-04 9.410976463722643334e-03 1.000000000000000000e+00
-2.625500000000000167e+00 1.000000000000000048e-04 9.419660331427158126e-03 1.000000000000000000e+00
-2.624750000000000139e+00 1.000000000000000048e-04 9.428352289111095394e-03 1.000000000000000000e+00
-2.624000000000000110e+00 1.000000000000000048e-04 9.437052344319078051e-03 1.000000000000000000e+00
-2.623250000000000082e+00 1.000000000000000048e-04 9.445760504602490962e-03 1.000000000000000000e+00
-2.622500000000000053e+00 1.000000000000000048e-04 9.454476777519460126e-03 1.000000000000000000e+00
-2.621750000000000025e+00 1.000000000000000048e-04 9.463201170634885639e-03 1.000000000000000000e+00
-2.620999999999999996e+00 1.000000000000000048e-04 9.471933691520410467e-03 1.000000000000000000e+00
-2.620249999999999968e+00 1.000000000000000048e-04 9.480674347754455139e-03 1.000000000000000000e+00
-2.619499999999999940e+00 1.000000000000000048e-04 9.489423146922210811e-03 1.000000000000000000e+00
-2.618749999999999911e+00 1.000000000000000048e-04 9.498180096615635795e-03 1.000000000000000000e+00
-2.617999999999999883e+00 1.000000000000000048e-04 9.506945204433486785e-03 1.000000000000000000e+00
-2.617249999999999854e+00 1.000000000000000048e-04 9.515718477981294568e-03 1.000000000000000000e+00
-2.616499999999999826e+00 1.000000000000000048e-04 9.524499924871377907e-03 1.000000000000000000e+00
-2.615749999999999797e+00 1.000000000000000048e-04 9.533289552722862617e-03 1.000000000000000000e+00
-2.614999999999999769e+00 1.000000000000000048e-04 9.542087369161652080e-03 1.000000000000000000e+00
-2.614249999999999741e+00 1.000000000000000048e-04 9.550893381820487957e-03 1.000000000000000000e+00
-2.613500000000000156e+00 1.000000000000000048e-04 9.559707598338882534e-03 1.000000000000000000e+00
-2.612750000000000128e+00 1.000000000000000048e-04 9.568530026363193317e-03 1.000000000000000000e+00
-2.612000000000000099e+00 1.000000000000000048e-04 9.577360673546590070e-03 1.000000000000000000e+00
-2.611250000000000071e+00 1.000000000000000048e-04 9.586199547549053082e-03 1.000000000000000000e+00
-2.610500000000000043e+00 1.000000000000000048e-04 9.595046656037397453e-03 1.000000000000000000e+00
-2.609750000000000014e+00 1.000000000000000048e-04 9.603902006685283502e-03 1.000000000000000000e+00
-2.608999999999999986e+00 1.000000000000000048e-04 9.612765607173190743e-03 1.000000000000000000e+00
-2.608249999999999957e+00 1.000000000000000048e-04 9.621637465188449118e-03 1.000000000000000000e+00
-2.607499999999999929e+00 1.000000000000000048e-04 9.630517588425242456e-03 1.000000000000000000e+00
-2.606749999999999901e+00 1.000000000000000048e-04 9.639405984584599810e-03 1.000000000000000000e+00
-2.605999999999999872e+00 1.000000000000000048e-04 9.648302661374398917e-03 1.000000000000000000e+00
-2.605249999999999844e+00 1.000000000000000048e-04 9.657207626509395695e-03 1.000000000000000000e+00
-2.604499999999999815e+00 1.000000000000000048e-04 9.666120887711201690e-03 1.000000000000000000e+00
-2.603749999999999787e+00 1.000000000000000048e-04 9.675042452708297949e-03 1.000000000000000000e+00
-2.602999999999999758e+00 1.000000000000000048e-04 9.683972329236050641e-03 1.000000000000000000e+00
-2.602249999999999730e+00 1.000000000000000048e-04 9.692910525036698907e-03 1.000000000000000000e+00
-2.601500000000000146e+00 1.000000000000000048e-04 9.701857047859361802e-03 1.000000000000000000e+00
-2.600750000000000117e+00 1.000000000000000048e-04 9.710811905460069518e-03 1.000000000000000000e+00
-2.600000000000000089e+00 1.000000000000000048e-04 9.719775105601718285e-03 1.000000000000000000e+00
-2.599250000000000060e+00 1.000000000000000048e-04 9.728746656054120673e-03 1.000000000000000000e+00
-2.598500000000000032e+00 1.000000000000000048e-04 9.737726564593995188e-03 1.000000000000000000e+00
-2.597750000000000004e+00 1.000000000000000048e-04 9.746714839004957595e-03 1.000000000000000000e+00
-2.596999999999999975e+00 1.000000000000000048e-04 9.755711487077543473e-03 1.000000000000000000e+00
-2.596249999999999947e+00 1.000000000000000048e-04 9.764716516609204741e-03 1.000000000000000000e+00
-2.595499999999999918e+00 1.000000000000000048e-04 9.773729935404318336e-03 1.000000000000000000e+00
-2.594749999999999890e+00 1.000000000000000048e-04 9.782751751274187946e-03 1.000000000000000000e+00
-2.593999999999999861e+00 1.000000000000000048e-04 9.791781972037040538e-03 1.000000000000000000e+00
-2.593249999999999833e+00 1.000000000000000048e-04 9.800820605518057588e-03 1.000000000000000000e+00
-2.592499999999999805e+00 1.000000000000000048e-04 9.809867659549349056e-03 1.000000000000000000e+00
-2.591749999999999776e+00 1.000000000000000048e-04 9.818923141969970736e-03 1.000000000000000000e+00
-2.590999999999999748e+00 1.000000000000000048e-04 9.827987060625936397e-03 1.000000000000000000e+00
-2.590250000000000163e+00 1.000000000000000048e-04 9.837059423370202171e-03 1.000000000000000000e+00
-2.589500000000000135e+00 1.000000000000000048e-04 9.846140238062706454e-03 1.000000000000000000e+00
-2.588750000000000107e+00 1.000000000000000048e-04 9.855229512570333472e-03 1.000000000000000000e+00
-2.588000000000000078e+00 1.000000000000000048e-04 9.864327254766947981e-03 1.000000000000000000e+00
-2.587250000000000050e+00 1.000000000000000048e-04 9.873433472533367505e-03 1.000000000000000000e+00
-2.586500000000000021e+00 1.000000000000000048e-04 9.882548173757426530e-03 1.000000000000000000e+00
-2.585749999999999993e+00 1.000000000000000048e-04 9.891671366333914042e-03 1.000000000000000000e+00
-2.584999999999999964e+00 1.000000000000000048e-04 9.900803058164606499e-03 1.000000000000000000e+00
-2.584249999999999936e+00 1.000000000000000048e-04 9.909943257158290372e-03 1.000000000000000000e+00
-2.583499999999999908e+00 1.000000000000000048e-04 9.919091971230739602e-03 1.000000000000000000e+00
-2.582749999999999879e+00 1.000000000000000048e-04 9.928249208304727735e-03 1.000000000000000000e+00
-2.581999999999999851e+00 1.000000000000000048e-04 9.937414976310043543e-03 1.000000000000000000e+00
-2.581249999999999822e+00 1.000000000000000048e-04 9.946589283183480609e-03 1.000000000000000000e+00
-2.580499999999999794e+00 1.000000000000000048e-04 9.955772136868847738e-03 1.000000000000000000e+00
-2.579749999999999766e+00 1.000000000000000048e-04 9.964963545316979365e-03 1.000000000000000000e+00
-2.578999999999999737e+00 1.000000000000000048e-04 9.974163516485740760e-03 1.000000000000000000e+00
-2.578250000000000153e+00 1.000000000000000048e-04 9.983372058340003741e-03 1.000000000000000000e+00
-2.577500000000000124e+00 1.000000000000000048e-04 9.992589178851712592e-03 1.000000000000000000e+00
-2.576750000000000096e+00 1.000000000000000048e-04 1.000181488599981641e-02 1.000000000000000000e+00
-2.576000000000000068e+00 1.000000000000000048e-04 1.001104918777033156e-02 1.000000000000000000e+00
-2.575250000000000039e+00 1.000000000000000048e-04 1.002029209215630177e-02 1.000000000000000000e+00
-2.574500000000000011e+00 1.000000000000000048e-04 1.002954360715784324e-02 1.000000000000000000e+00
-2.573749999999999982e+00 1.000000000000000048e-04 1.003880374078212206e-02 1.000000000000000000e+00
-2.572999999999999954e+00 1.000000000000000048e-04 1.004807250104336643e-02 1.000000000000000000e+00
-2.572249999999999925e+00 1.000000000000000048e-04 1.005734989596286655e-02 1.000000000000000000e+00
-2.571499999999999897e+00 1.000000000000000048e-04 1.006663593356900074e-02 1.000000000000000000e+00
-2.570749999999999869e+00 1.000000000000000048e-04 1.007593062189721285e-02 1.000000000000000000e+00
-2.569999999999999840e+00 1.000000000000000048e-04 1.008523396899002264e-02 1.000000000000000000e+00
-2.569249999999999812e+00 1.000000000000000048e-04 1.009454598289704318e-02 1.000000000000000000e+00
-2.568499999999999783e+00 1.000000000000000048e-04 1.010386667167498080e-02 1.000000000000000000e+00
-2.567749999999999755e+00 1.000000000000000048e-04 1.011319604338762820e-02 1.000000000000000000e+00
-2.567000000000000171e+00 1.000000000000000048e-04 1.012253410610587830e-02 1.000000000000000000e+00
-2.566250000000000142e+00 1.000000000000000048e-04 1.013188086790774330e-02 1.000000000000000000e+00
-2.565500000000000114e+00 1.000000000000000048e-04 1.014123633687832524e-02 1.000000000000000000e+00
-2.564750000000000085e+00 1.000000000000000048e-04 1.015060052110984719e-02 1.000000000000000000e+00
-2.564000000000000057e+00 1.000000000000000048e-04 1.015997342870164979e-02 1.000000000000000000e+00
-2.563250000000000028e+00 1.000000000000000048e-04 1.016935506776019300e-02 1.000000000000000000e+00
-2.562500000000000000e+00 1.000000000000000048e-04 1.017874544639906995e-02 1.000000000000000000e+00
-2.561749999999999972e+00 1.000000000000000048e-04 1.018814457273900520e-02 1.000000000000000000e+00
-2.560999999999999943e+00 1.000000000000000048e-04 1.019755245490785132e-02 1.000000000000000000e+00
-2.560249999999999915e+00 1.000000000000000048e-04 1.020696910104061488e-02 1.000000000000000000e+00
-2.559499999999999886e+00 1.000000000000000048e-04 1.021639451927943212e-02 1.000000000000000000e+00
-2.558749999999999858e+00 1.000000000000000048e-04 1.022582871777360548e-02 1.000000000000000000e+00
-2.557999999999999829e+00 1.000000000000000048e-04 1.023527170467957229e-02 1.000000000000000000e+00
-2.557249999999999801e+00 1.000000000000000048e-04 1.024472348816094988e-02 1.000000000000000000e+00
-2.556499999999999773e+00 1.000000000000000048e-04 1.025418407638851483e-02 1.000000000000000000e+00
-2.555749999999999744e+00 1.000000000000000048e-04 1.026365347754019074e-02 1.000000000000000000e+00
-2.555000000000000160e+00 1.000000000000000048e-04 1.027313169980110207e-02 1.000000000000000000e+00
-2.554250000000000131e+00 1.000000000000000048e-04 1.028261875136353767e-02 1.000000000000000000e+00
-2.553500000000000103e+00 1.000000000000000048e-04 1.029211464042697512e-02 1.000000000000000000e+00
-2.552750000000000075e+00 1.000000000000000048e-04 1.030161937519806330e-02 1.000000000000000000e+00
-2.552000000000000046e+00 1.000000000000000048e-04 1.031113296389066236e-02 1.000000000000000000e+00
-2.551250000000000018e+00 1.000000000000000048e-04 1.032065541472580554e-02 1.000000000000000000e+00
-2.550499999999999989e+00 1.000000000000000048e-04 1.033018673593174945e-02 1.000000000000000000e+00
-2.549749999999999961e+00 1.000000000000000048e-04 1.033972693574393767e-02 1.000000000000000000e+00
-2.548999999999999932e+00 1.000000000000000048e-04 1.034927602240503890e-02 1.000000000000000000e+00
-2.548249999999999904e+00 1.000000000000000048e-04 1.035883400416490879e-02 1.000000000000000000e+00
-2.547499999999999876e+00 1.000000000000000048e-04 1.036840088928065069e-02 1.000000000000000000e+00
-2.546749999999999847e+00 1.000000000000000048e-04 1.037797668601658264e-02 1.000000000000000000e+00
-2.545999999999999819e+00 1.000000000000000048e-04 1.038756140264423915e-02 1.000000000000000000e+00
-2.545249999999999790e+00 1.000000000000000048e-04 1.039715504744239544e-02 1.000000000000000000e+00
-2.544499999999999762e+00 1.000000000000000048e-04 1.040675762869705534e-02 1.000000000000000000e+00
-2.543749999999999734e+00 1.000000000000000048e-04 1.041636915470147383e-02 1.000000000000000000e+00
-2.543000000000000149e+00 1.000000000000000048e-04 1.042598963375614661e-02 1.000000000000000000e+00
-2.542250000000000121e+00 1.000000000000000048e-04 1.043561907416881880e-02 1.000000000000000000e+00
-2.541500000000000092e+00 1.000000000000000048e-04 1.044525748425449187e-02 1.000000000000000000e+00
-2.540750000000000064e+00 1.000000000000000048e-04 1.045490487233542189e-02 1.000000000000000000e+00
-2.540000000000000036e+00 1.000000000000000048e-04 1.046456124674113516e-02 1.000000000000000000e+00
-2.539250000000000007e+00 1.000000000000000048e-04 1.047422661580840915e-02 1.000000000000000000e+00
-2.538499999999999979e+00 1.000000000000000048e-04 1.048390098788131927e-02 1.000000000000000000e+00
-2.537749999999999950e+00 1.000000000000000048e-04 1.049358437131119384e-02 1.000000000000000000e+00
-2.536999999999999922e+00 1.000000000000000048e-04 1.050327677445665568e-02 1.000000000000000000e+00
-2.536249999999999893e+00 1.000000000000000048e-04 1.051297820568361345e-02 1.000000000000000000e+00
-2.535499999999999865e+00 1.000000000000000048e-04 1.052268867336525991e-02 1.000000000000000000e+00
-2.534749999999999837e+00 1.000000000000000048e-04 1.053240818588208581e-02 1.000000000000000000e+00
-2.533999999999999808e+00 1.000000000000000048e-04 1.054213675162186947e-02 1.000000000000000000e+00
-2.533249999999999780e+00 1.000000000000000048e-04 1.055187437897971668e-02 1.000000000000000000e+00
-2.532499999999999751e+00 1.000000000000000048e-04 1.056162107635802601e-02 1.000000000000000000e+00
-2.531750000000000167e+00 1.000000000000000048e-04 1.057137685216649921e-02 1.000000000000000000e+00
-2.531000000000000139e+00 1.000000000000000048e-04 1.058114171482217938e-02 1.000000000000000000e+00
-2.530250000000000110e+00 1.000000000000000048e-04 1.059091567274941109e-02 1.000000000000000000e+00
-2.529500000000000082e+00 1.000000000000000048e-04 1.060069873437986983e-02 1.000000000000000000e+00
-2.528750000000000053e+00 1.000000000000000048e-04 1.061049090815256724e-02 1.000000000000000000e+00
-2.528000000000000025e+00 1.000000000000000048e-04 1.062029220251383028e-02 1.000000000000000000e+00
-2.527249999999999996e+00 1.000000000000000048e-04 1.063010262591735679e-02 1.000000000000000000e+00
-2.526499999999999968e+00 1.000000000000000048e-04 1.063992218682415641e-02 1.000000000000000000e+00
-2.525749999999999940e+00 1.000000000000000048e-04 1.064975089370260447e-02 1.000000000000000000e+00
-2.524999999999999911e+00 1.000000000000000048e-04 1.065958875502842455e-02 1.000000000000000000e+00
-2.524249999999999883e+00 1.000000000000000048e-04 1.066943577928470242e-02 1.000000000000000000e+00
-2.523499999999999854e+00 1.000000000000000048e-04 1.067929197496186346e-02 1.000000000000000000e+00
-2.522749999999999826e+00 1.000000000000000048e-04 1.068915735055772642e-02 1.000000000000000000e+00
-2.521999999999999797e+00 1.000000000000000048e-04 1.069903191457746358e-02 1.000000000000000000e+00
-2.521249999999999769e+00 1.000000000000000048e-04 1.070891567553362324e-02 1.000000000000000000e+00
-2.520499999999999741e+00 1.000000000000000048e-04 1.071880864194613495e-02 1.000000000000000000e+00
-2.519750000000000156e+00 1.000000000000000048e-04 1.072871082234230257e-02 1.000000000000000000e+00
-2.519000000000000128e+00 1.000000000000000048e-04 1.073862222525683377e-02 1.000000000000000000e+00
-2.518250000000000099e+00 1.000000000000000048e-04 1.074854285923181399e-02 1.000000000000000000e+00
-2.517500000000000071e+00 1.000000000000000048e-04 1.075847273281673247e-02 1.000000000000000000e+00
-2.516750000000000043e+00 1.000000000000000048e-04 1.076841185456846837e-02 1.000000000000000000e+00
-2.516000000000000014e+00 1.000000000000000048e-04 1.077836023305132548e-02 1.000000000000000000e+00
-2.515249999999999986e+00 1.000000000000000048e-04 1.078831787683698536e-02 1.000000000000000000e+00
-2.514499999999999957e+00 1.000000000000000048e-04 1.079828479450458019e-02 1.000000000000000000e+00
-2.513749999999999929e+00 1.000000000000000048e-04 1.080826099464062690e-02 1.000000000000000000e+00
-2.512999999999999901e+00 1.000000000000000048e-04 1.081824648583907568e-02 1.000000000000000000e+00
-2.512249999999999872e+00 1.000000000000000048e-04 1.082824127670132218e-02 1.000000000000000000e+00
-2.511499999999999844e+00 1.000000000000000048e-04 1.083824537583616063e-02 1.000000000000000000e+00
-2.510749999999999815e+00 1.000000000000000048e-04 1.084825879185984283e-02 1.000000000000000000e+00
-2.509999999999999787e+00 1.000000000000000048e-04 1.085828153339604696e-02 1.000000000000000000e+00
-2.509249999999999758e+00 1.000000000000000048e-04 1.086831360907590353e-02 1.000000000000000000e+00
-2.508499999999999730e+00 1.000000000000000048e-04 1.087835502753799199e-02 1.000000000000000000e+00
-2.507750000000000146e+00 1.000000000000000048e-04 1.088840579742832680e-02 1.000000000000000000e+00
-2.507000000000000117e+00 1.000000000000000048e-04 1.089846592740041122e-02 1.000000000000000000e+00
-2.506250000000000089e+00 1.000000000000000048e-04 1.090853542611517485e-02 1.000000000000000000e+00
-2.505500000000000060e+00 1.000000000000000048e-04 1.091861430224103265e-02 1.000000000000000000e+00
-2.504750000000000032e+00 1.000000000000000048e-04 1.092870256445386233e-02 1.000000000000000000e+00
-2.504000000000000004e+00 1.000000000000000048e-04 1.093880022143701829e-02 1.000000000000000000e+00
-2.503249999999999975e+00 1.000000000000000048e-04 1.094890728188132462e-02 1.000000000000000000e+00
-2.502499999999999947e+00 1.000000000000000048e-04 1.095902375448510116e-02 1.000000000000000000e+00
-2.501749999999999918e+00 1.000000000000000048e-04 1.096914964795414268e-02 1.000000000000000000e+00
-2.500999999999999890e+00 1.000000000000000048e-04 1.097928497100173449e-02 1.000000000000000000e+00
-2.500249999999999861e+00 1.000000000000000048e-04 1.098942973234867324e-02 1.000000000000000000e+00
-2.499499999999999833e+00 1.000000000000000048e-04 1.099958394072322182e-02 1.000000000000000000e+00
-2.498749999999999805e+00 1.000000000000000048e-04 1.100974760486118573e-02 1.000000000000000000e+00
-2.497999999999999776e+00 1.000000000000000048e-04 1.101992073350584536e-02 1.000000000000000000e+00
-2.497249999999999748e+00 1.000000000000000048e-04 1.103010333540801677e-02 1.000000000000000000e+00
-2.496500000000000163e+00 1.000000000000000048e-04 1.104029541932600132e-02 1.000000000000000000e+00
-2.495750000000000135e+00 1.000000000000000048e-04 1.105049699402566032e-02 1.000000000000000000e+00
-2.495000000000000107e+00 1.000000000000000048e-04 1.106070806828035949e-02 1.000000000000000000e+00
-2.494250000000000078e+00 1.000000000000000048e-04 1.107092865087098629e-02 1.000000000000000000e+00
-2.493500000000000050e+00 1.000000000000000048e-04 1.108115875058596385e-02 1.000000000000000000e+00
-2.492750000000000021e+00 1.000000000000000048e-04 1.109139837622126479e-02 1.000000000000000000e+00
-2.491999999999999993e+00 1.000000000000000048e-04 1.110164753658039218e-02 1.000000000000000000e+00
-2.491249999999999964e+00 1.000000000000000048e-04 1.111190624047439166e-02 1.000000000000000000e+00
-2.490499999999999936e+00 1.000000000000000048e-04 1.112217449672185839e-02 1.000000000000000000e+00
-2.489749999999999908e+00 1.000000000000000048e-04 1.113245231414895439e-02 1.000000000000000000e+00
-2.488999999999999879e+00 1.000000000000000048e-04 1.114273970158939295e-02 1.000000000000000000e+00
-2.488249999999999851e+00 1.000000000000000048e-04 1.115303666788443337e-02 1.000000000000000000e+00
-2.487499999999999822e+00 1.000000000000000048e-04 1.116334322188293135e-02 1.000000000000000000e+00
-2.486749999999999794e+00 1.000000000000000048e-04 1.117365937244127819e-02 1.000000000000000000e+00
-2.485999999999999766e+00 1.000000000000000048e-04 1.118398512842346676e-02 1.000000000000000000e+00
-2.485249999999999737e+00 1.000000000000000048e-04 1.119432049870105680e-02 1.000000000000000000e+00
-2.484500000000000153e+00 1.000000000000000048e-04 1.120466549215318880e-02 1.000000000000000000e+00
-2.483750000000000124e+00 1.000000000000000048e-04 1.121502011766659958e-02 1.000000000000000000e+00
-2.483000000000000096e+00 1.000000000000000048e-04 1.122538438413560671e-02 1.000000000000000000e+00
-2.482250000000000068e+00 1.000000000000000048e-04 1.123575830046213281e-02 1.000000000000000000e+00
-2.481500000000000039e+00 1.000000000000000048e-04 1.124614187555568121e-02 1.000000000000000000e+00
-2.480750000000000011e+00 1.000000000000000048e-04 1.125653511833337589e-02 1.000000000000000000e+00
-2.479999999999999982e+00 1.000000000000000048e-04 1.126693803771994240e-02 1.000000000000000000e+00
-2.479249999999999954e+00 1.000000000000000048e-04 1.127735064264771651e-02 1.000000000000000000e+00
-2.478499999999999925e+00 1.000000000000000048e-04 1.128777294205664423e-02 1.000000000000000000e+00
-2.477749999999999897e+00 1.000000000000000048e-04 1.129820494489430609e-02 1.000000000000000000e+00
-2.476999999999999869e+00 1.000000000000000048e-04 1.130864666011588415e-02 1.000000000000000000e+00
-2.476249999999999840e+00 1.000000000000000048e-04 1.131909809668421064e-02 1.000000000000000000e+00
-2.475499999999999812e+00 1.000000000000000048e-04 1.132955926356973494e-02 1.000000000000000000e+00
-2.474749999999999783e+00 1.000000000000000048e-04 1.134003016975054443e-02 1.000000000000000000e+00
-2.473999999999999755e+00 1.000000000000000048e-04 1.135051082421236271e-02 1.000000000000000000e+00
-2.473249999999999726e+00 1.000000000000000048e-04 1.136100123594856702e-02 1.000000000000000000e+00
-2.472500000000000142e+00 1.000000000000000048e-04 1.137150141396016390e-02 1.000000000000000000e+00
-2.471750000000000114e+00 1.000000000000000048e-04 1.138201136725584470e-02 1.000000000000000000e+00
-2.471000000000000085e+00 1.000000000000000048e-04 1.139253110485191622e-02 1.000000000000000000e+00
-2.470250000000000057e+00 1.000000000000000048e-04 1.140306063577237183e-02 1.000000000000000000e+00
-2.469500000000000028e+00 1.000000000000000048e-04 1.141359996904885675e-02 1.000000000000000000e+00
-2.468750000000000000e+00 1.000000000000000048e-04 1.142414911372068888e-02 1.000000000000000000e+00
-2.467999999999999972e+00 1.000000000000000048e-04 1.143470807883485534e-02 1.000000000000000000e+00
-2.467249999999999943e+00 1.000000000000000048e-04 1.144527687344601592e-02 1.000000000000000000e+00
-2.466499999999999915e+00 1.000000000000000048e-04 1.145585550661651526e-02 1.000000000000000000e+00
-2.465749999999999886e+00 1.000000000000000048e-04 1.146644398741638281e-02 1.000000000000000000e+00
-2.464999999999999858e+00 1.000000000000000048e-04 1.147704232492332242e-02 1.000000000000000000e+00
-2.464249999999999829e+00 1.000000000000000048e-04 1.148765052822273841e-02 1.000000000000000000e+00
-2.463499999999999801e+00 1.000000000000000048e-04 1.149826860640773378e-02 1.000000000000000000e+00
-2.462749999999999773e+00 1.000000000000000048e-04 1.150889656857910330e-02 1.000000000000000000e+00
-2.461999999999999744e+00 1.000000000000000048e-04 1.151953442384535085e-02 1.000000000000000000e+00
-2.461250000000000160e+00 1.000000000000000048e-04 1.153018218132267209e-02 1.000000000000000000e+00
-2.460500000000000131e+00 1.000000000000000048e-04 1.154083985013500645e-02 1.000000000000000000e+00
-2.459750000000000103e+00 1.000000000000000048e-04 1.155150743941397128e-02 1.000000000000000000e+00
-2.459000000000000075e+00 1.000000000000000048e-04 1.156218495829891731e-02 1.000000000000000000e+00
-2.458250000000000046e+00 1.000000000000000048e-04 1.157287241593692693e-02 1.000000000000000000e+00
-2.457500000000000018e+00 1.000000000000000048e-04 1.158356982148278820e-02 1.000000000000000000e+00
-2.456749999999999989e+00 1.000000000000000048e-04 1.159427718409903989e-02 1.000000000000000000e+00
-2.455999999999999961e+00 1.000000000000000048e-04 1.160499451295594724e-02 1.000000000000000000e+00
-2.455249999999999932e+00 1.000000000000000048e-04 1.161572181723149848e-02 1.000000000000000000e+00
-2.454499999999999904e+00 1.000000000000000048e-04 1.162645910611144820e-02 1.000000000000000000e+00
-2.453749999999999876e+00 1.000000000000000048e-04 1.163720638878928092e-02 1.000000000000000000e+00
-2.452999999999999847e+00 1.000000000000000048e-04 1.164796367446623362e-02 1.000000000000000000e+00
-2.452249999999999819e+00 1.000000000000000048e-04 1.165873097235129927e-02 1.000000000000000000e+00
-2.451499999999999790e+00 1.000000000000000048e-04 1.166950829166122153e-02 1.000000000000000000e+00
-2.450749999999999762e+00 1.000000000000000048e-04 1.168029564162050872e-02 1.000000000000000000e+00
-2.449999999999999734e+00 1.000000000000000048e-04 1.169109303146143898e-02 1.000000000000000000e+00
-2.449250000000000149e+00 1.000000000000000048e-04 1.170190047042403772e-02 1.000000000000000000e+00
-2.448500000000000121e+00 1.000000000000000048e-04 1.171271796775614008e-02 1.000000000000000000e+00
-2.447750000000000092e+00 1.000000000000000048e-04 1.172354553271332325e-02 1.000000000000000000e+00
-2.447000000000000064e+00 1.000000000000000048e-04 1.173438317455894990e-02 1.000000000000000000e+00
-2.446250000000000036e+00 1.000000000000000048e-04 1.174523090256417678e-02 1.000000000000000000e+00
-2.445500000000000007e+00 1.000000000000000048e-04 1.175608872600794608e-02 1.000000000000000000e+00
-2.444749999999999979e+00 1.000000000000000048e-04 1.176695665417698197e-02 1.000000000000000000e+00
-2.443999999999999950e+00 1.000000000000000048e-04 1.177783469636579754e-02 1.000000000000000000e+00
-2.443249999999999922e+00 1.000000000000000048e-04 1.178872286187673118e-02 1.000000000000000000e+00
-2.442499999999999893e+00 1.000000000000000048e-04 1.179962116001989463e-02 1.000000000000000000e+00
-2.441749999999999865e+00 1.000000000000000048e-04 1.181052960011323011e-02 1.000000000000000000e+00
-2.440999999999999837e+00 1.000000000000000048e-04 1.182144819148246012e-02 1.000000000000000000e+00
-2.440249999999999808e+00 1.000000000000000048e-04 1.183237694346113943e-02 1.000000000000000000e+00
-2.439499999999999780e+00 1.000000000000000048e-04 1.184331586539063598e-02 1.000000000000000000e+00
-2.438749999999999751e+00 1.000000000000000048e-04 1.185426496662013961e-02 1.000000000000000000e+00
-2.438000000000000167e+00 1.000000000000000048e-04 1.186522425650666027e-02 1.000000000000000000e+00
-2.437250000000000139e+00 1.000000000000000048e-04 1.187619374441503672e-02 1.000000000000000000e+00
-2.436500000000000110e+00 1.000000000000000048e-04 1.188717343971794002e-02 1.000000000000000000e+00
-2.435750000000000082e+00 1.000000000000000048e-04 1.189816335179587695e-02 1.000000000000000000e+00
-2.435000000000000053e+00 1.000000000000000048e-04 1.190916349003718830e-02 1.000000000000000000e+00
-2.434250000000000025e+00 1.000000000000000048e-04 1.192017386383805583e-02 1.000000000000000000e+00
-2.433499999999999996e+00 1.000000000000000048e-04 1.193119448260251785e-02 1.000000000000000000e+00
-2.432749999999999968e+00 1.000000000000000048e-04 1.194222535574244667e-02 1.000000000000000000e+00
-2.431999999999999940e+00 1.000000000000000048e-04 1.195326649267757467e-02 1.000000000000000000e+00
-2.431249999999999911e+00 1.000000000000000048e-04 1.196431790283550116e-02 1.000000000000000000e+00
-2.430499999999999883e+00 1.000000000000000048e-04 1.197537959565166468e-02 1.000000000000000000e+00
-2.429749999999999854e+00 1.000000000000000048e-04 1.198645158056938290e-02 1.000000000000000000e+00
-2.428999999999999826e+00 1.000000000000000048e-04 1.199753386703982655e-02 1.000000000000000000e+00
-2.428249999999999797e+00 1.000000000000000048e-04 1.200862646452205765e-02 1.000000000000000000e+00
-2.427499999999999769e+00 1.000000000000000048e-04 1.201972938248299302e-02 1.000000000000000000e+00
-2.426749999999999741e+00 1.000000000000000048e-04 1.203084263039743730e-02 1.000000000000000000e+00
-2.426000000000000156e+00 1.000000000000000048e-04 1.204196621774805687e-02 1.000000000000000000e+00
-2.425250000000000128e+00 1.000000000000000048e-04 1.205310015402544406e-02 1.000000000000000000e+00
-2.424500000000000099e+00 1.000000000000000048e-04 1.206424444872804258e-02 1.000000000000000000e+00
-2.423750000000000071e+00 1.000000000000000048e-04 1.207539911136219432e-02 1.000000000000000000e+00
-2.423000000000000043e+00 1.000000000000000048e-04 1.208656415144214805e-02 1.000000000000000000e+00
-2.422250000000000014e+00 1.000000000000000048e-04 1.209773957849003510e-02 1.000000000000000000e+00
-2.421499999999999986e+00 1.000000000000000048e-04 1.210892540203590932e-02 1.000000000000000000e+00
-2.420749999999999957e+00 1.000000000000000048e-04 1.212012163161770711e-02 1.000000000000000000e+00
-2.419999999999999929e+00 1.000000000000000048e-04 1.213132827678128391e-02 1.000000000000000000e+00
-2.419249999999999901e+00 1.000000000000000048e-04 1.214254534708041240e-02 1.000000000000000000e+00
-2.418499999999999872e+00 1.000000000000000048e-04 1.215377285207677217e-02 1.000000000000000000e+00
-2.417749999999999844e+00 1.000000000000000048e-04 1.216501080133997222e-02 1.000000000000000000e+00
-2.416999999999999815e+00 1.000000000000000048e-04 1.217625920444752145e-02 1.000000000000000000e+00
-2.416249999999999787e+00 1.000000000000000048e-04 1.218751807098488946e-02 1.000000000000000000e+00
-2.415499999999999758e+00 1.000000000000000048e-04 1.219878741054544226e-02 1.000000000000000000e+00
-2.414749999999999730e+00 1.000000000000000048e-04 1.221006723273049960e-02 1.000000000000000000e+00
-2.414000000000000146e+00 1.000000000000000048e-04 1.222135754714928982e-02 1.000000000000000000e+00
-2.413250000000000117e+00 1.000000000000000048e-04 1.223265836341902793e-02 1.000000000000000000e+00
-2.412500000000000089e+00 1.000000000000000048e-04 1.224396969116483061e-02 1.000000000000000000e+00
-2.411750000000000060e+00 1.000000000000000048e-04 1.225529154001976130e-02 1.000000000000000000e+00
-2.411000000000000032e+00 1.000000000000000048e-04 1.226662391962485450e-02 1.000000000000000000e+00
-2.410250000000000004e+00 1.000000000000000048e-04 1.227796683962909322e-02 1.000000000000000000e+00
-2.409499999999999975e+00 1.000000000000000048e-04 1.228932030968939333e-02 1.000000000000000000e+00
-2.408749999999999947e+00 1.000000000000000048e-04 1.230068433947065221e-02 1.000000000000000000e+00
-2.407999999999999918e+00 1.000000000000000048e-04 1.231205893864571743e-02 1.000000000000000000e+00
-2.407249999999999890e+00 1.000000000000000048e-04 1.232344411689542327e-02 1.000000000000000000e+00
-2.406499999999999861e+00 1.000000000000000048e-04 1.233483988390853686e-02 1.000000000000000000e+00
-2.405749999999999833e+00 1.000000000000000048e-04 1.234624624938182244e-02 1.000000000000000000e+00
-2.404999999999999805e+00 1.000000000000000048e-04 1.235766322302001355e-02 1.000000000000000000e+00
-2.404249999999999776e+00 1.000000000000000048e-04 1.236909081453581999e-02 1.000000000000000000e+00
-2.403499999999999748e+00 1.000000000000000048e-04 1.238052903364994344e-02 1.000000000000000000e+00
-2.402750000000000163e+00 1.000000000000000048e-04 1.239197789009104274e-02 1.000000000000000000e+00
-2.402000000000000135e+00 1.000000000000000048e-04 1.240343739359580678e-02 1.000000000000000000e+00
-2.401250000000000107e+00 1.000000000000000048e-04 1.241490755390887470e-02 1.000000000000000000e+00
-2.400500000000000078e+00 1.000000000000000048e-04 1.242638838078290175e-02 1.000000000000000000e+00
-2.399750000000000050e+00 1.000000000000000048e-04 1.243787988397854032e-02 1.000000000000000000e+00
-2.399000000000000021e+00 1.000000000000000048e-04 1.244938207326442940e-02 1.000000000000000000e+00
-2.398249999999999993e+00 1.000000000000000048e-04 1.246089495841722419e-02 1.000000000000000000e+00
-2.397499999999999964e+00 1.000000000000000048e-04 1.247241854922158909e-02 1.000000000000000000e+00
-2.396749999999999936e+00 1.000000000000000048e-04 1.248395285547017862e-02 1.000000000000000000e+00
-2.395999999999999908e+00 1.000000000000000048e-04 1.249549788696368083e-02 1.000000000000000000e+00
-2.395249999999999879e+00 1.000000000000000048e-04 1.250705365351079297e-02 1.000000000000000000e+00
-2.394499999999999851e+00 1.000000000000000048e-04 1.251862016492823020e-02 1.000000000000000000e+00
-2.393749999999999822e+00 1.000000000000000048e-04 1.253019743104072034e-02 1.000000000000000000e+00
-2.392999999999999794e+00 1.000000000000000048e-04 1.254178546168103342e-02 1.000000000000000000e+00
-2.392249999999999766e+00 1.000000000000000048e-04 1.255338426668996255e-02 1.000000000000000000e+00
-2.391499999999999737e+00 1.000000000000000048e-04 1.256499385591631698e-02 1.000000000000000000e+00
-2.390750000000000153e+00 1.000000000000000048e-04 1.257661423921695339e-02 1.000000000000000000e+00
-2.390000000000000124e+00 1.000000000000000048e-04 1.258824542645677752e-02 1.000000000000000000e+00
-2.389250000000000096e+00 1.000000000000000048e-04 1.259988742750870958e-02 1.000000000000000000e+00
-2.388500000000000068e+00 1.000000000000000048e-04 1.261154025225372059e-02 1.000000000000000000e+00
-2.387750000000000039e+00 1.000000000000000048e-04 1.262320391058083593e-02 1.000000000000000000e+00
-2.387000000000000011e+00 1.000000000000000048e-04 1.263487841238712661e-02 1.000000000000000000e+00
-2.386249999999999982e+00 1.000000000000000048e-04 1.264656376757770408e-02 1.000000000000000000e+00
-2.385499999999999954e+00 1.000000000000000048e-04 1.265825998606575839e-02 1.000000000000000000e+00
-2.384749999999999925e+00 1.000000000000000048e-04 1.266996707777251138e-02 1.000000000000000000e+00
-2.383999999999999897e+00 1.000000000000000048e-04 1.268168505262725655e-02 1.000000000000000000e+00
-2.383249999999999869e+00 1.000000000000000048e-04 1.269341392056735213e-02 1.000000000000000000e+00
-2.382499999999999840e+00 1.000000000000000048e-04 1.270515369153822106e-02 1.000000000000000000e+00
-2.381749999999999812e+00 1.000000000000000048e-04 1.271690437549335626e-02 1.000000000000000000e+00
-2.380999999999999783e+00 1.000000000000000048e-04 1.272866598239431359e-02 1.000000000000000000e+00
-2.380249999999999755e+00 1.000000000000000048e-04 1.274043852221073449e-02 1.000000000000000000e+00
-2.379499999999999726e+00 1.000000000000000048e-04 1.275222200492033900e-02 1.000000000000000000e+00
-2.378750000000000142e+00 1.000000000000000048e-04 1.276401644050890842e-02 1.000000000000000000e+00
-2.378000000000000114e+00 1.000000000000000048e-04 1.277582183897033909e-02 1.000000000000000000e+00
-2.377250000000000085e+00 1.000000000000000048e-04 1.278763821030658512e-02 1.000000000000000000e+00
-2.376500000000000057e+00 1.000000000000000048e-04 1.279946556452770008e-02 1.000000000000000000e+00
-2.375750000000000028e+00 1.000000000000000048e-04 1.281130391165183520e-02 1.000000000000000000e+00
-2.375000000000000000e+00 1.000000000000000048e-04 1.282315326170521512e-02 1.000000000000000000e+00
-2.374249999999999972e+00 1.000000000000000048e-04 1.283501362472217779e-02 1.000000000000000000e+00
-2.373499999999999943e+00 1.000000000000000048e-04 1.284688501074516924e-02 1.000000000000000000e+00
-2.372749999999999915e+00 1.000000000000000048e-04 1.285876742982470025e-02 1.000000000000000000e+00
-2.371999999999999886e+00 1.000000000000000048e-04 1.287066089201944173e-02 1.000000000000000000e+00
-2.371249999999999858e+00 1.000000000000000048e-04 1.288256540739611718e-02 1.000000000000000000e+00
-2.370499999999999829e+00 1.000000000000000048e-04 1.289448098602960502e-02 1.000000000000000000e+00
-2.369749999999999801e+00 1.000000000000000048e-04 1.290640763800285883e-02 1.000000000000000000e+00
-2.368999999999999773e+00 1.000000000000000048e-04 1.291834537340696976e-02 1.000000000000000000e+00
-2.368249999999999744e+00 1.000000000000000048e-04 1.293029420234114747e-02 1.000000000000000000e+00
-2.367500000000000160e+00 1.000000000000000048e-04 1.294225413491270626e-02 1.000000000000000000e+00
-2.366750000000000131e+00 1.000000000000000048e-04 1.295422518123710495e-02 1.000000000000000000e+00
-2.366000000000000103e+00 1.000000000000000048e-04 1.296620735143792086e-02 1.000000000000000000e+00
-2.365250000000000075e+00 1.000000000000000048e-04 1.297820065564684461e-02 1.000000000000000000e+00
-2.364500000000000046e+00 1.000000000000000048e-04 1.299020510400370441e-02 1.000000000000000000e+00
-2.363750000000000018e+00 1.000000000000000048e-04 1.300222070665647822e-02 1.000000000000000000e+00
-2.362999999999999989e+00 1.000000000000000048e-04 1.301424747376126421e-02 1.000000000000000000e+00
-2.362249999999999961e+00 1.000000000000000048e-04 1.302628541548229990e-02 1.000000000000000000e+00
-2.361499999999999932e+00 1.000000000000000048e-04 1.303833454199196905e-02 1.000000000000000000e+00
-2.360749999999999904e+00 1.000000000000000048e-04 1.305039486347079475e-02 1.000000000000000000e+00
-2.359999999999999876e+00 1.000000000000000048e-04 1.306246639010744115e-02 1.000000000000000000e+00
-2.359249999999999847e+00 1.000000000000000048e-04 1.307454913209873427e-02 1.000000000000000000e+00
-2.358499999999999819e+00 1.000000000000000048e-04 1.308664309964963253e-02 1.000000000000000000e+00
-2.357749999999999790e+00 1.000000000000000048e-04 1.309874830297327354e-02 1.000000000000000000e+00
-2.356999999999999762e+00 1.000000000000000048e-04 1.311086475229091171e-02 1.000000000000000000e+00
-2.356249999999999734e+00 1.000000000000000048e-04 1.312299245783200147e-02 1.000000000000000000e+00
-2.355500000000000149e+00 1.000000000000000048e-04 1.313513142983411576e-02 1.000000000000000000e+00
-2.354750000000000121e+00 1.000000000000000048e-04 1.314728167854303104e-02 1.000000000000000000e+00
-2.354000000000000092e+00 1.000000000000000048e-04 1.315944321421266480e-02 1.000000000000000000e+00
-2.353250000000000064e+00 1.000000000000000048e-04 1.317161604710510858e-02 1.000000000000000000e+00
-2.352500000000000036e+00 1.000000000000000048e-04 1.318380018749061057e-02 1.000000000000000000e+00
-2.351750000000000007e+00 1.000000000000000048e-04 1.319599564564760859e-02 1.000000000000000000e+00
-2.350999999999999979e+00 1.000000000000000048e-04 1.320820243186270060e-02 1.000000000000000000e+00
-2.350249999999999950e+00 1.000000000000000048e-04 1.322042055643066726e-02 1.000000000000000000e+00
-2.349499999999999922e+00 1.000000000000000048e-04 1.323265002965447364e-02 1.000000000000000000e+00
-2.348749999999999893e+00 1.000000000000000048e-04 1.324489086184525710e-02 1.000000000000000000e+00
-2.347999999999999865e+00 1.000000000000000048e-04 1.325714306332232383e-02 1.000000000000000000e+00
-2.347249999999999837e+00 1.000000000000000048e-04 1.326940664441320430e-02 1.000000000000000000e+00
-2.346499999999999808e+00 1.000000000000000048e-04 1.328168161545357703e-02 1.000000000000000000e+00
-2.345749999999999780e+00 1.000000000000000048e-04 1.329396798678733095e-02 1.000000000000000000e+00
-2.344999999999999751e+00 1.000000000000000048e-04 1.330626576876654463e-02 1.000000000000000000e+00
-2.344249999999999723e+00 1.000000000000000048e-04 1.331857497175148279e-02 1.000000000000000000e+00
-2.343500000000000139e+00 1.000000000000000048e-04 1.333089560611060501e-02 1.000000000000000000e+00
-2.342750000000000110e+00 1.000000000000000048e-04 1.334322768222058649e-02 1.000000000000000000e+00
-2.342000000000000082e+00 1.000000000000000048e-04 1.335557121046628513e-02 1.000000000000000000e+00
-2.341250000000000053e+00 1.000000000000000048e-04 1.336792620124076930e-02 1.000000000000000000e+00
-2.340500000000000025e+00 1.000000000000000048e-04 1.338029266494529870e-02 1.000000000000000000e+00
-2.339749999999999996e+00 1.000000000000000048e-04 1.339267061198934523e-02 1.000000000000000000e+00
-2.338999999999999968e+00 1.000000000000000048e-04 1.340506005279061205e-02 1.000000000000000000e+00
-2.338249999999999940e+00 1.000000000000000048e-04 1.341746099777497980e-02 1.000000000000000000e+00
-2.337499999999999911e+00 1.000000000000000048e-04 1.342987345737655172e-02 1.000000000000000000e+00
-2.336749999999999883e+00 1.000000000000000048e-04 1.344229744203765710e-02 1.000000000000000000e+00
-2.335999999999999854e+00 1.000000000000000048e-04 1.345473296220882180e-02 1.000000000000000000e+00
-2.335249999999999826e+00 1.000000000000000048e-04 1.346718002834879947e-02 1.000000000000000000e+00
-2.334499999999999797e+00 1.000000000000000048e-04 1.347963865092457504e-02 1.000000000000000000e+00
-2.333749999999999769e+00 1.000000000000000048e-04 1.349210884041133172e-02 1.000000000000000000e+00
-2.332999999999999741e+00 1.000000000000000048e-04 1.350459060729250135e-02 1.000000000000000000e+00
-2.332250000000000156e+00 1.000000000000000048e-04 1.351708396205970712e-02 1.000000000000000000e+00
-2.331500000000000128e+00 1.000000000000000048e-04 1.352958891521284686e-02 1.000000000000000000e+00
-2.330750000000000099e+00 1.000000000000000048e-04 1.354210547726000975e-02 1.000000000000000000e+00
-2.330000000000000071e+00 1.000000000000000048e-04 1.355463365871753707e-02 1.000000000000000000e+00
-2.329250000000000043e+00 1.000000000000000048e-04 1.356717347010998227e-02 1.000000000000000000e+00
-2.328500000000000014e+00 1.000000000000000048e-04 1.357972492197015435e-02 1.000000000000000000e+00
-2.327749999999999986e+00 1.000000000000000048e-04 1.359228802483909010e-02 1.000000000000000000e+00
-2.326999999999999957e+00 1.000000000000000048e-04 1.360486278926605411e-02 1.000000000000000000e+00
-2.326249999999999929e+00 1.000000000000000048e-04 1.361744922580857345e-02 1.000000000000000000e+00
-2.325499999999999901e+00 1.000000000000000048e-04 1.363004734503239605e-02 1.000000000000000000e+00
-2.324749999999999872e+00 1.000000000000000048e-04 1.364265715751152887e-02 1.000000000000000000e+00
-2.323999999999999844e+00 1.000000000000000048e-04 1.365527867382821184e-02 1.000000000000000000e+00
-2.323249999999999815e+00 1.000000000000000048e-04 1.366791190457294219e-02 1.000000000000000000e+00
-2.322499999999999787e+00 1.000000000000000048e-04 1.368055686034445190e-02 1.000000000000000000e+00
-2.321749999999999758e+00 1.000000000000000048e-04 1.369321355174973540e-02 1.000000000000000000e+00
-2.320999999999999730e+00 1.000000000000000048e-04 1.370588198940402187e-02 1.000000000000000000e+00
-2.320250000000000146e+00 1.000000000000000048e-04 1.371856218393081341e-02 1.000000000000000000e+00
-2.319500000000000117e+00 1.000000000000000048e-04 1.373125414596187630e-02 1.000000000000000000e+00
-2.318750000000000089e+00 1.000000000000000048e-04 1.374395788613719770e-02 1.000000000000000000e+00
-2.318000000000000060e+00 1.000000000000000048e-04 1.375667341510504460e-02 1.000000000000000000e+00
-2.317250000000000032e+00 1.000000000000000048e-04 1.376940074352193087e-02 1.000000000000000000e+00
-2.316500000000000004e+00 1.000000000000000048e-04 1.378213988205265195e-02 1.000000000000000000e+00
-2.315749999999999975e+00 1.000000000000000048e-04 1.379489084137024493e-02 1.000000000000000000e+00
-2.314999999999999947e+00 1.000000000000000048e-04 1.380765363215601810e-02 1.000000000000000000e+00
-2.314249999999999918e+00 1.000000000000000048e-04 1.382042826509954740e-02 1.000000000000000000e+00
-2.313499999999999890e+00 1.000000000000000048e-04 1.383321475089867476e-02 1.000000000000000000e+00
-2.312749999999999861e+00 1.000000000000000048e-04 1.384601310025950112e-02 1.000000000000000000e+00
-2.311999999999999833e+00 1.000000000000000048e-04 1.385882332389642112e-02 1.000000000000000000e+00
-2.311249999999999805e+00 1.000000000000000048e-04 1.387164543253206067e-02 1.000000000000000000e+00
-2.310499999999999776e+00 1.000000000000000048e-04 1.388447943689735675e-02 1.000000000000000000e+00
-2.309749999999999748e+00 1.000000000000000048e-04 1.389732534773149147e-02 1.000000000000000000e+00
-2.309000000000000163e+00 1.000000000000000048e-04 1.391018317578193372e-02 1.000000000000000000e+00
-2.308250000000000135e+00 1.000000000000000048e-04 1.392305293180443222e-02 1.000000000000000000e+00
-2.307500000000000107e+00 1.000000000000000048e-04 1.393593462656301900e-02 1.000000000000000000e+00
-2.306750000000000078e+00 1.000000000000000048e-04 1.394882827082997469e-02 1.000000000000000000e+00
-2.306000000000000050e+00 1.000000000000000048e-04 1.396173387538587711e-02 1.000000000000000000e+00
-2.305250000000000021e+00 1.000000000000000048e-04 1.397465145101961341e-02 1.000000000000000000e+00
-2.304499999999999993e+00 1.000000000000000048e-04 1.398758100852829332e-02 1.000000000000000000e+00
-2.303749999999999964e+00 1.000000000000000048e-04 1.400052255871735325e-02 1.000000000000000000e+00
-2.302999999999999936e+00 1.000000000000000048e-04 1.401347611240052159e-02 1.000000000000000000e+00
-2.302249999999999908e+00 1.000000000000000048e-04 1.402644168039975971e-02 1.000000000000000000e+00
-2.301499999999999879e+00 1.000000000000000048e-04 1.403941927354536955e-02 1.000000000000000000e+00
-2.300749999999999851e+00 1.000000000000000048e-04 1.405240890267591726e-02 1.000000000000000000e+00
-2.299999999999999822e+00 1.000000000000000048e-04 1.406541057863826445e-02 1.000000000000000000e+00
-2.299249999999999794e+00 1.000000000000000048e-04 1.407842431228754736e-02 1.000000000000000000e+00
-2.298499999999999766e+00 1.000000000000000048e-04 1.409145011448721327e-02 1.000000000000000000e+00
-2.297749999999999737e+00 1.000000000000000048e-04 1.410448799610899799e-02 1.000000000000000000e+00
-2.297000000000000153e+00 1.000000000000000048e-04 1.411753796803289808e-02 1.000000000000000000e+00
-2.296250000000000124e+00 1.000000000000000048e-04 1.413060004114725411e-02 1.000000000000000000e+00
-2.295500000000000096e+00 1.000000000000000048e-04 1.414367422634867956e-02 1.000000000000000000e+00
-2.294750000000000068e+00 1.000000000000000048e-04 1.415676053454207294e-02 1.000000000000000000e+00
-2.294000000000000039e+00 1.000000000000000048e-04 1.416985897664063167e-02 1.000000000000000000e+00
-2.293250000000000011e+00 1.000000000000000048e-04 1.418296956356586772e-02 1.000000000000000000e+00
-2.292499999999999982e+00 1.000000000000000048e-04 1.419609230624757114e-02 1.000000000000000000e+00
-2.291749999999999954e+00 1.000000000000000048e-04 1.420922721562384652e-02 1.000000000000000000e+00
-2.290999999999999925e+00 1.000000000000000048e-04 1.422237430264108350e-02 1.000000000000000000e+00
-2.290249999999999897e+00 1.000000000000000048e-04 1.423553357825398102e-02 1.000000000000000000e+00
-2.289499999999999869e+00 1.000000000000000048e-04 1.424870505342554564e-02 1.000000000000000000e+00
-2.288749999999999840e+00 1.000000000000000048e-04 1.426188873912706719e-02 1.000000000000000000e+00
-2.287999999999999812e+00 1.000000000000000048e-04 1.427508464633816740e-02 1.000000000000000000e+00
-2.287249999999999783e+00 1.000000000000000048e-04 1.428829278604674090e-02 1.000000000000000000e+00
-2.286499999999999755e+00 1.000000000000000048e-04 1.430151316924900030e-02 1.000000000000000000e+00
-2.285749999999999726e+00 1.000000000000000048e-04 1.431474580694947103e-02 1.000000000000000000e+00
-2.285000000000000142e+00 1.000000000000000048e-04 1.432799071016096007e-02 1.000000000000000000e+00
-2.284250000000000114e+00 1.000000000000000048e-04 1.434124788990461669e-02 1.000000000000000000e+00
-2.283500000000000085e+00 1.000000000000000048e-04 1.435451735720985958e-02 1.000000000000000000e+00
-2.282750000000000057e+00 1.000000000000000048e-04 1.436779912311444800e-02 1.000000000000000000e+00
-2.282000000000000028e+00 1.000000000000000048e-04 1.438109319866441929e-02 1.000000000000000000e+00
-2.281250000000000000e+00 1.000000000000000048e-04 1.439439959491414095e-02 1.000000000000000000e+00
-2.280499999999999972e+00 1.000000000000000048e-04 1.440771832292627244e-02 1.000000000000000000e+00
-2.279749999999999943e+00 1.000000000000000048e-04 1.442104939377180511e-02 1.000000000000000000e+00
-2.278999999999999915e+00 1.000000000000000048e-04 1.443439281853000147e-02 1.000000000000000000e+00
-2.278249999999999886e+00 1.000000000000000048e-04 1.444774860828848539e-02 1.000000000000000000e+00
-2.277499999999999858e+00 1.000000000000000048e-04 1.446111677414314844e-02 1.000000000000000000e+00
-2.276749999999999829e+00 1.000000000000000048e-04 1.447449732719821927e-02 1.000000000000000000e+00
-2.275999999999999801e+00 1.000000000000000048e-04 1.448789027856622023e-02 1.000000000000000000e+00
-2.275249999999999773e+00 1.000000000000000048e-04 1.450129563936800210e-02 1.000000000000000000e+00
-2.274499999999999744e+00 1.000000000000000048e-04 1.451471342073270936e-02 1.000000000000000000e+00
-2.273750000000000160e+00 1.000000000000000048e-04 1.452814363379780968e-02 1.000000000000000000e+00
-2.273000000000000131e+00 1.000000000000000048e-04 1.454158628970909223e-02 1.000000000000000000e+00
-2.272250000000000103e+00 1.000000000000000048e-04 1.455504139962065027e-02 1.000000000000000000e+00
-2.271500000000000075e+00 1.000000000000000048e-04 1.456850897469487947e-02 1.000000000000000000e+00
-2.270750000000000046e+00 1.000000000000000048e-04 1.458198902610250737e-02 1.000000000000000000e+00
-2.270000000000000018e+00 1.000000000000000048e-04 1.459548156502255001e-02 1.000000000000000000e+00
-2.269249999999999989e+00 1.000000000000000048e-04 1.460898660264237613e-02 1.000000000000000000e+00
-2.268499999999999961e+00 1.000000000000000048e-04 1.462250415015762910e-02 1.000000000000000000e+00
-2.267749999999999932e+00 1.000000000000000048e-04 1.463603421877228937e-02 1.000000000000000000e+00
-2.266999999999999904e+00 1.000000000000000048e-04 1.464957681969863632e-02 1.000000000000000000e+00
-2.266249999999999876e+00 1.000000000000000048e-04 1.466313196415728638e-02 1.000000000000000000e+00
-2.265499999999999847e+00 1.000000000000000048e-04 1.467669966337713586e-02 1.000000000000000000e+00
-2.264749999999999819e+00 1.000000000000000048e-04 1.469027992859543545e-02 1.000000000000000000e+00
-2.263999999999999790e+00 1.000000000000000048e-04 1.470387277105771051e-02 1.000000000000000000e+00
-2.263249999999999762e+00 1.000000000000000048e-04 1.471747820201782693e-02 1.000000000000000000e+00
-2.262499999999999734e+00 1.000000000000000048e-04 1.473109623273795472e-02 1.000000000000000000e+00
-2.261750000000000149e+00 1.000000000000000048e-04 1.474472687448857150e-02 1.000000000000000000e+00
-2.261000000000000121e+00 1.000000000000000048e-04 1.475837013854849888e-02 1.000000000000000000e+00
-2.260250000000000092e+00 1.000000000000000048e-04 1.477202603620482620e-02 1.000000000000000000e+00
-2.259500000000000064e+00 1.000000000000000048e-04 1.478569457875299718e-02 1.000000000000000000e+00
-2.258750000000000036e+00 1.000000000000000048e-04 1.479937577749673543e-02 1.000000000000000000e+00
-2.258000000000000007e+00 1.000000000000000048e-04 1.481306964374810679e-02 1.000000000000000000e+00
-2.257249999999999979e+00 1.000000000000000048e-04 1.482677618882746219e-02 1.000000000000000000e+00
-2.256499999999999950e+00 1.000000000000000048e-04 1.484049542406348614e-02 1.000000000000000000e+00
-2.255749999999999922e+00 1.000000000000000048e-04 1.485422736079316727e-02 1.000000000000000000e+00
-2.254999999999999893e+00 1.000000000000000048e-04 1.486797201036180877e-02 1.000000000000000000e+00
-2.254249999999999865e+00 1.000000000000000048e-04 1.488172938412301617e-02 1.000000000000000000e+00
-2.253499999999999837e+00 1.000000000000000048e-04 1.489549949343872519e-02 1.000000000000000000e+00
-2.252749999999999808e+00 1.000000000000000048e-04 1.490928234967915829e-02 1.000000000000000000e+00
-2.251999999999999780e+00 1.000000000000000048e-04 1.492307796422287156e-02 1.000000000000000000e+00
-2.251249999999999751e+00 1.000000000000000048e-04 1.493688634845670438e-02 1.000000000000000000e+00
-2.250499999999999723e+00 1.000000000000000048e-04 1.495070751377583669e-02 1.000000000000000000e+00
-2.249750000000000139e+00 1.000000000000000048e-04 1.496454147158372480e-02 1.000000000000000000e+00
-2.249000000000000110e+00 1.000000000000000048e-04 1.497838823329217077e-02 1.000000000000000000e+00
-2.248250000000000082e+00 1.000000000000000048e-04 1.499224781032124781e-02 1.000000000000000000e+00
-2.247500000000000053e+00 1.000000000000000048e-04 1.500612021409935583e-02 1.000000000000000000e+00
-2.246750000000000025e+00 1.000000000000000048e-04 1.502000545606320056e-02 1.000000000000000000e+00
-2.245999999999999996e+00 1.000000000000000048e-04 1.503390354765778147e-02 1.000000000000000000e+00
-2.245249999999999968e+00 1.000000000000000048e-04 1.504781450033642123e-02 1.000000000000000000e+00
-2.244499999999999940e+00 1.000000000000000048e-04 1.506173832556073275e-02 1.000000000000000000e+00
-2.243749999999999911e+00 1.000000000000000048e-04 1.507567503480064346e-02 1.000000000000000000e+00
-2.242999999999999883e+00 1.000000000000000048e-04 1.508962463953437277e-02 1.000000000000000000e+00
-2.242249999999999854e+00 1.000000000000000048e-04 1.510358715124844597e-02 1.000000000000000000e+00
-2.241499999999999826e+00 1.000000000000000048e-04 1.511756258143769939e-02 1.000000000000000000e+00
-2.240749999999999797e+00 1.000000000000000048e-04 1.513155094160526133e-02 1.000000000000000000e+00
-2.239999999999999769e+00 1.000000000000000048e-04 1.514555224326254862e-02 1.000000000000000000e+00
-2.239249999999999741e+00 1.000000000000000048e-04 1.515956649792930128e-02 1.000000000000000000e+00
-2.238500000000000156e+00 1.000000000000000048e-04 1.517359371713353916e-02 1.000000000000000000e+00
-2.237750000000000128e+00 1.000000000000000048e-04 1.518763391241159319e-02 1.000000000000000000e+00
-2.237000000000000099e+00 1.000000000000000048e-04 1.520168709530807238e-02 1.000000000000000000e+00
-2.236250000000000071e+00 1.000000000000000048e-04 1.521575327737590896e-02 1.000000000000000000e+00
-2.235500000000000043e+00 1.000000000000000048e-04 1.522983247017628550e-02 1.000000000000000000e+00
-2.234750000000000014e+00 1.000000000000000048e-04 1.524392468527871990e-02 1.000000000000000000e+00
-2.233999999999999986e+00 1.000000000000000048e-04 1.525802993426100124e-02 1.000000000000000000e+00
-2.233249999999999957e+00 1.000000000000000048e-04 1.527214822870920884e-02 1.000000000000000000e+00
-2.232499999999999929e+00 1.000000000000000048e-04 1.528627958021772093e-02 1.000000000000000000e+00
-2.231749999999999901e+00 1.000000000000000048e-04 1.530042400038919038e-02 1.000000000000000000e+00
-2.230999999999999872e+00 1.000000000000000048e-04 1.531458150083458113e-02 1.000000000000000000e+00
-2.230249999999999844e+00 1.000000000000000048e-04 1.532875209317310743e-02 1.000000000000000000e+00
-2.229499999999999815e+00 1.000000000000000048e-04 1.534293578903230849e-02 1.000000000000000000e+00
-2.228749999999999787e+00 1.000000000000000048e-04 1.535713260004798082e-02 1.000000000000000000e+00
-2.227999999999999758e+00 1.000000000000000048e-04 1.537134253786419727e-02 1.000000000000000000e+00
-2.227249999999999730e+00 1.000000000000000048e-04 1.538556561413333482e-02 1.000000000000000000e+00
-2.226500000000000146e+00 1.000000000000000048e-04 1.539980184051602946e-02 1.000000000000000000e+00
-2.225750000000000117e+00 1.000000000000000048e-04 1.541405122868122479e-02 1.000000000000000000e+00
-2.225000000000000089e+00 1.000000000000000048e-04 1.542831379030609219e-02 1.000000000000000000e+00
-2.224250000000000060e+00 1.000000000000000048e-04 1.544258953707612625e-02 1.000000000000000000e+00
-2.223500000000000032e+00 1.000000000000000048e-04 1.545687848068506842e-02 1.000000000000000000e+00
-2.222750000000000004e+00 1.000000000000000048e-04 1.547118063283494001e-02 1.000000000000000000e+00
-2.221999999999999975e+00 1.000000000000000048e-04 1.548549600523602306e-02 1.000000000000000000e+00
-2.221249999999999947e+00 1.000000000000000048e-04 1.549982460960687945e-02 1.000000000000000000e+00
-2.220499999999999918e+00 1.000000000000000048e-04 1.551416645767434224e-02 1.000000000000000000e+00
-2.219749999999999890e+00 1.000000000000000048e-04 1.552852156117349482e-02 1.000000000000000000e+00
-2.218999999999999861e+00 1.000000000000000048e-04 1.554288993184769867e-02 1.000000000000000000e+00
-2.218249999999999833e+00 1.000000000000000048e-04 1.555727158144856563e-02 1.000000000000000000e+00
-2.217499999999999805e+00 1.000000000000000048e-04 1.557166652173597697e-02 1.000000000000000000e+00
-2.216749999999999776e+00 1.000000000000000048e-04 1.558607476447806603e-02 1.000000000000000000e+00
-2.215999999999999748e+00 1.000000000000000048e-04 1.560049632145122517e-02 1.000000000000000000e+00
-2.215250000000000163e+00 1.000000000000000048e-04 1.561493120444010230e-02 1.000000000000000000e+00
-2.214500000000000135e+00 1.000000000000000048e-04 1.562937942523759741e-02 1.000000000000000000e+00
-2.213750000000000107e+00 1.000000000000000048e-04 1.564384099564487818e-02 1.000000000000000000e+00
-2.213000000000000078e+00 1.000000000000000048e-04 1.565831592747132447e-02 1.000000000000000000e+00
-2.212250000000000050e+00 1.000000000000000048e-04 1.567280423253459426e-02 1.000000000000000000e+00
-2.211500000000000021e+00 1.000000000000000048e-04 1.568730592266058890e-02 1.000000000000000000e+00
-2.210749999999999993e+00 1.000000000000000048e-04 1.570182100968342889e-02 1.000000000000000000e+00
-2.209999999999999964e+00 1.000000000000000048e-04 1.571634950544549200e-02 1.000000000000000000e+00
-2.209249999999999936e+00 1.000000000000000048e-04 1.573089142179741329e-02 1.000000000000000000e+00
-2.208499999999999908e+00 1.000000000000000048e-04 1.574544677059802611e-02 1.000000000000000000e+00
-2.207749999999999879e+00 1.000000000000000048e-04 1.576001556371443499e-02 1.000000000000000000e+00
-2.206999999999999851e+00 1.000000000000000048e-04 1.577459781302194969e-02 1.000000000000000000e+00
-2.206249999999999822e+00 1.000000000000000048e-04 1.578919353040411991e-02 1.000000000000000000e+00
-2.205499999999999794e+00 1.000000000000000048e-04 1.580380272775273529e-02 1.000000000000000000e+00
-2.204749999999999766e+00 1.000000000000000048e-04 1.581842541696778723e-02 1.000000000000000000e+00
-2.203999999999999737e+00 1.000000000000000048e-04 1.583306160995751402e-02 1.000000000000000000e+00
-2.203250000000000153e+00 1.000000000000000048e-04 1.584771131863834531e-02 1.000000000000000000e+00
-2.202500000000000124e+00 1.000000000000000048e-04 1.586237455493496804e-02 1.000000000000000000e+00
-2.201750000000000096e+00 1.000000000000000048e-04 1.587705133078026049e-02 1.000000000000000000e+00
-2.201000000000000068e+00 1.000000000000000048e-04 1.589174165811532355e-02 1.000000000000000000e+00
-2.200250000000000039e+00 1.000000000000000048e-04 1.590644554888945988e-02 1.000000000000000000e+00
-2.199500000000000011e+00 1.000000000000000048e-04 1.592116301506018086e-02 1.000000000000000000e+00
-2.198749999999999982e+00 1.000000000000000048e-04 1.593589406859321350e-02 1.000000000000000000e+00
-2.197999999999999954e+00 1.000000000000000048e-04 1.595063872146248660e-02 1.000000000000000000e+00
-2.197249999999999925e+00 1.000000000000000048e-04 1.596539698565012377e-02 1.000000000000000000e+00
-2.196499999999999897e+00 1.000000000000000048e-04 1.598016887314644349e-02 1.000000000000000000e+00
-2.195749999999999869e+00 1.000000000000000048e-04 1.599495439594997639e-02 1.000000000000000000e+00
-2.194999999999999840e+00 1.000000000000000048e-04 1.600975356606742714e-02 1.000000000000000000e+00
-2.194249999999999812e+00 1.000000000000000048e-04 1.602456639551370562e-02 1.000000000000000000e+00
-2.193499999999999783e+00 1.000000000000000048e-04 1.603939289631189924e-02 1.000000000000000000e+00
-2.192749999999999755e+00 1.000000000000000048e-04 1.605423308049326592e-02 1.000000000000000000e+00
-2.191999999999999726e+00 1.000000000000000048e-04 1.606908696009727924e-02 1.000000000000000000e+00
-2.191250000000000142e+00 1.000000000000000048e-04 1.608395454717155906e-02 1.000000000000000000e+00
-2.190500000000000114e+00 1.000000000000000048e-04 1.609883585377192700e-02 1.000000000000000000e+00
-2.189750000000000085e+00 1.000000000000000048e-04 1.611373089196236133e-02 1.000000000000000000e+00
-2.189000000000000057e+00 1.000000000000000048e-04 1.612863967381500396e-02 1.000000000000000000e+00
-2.188250000000000028e+00 1.000000000000000048e-04 1.614356221141017081e-02 1.000000000000000000e+00
-2.187500000000000000e+00 1.000000000000000048e-04 1.615849851683635180e-02 1.000000000000000000e+00
-2.186749999999999972e+00 1.000000000000000048e-04 1.617344860219017619e-02 1.000000000000000000e+00
-2.185999999999999943e+00 1.000000000000000048e-04 1.618841247957644724e-02 1.000000000000000000e+00
-2.185249999999999915e+00 1.000000000000000048e-04 1.620339016110810756e-02 1.000000000000000000e+00
-2.184499999999999886e+00 1.000000000000000048e-04 1.621838165890625988e-02 1.000000000000000000e+00
-2.183749999999999858e+00 1.000000000000000048e-04 1.623338698510015665e-02 1.000000000000000000e+00
-2.182999999999999829e+00 1.000000000000000048e-04 1.624840615182718620e-02 1.000000000000000000e+00
-2.182249999999999801e+00 1.000000000000000048e-04 1.626343917123287269e-02 1.000000000000000000e+00
-2.181499999999999773e+00 1.000000000000000048e-04 1.627848605547089003e-02 1.000000000000000000e+00
-2.180749999999999744e+00 1.000000000000000048e-04 1.629354681670304797e-02 1.000000000000000000e+00
-2.180000000000000160e+00 1.000000000000000048e-04 1.630862146709925742e-02 1.000000000000000000e+00
-2.179250000000000131e+00 1.000000000000000048e-04 1.632371001883759637e-02 1.000000000000000000e+00
-2.178500000000000103e+00 1.000000000000000048e-04 1.633881248410424397e-02 1.000000000000000000e+00
-2.177750000000000075e+00 1.000000000000000048e-04 1.635392887509349788e-02 1.000000000000000000e+00
-2.177000000000000046e+00 1.000000000000000048e-04 1.636905920400777426e-02 1.000000000000000000e+00
-2.176250000000000018e+00 1.000000000000000048e-04 1.638420348305759736e-02 1.000000000000000000e+00
-2.175499999999999989e+00 1.000000000000000048e-04 1.639936172446161342e-02 1.000000000000000000e+00
-2.174749999999999961e+00 1.000000000000000048e-04 1.641453394044655595e-02 1.000000000000000000e+00
-2.173999999999999932e+00 1.000000000000000048e-04 1.642972014324727698e-02 1.000000000000000000e+00
-2.173249999999999904e+00 1.000000000000000048e-04 1.644492034510670539e-02 1.000000000000000000e+00
-2.172499999999999876e+00 1.000000000000000048e-04 1.646013455827588165e-02 1.000000000000000000e+00
-2.171749999999999847e+00 1.000000000000000048e-04 1.647536279501392656e-02 1.000000000000000000e+00
-2.170999999999999819e+00 1.000000000000000048e-04 1.649060506758804820e-02 1.000000000000000000e+00
-2.170249999999999790e+00 1.000000000000000048e-04 1.650586138827352459e-02 1.000000000000000000e+00
-2.169499999999999762e+00 1.000000000000000048e-04 1.652113176935374531e-02 1.000000000000000000e+00
-2.168749999999999734e+00 1.000000000000000048e-04 1.653641622312012824e-02 1.000000000000000000e+00
-2.168000000000000149e+00 1.000000000000000048e-04 1.655171476187218549e-02 1.000000000000000000e+00
-2.167250000000000121e+00 1.000000000000000048e-04 1.656702739791750256e-02 1.000000000000000000e+00
-2.166500000000000092e+00 1.000000000000000048e-04 1.658235414357171061e-02 1.000000000000000000e+00
-2.165750000000000064e+00 1.000000000000000048e-04 1.659769501115849685e-02 1.000000000000000000e+00
-2.165000000000000036e+00 1.000000000000000048e-04 1.661305001300960454e-02 1.000000000000000000e+00
-2.164250000000000007e+00 1.000000000000000048e-04 1.662841916146482954e-02 1.000000000000000000e+00
-2.163499999999999979e+00 1.000000000000000048e-04 1.664380246887199946e-02 1.000000000000000000e+00
-2.162749999999999950e+00 1.000000000000000048e-04 1.665919994758700493e-02 1.000000000000000000e+00
-2.161999999999999922e+00 1.000000000000000048e-04 1.667461160997374056e-02 1.000000000000000000e+00
-2.161249999999999893e+00 1.000000000000000048e-04 1.669003746840415706e-02 1.000000000000000000e+00
-2.160499999999999865e+00 1.000000000000000048e-04 1.670547753525821258e-02 1.000000000000000000e+00
-2.159749999999999837e+00 1.000000000000000048e-04 1.672093182292391095e-02 1.000000000000000000e+00
-2.158999999999999808e+00 1.000000000000000048e-04 1.673640034379723918e-02 1.000000000000000000e+00
-2.158249999999999780e+00 1.000000000000000048e-04 1.675188311028221952e-02 1.000000000000000000e+00
-2.157499999999999751e+00 1.000000000000000048e-04 1.676738013479088171e-02 1.000000000000000000e+00
-2.156749999999999723e+00 1.000000000000000048e-04 1.678289142974324910e-02 1.000000000000000000e+00
-2.156000000000000139e+00 1.000000000000000048e-04 1.679841700756733863e-02 1.000000000000000000e+00
-2.155250000000000110e+00 1.000000000000000048e-04 1.681395688069918515e-02 1.000000000000000000e+00
-2.154500000000000082e+00 1.000000000000000048e-04 1.682951106158279975e-02 1.000000000000000000e+00
-2.153750000000000053e+00 1.000000000000000048e-04 1.684507956267015591e-02 1.000000000000000000e+00
-2.153000000000000025e+00 1.000000000000000048e-04 1.686066239642122766e-02 1.000000000000000000e+00
-2.152249999999999996e+00 1.000000000000000048e-04 1.687625957530397569e-02 1.000000000000000000e+00
-2.151499999999999968e+00 1.000000000000000048e-04 1.689187111179428838e-02 1.000000000000000000e+00
-2.150749999999999940e+00 1.000000000000000048e-04 1.690749701837605118e-02 1.000000000000000000e+00
-2.149999999999999911e+00 1.000000000000000048e-04 1.692313730754109805e-02 1.000000000000000000e+00
-2.149249999999999883e+00 1.000000000000000048e-04 1.693879199178921491e-02 1.000000000000000000e+00
-2.148499999999999854e+00 1.000000000000000048e-04 1.695446108362813620e-02 1.000000000000000000e+00
-2.147749999999999826e+00 1.000000000000000048e-04 1.697014459557355179e-02 1.000000000000000000e+00
-2.146999999999999797e+00 1.000000000000000048e-04 1.698584254014906883e-02 1.000000000000000000e+00
-2.146249999999999769e+00 1.000000000000000048e-04 1.700155492988623604e-02 1.000000000000000000e+00
-2.145499999999999741e+00 1.000000000000000048e-04 1.701728177732452288e-02 1.000000000000000000e+00
-2.144750000000000156e+00 1.000000000000000048e-04 1.703302309501132650e-02 1.000000000000000000e+00
-2.144000000000000128e+00 1.000000000000000048e-04 1.704877889550197520e-02 1.000000000000000000e+00
-2.143250000000000099e+00 1.000000000000000048e-04 1.706454919135968334e-02 1.000000000000000000e+00
-2.142500000000000071e+00 1.000000000000000048e-04 1.708033399515558950e-02 1.000000000000000000e+00
-2.141750000000000043e+00 1.000000000000000048e-04 1.709613331946870443e-02 1.000000000000000000e+00
-2.141000000000000014e+00 1.000000000000000048e-04 1.711194717688595962e-02 1.000000000000000000e+00
-2.140249999999999986e+00 1.000000000000000048e-04 1.712777558000217262e-02 1.000000000000000000e+00
-2.139499999999999957e+00 1.000000000000000048e-04 1.714361854142002622e-02 1.000000000000000000e+00
-2.138749999999999929e+00 1.000000000000000048e-04 1.715947607375008579e-02 1.000000000000000000e+00
-2.137999999999999901e+00 1.000000000000000048e-04 1.717534818961080970e-02 1.000000000000000000e+00
-2.137249999999999872e+00 1.000000000000000048e-04 1.719123490162849030e-02 1.000000000000000000e+00
-2.136499999999999844e+00 1.000000000000000048e-04 1.720713622243729563e-02 1.000000000000000000e+00
-2.135749999999999815e+00 1.000000000000000048e-04 1.722305216467924505e-02 1.000000000000000000e+00
-2.134999999999999787e+00 1.000000000000000048e-04 1.723898274100419542e-02 1.000000000000000000e+00
-2.134249999999999758e+00 1.000000000000000048e-04 1.725492796406986190e-02 1.000000000000000000e+00
-2.133499999999999730e+00 1.000000000000000048e-04 1.727088784654178324e-02 1.000000000000000000e+00
-2.132750000000000146e+00 1.000000000000000048e-04 1.728686240109332528e-02 1.000000000000000000e+00
-2.132000000000000117e+00 1.000000000000000048e-04 1.730285164040568438e-02 1.000000000000000000e+00
-2.131250000000000089e+00 1.000000000000000048e-04 1.731885557716786664e-02 1.000000000000000000e+00
-2.130500000000000060e+00 1.000000000000000048e-04 1.733487422407670869e-02 1.000000000000000000e+00
-2.129750000000000032e+00 1.000000000000000048e-04 1.735090759383680487e-02 1.000000000000000000e+00
-2.129000000000000004e+00 1.000000000000000048e-04 1.736695569916060083e-02 1.000000000000000000e+00
-2.128249999999999975e+00 1.000000000000000048e-04 1.738301855276828609e-02 1.000000000000000000e+00
-2.127499999999999947e+00 1.000000000000000048e-04 1.739909616738787371e-02 1.000000000000000000e+00
-2.126749999999999918e+00 1.000000000000000048e-04 1.741518855575512753e-02 1.000000000000000000e+00
-2.125999999999999890e+00 1.000000000000000048e-04 1.743129573061360377e-02 1.000000000000000000e+00
-2.125249999999999861e+00 1.000000000000000048e-04 1.744741770471460590e-02 1.000000000000000000e+00
-2.124499999999999833e+00 1.000000000000000048e-04 1.746355449081718469e-02 1.000000000000000000e+00
-2.123749999999999805e+00 1.000000000000000048e-04 1.747970610168819716e-02 1.000000000000000000e+00
-2.122999999999999776e+00 1.000000000000000048e-04 1.749587255010218514e-02 1.000000000000000000e+00
-2.122249999999999748e+00 1.000000000000000048e-04 1.751205384884144123e-02 1.000000000000000000e+00
-2.121499999999999719e+00 1.000000000000000048e-04 1.752825001069601915e-02 1.000000000000000000e+00
-2.120750000000000135e+00 1.000000000000000048e-04 1.754446104846366442e-02 1.000000000000000000e+00
-2.120000000000000107e+00 1.000000000000000048e-04 1.756068697494985245e-02 1.000000000000000000e+00
-2.119250000000000078e+00 1.000000000000000048e-04 1.757692780296777821e-02 1.000000000000000000e+00
-2.118500000000000050e+00 1.000000000000000048e-04 1.759318354533831452e-02 1.000000000000000000e+00
-2.117750000000000021e+00 1.000000000000000048e-04 1.760945421489005375e-02 1.000000000000000000e+00
-2.116999999999999993e+00 1.000000000000000048e-04 1.762573982445926266e-02 1.000000000000000000e+00
-2.116249999999999964e+00 1.000000000000000048e-04 1.764204038688989631e-02 1.000000000000000000e+00
-2.115499999999999936e+00 1.000000000000000048e-04 1.765835591503358420e-02 1.000000000000000000e+00
-2.114749999999999908e+00 1.000000000000000048e-04 1.767468642174961982e-02 1.000000000000000000e+00
-2.113999999999999879e+00 1.000000000000000048e-04 1.769103191990494678e-02 1.000000000000000000e+00
-2.113249999999999851e+00 1.000000000000000048e-04 1.770739242237419006e-02 1.000000000000000000e+00
-2.112499999999999822e+00 1.000000000000000048e-04 1.772376794203959008e-02 1.000000000000000000e+00
-2.111749999999999794e+00 1.000000000000000048e-04 1.774015849179102003e-02 1.000000000000000000e+00
-2.110999999999999766e+00 1.000000000000000048e-04 1.775656408452602752e-02 1.000000000000000000e+00
-2.110249999999999737e+00 1.000000000000000048e-04 1.777298473314972010e-02 1.000000000000000000e+00
-2.109500000000000153e+00 1.000000000000000048e-04 1.778942045057486931e-02 1.000000000000000000e+00
-2.108750000000000124e+00 1.000000000000000048e-04 1.780587124972183438e-02 1.000000000000000000e+00
-2.108000000000000096e+00 1.000000000000000048e-04 1.782233714351856568e-02 1.000000000000000000e+00
-2.107250000000000068e+00 1.000000000000000048e-04 1.783881814490060821e-02 1.000000000000000000e+00
-2.106500000000000039e+00 1.000000000000000048e-04 1.785531426681111894e-02 1.000000000000000000e+00
-2.105750000000000011e+00 1.000000000000000048e-04 1.787182552220077658e-02 1.000000000000000000e+00
-2.104999999999999982e+00 1.000000000000000048e-04 1.788835192402785448e-02 1.000000000000000000e+00
-2.104249999999999954e+00 1.000000000000000048e-04 1.790489348525819979e-02 1.000000000000000000e+00
-2.103499999999999925e+00 1.000000000000000048e-04 1.792145021886519529e-02 1.000000000000000000e+00
-2.102749999999999897e+00 1.000000000000000048e-04 1.793802213782975247e-02 1.000000000000000000e+00
-2.101999999999999869e+00 1.000000000000000048e-04 1.795460925514033926e-02 1.000000000000000000e+00
-2.101249999999999840e+00 1.000000000000000048e-04 1.797121158379293496e-02 1.000000000000000000e+00
-2.100499999999999812e+00 1.000000000000000048e-04 1.798782913679106144e-02 1.000000000000000000e+00
-2.099749999999999783e+00 1.000000000000000048e-04 1.800446192714571375e-02 1.000000000000000000e+00
-2.098999999999999755e+00 1.000000000000000048e-04 1.802110996787540526e-02 1.000000000000000000e+00
-2.098249999999999726e+00 1.000000000000000048e-04 1.803777327200615371e-02 1.000000000000000000e+00
-2.097500000000000142e+00 1.000000000000000048e-04 1.805445185257142926e-02 1.000000000000000000e+00
-2.096750000000000114e+00 1.000000000000000048e-04 1.807114572261222379e-02 1.000000000000000000e+00
-2.096000000000000085e+00 1.000000000000000048e-04 1.808785489517695036e-02 1.000000000000000000e+00
-2.095250000000000057e+00 1.000000000000000048e-04 1.810457938332151254e-02 1.000000000000000000e+00
-2.094500000000000028e+00 1.000000000000000048e-04 1.812131920010923505e-02 1.000000000000000000e+00
-2.093750000000000000e+00 1.000000000000000048e-04 1.813807435861089154e-02 1.000000000000000000e+00
-2.092999999999999972e+00 1.000000000000000048e-04 1.815484487190470800e-02 1.000000000000000000e+00
-2.092249999999999943e+00 1.000000000000000048e-04 1.817163075307632464e-02 1.000000000000000000e+00
-2.091499999999999915e+00 1.000000000000000048e-04 1.818843201521876118e-02 1.000000000000000000e+00
-2.090749999999999886e+00 1.000000000000000048e-04 1.820524867143247585e-02 1.000000000000000000e+00
-2.089999999999999858e+00 1.000000000000000048e-04 1.822208073482532026e-02 1.000000000000000000e+00
-2.089249999999999829e+00 1.000000000000000048e-04 1.823892821851252552e-02 1.000000000000000000e+00
-2.088499999999999801e+00 1.000000000000000048e-04 1.825579113561669881e-02 1.000000000000000000e+00
-2.087749999999999773e+00 1.000000000000000048e-04 1.827266949926781639e-02 1.000000000000000000e+00
-2.086999999999999744e+00 1.000000000000000048e-04 1.828956332260321324e-02 1.000000000000000000e+00
-2.086250000000000160e+00 1.000000000000000048e-04 1.830647261876755527e-02 1.000000000000000000e+00
-2.085500000000000131e+00 1.000000000000000048e-04 1.832339740091288791e-02 1.000000000000000000e+00
-2.084750000000000103e+00 1.000000000000000048e-04 1.834033768219855282e-02 1.000000000000000000e+00
-2.084000000000000075e+00 1.000000000000000048e-04 1.835729347579123302e-02 1.000000000000000000e+00
-2.083250000000000046e+00 1.000000000000000048e-04 1.837426479486489045e-02 1.000000000000000000e+00
-2.082500000000000018e+00 1.000000000000000048e-04 1.839125165260082143e-02 1.000000000000000000e+00
-2.081749999999999989e+00 1.000000000000000048e-04 1.840825406218759772e-02 1.000000000000000000e+00
-2.080999999999999961e+00 1.000000000000000048e-04 1.842527203682107345e-02 1.000000000000000000e+00
-2.080249999999999932e+00 1.000000000000000048e-04 1.844230558970437472e-02 1.000000000000000000e+00
-2.079499999999999904e+00 1.000000000000000048e-04 1.845935473404789265e-02 1.000000000000000000e+00
-2.078749999999999876e+00 1.000000000000000048e-04 1.847641948306926254e-02 1.000000000000000000e+00
-2.077999999999999847e+00 1.000000000000000048e-04 1.849349984999336741e-02 1.000000000000000000e+00
-2.077249999999999819e+00 1.000000000000000048e-04 1.851059584805233443e-02 1.000000000000000000e+00
-2.076499999999999790e+00 1.000000000000000048e-04 1.852770749048547258e-02 1.000000000000000000e+00
-2.075749999999999762e+00 1.000000000000000048e-04 1.854483479053933848e-02 1.000000000000000000e+00
-2.074999999999999734e+00 1.000000000000000048e-04 1.856197776146766357e-02 1.000000000000000000e+00
-2.074250000000000149e+00 1.000000000000000048e-04 1.857913641653139228e-02 1.000000000000000000e+00
-2.073500000000000121e+00 1.000000000000000048e-04 1.859631076899864732e-02 1.000000000000000000e+00
-2.072750000000000092e+00 1.000000000000000048e-04 1.861350083214471235e-02 1.000000000000000000e+00
-2.072000000000000064e+00 1.000000000000000048e-04 1.863070661925200766e-02 1.000000000000000000e+00
-2.071250000000000036e+00 1.000000000000000048e-04 1.864792814361014572e-02 1.000000000000000000e+00
-2.070500000000000007e+00 1.000000000000000048e-04 1.866516541851584096e-02 1.000000000000000000e+00
-2.069749999999999979e+00 1.000000000000000048e-04 1.868241845727296180e-02 1.000000000000000000e+00
-2.068999999999999950e+00 1.000000000000000048e-04 1.869968727319245780e-02 1.000000000000000000e+00
-2.068249999999999922e+00 1.000000000000000048e-04 1.871697187959241171e-02 1.000000000000000000e+00
-2.067499999999999893e+00 1.000000000000000048e-04 1.873427228979800130e-02 1.000000000000000000e+00
-2.066749999999999865e+00 1.000000000000000048e-04 1.875158851714146813e-02 1.000000000000000000e+00
-2.065999999999999837e+00 1.000000000000000048e-04 1.876892057496214183e-02 1.000000000000000000e+00
-2.065249999999999808e+00 1.000000000000000048e-04 1.878626847660639504e-02 1.000000000000000000e+00
-2.064499999999999780e+00 1.000000000000000048e-04 1.880363223542768497e-02 1.000000000000000000e+00
-2.063749999999999751e+00 1.000000000000000048e-04 1.882101186478645979e-02 1.000000000000000000e+00
-2.062999999999999723e+00 1.000000000000000048e-04 1.883840737805022106e-02 1.000000000000000000e+00
-2.062250000000000139e+00 1.000000000000000048e-04 1.885581878859349594e-02 1.000000000000000000e+00
-2.061500000000000110e+00 1.000000000000000048e-04 1.887324610979780257e-02 1.000000000000000000e+00
-2.060750000000000082e+00 1.000000000000000048e-04 1.889068935505163610e-02 1.000000000000000000e+00
-2.060000000000000053e+00 1.000000000000000048e-04 1.890814853775051735e-02 1.000000000000000000e+00
-2.059250000000000025e+00 1.000000000000000048e-04 1.892562367129689213e-02 1.000000000000000000e+00
-2.058499999999999996e+00 1.000000000000000048e-04 1.894311476910017639e-02 1.000000000000000000e+00
-2.057749999999999968e+00 1.000000000000000048e-04 1.896062184457674923e-02 1.000000000000000000e+00
-2.056999999999999940e+00 1.000000000000000048e-04 1.897814491114989399e-02 1.000000000000000000e+00
-2.056249999999999911e+00 1.000000000000000048e-04 1.899568398224984328e-02 1.000000000000000000e+00
-2.055499999999999883e+00 1.000000000000000048e-04 1.901323907131372698e-02 1.000000000000000000e+00
-2.054749999999999854e+00 1.000000000000000048e-04 1.903081019178558264e-02 1.000000000000000000e+00
-2.053999999999999826e+00 1.000000000000000048e-04 1.904839735711631385e-02 1.000000000000000000e+00
-2.053249999999999797e+00 1.000000000000000048e-04 1.906600058076371798e-02 1.000000000000000000e+00
-2.052499999999999769e+00 1.000000000000000048e-04 1.908361987619245845e-02 1.000000000000000000e+00
-2.051749999999999741e+00 1.000000000000000048e-04 1.910125525687401266e-02 1.000000000000000000e+00
-2.051000000000000156e+00 1.000000000000000048e-04 1.911890673628673099e-02 1.000000000000000000e+00
-2.050250000000000128e+00 1.000000000000000048e-04 1.913657432791578475e-02 1.000000000000000000e+00
-2.049500000000000099e+00 1.000000000000000048e-04 1.915425804525314885e-02 1.000000000000000000e+00
-2.048750000000000071e+00 1.000000000000000048e-04 1.917195790179757747e-02 1.000000000000000000e+00
-2.048000000000000043e+00 1.000000000000000048e-04 1.918967391105465617e-02 1.000000000000000000e+00
-2.047250000000000014e+00 1.000000000000000048e-04 1.920740608653669773e-02 1.000000000000000000e+00
-2.046499999999999986e+00 1.000000000000000048e-04 1.922515444176281507e-02 1.000000000000000000e+00
-2.045749999999999957e+00 1.000000000000000048e-04 1.924291899025884142e-02 1.000000000000000000e+00
-2.044999999999999929e+00 1.000000000000000048e-04 1.926069974555736156e-02 1.000000000000000000e+00
-2.044249999999999901e+00 1.000000000000000048e-04 1.927849672119768057e-02 1.000000000000000000e+00
-2.043499999999999872e+00 1.000000000000000048e-04 1.929630993072579959e-02 1.000000000000000000e+00
-2.042749999999999844e+00 1.000000000000000048e-04 1.931413938769442964e-02 1.000000000000000000e+00
-2.041999999999999815e+00 1.000000000000000048e-04 1.933198510566296394e-02 1.000000000000000000e+00
-2.041249999999999787e+00 1.000000000000000048e-04 1.934984709819746393e-02 1.000000000000000000e+00
-2.040499999999999758e+00 1.000000000000000048e-04 1.936772537887064549e-02 1.000000000000000000e+00
-2.039749999999999730e+00 1.000000000000000048e-04 1.938561996126185807e-02 1.000000000000000000e+00
-2.039000000000000146e+00 1.000000000000000048e-04 1.940353085895708471e-02 1.000000000000000000e+00
-2.038250000000000117e+00 1.000000000000000048e-04 1.942145808554895242e-02 1.000000000000000000e+00
-2.037500000000000089e+00 1.000000000000000048e-04 1.943940165463665243e-02 1.000000000000000000e+00
-2.036750000000000060e+00 1.000000000000000048e-04 1.945736157982598177e-02 1.000000000000000000e+00
-2.036000000000000032e+00 1.000000000000000048e-04 1.947533787472930170e-02 1.000000000000000000e+00
-2.035250000000000004e+00 1.000000000000000048e-04 1.949333055296554804e-02 1.000000000000000000e+00
-2.034499999999999975e+00 1.000000000000000048e-04 1.951133962816018960e-02 1.000000000000000000e+00
-2.033749999999999947e+00 1.000000000000000048e-04 1.952936511394524205e-02 1.000000000000000000e+00
-2.032999999999999918e+00 1.000000000000000048e-04 1.954740702395923665e-02 1.000000000000000000e+00
-2.032249999999999890e+00 1.000000000000000048e-04 1.956546537184717868e-02 1.000000000000000000e+00
-2.031499999999999861e+00 1.000000000000000048e-04 1.958354017126062371e-02 1.000000000000000000e+00
-2.030749999999999833e+00 1.000000000000000048e-04 1.960163143585754233e-02 1.000000000000000000e+00
-2.029999999999999805e+00 1.000000000000000048e-04 1.961973917930240688e-02 1.000000000000000000e+00
-2.029249999999999776e+00 1.000000000000000048e-04 1.963786341526611162e-02 1.000000000000000000e+00
-2.028499999999999748e+00 1.000000000000000048e-04 1.965600415742600054e-02 1.000000000000000000e+00
-2.027749999999999719e+00 1.000000000000000048e-04 1.967416141946583610e-02 1.000000000000000000e+00
-2.027000000000000135e+00 1.000000000000000048e-04 1.969233521507574025e-02 1.000000000000000000e+00
-2.026250000000000107e+00 1.000000000000000048e-04 1.971052555795231587e-02 1.000000000000000000e+00
-2.025500000000000078e+00 1.000000000000000048e-04 1.972873246179844206e-02 1.000000000000000000e+00
-2.024750000000000050e+00 1.000000000000000048e-04 1.974695594032342336e-02 1.000000000000000000e+00
-2.024000000000000021e+00 1.000000000000000048e-04 1.976519600724284745e-02 1.000000000000000000e+00
-2.023249999999999993e+00 1.000000000000000048e-04 1.978345267627870663e-02 1.000000000000000000e+00
-2.022499999999999964e+00 1.000000000000000048e-04 1.980172596115922432e-02 1.000000000000000000e+00
-2.021749999999999936e+00 1.000000000000000048e-04 1.982001587561899036e-02 1.000000000000000000e+00
-2.020999999999999908e+00 1.000000000000000048e-04 1.983832243339883616e-02 1.000000000000000000e+00
-2.020249999999999879e+00 1.000000000000000048e-04 1.985664564824588321e-02 1.000000000000000000e+00
-2.019499999999999851e+00 1.000000000000000048e-04 1.987498553391348413e-02 1.000000000000000000e+00
-2.018749999999999822e+00 1.000000000000000048e-04 1.989334210416123655e-02 1.000000000000000000e+00
-2.017999999999999794e+00 1.000000000000000048e-04 1.991171537275497269e-02 1.000000000000000000e+00
-2.017249999999999766e+00 1.000000000000000048e-04 1.993010535346670734e-02 1.000000000000000000e+00
-2.016499999999999737e+00 1.000000000000000048e-04 1.994851206007466210e-02 1.000000000000000000e+00
-2.015750000000000153e+00 1.000000000000000048e-04 1.996693550636320993e-02 1.000000000000000000e+00
-2.015000000000000124e+00 1.000000000000000048e-04 1.998537570612291328e-02 1.000000000000000000e+00
-2.014250000000000096e+00 1.000000000000000048e-04 2.000383267315045469e-02 1.000000000000000000e+00
-2.013500000000000068e+00 1.000000000000000048e-04 2.002230642124865415e-02 1.000000000000000000e+00
-2.012750000000000039e+00 1.000000000000000048e-04 2.004079696422640666e-02 1.000000000000000000e+00
-2.012000000000000011e+00 1.000000000000000048e-04 2.005930431589874469e-02 1.000000000000000000e+00
-2.011249999999999982e+00 1.000000000000000048e-04 2.007782849008674791e-02 1.000000000000000000e+00
-2.010499999999999954e+00 1.000000000000000048e-04 2.009636950061757452e-02 1.000000000000000000e+00
-2.009749999999999925e+00 1.000000000000000048e-04 2.011492736132441950e-02 1.000000000000000000e+00
-2.008999999999999897e+00 1.000000000000000048e-04 2.013350208604648695e-02 1.000000000000000000e+00
-2.008249999999999869e+00 1.000000000000000048e-04 2.015209368862901432e-02 1.000000000000000000e+00
-2.007499999999999840e+00 1.000000000000000048e-04 2.017070218292322387e-02 1.000000000000000000e+00
-2.006749999999999812e+00 1.000000000000000048e-04 2.018932758278632611e-02 1.000000000000000000e+00
-2.005999999999999783e+00 1.000000000000000048e-04 2.020796990208147126e-02 1.000000000000000000e+00
-2.005249999999999755e+00 1.000000000000000048e-04 2.022662915467775963e-02 1.000000000000000000e+00
-2.004499999999999726e+00 1.000000000000000048e-04 2.024530535445021040e-02 1.000000000000000000e+00
-2.003750000000000142e+00 1.000000000000000048e-04 2.026399851527976165e-02 1.000000000000000000e+00
-2.003000000000000114e+00 1.000000000000000048e-04 2.028270865105326337e-02 1.000000000000000000e+00
-2.002250000000000085e+00 1.000000000000000048e-04 2.030143577566338384e-02 1.000000000000000000e+00
-2.001500000000000057e+00 1.000000000000000048e-04 2.032017990300871366e-02 1.000000000000000000e+00
-2.000750000000000028e+00 1.000000000000000048e-04 2.033894104699362354e-02 1.000000000000000000e+00
-2.000000000000000000e+00 1.000000000000000048e-04 2.035771922152833369e-02 1.000000000000000000e+00
-1.999249999999999972e+00 1.000000000000000048e-04 2.037651444052885827e-02 1.000000000000000000e+00
-1.998499999999999943e+00 1.000000000000000048e-04 2.039532671791700891e-02 1.000000000000000000e+00
-1.997749999999999915e+00 1.000000000000000048e-04 2.041415606762037038e-02 1.000000000000000000e+00
-1.996999999999999886e+00 1.000000000000000048e-04 2.043300250357224512e-02 1.000000000000000000e+00
-1.996249999999999858e+00 1.000000000000000048e-04 2.045186603971170525e-02 1.000000000000000000e+00
-1.995499999999999829e+00 1.000000000000000048e-04 2.047074668998350236e-02 1.000000000000000000e+00
-1.994749999999999801e+00 1.000000000000000048e-04 2.048964446833810918e-02 1.000000000000000000e+00
-1.993999999999999773e+00 1.000000000000000048e-04 2.050855938873166751e-02 1.000000000000000000e+00
-1.993249999999999744e+00 1.000000000000000048e-04 2.052749146512598127e-02 1.000000000000000000e+00
-1.992499999999999716e+00 1.000000000000000048e-04 2.054644071148846798e-02 1.000000000000000000e+00
-1.991750000000000131e+00 1.000000000000000048e-04 2.056540714179220380e-02 1.000000000000000000e+00
-1.991000000000000103e+00 1.000000000000000048e-04 2.058439077001586459e-02 1.000000000000000000e+00
-1.990250000000000075e+00 1.000000000000000048e-04 2.060339161014369119e-02 1.000000000000000000e+00
-1.989500000000000046e+00 1.000000000000000048e-04 2.062240967616548598e-02 1.000000000000000000e+00
-1.988750000000000018e+00 1.000000000000000048e-04 2.064144498207663714e-02 1.000000000000000000e+00
-1.987999999999999989e+00 1.000000000000000048e-04 2.066049754187800069e-02 1.000000000000000000e+00
-1.987249999999999961e+00 1.000000000000000048e-04 2.067956736957599420e-02 1.000000000000000000e+00
-1.986499999999999932e+00 1.000000000000000048e-04 2.069865447918249265e-02 1.000000000000000000e+00
-1.985749999999999904e+00 1.000000000000000048e-04 2.071775888471486665e-02 1.000000000000000000e+00
-1.984999999999999876e+00 1.000000000000000048e-04 2.073688060019590260e-02 1.000000000000000000e+00
-1.984249999999999847e+00 1.000000000000000048e-04 2.075601963965384780e-02 1.000000000000000000e+00
-1.983499999999999819e+00 1.000000000000000048e-04 2.077517601712236192e-02 1.000000000000000000e+00
-1.982749999999999790e+00 1.000000000000000048e-04 2.079434974664047531e-02 1.000000000000000000e+00
-1.981999999999999762e+00 1.000000000000000048e-04 2.081354084225258902e-02 1.000000000000000000e+00
-1.981249999999999734e+00 1.000000000000000048e-04 2.083274931800849217e-02 1.000000000000000000e+00
-1.980500000000000149e+00 1.000000000000000048e-04 2.085197518796326477e-02 1.000000000000000000e+00
-1.979750000000000121e+00 1.000000000000000048e-04 2.087121846617732632e-02 1.000000000000000000e+00
-1.979000000000000092e+00 1.000000000000000048e-04 2.089047916671638375e-02 1.000000000000000000e+00
-1.978250000000000064e+00 1.000000000000000048e-04 2.090975730365138979e-02 1.000000000000000000e+00
-1.977500000000000036e+00 1.000000000000000048e-04 2.092905289105860198e-02 1.000000000000000000e+00
-1.976750000000000007e+00 1.000000000000000048e-04 2.094836594301945423e-02 1.000000000000000000e+00
-1.975999999999999979e+00 1.000000000000000048e-04 2.096769647362062977e-02 1.000000000000000000e+00
-1.975249999999999950e+00 1.000000000000000048e-04 2.098704449695397434e-02 1.000000000000000000e+00
-1.974499999999999922e+00 1.000000000000000048e-04 2.100641002711651703e-02 1.000000000000000000e+00
-1.973749999999999893e+00 1.000000000000000048e-04 2.102579307821045296e-02 1.000000000000000000e+00
-1.972999999999999865e+00 1.000000000000000048e-04 2.104519366434305649e-02 1.000000000000000000e+00
-1.972249999999999837e+00 1.000000000000000048e-04 2.106461179962675762e-02 1.000000000000000000e+00
-1.971499999999999808e+00 1.000000000000000048e-04 2.108404749817906210e-02 1.000000000000000000e+00
-1.970749999999999780e+00 1.000000000000000048e-04 2.110350077412251682e-02 1.000000000000000000e+00
-1.969999999999999751e+00 1.000000000000000048e-04 2.112297164158473753e-02 1.000000000000000000e+00
-1.969249999999999723e+00 1.000000000000000048e-04 2.114246011469833597e-02 1.000000000000000000e+00
-1.968500000000000139e+00 1.000000000000000048e-04 2.116196620760094418e-02 1.000000000000000000e+00
-1.967750000000000110e+00 1.000000000000000048e-04 2.118148993443519368e-02 1.000000000000000000e+00
-1.967000000000000082e+00 1.000000000000000048e-04 2.120103130934862870e-02 1.000000000000000000e+00
-1.966250000000000053e+00 1.000000000000000048e-04 2.122059034649375481e-02 1.000000000000000000e+00
-1.965500000000000025e+00 1.000000000000000048e-04 2.124016706002797988e-02 1.000000000000000000e+00
-1.964749999999999996e+00 1.000000000000000048e-04 2.125976146411362108e-02 1.000000000000000000e+00
-1.963999999999999968e+00 1.000000000000000048e-04 2.127937357291784931e-02 1.000000000000000000e+00
-1.963249999999999940e+00 1.000000000000000048e-04 2.129900340061268577e-02 1.000000000000000000e+00
-1.962499999999999911e+00 1.000000000000000048e-04 2.131865096137497417e-02 1.000000000000000000e+00
-1.961749999999999883e+00 1.000000000000000048e-04 2.133831626938637732e-02 1.000000000000000000e+00
-1.960999999999999854e+00 1.000000000000000048e-04 2.135799933883332502e-02 1.000000000000000000e+00
-1.960249999999999826e+00 1.000000000000000048e-04 2.137770018390700022e-02 1.000000000000000000e+00
-1.959499999999999797e+00 1.000000000000000048e-04 2.139741881880333207e-02 1.000000000000000000e+00
-1.958749999999999769e+00 1.000000000000000048e-04 2.141715525772296819e-02 1.000000000000000000e+00
-1.957999999999999741e+00 1.000000000000000048e-04 2.143690951487122257e-02 1.000000000000000000e+00
-1.957250000000000156e+00 1.000000000000000048e-04 2.145668160445808950e-02 1.000000000000000000e+00
-1.956500000000000128e+00 1.000000000000000048e-04 2.147647154069822623e-02 1.000000000000000000e+00
-1.955750000000000099e+00 1.000000000000000048e-04 2.149627933781087658e-02 1.000000000000000000e+00
-1.955000000000000071e+00 1.000000000000000048e-04 2.151610501001990569e-02 1.000000000000000000e+00
-1.954250000000000043e+00 1.000000000000000048e-04 2.153594857155373063e-02 1.000000000000000000e+00
-1.953500000000000014e+00 1.000000000000000048e-04 2.155581003664534812e-02 1.000000000000000000e+00
-1.952749999999999986e+00 1.000000000000000048e-04 2.157568941953224781e-02 1.000000000000000000e+00
-1.951999999999999957e+00 1.000000000000000048e-04 2.159558673445645741e-02 1.000000000000000000e+00
-1.951249999999999929e+00 1.000000000000000048e-04 2.161550199566445937e-02 1.000000000000000000e+00
-1.950499999999999901e+00 1.000000000000000048e-04 2.163543521740719788e-02 1.000000000000000000e+00
-1.949749999999999872e+00 1.000000000000000048e-04 2.165538641394005107e-02 1.000000000000000000e+00
-1.948999999999999844e+00 1.000000000000000048e-04 2.167535559952280325e-02 1.000000000000000000e+00
-1.948249999999999815e+00 1.000000000000000048e-04 2.169534278841962760e-02 1.000000000000000000e+00
-1.947499999999999787e+00 1.000000000000000048e-04 2.171534799489903411e-02 1.000000000000000000e+00
-1.946749999999999758e+00 1.000000000000000048e-04 2.173537123323388692e-02 1.000000000000000000e+00
-1.945999999999999730e+00 1.000000000000000048e-04 2.175541251770136270e-02 1.000000000000000000e+00
-1.945250000000000146e+00 1.000000000000000048e-04 2.177547186258291245e-02 1.000000000000000000e+00
-1.944500000000000117e+00 1.000000000000000048e-04 2.179554928216425810e-02 1.000000000000000000e+00
-1.943750000000000089e+00 1.000000000000000048e-04 2.181564479073535429e-02 1.000000000000000000e+00
-1.943000000000000060e+00 1.000000000000000048e-04 2.183575840259034673e-02 1.000000000000000000e+00
-1.942250000000000032e+00 1.000000000000000048e-04 2.185589013202758266e-02 1.000000000000000000e+00
-1.941500000000000004e+00 1.000000000000000048e-04 2.187603999334957611e-02 1.000000000000000000e+00
-1.940749999999999975e+00 1.000000000000000048e-04 2.189620800086297669e-02 1.000000000000000000e+00
-1.939999999999999947e+00 1.000000000000000048e-04 2.191639416887852798e-02 1.000000000000000000e+00
-1.939249999999999918e+00 1.000000000000000048e-04 2.193659851171106401e-02 1.000000000000000000e+00
-1.938499999999999890e+00 1.000000000000000048e-04 2.195682104367947807e-02 1.000000000000000000e+00
-1.937749999999999861e+00 1.000000000000000048e-04 2.197706177910669842e-02 1.000000000000000000e+00
-1.936999999999999833e+00 1.000000000000000048e-04 2.199732073231965013e-02 1.000000000000000000e+00
-1.936249999999999805e+00 1.000000000000000048e-04 2.201759791764925159e-02 1.000000000000000000e+00
-1.935499999999999776e+00 1.000000000000000048e-04 2.203789334943037984e-02 1.000000000000000000e+00
-1.934749999999999748e+00 1.000000000000000048e-04 2.205820704200182891e-02 1.000000000000000000e+00
-1.933999999999999719e+00 1.000000000000000048e-04 2.207853900970630293e-02 1.000000000000000000e+00
-1.933250000000000135e+00 1.000000000000000048e-04 2.209888926689033972e-02 1.000000000000000000e+00
-1.932500000000000107e+00 1.000000000000000048e-04 2.211925782790440109e-02 1.000000000000000000e+00
-1.931750000000000078e+00 1.000000000000000048e-04 2.213964470710273053e-02 1.000000000000000000e+00
-1.931000000000000050e+00 1.000000000000000048e-04 2.216004991884336014e-02 1.000000000000000000e+00
-1.930250000000000021e+00 1.000000000000000048e-04 2.218047347748810377e-02 1.000000000000000000e+00
-1.929499999999999993e+00 1.000000000000000048e-04 2.220091539740251529e-02 1.000000000000000000e+00
-1.928749999999999964e+00 1.000000000000000048e-04 2.222137569295586784e-02 1.000000000000000000e+00
-1.927999999999999936e+00 1.000000000000000048e-04 2.224185437852109828e-02 1.000000000000000000e+00
-1.927249999999999908e+00 1.000000000000000048e-04 2.226235146847484192e-02 1.000000000000000000e+00
-1.926499999999999879e+00 1.000000000000000048e-04 2.228286697719732840e-02 1.000000000000000000e+00
-1.925749999999999851e+00 1.000000000000000048e-04 2.230340091907242334e-02 1.000000000000000000e+00
-1.924999999999999822e+00 1.000000000000000048e-04 2.232395330848756937e-02 1.000000000000000000e+00
-1.924249999999999794e+00 1.000000000000000048e-04 2.234452415983370979e-02 1.000000000000000000e+00
-1.923499999999999766e+00 1.000000000000000048e-04 2.236511348750538225e-02 1.000000000000000000e+00
-1.922749999999999737e+00 1.000000000000000048e-04 2.238572130590056955e-02 1.000000000000000000e+00
-1.922000000000000153e+00 1.000000000000000048e-04 2.240634762942072047e-02 1.000000000000000000e+00
-1.921250000000000124e+00 1.000000000000000048e-04 2.242699247247075325e-02 1.000000000000000000e+00
-1.920500000000000096e+00 1.000000000000000048e-04 2.244765584945895842e-02 1.000000000000000000e+00
-1.919750000000000068e+00 1.000000000000000048e-04 2.246833777479704045e-02 1.000000000000000000e+00
-1.919000000000000039e+00 1.000000000000000048e-04 2.248903826290003100e-02 1.000000000000000000e+00
-1.918250000000000011e+00 1.000000000000000048e-04 2.250975732818627853e-02 1.000000000000000000e+00
-1.917499999999999982e+00 1.000000000000000048e-04 2.253049498507745524e-02 1.000000000000000000e+00
-1.916749999999999954e+00 1.000000000000000048e-04 2.255125124799847725e-02 1.000000000000000000e+00
-1.915999999999999925e+00 1.000000000000000048e-04 2.257202613137749073e-02 1.000000000000000000e+00
-1.915249999999999897e+00 1.000000000000000048e-04 2.259281964964587885e-02 1.000000000000000000e+00
-1.914499999999999869e+00 1.000000000000000048e-04 2.261363181723816118e-02 1.000000000000000000e+00
-1.913749999999999840e+00 1.000000000000000048e-04 2.263446264859202139e-02 1.000000000000000000e+00
-1.912999999999999812e+00 1.000000000000000048e-04 2.265531215814828650e-02 1.000000000000000000e+00
-1.912249999999999783e+00 1.000000000000000048e-04 2.267618036035084009e-02 1.000000000000000000e+00
-1.911499999999999755e+00 1.000000000000000048e-04 2.269706726964662927e-02 1.000000000000000000e+00
-1.910749999999999726e+00 1.000000000000000048e-04 2.271797290048563345e-02 1.000000000000000000e+00
-1.910000000000000142e+00 1.000000000000000048e-04 2.273889726732082617e-02 1.000000000000000000e+00
-1.909250000000000114e+00 1.000000000000000048e-04 2.275984038460817163e-02 1.000000000000000000e+00
-1.908500000000000085e+00 1.000000000000000048e-04 2.278080226680655185e-02 1.000000000000000000e+00
-1.907750000000000057e+00 1.000000000000000048e-04 2.280178292837773540e-02 1.000000000000000000e+00
-1.907000000000000028e+00 1.000000000000000048e-04 2.282278238378641563e-02 1.000000000000000000e+00
-1.906250000000000000e+00 1.000000000000000048e-04 2.284380064750008571e-02 1.000000000000000000e+00
-1.905499999999999972e+00 1.000000000000000048e-04 2.286483773398909417e-02 1.000000000000000000e+00
-1.904749999999999943e+00 1.000000000000000048e-04 2.288589365772651651e-02 1.000000000000000000e+00
-1.903999999999999915e+00 1.000000000000000048e-04 2.290696843318825934e-02 1.000000000000000000e+00
-1.903249999999999886e+00 1.000000000000000048e-04 2.292806207485287295e-02 1.000000000000000000e+00
-1.902499999999999858e+00 1.000000000000000048e-04 2.294917459720165545e-02 1.000000000000000000e+00
-1.901749999999999829e+00 1.000000000000000048e-04 2.297030601471853131e-02 1.000000000000000000e+00
-1.900999999999999801e+00 1.000000000000000048e-04 2.299145634189006873e-02 1.000000000000000000e+00
-1.900249999999999773e+00 1.000000000000000048e-04 2.301262559320541023e-02 1.000000000000000000e+00
-1.899499999999999744e+00 1.000000000000000048e-04 2.303381378315629349e-02 1.000000000000000000e+00
-1.898749999999999716e+00 1.000000000000000048e-04 2.305502092623694377e-02 1.000000000000000000e+00
-1.898000000000000131e+00 1.000000000000000048e-04 2.307624703694410861e-02 1.000000000000000000e+00
-1.897250000000000103e+00 1.000000000000000048e-04 2.309749212977703706e-02 1.000000000000000000e+00
-1.896500000000000075e+00 1.000000000000000048e-04 2.311875621923735816e-02 1.000000000000000000e+00
-1.895750000000000046e+00 1.000000000000000048e-04 2.314003931982911225e-02 1.000000000000000000e+00
-1.895000000000000018e+00 1.000000000000000048e-04 2.316134144605873357e-02 1.000000000000000000e+00
-1.894249999999999989e+00 1.000000000000000048e-04 2.318266261243496704e-02 1.000000000000000000e+00
-1.893499999999999961e+00 1.000000000000000048e-04 2.320400283346888207e-02 1.000000000000000000e+00
-1.892749999999999932e+00 1.000000000000000048e-04 2.322536212367379282e-02 1.000000000000000000e+00
-1.891999999999999904e+00 1.000000000000000048e-04 2.324674049756527902e-02 1.000000000000000000e+00
-1.891249999999999876e+00 1.000000000000000048e-04 2.326813796966109224e-02 1.000000000000000000e+00
-1.890499999999999847e+00 1.000000000000000048e-04 2.328955455448118370e-02 1.000000000000000000e+00
-1.889749999999999819e+00 1.000000000000000048e-04 2.331099026654761402e-02 1.000000000000000000e+00
-1.888999999999999790e+00 1.000000000000000048e-04 2.333244512038456370e-02 1.000000000000000000e+00
-1.888249999999999762e+00 1.000000000000000048e-04 2.335391913051828444e-02 1.000000000000000000e+00
-1.887499999999999734e+00 1.000000000000000048e-04 2.337541231147704721e-02 1.000000000000000000e+00
-1.886750000000000149e+00 1.000000000000000048e-04 2.339692467779111093e-02 1.000000000000000000e+00
-1.886000000000000121e+00 1.000000000000000048e-04 2.341845624399277112e-02 1.000000000000000000e+00
-1.885250000000000092e+00 1.000000000000000048e-04 2.344000702461615515e-02 1.000000000000000000e+00
-1.884500000000000064e+00 1.000000000000000048e-04 2.346157703419735410e-02 1.000000000000000000e+00
-1.883750000000000036e+00 1.000000000000000048e-04 2.348316628727429786e-02 1.000000000000000000e+00
-1.883000000000000007e+00 1.000000000000000048e-04 2.350477479838673431e-02 1.000000000000000000e+00
-1.882249999999999979e+00 1.000000000000000048e-04 2.352640258207625013e-02 1.000000000000000000e+00
-1.881499999999999950e+00 1.000000000000000048e-04 2.354804965288612162e-02 1.000000000000000000e+00
-1.880749999999999922e+00 1.000000000000000048e-04 2.356971602536138063e-02 1.000000000000000000e+00
-1.879999999999999893e+00 1.000000000000000048e-04 2.359140171404876599e-02 1.000000000000000000e+00
-1.879249999999999865e+00 1.000000000000000048e-04 2.361310673349662284e-02 1.000000000000000000e+00
-1.878499999999999837e+00 1.000000000000000048e-04 2.363483109825493741e-02 1.000000000000000000e+00
-1.877749999999999808e+00 1.000000000000000048e-04 2.365657482287527105e-02 1.000000000000000000e+00
-1.876999999999999780e+00 1.000000000000000048e-04 2.367833792191073941e-02 1.000000000000000000e+00
-1.876249999999999751e+00 1.000000000000000048e-04 2.370012040991591878e-02 1.000000000000000000e+00
-1.875499999999999723e+00 1.000000000000000048e-04 2.372192230144692590e-02 1.000000000000000000e+00
-1.874750000000000139e+00 1.000000000000000048e-04 2.374374361106123751e-02 1.000000000000000000e+00
-1.874000000000000110e+00 1.000000000000000048e-04 2.376558435331779101e-02 1.000000000000000000e+00
-1.873250000000000082e+00 1.000000000000000048e-04 2.378744454277685605e-02 1.000000000000000000e+00
-1.872500000000000053e+00 1.000000000000000048e-04 2.380932419400000680e-02 1.000000000000000000e+00
-1.871750000000000025e+00 1.000000000000000048e-04 2.383122332155013928e-02 1.000000000000000000e+00
-1.870999999999999996e+00 1.000000000000000048e-04 2.385314193999137078e-02 1.000000000000000000e+00
-1.870249999999999968e+00 1.000000000000000048e-04 2.387508006388905368e-02 1.000000000000000000e+00
-1.869499999999999940e+00 1.000000000000000048e-04 2.389703770780968878e-02 1.000000000000000000e+00
-1.868749999999999911e+00 1.000000000000000048e-04 2.391901488632095646e-02 1.000000000000000000e+00
-1.867999999999999883e+00 1.000000000000000048e-04 2.394101161399157102e-02 1.000000000000000000e+00
-1.867249999999999854e+00 1.000000000000000048e-04 2.396302790539136737e-02 1.000000000000000000e+00
-1.866499999999999826e+00 1.000000000000000048e-04 2.398506377509117271e-02 1.000000000000000000e+00
-1.865749999999999797e+00 1.000000000000000048e-04 2.400711923766281342e-02 1.000000000000000000e+00
-1.864999999999999769e+00 1.000000000000000048e-04 2.402919430767904221e-02 1.000000000000000000e+00
-1.864249999999999741e+00 1.000000000000000048e-04 2.405128899971354164e-02 1.000000000000000000e+00
-1.863500000000000156e+00 1.000000000000000048e-04 2.407340332834084773e-02 1.000000000000000000e+00
-1.862750000000000128e+00 1.000000000000000048e-04 2.409553730813634650e-02 1.000000000000000000e+00
-1.862000000000000099e+00 1.000000000000000048e-04 2.411769095367618035e-02 1.000000000000000000e+00
-1.861250000000000071e+00 1.000000000000000048e-04 2.413986427953730002e-02 1.000000000000000000e+00
-1.860500000000000043e+00 1.000000000000000048e-04 2.416205730029730853e-02 1.000000000000000000e+00
-1.859750000000000014e+00 1.000000000000000048e-04 2.418427003053450972e-02 1.000000000000000000e+00
-1.858999999999999986e+00 1.000000000000000048e-04 2.420650248482784581e-02 1.000000000000000000e+00
-1.858249999999999957e+00 1.000000000000000048e-04 2.422875467775683841e-02 1.000000000000000000e+00
-1.857499999999999929e+00 1.000000000000000048e-04 2.425102662390157815e-02 1.000000000000000000e+00
-1.856749999999999901e+00 1.000000000000000048e-04 2.427331833784265175e-02 1.000000000000000000e+00
-1.855999999999999872e+00 1.000000000000000048e-04 2.429562983416115596e-02 1.000000000000000000e+00
-1.855249999999999844e+00 1.000000000000000048e-04 2.431796112743857610e-02 1.000000000000000000e+00
-1.854499999999999815e+00 1.000000000000000048e-04 2.434031223225682078e-02 1.000000000000000000e+00
-1.853749999999999787e+00 1.000000000000000048e-04 2.436268316319812124e-02 1.000000000000000000e+00
-1.852999999999999758e+00 1.000000000000000048e-04 2.438507393484505917e-02 1.000000000000000000e+00
-1.852249999999999730e+00 1.000000000000000048e-04 2.440748456178045561e-02 1.000000000000000000e+00
-1.851500000000000146e+00 1.000000000000000048e-04 2.442991505858736409e-02 1.000000000000000000e+00
-1.850750000000000117e+00 1.000000000000000048e-04 2.445236543984904282e-02 1.000000000000000000e+00
-1.850000000000000089e+00 1.000000000000000048e-04 2.447483572014889572e-02 1.000000000000000000e+00
-1.849250000000000060e+00 1.000000000000000048e-04 2.449732591407041693e-02 1.000000000000000000e+00
-1.848500000000000032e+00 1.000000000000000048e-04 2.451983603619715610e-02 1.000000000000000000e+00
-1.847750000000000004e+00 1.000000000000000048e-04 2.454236610111270797e-02 1.000000000000000000e+00
-1.846999999999999975e+00 1.000000000000000048e-04 2.456491612340063954e-02 1.000000000000000000e+00
-1.846249999999999947e+00 1.000000000000000048e-04 2.458748611764442760e-02 1.000000000000000000e+00
-1.845499999999999918e+00 1.000000000000000048e-04 2.461007609842748647e-02 1.000000000000000000e+00
-1.844749999999999890e+00 1.000000000000000048e-04 2.463268608033305357e-02 1.000000000000000000e+00
-1.843999999999999861e+00 1.000000000000000048e-04 2.465531607794416505e-02 1.000000000000000000e+00
-1.843249999999999833e+00 1.000000000000000048e-04 2.467796610584366279e-02 1.000000000000000000e+00
-1.842499999999999805e+00 1.000000000000000048e-04 2.470063617861406255e-02 1.000000000000000000e+00
-1.841749999999999776e+00 1.000000000000000048e-04 2.472332631083760598e-02 1.000000000000000000e+00
-1.840999999999999748e+00 1.000000000000000048e-04 2.474603651709613925e-02 1.000000000000000000e+00
-1.840249999999999719e+00 1.000000000000000048e-04 2.476876681197109908e-02 1.000000000000000000e+00
-1.839500000000000135e+00 1.000000000000000048e-04 2.479151721004347469e-02 1.000000000000000000e+00
-1.838750000000000107e+00 1.000000000000000048e-04 2.481428772589381118e-02 1.000000000000000000e+00
-1.838000000000000078e+00 1.000000000000000048e-04 2.483707837410202915e-02 1.000000000000000000e+00
-1.837250000000000050e+00 1.000000000000000048e-04 2.485988916924750797e-02 1.000000000000000000e+00
-1.836500000000000021e+00 1.000000000000000048e-04 2.488272012590900598e-02 1.000000000000000000e+00
-1.835749999999999993e+00 1.000000000000000048e-04 2.490557125866458416e-02 1.000000000000000000e+00
-1.834999999999999964e+00 1.000000000000000048e-04 2.492844258209163388e-02 1.000000000000000000e+00
-1.834249999999999936e+00 1.000000000000000048e-04 2.495133411076669652e-02 1.000000000000000000e+00
-1.833499999999999908e+00 1.000000000000000048e-04 2.497424585926558832e-02 1.000000000000000000e+00
-1.832749999999999879e+00 1.000000000000000048e-04 2.499717784216323388e-02 1.000000000000000000e+00
-1.831999999999999851e+00 1.000000000000000048e-04 2.502013007403369738e-02 1.000000000000000000e+00
-1.831249999999999822e+00 1.000000000000000048e-04 2.504310256945000562e-02 1.000000000000000000e+00
-1.830499999999999794e+00 1.000000000000000048e-04 2.506609534298431807e-02 1.000000000000000000e+00
-1.829749999999999766e+00 1.000000000000000048e-04 2.508910840920766314e-02 1.000000000000000000e+00
-1.828999999999999737e+00 1.000000000000000048e-04 2.511214178269003186e-02 1.000000000000000000e+00
-1.828250000000000153e+00 1.000000000000000048e-04 2.513519547800026691e-02 1.000000000000000000e+00
-1.827500000000000124e+00 1.000000000000000048e-04 2.515826950970606601e-02 1.000000000000000000e+00
-1.826750000000000096e+00 1.000000000000000048e-04 2.518136389237386752e-02 1.000000000000000000e+00
-1.826000000000000068e+00 1.000000000000000048e-04 2.520447864056887116e-02 1.000000000000000000e+00
-1.825250000000000039e+00 1.000000000000000048e-04 2.522761376885492707e-02 1.000000000000000000e+00
-1.824500000000000011e+00 1.000000000000000048e-04 2.525076929179455310e-02 1.000000000000000000e+00
-1.823749999999999982e+00 1.000000000000000048e-04 2.527394522394883769e-02 1.000000000000000000e+00
-1.822999999999999954e+00 1.000000000000000048e-04 2.529714157987743989e-02 1.000000000000000000e+00
-1.822249999999999925e+00 1.000000000000000048e-04 2.532035837413847135e-02 1.000000000000000000e+00
-1.821499999999999897e+00 1.000000000000000048e-04 2.534359562128851717e-02 1.000000000000000000e+00
-1.820749999999999869e+00 1.000000000000000048e-04 2.536685333588256652e-02 1.000000000000000000e+00
-1.819999999999999840e+00 1.000000000000000048e-04 2.539013153247393281e-02 1.000000000000000000e+00
-1.819249999999999812e+00 1.000000000000000048e-04 2.541343022561423984e-02 1.000000000000000000e+00
-1.818499999999999783e+00 1.000000000000000048e-04 2.543674942985338014e-02 1.000000000000000000e+00
-1.817749999999999755e+00 1.000000000000000048e-04 2.546008915973943174e-02 1.000000000000000000e+00
-1.816999999999999726e+00 1.000000000000000048e-04 2.548344942981862690e-02 1.000000000000000000e+00
-1.816250000000000142e+00 1.000000000000000048e-04 2.550683025463533135e-02 1.000000000000000000e+00
-1.815500000000000114e+00 1.000000000000000048e-04 2.553023164873193321e-02 1.000000000000000000e+00
-1.814750000000000085e+00 1.000000000000000048e-04 2.555365362664884649e-02 1.000000000000000000e+00
-1.814000000000000057e+00 1.000000000000000048e-04 2.557709620292442781e-02 1.000000000000000000e+00
-1.813250000000000028e+00 1.000000000000000048e-04 2.560055939209496603e-02 1.000000000000000000e+00
-1.812500000000000000e+00 1.000000000000000048e-04 2.562404320869458504e-02 1.000000000000000000e+00
-1.811749999999999972e+00 1.000000000000000048e-04 2.564754766725520566e-02 1.000000000000000000e+00
-1.810999999999999943e+00 1.000000000000000048e-04 2.567107278230652476e-02 1.000000000000000000e+00
-1.810249999999999915e+00 1.000000000000000048e-04 2.569461856837595634e-02 1.000000000000000000e+00
-1.809499999999999886e+00 1.000000000000000048e-04 2.571818503998853089e-02 1.000000000000000000e+00
-1.808749999999999858e+00 1.000000000000000048e-04 2.574177221166691273e-02 1.000000000000000000e+00
-1.807999999999999829e+00 1.000000000000000048e-04 2.576538009793130288e-02 1.000000000000000000e+00
-1.807249999999999801e+00 1.000000000000000048e-04 2.578900871329942515e-02 1.000000000000000000e+00
-1.806499999999999773e+00 1.000000000000000048e-04 2.581265807228641518e-02 1.000000000000000000e+00
-1.805749999999999744e+00 1.000000000000000048e-04 2.583632818940484813e-02 1.000000000000000000e+00
-1.804999999999999716e+00 1.000000000000000048e-04 2.586001907916460341e-02 1.000000000000000000e+00
-1.804250000000000131e+00 1.000000000000000048e-04 2.588373075607285773e-02 1.000000000000000000e+00
-1.803500000000000103e+00 1.000000000000000048e-04 2.590746323463408857e-02 1.000000000000000000e+00
-1.802750000000000075e+00 1.000000000000000048e-04 2.593121652934991458e-02 1.000000000000000000e+00
-1.802000000000000046e+00 1.000000000000000048e-04 2.595499065471906439e-02 1.000000000000000000e+00
-1.801250000000000018e+00 1.000000000000000048e-04 2.597878562523738000e-02 1.000000000000000000e+00
-1.800499999999999989e+00 1.000000000000000048e-04 2.600260145539773707e-02 1.000000000000000000e+00
-1.799749999999999961e+00 1.000000000000000048e-04 2.602643815968998589e-02 1.000000000000000000e+00
-1.798999999999999932e+00 1.000000000000000048e-04 2.605029575260088548e-02 1.000000000000000000e+00
-1.798249999999999904e+00 1.000000000000000048e-04 2.607417424861405500e-02 1.000000000000000000e+00
-1.797499999999999876e+00 1.000000000000000048e-04 2.609807366220996336e-02 1.000000000000000000e+00
-1.796749999999999847e+00 1.000000000000000048e-04 2.612199400786582165e-02 1.000000000000000000e+00
-1.795999999999999819e+00 1.000000000000000048e-04 2.614593530005551725e-02 1.000000000000000000e+00
-1.795249999999999790e+00 1.000000000000000048e-04 2.616989755324964154e-02 1.000000000000000000e+00
-1.794499999999999762e+00 1.000000000000000048e-04 2.619388078191536157e-02 1.000000000000000000e+00
-1.793749999999999734e+00 1.000000000000000048e-04 2.621788500051634718e-02 1.000000000000000000e+00
-1.793000000000000149e+00 1.000000000000000048e-04 2.624191022351280572e-02 1.000000000000000000e+00
-1.792250000000000121e+00 1.000000000000000048e-04 2.626595646536139528e-02 1.000000000000000000e+00
-1.791500000000000092e+00 1.000000000000000048e-04 2.629002374051505816e-02 1.000000000000000000e+00
-1.790750000000000064e+00 1.000000000000000048e-04 2.631411206342314929e-02 1.000000000000000000e+00
-1.790000000000000036e+00 1.000000000000000048e-04 2.633822144853123146e-02 1.000000000000000000e+00
-1.789250000000000007e+00 1.000000000000000048e-04 2.636235191028110311e-02 1.000000000000000000e+00
-1.788499999999999979e+00 1.000000000000000048e-04 2.638650346311070122e-02 1.000000000000000000e+00
-1.787749999999999950e+00 1.000000000000000048e-04 2.641067612145407001e-02 1.000000000000000000e+00
-1.786999999999999922e+00 1.000000000000000048e-04 2.643486989974125692e-02 1.000000000000000000e+00
-1.786249999999999893e+00 1.000000000000000048e-04 2.645908481239834034e-02 1.000000000000000000e+00
-1.785499999999999865e+00 1.000000000000000048e-04 2.648332087384728389e-02 1.000000000000000000e+00
-1.784749999999999837e+00 1.000000000000000048e-04 2.650757809850594338e-02 1.000000000000000000e+00
-1.783999999999999808e+00 1.000000000000000048e-04 2.653185650078795921e-02 1.000000000000000000e+00
-1.783249999999999780e+00 1.000000000000000048e-04 2.655615609510274255e-02 1.000000000000000000e+00
-1.782499999999999751e+00 1.000000000000000048e-04 2.658047689585539206e-02 1.000000000000000000e+00
-1.781749999999999723e+00 1.000000000000000048e-04 2.660481891744662791e-02 1.000000000000000000e+00
-1.781000000000000139e+00 1.000000000000000048e-04 2.662918217427277454e-02 1.000000000000000000e+00
-1.780250000000000110e+00 1.000000000000000048e-04 2.665356668072564605e-02 1.000000000000000000e+00
-1.779500000000000082e+00 1.000000000000000048e-04 2.667797245119252550e-02 1.000000000000000000e+00
-1.778750000000000053e+00 1.000000000000000048e-04 2.670239950005611276e-02 1.000000000000000000e+00
-1.778000000000000025e+00 1.000000000000000048e-04 2.672684784169442745e-02 1.000000000000000000e+00
-1.777249999999999996e+00 1.000000000000000048e-04 2.675131749048075339e-02 1.000000000000000000e+00
-1.776499999999999968e+00 1.000000000000000048e-04 2.677580846078364898e-02 1.000000000000000000e+00
-1.775749999999999940e+00 1.000000000000000048e-04 2.680032076696676688e-02 1.000000000000000000e+00
-1.774999999999999911e+00 1.000000000000000048e-04 2.682485442338892329e-02 1.000000000000000000e+00
-1.774249999999999883e+00 1.000000000000000048e-04 2.684940944440393842e-02 1.000000000000000000e+00
-1.773499999999999854e+00 1.000000000000000048e-04 2.687398584436062610e-02 1.000000000000000000e+00
-1.772749999999999826e+00 1.000000000000000048e-04 2.689858363760270002e-02 1.000000000000000000e+00
-1.771999999999999797e+00 1.000000000000000048e-04 2.692320283846875301e-02 1.000000000000000000e+00
-1.771249999999999769e+00 1.000000000000000048e-04 2.694784346129218758e-02 1.000000000000000000e+00
-1.770499999999999741e+00 1.000000000000000048e-04 2.697250552040110147e-02 1.000000000000000000e+00
-1.769749999999999712e+00 1.000000000000000048e-04 2.699718903011829804e-02 1.000000000000000000e+00
-1.769000000000000128e+00 1.000000000000000048e-04 2.702189400476117526e-02 1.000000000000000000e+00
-1.768250000000000099e+00 1.000000000000000048e-04 2.704662045864170139e-02 1.000000000000000000e+00
-1.767500000000000071e+00 1.000000000000000048e-04 2.707136840606631442e-02 1.000000000000000000e+00
-1.766750000000000043e+00 1.000000000000000048e-04 2.709613786133587693e-02 1.000000000000000000e+00
-1.766000000000000014e+00 1.000000000000000048e-04 2.712092883874562405e-02 1.000000000000000000e+00
-1.765249999999999986e+00 1.000000000000000048e-04 2.714574135258509754e-02 1.000000000000000000e+00
-1.764499999999999957e+00 1.000000000000000048e-04 2.717057541713804175e-02 1.000000000000000000e+00
-1.763749999999999929e+00 1.000000000000000048e-04 2.719543104668241743e-02 1.000000000000000000e+00
-1.762999999999999901e+00 1.000000000000000048e-04 2.722030825549024563e-02 1.000000000000000000e+00
-1.762249999999999872e+00 1.000000000000000048e-04 2.724520705782763202e-02 1.000000000000000000e+00
-1.761499999999999844e+00 1.000000000000000048e-04 2.727012746795466624e-02 1.000000000000000000e+00
-1.760749999999999815e+00 1.000000000000000048e-04 2.729506950012530742e-02 1.000000000000000000e+00
-1.759999999999999787e+00 1.000000000000000048e-04 2.732003316858742231e-02 1.000000000000000000e+00
-1.759249999999999758e+00 1.000000000000000048e-04 2.734501848758262924e-02 1.000000000000000000e+00
-1.758499999999999730e+00 1.000000000000000048e-04 2.737002547134627373e-02 1.000000000000000000e+00
-1.757750000000000146e+00 1.000000000000000048e-04 2.739505413410735224e-02 1.000000000000000000e+00
-1.757000000000000117e+00 1.000000000000000048e-04 2.742010449008850867e-02 1.000000000000000000e+00
-1.756250000000000089e+00 1.000000000000000048e-04 2.744517655350582966e-02 1.000000000000000000e+00
-1.755500000000000060e+00 1.000000000000000048e-04 2.747027033856891745e-02 1.000000000000000000e+00
-1.754750000000000032e+00 1.000000000000000048e-04 2.749538585948072683e-02 1.000000000000000000e+00
-1.754000000000000004e+00 1.000000000000000048e-04 2.752052313043758247e-02 1.000000000000000000e+00
-1.753249999999999975e+00 1.000000000000000048e-04 2.754568216562903668e-02 1.000000000000000000e+00
-1.752499999999999947e+00 1.000000000000000048e-04 2.757086297923786247e-02 1.000000000000000000e+00
-1.751749999999999918e+00 1.000000000000000048e-04 2.759606558543992172e-02 1.000000000000000000e+00
-1.750999999999999890e+00 1.000000000000000048e-04 2.762128999840417209e-02 1.000000000000000000e+00
-1.750249999999999861e+00 1.000000000000000048e-04 2.764653623229255952e-02 1.000000000000000000e+00
-1.749499999999999833e+00 1.000000000000000048e-04 2.767180430125991408e-02 1.000000000000000000e+00
-1.748749999999999805e+00 1.000000000000000048e-04 2.769709421945395697e-02 1.000000000000000000e+00
-1.747999999999999776e+00 1.000000000000000048e-04 2.772240600101520333e-02 1.000000000000000000e+00
-1.747249999999999748e+00 1.000000000000000048e-04 2.774773966007685472e-02 1.000000000000000000e+00
-1.746499999999999719e+00 1.000000000000000048e-04 2.777309521076478174e-02 1.000000000000000000e+00
-1.745750000000000135e+00 1.000000000000000048e-04 2.779847266719743734e-02 1.000000000000000000e+00
-1.745000000000000107e+00 1.000000000000000048e-04 2.782387204348577350e-02 1.000000000000000000e+00
-1.744250000000000078e+00 1.000000000000000048e-04 2.784929335373321352e-02 1.000000000000000000e+00
-1.743500000000000050e+00 1.000000000000000048e-04 2.787473661203549238e-02 1.000000000000000000e+00
-1.742750000000000021e+00 1.000000000000000048e-04 2.790020183248071925e-02 1.000000000000000000e+00
-1.741999999999999993e+00 1.000000000000000048e-04 2.792568902914917620e-02 1.000000000000000000e+00
-1.741249999999999964e+00 1.000000000000000048e-04 2.795119821611333905e-02 1.000000000000000000e+00
-1.740499999999999936e+00 1.000000000000000048e-04 2.797672940743778369e-02 1.000000000000000000e+00
-1.739749999999999908e+00 1.000000000000000048e-04 2.800228261717906814e-02 1.000000000000000000e+00
-1.738999999999999879e+00 1.000000000000000048e-04 2.802785785938572208e-02 1.000000000000000000e+00
-1.738249999999999851e+00 1.000000000000000048e-04 2.805345514809812896e-02 1.000000000000000000e+00
-1.737499999999999822e+00 1.000000000000000048e-04 2.807907449734852942e-02 1.000000000000000000e+00
-1.736749999999999794e+00 1.000000000000000048e-04 2.810471592116083744e-02 1.000000000000000000e+00
-1.735999999999999766e+00 1.000000000000000048e-04 2.813037943355067502e-02 1.000000000000000000e+00
-1.735249999999999737e+00 1.000000000000000048e-04 2.815606504852521258e-02 1.000000000000000000e+00
-1.734500000000000153e+00 1.000000000000000048e-04 2.818177278008314121e-02 1.000000000000000000e+00
-1.733750000000000124e+00 1.000000000000000048e-04 2.820750264221463799e-02 1.000000000000000000e+00
-1.733000000000000096e+00 1.000000000000000048e-04 2.823325464890119249e-02 1.000000000000000000e+00
-1.732250000000000068e+00 1.000000000000000048e-04 2.825902881411564843e-02 1.000000000000000000e+00
-1.731500000000000039e+00 1.000000000000000048e-04 2.828482515182201978e-02 1.000000000000000000e+00
-1.730750000000000011e+00 1.000000000000000048e-04 2.831064367597548037e-02 1.000000000000000000e+00
-1.729999999999999982e+00 1.000000000000000048e-04 2.833648440052228407e-02 1.000000000000000000e+00
-1.729249999999999954e+00 1.000000000000000048e-04 2.836234733939968500e-02 1.000000000000000000e+00
-1.728499999999999925e+00 1.000000000000000048e-04 2.838823250653587857e-02 1.000000000000000000e+00
-1.727749999999999897e+00 1.000000000000000048e-04 2.841413991584986615e-02 1.000000000000000000e+00
-1.726999999999999869e+00 1.000000000000000048e-04 2.844006958125146894e-02 1.000000000000000000e+00
-1.726249999999999840e+00 1.000000000000000048e-04 2.846602151664116148e-02 1.000000000000000000e+00
-1.725499999999999812e+00 1.000000000000000048e-04 2.849199573591009588e-02 1.000000000000000000e+00
-1.724749999999999783e+00 1.000000000000000048e-04 2.851799225293990409e-02 1.000000000000000000e+00
-1.723999999999999755e+00 1.000000000000000048e-04 2.854401108160275341e-02 1.000000000000000000e+00
-1.723249999999999726e+00 1.000000000000000048e-04 2.857005223576116609e-02 1.000000000000000000e+00
-1.722500000000000142e+00 1.000000000000000048e-04 2.859611572926796033e-02 1.000000000000000000e+00
-1.721750000000000114e+00 1.000000000000000048e-04 2.862220157596626416e-02 1.000000000000000000e+00
-1.721000000000000085e+00 1.000000000000000048e-04 2.864830978968930728e-02 1.000000000000000000e+00
-1.720250000000000057e+00 1.000000000000000048e-04 2.867444038426043840e-02 1.000000000000000000e+00
-1.719500000000000028e+00 1.000000000000000048e-04 2.870059337349298301e-02 1.000000000000000000e+00
-1.718750000000000000e+00 1.000000000000000048e-04 2.872676877119021560e-02 1.000000000000000000e+00
-1.717999999999999972e+00 1.000000000000000048e-04 2.875296659114523826e-02 1.000000000000000000e+00
-1.717249999999999943e+00 1.000000000000000048e-04 2.877918684714096328e-02 1.000000000000000000e+00
-1.716499999999999915e+00 1.000000000000000048e-04 2.880542955294995017e-02 1.000000000000000000e+00
-1.715749999999999886e+00 1.000000000000000048e-04 2.883169472233439862e-02 1.000000000000000000e+00
-1.714999999999999858e+00 1.000000000000000048e-04 2.885798236904603756e-02 1.000000000000000000e+00
-1.714249999999999829e+00 1.000000000000000048e-04 2.888429250682604532e-02 1.000000000000000000e+00
-1.713499999999999801e+00 1.000000000000000048e-04 2.891062514940496986e-02 1.000000000000000000e+00
-1.712749999999999773e+00 1.000000000000000048e-04 2.893698031050266975e-02 1.000000000000000000e+00
-1.711999999999999744e+00 1.000000000000000048e-04 2.896335800382818237e-02 1.000000000000000000e+00
-1.711249999999999716e+00 1.000000000000000048e-04 2.898975824307972390e-02 1.000000000000000000e+00
-1.710500000000000131e+00 1.000000000000000048e-04 2.901618104194448461e-02 1.000000000000000000e+00
-1.709750000000000103e+00 1.000000000000000048e-04 2.904262641409872600e-02 1.000000000000000000e+00
-1.709000000000000075e+00 1.000000000000000048e-04 2.906909437320752757e-02 1.000000000000000000e+00
-1.708250000000000046e+00 1.000000000000000048e-04 2.909558493292477635e-02 1.000000000000000000e+00
-1.707500000000000018e+00 1.000000000000000048e-04 2.912209810689310105e-02 1.000000000000000000e+00
-1.706749999999999989e+00 1.000000000000000048e-04 2.914863390874375404e-02 1.000000000000000000e+00
-1.705999999999999961e+00 1.000000000000000048e-04 2.917519235209658363e-02 1.000000000000000000e+00
-1.705249999999999932e+00 1.000000000000000048e-04 2.920177345055983975e-02 1.000000000000000000e+00
-1.704499999999999904e+00 1.000000000000000048e-04 2.922837721773024686e-02 1.000000000000000000e+00
-1.703749999999999876e+00 1.000000000000000048e-04 2.925500366719276796e-02 1.000000000000000000e+00
-1.702999999999999847e+00 1.000000000000000048e-04 2.928165281252062893e-02 1.000000000000000000e+00
-1.702249999999999819e+00 1.000000000000000048e-04 2.930832466727516933e-02 1.000000000000000000e+00
-1.701499999999999790e+00 1.000000000000000048e-04 2.933501924500579727e-02 1.000000000000000000e+00
-1.700749999999999762e+00 1.000000000000000048e-04 2.936173655924990966e-02 1.000000000000000000e+00
-1.699999999999999734e+00 1.000000000000000048e-04 2.938847662353272910e-02 1.000000000000000000e+00
-1.699250000000000149e+00 1.000000000000000048e-04 2.941523945136732127e-02 1.000000000000000000e+00
-1.698500000000000121e+00 1.000000000000000048e-04 2.944202505625447691e-02 1.000000000000000000e+00
-1.697750000000000092e+00 1.000000000000000048e-04 2.946883345168258353e-02 1.000000000000000000e+00
-1.697000000000000064e+00 1.000000000000000048e-04 2.949566465112756289e-02 1.000000000000000000e+00
-1.696250000000000036e+00 1.000000000000000048e-04 2.952251866805283287e-02 1.000000000000000000e+00
-1.695500000000000007e+00 1.000000000000000048e-04 2.954939551590913052e-02 1.000000000000000000e+00
-1.694749999999999979e+00 1.000000000000000048e-04 2.957629520813447738e-02 1.000000000000000000e+00
-1.693999999999999950e+00 1.000000000000000048e-04 2.960321775815415515e-02 1.000000000000000000e+00
-1.693249999999999922e+00 1.000000000000000048e-04 2.963016317938046290e-02 1.000000000000000000e+00
-1.692499999999999893e+00 1.000000000000000048e-04 2.965713148521275516e-02 1.000000000000000000e+00
-1.691749999999999865e+00 1.000000000000000048e-04 2.968412268903731360e-02 1.000000000000000000e+00
-1.690999999999999837e+00 1.000000000000000048e-04 2.971113680422725681e-02 1.000000000000000000e+00
-1.690249999999999808e+00 1.000000000000000048e-04 2.973817384414246048e-02 1.000000000000000000e+00
-1.689499999999999780e+00 1.000000000000000048e-04 2.976523382212944990e-02 1.000000000000000000e+00
-1.688749999999999751e+00 1.000000000000000048e-04 2.979231675152132358e-02 1.000000000000000000e+00
-1.687999999999999723e+00 1.000000000000000048e-04 2.981942264563769082e-02 1.000000000000000000e+00
-1.687250000000000139e+00 1.000000000000000048e-04 2.984655151778448784e-02 1.000000000000000000e+00
-1.686500000000000110e+00 1.000000000000000048e-04 2.987370338125404368e-02 1.000000000000000000e+00
-1.685750000000000082e+00 1.000000000000000048e-04 2.990087824932481306e-02 1.000000000000000000e+00
-1.685000000000000053e+00 1.000000000000000048e-04 2.992807613526141108e-02 1.000000000000000000e+00
-1.684250000000000025e+00 1.000000000000000048e-04 2.995529705231448833e-02 1.000000000000000000e+00
-1.683499999999999996e+00 1.000000000000000048e-04 2.998254101372059902e-02 1.000000000000000000e+00
-1.682749999999999968e+00 1.000000000000000048e-04 3.000980803270218711e-02 1.000000000000000000e+00
-1.681999999999999940e+00 1.000000000000000048e-04 3.003709812246738511e-02 1.000000000000000000e+00
-1.681249999999999911e+00 1.000000000000000048e-04 3.006441129621006264e-02 1.000000000000000000e+00
-1.680499999999999883e+00 1.000000000000000048e-04 3.009174756710960089e-02 1.000000000000000000e+00
-1.679749999999999854e+00 1.000000000000000048e-04 3.011910694833087876e-02 1.000000000000000000e+00
-1.678999999999999826e+00 1.000000000000000048e-04 3.014648945302413063e-02 1.000000000000000000e+00
-1.678249999999999797e+00 1.000000000000000048e-04 3.017389509432492206e-02 1.000000000000000000e+00
-1.677499999999999769e+00 1.000000000000000048e-04 3.020132388535397283e-02 1.000000000000000000e+00
-1.676749999999999741e+00 1.000000000000000048e-04 3.022877583921709799e-02 1.000000000000000000e+00
-1.675999999999999712e+00 1.000000000000000048e-04 3.025625096900514538e-02 1.000000000000000000e+00
-1.675250000000000128e+00 1.000000000000000048e-04 3.028374928779382219e-02 1.000000000000000000e+00
-1.674500000000000099e+00 1.000000000000000048e-04 3.031127080864374004e-02 1.000000000000000000e+00
-1.673750000000000071e+00 1.000000000000000048e-04 3.033881554460012356e-02 1.000000000000000000e+00
-1.673000000000000043e+00 1.000000000000000048e-04 3.036638350869288669e-02 1.000000000000000000e+00
-1.672250000000000014e+00 1.000000000000000048e-04 3.039397471393643149e-02 1.000000000000000000e+00
-1.671499999999999986e+00 1.000000000000000048e-04 3.042158917332959955e-02 1.000000000000000000e+00
-1.670749999999999957e+00 1.000000000000000048e-04 3.044922689985556791e-02 1.000000000000000000e+00
-1.669999999999999929e+00 1.000000000000000048e-04 3.047688790648174148e-02 1.000000000000000000e+00
-1.669249999999999901e+00 1.000000000000000048e-04 3.050457220615965595e-02 1.000000000000000000e+00
-1.668499999999999872e+00 1.000000000000000048e-04 3.053227981182491182e-02 1.000000000000000000e+00
-1.667749999999999844e+00 1.000000000000000048e-04 3.056001073639702872e-02 1.000000000000000000e+00
-1.666999999999999815e+00 1.000000000000000048e-04 3.058776499277935171e-02 1.000000000000000000e+00
-1.666249999999999787e+00 1.000000000000000048e-04 3.061554259385898882e-02 1.000000000000000000e+00
-1.665499999999999758e+00 1.000000000000000048e-04 3.064334355250670008e-02 1.000000000000000000e+00
-1.664749999999999730e+00 1.000000000000000048e-04 3.067116788157677951e-02 1.000000000000000000e+00
-1.664000000000000146e+00 1.000000000000000048e-04 3.069901559390691981e-02 1.000000000000000000e+00
-1.663250000000000117e+00 1.000000000000000048e-04 3.072688670231825403e-02 1.000000000000000000e+00
-1.662500000000000089e+00 1.000000000000000048e-04 3.075478121961508146e-02 1.000000000000000000e+00
-1.661750000000000060e+00 1.000000000000000048e-04 3.078269915858486069e-02 1.000000000000000000e+00
-1.661000000000000032e+00 1.000000000000000048e-04 3.081064053199810554e-02 1.000000000000000000e+00
-1.660250000000000004e+00 1.000000000000000048e-04 3.083860535260824279e-02 1.000000000000000000e+00
-1.659499999999999975e+00 1.000000000000000048e-04 3.086659363315156016e-02 1.000000000000000000e+00
-1.658749999999999947e+00 1.000000000000000048e-04 3.089460538634706752e-02 1.000000000000000000e+00
-1.657999999999999918e+00 1.000000000000000048e-04 3.092264062489642057e-02 1.000000000000000000e+00
-1.657249999999999890e+00 1.000000000000000048e-04 3.095069936148379247e-02 1.000000000000000000e+00
-1.656499999999999861e+00 1.000000000000000048e-04 3.097878160877579057e-02 1.000000000000000000e+00
-1.655749999999999833e+00 1.000000000000000048e-04 3.100688737942132803e-02 1.000000000000000000e+00
-1.654999999999999805e+00 1.000000000000000048e-04 3.103501668605156485e-02 1.000000000000000000e+00
-1.654249999999999776e+00 1.000000000000000048e-04 3.106316954127973096e-02 1.000000000000000000e+00
-1.653499999999999748e+00 1.000000000000000048e-04 3.109134595770114348e-02 1.000000000000000000e+00
-1.652749999999999719e+00 1.000000000000000048e-04 3.111954594789292927e-02 1.000000000000000000e+00
-1.652000000000000135e+00 1.000000000000000048e-04 3.114776952441407343e-02 1.000000000000000000e+00
-1.651250000000000107e+00 1.000000000000000048e-04 3.117601669980525972e-02 1.000000000000000000e+00
-1.650500000000000078e+00 1.000000000000000048e-04 3.120428748658874915e-02 1.000000000000000000e+00
-1.649750000000000050e+00 1.000000000000000048e-04 3.123258189726824813e-02 1.000000000000000000e+00
-1.649000000000000021e+00 1.000000000000000048e-04 3.126089994432890151e-02 1.000000000000000000e+00
-1.648249999999999993e+00 1.000000000000000048e-04 3.128924164023708793e-02 1.000000000000000000e+00
-1.647499999999999964e+00 1.000000000000000048e-04 3.131760699744032955e-02 1.000000000000000000e+00
-1.646749999999999936e+00 1.000000000000000048e-04 3.134599602836723314e-02 1.000000000000000000e+00
-1.645999999999999908e+00 1.000000000000000048e-04 3.137440874542733737e-02 1.000000000000000000e+00
-1.645249999999999879e+00 1.000000000000000048e-04 3.140284516101100876e-02 1.000000000000000000e+00
-1.644499999999999851e+00 1.000000000000000048e-04 3.143130528748938612e-02 1.000000000000000000e+00
-1.643749999999999822e+00 1.000000000000000048e-04 3.145978913721415859e-02 1.000000000000000000e+00
-1.642999999999999794e+00 1.000000000000000048e-04 3.148829672251757944e-02 1.000000000000000000e+00
-1.642249999999999766e+00 1.000000000000000048e-04 3.151682805571228568e-02 1.000000000000000000e+00
-1.641499999999999737e+00 1.000000000000000048e-04 3.154538314909115931e-02 1.000000000000000000e+00
-1.640749999999999709e+00 1.000000000000000048e-04 3.157396201492734811e-02 1.000000000000000000e+00
-1.640000000000000124e+00 1.000000000000000048e-04 3.160256466547398807e-02 1.000000000000000000e+00
-1.639250000000000096e+00 1.000000000000000048e-04 3.163119111296424507e-02 1.000000000000000000e+00
-1.638500000000000068e+00 1.000000000000000048e-04 3.165984136961104423e-02 1.000000000000000000e+00
-1.637750000000000039e+00 1.000000000000000048e-04 3.168851544760713235e-02 1.000000000000000000e+00
-1.637000000000000011e+00 1.000000000000000048e-04 3.171721335912479345e-02 1.000000000000000000e+00
-1.636249999999999982e+00 1.000000000000000048e-04 3.174593511631590426e-02 1.000000000000000000e+00
-1.635499999999999954e+00 1.000000000000000048e-04 3.177468073131164972e-02 1.000000000000000000e+00
-1.634749999999999925e+00 1.000000000000000048e-04 3.180345021622256463e-02 1.000000000000000000e+00
-1.633999999999999897e+00 1.000000000000000048e-04 3.183224358313830465e-02 1.000000000000000000e+00
-1.633249999999999869e+00 1.000000000000000048e-04 3.186106084412762551e-02 1.000000000000000000e+00
-1.632499999999999840e+00 1.000000000000000048e-04 3.188990201123818174e-02 1.000000000000000000e+00
-1.631749999999999812e+00 1.000000000000000048e-04 3.191876709649647814e-02 1.000000000000000000e+00
-1.630999999999999783e+00 1.000000000000000048e-04 3.194765611190771709e-02 1.000000000000000000e+00
-1.630249999999999755e+00 1.000000000000000048e-04 3.197656906945567368e-02 1.000000000000000000e+00
-1.629499999999999726e+00 1.000000000000000048e-04 3.200550598110264711e-02 1.000000000000000000e+00
-1.628750000000000142e+00 1.000000000000000048e-04 3.203446685878923172e-02 1.000000000000000000e+00
-1.628000000000000114e+00 1.000000000000000048e-04 3.206345171443434477e-02 1.000000000000000000e+00
-1.627250000000000085e+00 1.000000000000000048e-04 3.209246055993499047e-02 1.000000000000000000e+00
-1.626500000000000057e+00 1.000000000000000048e-04 3.212149340716617674e-02 1.000000000000000000e+00
-1.625750000000000028e+00 1.000000000000000048e-04 3.215055026798080418e-02 1.000000000000000000e+00
-1.625000000000000000e+00 1.000000000000000048e-04 3.217963115420956199e-02 1.000000000000000000e+00
-1.624249999999999972e+00 1.000000000000000048e-04 3.220873607766076147e-02 1.000000000000000000e+00
-1.623499999999999943e+00 1.000000000000000048e-04 3.223786505012028736e-02 1.000000000000000000e+00
-1.622749999999999915e+00 1.000000000000000048e-04 3.226701808335143140e-02 1.000000000000000000e+00
-1.621999999999999886e+00 1.000000000000000048e-04 3.229619518909477432e-02 1.000000000000000000e+00
-1.621249999999999858e+00 1.000000000000000048e-04 3.232539637906805402e-02 1.000000000000000000e+00
-1.620499999999999829e+00 1.000000000000000048e-04 3.235462166496612391e-02 1.000000000000000000e+00
-1.619749999999999801e+00 1.000000000000000048e-04 3.238387105846068231e-02 1.000000000000000000e+00
-1.618999999999999773e+00 1.000000000000000048e-04 3.241314457120033493e-02 1.000000000000000000e+00
-1.618249999999999744e+00 1.000000000000000048e-04 3.244244221481031032e-02 1.000000000000000000e+00
-1.617499999999999716e+00 1.000000000000000048e-04 3.247176400089243908e-02 1.000000000000000000e+00
-1.616750000000000131e+00 1.000000000000000048e-04 3.250110994102497347e-02 1.000000000000000000e+00
-1.616000000000000103e+00 1.000000000000000048e-04 3.253048004676255267e-02 1.000000000000000000e+00
-1.615250000000000075e+00 1.000000000000000048e-04 3.255987432963593914e-02 1.000000000000000000e+00
-1.614500000000000046e+00 1.000000000000000048e-04 3.258929280115200472e-02 1.000000000000000000e+00
-1.613750000000000018e+00 1.000000000000000048e-04 3.261873547279358493e-02 1.000000000000000000e+00
-1.612999999999999989e+00 1.000000000000000048e-04 3.264820235601933324e-02 1.000000000000000000e+00
-1.612249999999999961e+00 1.000000000000000048e-04 3.267769346226359617e-02 1.000000000000000000e+00
-1.611499999999999932e+00 1.000000000000000048e-04 3.270720880293633004e-02 1.000000000000000000e+00
-1.610749999999999904e+00 1.000000000000000048e-04 3.273674838942289972e-02 1.000000000000000000e+00
-1.609999999999999876e+00 1.000000000000000048e-04 3.276631223308403007e-02 1.000000000000000000e+00
-1.609249999999999847e+00 1.000000000000000048e-04 3.279590034525564635e-02 1.000000000000000000e+00
-1.608499999999999819e+00 1.000000000000000048e-04 3.282551273724872848e-02 1.000000000000000000e+00
-1.607749999999999790e+00 1.000000000000000048e-04 3.285514942034920699e-02 1.000000000000000000e+00
-1.606999999999999762e+00 1.000000000000000048e-04 3.288481040581785891e-02 1.000000000000000000e+00
-1.606249999999999734e+00 1.000000000000000048e-04 3.291449570489010656e-02 1.000000000000000000e+00
-1.605500000000000149e+00 1.000000000000000048e-04 3.294420532877593427e-02 1.000000000000000000e+00
-1.604750000000000121e+00 1.000000000000000048e-04 3.297393928865985369e-02 1.000000000000000000e+00
-1.604000000000000092e+00 1.000000000000000048e-04 3.300369759570056377e-02 1.000000000000000000e+00
-1.603250000000000064e+00 1.000000000000000048e-04 3.303348026103095775e-02 1.000000000000000000e+00
-1.602500000000000036e+00 1.000000000000000048e-04 3.306328729575803982e-02 1.000000000000000000e+00
-1.601750000000000007e+00 1.000000000000000048e-04 3.309311871096266844e-02 1.000000000000000000e+00
-1.600999999999999979e+00 1.000000000000000048e-04 3.312297451769950773e-02 1.000000000000000000e+00
-1.600249999999999950e+00 1.000000000000000048e-04 3.315285472699685404e-02 1.000000000000000000e+00
-1.599499999999999922e+00 1.000000000000000048e-04 3.318275934985653874e-02 1.000000000000000000e+00
-1.598749999999999893e+00 1.000000000000000048e-04 3.321268839725379646e-02 1.000000000000000000e+00
-1.597999999999999865e+00 1.000000000000000048e-04 3.324264188013705684e-02 1.000000000000000000e+00
-1.597249999999999837e+00 1.000000000000000048e-04 3.327261980942795155e-02 1.000000000000000000e+00
-1.596499999999999808e+00 1.000000000000000048e-04 3.330262219602102974e-02 1.000000000000000000e+00
-1.595749999999999780e+00 1.000000000000000048e-04 3.333264905078373724e-02 1.000000000000000000e+00
-1.594999999999999751e+00 1.000000000000000048e-04 3.336270038455624309e-02 1.000000000000000000e+00
-1.594249999999999723e+00 1.000000000000000048e-04 3.339277620815125913e-02 1.000000000000000000e+00
-1.593500000000000139e+00 1.000000000000000048e-04 3.342287653235397754e-02 1.000000000000000000e+00
-1.592750000000000110e+00 1.000000000000000048e-04 3.345300136792193901e-02 1.000000000000000000e+00
-1.592000000000000082e+00 1.000000000000000048e-04 3.348315072558478295e-02 1.000000000000000000e+00
-1.591250000000000053e+00 1.000000000000000048e-04 3.351332461604425439e-02 1.000000000000000000e+00
-1.590500000000000025e+00 1.000000000000000048e-04 3.354352304997399586e-02 1.000000000000000000e+00
-1.589749999999999996e+00 1.000000000000000048e-04 3.357374603801936697e-02 1.000000000000000000e+00
-1.588999999999999968e+00 1.000000000000000048e-04 3.360399359079744436e-02 1.000000000000000000e+00
-1.588249999999999940e+00 1.000000000000000048e-04 3.363426571889669564e-02 1.000000000000000000e+00
-1.587499999999999911e+00 1.000000000000000048e-04 3.366456243287706263e-02 1.000000000000000000e+00
-1.586749999999999883e+00 1.000000000000000048e-04 3.369488374326957275e-02 1.000000000000000000e+00
-1.585999999999999854e+00 1.000000000000000048e-04 3.372522966057642929e-02 1.000000000000000000e+00
-1.585249999999999826e+00 1.000000000000000048e-04 3.375560019527071992e-02 1.000000000000000000e+00
-1.584499999999999797e+00 1.000000000000000048e-04 3.378599535779631957e-02 1.000000000000000000e+00
-1.583749999999999769e+00 1.000000000000000048e-04 3.381641515856783492e-02 1.000000000000000000e+00
-1.582999999999999741e+00 1.000000000000000048e-04 3.384685960797026438e-02 1.000000000000000000e+00
-1.582249999999999712e+00 1.000000000000000048e-04 3.387732871635908832e-02 1.000000000000000000e+00
-1.581500000000000128e+00 1.000000000000000048e-04 3.390782249405993598e-02 1.000000000000000000e+00
-1.580750000000000099e+00 1.000000000000000048e-04 3.393834095136859935e-02 1.000000000000000000e+00
-1.580000000000000071e+00 1.000000000000000048e-04 3.396888409855076257e-02 1.000000000000000000e+00
-1.579250000000000043e+00 1.000000000000000048e-04 3.399945194584192559e-02 1.000000000000000000e+00
-1.578500000000000014e+00 1.000000000000000048e-04 3.403004450344722376e-02 1.000000000000000000e+00
-1.577749999999999986e+00 1.000000000000000048e-04 3.406066178154133761e-02 1.000000000000000000e+00
-1.576999999999999957e+00 1.000000000000000048e-04 3.409130379026829860e-02 1.000000000000000000e+00
-1.576249999999999929e+00 1.000000000000000048e-04 3.412197053974135724e-02 1.000000000000000000e+00
-1.575499999999999901e+00 1.000000000000000048e-04 3.415266204004286515e-02 1.000000000000000000e+00
-1.574749999999999872e+00 1.000000000000000048e-04 3.418337830122408078e-02 1.000000000000000000e+00
-1.573999999999999844e+00 1.000000000000000048e-04 3.421411933330504446e-02 1.000000000000000000e+00
-1.573249999999999815e+00 1.000000000000000048e-04 3.424488514627445357e-02 1.000000000000000000e+00
-1.572499999999999787e+00 1.000000000000000048e-04 3.427567575008948209e-02 1.000000000000000000e+00
-1.571749999999999758e+00 1.000000000000000048e-04 3.430649115467564875e-02 1.000000000000000000e+00
-1.570999999999999730e+00 1.000000000000000048e-04 3.433733136992667134e-02 1.000000000000000000e+00
-1.570250000000000146e+00 1.000000000000000048e-04 3.436819640570428630e-02 1.000000000000000000e+00
-1.569500000000000117e+00 1.000000000000000048e-04 3.439908627183819317e-02 1.000000000000000000e+00
-1.568750000000000089e+00 1.000000000000000048e-04 3.443000097812574933e-02 1.000000000000000000e+00
-1.568000000000000060e+00 1.000000000000000048e-04 3.446094053433198384e-02 1.000000000000000000e+00
-1.567250000000000032e+00 1.000000000000000048e-04 3.449190495018930602e-02 1.000000000000000000e+00
-1.566500000000000004e+00 1.000000000000000048e-04 3.452289423539747076e-02 1.000000000000000000e+00
-1.565749999999999975e+00 1.000000000000000048e-04 3.455390839962334953e-02 1.000000000000000000e+00
-1.564999999999999947e+00 1.000000000000000048e-04 3.458494745250079161e-02 1.000000000000000000e+00
-1.564249999999999918e+00 1.000000000000000048e-04 3.461601140363053386e-02 1.000000000000000000e+00
-1.563499999999999890e+00 1.000000000000000048e-04 3.464710026257993014e-02 1.000000000000000000e+00
-1.562749999999999861e+00 1.000000000000000048e-04 3.467821403888290965e-02 1.000000000000000000e+00
-1.561999999999999833e+00 1.000000000000000048e-04 3.470935274203977572e-02 1.000000000000000000e+00
-1.561249999999999805e+00 1.000000000000000048e-04 3.474051638151703925e-02 1.000000000000000000e+00
-1.560499999999999776e+00 1.000000000000000048e-04 3.477170496674728689e-02 1.000000000000000000e+00
-1.559749999999999748e+00 1.000000000000000048e-04 3.480291850712904228e-02 1.000000000000000000e+00
-1.558999999999999719e+00 1.000000000000000048e-04 3.483415701202653009e-02 1.000000000000000000e+00
-1.558250000000000135e+00 1.000000000000000048e-04 3.486542049076958583e-02 1.000000000000000000e+00
-1.557500000000000107e+00 1.000000000000000048e-04 3.489670895265355871e-02 1.000000000000000000e+00
-1.556750000000000078e+00 1.000000000000000048e-04 3.492802240693899940e-02 1.000000000000000000e+00
-1.556000000000000050e+00 1.000000000000000048e-04 3.495936086285165306e-02 1.000000000000000000e+00
-1.555250000000000021e+00 1.000000000000000048e-04 3.499072432958217488e-02 1.000000000000000000e+00
-1.554499999999999993e+00 1.000000000000000048e-04 3.502211281628604678e-02 1.000000000000000000e+00
-1.553749999999999964e+00 1.000000000000000048e-04 3.505352633208342478e-02 1.000000000000000000e+00
-1.552999999999999936e+00 1.000000000000000048e-04 3.508496488605895164e-02 1.000000000000000000e+00
-1.552249999999999908e+00 1.000000000000000048e-04 3.511642848726158339e-02 1.000000000000000000e+00
-1.551499999999999879e+00 1.000000000000000048e-04 3.514791714470445749e-02 1.000000000000000000e+00
-1.550749999999999851e+00 1.000000000000000048e-04 3.517943086736474712e-02 1.000000000000000000e+00
-1.549999999999999822e+00 1.000000000000000048e-04 3.521096966418343910e-02 1.000000000000000000e+00
-1.549249999999999794e+00 1.000000000000000048e-04 3.524253354406519517e-02 1.000000000000000000e+00
-1.548499999999999766e+00 1.000000000000000048e-04 3.527412251587824787e-02 1.000000000000000000e+00
-1.547749999999999737e+00 1.000000000000000048e-04 3.530573658845412993e-02 1.000000000000000000e+00
-1.546999999999999709e+00 1.000000000000000048e-04 3.533737577058763957e-02 1.000000000000000000e+00
-1.546250000000000124e+00 1.000000000000000048e-04 3.536904007103652825e-02 1.000000000000000000e+00
-1.545500000000000096e+00 1.000000000000000048e-04 3.540072949852147988e-02 1.000000000000000000e+00
-1.544750000000000068e+00 1.000000000000000048e-04 3.543244406172587485e-02 1.000000000000000000e+00
-1.544000000000000039e+00 1.000000000000000048e-04 3.546418376929560273e-02 1.000000000000000000e+00
-1.543250000000000011e+00 1.000000000000000048e-04 3.549594862983891652e-02 1.000000000000000000e+00
-1.542499999999999982e+00 1.000000000000000048e-04 3.552773865192630776e-02 1.000000000000000000e+00
-1.541749999999999954e+00 1.000000000000000048e-04 3.555955384409026365e-02 1.000000000000000000e+00
-1.540999999999999925e+00 1.000000000000000048e-04 3.559139421482519078e-02 1.000000000000000000e+00
-1.540249999999999897e+00 1.000000000000000048e-04 3.562325977258715137e-02 1.000000000000000000e+00
-1.539499999999999869e+00 1.000000000000000048e-04 3.565515052579373845e-02 1.000000000000000000e+00
-1.538749999999999840e+00 1.000000000000000048e-04 3.568706648282394395e-02 1.000000000000000000e+00
-1.537999999999999812e+00 1.000000000000000048e-04 3.571900765201792283e-02 1.000000000000000000e+00
-1.537249999999999783e+00 1.000000000000000048e-04 3.575097404167687509e-02 1.000000000000000000e+00
-1.536499999999999755e+00 1.000000000000000048e-04 3.578296566006282375e-02 1.000000000000000000e+00
-1.535749999999999726e+00 1.000000000000000048e-04 3.581498251539848299e-02 1.000000000000000000e+00
-1.535000000000000142e+00 1.000000000000000048e-04 3.584702461586707772e-02 1.000000000000000000e+00
-1.534250000000000114e+00 1.000000000000000048e-04 3.587909196961217712e-02 1.000000000000000000e+00
-1.533500000000000085e+00 1.000000000000000048e-04 3.591118458473750719e-02 1.000000000000000000e+00
-1.532750000000000057e+00 1.000000000000000048e-04 3.594330246930678430e-02 1.000000000000000000e+00
-1.532000000000000028e+00 1.000000000000000048e-04 3.597544563134351392e-02 1.000000000000000000e+00
-1.531250000000000000e+00 1.000000000000000048e-04 3.600761407883090737e-02 1.000000000000000000e+00
-1.530499999999999972e+00 1.000000000000000048e-04 3.603980781971154179e-02 1.000000000000000000e+00
-1.529749999999999943e+00 1.000000000000000048e-04 3.607202686188738794e-02 1.000000000000000000e+00
-1.528999999999999915e+00 1.000000000000000048e-04 3.610427121321944932e-02 1.000000000000000000e+00
-1.528249999999999886e+00 1.000000000000000048e-04 3.613654088152774141e-02 1.000000000000000000e+00
-1.527499999999999858e+00 1.000000000000000048e-04 3.616883587459097937e-02 1.000000000000000000e+00
-1.526749999999999829e+00 1.000000000000000048e-04 3.620115620014649482e-02 1.000000000000000000e+00
-1.525999999999999801e+00 1.000000000000000048e-04 3.623350186588999294e-02 1.000000000000000000e+00
-1.525249999999999773e+00 1.000000000000000048e-04 3.626587287947545535e-02 1.000000000000000000e+00
-1.524499999999999744e+00 1.000000000000000048e-04 3.629826924851484865e-02 1.000000000000000000e+00
-1.523749999999999716e+00 1.000000000000000048e-04 3.633069098057805507e-02 1.000000000000000000e+00
-1.523000000000000131e+00 1.000000000000000048e-04 3.636313808319262264e-02 1.000000000000000000e+00
-1.522250000000000103e+00 1.000000000000000048e-04 3.639561056384361948e-02 1.000000000000000000e+00
-1.521500000000000075e+00 1.000000000000000048e-04 3.642810842997340481e-02 1.000000000000000000e+00
-1.520750000000000046e+00 1.000000000000000048e-04 3.646063168898154572e-02 1.000000000000000000e+00
-1.520000000000000018e+00 1.000000000000000048e-04 3.649318034822446322e-02 1.000000000000000000e+00
-1.519249999999999989e+00 1.000000000000000048e-04 3.652575441501546005e-02 1.000000000000000000e+00
-1.518499999999999961e+00 1.000000000000000048e-04 3.655835389662439455e-02 1.000000000000000000e+00
-1.517749999999999932e+00 1.000000000000000048e-04 3.659097880027750715e-02 1.000000000000000000e+00
-1.516999999999999904e+00 1.000000000000000048e-04 3.662362913315727470e-02 1.000000000000000000e+00
-1.516249999999999876e+00 1.000000000000000048e-04 3.665630490240224387e-02 1.000000000000000000e+00
-1.515499999999999847e+00 1.000000000000000048e-04 3.668900611510678839e-02 1.000000000000000000e+00
-1.514749999999999819e+00 1.000000000000000048e-04 3.672173277832094240e-02 1.000000000000000000e+00
-1.513999999999999790e+00 1.000000000000000048e-04 3.675448489905021321e-02 1.000000000000000000e+00
-1.513249999999999762e+00 1.000000000000000048e-04 3.678726248425547712e-02 1.000000000000000000e+00
-1.512499999999999734e+00 1.000000000000000048e-04 3.682006554085258399e-02 1.000000000000000000e+00
-1.511750000000000149e+00 1.000000000000000048e-04 3.685289407571237796e-02 1.000000000000000000e+00
-1.511000000000000121e+00 1.000000000000000048e-04 3.688574809566047552e-02 1.000000000000000000e+00
-1.510250000000000092e+00 1.000000000000000048e-04 3.691862760747693234e-02 1.000000000000000000e+00
-1.509500000000000064e+00 1.000000000000000048e-04 3.695153261789618782e-02 1.000000000000000000e+00
-1.508750000000000036e+00 1.000000000000000048e-04 3.698446313360684995e-02 1.000000000000000000e+00
-1.508000000000000007e+00 1.000000000000000048e-04 3.701741916125149412e-02 1.000000000000000000e+00
-1.507249999999999979e+00 1.000000000000000048e-04 3.705040070742642022e-02 1.000000000000000000e+00
-1.506499999999999950e+00 1.000000000000000048e-04 3.708340777868157634e-02 1.000000000000000000e+00
-1.505749999999999922e+00 1.000000000000000048e-04 3.711644038152023956e-02 1.000000000000000000e+00
-1.504999999999999893e+00 1.000000000000000048e-04 3.714949852239889799e-02 1.000000000000000000e+00
-1.504249999999999865e+00 1.000000000000000048e-04 3.718258220772704264e-02 1.000000000000000000e+00
-1.503499999999999837e+00 1.000000000000000048e-04 3.721569144386696615e-02 1.000000000000000000e+00
-1.502749999999999808e+00 1.000000000000000048e-04 3.724882623713356156e-02 1.000000000000000000e+00
-1.501999999999999780e+00 1.000000000000000048e-04 3.728198659379415580e-02 1.000000000000000000e+00
-1.501249999999999751e+00 1.000000000000000048e-04 3.731517252006825297e-02 1.000000000000000000e+00
-1.500499999999999723e+00 1.000000000000000048e-04 3.734838402212740244e-02 1.000000000000000000e+00
-1.499750000000000139e+00 1.000000000000000048e-04 3.738162110609493521e-02 1.000000000000000000e+00
-1.499000000000000110e+00 1.000000000000000048e-04 3.741488377804588067e-02 1.000000000000000000e+00
-1.498250000000000082e+00 1.000000000000000048e-04 3.744817204400661265e-02 1.000000000000000000e+00
-1.497500000000000053e+00 1.000000000000000048e-04 3.748148590995477314e-02 1.000000000000000000e+00
-1.496750000000000025e+00 1.000000000000000048e-04 3.751482538181898779e-02 1.000000000000000000e+00
-1.495999999999999996e+00 1.000000000000000048e-04 3.754819046547873407e-02 1.000000000000000000e+00
-1.495249999999999968e+00 1.000000000000000048e-04 3.758158116676411226e-02 1.000000000000000000e+00
-1.494499999999999940e+00 1.000000000000000048e-04 3.761499749145561650e-02 1.000000000000000000e+00
-1.493749999999999911e+00 1.000000000000000048e-04 3.764843944528398906e-02 1.000000000000000000e+00
-1.492999999999999883e+00 1.000000000000000048e-04 3.768190703392993585e-02 1.000000000000000000e+00
-1.492249999999999854e+00 1.000000000000000048e-04 3.771540026302400844e-02 1.000000000000000000e+00
-1.491499999999999826e+00 1.000000000000000048e-04 3.774891913814636818e-02 1.000000000000000000e+00
-1.490749999999999797e+00 1.000000000000000048e-04 3.778246366482655716e-02 1.000000000000000000e+00
-1.489999999999999769e+00 1.000000000000000048e-04 3.781603384854331784e-02 1.000000000000000000e+00
-1.489249999999999741e+00 1.000000000000000048e-04 3.784962969472437100e-02 1.000000000000000000e+00
-1.488499999999999712e+00 1.000000000000000048e-04 3.788325120874622837e-02 1.000000000000000000e+00
-1.487750000000000128e+00 1.000000000000000048e-04 3.791689839593394978e-02 1.000000000000000000e+00
-1.487000000000000099e+00 1.000000000000000048e-04 3.795057126156103910e-02 1.000000000000000000e+00
-1.486250000000000071e+00 1.000000000000000048e-04 3.798426981084906950e-02 1.000000000000000000e+00
-1.485500000000000043e+00 1.000000000000000048e-04 3.801799404896758633e-02 1.000000000000000000e+00
-1.484750000000000014e+00 1.000000000000000048e-04 3.805174398103388506e-02 1.000000000000000000e+00
-1.483999999999999986e+00 1.000000000000000048e-04 3.808551961211279618e-02 1.000000000000000000e+00
-1.483249999999999957e+00 1.000000000000000048e-04 3.811932094721642156e-02 1.000000000000000000e+00
-1.482499999999999929e+00 1.000000000000000048e-04 3.815314799130404416e-02 1.000000000000000000e+00
-1.481749999999999901e+00 1.000000000000000048e-04 3.818700074928176036e-02 1.000000000000000000e+00
-1.480999999999999872e+00 1.000000000000000048e-04 3.822087922600237581e-02 1.000000000000000000e+00
-1.480249999999999844e+00 1.000000000000000048e-04 3.825478342626516953e-02 1.000000000000000000e+00
-1.479499999999999815e+00 1.000000000000000048e-04 3.828871335481569271e-02 1.000000000000000000e+00
-1.478749999999999787e+00 1.000000000000000048e-04 3.832266901634548417e-02 1.000000000000000000e+00
-1.477999999999999758e+00 1.000000000000000048e-04 3.835665041549192467e-02 1.000000000000000000e+00
-1.477249999999999730e+00 1.000000000000000048e-04 3.839065755683801484e-02 1.000000000000000000e+00
-1.476500000000000146e+00 1.000000000000000048e-04 3.842469044491211849e-02 1.000000000000000000e+00
-1.475750000000000117e+00 1.000000000000000048e-04 3.845874908418780991e-02 1.000000000000000000e+00
-1.475000000000000089e+00 1.000000000000000048e-04 3.849283347908356162e-02 1.000000000000000000e+00
-1.474250000000000060e+00 1.000000000000000048e-04 3.852694363396263338e-02 1.000000000000000000e+00
-1.473500000000000032e+00 1.000000000000000048e-04 3.856107955313274605e-02 1.000000000000000000e+00
-1.472750000000000004e+00 1.000000000000000048e-04 3.859524124084598440e-02 1.000000000000000000e+00
-1.471999999999999975e+00 1.000000000000000048e-04 3.862942870129845718e-02 1.000000000000000000e+00
-1.471249999999999947e+00 1.000000000000000048e-04 3.866364193863012361e-02 1.000000000000000000e+00
-1.470499999999999918e+00 1.000000000000000048e-04 3.869788095692459906e-02 1.000000000000000000e+00
-1.469749999999999890e+00 1.000000000000000048e-04 3.873214576020889144e-02 1.000000000000000000e+00
-1.468999999999999861e+00 1.000000000000000048e-04 3.876643635245321379e-02 1.000000000000000000e+00
-1.468249999999999833e+00 1.000000000000000048e-04 3.880075273757073451e-02 1.000000000000000000e+00
-1.467499999999999805e+00 1.000000000000000048e-04 3.883509491941733449e-02 1.000000000000000000e+00
-1.466749999999999776e+00 1.000000000000000048e-04 3.886946290179144059e-02 1.000000000000000000e+00
-1.465999999999999748e+00 1.000000000000000048e-04 3.890385668843380357e-02 1.000000000000000000e+00
-1.465249999999999719e+00 1.000000000000000048e-04 3.893827628302709565e-02 1.000000000000000000e+00
-1.464500000000000135e+00 1.000000000000000048e-04 3.897272168919595214e-02 1.000000000000000000e+00
-1.463750000000000107e+00 1.000000000000000048e-04 3.900719291050661758e-02 1.000000000000000000e+00
-1.463000000000000078e+00 1.000000000000000048e-04 3.904168995046661955e-02 1.000000000000000000e+00
-1.462250000000000050e+00 1.000000000000000048e-04 3.907621281252474099e-02 1.000000000000000000e+00
-1.461500000000000021e+00 1.000000000000000048e-04 3.911076150007058300e-02 1.000000000000000000e+00
-1.460749999999999993e+00 1.000000000000000048e-04 3.914533601643450933e-02 1.000000000000000000e+00
-1.459999999999999964e+00 1.000000000000000048e-04 3.917993636488731335e-02 1.000000000000000000e+00
-1.459249999999999936e+00 1.000000000000000048e-04 3.921456254864003066e-02 1.000000000000000000e+00
-1.458499999999999908e+00 1.000000000000000048e-04 3.924921457084365461e-02 1.000000000000000000e+00
-1.457749999999999879e+00 1.000000000000000048e-04 3.928389243458894897e-02 1.000000000000000000e+00
-1.456999999999999851e+00 1.000000000000000048e-04 3.931859614290625360e-02 1.000000000000000000e+00
-1.456249999999999822e+00 1.000000000000000048e-04 3.935332569876515141e-02 1.000000000000000000e+00
-1.455499999999999794e+00 1.000000000000000048e-04 3.938808110507430182e-02 1.000000000000000000e+00
-1.454749999999999766e+00 1.000000000000000048e-04 3.942286236468117711e-02 1.000000000000000000e+00
-1.453999999999999737e+00 1.000000000000000048e-04 3.945766948037182642e-02 1.000000000000000000e+00
-1.453249999999999709e+00 1.000000000000000048e-04 3.949250245487070238e-02 1.000000000000000000e+00
-1.452500000000000124e+00 1.000000000000000048e-04 3.952736129084027245e-02 1.000000000000000000e+00
-1.451750000000000096e+00 1.000000000000000048e-04 3.956224599088099120e-02 1.000000000000000000e+00
-1.451000000000000068e+00 1.000000000000000048e-04 3.959715655753082847e-02 1.000000000000000000e+00
-1.450250000000000039e+00 1.000000000000000048e-04 3.963209299326526242e-02 1.000000000000000000e+00
-1.449500000000000011e+00 1.000000000000000048e-04 3.966705530049682155e-02 1.000000000000000000e+00
-1.448749999999999982e+00 1.000000000000000048e-04 3.970204348157502228e-02 1.000000000000000000e+00
-1.447999999999999954e+00 1.000000000000000048e-04 3.973705753878600810e-02 1.000000000000000000e+00
-1.447249999999999925e+00 1.000000000000000048e-04 3.977209747435235532e-02 1.000000000000000000e+00
-1.446499999999999897e+00 1.000000000000000048e-04 3.980716329043284402e-02 1.000000000000000000e+00
-1.445749999999999869e+00 1.000000000000000048e-04 3.984225498912218749e-02 1.000000000000000000e+00
-1.444999999999999840e+00 1.000000000000000048e-04 3.987737257245077549e-02 1.000000000000000000e+00
-1.444249999999999812e+00 1.000000000000000048e-04 3.991251604238445910e-02 1.000000000000000000e+00
-1.443499999999999783e+00 1.000000000000000048e-04 3.994768540082428709e-02 1.000000000000000000e+00
-1.442749999999999755e+00 1.000000000000000048e-04 3.998288064960631161e-02 1.000000000000000000e+00
-1.441999999999999726e+00 1.000000000000000048e-04 4.001810179050123428e-02 1.000000000000000000e+00
-1.441250000000000142e+00 1.000000000000000048e-04 4.005334882521422585e-02 1.000000000000000000e+00
-1.440500000000000114e+00 1.000000000000000048e-04 4.008862175538470407e-02 1.000000000000000000e+00
-1.439750000000000085e+00 1.000000000000000048e-04 4.012392058258604233e-02 1.000000000000000000e+00
-1.439000000000000057e+00 1.000000000000000048e-04 4.015924530832530592e-02 1.000000000000000000e+00
-1.438250000000000028e+00 1.000000000000000048e-04 4.019459593404301617e-02 1.000000000000000000e+00
-1.437500000000000000e+00 1.000000000000000048e-04 4.022997246111294917e-02 1.000000000000000000e+00
-1.436749999999999972e+00 1.000000000000000048e-04 4.026537489084175414e-02 1.000000000000000000e+00
-1.435999999999999943e+00 1.000000000000000048e-04 4.030080322446891183e-02 1.000000000000000000e+00
-1.435249999999999915e+00 1.000000000000000048e-04 4.033625746316622102e-02 1.000000000000000000e+00
-1.434499999999999886e+00 1.000000000000000048e-04 4.037173760803777073e-02 1.000000000000000000e+00
-1.433749999999999858e+00 1.000000000000000048e-04 4.040724366011954477e-02 1.000000000000000000e+00
-1.432999999999999829e+00 1.000000000000000048e-04 4.044277562037921353e-02 1.000000000000000000e+00
-1.432249999999999801e+00 1.000000000000000048e-04 4.047833348971590500e-02 1.000000000000000000e+00
-1.431499999999999773e+00 1.000000000000000048e-04 4.051391726895987866e-02 1.000000000000000000e+00
-1.430749999999999744e+00 1.000000000000000048e-04 4.054952695887233810e-02 1.000000000000000000e+00
-1.429999999999999716e+00 1.000000000000000048e-04 4.058516256014510493e-02 1.000000000000000000e+00
-1.429250000000000131e+00 1.000000000000000048e-04 4.062082407340041057e-02 1.000000000000000000e+00
-1.428500000000000103e+00 1.000000000000000048e-04 4.065651149919066731e-02 1.000000000000000000e+00
-1.427750000000000075e+00 1.000000000000000048e-04 4.069222483799806583e-02 1.000000000000000000e+00
-1.427000000000000046e+00 1.000000000000000048e-04 4.072796409023449193e-02 1.000000000000000000e+00
-1.426250000000000018e+00 1.000000000000000048e-04 4.076372925624110327e-02 1.000000000000000000e+00
-1.425499999999999989e+00 1.000000000000000048e-04 4.079952033628820446e-02 1.000000000000000000e+00
-1.424749999999999961e+00 1.000000000000000048e-04 4.083533733057488624e-02 1.000000000000000000e+00
-1.423999999999999932e+00 1.000000000000000048e-04 4.087118023922881038e-02 1.000000000000000000e+00
-1.423249999999999904e+00 1.000000000000000048e-04 4.090704906230589050e-02 1.000000000000000000e+00
-1.422499999999999876e+00 1.000000000000000048e-04 4.094294379979011855e-02 1.000000000000000000e+00
-1.421749999999999847e+00 1.000000000000000048e-04 4.097886445159319019e-02 1.000000000000000000e+00
-1.420999999999999819e+00 1.000000000000000048e-04 4.101481101755432429e-02 1.000000000000000000e+00
-1.420249999999999790e+00 1.000000000000000048e-04 4.105078349743992994e-02 1.000000000000000000e+00
-1.419499999999999762e+00 1.000000000000000048e-04 4.108678189094338434e-02 1.000000000000000000e+00
-1.418749999999999734e+00 1.000000000000000048e-04 4.112280619768476225e-02 1.000000000000000000e+00
-1.417999999999999705e+00 1.000000000000000048e-04 4.115885641721050286e-02 1.000000000000000000e+00
-1.417250000000000121e+00 1.000000000000000048e-04 4.119493254899316698e-02 1.000000000000000000e+00
-1.416500000000000092e+00 1.000000000000000048e-04 4.123103459243127739e-02 1.000000000000000000e+00
-1.415750000000000064e+00 1.000000000000000048e-04 4.126716254684883317e-02 1.000000000000000000e+00
-1.415000000000000036e+00 1.000000000000000048e-04 4.130331641149524030e-02 1.000000000000000000e+00
-1.414250000000000007e+00 1.000000000000000048e-04 4.133949618554490918e-02 1.000000000000000000e+00
-1.413499999999999979e+00 1.000000000000000048e-04 4.137570186809695627e-02 1.000000000000000000e+00
-1.412749999999999950e+00 1.000000000000000048e-04 4.141193345817507920e-02 1.000000000000000000e+00
-1.411999999999999922e+00 1.000000000000000048e-04 4.144819095472716819e-02 1.000000000000000000e+00
-1.411249999999999893e+00 1.000000000000000048e-04 4.148447435662500765e-02 1.000000000000000000e+00
-1.410499999999999865e+00 1.000000000000000048e-04 4.152078366266407500e-02 1.000000000000000000e+00
-1.409749999999999837e+00 1.000000000000000048e-04 4.155711887156322837e-02 1.000000000000000000e+00
-1.408999999999999808e+00 1.000000000000000048e-04 4.159347998196438051e-02 1.000000000000000000e+00
-1.408249999999999780e+00 1.000000000000000048e-04 4.162986699243229755e-02 1.000000000000000000e+00
-1.407499999999999751e+00 1.000000000000000048e-04 4.166627990145427979e-02 1.000000000000000000e+00
-1.406749999999999723e+00 1.000000000000000048e-04 4.170271870743984255e-02 1.000000000000000000e+00
-1.406000000000000139e+00 1.000000000000000048e-04 4.173918340872050797e-02 1.000000000000000000e+00
-1.405250000000000110e+00 1.000000000000000048e-04 4.177567400354947197e-02 1.000000000000000000e+00
-1.404500000000000082e+00 1.000000000000000048e-04 4.181219049010134053e-02 1.000000000000000000e+00
-1.403750000000000053e+00 1.000000000000000048e-04 4.184873286647179669e-02 1.000000000000000000e+00
-1.403000000000000025e+00 1.000000000000000048e-04 4.188530113067737148e-02 1.000000000000000000e+00
-1.402249999999999996e+00 1.000000000000000048e-04 4.192189528065512483e-02 1.000000000000000000e+00
-1.401499999999999968e+00 1.000000000000000048e-04 4.195851531426240955e-02 1.000000000000000000e+00
-1.400749999999999940e+00 1.000000000000000048e-04 4.199516122927647588e-02 1.000000000000000000e+00
-1.399999999999999911e+00 1.000000000000000048e-04 4.203183302339429800e-02 1.000000000000000000e+00
-1.399249999999999883e+00 1.000000000000000048e-04 4.206853069423219238e-02 1.000000000000000000e+00
-1.398499999999999854e+00 1.000000000000000048e-04 4.210525423932560268e-02 1.000000000000000000e+00
-1.397749999999999826e+00 1.000000000000000048e-04 4.214200365612873200e-02 1.000000000000000000e+00
-1.396999999999999797e+00 1.000000000000000048e-04 4.217877894201437633e-02 1.000000000000000000e+00
-1.396249999999999769e+00 1.000000000000000048e-04 4.221558009427340413e-02 1.000000000000000000e+00
-1.395499999999999741e+00 1.000000000000000048e-04 4.225240711011470085e-02 1.000000000000000000e+00
-1.394749999999999712e+00 1.000000000000000048e-04 4.228925998666475256e-02 1.000000000000000000e+00
-1.394000000000000128e+00 1.000000000000000048e-04 4.232613872096732677e-02 1.000000000000000000e+00
-1.393250000000000099e+00 1.000000000000000048e-04 4.236304330998333367e-02 1.000000000000000000e+00
-1.392500000000000071e+00 1.000000000000000048e-04 4.239997375059029183e-02 1.000000000000000000e+00
-1.391750000000000043e+00 1.000000000000000048e-04 4.243693003958221022e-02 1.000000000000000000e+00
-1.391000000000000014e+00 1.000000000000000048e-04 4.247391217366920657e-02 1.000000000000000000e+00
-1.390249999999999986e+00 1.000000000000000048e-04 4.251092014947727843e-02 1.000000000000000000e+00
-1.389499999999999957e+00 1.000000000000000048e-04 4.254795396354785902e-02 1.000000000000000000e+00
-1.388749999999999929e+00 1.000000000000000048e-04 4.258501361233772015e-02 1.000000000000000000e+00
-1.387999999999999901e+00 1.000000000000000048e-04 4.262209909221849335e-02 1.000000000000000000e+00
-1.387249999999999872e+00 1.000000000000000048e-04 4.265921039947645488e-02 1.000000000000000000e+00
-1.386499999999999844e+00 1.000000000000000048e-04 4.269634753031217173e-02 1.000000000000000000e+00
-1.385749999999999815e+00 1.000000000000000048e-04 4.273351048084026577e-02 1.000000000000000000e+00
-1.384999999999999787e+00 1.000000000000000048e-04 4.277069924708905291e-02 1.000000000000000000e+00
-1.384249999999999758e+00 1.000000000000000048e-04 4.280791382500021003e-02 1.000000000000000000e+00
-1.383499999999999730e+00 1.000000000000000048e-04 4.284515421042853905e-02 1.000000000000000000e+00
-1.382750000000000146e+00 1.000000000000000048e-04 4.288242039914163389e-02 1.000000000000000000e+00
-1.382000000000000117e+00 1.000000000000000048e-04 4.291971238681956125e-02 1.000000000000000000e+00
-1.381250000000000089e+00 1.000000000000000048e-04 4.295703016905450672e-02 1.000000000000000000e+00
-1.380500000000000060e+00 1.000000000000000048e-04 4.299437374135056666e-02 1.000000000000000000e+00
-1.379750000000000032e+00 1.000000000000000048e-04 4.303174309912335266e-02 1.000000000000000000e+00
-1.379000000000000004e+00 1.000000000000000048e-04 4.306913823769966537e-02 1.000000000000000000e+00
-1.378249999999999975e+00 1.000000000000000048e-04 4.310655915231729335e-02 1.000000000000000000e+00
-1.377499999999999947e+00 1.000000000000000048e-04 4.314400583812453421e-02 1.000000000000000000e+00
-1.376749999999999918e+00 1.000000000000000048e-04 4.318147829018007672e-02 1.000000000000000000e+00
-1.375999999999999890e+00 1.000000000000000048e-04 4.321897650345246644e-02 1.000000000000000000e+00
-1.375249999999999861e+00 1.000000000000000048e-04 4.325650047281996702e-02 1.000000000000000000e+00
-1.374499999999999833e+00 1.000000000000000048e-04 4.329405019307015073e-02 1.000000000000000000e+00
-1.373749999999999805e+00 1.000000000000000048e-04 4.333162565889961404e-02 1.000000000000000000e+00
-1.372999999999999776e+00 1.000000000000000048e-04 4.336922686491359591e-02 1.000000000000000000e+00
-1.372249999999999748e+00 1.000000000000000048e-04 4.340685380562580437e-02 1.000000000000000000e+00
-1.371499999999999719e+00 1.000000000000000048e-04 4.344450647545788219e-02 1.000000000000000000e+00
-1.370750000000000135e+00 1.000000000000000048e-04 4.348218486873928895e-02 1.000000000000000000e+00
-1.370000000000000107e+00 1.000000000000000048e-04 4.351988897970687081e-02 1.000000000000000000e+00
-1.369250000000000078e+00 1.000000000000000048e-04 4.355761880250449275e-02 1.000000000000000000e+00
-1.368500000000000050e+00 1.000000000000000048e-04 4.359537433118285121e-02 1.000000000000000000e+00
-1.367750000000000021e+00 1.000000000000000048e-04 4.363315555969902310e-02 1.000000000000000000e+00
-1.366999999999999993e+00 1.000000000000000048e-04 4.367096248191622981e-02 1.000000000000000000e+00
-1.366249999999999964e+00 1.000000000000000048e-04 4.370879509160340709e-02 1.000000000000000000e+00
-1.365499999999999936e+00 1.000000000000000048e-04 4.374665338243496904e-02 1.000000000000000000e+00
-1.364749999999999908e+00 1.000000000000000048e-04 4.378453734799045427e-02 1.000000000000000000e+00
-1.363999999999999879e+00 1.000000000000000048e-04 4.382244698175421366e-02 1.000000000000000000e+00
-1.363249999999999851e+00 1.000000000000000048e-04 4.386038227711495235e-02 1.000000000000000000e+00
-1.362499999999999822e+00 1.000000000000000048e-04 4.389834322736559102e-02 1.000000000000000000e+00
-1.361749999999999794e+00 1.000000000000000048e-04 4.393632982570280787e-02 1.000000000000000000e+00
-1.360999999999999766e+00 1.000000000000000048e-04 4.397434206522672639e-02 1.000000000000000000e+00
-1.360249999999999737e+00 1.000000000000000048e-04 4.401237993894059619e-02 1.000000000000000000e+00
-1.359499999999999709e+00 1.000000000000000048e-04 4.405044343975048071e-02 1.000000000000000000e+00
-1.358750000000000124e+00 1.000000000000000048e-04 4.408853256046482011e-02 1.000000000000000000e+00
-1.358000000000000096e+00 1.000000000000000048e-04 4.412664729379423695e-02 1.000000000000000000e+00
-1.357250000000000068e+00 1.000000000000000048e-04 4.416478763235109212e-02 1.000000000000000000e+00
-1.356500000000000039e+00 1.000000000000000048e-04 4.420295356864915870e-02 1.000000000000000000e+00
-1.355750000000000011e+00 1.000000000000000048e-04 4.424114509510333748e-02 1.000000000000000000e+00
-1.354999999999999982e+00 1.000000000000000048e-04 4.427936220402928919e-02 1.000000000000000000e+00
-1.354249999999999954e+00 1.000000000000000048e-04 4.431760488764299039e-02 1.000000000000000000e+00
-1.353499999999999925e+00 1.000000000000000048e-04 4.435587313806060167e-02 1.000000000000000000e+00
-1.352749999999999897e+00 1.000000000000000048e-04 4.439416694729792640e-02 1.000000000000000000e+00
-1.351999999999999869e+00 1.000000000000000048e-04 4.443248630727017479e-02 1.000000000000000000e+00
-1.351249999999999840e+00 1.000000000000000048e-04 4.447083120979156839e-02 1.000000000000000000e+00
-1.350499999999999812e+00 1.000000000000000048e-04 4.450920164657500011e-02 1.000000000000000000e+00
-1.349749999999999783e+00 1.000000000000000048e-04 4.454759760923175660e-02 1.000000000000000000e+00
-1.348999999999999755e+00 1.000000000000000048e-04 4.458601908927105339e-02 1.000000000000000000e+00
-1.348249999999999726e+00 1.000000000000000048e-04 4.462446607809976429e-02 1.000000000000000000e+00
-1.347500000000000142e+00 1.000000000000000048e-04 4.466293856702201887e-02 1.000000000000000000e+00
-1.346750000000000114e+00 1.000000000000000048e-04 4.470143654723898047e-02 1.000000000000000000e+00
-1.346000000000000085e+00 1.000000000000000048e-04 4.473996000984824251e-02 1.000000000000000000e+00
-1.345250000000000057e+00 1.000000000000000048e-04 4.477850894584371050e-02 1.000000000000000000e+00
-1.344500000000000028e+00 1.000000000000000048e-04 4.481708334611520655e-02 1.000000000000000000e+00
-1.343750000000000000e+00 1.000000000000000048e-04 4.485568320144799753e-02 1.000000000000000000e+00
-1.342999999999999972e+00 1.000000000000000048e-04 4.489430850252252442e-02 1.000000000000000000e+00
-1.342249999999999943e+00 1.000000000000000048e-04 4.493295923991404844e-02 1.000000000000000000e+00
-1.341499999999999915e+00 1.000000000000000048e-04 4.497163540409231802e-02 1.000000000000000000e+00
-1.340749999999999886e+00 1.000000000000000048e-04 4.501033698542108996e-02 1.000000000000000000e+00
-1.339999999999999858e+00 1.000000000000000048e-04 4.504906397415791436e-02 1.000000000000000000e+00
-1.339249999999999829e+00 1.000000000000000048e-04 4.508781636045362806e-02 1.000000000000000000e+00
-1.338499999999999801e+00 1.000000000000000048e-04 4.512659413435222283e-02 1.000000000000000000e+00
-1.337749999999999773e+00 1.000000000000000048e-04 4.516539728579015145e-02 1.000000000000000000e+00
-1.336999999999999744e+00 1.000000000000000048e-04 4.520422580459627915e-02 1.000000000000000000e+00
-1.336249999999999716e+00 1.000000000000000048e-04 4.524307968049132156e-02 1.000000000000000000e+00
-1.335500000000000131e+00 1.000000000000000048e-04 4.528195890308753940e-02 1.000000000000000000e+00
-1.334750000000000103e+00 1.000000000000000048e-04 4.532086346188844012e-02 1.000000000000000000e+00
-1.334000000000000075e+00 1.000000000000000048e-04 4.535979334628827825e-02 1.000000000000000000e+00
-1.333250000000000046e+00 1.000000000000000048e-04 4.539874854557177097e-02 1.000000000000000000e+00
-1.332500000000000018e+00 1.000000000000000048e-04 4.543772904891372338e-02 1.000000000000000000e+00
-1.331749999999999989e+00 1.000000000000000048e-04 4.547673484537858440e-02 1.000000000000000000e+00
-1.330999999999999961e+00 1.000000000000000048e-04 4.551576592392026638e-02 1.000000000000000000e+00
-1.330249999999999932e+00 1.000000000000000048e-04 4.555482227338149281e-02 1.000000000000000000e+00
-1.329499999999999904e+00 1.000000000000000048e-04 4.559390388249365961e-02 1.000000000000000000e+00
-1.328749999999999876e+00 1.000000000000000048e-04 4.563301073987637707e-02 1.000000000000000000e+00
-1.327999999999999847e+00 1.000000000000000048e-04 4.567214283403706054e-02 1.000000000000000000e+00
-1.327249999999999819e+00 1.000000000000000048e-04 4.571130015337061814e-02 1.000000000000000000e+00
-1.326499999999999790e+00 1.000000000000000048e-04 4.575048268615896502e-02 1.000000000000000000e+00
-1.325749999999999762e+00 1.000000000000000048e-04 4.578969042057081523e-02 1.000000000000000000e+00
-1.324999999999999734e+00 1.000000000000000048e-04 4.582892334466114742e-02 1.000000000000000000e+00
-1.324249999999999705e+00 1.000000000000000048e-04 4.586818144637093420e-02 1.000000000000000000e+00
-1.323500000000000121e+00 1.000000000000000048e-04 4.590746471352662866e-02 1.000000000000000000e+00
-1.322750000000000092e+00 1.000000000000000048e-04 4.594677313383992157e-02 1.000000000000000000e+00
-1.322000000000000064e+00 1.000000000000000048e-04 4.598610669490734576e-02 1.000000000000000000e+00
-1.321250000000000036e+00 1.000000000000000048e-04 4.602546538420977662e-02 1.000000000000000000e+00
-1.320500000000000007e+00 1.000000000000000048e-04 4.606484918911207815e-02 1.000000000000000000e+00
-1.319749999999999979e+00 1.000000000000000048e-04 4.610425809686285320e-02 1.000000000000000000e+00
-1.318999999999999950e+00 1.000000000000000048e-04 4.614369209459389526e-02 1.000000000000000000e+00
-1.318249999999999922e+00 1.000000000000000048e-04 4.618315116931984154e-02 1.000000000000000000e+00
-1.317499999999999893e+00 1.000000000000000048e-04 4.622263530793790931e-02 1.000000000000000000e+00
-1.316749999999999865e+00 1.000000000000000048e-04 4.626214449722725747e-02 1.000000000000000000e+00
-1.315999999999999837e+00 1.000000000000000048e-04 4.630167872384886169e-02 1.000000000000000000e+00
-1.315249999999999808e+00 1.000000000000000048e-04 4.634123797434489683e-02 1.000000000000000000e+00
-1.314499999999999780e+00 1.000000000000000048e-04 4.638082223513848718e-02 1.000000000000000000e+00
-1.313749999999999751e+00 1.000000000000000048e-04 4.642043149253331086e-02 1.000000000000000000e+00
-1.312999999999999723e+00 1.000000000000000048e-04 4.646006573271307949e-02 1.000000000000000000e+00
-1.312250000000000139e+00 1.000000000000000048e-04 4.649972494174123283e-02 1.000000000000000000e+00
-1.311500000000000110e+00 1.000000000000000048e-04 4.653940910556063348e-02 1.000000000000000000e+00
-1.310750000000000082e+00 1.000000000000000048e-04 4.657911820999292851e-02 1.000000000000000000e+00
-1.310000000000000053e+00 1.000000000000000048e-04 4.661885224073836209e-02 1.000000000000000000e+00
-1.309250000000000025e+00 1.000000000000000048e-04 4.665861118337534530e-02 1.000000000000000000e+00
-1.308499999999999996e+00 1.000000000000000048e-04 4.669839502335982467e-02 1.000000000000000000e+00
-1.307749999999999968e+00 1.000000000000000048e-04 4.673820374602529609e-02 1.000000000000000000e+00
-1.306999999999999940e+00 1.000000000000000048e-04 4.677803733658201374e-02 1.000000000000000000e+00
-1.306249999999999911e+00 1.000000000000000048e-04 4.681789578011677500e-02 1.000000000000000000e+00
-1.305499999999999883e+00 1.000000000000000048e-04 4.685777906159251105e-02 1.000000000000000000e+00
-1.304749999999999854e+00 1.000000000000000048e-04 4.689768716584778729e-02 1.000000000000000000e+00
-1.303999999999999826e+00 1.000000000000000048e-04 4.693762007759651189e-02 1.000000000000000000e+00
-1.303249999999999797e+00 1.000000000000000048e-04 4.697757778142742924e-02 1.000000000000000000e+00
-1.302499999999999769e+00 1.000000000000000048e-04 4.701756026180377301e-02 1.000000000000000000e+00
-1.301749999999999741e+00 1.000000000000000048e-04 4.705756750306281516e-02 1.000000000000000000e+00
-1.300999999999999712e+00 1.000000000000000048e-04 4.709759948941547730e-02 1.000000000000000000e+00
-1.300250000000000128e+00 1.000000000000000048e-04 4.713765620494591441e-02 1.000000000000000000e+00
-1.299500000000000099e+00 1.000000000000000048e-04 4.717773763361111927e-02 1.000000000000000000e+00
-1.298750000000000071e+00 1.000000000000000048e-04 4.721784375924040905e-02 1.000000000000000000e+00
-1.298000000000000043e+00 1.000000000000000048e-04 4.725797456553512688e-02 1.000000000000000000e+00
-1.297250000000000014e+00 1.000000000000000048e-04 4.729813003606824634e-02 1.000000000000000000e+00
-1.296499999999999986e+00 1.000000000000000048e-04 4.733831015428376088e-02 1.000000000000000000e+00
-1.295749999999999957e+00 1.000000000000000048e-04 4.737851490349644784e-02 1.000000000000000000e+00
-1.294999999999999929e+00 1.000000000000000048e-04 4.741874426689141747e-02 1.000000000000000000e+00
-1.294249999999999901e+00 1.000000000000000048e-04 4.745899822752362024e-02 1.000000000000000000e+00
-1.293499999999999872e+00 1.000000000000000048e-04 4.749927676831747214e-02 1.000000000000000000e+00
-1.292749999999999844e+00 1.000000000000000048e-04 4.753957987206645919e-02 1.000000000000000000e+00
-1.291999999999999815e+00 1.000000000000000048e-04 4.757990752143263086e-02 1.000000000000000000e+00
-1.291249999999999787e+00 1.000000000000000048e-04 4.762025969894623928e-02 1.000000000000000000e+00
-1.290499999999999758e+00 1.000000000000000048e-04 4.766063638700528821e-02 1.000000000000000000e+00
-1.289749999999999730e+00 1.000000000000000048e-04 4.770103756787510280e-02 1.000000000000000000e+00
-1.288999999999999702e+00 1.000000000000000048e-04 4.774146322368794798e-02 1.000000000000000000e+00
-1.288250000000000117e+00 1.000000000000000048e-04 4.778191333644248029e-02 1.000000000000000000e+00
-1.287500000000000089e+00 1.000000000000000048e-04 4.782238788800343560e-02 1.000000000000000000e+00
-1.286750000000000060e+00 1.000000000000000048e-04 4.786288686010121973e-02 1.000000000000000000e+00
-1.286000000000000032e+00 1.000000000000000048e-04 4.790341023433128398e-02 1.000000000000000000e+00
-1.285250000000000004e+00 1.000000000000000048e-04 4.794395799215384057e-02 1.000000000000000000e+00
-1.284499999999999975e+00 1.000000000000000048e-04 4.798453011489345332e-02 1.000000000000000000e+00
-1.283749999999999947e+00 1.000000000000000048e-04 4.802512658373852411e-02 1.000000000000000000e+00
-1.282999999999999918e+00 1.000000000000000048e-04 4.806574737974082107e-02 1.000000000000000000e+00
-1.282249999999999890e+00 1.000000000000000048e-04 4.810639248381518712e-02 1.000000000000000000e+00
-1.281499999999999861e+00 1.000000000000000048e-04 4.814706187673891552e-02 1.000000000000000000e+00
-1.280749999999999833e+00 1.000000000000000048e-04 4.818775553915149307e-02 1.000000000000000000e+00
-1.279999999999999805e+00 1.000000000000000048e-04 4.822847345155396176e-02 1.000000000000000000e+00
-1.279249999999999776e+00 1.000000000000000048e-04 4.826921559430863429e-02 1.000000000000000000e+00
-1.278499999999999748e+00 1.000000000000000048e-04 4.830998194763856668e-02 1.000000000000000000e+00
-1.277749999999999719e+00 1.000000000000000048e-04 4.835077249162718360e-02 1.000000000000000000e+00
-1.277000000000000135e+00 1.000000000000000048e-04 4.839158720621767468e-02 1.000000000000000000e+00
-1.276250000000000107e+00 1.000000000000000048e-04 4.843242607121282101e-02 1.000000000000000000e+00
-1.275500000000000078e+00 1.000000000000000048e-04 4.847328906627420414e-02 1.000000000000000000e+00
-1.274750000000000050e+00 1.000000000000000048e-04 4.851417617092206730e-02 1.000000000000000000e+00
-1.274000000000000021e+00 1.000000000000000048e-04 4.855508736453462842e-02 1.000000000000000000e+00
-1.273249999999999993e+00 1.000000000000000048e-04 4.859602262634775405e-02 1.000000000000000000e+00
-1.272499999999999964e+00 1.000000000000000048e-04 4.863698193545450826e-02 1.000000000000000000e+00
-1.271749999999999936e+00 1.000000000000000048e-04 4.867796527080464619e-02 1.000000000000000000e+00
-1.270999999999999908e+00 1.000000000000000048e-04 4.871897261120413519e-02 1.000000000000000000e+00
-1.270249999999999879e+00 1.000000000000000048e-04 4.876000393531481486e-02 1.000000000000000000e+00
-1.269499999999999851e+00 1.000000000000000048e-04 4.880105922165379334e-02 1.000000000000000000e+00
-1.268749999999999822e+00 1.000000000000000048e-04 4.884213844859305875e-02 1.000000000000000000e+00
-1.267999999999999794e+00 1.000000000000000048e-04 4.888324159435910449e-02 1.000000000000000000e+00
-1.267249999999999766e+00 1.000000000000000048e-04 4.892436863703229083e-02 1.000000000000000000e+00
-1.266499999999999737e+00 1.000000000000000048e-04 4.896551955454643557e-02 1.000000000000000000e+00
-1.265749999999999709e+00 1.000000000000000048e-04 4.900669432468850173e-02 1.000000000000000000e+00
-1.265000000000000124e+00 1.000000000000000048e-04 4.904789292509786902e-02 1.000000000000000000e+00
-1.264250000000000096e+00 1.000000000000000048e-04 4.908911533326618809e-02 1.000000000000000000e+00
-1.263500000000000068e+00 1.000000000000000048e-04 4.913036152653657562e-02 1.000000000000000000e+00
-1.262750000000000039e+00 1.000000000000000048e-04 4.917163148210335066e-02 1.000000000000000000e+00
-1.262000000000000011e+00 1.000000000000000048e-04 4.921292517701155583e-02 1.000000000000000000e+00
-1.261249999999999982e+00 1.000000000000000048e-04 4.925424258815642303e-02 1.000000000000000000e+00
-1.260499999999999954e+00 1.000000000000000048e-04 4.929558369228291548e-02 1.000000000000000000e+00
-1.259749999999999925e+00 1.000000000000000048e-04 4.933694846598527667e-02 1.000000000000000000e+00
-1.258999999999999897e+00 1.000000000000000048e-04 4.937833688570654467e-02 1.000000000000000000e+00
-1.258249999999999869e+00 1.000000000000000048e-04 4.941974892773805944e-02 1.000000000000000000e+00
-1.257499999999999840e+00 1.000000000000000048e-04 4.946118456821900489e-02 1.000000000000000000e+00
-1.256749999999999812e+00 1.000000000000000048e-04 4.950264378313595087e-02 1.000000000000000000e+00
-1.255999999999999783e+00 1.000000000000000048e-04 4.954412654832231894e-02 1.000000000000000000e+00
-1.255249999999999755e+00 1.000000000000000048e-04 4.958563283945793126e-02 1.000000000000000000e+00
-1.254499999999999726e+00 1.000000000000000048e-04 4.962716263206856659e-02 1.000000000000000000e+00
-1.253750000000000142e+00 1.000000000000000048e-04 4.966871590152534266e-02 1.000000000000000000e+00
-1.253000000000000114e+00 1.000000000000000048e-04 4.971029262304448026e-02 1.000000000000000000e+00
-1.252250000000000085e+00 1.000000000000000048e-04 4.975189277168649837e-02 1.000000000000000000e+00
-1.251500000000000057e+00 1.000000000000000048e-04 4.979351632235606839e-02 1.000000000000000000e+00
-1.250750000000000028e+00 1.000000000000000048e-04 4.983516324980118151e-02 1.000000000000000000e+00
-1.250000000000000000e+00 1.000000000000000048e-04 4.987683352861289193e-02 1.000000000000000000e+00
-1.249249999999999972e+00 1.000000000000000048e-04 4.991852713322485202e-02 1.000000000000000000e+00
-1.248499999999999943e+00 1.000000000000000048e-04 4.996024403791257673e-02 1.000000000000000000e+00
-1.247749999999999915e+00 1.000000000000000048e-04 5.000198421679325628e-02 1.000000000000000000e+00
-1.246999999999999886e+00 1.000000000000000048e-04 5.004374764382499285e-02 1.000000000000000000e+00
-1.246249999999999858e+00 1.000000000000000048e-04 5.008553429280650227e-02 1.000000000000000000e+00
-1.245499999999999829e+00 1.000000000000000048e-04 5.012734413737651024e-02 1.000000000000000000e+00
-1.244749999999999801e+00 1.000000000000000048e-04 5.016917715101325281e-02 1.000000000000000000e+00
-1.243999999999999773e+00 1.000000000000000048e-04 5.021103330703411555e-02 1.000000000000000000e+00
-1.243249999999999744e+00 1.000000000000000048e-04 5.025291257859487021e-02 1.000000000000000000e+00
-1.242499999999999716e+00 1.000000000000000048e-04 5.029481493868948744e-02 1.000000000000000000e+00
-1.241750000000000131e+00 1.000000000000000048e-04 5.033674036014933878e-02 1.000000000000000000e+00
-1.241000000000000103e+00 1.000000000000000048e-04 5.037868881564295381e-02 1.000000000000000000e+00
-1.240250000000000075e+00 1.000000000000000048e-04 5.042066027767534014e-02 1.000000000000000000e+00
-1.239500000000000046e+00 1.000000000000000048e-04 5.046265471858747687e-02 1.000000000000000000e+00
-1.238750000000000018e+00 1.000000000000000048e-04 5.050467211055592598e-02 1.000000000000000000e+00
-1.237999999999999989e+00 1.000000000000000048e-04 5.054671242559227728e-02 1.000000000000000000e+00
-1.237249999999999961e+00 1.000000000000000048e-04 5.058877563554254470e-02 1.000000000000000000e+00
-1.236499999999999932e+00 1.000000000000000048e-04 5.063086171208677766e-02 1.000000000000000000e+00
-1.235749999999999904e+00 1.000000000000000048e-04 5.067297062673849911e-02 1.000000000000000000e+00
-1.234999999999999876e+00 1.000000000000000048e-04 5.071510235084415036e-02 1.000000000000000000e+00
-1.234249999999999847e+00 1.000000000000000048e-04 5.075725685558265393e-02 1.000000000000000000e+00
-1.233499999999999819e+00 1.000000000000000048e-04 5.079943411196489317e-02 1.000000000000000000e+00
-1.232749999999999790e+00 1.000000000000000048e-04 5.084163409083312241e-02 1.000000000000000000e+00
-1.231999999999999762e+00 1.000000000000000048e-04 5.088385676286048126e-02 1.000000000000000000e+00
-1.231249999999999734e+00 1.000000000000000048e-04 5.092610209855049502e-02 1.000000000000000000e+00
-1.230499999999999705e+00 1.000000000000000048e-04 5.096837006823657507e-02 1.000000000000000000e+00
-1.229750000000000121e+00 1.000000000000000048e-04 5.101066064208140127e-02 1.000000000000000000e+00
-1.229000000000000092e+00 1.000000000000000048e-04 5.105297379007653347e-02 1.000000000000000000e+00
-1.228250000000000064e+00 1.000000000000000048e-04 5.109530948204174527e-02 1.000000000000000000e+00
-1.227500000000000036e+00 1.000000000000000048e-04 5.113766768762461473e-02 1.000000000000000000e+00
-1.226750000000000007e+00 1.000000000000000048e-04 5.118004837629992060e-02 1.000000000000000000e+00
-1.225999999999999979e+00 1.000000000000000048e-04 5.122245151736916358e-02 1.000000000000000000e+00
-1.225249999999999950e+00 1.000000000000000048e-04 5.126487707995999732e-02 1.000000000000000000e+00
-1.224499999999999922e+00 1.000000000000000048e-04 5.130732503302570802e-02 1.000000000000000000e+00
-1.223749999999999893e+00 1.000000000000000048e-04 5.134979534534471479e-02 1.000000000000000000e+00
-1.222999999999999865e+00 1.000000000000000048e-04 5.139228798551999378e-02 1.000000000000000000e+00
-1.222249999999999837e+00 1.000000000000000048e-04 5.143480292197854381e-02 1.000000000000000000e+00
-1.221499999999999808e+00 1.000000000000000048e-04 5.147734012297090767e-02 1.000000000000000000e+00
-1.220749999999999780e+00 1.000000000000000048e-04 5.151989955657054060e-02 1.000000000000000000e+00
-1.219999999999999751e+00 1.000000000000000048e-04 5.156248119067337321e-02 1.000000000000000000e+00
-1.219249999999999723e+00 1.000000000000000048e-04 5.160508499299720775e-02 1.000000000000000000e+00
-1.218500000000000139e+00 1.000000000000000048e-04 5.164771093108110750e-02 1.000000000000000000e+00
-1.217750000000000110e+00 1.000000000000000048e-04 5.169035897228510534e-02 1.000000000000000000e+00
-1.217000000000000082e+00 1.000000000000000048e-04 5.173302908378934334e-02 1.000000000000000000e+00
-1.216250000000000053e+00 1.000000000000000048e-04 5.177572123259374659e-02 1.000000000000000000e+00
-1.215500000000000025e+00 1.000000000000000048e-04 5.181843538551737793e-02 1.000000000000000000e+00
-1.214749999999999996e+00 1.000000000000000048e-04 5.186117150919789670e-02 1.000000000000000000e+00
-1.213999999999999968e+00 1.000000000000000048e-04 5.190392957009114239e-02 1.000000000000000000e+00
-1.213249999999999940e+00 1.000000000000000048e-04 5.194670953447033668e-02 1.000000000000000000e+00
-1.212499999999999911e+00 1.000000000000000048e-04 5.198951136842569487e-02 1.000000000000000000e+00
-1.211749999999999883e+00 1.000000000000000048e-04 5.203233503786391240e-02 1.000000000000000000e+00
-1.210999999999999854e+00 1.000000000000000048e-04 5.207518050850753338e-02 1.000000000000000000e+00
-1.210249999999999826e+00 1.000000000000000048e-04 5.211804774589430533e-02 1.000000000000000000e+00
-1.209499999999999797e+00 1.000000000000000048e-04 5.216093671537683218e-02 1.000000000000000000e+00
-1.208749999999999769e+00 1.000000000000000048e-04 5.220384738212189429e-02 1.000000000000000000e+00
-1.207999999999999741e+00 1.000000000000000048e-04 5.224677971110981006e-02 1.000000000000000000e+00
-1.207249999999999712e+00 1.000000000000000048e-04 5.228973366713411675e-02 1.000000000000000000e+00
-1.206500000000000128e+00 1.000000000000000048e-04 5.233270921480068921e-02 1.000000000000000000e+00
-1.205750000000000099e+00 1.000000000000000048e-04 5.237570631852746933e-02 1.000000000000000000e+00
-1.205000000000000071e+00 1.000000000000000048e-04 5.241872494254375126e-02 1.000000000000000000e+00
-1.204250000000000043e+00 1.000000000000000048e-04 5.246176505088957082e-02 1.000000000000000000e+00
-1.203500000000000014e+00 1.000000000000000048e-04 5.250482660741530999e-02 1.000000000000000000e+00
-1.202749999999999986e+00 1.000000000000000048e-04 5.254790957578098221e-02 1.000000000000000000e+00
-1.201999999999999957e+00 1.000000000000000048e-04 5.259101391945567028e-02 1.000000000000000000e+00
-1.201249999999999929e+00 1.000000000000000048e-04 5.263413960171703376e-02 1.000000000000000000e+00
-1.200499999999999901e+00 1.000000000000000048e-04 5.267728658565069139e-02 1.000000000000000000e+00
-1.199749999999999872e+00 1.000000000000000048e-04 5.272045483414960348e-02 1.000000000000000000e+00
-1.198999999999999844e+00 1.000000000000000048e-04 5.276364430991365567e-02 1.000000000000000000e+00
-1.198249999999999815e+00 1.000000000000000048e-04 5.280685497544881923e-02 1.000000000000000000e+00
-1.197499999999999787e+00 1.000000000000000048e-04 5.285008679306681112e-02 1.000000000000000000e+00
-1.196749999999999758e+00 1.000000000000000048e-04 5.289333972488444169e-02 1.000000000000000000e+00
-1.195999999999999730e+00 1.000000000000000048e-04 5.293661373282296245e-02 1.000000000000000000e+00
-1.195249999999999702e+00 1.000000000000000048e-04 5.297990877860760117e-02 1.000000000000000000e+00
-1.194500000000000117e+00 1.000000000000000048e-04 5.302322482376678470e-02 1.000000000000000000e+00
-1.193750000000000089e+00 1.000000000000000048e-04 5.306656182963189611e-02 1.000000000000000000e+00
-1.193000000000000060e+00 1.000000000000000048e-04 5.310991975733628939e-02 1.000000000000000000e+00
-1.192250000000000032e+00 1.000000000000000048e-04 5.315329856781503964e-02 1.000000000000000000e+00
-1.191500000000000004e+00 1.000000000000000048e-04 5.319669822180407570e-02 1.000000000000000000e+00
-1.190749999999999975e+00 1.000000000000000048e-04 5.324011867983981933e-02 1.000000000000000000e+00
-1.189999999999999947e+00 1.000000000000000048e-04 5.328355990225840111e-02 1.000000000000000000e+00
-1.189249999999999918e+00 1.000000000000000048e-04 5.332702184919527189e-02 1.000000000000000000e+00
-1.188499999999999890e+00 1.000000000000000048e-04 5.337050448058441865e-02 1.000000000000000000e+00
-1.187749999999999861e+00 1.000000000000000048e-04 5.341400775615788576e-02 1.000000000000000000e+00
-1.186999999999999833e+00 1.000000000000000048e-04 5.345753163544509495e-02 1.000000000000000000e+00
-1.186249999999999805e+00 1.000000000000000048e-04 5.350107607777236651e-02 1.000000000000000000e+00
-1.185499999999999776e+00 1.000000000000000048e-04 5.354464104226221849e-02 1.000000000000000000e+00
-1.184749999999999748e+00 1.000000000000000048e-04 5.358822648783270054e-02 1.000000000000000000e+00
-1.183999999999999719e+00 1.000000000000000048e-04 5.363183237319704699e-02 1.000000000000000000e+00
-1.183250000000000135e+00 1.000000000000000048e-04 5.367545865686276785e-02 1.000000000000000000e+00
-1.182500000000000107e+00 1.000000000000000048e-04 5.371910529713130877e-02 1.000000000000000000e+00
-1.181750000000000078e+00 1.000000000000000048e-04 5.376277225209719762e-02 1.000000000000000000e+00
-1.181000000000000050e+00 1.000000000000000048e-04 5.380645947964766973e-02 1.000000000000000000e+00
-1.180250000000000021e+00 1.000000000000000048e-04 5.385016693746185606e-02 1.000000000000000000e+00
-1.179499999999999993e+00 1.000000000000000048e-04 5.389389458301036689e-02 1.000000000000000000e+00
-1.178749999999999964e+00 1.000000000000000048e-04 5.393764237355447300e-02 1.000000000000000000e+00
-1.177999999999999936e+00 1.000000000000000048e-04 5.398141026614562688e-02 1.000000000000000000e+00
-1.177249999999999908e+00 1.000000000000000048e-04 5.402519821762496316e-02 1.000000000000000000e+00
-1.176499999999999879e+00 1.000000000000000048e-04 5.406900618462231328e-02 1.000000000000000000e+00
-1.175749999999999851e+00 1.000000000000000048e-04 5.411283412355594180e-02 1.000000000000000000e+00
-1.174999999999999822e+00 1.000000000000000048e-04 5.415668199063175536e-02 1.000000000000000000e+00
-1.174249999999999794e+00 1.000000000000000048e-04 5.420054974184281005e-02 1.000000000000000000e+00
-1.173499999999999766e+00 1.000000000000000048e-04 5.424443733296845788e-02 1.000000000000000000e+00
-1.172749999999999737e+00 1.000000000000000048e-04 5.428834471957402069e-02 1.000000000000000000e+00
-1.171999999999999709e+00 1.000000000000000048e-04 5.433227185700990197e-02 1.000000000000000000e+00
-1.171250000000000124e+00 1.000000000000000048e-04 5.437621870041114969e-02 1.000000000000000000e+00
-1.170500000000000096e+00 1.000000000000000048e-04 5.442018520469672771e-02 1.000000000000000000e+00
-1.169750000000000068e+00 1.000000000000000048e-04 5.446417132456893989e-02 1.000000000000000000e+00
-1.169000000000000039e+00 1.000000000000000048e-04 5.450817701451270841e-02 1.000000000000000000e+00
-1.168250000000000011e+00 1.000000000000000048e-04 5.455220222879508113e-02 1.000000000000000000e+00
-1.167499999999999982e+00 1.000000000000000048e-04 5.459624692146445440e-02 1.000000000000000000e+00
-1.166749999999999954e+00 1.000000000000000048e-04 5.464031104635008046e-02 1.000000000000000000e+00
-1.165999999999999925e+00 1.000000000000000048e-04 5.468439455706130409e-02 1.000000000000000000e+00
-1.165249999999999897e+00 1.000000000000000048e-04 5.472849740698701448e-02 1.000000000000000000e+00
-1.164499999999999869e+00 1.000000000000000048e-04 5.477261954929498605e-02 1.000000000000000000e+00
-1.163749999999999840e+00 1.000000000000000048e-04 5.481676093693119839e-02 1.000000000000000000e+00
-1.162999999999999812e+00 1.000000000000000048e-04 5.486092152261919791e-02 1.000000000000000000e+00
-1.162249999999999783e+00 1.000000000000000048e-04 5.490510125885957743e-02 1.000000000000000000e+00
-1.161499999999999755e+00 1.000000000000000048e-04 5.494930009792910880e-02 1.000000000000000000e+00
-1.160749999999999726e+00 1.000000000000000048e-04 5.499351799188032658e-02 1.000000000000000000e+00
-1.160000000000000142e+00 1.000000000000000048e-04 5.503775489254070230e-02 1.000000000000000000e+00
-1.159250000000000114e+00 1.000000000000000048e-04 5.508201075151210324e-02 1.000000000000000000e+00
-1.158500000000000085e+00 1.000000000000000048e-04 5.512628552017018874e-02 1.000000000000000000e+00
-1.157750000000000057e+00 1.000000000000000048e-04 5.517057914966355670e-02 1.000000000000000000e+00
-1.157000000000000028e+00 1.000000000000000048e-04 5.521489159091325094e-02 1.000000000000000000e+00
-1.156250000000000000e+00 1.000000000000000048e-04 5.525922279461209508e-02 1.000000000000000000e+00
-1.155499999999999972e+00 1.000000000000000048e-04 5.530357271122399165e-02 1.000000000000000000e+00
-1.154749999999999943e+00 1.000000000000000048e-04 5.534794129098331156e-02 1.000000000000000000e+00
-1.153999999999999915e+00 1.000000000000000048e-04 5.539232848389420705e-02 1.000000000000000000e+00
-1.153249999999999886e+00 1.000000000000000048e-04 5.543673423972988318e-02 1.000000000000000000e+00
-1.152499999999999858e+00 1.000000000000000048e-04 5.548115850803212595e-02 1.000000000000000000e+00
-1.151749999999999829e+00 1.000000000000000048e-04 5.552560123811041415e-02 1.000000000000000000e+00
-1.150999999999999801e+00 1.000000000000000048e-04 5.557006237904145440e-02 1.000000000000000000e+00
-1.150249999999999773e+00 1.000000000000000048e-04 5.561454187966832774e-02 1.000000000000000000e+00
-1.149499999999999744e+00 1.000000000000000048e-04 5.565903968860001078e-02 1.000000000000000000e+00
-1.148749999999999716e+00 1.000000000000000048e-04 5.570355575421055694e-02 1.000000000000000000e+00
-1.148000000000000131e+00 1.000000000000000048e-04 5.574809002463848584e-02 1.000000000000000000e+00
-1.147250000000000103e+00 1.000000000000000048e-04 5.579264244778613102e-02 1.000000000000000000e+00
-1.146500000000000075e+00 1.000000000000000048e-04 5.583721297131895300e-02 1.000000000000000000e+00
-1.145750000000000046e+00 1.000000000000000048e-04 5.588180154266481070e-02 1.000000000000000000e+00
-1.145000000000000018e+00 1.000000000000000048e-04 5.592640810901340631e-02 1.000000000000000000e+00
-1.144249999999999989e+00 1.000000000000000048e-04 5.597103261731545959e-02 1.000000000000000000e+00
-1.143499999999999961e+00 1.000000000000000048e-04 5.601567501428210416e-02 1.000000000000000000e+00
-1.142749999999999932e+00 1.000000000000000048e-04 5.606033524638430465e-02 1.000000000000000000e+00
-1.141999999999999904e+00 1.000000000000000048e-04 5.610501325985196158e-02 1.000000000000000000e+00
-1.141249999999999876e+00 1.000000000000000048e-04 5.614970900067339094e-02 1.000000000000000000e+00
-1.140499999999999847e+00 1.000000000000000048e-04 5.619442241459461640e-02 1.000000000000000000e+00
-1.139749999999999819e+00 1.000000000000000048e-04 5.623915344711861997e-02 1.000000000000000000e+00
-1.138999999999999790e+00 1.000000000000000048e-04 5.628390204350470355e-02 1.000000000000000000e+00
-1.138249999999999762e+00 1.000000000000000048e-04 5.632866814876780898e-02 1.000000000000000000e+00
-1.137499999999999734e+00 1.000000000000000048e-04 5.637345170767778940e-02 1.000000000000000000e+00
-1.136749999999999705e+00 1.000000000000000048e-04 5.641825266475872930e-02 1.000000000000000000e+00
-1.136000000000000121e+00 1.000000000000000048e-04 5.646307096428826444e-02 1.000000000000000000e+00
-1.135250000000000092e+00 1.000000000000000048e-04 5.650790655029692272e-02 1.000000000000000000e+00
-1.134500000000000064e+00 1.000000000000000048e-04 5.655275936656729840e-02 1.000000000000000000e+00
-1.133750000000000036e+00 1.000000000000000048e-04 5.659762935663354561e-02 1.000000000000000000e+00
-1.133000000000000007e+00 1.000000000000000048e-04 5.664251646378046928e-02 1.000000000000000000e+00
-1.132249999999999979e+00 1.000000000000000048e-04 5.668742063104305340e-02 1.000000000000000000e+00
-1.131499999999999950e+00 1.000000000000000048e-04 5.673234180120548253e-02 1.000000000000000000e+00
-1.130749999999999922e+00 1.000000000000000048e-04 5.677727991680072556e-02 1.000000000000000000e+00
-1.129999999999999893e+00 1.000000000000000048e-04 5.682223492010961274e-02 1.000000000000000000e+00
-1.129249999999999865e+00 1.000000000000000048e-04 5.686720675316025292e-02 1.000000000000000000e+00
-1.128499999999999837e+00 1.000000000000000048e-04 5.691219535772727017e-02 1.000000000000000000e+00
-1.127749999999999808e+00 1.000000000000000048e-04 5.695720067533110997e-02 1.000000000000000000e+00
-1.126999999999999780e+00 1.000000000000000048e-04 5.700222264723734528e-02 1.000000000000000000e+00
-1.126249999999999751e+00 1.000000000000000048e-04 5.704726121445589937e-02 1.000000000000000000e+00
-1.125499999999999723e+00 1.000000000000000048e-04 5.709231631774044219e-02 1.000000000000000000e+00
-1.124750000000000139e+00 1.000000000000000048e-04 5.713738789758753683e-02 1.000000000000000000e+00
-1.124000000000000110e+00 1.000000000000000048e-04 5.718247589423603588e-02 1.000000000000000000e+00
-1.123250000000000082e+00 1.000000000000000048e-04 5.722758024766638058e-02 1.000000000000000000e+00
-1.122500000000000053e+00 1.000000000000000048e-04 5.727270089759966404e-02 1.000000000000000000e+00
-1.121750000000000025e+00 1.000000000000000048e-04 5.731783778349720804e-02 1.000000000000000000e+00
-1.120999999999999996e+00 1.000000000000000048e-04 5.736299084455971642e-02 1.000000000000000000e+00
-1.120249999999999968e+00 1.000000000000000048e-04 5.740816001972638000e-02 1.000000000000000000e+00
-1.119499999999999940e+00 1.000000000000000048e-04 5.745334524767444634e-02 1.000000000000000000e+00
-1.118749999999999911e+00 1.000000000000000048e-04 5.749854646681828996e-02 1.000000000000000000e+00
-1.117999999999999883e+00 1.000000000000000048e-04 5.754376361530880168e-02 1.000000000000000000e+00
-1.117249999999999854e+00 1.000000000000000048e-04 5.758899663103245886e-02 1.000000000000000000e+00
-1.116499999999999826e+00 1.000000000000000048e-04 5.763424545161089513e-02 1.000000000000000000e+00
-1.115749999999999797e+00 1.000000000000000048e-04 5.767951001439994285e-02 1.000000000000000000e+00
-1.114999999999999769e+00 1.000000000000000048e-04 5.772479025648894618e-02 1.000000000000000000e+00
-1.114249999999999741e+00 1.000000000000000048e-04 5.777008611470003246e-02 1.000000000000000000e+00
-1.113499999999999712e+00 1.000000000000000048e-04 5.781539752558747386e-02 1.000000000000000000e+00
-1.112750000000000128e+00 1.000000000000000048e-04 5.786072442543667427e-02 1.000000000000000000e+00
-1.112000000000000099e+00 1.000000000000000048e-04 5.790606675026380157e-02 1.000000000000000000e+00
-1.111250000000000071e+00 1.000000000000000048e-04 5.795142443581474678e-02 1.000000000000000000e+00
-1.110500000000000043e+00 1.000000000000000048e-04 5.799679741756451345e-02 1.000000000000000000e+00
-1.109750000000000014e+00 1.000000000000000048e-04 5.804218563071641274e-02 1.000000000000000000e+00
-1.108999999999999986e+00 1.000000000000000048e-04 5.808758901020139032e-02 1.000000000000000000e+00
-1.108249999999999957e+00 1.000000000000000048e-04 5.813300749067722151e-02 1.000000000000000000e+00
-1.107499999999999929e+00 1.000000000000000048e-04 5.817844100652774797e-02 1.000000000000000000e+00
-1.106749999999999901e+00 1.000000000000000048e-04 5.822388949186221158e-02 1.000000000000000000e+00
-1.105999999999999872e+00 1.000000000000000048e-04 5.826935288051435236e-02 1.000000000000000000e+00
-1.105249999999999844e+00 1.000000000000000048e-04 5.831483110604181869e-02 1.000000000000000000e+00
-1.104499999999999815e+00 1.000000000000000048e-04 5.836032410172528606e-02 1.000000000000000000e+00
-1.103749999999999787e+00 1.000000000000000048e-04 5.840583180056786033e-02 1.000000000000000000e+00
-1.102999999999999758e+00 1.000000000000000048e-04 5.845135413529404383e-02 1.000000000000000000e+00
-1.102249999999999730e+00 1.000000000000000048e-04 5.849689103834920800e-02 1.000000000000000000e+00
-1.101499999999999702e+00 1.000000000000000048e-04 5.854244244189880930e-02 1.000000000000000000e+00
-1.100750000000000117e+00 1.000000000000000048e-04 5.858800827782751491e-02 1.000000000000000000e+00
-1.100000000000000089e+00 1.000000000000000048e-04 5.863358847773851579e-02 1.000000000000000000e+00
-1.099250000000000060e+00 1.000000000000000048e-04 5.867918297295275643e-02 1.000000000000000000e+00
-1.098500000000000032e+00 1.000000000000000048e-04 5.872479169450814385e-02 1.000000000000000000e+00
-1.097750000000000004e+00 1.000000000000000048e-04 5.877041457315880513e-02 1.000000000000000000e+00
-1.096999999999999975e+00 1.000000000000000048e-04 5.881605153937422698e-02 1.000000000000000000e+00
-1.096249999999999947e+00 1.000000000000000048e-04 5.886170252333865205e-02 1.000000000000000000e+00
-1.095499999999999918e+00 1.000000000000000048e-04 5.890736745495012833e-02 1.000000000000000000e+00
-1.094749999999999890e+00 1.000000000000000048e-04 5.895304626381985685e-02 1.000000000000000000e+00
-1.093999999999999861e+00 1.000000000000000048e-04 5.899873887927132438e-02 1.000000000000000000e+00
-1.093249999999999833e+00 1.000000000000000048e-04 5.904444523033960252e-02 1.000000000000000000e+00
-1.092499999999999805e+00 1.000000000000000048e-04 5.909016524577055673e-02 1.000000000000000000e+00
-1.091749999999999776e+00 1.000000000000000048e-04 5.913589885401996510e-02 1.000000000000000000e+00
-1.090999999999999748e+00 1.000000000000000048e-04 5.918164598325287989e-02 1.000000000000000000e+00
-1.090249999999999719e+00 1.000000000000000048e-04 5.922740656134269088e-02 1.000000000000000000e+00
-1.089500000000000135e+00 1.000000000000000048e-04 5.927318051587048692e-02 1.000000000000000000e+00
-1.088750000000000107e+00 1.000000000000000048e-04 5.931896777412418165e-02 1.000000000000000000e+00
-1.088000000000000078e+00 1.000000000000000048e-04 5.936476826309773636e-02 1.000000000000000000e+00
-1.087250000000000050e+00 1.000000000000000048e-04 5.941058190949041751e-02 1.000000000000000000e+00
-1.086500000000000021e+00 1.000000000000000048e-04 5.945640863970584611e-02 1.000000000000000000e+00
-1.085749999999999993e+00 1.000000000000000048e-04 5.950224837985142179e-02 1.000000000000000000e+00
-1.084999999999999964e+00 1.000000000000000048e-04 5.954810105573739992e-02 1.000000000000000000e+00
-1.084249999999999936e+00 1.000000000000000048e-04 5.959396659287606590e-02 1.000000000000000000e+00
-1.083499999999999908e+00 1.000000000000000048e-04 5.963984491648104819e-02 1.000000000000000000e+00
-1.082749999999999879e+00 1.000000000000000048e-04 5.968573595146642319e-02 1.000000000000000000e+00
-1.081999999999999851e+00 1.000000000000000048e-04 5.973163962244593811e-02 1.000000000000000000e+00
-1.081249999999999822e+00 1.000000000000000048e-04 5.977755585373227543e-02 1.000000000000000000e+00
-1.080499999999999794e+00 1.000000000000000048e-04 5.982348456933607450e-02 1.000000000000000000e+00
-1.079749999999999766e+00 1.000000000000000048e-04 5.986942569296532096e-02 1.000000000000000000e+00
-1.078999999999999737e+00 1.000000000000000048e-04 5.991537914802443771e-02 1.000000000000000000e+00
-1.078249999999999709e+00 1.000000000000000048e-04 5.996134485761349386e-02 1.000000000000000000e+00
-1.077500000000000124e+00 1.000000000000000048e-04 6.000732274452734438e-02 1.000000000000000000e+00
-1.076750000000000096e+00 1.000000000000000048e-04 6.005331273125495001e-02 1.000000000000000000e+00
-1.076000000000000068e+00 1.000000000000000048e-04 6.009931473997841972e-02 1.000000000000000000e+00
-1.075250000000000039e+00 1.000000000000000048e-04 6.014532869257223358e-02 1.000000000000000000e+00
-1.074500000000000011e+00 1.000000000000000048e-04 6.019135451060249331e-02 1.000000000000000000e+00
-1.073749999999999982e+00 1.000000000000000048e-04 6.023739211532598559e-02 1.000000000000000000e+00
-1.072999999999999954e+00 1.000000000000000048e-04 6.028344142768952973e-02 1.000000000000000000e+00
-1.072249999999999925e+00 1.000000000000000048e-04 6.032950236832891611e-02 1.000000000000000000e+00
-1.071499999999999897e+00 1.000000000000000048e-04 6.037557485756833014e-02 1.000000000000000000e+00
-1.070749999999999869e+00 1.000000000000000048e-04 6.042165881541937400e-02 1.000000000000000000e+00
-1.069999999999999840e+00 1.000000000000000048e-04 6.046775416158033101e-02 1.000000000000000000e+00
-1.069249999999999812e+00 1.000000000000000048e-04 6.051386081543518036e-02 1.000000000000000000e+00
-1.068499999999999783e+00 1.000000000000000048e-04 6.055997869605295875e-02 1.000000000000000000e+00
-1.067749999999999755e+00 1.000000000000000048e-04 6.060610772218687214e-02 1.000000000000000000e+00
-1.066999999999999726e+00 1.000000000000000048e-04 6.065224781227331746e-02 1.000000000000000000e+00
-1.066249999999999698e+00 1.000000000000000048e-04 6.069839888443127190e-02 1.000000000000000000e+00
-1.065500000000000114e+00 1.000000000000000048e-04 6.074456085646129377e-02 1.000000000000000000e+00
-1.064750000000000085e+00 1.000000000000000048e-04 6.079073364584478695e-02 1.000000000000000000e+00
-1.064000000000000057e+00 1.000000000000000048e-04 6.083691716974310576e-02 1.000000000000000000e+00
-1.063250000000000028e+00 1.000000000000000048e-04 6.088311134499668070e-02 1.000000000000000000e+00
-1.062500000000000000e+00 1.000000000000000048e-04 6.092931608812426209e-02 1.000000000000000000e+00
-1.061749999999999972e+00 1.000000000000000048e-04 6.097553131532204573e-02 1.000000000000000000e+00
-1.060999999999999943e+00 1.000000000000000048e-04 6.102175694246275012e-02 1.000000000000000000e+00
-1.060249999999999915e+00 1.000000000000000048e-04 6.106799288509486695e-02 1.000000000000000000e+00
-1.059499999999999886e+00 1.000000000000000048e-04 6.111423905844186322e-02 1.000000000000000000e+00
-1.058749999999999858e+00 1.000000000000000048e-04 6.116049537740109177e-02 1.000000000000000000e+00
-1.057999999999999829e+00 1.000000000000000048e-04 6.120676175654325007e-02 1.000000000000000000e+00
-1.057249999999999801e+00 1.000000000000000048e-04 6.125303811011120064e-02 1.000000000000000000e+00
-1.056499999999999773e+00 1.000000000000000048e-04 6.129932435201947832e-02 1.000000000000000000e+00
-1.055749999999999744e+00 1.000000000000000048e-04 6.134562039585311766e-02 1.000000000000000000e+00
-1.054999999999999716e+00 1.000000000000000048e-04 6.139192615486693122e-02 1.000000000000000000e+00
-1.054250000000000131e+00 1.000000000000000048e-04 6.143824154198473247e-02 1.000000000000000000e+00
-1.053500000000000103e+00 1.000000000000000048e-04 6.148456646979825330e-02 1.000000000000000000e+00
-1.052750000000000075e+00 1.000000000000000048e-04 6.153090085056650560e-02 1.000000000000000000e+00
-1.052000000000000046e+00 1.000000000000000048e-04 6.157724459621475438e-02 1.000000000000000000e+00
-1.051250000000000018e+00 1.000000000000000048e-04 6.162359761833382382e-02 1.000000000000000000e+00
-1.050499999999999989e+00 1.000000000000000048e-04 6.166995982817895933e-02 1.000000000000000000e+00
-1.049749999999999961e+00 1.000000000000000048e-04 6.171633113666927933e-02 1.000000000000000000e+00
-1.048999999999999932e+00 1.000000000000000048e-04 6.176271145438670673e-02 1.000000000000000000e+00
-1.048249999999999904e+00 1.000000000000000048e-04 6.180910069157508763e-02 1.000000000000000000e+00
-1.047499999999999876e+00 1.000000000000000048e-04 6.185549875813942805e-02 1.000000000000000000e+00
-1.046749999999999847e+00 1.000000000000000048e-04 6.190190556364493640e-02 1.000000000000000000e+00
-1.045999999999999819e+00 1.000000000000000048e-04 6.194832101731620466e-02 1.000000000000000000e+00
-1.045249999999999790e+00 1.000000000000000048e-04 6.199474502803625081e-02 1.000000000000000000e+00
-1.044499999999999762e+00 1.000000000000000048e-04 6.204117750434570699e-02 1.000000000000000000e+00
-1.043749999999999734e+00 1.000000000000000048e-04 6.208761835444195909e-02 1.000000000000000000e+00
-1.042999999999999705e+00 1.000000000000000048e-04 6.213406748617811975e-02 1.000000000000000000e+00
-1.042250000000000121e+00 1.000000000000000048e-04 6.218052480706236923e-02 1.000000000000000000e+00
-1.041500000000000092e+00 1.000000000000000048e-04 6.222699022425690757e-02 1.000000000000000000e+00
-1.040750000000000064e+00 1.000000000000000048e-04 6.227346364457705258e-02 1.000000000000000000e+00
-1.040000000000000036e+00 1.000000000000000048e-04 6.231994497449050430e-02 1.000000000000000000e+00
-1.039250000000000007e+00 1.000000000000000048e-04 6.236643412011621396e-02 1.000000000000000000e+00
-1.038499999999999979e+00 1.000000000000000048e-04 6.241293098722378030e-02 1.000000000000000000e+00
-1.037749999999999950e+00 1.000000000000000048e-04 6.245943548123236710e-02 1.000000000000000000e+00
-1.036999999999999922e+00 1.000000000000000048e-04 6.250594750720979420e-02 1.000000000000000000e+00
-1.036249999999999893e+00 1.000000000000000048e-04 6.255246696987171173e-02 1.000000000000000000e+00
-1.035499999999999865e+00 1.000000000000000048e-04 6.259899377358076056e-02 1.000000000000000000e+00
-1.034749999999999837e+00 1.000000000000000048e-04 6.264552782234554529e-02 1.000000000000000000e+00
-1.033999999999999808e+00 1.000000000000000048e-04 6.269206901981977387e-02 1.000000000000000000e+00
-1.033249999999999780e+00 1.000000000000000048e-04 6.273861726930138327e-02 1.000000000000000000e+00
-1.032499999999999751e+00 1.000000000000000048e-04 6.278517247373170684e-02 1.000000000000000000e+00
-1.031749999999999723e+00 1.000000000000000048e-04 6.283173453569430855e-02 1.000000000000000000e+00
-1.031000000000000139e+00 1.000000000000000048e-04 6.287830335741435850e-02 1.000000000000000000e+00
-1.030250000000000110e+00 1.000000000000000048e-04 6.292487884075764759e-02 1.000000000000000000e+00
-1.029500000000000082e+00 1.000000000000000048e-04 6.297146088722958834e-02 1.000000000000000000e+00
-1.028750000000000053e+00 1.000000000000000048e-04 6.301804939797432670e-02 1.000000000000000000e+00
-1.028000000000000025e+00 1.000000000000000048e-04 6.306464427377392323e-02 1.000000000000000000e+00
-1.027249999999999996e+00 1.000000000000000048e-04 6.311124541504736785e-02 1.000000000000000000e+00
-1.026499999999999968e+00 1.000000000000000048e-04 6.315785272184966381e-02 1.000000000000000000e+00
-1.025749999999999940e+00 1.000000000000000048e-04 6.320446609387082859e-02 1.000000000000000000e+00
-1.024999999999999911e+00 1.000000000000000048e-04 6.325108543043525544e-02 1.000000000000000000e+00
-1.024249999999999883e+00 1.000000000000000048e-04 6.329771063050045055e-02 1.000000000000000000e+00
-1.023499999999999854e+00 1.000000000000000048e-04 6.334434159265622810e-02 1.000000000000000000e+00
-1.022749999999999826e+00 1.000000000000000048e-04 6.339097821512393316e-02 1.000000000000000000e+00
-1.021999999999999797e+00 1.000000000000000048e-04 6.343762039575541467e-02 1.000000000000000000e+00
-1.021249999999999769e+00 1.000000000000000048e-04 6.348426803203190139e-02 1.000000000000000000e+00
-1.020499999999999741e+00 1.000000000000000048e-04 6.353092102106346062e-02 1.000000000000000000e+00
-1.019749999999999712e+00 1.000000000000000048e-04 6.357757925958772149e-02 1.000000000000000000e+00
-1.019000000000000128e+00 1.000000000000000048e-04 6.362424264396911167e-02 1.000000000000000000e+00
-1.018250000000000099e+00 1.000000000000000048e-04 6.367091107019799689e-02 1.000000000000000000e+00
-1.017500000000000071e+00 1.000000000000000048e-04 6.371758443388950144e-02 1.000000000000000000e+00
-1.016750000000000043e+00 1.000000000000000048e-04 6.376426263028284191e-02 1.000000000000000000e+00
-1.016000000000000014e+00 1.000000000000000048e-04 6.381094555424013381e-02 1.000000000000000000e+00
-1.015249999999999986e+00 1.000000000000000048e-04 6.385763310024569761e-02 1.000000000000000000e+00
-1.014499999999999957e+00 1.000000000000000048e-04 6.390432516240496241e-02 1.000000000000000000e+00
-1.013749999999999929e+00 1.000000000000000048e-04 6.395102163444349452e-02 1.000000000000000000e+00
-1.012999999999999901e+00 1.000000000000000048e-04 6.399772240970617865e-02 1.000000000000000000e+00
-1.012249999999999872e+00 1.000000000000000048e-04 6.404442738115624645e-02 1.000000000000000000e+00
-1.011499999999999844e+00 1.000000000000000048e-04 6.409113644137429122e-02 1.000000000000000000e+00
-1.010749999999999815e+00 1.000000000000000048e-04 6.413784948255722707e-02 1.000000000000000000e+00
-1.009999999999999787e+00 1.000000000000000048e-04 6.418456639651752560e-02 1.000000000000000000e+00
-1.009249999999999758e+00 1.000000000000000048e-04 6.423128707468218901e-02 1.000000000000000000e+00
-1.008499999999999730e+00 1.000000000000000048e-04 6.427801140809177860e-02 1.000000000000000000e+00
-1.007749999999999702e+00 1.000000000000000048e-04 6.432473928739936009e-02 1.000000000000000000e+00
-1.007000000000000117e+00 1.000000000000000048e-04 6.437147060286976807e-02 1.000000000000000000e+00
-1.006250000000000089e+00 1.000000000000000048e-04 6.441820524437852358e-02 1.000000000000000000e+00
-1.005500000000000060e+00 1.000000000000000048e-04 6.446494310141087647e-02 1.000000000000000000e+00
-1.004750000000000032e+00 1.000000000000000048e-04 6.451168406306077852e-02 1.000000000000000000e+00
-1.004000000000000004e+00 1.000000000000000048e-04 6.455842801803010622e-02 1.000000000000000000e+00
-1.003249999999999975e+00 1.000000000000000048e-04 6.460517485462749510e-02 1.000000000000000000e+00
-1.002499999999999947e+00 1.000000000000000048e-04 6.465192446076757637e-02 1.000000000000000000e+00
-1.001749999999999918e+00 1.000000000000000048e-04 6.469867672396976965e-02 1.000000000000000000e+00
-1.000999999999999890e+00 1.000000000000000048e-04 6.474543153135753348e-02 1.000000000000000000e+00
-1.000249999999999861e+00 1.000000000000000048e-04 6.479218876965724128e-02 1.000000000000000000e+00
-9.995000000000002771e-01 1.000000000000000048e-04 6.483894832519733475e-02 1.000000000000000000e+00
-9.987500000000002487e-01 1.000000000000000048e-04 6.488571008390739414e-02 1.000000000000000000e+00
-9.980000000000002203e-01 1.000000000000000048e-04 6.493247393131680589e-02 1.000000000000000000e+00
-9.972500000000001918e-01 1.000000000000000048e-04 6.497923975255422147e-02 1.000000000000000000e+00
-9.965000000000001634e-01 1.000000000000000048e-04 6.502600743234641933e-02 1.000000000000000000e+00
-9.957500000000001350e-01 1.000000000000000048e-04 6.507277685501720865e-02 1.000000000000000000e+00
-9.950000000000001066e-01 1.000000000000000048e-04 6.511954790448665209e-02 1.000000000000000000e+00
-9.942500000000000782e-01 1.000000000000000048e-04 6.516632046426991398e-02 1.000000000000000000e+00
-9.935000000000000497e-01 1.000000000000000048e-04 6.521309441747635827e-02 1.000000000000000000e+00
-9.927500000000000213e-01 1.000000000000000048e-04 6.525986964680859093e-02 1.000000000000000000e+00
-9.919999999999999929e-01 1.000000000000000048e-04 6.530664603456139139e-02 1.000000000000000000e+00
-9.912499999999999645e-01 1.000000000000000048e-04 6.535342346262081048e-02 1.000000000000000000e+00
-9.904999999999999361e-01 1.000000000000000048e-04 6.540020181246314346e-02 1.000000000000000000e+00
-9.897499999999999076e-01 1.000000000000000048e-04 6.544698096515386143e-02 1.000000000000000000e+00
-9.889999999999998792e-01 1.000000000000000048e-04 6.549376080134680644e-02 1.000000000000000000e+00
-9.882499999999998508e-01 1.000000000000000048e-04 6.554054120128305350e-02 1.000000000000000000e+00
-9.874999999999998224e-01 1.000000000000000048e-04 6.558732204478991135e-02 1.000000000000000000e+00
-9.867499999999997939e-01 1.000000000000000048e-04 6.563410321127995106e-02 1.000000000000000000e+00
-9.859999999999997655e-01 1.000000000000000048e-04 6.568088457975009009e-02 1.000000000000000000e+00
-9.852499999999997371e-01 1.000000000000000048e-04 6.572766602878052367e-02 1.000000000000000000e+00
-9.844999999999997087e-01 1.000000000000000048e-04 6.577444743653367010e-02 1.000000000000000000e+00
-9.837499999999996803e-01 1.000000000000000048e-04 6.582122868075328259e-02 1.000000000000000000e+00
-9.829999999999996518e-01 1.000000000000000048e-04 6.586800963876335291e-02 1.000000000000000000e+00
-9.822499999999996234e-01 1.000000000000000048e-04 6.591479018746719543e-02 1.000000000000000000e+00
-9.814999999999995950e-01 1.000000000000000048e-04 6.596157020334629528e-02 1.000000000000000000e+00
-9.807499999999995666e-01 1.000000000000000048e-04 6.600834956245950347e-02 1.000000000000000000e+00
-9.799999999999995381e-01 1.000000000000000048e-04 6.605512814044184333e-02 1.000000000000000000e+00
-9.792499999999995097e-01 1.000000000000000048e-04 6.610190581250355302e-02 1.000000000000000000e+00
-9.784999999999994813e-01 1.000000000000000048e-04 6.614868245342926667e-02 1.000000000000000000e+00
-9.777500000000003411e-01 1.000000000000000048e-04 6.619545793757657115e-02 1.000000000000000000e+00
-9.770000000000003126e-01 1.000000000000000048e-04 6.624223213887549255e-02 1.000000000000000000e+00
-9.762500000000002842e-01 1.000000000000000048e-04 6.628900493082710843e-02 1.000000000000000000e+00
-9.755000000000002558e-01 1.000000000000000048e-04 6.633577618650268737e-02 1.000000000000000000e+00
-9.747500000000002274e-01 1.000000000000000048e-04 6.638254577854263427e-02 1.000000000000000000e+00
-9.740000000000001990e-01 1.000000000000000048e-04 6.642931357915549118e-02 1.000000000000000000e+00
-9.732500000000001705e-01 1.000000000000000048e-04 6.647607946011691027e-02 1.000000000000000000e+00
-9.725000000000001421e-01 1.000000000000000048e-04 6.652284329276861308e-02 1.000000000000000000e+00
-9.717500000000001137e-01 1.000000000000000048e-04 6.656960494801739125e-02 1.000000000000000000e+00
-9.710000000000000853e-01 1.000000000000000048e-04 6.661636429633401024e-02 1.000000000000000000e+00
-9.702500000000000568e-01 1.000000000000000048e-04 6.666312120775233496e-02 1.000000000000000000e+00
-9.695000000000000284e-01 1.000000000000000048e-04 6.670987555186812246e-02 1.000000000000000000e+00
-9.687500000000000000e-01 1.000000000000000048e-04 6.675662719783810595e-02 1.000000000000000000e+00
-9.679999999999999716e-01 1.000000000000000048e-04 6.680337601437892625e-02 1.000000000000000000e+00
-9.672499999999999432e-01 1.000000000000000048e-04 6.685012186976610482e-02 1.000000000000000000e+00
-9.664999999999999147e-01 1.000000000000000048e-04 6.689686463183303067e-02 1.000000000000000000e+00
-9.657499999999998863e-01 1.000000000000000048e-04 6.694360416796982238e-02 1.000000000000000000e+00
-9.649999999999998579e-01 1.000000000000000048e-04 6.699034034512249547e-02 1.000000000000000000e+00
-9.642499999999998295e-01 1.000000000000000048e-04 6.703707302979167171e-02 1.000000000000000000e+00
-9.634999999999998010e-01 1.000000000000000048e-04 6.708380208803174649e-02 1.000000000000000000e+00
-9.627499999999997726e-01 1.000000000000000048e-04 6.713052738544975084e-02 1.000000000000000000e+00
-9.619999999999997442e-01 1.000000000000000048e-04 6.717724878720432446e-02 1.000000000000000000e+00
-9.612499999999997158e-01 1.000000000000000048e-04 6.722396615800464714e-02 1.000000000000000000e+00
-9.604999999999996874e-01 1.000000000000000048e-04 6.727067936210943955e-02 1.000000000000000000e+00
-9.597499999999996589e-01 1.000000000000000048e-04 6.731738826332596404e-02 1.000000000000000000e+00
-9.589999999999996305e-01 1.000000000000000048e-04 6.736409272500876178e-02 1.000000000000000000e+00
-9.582499999999996021e-01 1.000000000000000048e-04 6.741079261005887557e-02 1.000000000000000000e+00
-9.574999999999995737e-01 1.000000000000000048e-04 6.745748778092262865e-02 1.000000000000000000e+00
-9.567499999999995453e-01 1.000000000000000048e-04 6.750417809959059767e-02 1.000000000000000000e+00
-9.559999999999995168e-01 1.000000000000000048e-04 6.755086342759669682e-02 1.000000000000000000e+00
-9.552499999999994884e-01 1.000000000000000048e-04 6.759754362601679001e-02 1.000000000000000000e+00
-9.545000000000003482e-01 1.000000000000000048e-04 6.764421855546803863e-02 1.000000000000000000e+00
-9.537500000000003197e-01 1.000000000000000048e-04 6.769088807610761094e-02 1.000000000000000000e+00
-9.530000000000002913e-01 1.000000000000000048e-04 6.773755204763165505e-02 1.000000000000000000e+00
-9.522500000000002629e-01 1.000000000000000048e-04 6.778421032927428591e-02 1.000000000000000000e+00
-9.515000000000002345e-01 1.000000000000000048e-04 6.783086277980639178e-02 1.000000000000000000e+00
-9.507500000000002061e-01 1.000000000000000048e-04 6.787750925753474607e-02 1.000000000000000000e+00
-9.500000000000001776e-01 1.000000000000000048e-04 6.792414962030093872e-02 1.000000000000000000e+00
-9.492500000000001492e-01 1.000000000000000048e-04 6.797078372548015501e-02 1.000000000000000000e+00
-9.485000000000001208e-01 1.000000000000000048e-04 6.801741142998013467e-02 1.000000000000000000e+00
-9.477500000000000924e-01 1.000000000000000048e-04 6.806403259024032537e-02 1.000000000000000000e+00
-9.470000000000000639e-01 1.000000000000000048e-04 6.811064706223053655e-02 1.000000000000000000e+00
-9.462500000000000355e-01 1.000000000000000048e-04 6.815725470144998188e-02 1.000000000000000000e+00
-9.455000000000000071e-01 1.000000000000000048e-04 6.820385536292632167e-02 1.000000000000000000e+00
-9.447499999999999787e-01 1.000000000000000048e-04 6.825044890121441388e-02 1.000000000000000000e+00
-9.439999999999999503e-01 1.000000000000000048e-04 6.829703517039520388e-02 1.000000000000000000e+00
-9.432499999999999218e-01 1.000000000000000048e-04 6.834361402407494734e-02 1.000000000000000000e+00
-9.424999999999998934e-01 1.000000000000000048e-04 6.839018531538380852e-02 1.000000000000000000e+00
-9.417499999999998650e-01 1.000000000000000048e-04 6.843674889697494435e-02 1.000000000000000000e+00
-9.409999999999998366e-01 1.000000000000000048e-04 6.848330462102340810e-02 1.000000000000000000e+00
-9.402499999999998082e-01 1.000000000000000048e-04 6.852985233922499753e-02 1.000000000000000000e+00
-9.394999999999997797e-01 1.000000000000000048e-04 6.857639190279529728e-02 1.000000000000000000e+00
-9.387499999999997513e-01 1.000000000000000048e-04 6.862292316246854096e-02 1.000000000000000000e+00
-9.379999999999997229e-01 1.000000000000000048e-04 6.866944596849645921e-02 1.000000000000000000e+00
-9.372499999999996945e-01 1.000000000000000048e-04 6.871596017064719730e-02 1.000000000000000000e+00
-9.364999999999996660e-01 1.000000000000000048e-04 6.876246561820444081e-02 1.000000000000000000e+00
-9.357499999999996376e-01 1.000000000000000048e-04 6.880896215996601395e-02 1.000000000000000000e+00
-9.349999999999996092e-01 1.000000000000000048e-04 6.885544964424306080e-02 1.000000000000000000e+00
-9.342499999999995808e-01 1.000000000000000048e-04 6.890192791885872692e-02 1.000000000000000000e+00
-9.334999999999995524e-01 1.000000000000000048e-04 6.894839683114727114e-02 1.000000000000000000e+00
-9.327499999999995239e-01 1.000000000000000048e-04 6.899485622795287210e-02 1.000000000000000000e+00
-9.319999999999994955e-01 1.000000000000000048e-04 6.904130595562844863e-02 1.000000000000000000e+00
-9.312500000000003553e-01 1.000000000000000048e-04 6.908774586003472995e-02 1.000000000000000000e+00
-9.305000000000003268e-01 1.000000000000000048e-04 6.913417578653914541e-02 1.000000000000000000e+00
-9.297500000000002984e-01 1.000000000000000048e-04 6.918059558001463105e-02 1.000000000000000000e+00
-9.290000000000002700e-01 1.000000000000000048e-04 6.922700508483849158e-02 1.000000000000000000e+00
-9.282500000000002416e-01 1.000000000000000048e-04 6.927340414489145670e-02 1.000000000000000000e+00
-9.275000000000002132e-01 1.000000000000000048e-04 6.931979260355645989e-02 1.000000000000000000e+00
-9.267500000000001847e-01 1.000000000000000048e-04 6.936617030371769466e-02 1.000000000000000000e+00
-9.260000000000001563e-01 1.000000000000000048e-04 6.941253708775922682e-02 1.000000000000000000e+00
-9.252500000000001279e-01 1.000000000000000048e-04 6.945889279756413404e-02 1.000000000000000000e+00
-9.245000000000000995e-01 1.000000000000000048e-04 6.950523727451340950e-02 1.000000000000000000e+00
-9.237500000000000711e-01 1.000000000000000048e-04 6.955157035948457411e-02 1.000000000000000000e+00
-9.230000000000000426e-01 1.000000000000000048e-04 6.959789189285098265e-02 1.000000000000000000e+00
-9.222500000000000142e-01 1.000000000000000048e-04 6.964420171448036656e-02 1.000000000000000000e+00
-9.214999999999999858e-01 1.000000000000000048e-04 6.969049966373386251e-02 1.000000000000000000e+00
-9.207499999999999574e-01 1.000000000000000048e-04 6.973678557946497159e-02 1.000000000000000000e+00
-9.199999999999999289e-01 1.000000000000000048e-04 6.978305930001825474e-02 1.000000000000000000e+00
-9.192499999999999005e-01 1.000000000000000048e-04 6.982932066322843079e-02 1.000000000000000000e+00
-9.184999999999998721e-01 1.000000000000000048e-04 6.987556950641909959e-02 1.000000000000000000e+00
-9.177499999999998437e-01 1.000000000000000048e-04 6.992180566640172901e-02 1.000000000000000000e+00
-9.169999999999998153e-01 1.000000000000000048e-04 6.996802897947453082e-02 1.000000000000000000e+00
-9.162499999999997868e-01 1.000000000000000048e-04 7.001423928142119779e-02 1.000000000000000000e+00
-9.154999999999997584e-01 1.000000000000000048e-04 7.006043640751004331e-02 1.000000000000000000e+00
-9.147499999999997300e-01 1.000000000000000048e-04 7.010662019249259969e-02 1.000000000000000000e+00
-9.139999999999997016e-01 1.000000000000000048e-04 7.015279047060272999e-02 1.000000000000000000e+00
-9.132499999999996732e-01 1.000000000000000048e-04 7.019894707555539293e-02 1.000000000000000000e+00
-9.124999999999996447e-01 1.000000000000000048e-04 7.024508984054550487e-02 1.000000000000000000e+00
-9.117499999999996163e-01 1.000000000000000048e-04 7.029121859824691287e-02 1.000000000000000000e+00
-9.109999999999995879e-01 1.000000000000000048e-04 7.033733318081109021e-02 1.000000000000000000e+00
-9.102499999999995595e-01 1.000000000000000048e-04 7.038343341986626200e-02 1.000000000000000000e+00
-9.094999999999995310e-01 1.000000000000000048e-04 7.042951914651600365e-02 1.000000000000000000e+00
-9.087499999999995026e-01 1.000000000000000048e-04 7.047559019133833869e-02 1.000000000000000000e+00
-9.079999999999994742e-01 1.000000000000000048e-04 7.052164638438455924e-02 1.000000000000000000e+00
-9.072500000000003340e-01 1.000000000000000048e-04 7.056768755517787983e-02 1.000000000000000000e+00
-9.065000000000003055e-01 1.000000000000000048e-04 7.061371353271267415e-02 1.000000000000000000e+00
-9.057500000000002771e-01 1.000000000000000048e-04 7.065972414545305946e-02 1.000000000000000000e+00
-9.050000000000002487e-01 1.000000000000000048e-04 7.070571922133188358e-02 1.000000000000000000e+00
-9.042500000000002203e-01 1.000000000000000048e-04 7.075169858774950360e-02 1.000000000000000000e+00
-9.035000000000001918e-01 1.000000000000000048e-04 7.079766207157273117e-02 1.000000000000000000e+00
-9.027500000000001634e-01 1.000000000000000048e-04 7.084360949913370842e-02 1.000000000000000000e+00
-9.020000000000001350e-01 1.000000000000000048e-04 7.088954069622875609e-02 1.000000000000000000e+00
-9.012500000000001066e-01 1.000000000000000048e-04 7.093545548811711066e-02 1.000000000000000000e+00
-9.005000000000000782e-01 1.000000000000000048e-04 7.098135369951992513e-02 1.000000000000000000e+00
-8.997500000000000497e-01 1.000000000000000048e-04 7.102723515461920045e-02 1.000000000000000000e+00
-8.990000000000000213e-01 1.000000000000000048e-04 7.107309967705634224e-02 1.000000000000000000e+00
-8.982499999999999929e-01 1.000000000000000048e-04 7.111894708993141134e-02 1.000000000000000000e+00
-8.974999999999999645e-01 1.000000000000000048e-04 7.116477721580161120e-02 1.000000000000000000e+00
-8.967499999999999361e-01 1.000000000000000048e-04 7.121058987668039963e-02 1.000000000000000000e+00
-8.959999999999999076e-01 1.000000000000000048e-04 7.125638489403626763e-02 1.000000000000000000e+00
-8.952499999999998792e-01 1.000000000000000048e-04 7.130216208879154582e-02 1.000000000000000000e+00
-8.944999999999998508e-01 1.000000000000000048e-04 7.134792128132134981e-02 1.000000000000000000e+00
-8.937499999999998224e-01 1.000000000000000048e-04 7.139366229145227560e-02 1.000000000000000000e+00
-8.929999999999997939e-01 1.000000000000000048e-04 7.143938493846141435e-02 1.000000000000000000e+00
-8.922499999999997655e-01 1.000000000000000048e-04 7.148508904107518658e-02 1.000000000000000000e+00
-8.914999999999997371e-01 1.000000000000000048e-04 7.153077441746809317e-02 1.000000000000000000e+00
-8.907499999999997087e-01 1.000000000000000048e-04 7.157644088526163295e-02 1.000000000000000000e+00
-8.899999999999996803e-01 1.000000000000000048e-04 7.162208826152312302e-02 1.000000000000000000e+00
-8.892499999999996518e-01 1.000000000000000048e-04 7.166771636276457469e-02 1.000000000000000000e+00
-8.884999999999996234e-01 1.000000000000000048e-04 7.171332500494149997e-02 1.000000000000000000e+00
-8.877499999999995950e-01 1.000000000000000048e-04 7.175891400345177362e-02 1.000000000000000000e+00
-8.869999999999995666e-01 1.000000000000000048e-04 7.180448317313464779e-02 1.000000000000000000e+00
-8.862499999999995381e-01 1.000000000000000048e-04 7.185003232826914221e-02 1.000000000000000000e+00
-8.854999999999995097e-01 1.000000000000000048e-04 7.189556128257337808e-02 1.000000000000000000e+00
-8.847499999999994813e-01 1.000000000000000048e-04 7.194106984920319026e-02 1.000000000000000000e+00
-8.840000000000003411e-01 1.000000000000000048e-04 7.198655784075091990e-02 1.000000000000000000e+00
-8.832500000000003126e-01 1.000000000000000048e-04 7.203202506924451243e-02 1.000000000000000000e+00
-8.825000000000002842e-01 1.000000000000000048e-04 7.207747134614599094e-02 1.000000000000000000e+00
-8.817500000000002558e-01 1.000000000000000048e-04 7.212289648235062356e-02 1.000000000000000000e+00
-8.810000000000002274e-01 1.000000000000000048e-04 7.216830028818541076e-02 1.000000000000000000e+00
-8.802500000000001990e-01 1.000000000000000048e-04 7.221368257340839147e-02 1.000000000000000000e+00
-8.795000000000001705e-01 1.000000000000000048e-04 7.225904314720707489e-02 1.000000000000000000e+00
-8.787500000000001421e-01 1.000000000000000048e-04 7.230438181819745513e-02 1.000000000000000000e+00
-8.780000000000001137e-01 1.000000000000000048e-04 7.234969839442279005e-02 1.000000000000000000e+00
-8.772500000000000853e-01 1.000000000000000048e-04 7.239499268335251869e-02 1.000000000000000000e+00
-8.765000000000000568e-01 1.000000000000000048e-04 7.244026449188097072e-02 1.000000000000000000e+00
-8.757500000000000284e-01 1.000000000000000048e-04 7.248551362632631168e-02 1.000000000000000000e+00
-8.750000000000000000e-01 1.000000000000000048e-04 7.253073989242932174e-02 1.000000000000000000e+00
-8.742499999999999716e-01 1.000000000000000048e-04 7.257594309535217447e-02 1.000000000000000000e+00
-8.734999999999999432e-01 1.000000000000000048e-04 7.262112303967746541e-02 1.000000000000000000e+00
-8.727499999999999147e-01 1.000000000000000048e-04 7.266627952940672708e-02 1.000000000000000000e+00
-8.719999999999998863e-01 1.000000000000000048e-04 7.271141236795963803e-02 1.000000000000000000e+00
-8.712499999999998579e-01 1.000000000000000048e-04 7.275652135817242683e-02 1.000000000000000000e+00
-8.704999999999998295e-01 1.000000000000000048e-04 7.280160630229710883e-02 1.000000000000000000e+00
-8.697499999999998010e-01 1.000000000000000048e-04 7.284666700200009837e-02 1.000000000000000000e+00
-8.689999999999997726e-01 1.000000000000000048e-04 7.289170325836093201e-02 1.000000000000000000e+00
-8.682499999999997442e-01 1.000000000000000048e-04 7.293671487187135261e-02 1.000000000000000000e+00
-8.674999999999997158e-01 1.000000000000000048e-04 7.298170164243404645e-02 1.000000000000000000e+00
-8.667499999999996874e-01 1.000000000000000048e-04 7.302666336936135261e-02 1.000000000000000000e+00
-8.659999999999996589e-01 1.000000000000000048e-04 7.307159985137411107e-02 1.000000000000000000e+00
-8.652499999999996305e-01 1.000000000000000048e-04 7.311651088660077458e-02 1.000000000000000000e+00
-8.644999999999996021e-01 1.000000000000000048e-04 7.316139627257578493e-02 1.000000000000000000e+00
-8.637499999999995737e-01 1.000000000000000048e-04 7.320625580623862927e-02 1.000000000000000000e+00
-8.629999999999995453e-01 1.000000000000000048e-04 7.325108928393279928e-02 1.000000000000000000e+00
-8.622499999999995168e-01 1.000000000000000048e-04 7.329589650140430623e-02 1.000000000000000000e+00
-8.614999999999994884e-01 1.000000000000000048e-04 7.334067725380072345e-02 1.000000000000000000e+00
-8.607500000000003482e-01 1.000000000000000048e-04 7.338543133566992338e-02 1.000000000000000000e+00
-8.600000000000003197e-01 1.000000000000000048e-04 7.343015854095898132e-02 1.000000000000000000e+00
-8.592500000000002913e-01 1.000000000000000048e-04 7.347485866301285695e-02 1.000000000000000000e+00
-8.585000000000002629e-01 1.000000000000000048e-04 7.351953149457328418e-02 1.000000000000000000e+00
-8.577500000000002345e-01 1.000000000000000048e-04 7.356417682777760536e-02 1.000000000000000000e+00
-8.570000000000002061e-01 1.000000000000000048e-04 7.360879445415759170e-02 1.000000000000000000e+00
-8.562500000000001776e-01 1.000000000000000048e-04 7.365338416463827753e-02 1.000000000000000000e+00
-8.555000000000001492e-01 1.000000000000000048e-04 7.369794574953661415e-02 1.000000000000000000e+00
-8.547500000000001208e-01 1.000000000000000048e-04 7.374247899856056776e-02 1.000000000000000000e+00
-8.540000000000000924e-01 1.000000000000000048e-04 7.378698370080771785e-02 1.000000000000000000e+00
-8.532500000000000639e-01 1.000000000000000048e-04 7.383145964476411915e-02 1.000000000000000000e+00
-8.525000000000000355e-01 1.000000000000000048e-04 7.387590661830319150e-02 1.000000000000000000e+00
-8.517500000000000071e-01 1.000000000000000048e-04 7.392032440868447074e-02 1.000000000000000000e+00
-8.509999999999999787e-01 1.000000000000000048e-04 7.396471280255240144e-02 1.000000000000000000e+00
-8.502499999999999503e-01 1.000000000000000048e-04 7.400907158593521273e-02 1.000000000000000000e+00
-8.494999999999999218e-01 1.000000000000000048e-04 7.405340054424373875e-02 1.000000000000000000e+00
-8.487499999999998934e-01 1.000000000000000048e-04 7.409769946227008630e-02 1.000000000000000000e+00
-8.479999999999998650e-01 1.000000000000000048e-04 7.414196812418671900e-02 1.000000000000000000e+00
-8.472499999999998366e-01 1.000000000000000048e-04 7.418620631354500006e-02 1.000000000000000000e+00
-8.464999999999998082e-01 1.000000000000000048e-04 7.423041381327409594e-02 1.000000000000000000e+00
-8.457499999999997797e-01 1.000000000000000048e-04 7.427459040567994941e-02 1.000000000000000000e+00
-8.449999999999997513e-01 1.000000000000000048e-04 7.431873587244379464e-02 1.000000000000000000e+00
-8.442499999999997229e-01 1.000000000000000048e-04 7.436284999462119960e-02 1.000000000000000000e+00
-8.434999999999996945e-01 1.000000000000000048e-04 7.440693255264083095e-02 1.000000000000000000e+00
-8.427499999999996660e-01 1.000000000000000048e-04 7.445098332630320503e-02 1.000000000000000000e+00
-8.419999999999996376e-01 1.000000000000000048e-04 7.449500209477945278e-02 1.000000000000000000e+00
-8.412499999999996092e-01 1.000000000000000048e-04 7.453898863661040375e-02 1.000000000000000000e+00
-8.404999999999995808e-01 1.000000000000000048e-04 7.458294272970500405e-02 1.000000000000000000e+00
-8.397499999999995524e-01 1.000000000000000048e-04 7.462686415133942819e-02 1.000000000000000000e+00
-8.389999999999995239e-01 1.000000000000000048e-04 7.467075267815573292e-02 1.000000000000000000e+00
-8.382499999999994955e-01 1.000000000000000048e-04 7.471460808616080251e-02 1.000000000000000000e+00
-8.375000000000003553e-01 1.000000000000000048e-04 7.475843015072494713e-02 1.000000000000000000e+00
-8.367500000000003268e-01 1.000000000000000048e-04 7.480221864658098685e-02 1.000000000000000000e+00
-8.360000000000002984e-01 1.000000000000000048e-04 7.484597334782280842e-02 1.000000000000000000e+00
-8.352500000000002700e-01 1.000000000000000048e-04 7.488969402790429664e-02 1.000000000000000000e+00
-8.345000000000002416e-01 1.000000000000000048e-04 7.493338045963815475e-02 1.000000000000000000e+00
-8.337500000000002132e-01 1.000000000000000048e-04 7.497703241519464157e-02 1.000000000000000000e+00
-8.330000000000001847e-01 1.000000000000000048e-04 7.502064966610043351e-02 1.000000000000000000e+00
-8.322500000000001563e-01 1.000000000000000048e-04 7.506423198323750046e-02 1.000000000000000000e+00
-8.315000000000001279e-01 1.000000000000000048e-04 7.510777913684166252e-02 1.000000000000000000e+00
-8.307500000000000995e-01 1.000000000000000048e-04 7.515129089650178507e-02 1.000000000000000000e+00
-8.300000000000000711e-01 1.000000000000000048e-04 7.519476703115821059e-02 1.000000000000000000e+00
-8.292500000000000426e-01 1.000000000000000048e-04 7.523820730910174559e-02 1.000000000000000000e+00
-8.285000000000000142e-01 1.000000000000000048e-04 7.528161149797250873e-02 1.000000000000000000e+00
-8.277499999999999858e-01 1.000000000000000048e-04 7.532497936475869571e-02 1.000000000000000000e+00
-8.269999999999999574e-01 1.000000000000000048e-04 7.536831067579528864e-02 1.000000000000000000e+00
-8.262499999999999289e-01 1.000000000000000048e-04 7.541160519676300134e-02 1.000000000000000000e+00
-8.254999999999999005e-01 1.000000000000000048e-04 7.545486269268703028e-02 1.000000000000000000e+00
-8.247499999999998721e-01 1.000000000000000048e-04 7.549808292793581954e-02 1.000000000000000000e+00
-8.239999999999998437e-01 1.000000000000000048e-04 7.554126566622004768e-02 1.000000000000000000e+00
-8.232499999999998153e-01 1.000000000000000048e-04 7.558441067059111507e-02 1.000000000000000000e+00
-8.224999999999997868e-01 1.000000000000000048e-04 7.562751770344022795e-02 1.000000000000000000e+00
-8.217499999999997584e-01 1.000000000000000048e-04 7.567058652649717720e-02 1.000000000000000000e+00
-8.209999999999997300e-01 1.000000000000000048e-04 7.571361690082896445e-02 1.000000000000000000e+00
-8.202499999999997016e-01 1.000000000000000048e-04 7.575660858683888610e-02 1.000000000000000000e+00
-8.194999999999996732e-01 1.000000000000000048e-04 7.579956134426500680e-02 1.000000000000000000e+00
-8.187499999999996447e-01 1.000000000000000048e-04 7.584247493217924352e-02 1.000000000000000000e+00
-8.179999999999996163e-01 1.000000000000000048e-04 7.588534910898615815e-02 1.000000000000000000e+00
-8.172499999999995879e-01 1.000000000000000048e-04 7.592818363242147262e-02 1.000000000000000000e+00
-8.164999999999995595e-01 1.000000000000000048e-04 7.597097825955127781e-02 1.000000000000000000e+00
-8.157499999999995310e-01 1.000000000000000048e-04 7.601373274677059033e-02 1.000000000000000000e+00
-8.149999999999995026e-01 1.000000000000000048e-04 7.605644684980224224e-02 1.000000000000000000e+00
-8.142499999999994742e-01 1.000000000000000048e-04 7.609912032369563206e-02 1.000000000000000000e+00
-8.135000000000003340e-01 1.000000000000000048e-04 7.614175292282557295e-02 1.000000000000000000e+00
-8.127500000000003055e-01 1.000000000000000048e-04 7.618434440089123794e-02 1.000000000000000000e+00
-8.120000000000002771e-01 1.000000000000000048e-04 7.622689451091460566e-02 1.000000000000000000e+00
-8.112500000000002487e-01 1.000000000000000048e-04 7.626940300523975258e-02 1.000000000000000000e+00
-8.105000000000002203e-01 1.000000000000000048e-04 7.631186963553122926e-02 1.000000000000000000e+00
-8.097500000000001918e-01 1.000000000000000048e-04 7.635429415277308896e-02 1.000000000000000000e+00
-8.090000000000001634e-01 1.000000000000000048e-04 7.639667630726772185e-02 1.000000000000000000e+00
-8.082500000000001350e-01 1.000000000000000048e-04 7.643901584863457832e-02 1.000000000000000000e+00
-8.075000000000001066e-01 1.000000000000000048e-04 7.648131252580894768e-02 1.000000000000000000e+00
-8.067500000000000782e-01 1.000000000000000048e-04 7.652356608704093122e-02 1.000000000000000000e+00
-8.060000000000000497e-01 1.000000000000000048e-04 7.656577627989409607e-02 1.000000000000000000e+00
-8.052500000000000213e-01 1.000000000000000048e-04 7.660794285124435110e-02 1.000000000000000000e+00
-8.044999999999999929e-01 1.000000000000000048e-04 7.665006554727878119e-02 1.000000000000000000e+00
-8.037499999999999645e-01 1.000000000000000048e-04 7.669214411349438432e-02 1.000000000000000000e+00
-8.029999999999999361e-01 1.000000000000000048e-04 7.673417829469693363e-02 1.000000000000000000e+00
-8.022499999999999076e-01 1.000000000000000048e-04 7.677616783499989495e-02 1.000000000000000000e+00
-8.014999999999998792e-01 1.000000000000000048e-04 7.681811247782294183e-02 1.000000000000000000e+00
-8.007499999999998508e-01 1.000000000000000048e-04 7.686001196589120621e-02 1.000000000000000000e+00
-7.999999999999998224e-01 1.000000000000000048e-04 7.690186604123362690e-02 1.000000000000000000e+00
-7.992499999999997939e-01 1.000000000000000048e-04 7.694367444518215859e-02 1.000000000000000000e+00
-7.984999999999997655e-01 1.000000000000000048e-04 7.698543691837031466e-02 1.000000000000000000e+00
-7.977499999999997371e-01 1.000000000000000048e-04 7.702715320073218186e-02 1.000000000000000000e+00
-7.969999999999997087e-01 1.000000000000000048e-04 7.706882303150097702e-02 1.000000000000000000e+00
-7.962499999999996803e-01 1.000000000000000048e-04 7.711044614920826989e-02 1.000000000000000000e+00
-7.954999999999996518e-01 1.000000000000000048e-04 7.715202229168234560e-02 1.000000000000000000e+00
-7.947499999999996234e-01 1.000000000000000048e-04 7.719355119604735804e-02 1.000000000000000000e+00
-7.939999999999995950e-01 1.000000000000000048e-04 7.723503259872208093e-02 1.000000000000000000e+00
-7.932499999999995666e-01 1.000000000000000048e-04 7.727646623541849225e-02 1.000000000000000000e+00
-7.924999999999995381e-01 1.000000000000000048e-04 7.731785184114095544e-02 1.000000000000000000e+00
-7.917499999999995097e-01 1.000000000000000048e-04 7.735918915018480391e-02 1.000000000000000000e+00
-7.909999999999994813e-01 1.000000000000000048e-04 7.740047789613520302e-02 1.000000000000000000e+00
-7.902500000000003411e-01 1.000000000000000048e-04 7.744171781186602599e-02 1.000000000000000000e+00
-7.895000000000003126e-01 1.000000000000000048e-04 7.748290862953864655e-02 1.000000000000000000e+00
-7.887500000000002842e-01 1.000000000000000048e-04 7.752405008060075930e-02 1.000000000000000000e+00
-7.880000000000002558e-01 1.000000000000000048e-04 7.756514189578518625e-02 1.000000000000000000e+00
-7.872500000000002274e-01 1.000000000000000048e-04 7.760618380510873882e-02 1.000000000000000000e+00
-7.865000000000001990e-01 1.000000000000000048e-04 7.764717553787102433e-02 1.000000000000000000e+00
-7.857500000000001705e-01 1.000000000000000048e-04 7.768811682265325258e-02 1.000000000000000000e+00
-7.850000000000001421e-01 1.000000000000000048e-04 7.772900738731708392e-02 1.000000000000000000e+00
-7.842500000000001137e-01 1.000000000000000048e-04 7.776984695900351907e-02 1.000000000000000000e+00
-7.835000000000000853e-01 1.000000000000000048e-04 7.781063526413159459e-02 1.000000000000000000e+00
-7.827500000000000568e-01 1.000000000000000048e-04 7.785137202839734205e-02 1.000000000000000000e+00
-7.820000000000000284e-01 1.000000000000000048e-04 7.789205697677252516e-02 1.000000000000000000e+00
-7.812500000000000000e-01 1.000000000000000048e-04 7.793268983350350176e-02 1.000000000000000000e+00
-7.804999999999999716e-01 1.000000000000000048e-04 7.797327032211007203e-02 1.000000000000000000e+00
-7.797499999999999432e-01 1.000000000000000048e-04 7.801379816538431267e-02 1.000000000000000000e+00
-7.789999999999999147e-01 1.000000000000000048e-04 7.805427308538943898e-02 1.000000000000000000e+00
-7.782499999999998863e-01 1.000000000000000048e-04 7.809469480345844483e-02 1.000000000000000000e+00
-7.774999999999998579e-01 1.000000000000000048e-04 7.813506304019328386e-02 1.000000000000000000e+00
-7.767499999999998295e-01 1.000000000000000048e-04 7.817537751546339841e-02 1.000000000000000000e+00
-7.759999999999998010e-01 1.000000000000000048e-04 7.821563794840465100e-02 1.000000000000000000e+00
-7.752499999999997726e-01 1.000000000000000048e-04 7.825584405741838057e-02 1.000000000000000000e+00
-7.744999999999997442e-01 1.000000000000000048e-04 7.829599556016976492e-02 1.000000000000000000e+00
-7.737499999999997158e-01 1.000000000000000048e-04 7.833609217358715460e-02 1.000000000000000000e+00
-7.729999999999996874e-01 1.000000000000000048e-04 7.837613361386062960e-02 1.000000000000000000e+00
-7.722499999999996589e-01 1.000000000000000048e-04 7.841611959644088914e-02 1.000000000000000000e+00
-7.714999999999996305e-01 1.000000000000000048e-04 7.845604983603818305e-02 1.000000000000000000e+00
-7.707499999999996021e-01 1.000000000000000048e-04 7.849592404662106282e-02 1.000000000000000000e+00
-7.699999999999995737e-01 1.000000000000000048e-04 7.853574194141527132e-02 1.000000000000000000e+00
-7.692499999999995453e-01 1.000000000000000048e-04 7.857550323290250771e-02 1.000000000000000000e+00
-7.684999999999995168e-01 1.000000000000000048e-04 7.861520763281949764e-02 1.000000000000000000e+00
-7.677499999999994884e-01 1.000000000000000048e-04 7.865485485215652217e-02 1.000000000000000000e+00
-7.670000000000003482e-01 1.000000000000000048e-04 7.869444460115654350e-02 1.000000000000000000e+00
-7.662500000000003197e-01 1.000000000000000048e-04 7.873397658931392817e-02 1.000000000000000000e+00
-7.655000000000002913e-01 1.000000000000000048e-04 7.877345052537336467e-02 1.000000000000000000e+00
-7.647500000000002629e-01 1.000000000000000048e-04 7.881286611732855885e-02 1.000000000000000000e+00
-7.640000000000002345e-01 1.000000000000000048e-04 7.885222307242130413e-02 1.000000000000000000e+00
-7.632500000000002061e-01 1.000000000000000048e-04 7.889152109714021865e-02 1.000000000000000000e+00
-7.625000000000001776e-01 1.000000000000000048e-04 7.893075989721956565e-02 1.000000000000000000e+00
-7.617500000000001492e-01 1.000000000000000048e-04 7.896993917763825421e-02 1.000000000000000000e+00
-7.610000000000001208e-01 1.000000000000000048e-04 7.900905864261857647e-02 1.000000000000000000e+00
-7.602500000000000924e-01 1.000000000000000048e-04 7.904811799562511121e-02 1.000000000000000000e+00
-7.595000000000000639e-01 1.000000000000000048e-04 7.908711693936353038e-02 1.000000000000000000e+00
-7.587500000000000355e-01 1.000000000000000048e-04 7.912605517577968317e-02 1.000000000000000000e+00
-7.580000000000000071e-01 1.000000000000000048e-04 7.916493240605806947e-02 1.000000000000000000e+00
-7.572499999999999787e-01 1.000000000000000048e-04 7.920374833062109043e-02 1.000000000000000000e+00
-7.564999999999999503e-01 1.000000000000000048e-04 7.924250264912774400e-02 1.000000000000000000e+00
-7.557499999999999218e-01 1.000000000000000048e-04 7.928119506047243137e-02 1.000000000000000000e+00
-7.549999999999998934e-01 1.000000000000000048e-04 7.931982526278401335e-02 1.000000000000000000e+00
-7.542499999999998650e-01 1.000000000000000048e-04 7.935839295342447808e-02 1.000000000000000000e+00
-7.534999999999998366e-01 1.000000000000000048e-04 7.939689782898795567e-02 1.000000000000000000e+00
-7.527499999999998082e-01 1.000000000000000048e-04 7.943533958529964967e-02 1.000000000000000000e+00
-7.519999999999997797e-01 1.000000000000000048e-04 7.947371791741443536e-02 1.000000000000000000e+00
-7.512499999999997513e-01 1.000000000000000048e-04 7.951203251961602714e-02 1.000000000000000000e+00
-7.504999999999997229e-01 1.000000000000000048e-04 7.955028308541586823e-02 1.000000000000000000e+00
-7.497499999999996945e-01 1.000000000000000048e-04 7.958846930755160420e-02 1.000000000000000000e+00
-7.489999999999996660e-01 1.000000000000000048e-04 7.962659087798652779e-02 1.000000000000000000e+00
-7.482499999999996376e-01 1.000000000000000048e-04 7.966464748790809403e-02 1.000000000000000000e+00
-7.474999999999996092e-01 1.000000000000000048e-04 7.970263882772693487e-02 1.000000000000000000e+00
-7.467499999999995808e-01 1.000000000000000048e-04 7.974056458707569350e-02 1.000000000000000000e+00
-7.459999999999995524e-01 1.000000000000000048e-04 7.977842445480799738e-02 1.000000000000000000e+00
-7.452499999999995239e-01 1.000000000000000048e-04 7.981621811899722307e-02 1.000000000000000000e+00
-7.444999999999994955e-01 1.000000000000000048e-04 7.985394526693566364e-02 1.000000000000000000e+00
-7.437500000000003553e-01 1.000000000000000048e-04 7.989160558513284938e-02 1.000000000000000000e+00
-7.430000000000003268e-01 1.000000000000000048e-04 7.992919875931522866e-02 1.000000000000000000e+00
-7.422500000000002984e-01 1.000000000000000048e-04 7.996672447442444709e-02 1.000000000000000000e+00
-7.415000000000002700e-01 1.000000000000000048e-04 8.000418241461657032e-02 1.000000000000000000e+00
-7.407500000000002416e-01 1.000000000000000048e-04 8.004157226326069630e-02 1.000000000000000000e+00
-7.400000000000002132e-01 1.000000000000000048e-04 8.007889370293828912e-02 1.000000000000000000e+00
-7.392500000000001847e-01 1.000000000000000048e-04 8.011614641544159698e-02 1.000000000000000000e+00
-7.385000000000001563e-01 1.000000000000000048e-04 8.015333008177306928e-02 1.000000000000000000e+00
-7.377500000000001279e-01 1.000000000000000048e-04 8.019044438214383008e-02 1.000000000000000000e+00
-7.370000000000000995e-01 1.000000000000000048e-04 8.022748899597274830e-02 1.000000000000000000e+00
-7.362500000000000711e-01 1.000000000000000048e-04 8.026446360188539686e-02 1.000000000000000000e+00
-7.355000000000000426e-01 1.000000000000000048e-04 8.030136787771308127e-02 1.000000000000000000e+00
-7.347500000000000142e-01 1.000000000000000048e-04 8.033820150049139630e-02 1.000000000000000000e+00
-7.339999999999999858e-01 1.000000000000000048e-04 8.037496414645954601e-02 1.000000000000000000e+00
-7.332499999999999574e-01 1.000000000000000048e-04 8.041165549105894206e-02 1.000000000000000000e+00
-7.324999999999999289e-01 1.000000000000000048e-04 8.044827520893244044e-02 1.000000000000000000e+00
-7.317499999999999005e-01 1.000000000000000048e-04 8.048482297392287044e-02 1.000000000000000000e+00
-7.309999999999998721e-01 1.000000000000000048e-04 8.052129845907252115e-02 1.000000000000000000e+00
-7.302499999999998437e-01 1.000000000000000048e-04 8.055770133662142063e-02 1.000000000000000000e+00
-7.294999999999998153e-01 1.000000000000000048e-04 8.059403127800676692e-02 1.000000000000000000e+00
-7.287499999999997868e-01 1.000000000000000048e-04 8.063028795386167902e-02 1.000000000000000000e+00
-7.279999999999997584e-01 1.000000000000000048e-04 8.066647103401407282e-02 1.000000000000000000e+00
-7.272499999999997300e-01 1.000000000000000048e-04 8.070258018748581452e-02 1.000000000000000000e+00
-7.264999999999997016e-01 1.000000000000000048e-04 8.073861508249138841e-02 1.000000000000000000e+00
-7.257499999999996732e-01 1.000000000000000048e-04 8.077457538643702251e-02 1.000000000000000000e+00
-7.249999999999996447e-01 1.000000000000000048e-04 8.081046076591957839e-02 1.000000000000000000e+00
-7.242499999999996163e-01 1.000000000000000048e-04 8.084627088672559359e-02 1.000000000000000000e+00
-7.234999999999995879e-01 1.000000000000000048e-04 8.088200541382994935e-02 1.000000000000000000e+00
-7.227499999999995595e-01 1.000000000000000048e-04 8.091766401139530163e-02 1.000000000000000000e+00
-7.219999999999995310e-01 1.000000000000000048e-04 8.095324634277054066e-02 1.000000000000000000e+00
-7.212499999999995026e-01 1.000000000000000048e-04 8.098875207049001379e-02 1.000000000000000000e+00
-7.204999999999994742e-01 1.000000000000000048e-04 8.102418085627248467e-02 1.000000000000000000e+00
-7.197500000000003340e-01 1.000000000000000048e-04 8.105953236102003689e-02 1.000000000000000000e+00
-7.190000000000003055e-01 1.000000000000000048e-04 8.109480624481708866e-02 1.000000000000000000e+00
-7.182500000000002771e-01 1.000000000000000048e-04 8.113000216692921318e-02 1.000000000000000000e+00
-7.175000000000002487e-01 1.000000000000000048e-04 8.116511978580243092e-02 1.000000000000000000e+00
-7.167500000000002203e-01 1.000000000000000048e-04 8.120015875906172464e-02 1.000000000000000000e+00
-7.160000000000001918e-01 1.000000000000000048e-04 8.123511874351044271e-02 1.000000000000000000e+00
-7.152500000000001634e-01 1.000000000000000048e-04 8.126999939512900839e-02 1.000000000000000000e+00
-7.145000000000001350e-01 1.000000000000000048e-04 8.130480036907408725e-02 1.000000000000000000e+00
-7.137500000000001066e-01 1.000000000000000048e-04 8.133952131967739363e-02 1.000000000000000000e+00
-7.130000000000000782e-01 1.000000000000000048e-04 8.137416190044477471e-02 1.000000000000000000e+00
-7.122500000000000497e-01 1.000000000000000048e-04 8.140872176405522520e-02 1.000000000000000000e+00
-7.115000000000000213e-01 1.000000000000000048e-04 8.144320056235977712e-02 1.000000000000000000e+00
-7.107499999999999929e-01 1.000000000000000048e-04 8.147759794638059772e-02 1.000000000000000000e+00
-7.099999999999999645e-01 1.000000000000000048e-04 8.151191356631000418e-02 1.000000000000000000e+00
-7.092499999999999361e-01 1.000000000000000048e-04 8.154614707150927011e-02 1.000000000000000000e+00
-7.084999999999999076e-01 1.000000000000000048e-04 8.158029811050784841e-02 1.000000000000000000e+00
-7.077499999999998792e-01 1.000000000000000048e-04 8.161436633100226101e-02 1.000000000000000000e+00
-7.069999999999998508e-01 1.000000000000000048e-04 8.164835137985518299e-02 1.000000000000000000e+00
-7.062499999999998224e-01 1.000000000000000048e-04 8.168225290309434616e-02 1.000000000000000000e+00
-7.054999999999997939e-01 1.000000000000000048e-04 8.171607054591160935e-02 1.000000000000000000e+00
-7.047499999999997655e-01 1.000000000000000048e-04 8.174980395266212563e-02 1.000000000000000000e+00
-7.039999999999997371e-01 1.000000000000000048e-04 8.178345276686299625e-02 1.000000000000000000e+00
-7.032499999999997087e-01 1.000000000000000048e-04 8.181701663119267387e-02 1.000000000000000000e+00
-7.024999999999996803e-01 1.000000000000000048e-04 8.185049518748974129e-02 1.000000000000000000e+00
-7.017499999999996518e-01 1.000000000000000048e-04 8.188388807675210657e-02 1.000000000000000000e+00
-7.009999999999996234e-01 1.000000000000000048e-04 8.191719493913589278e-02 1.000000000000000000e+00
-7.002499999999995950e-01 1.000000000000000048e-04 8.195041541395460538e-02 1.000000000000000000e+00
-6.994999999999995666e-01 1.000000000000000048e-04 8.198354913967799418e-02 1.000000000000000000e+00
-6.987499999999995381e-01 1.000000000000000048e-04 8.201659575393133172e-02 1.000000000000000000e+00
-6.979999999999995097e-01 1.000000000000000048e-04 8.204955489349423370e-02 1.000000000000000000e+00
-6.972499999999994813e-01 1.000000000000000048e-04 8.208242619429981235e-02 1.000000000000000000e+00
-6.965000000000003411e-01 1.000000000000000048e-04 8.211520929143373282e-02 1.000000000000000000e+00
-6.957500000000003126e-01 1.000000000000000048e-04 8.214790381913333883e-02 1.000000000000000000e+00
-6.950000000000002842e-01 1.000000000000000048e-04 8.218050941078645921e-02 1.000000000000000000e+00
-6.942500000000002558e-01 1.000000000000000048e-04 8.221302569893072787e-02 1.000000000000000000e+00
-6.935000000000002274e-01 1.000000000000000048e-04 8.224545231525255684e-02 1.000000000000000000e+00
-6.927500000000001990e-01 1.000000000000000048e-04 8.227778889058617873e-02 1.000000000000000000e+00
-6.920000000000001705e-01 1.000000000000000048e-04 8.231003505491266137e-02 1.000000000000000000e+00
-6.912500000000001421e-01 1.000000000000000048e-04 8.234219043735922783e-02 1.000000000000000000e+00
-6.905000000000001137e-01 1.000000000000000048e-04 8.237425466619792414e-02 1.000000000000000000e+00
-6.897500000000000853e-01 1.000000000000000048e-04 8.240622736884517519e-02 1.000000000000000000e+00
-6.890000000000000568e-01 1.000000000000000048e-04 8.243810817186052187e-02 1.000000000000000000e+00
-6.882500000000000284e-01 1.000000000000000048e-04 8.246989670094578839e-02 1.000000000000000000e+00
-6.875000000000000000e-01 1.000000000000000048e-04 8.250159258094430514e-02 1.000000000000000000e+00
-6.867499999999999716e-01 1.000000000000000048e-04 8.253319543583975681e-02 1.000000000000000000e+00
-6.859999999999999432e-01 1.000000000000000048e-04 8.256470488875551628e-02 1.000000000000000000e+00
-6.852499999999999147e-01 1.000000000000000048e-04 8.259612056195364538e-02 1.000000000000000000e+00
-6.844999999999998863e-01 1.000000000000000048e-04 8.262744207683404840e-02 1.000000000000000000e+00
-6.837499999999998579e-01 1.000000000000000048e-04 8.265866905393340347e-02 1.000000000000000000e+00
-6.829999999999998295e-01 1.000000000000000048e-04 8.268980111292462132e-02 1.000000000000000000e+00
-6.822499999999998010e-01 1.000000000000000048e-04 8.272083787261555465e-02 1.000000000000000000e+00
-6.814999999999997726e-01 1.000000000000000048e-04 8.275177895094841529e-02 1.000000000000000000e+00
-6.807499999999997442e-01 1.000000000000000048e-04 8.278262396499881659e-02 1.000000000000000000e+00
-6.799999999999997158e-01 1.000000000000000048e-04 8.281337253097488527e-02 1.000000000000000000e+00
-6.792499999999996874e-01 1.000000000000000048e-04 8.284402426421623444e-02 1.000000000000000000e+00
-6.784999999999996589e-01 1.000000000000000048e-04 8.287457877919350568e-02 1.000000000000000000e+00
-6.777499999999996305e-01 1.000000000000000048e-04 8.290503568950710611e-02 1.000000000000000000e+00
-6.769999999999996021e-01 1.000000000000000048e-04 8.293539460788644513e-02 1.000000000000000000e+00
-6.762499999999995737e-01 1.000000000000000048e-04 8.296565514618932380e-02 1.000000000000000000e+00
-6.754999999999995453e-01 1.000000000000000048e-04 8.299581691540074135e-02 1.000000000000000000e+00
-6.747499999999995168e-01 1.000000000000000048e-04 8.302587952563235396e-02 1.000000000000000000e+00
-6.739999999999994884e-01 1.000000000000000048e-04 8.305584258612128123e-02 1.000000000000000000e+00
-6.732500000000003482e-01 1.000000000000000048e-04 8.308570570522962051e-02 1.000000000000000000e+00
-6.725000000000003197e-01 1.000000000000000048e-04 8.311546849044347540e-02 1.000000000000000000e+00
-6.717500000000002913e-01 1.000000000000000048e-04 8.314513054837213701e-02 1.000000000000000000e+00
-6.710000000000002629e-01 1.000000000000000048e-04 8.317469148474715412e-02 1.000000000000000000e+00
-6.702500000000002345e-01 1.000000000000000048e-04 8.320415090442154216e-02 1.000000000000000000e+00
-6.695000000000002061e-01 1.000000000000000048e-04 8.323350841136925582e-02 1.000000000000000000e+00
-6.687500000000001776e-01 1.000000000000000048e-04 8.326276360868391235e-02 1.000000000000000000e+00
-6.680000000000001492e-01 1.000000000000000048e-04 8.329191609857827805e-02 1.000000000000000000e+00
-6.672500000000001208e-01 1.000000000000000048e-04 8.332096548238354661e-02 1.000000000000000000e+00
-6.665000000000000924e-01 1.000000000000000048e-04 8.334991136054817340e-02 1.000000000000000000e+00
-6.657500000000000639e-01 1.000000000000000048e-04 8.337875333263740363e-02 1.000000000000000000e+00
-6.650000000000000355e-01 1.000000000000000048e-04 8.340749099733235639e-02 1.000000000000000000e+00
-6.642500000000000071e-01 1.000000000000000048e-04 8.343612395242928914e-02 1.000000000000000000e+00
-6.634999999999999787e-01 1.000000000000000048e-04 8.346465179483875119e-02 1.000000000000000000e+00
-6.627499999999999503e-01 1.000000000000000048e-04 8.349307412058483424e-02 1.000000000000000000e+00
-6.619999999999999218e-01 1.000000000000000048e-04 8.352139052480440917e-02 1.000000000000000000e+00
-6.612499999999998934e-01 1.000000000000000048e-04 8.354960060174633496e-02 1.000000000000000000e+00
-6.604999999999998650e-01 1.000000000000000048e-04 8.357770394477072318e-02 1.000000000000000000e+00
-6.597499999999998366e-01 1.000000000000000048e-04 8.360570014634806368e-02 1.000000000000000000e+00
-6.589999999999998082e-01 1.000000000000000048e-04 8.363358879805880830e-02 1.000000000000000000e+00
-6.582499999999997797e-01 1.000000000000000048e-04 8.366136949059208017e-02 1.000000000000000000e+00
-6.574999999999997513e-01 1.000000000000000048e-04 8.368904181374541007e-02 1.000000000000000000e+00
-6.567499999999997229e-01 1.000000000000000048e-04 8.371660535642373724e-02 1.000000000000000000e+00
-6.559999999999996945e-01 1.000000000000000048e-04 8.374405970663872933e-02 1.000000000000000000e+00
-6.552499999999996660e-01 1.000000000000000048e-04 8.377140445150808856e-02 1.000000000000000000e+00
-6.544999999999996376e-01 1.000000000000000048e-04 8.379863917725489941e-02 1.000000000000000000e+00
-6.537499999999996092e-01 1.000000000000000048e-04 8.382576346920653232e-02 1.000000000000000000e+00
-6.529999999999995808e-01 1.000000000000000048e-04 8.385277691179439385e-02 1.000000000000000000e+00
-6.522499999999995524e-01 1.000000000000000048e-04 8.387967908855298305e-02 1.000000000000000000e+00
-6.514999999999995239e-01 1.000000000000000048e-04 8.390646958211925299e-02 1.000000000000000000e+00
-6.507499999999994955e-01 1.000000000000000048e-04 8.393314797423169493e-02 1.000000000000000000e+00
-6.499999999999994671e-01 1.000000000000000048e-04 8.395971384573001906e-02 1.000000000000000000e+00
-6.492500000000003268e-01 1.000000000000000048e-04 8.398616677655404428e-02 1.000000000000000000e+00
-6.485000000000002984e-01 1.000000000000000048e-04 8.401250634574340681e-02 1.000000000000000000e+00
-6.477500000000002700e-01 1.000000000000000048e-04 8.403873213143661647e-02 1.000000000000000000e+00
-6.470000000000002416e-01 1.000000000000000048e-04 8.406484371087036278e-02 1.000000000000000000e+00
-6.462500000000002132e-01 1.000000000000000048e-04 8.409084066037897376e-02 1.000000000000000000e+00
-6.455000000000001847e-01 1.000000000000000048e-04 8.411672255539372201e-02 1.000000000000000000e+00
-6.447500000000001563e-01 1.000000000000000048e-04 8.414248897044206144e-02 1.000000000000000000e+00
-6.440000000000001279e-01 1.000000000000000048e-04 8.416813947914721095e-02 1.000000000000000000e+00
-6.432500000000000995e-01 1.000000000000000048e-04 8.419367365422704419e-02 1.000000000000000000e+00
-6.425000000000000711e-01 1.000000000000000048e-04 8.421909106749396468e-02 1.000000000000000000e+00
-6.417500000000000426e-01 1.000000000000000048e-04 8.424439128985389269e-02 1.000000000000000000e+00
-6.410000000000000142e-01 1.000000000000000048e-04 8.426957389130583509e-02 1.000000000000000000e+00
-6.402499999999999858e-01 1.000000000000000048e-04 8.429463844094116365e-02 1.000000000000000000e+00
-6.394999999999999574e-01 1.000000000000000048e-04 8.431958450694286566e-02 1.000000000000000000e+00
-6.387499999999999289e-01 1.000000000000000048e-04 8.434441165658525252e-02 1.000000000000000000e+00
-6.379999999999999005e-01 1.000000000000000048e-04 8.436911945623300213e-02 1.000000000000000000e+00
-6.372499999999998721e-01 1.000000000000000048e-04 8.439370747134068707e-02 1.000000000000000000e+00
-6.364999999999998437e-01 1.000000000000000048e-04 8.441817526645231662e-02 1.000000000000000000e+00
-6.357499999999998153e-01 1.000000000000000048e-04 8.444252240520036534e-02 1.000000000000000000e+00
-6.349999999999997868e-01 1.000000000000000048e-04 8.446674845030553713e-02 1.000000000000000000e+00
-6.342499999999997584e-01 1.000000000000000048e-04 8.449085296357605745e-02 1.000000000000000000e+00
-6.334999999999997300e-01 1.000000000000000048e-04 8.451483550590693783e-02 1.000000000000000000e+00
-6.327499999999997016e-01 1.000000000000000048e-04 8.453869563727968439e-02 1.000000000000000000e+00
-6.319999999999996732e-01 1.000000000000000048e-04 8.456243291676150686e-02 1.000000000000000000e+00
-6.312499999999996447e-01 1.000000000000000048e-04 8.458604690250472180e-02 1.000000000000000000e+00
-6.304999999999996163e-01 1.000000000000000048e-04 8.460953715174637790e-02 1.000000000000000000e+00
-6.297499999999995879e-01 1.000000000000000048e-04 8.463290322080764538e-02 1.000000000000000000e+00
-6.289999999999995595e-01 1.000000000000000048e-04 8.465614466509313596e-02 1.000000000000000000e+00
-6.282499999999995310e-01 1.000000000000000048e-04 8.467926103909044488e-02 1.000000000000000000e+00
-6.274999999999995026e-01 1.000000000000000048e-04 8.470225189636959584e-02 1.000000000000000000e+00
-6.267499999999994742e-01 1.000000000000000048e-04 8.472511678958270787e-02 1.000000000000000000e+00
-6.260000000000003340e-01 1.000000000000000048e-04 8.474785527046295452e-02 1.000000000000000000e+00
-6.252500000000003055e-01 1.000000000000000048e-04 8.477046688982473044e-02 1.000000000000000000e+00
-6.245000000000002771e-01 1.000000000000000048e-04 8.479295119756255494e-02 1.000000000000000000e+00
-6.237500000000002487e-01 1.000000000000000048e-04 8.481530774265087780e-02 1.000000000000000000e+00
-6.230000000000002203e-01 1.000000000000000048e-04 8.483753607314335754e-02 1.000000000000000000e+00
-6.222500000000001918e-01 1.000000000000000048e-04 8.485963573617261169e-02 1.000000000000000000e+00
-6.215000000000001634e-01 1.000000000000000048e-04 8.488160627794963387e-02 1.000000000000000000e+00
-6.207500000000001350e-01 1.000000000000000048e-04 8.490344724376318319e-02 1.000000000000000000e+00
-6.200000000000001066e-01 1.000000000000000048e-04 8.492515817797938182e-02 1.000000000000000000e+00
-6.192500000000000782e-01 1.000000000000000048e-04 8.494673862404146514e-02 1.000000000000000000e+00
-6.185000000000000497e-01 1.000000000000000048e-04 8.496818812446878255e-02 1.000000000000000000e+00
-6.177500000000000213e-01 1.000000000000000048e-04 8.498950622085699180e-02 1.000000000000000000e+00
-6.169999999999999929e-01 1.000000000000000048e-04 8.501069245387707363e-02 1.000000000000000000e+00
-6.162499999999999645e-01 1.000000000000000048e-04 8.503174636327513747e-02 1.000000000000000000e+00
-6.154999999999999361e-01 1.000000000000000048e-04 8.505266748787189413e-02 1.000000000000000000e+00
-6.147499999999999076e-01 1.000000000000000048e-04 8.507345536556243371e-02 1.000000000000000000e+00
-6.139999999999998792e-01 1.000000000000000048e-04 8.509410953331532357e-02 1.000000000000000000e+00
-6.132499999999998508e-01 1.000000000000000048e-04 8.511462952717276098e-02 1.000000000000000000e+00
-6.124999999999998224e-01 1.000000000000000048e-04 8.513501488224967106e-02 1.000000000000000000e+00
-6.117499999999997939e-01 1.000000000000000048e-04 8.515526513273370679e-02 1.000000000000000000e+00
-6.109999999999997655e-01 1.000000000000000048e-04 8.517537981188440244e-02 1.000000000000000000e+00
-6.102499999999997371e-01 1.000000000000000048e-04 8.519535845203317359e-02 1.000000000000000000e+00
-6.094999999999997087e-01 1.000000000000000048e-04 8.521520058458274816e-02 1.000000000000000000e+00
-6.087499999999996803e-01 1.000000000000000048e-04 8.523490574000679165e-02 1.000000000000000000e+00
-6.079999999999996518e-01 1.000000000000000048e-04 8.525447344784949089e-02 1.000000000000000000e+00
-6.072499999999996234e-01 1.000000000000000048e-04 8.527390323672537353e-02 1.000000000000000000e+00
-6.064999999999995950e-01 1.000000000000000048e-04 8.529319463431865589e-02 1.000000000000000000e+00
-6.057499999999995666e-01 1.000000000000000048e-04 8.531234716738306245e-02 1.000000000000000000e+00
-6.049999999999995381e-01 1.000000000000000048e-04 8.533136036174153449e-02 1.000000000000000000e+00
-6.042499999999995097e-01 1.000000000000000048e-04 8.535023374228570270e-02 1.000000000000000000e+00
-6.034999999999994813e-01 1.000000000000000048e-04 8.536896683297573452e-02 1.000000000000000000e+00
-6.027500000000003411e-01 1.000000000000000048e-04 8.538755915683977904e-02 1.000000000000000000e+00
-6.020000000000003126e-01 1.000000000000000048e-04 8.540601023597405028e-02 1.000000000000000000e+00
-6.012500000000002842e-01 1.000000000000000048e-04 8.542431959154196675e-02 1.000000000000000000e+00
-6.005000000000002558e-01 1.000000000000000048e-04 8.544248674377423469e-02 1.000000000000000000e+00
-5.997500000000002274e-01 1.000000000000000048e-04 8.546051121196841793e-02 1.000000000000000000e+00
-5.990000000000001990e-01 1.000000000000000048e-04 8.547839251448870190e-02 1.000000000000000000e+00
-5.982500000000001705e-01 1.000000000000000048e-04 8.549613016876549121e-02 1.000000000000000000e+00
-5.975000000000001421e-01 1.000000000000000048e-04 8.551372369129524309e-02 1.000000000000000000e+00
-5.967500000000001137e-01 1.000000000000000048e-04 8.553117259764016211e-02 1.000000000000000000e+00
-5.960000000000000853e-01 1.000000000000000048e-04 8.554847640242779772e-02 1.000000000000000000e+00
-5.952500000000000568e-01 1.000000000000000048e-04 8.556563461935109971e-02 1.000000000000000000e+00
-5.945000000000000284e-01 1.000000000000000048e-04 8.558264676116783543e-02 1.000000000000000000e+00
-5.937500000000000000e-01 1.000000000000000048e-04 8.559951233970053419e-02 1.000000000000000000e+00
-5.929999999999999716e-01 1.000000000000000048e-04 8.561623086583620978e-02 1.000000000000000000e+00
-5.922499999999999432e-01 1.000000000000000048e-04 8.563280184952604124e-02 1.000000000000000000e+00
-5.914999999999999147e-01 1.000000000000000048e-04 8.564922479978535896e-02 1.000000000000000000e+00
-5.907499999999998863e-01 1.000000000000000048e-04 8.566549922469314515e-02 1.000000000000000000e+00
-5.899999999999998579e-01 1.000000000000000048e-04 8.568162463139204765e-02 1.000000000000000000e+00
-5.892499999999998295e-01 1.000000000000000048e-04 8.569760052608817180e-02 1.000000000000000000e+00
-5.884999999999998010e-01 1.000000000000000048e-04 8.571342641405070573e-02 1.000000000000000000e+00
-5.877499999999997726e-01 1.000000000000000048e-04 8.572910179961197585e-02 1.000000000000000000e+00
-5.869999999999997442e-01 1.000000000000000048e-04 8.574462618616704446e-02 1.000000000000000000e+00
-5.862499999999997158e-01 1.000000000000000048e-04 8.575999907617362639e-02 1.000000000000000000e+00
-5.854999999999996874e-01 1.000000000000000048e-04 8.577521997115210295e-02 1.000000000000000000e+00
-5.847499999999996589e-01 1.000000000000000048e-04 8.579028837168499455e-02 1.000000000000000000e+00
-5.839999999999996305e-01 1.000000000000000048e-04 8.580520377741719662e-02 1.000000000000000000e+00
-5.832499999999996021e-01 1.000000000000000048e-04 8.581996568705552164e-02 1.000000000000000000e+00
-5.824999999999995737e-01 1.000000000000000048e-04 8.583457359836881018e-02 1.000000000000000000e+00
-5.817499999999995453e-01 1.000000000000000048e-04 8.584902700818763943e-02 1.000000000000000000e+00
-5.809999999999995168e-01 1.000000000000000048e-04 8.586332541240437877e-02 1.000000000000000000e+00
-5.802499999999994884e-01 1.000000000000000048e-04 8.587746830597288439e-02 1.000000000000000000e+00
-5.795000000000003482e-01 1.000000000000000048e-04 8.589145518290838832e-02 1.000000000000000000e+00
-5.787500000000003197e-01 1.000000000000000048e-04 8.590528553628772046e-02 1.000000000000000000e+00
-5.780000000000002913e-01 1.000000000000000048e-04 8.591895885824900325e-02 1.000000000000000000e+00
-5.772500000000002629e-01 1.000000000000000048e-04 8.593247463999134639e-02 1.000000000000000000e+00
-5.765000000000002345e-01 1.000000000000000048e-04 8.594583237177524926e-02 1.000000000000000000e+00
-5.757500000000002061e-01 1.000000000000000048e-04 8.595903154292207360e-02 1.000000000000000000e+00
-5.750000000000001776e-01 1.000000000000000048e-04 8.597207164181455696e-02 1.000000000000000000e+00
-5.742500000000001492e-01 1.000000000000000048e-04 8.598495215589613272e-02 1.000000000000000000e+00
-5.735000000000001208e-01 1.000000000000000048e-04 8.599767257167122148e-02 1.000000000000000000e+00
-5.727500000000000924e-01 1.000000000000000048e-04 8.601023237470535598e-02 1.000000000000000000e+00
-5.720000000000000639e-01 1.000000000000000048e-04 8.602263104962477869e-02 1.000000000000000000e+00
-5.712500000000000355e-01 1.000000000000000048e-04 8.603486808011676090e-02 1.000000000000000000e+00
-5.705000000000000071e-01 1.000000000000000048e-04 8.604694294892935302e-02 1.000000000000000000e+00
-5.697499999999999787e-01 1.000000000000000048e-04 8.605885513787167596e-02 1.000000000000000000e+00
-5.689999999999999503e-01 1.000000000000000048e-04 8.607060412781356029e-02 1.000000000000000000e+00
-5.682499999999999218e-01 1.000000000000000048e-04 8.608218939868586550e-02 1.000000000000000000e+00
-5.674999999999998934e-01 1.000000000000000048e-04 8.609361042948035503e-02 1.000000000000000000e+00
-5.667499999999998650e-01 1.000000000000000048e-04 8.610486669824995998e-02 1.000000000000000000e+00
-5.659999999999998366e-01 1.000000000000000048e-04 8.611595768210845991e-02 1.000000000000000000e+00
-5.652499999999998082e-01 1.000000000000000048e-04 8.612688285723080206e-02 1.000000000000000000e+00
-5.644999999999997797e-01 1.000000000000000048e-04 8.613764169885315680e-02 1.000000000000000000e+00
-5.637499999999997513e-01 1.000000000000000048e-04 8.614823368127280667e-02 1.000000000000000000e+00
-5.629999999999997229e-01 1.000000000000000048e-04 8.615865827784843778e-02 1.000000000000000000e+00
-5.622499999999996945e-01 1.000000000000000048e-04 8.616891496100019532e-02 1.000000000000000000e+00
-5.614999999999996660e-01 1.000000000000000048e-04 8.617900320220955868e-02 1.000000000000000000e+00
-5.607499999999996376e-01 1.000000000000000048e-04 8.618892247201985490e-02 1.000000000000000000e+00
-5.599999999999996092e-01 1.000000000000000048e-04 8.619867224003589790e-02 1.000000000000000000e+00
-5.592499999999995808e-01 1.000000000000000048e-04 8.620825197492444636e-02 1.000000000000000000e+00
-5.584999999999995524e-01 1.000000000000000048e-04 8.621766114441438422e-02 1.000000000000000000e+00
-5.577499999999995239e-01 1.000000000000000048e-04 8.622689921529649859e-02 1.000000000000000000e+00
-5.569999999999994955e-01 1.000000000000000048e-04 8.623596565342397935e-02 1.000000000000000000e+00
-5.562499999999994671e-01 1.000000000000000048e-04 8.624485992371241916e-02 1.000000000000000000e+00
-5.555000000000003268e-01 1.000000000000000048e-04 8.625358149014010489e-02 1.000000000000000000e+00
-5.547500000000002984e-01 1.000000000000000048e-04 8.626212981574794825e-02 1.000000000000000000e+00
-5.540000000000002700e-01 1.000000000000000048e-04 8.627050436263992983e-02 1.000000000000000000e+00
-5.532500000000002416e-01 1.000000000000000048e-04 8.627870459198325181e-02 1.000000000000000000e+00
-5.525000000000002132e-01 1.000000000000000048e-04 8.628672996400837958e-02 1.000000000000000000e+00
-5.517500000000001847e-01 1.000000000000000048e-04 8.629457993800938864e-02 1.000000000000000000e+00
-5.510000000000001563e-01 1.000000000000000048e-04 8.630225397234426998e-02 1.000000000000000000e+00
-5.502500000000001279e-01 1.000000000000000048e-04 8.630975152443495779e-02 1.000000000000000000e+00
-5.495000000000000995e-01 1.000000000000000048e-04 8.631707205076764866e-02 1.000000000000000000e+00
-5.487500000000000711e-01 1.000000000000000048e-04 8.632421500689316241e-02 1.000000000000000000e+00
-5.480000000000000426e-01 1.000000000000000048e-04 8.633117984742703921e-02 1.000000000000000000e+00
-5.472500000000000142e-01 1.000000000000000048e-04 8.633796602604994208e-02 1.000000000000000000e+00
-5.464999999999999858e-01 1.000000000000000048e-04 8.634457299550785114e-02 1.000000000000000000e+00
-5.457499999999999574e-01 1.000000000000000048e-04 8.635100020761238282e-02 1.000000000000000000e+00
-5.449999999999999289e-01 1.000000000000000048e-04 8.635724711324119229e-02 1.000000000000000000e+00
-5.442499999999999005e-01 1.000000000000000048e-04 8.636331316233798738e-02 1.000000000000000000e+00
-5.434999999999998721e-01 1.000000000000000048e-04 8.636919780391306978e-02 1.000000000000000000e+00
-5.427499999999998437e-01 1.000000000000000048e-04 8.637490048604375137e-02 1.000000000000000000e+00
-5.419999999999998153e-01 1.000000000000000048e-04 8.638042065587445140e-02 1.000000000000000000e+00
-5.412499999999997868e-01 1.000000000000000048e-04 8.638575775961726544e-02 1.000000000000000000e+00
-5.404999999999997584e-01 1.000000000000000048e-04 8.639091124255203480e-02 1.000000000000000000e+00
-5.397499999999997300e-01 1.000000000000000048e-04 8.639588054902704040e-02 1.000000000000000000e+00
-5.389999999999997016e-01 1.000000000000000048e-04 8.640066512245905828e-02 1.000000000000000000e+00
-5.382499999999996732e-01 1.000000000000000048e-04 8.640526440533416452e-02 1.000000000000000000e+00
-5.374999999999996447e-01 1.000000000000000048e-04 8.640967783920765199e-02 1.000000000000000000e+00
-5.367499999999996163e-01 1.000000000000000048e-04 8.641390486470468257e-02 1.000000000000000000e+00
-5.359999999999995879e-01 1.000000000000000048e-04 8.641794492152073126e-02 1.000000000000000000e+00
-5.352499999999995595e-01 1.000000000000000048e-04 8.642179744842197475e-02 1.000000000000000000e+00
-5.344999999999995310e-01 1.000000000000000048e-04 8.642546188324563838e-02 1.000000000000000000e+00
-5.337499999999995026e-01 1.000000000000000048e-04 8.642893766290045410e-02 1.000000000000000000e+00
-5.329999999999994742e-01 1.000000000000000048e-04 8.643222422336729882e-02 1.000000000000000000e+00
-5.322500000000003340e-01 1.000000000000000048e-04 8.643532099969943039e-02 1.000000000000000000e+00
-5.315000000000003055e-01 1.000000000000000048e-04 8.643822742602311204e-02 1.000000000000000000e+00
-5.307500000000002771e-01 1.000000000000000048e-04 8.644094293553788999e-02 1.000000000000000000e+00
-5.300000000000002487e-01 1.000000000000000048e-04 8.644346696051742607e-02 1.000000000000000000e+00
-5.292500000000002203e-01 1.000000000000000048e-04 8.644579893230965040e-02 1.000000000000000000e+00
-5.285000000000001918e-01 1.000000000000000048e-04 8.644793828133756630e-02 1.000000000000000000e+00
-5.277500000000001634e-01 1.000000000000000048e-04 8.644988443709948622e-02 1.000000000000000000e+00
-5.270000000000001350e-01 1.000000000000000048e-04 8.645163682816986439e-02 1.000000000000000000e+00
-5.262500000000001066e-01 1.000000000000000048e-04 8.645319488219957438e-02 1.000000000000000000e+00
-5.255000000000000782e-01 1.000000000000000048e-04 8.645455802591667238e-02 1.000000000000000000e+00
-5.247500000000000497e-01 1.000000000000000048e-04 8.645572568512688294e-02 1.000000000000000000e+00
-5.240000000000000213e-01 1.000000000000000048e-04 8.645669728471407078e-02 1.000000000000000000e+00
-5.232499999999999929e-01 1.000000000000000048e-04 8.645747224864096248e-02 1.000000000000000000e+00
-5.224999999999999645e-01 1.000000000000000048e-04 8.645804999994981255e-02 1.000000000000000000e+00
-5.217499999999999361e-01 1.000000000000000048e-04 8.645842996076270881e-02 1.000000000000000000e+00
-5.209999999999999076e-01 1.000000000000000048e-04 8.645861155228248829e-02 1.000000000000000000e+00
-5.202499999999998792e-01 1.000000000000000048e-04 8.645859419479329233e-02 1.000000000000000000e+00
-5.194999999999998508e-01 1.000000000000000048e-04 8.645837730766109397e-02 1.000000000000000000e+00
-5.187499999999998224e-01 1.000000000000000048e-04 8.645796030933441956e-02 1.000000000000000000e+00
-5.179999999999997939e-01 1.000000000000000048e-04 8.645734261734507042e-02 1.000000000000000000e+00
-5.172499999999997655e-01 1.000000000000000048e-04 8.645652364830870573e-02 1.000000000000000000e+00
-5.164999999999997371e-01 1.000000000000000048e-04 8.645550281792553637e-02 1.000000000000000000e+00
-5.157499999999997087e-01 1.000000000000000048e-04 8.645427954098100498e-02 1.000000000000000000e+00
-5.149999999999996803e-01 1.000000000000000048e-04 8.645285323134657696e-02 1.000000000000000000e+00
-5.142499999999996518e-01 1.000000000000000048e-04 8.645122330198035110e-02 1.000000000000000000e+00
-5.134999999999996234e-01 1.000000000000000048e-04 8.644938916492789227e-02 1.000000000000000000e+00
-5.127499999999995950e-01 1.000000000000000048e-04 8.644735023132268936e-02 1.000000000000000000e+00
-5.119999999999995666e-01 1.000000000000000048e-04 8.644510591138737654e-02 1.000000000000000000e+00
-5.112499999999995381e-01 1.000000000000000048e-04 8.644265561443399692e-02 1.000000000000000000e+00
-5.104999999999995097e-01 1.000000000000000048e-04 8.643999874886519608e-02 1.000000000000000000e+00
-5.097499999999994813e-01 1.000000000000000048e-04 8.643713472217458282e-02 1.000000000000000000e+00
-5.090000000000003411e-01 1.000000000000000048e-04 8.643406294094783948e-02 1.000000000000000000e+00
-5.082500000000003126e-01 1.000000000000000048e-04 8.643078281086349901e-02 1.000000000000000000e+00
-5.075000000000002842e-01 1.000000000000000048e-04 8.642729373669345849e-02 1.000000000000000000e+00
-5.067500000000002558e-01 1.000000000000000048e-04 8.642359512230426977e-02 1.000000000000000000e+00
-5.060000000000002274e-01 1.000000000000000048e-04 8.641968637065750025e-02 1.000000000000000000e+00
-5.052500000000001990e-01 1.000000000000000048e-04 8.641556688381087092e-02 1.000000000000000000e+00
-5.045000000000001705e-01 1.000000000000000048e-04 8.641123606291911674e-02 1.000000000000000000e+00
-5.037500000000001421e-01 1.000000000000000048e-04 8.640669330823461114e-02 1.000000000000000000e+00
-5.030000000000001137e-01 1.000000000000000048e-04 8.640193801910854565e-02 1.000000000000000000e+00
-5.022500000000000853e-01 1.000000000000000048e-04 8.639696959399163767e-02 1.000000000000000000e+00
-5.015000000000000568e-01 1.000000000000000048e-04 8.639178743043508801e-02 1.000000000000000000e+00
-5.007500000000000284e-01 1.000000000000000048e-04 8.638639092509134421e-02 1.000000000000000000e+00
-5.000000000000000000e-01 1.000000000000000048e-04 8.638077947371537724e-02 1.000000000000000000e+00
-4.992499999999999716e-01 1.000000000000000048e-04 8.637495247116525054e-02 1.000000000000000000e+00
-4.984999999999999432e-01 1.000000000000000048e-04 8.636890931140328576e-02 1.000000000000000000e+00
-4.977499999999999147e-01 1.000000000000000048e-04 8.636264938749681208e-02 1.000000000000000000e+00
-4.969999999999998863e-01 1.000000000000000048e-04 8.635617209161949859e-02 1.000000000000000000e+00
-4.962499999999998579e-01 1.000000000000000048e-04 8.634947681505186767e-02 1.000000000000000000e+00
-4.954999999999998295e-01 1.000000000000000048e-04 8.634256294818272448e-02 1.000000000000000000e+00
-4.947499999999998010e-01 1.000000000000000048e-04 8.633542988050983691e-02 1.000000000000000000e+00
-4.939999999999997726e-01 1.000000000000000048e-04 8.632807700064112910e-02 1.000000000000000000e+00
-4.932499999999997442e-01 1.000000000000000048e-04 8.632050369629561126e-02 1.000000000000000000e+00
-4.924999999999997158e-01 1.000000000000000048e-04 8.631270935430458702e-02 1.000000000000000000e+00
-4.917499999999996874e-01 1.000000000000000048e-04 8.630469336061240282e-02 1.000000000000000000e+00
-4.909999999999996589e-01 1.000000000000000048e-04 8.629645510027779409e-02 1.000000000000000000e+00
-4.902499999999996305e-01 1.000000000000000048e-04 8.628799395747487055e-02 1.000000000000000000e+00
-4.894999999999996021e-01 1.000000000000000048e-04 8.627930931549412930e-02 1.000000000000000000e+00
-4.887499999999995737e-01 1.000000000000000048e-04 8.627040055674360663e-02 1.000000000000000000e+00
-4.879999999999995453e-01 1.000000000000000048e-04 8.626126706275002998e-02 1.000000000000000000e+00
-4.872499999999995168e-01 1.000000000000000048e-04 8.625190821415988640e-02 1.000000000000000000e+00
-4.864999999999994884e-01 1.000000000000000048e-04 8.624232339074060227e-02 1.000000000000000000e+00
-4.857500000000003482e-01 1.000000000000000048e-04 8.623251197138150081e-02 1.000000000000000000e+00
-4.850000000000003197e-01 1.000000000000000048e-04 8.622247333409531478e-02 1.000000000000000000e+00
-4.842500000000002913e-01 1.000000000000000048e-04 8.621220685601901912e-02 1.000000000000000000e+00
-4.835000000000002629e-01 1.000000000000000048e-04 8.620171191341514938e-02 1.000000000000000000e+00
-4.827500000000002345e-01 1.000000000000000048e-04 8.619098788167306457e-02 1.000000000000000000e+00
-4.820000000000002061e-01 1.000000000000000048e-04 8.618003413531000190e-02 1.000000000000000000e+00
-4.812500000000001776e-01 1.000000000000000048e-04 8.616885004797243675e-02 1.000000000000000000e+00
-4.805000000000001492e-01 1.000000000000000048e-04 8.615743499243715131e-02 1.000000000000000000e+00
-4.797500000000001208e-01 1.000000000000000048e-04 8.614578834061267787e-02 1.000000000000000000e+00
-4.790000000000000924e-01 1.000000000000000048e-04 8.613390946354042288e-02 1.000000000000000000e+00
-4.782500000000000639e-01 1.000000000000000048e-04 8.612179773139584660e-02 1.000000000000000000e+00
-4.775000000000000355e-01 1.000000000000000048e-04 8.610945251348994800e-02 1.000000000000000000e+00
-4.767500000000000071e-01 1.000000000000000048e-04 8.609687317827048603e-02 1.000000000000000000e+00
-4.759999999999999787e-01 1.000000000000000048e-04 8.608405909332315920e-02 1.000000000000000000e+00
-4.752499999999999503e-01 1.000000000000000048e-04 8.607100962537304889e-02 1.000000000000000000e+00
-4.744999999999999218e-01 1.000000000000000048e-04 8.605772414028591000e-02 1.000000000000000000e+00
-4.737499999999998934e-01 1.000000000000000048e-04 8.604420200306954480e-02 1.000000000000000000e+00
-4.729999999999998650e-01 1.000000000000000048e-04 8.603044257787510751e-02 1.000000000000000000e+00
-4.722499999999998366e-01 1.000000000000000048e-04 8.601644522799838100e-02 1.000000000000000000e+00
-4.714999999999998082e-01 1.000000000000000048e-04 8.600220931588141438e-02 1.000000000000000000e+00
-4.707499999999997797e-01 1.000000000000000048e-04 8.598773420311367488e-02 1.000000000000000000e+00
-4.699999999999997513e-01 1.000000000000000048e-04 8.597301925043353277e-02 1.000000000000000000e+00
-4.692499999999997229e-01 1.000000000000000048e-04 8.595806381772967686e-02 1.000000000000000000e+00
-4.684999999999996945e-01 1.000000000000000048e-04 8.594286726404246068e-02 1.000000000000000000e+00
-4.677499999999996660e-01 1.000000000000000048e-04 8.592742894756556782e-02 1.000000000000000000e+00
-4.669999999999996376e-01 1.000000000000000048e-04 8.591174822564726088e-02 1.000000000000000000e+00
-4.662499999999996092e-01 1.000000000000000048e-04 8.589582445479176931e-02 1.000000000000000000e+00
-4.654999999999995808e-01 1.000000000000000048e-04 8.587965699066106573e-02 1.000000000000000000e+00
-4.647499999999995524e-01 1.000000000000000048e-04 8.586324518807611494e-02 1.000000000000000000e+00
-4.639999999999995239e-01 1.000000000000000048e-04 8.584658840101844213e-02 1.000000000000000000e+00
-4.632499999999994955e-01 1.000000000000000048e-04 8.582968598263164550e-02 1.000000000000000000e+00
-4.624999999999994671e-01 1.000000000000000048e-04 8.581253728522296453e-02 1.000000000000000000e+00
-4.617500000000003268e-01 1.000000000000000048e-04 8.579514166026475097e-02 1.000000000000000000e+00
-4.610000000000002984e-01 1.000000000000000048e-04 8.577749845839614806e-02 1.000000000000000000e+00
-4.602500000000002700e-01 1.000000000000000048e-04 8.575960702942447833e-02 1.000000000000000000e+00
-4.595000000000002416e-01 1.000000000000000048e-04 8.574146672232686728e-02 1.000000000000000000e+00
-4.587500000000002132e-01 1.000000000000000048e-04 8.572307688525206137e-02 1.000000000000000000e+00
-4.580000000000001847e-01 1.000000000000000048e-04 8.570443686552174645e-02 1.000000000000000000e+00
-4.572500000000001563e-01 1.000000000000000048e-04 8.568554600963226853e-02 1.000000000000000000e+00
-4.565000000000001279e-01 1.000000000000000048e-04 8.566640366325624367e-02 1.000000000000000000e+00
-4.557500000000000995e-01 1.000000000000000048e-04 8.564700917124434820e-02 1.000000000000000000e+00
-4.550000000000000711e-01 1.000000000000000048e-04 8.562736187762673423e-02 1.000000000000000000e+00
-4.542500000000000426e-01 1.000000000000000048e-04 8.560746112561490317e-02 1.000000000000000000e+00
-4.535000000000000142e-01 1.000000000000000048e-04 8.558730625760321842e-02 1.000000000000000000e+00
-4.527499999999999858e-01 1.000000000000000048e-04 8.556689661517083434e-02 1.000000000000000000e+00
-4.519999999999999574e-01 1.000000000000000048e-04 8.554623153908312572e-02 1.000000000000000000e+00
-4.512499999999999289e-01 1.000000000000000048e-04 8.552531036929358899e-02 1.000000000000000000e+00
-4.504999999999999005e-01 1.000000000000000048e-04 8.550413244494564635e-02 1.000000000000000000e+00
-4.497499999999998721e-01 1.000000000000000048e-04 8.548269710437406133e-02 1.000000000000000000e+00
-4.489999999999998437e-01 1.000000000000000048e-04 8.546100368510711753e-02 1.000000000000000000e+00
-4.482499999999998153e-01 1.000000000000000048e-04 8.543905152386811752e-02 1.000000000000000000e+00
-4.474999999999997868e-01 1.000000000000000048e-04 8.541683995657724238e-02 1.000000000000000000e+00
-4.467499999999997584e-01 1.000000000000000048e-04 8.539436831835341135e-02 1.000000000000000000e+00
-4.459999999999997300e-01 1.000000000000000048e-04 8.537163594351605822e-02 1.000000000000000000e+00
-4.452499999999997016e-01 1.000000000000000048e-04 8.534864216558689376e-02 1.000000000000000000e+00
-4.444999999999996732e-01 1.000000000000000048e-04 8.532538631729180700e-02 1.000000000000000000e+00
-4.437499999999996447e-01 1.000000000000000048e-04 8.530186773056275262e-02 1.000000000000000000e+00
-4.429999999999996163e-01 1.000000000000000048e-04 8.527808573653959667e-02 1.000000000000000000e+00
-4.422499999999995879e-01 1.000000000000000048e-04 8.525403966557193458e-02 1.000000000000000000e+00
-4.414999999999995595e-01 1.000000000000000048e-04 8.522972884722107567e-02 1.000000000000000000e+00
-4.407499999999995310e-01 1.000000000000000048e-04 8.520515261026181952e-02 1.000000000000000000e+00
-4.399999999999995026e-01 1.000000000000000048e-04 8.518031028268464866e-02 1.000000000000000000e+00
-4.392499999999994742e-01 1.000000000000000048e-04 8.515520119169724123e-02 1.000000000000000000e+00
-4.385000000000003340e-01 1.000000000000000048e-04 8.512982466372698287e-02 1.000000000000000000e+00
-4.377500000000003055e-01 1.000000000000000048e-04 8.510418002442222962e-02 1.000000000000000000e+00
-4.370000000000002771e-01 1.000000000000000048e-04 8.507826659865500019e-02 1.000000000000000000e+00
-4.362500000000002487e-01 1.000000000000000048e-04 8.505208371052236371e-02 1.000000000000000000e+00
-4.355000000000002203e-01 1.000000000000000048e-04 8.502563068334885454e-02 1.000000000000000000e+00
-4.347500000000001918e-01 1.000000000000000048e-04 8.499890683968835958e-02 1.000000000000000000e+00
-4.340000000000001634e-01 1.000000000000000048e-04 8.497191150132603343e-02 1.000000000000000000e+00
-4.332500000000001350e-01 1.000000000000000048e-04 8.494464398928039395e-02 1.000000000000000000e+00
-4.325000000000001066e-01 1.000000000000000048e-04 8.491710362380565369e-02 1.000000000000000000e+00
-4.317500000000000782e-01 1.000000000000000048e-04 8.488928972439321874e-02 1.000000000000000000e+00
-4.310000000000000497e-01 1.000000000000000048e-04 8.486120160977443649e-02 1.000000000000000000e+00
-4.302500000000000213e-01 1.000000000000000048e-04 8.483283859792209447e-02 1.000000000000000000e+00
-4.294999999999999929e-01 1.000000000000000048e-04 8.480420000605301545e-02 1.000000000000000000e+00
-4.287499999999999645e-01 1.000000000000000048e-04 8.477528515062980607e-02 1.000000000000000000e+00
-4.279999999999999361e-01 1.000000000000000048e-04 8.474609334736335486e-02 1.000000000000000000e+00
-4.272499999999999076e-01 1.000000000000000048e-04 8.471662391121455304e-02 1.000000000000000000e+00
-4.264999999999998792e-01 1.000000000000000048e-04 8.468687615639683419e-02 1.000000000000000000e+00
-4.257499999999998508e-01 1.000000000000000048e-04 8.465684939637821427e-02 1.000000000000000000e+00
-4.249999999999998224e-01 1.000000000000000048e-04 8.462654294388351206e-02 1.000000000000000000e+00
-4.242499999999997939e-01 1.000000000000000048e-04 8.459595611089643086e-02 1.000000000000000000e+00
-4.234999999999997655e-01 1.000000000000000048e-04 8.456508820866194542e-02 1.000000000000000000e+00
-4.227499999999997371e-01 1.000000000000000048e-04 8.453393854768848081e-02 1.000000000000000000e+00
-4.219999999999997087e-01 1.000000000000000048e-04 8.450250643775017445e-02 1.000000000000000000e+00
-4.212499999999996803e-01 1.000000000000000048e-04 8.447079118788902719e-02 1.000000000000000000e+00
-4.204999999999996518e-01 1.000000000000000048e-04 8.443879210641740130e-02 1.000000000000000000e+00
-4.197499999999996234e-01 1.000000000000000048e-04 8.440650850092006052e-02 1.000000000000000000e+00
-4.189999999999995950e-01 1.000000000000000048e-04 8.437393967825665420e-02 1.000000000000000000e+00
-4.182499999999995666e-01 1.000000000000000048e-04 8.434108494456392380e-02 1.000000000000000000e+00
-4.174999999999995381e-01 1.000000000000000048e-04 8.430794360525822873e-02 1.000000000000000000e+00
-4.167499999999995097e-01 1.000000000000000048e-04 8.427451496503754469e-02 1.000000000000000000e+00
-4.159999999999994813e-01 1.000000000000000048e-04 8.424079832788415600e-02 1.000000000000000000e+00
-4.152500000000003411e-01 1.000000000000000048e-04 8.420679299706697318e-02 1.000000000000000000e+00
-4.145000000000003126e-01 1.000000000000000048e-04 8.417249827514361460e-02 1.000000000000000000e+00
-4.137500000000002842e-01 1.000000000000000048e-04 8.413791346396323756e-02 1.000000000000000000e+00
-4.130000000000002558e-01 1.000000000000000048e-04 8.410303786466874487e-02 1.000000000000000000e+00
-4.122500000000002274e-01 1.000000000000000048e-04 8.406787077769918570e-02 1.000000000000000000e+00
-4.115000000000001990e-01 1.000000000000000048e-04 8.403241150279222582e-02 1.000000000000000000e+00
-4.107500000000001705e-01 1.000000000000000048e-04 8.399665933898668724e-02 1.000000000000000000e+00
-4.100000000000001421e-01 1.000000000000000048e-04 8.396061358462486579e-02 1.000000000000000000e+00
-4.092500000000001137e-01 1.000000000000000048e-04 8.392427353735522344e-02 1.000000000000000000e+00
-4.085000000000000853e-01 1.000000000000000048e-04 8.388763849413470586e-02 1.000000000000000000e+00
-4.077500000000000568e-01 1.000000000000000048e-04 8.385070775123130982e-02 1.000000000000000000e+00
-4.070000000000000284e-01 1.000000000000000048e-04 8.381348060422658119e-02 1.000000000000000000e+00
-4.062500000000000000e-01 1.000000000000000048e-04 8.377595634801843216e-02 1.000000000000000000e+00
-4.054999999999999716e-01 1.000000000000000048e-04 8.373813427682315347e-02 1.000000000000000000e+00
-4.047499999999999432e-01 1.000000000000000048e-04 8.370001368417850918e-02 1.000000000000000000e+00
-4.039999999999999147e-01 1.000000000000000048e-04 8.366159386294597100e-02 1.000000000000000000e+00
-4.032499999999998863e-01 1.000000000000000048e-04 8.362287410531361875e-02 1.000000000000000000e+00
-4.024999999999998579e-01 1.000000000000000048e-04 8.358385370279848570e-02 1.000000000000000000e+00
-4.017499999999998295e-01 1.000000000000000048e-04 8.354453194624926471e-02 1.000000000000000000e+00
-4.009999999999998010e-01 1.000000000000000048e-04 8.350490812584901446e-02 1.000000000000000000e+00
-4.002499999999997726e-01 1.000000000000000048e-04 8.346498153111781004e-02 1.000000000000000000e+00
-3.994999999999997442e-01 1.000000000000000048e-04 8.342475145091524102e-02 1.000000000000000000e+00
-3.987499999999997158e-01 1.000000000000000048e-04 8.338421717344347839e-02 1.000000000000000000e+00
-3.979999999999996874e-01 1.000000000000000048e-04 8.334337798624942562e-02 1.000000000000000000e+00
-3.972499999999996589e-01 1.000000000000000048e-04 8.330223317622796608e-02 1.000000000000000000e+00
-3.964999999999996305e-01 1.000000000000000048e-04 8.326078202962430841e-02 1.000000000000000000e+00
-3.957499999999996021e-01 1.000000000000000048e-04 8.321902383203698406e-02 1.000000000000000000e+00
-3.949999999999995737e-01 1.000000000000000048e-04 8.317695786842033145e-02 1.000000000000000000e+00
-3.942499999999995453e-01 1.000000000000000048e-04 8.313458342308759075e-02 1.000000000000000000e+00
-3.934999999999995168e-01 1.000000000000000048e-04 8.309189977971337404e-02 1.000000000000000000e+00
-3.927499999999994884e-01 1.000000000000000048e-04 8.304890622133671851e-02 1.000000000000000000e+00
-3.919999999999994600e-01 1.000000000000000048e-04 8.300560203036375095e-02 1.000000000000000000e+00
-3.912500000000003197e-01 1.000000000000000048e-04 8.296198648857050495e-02 1.000000000000000000e+00
-3.905000000000002913e-01 1.000000000000000048e-04 8.291805887710573808e-02 1.000000000000000000e+00
-3.897500000000002629e-01 1.000000000000000048e-04 8.287381847649401279e-02 1.000000000000000000e+00
-3.890000000000002345e-01 1.000000000000000048e-04 8.282926456663831927e-02 1.000000000000000000e+00
-3.882500000000002061e-01 1.000000000000000048e-04 8.278439642682300370e-02 1.000000000000000000e+00
-3.875000000000001776e-01 1.000000000000000048e-04 8.273921333571680747e-02 1.000000000000000000e+00
-3.867500000000001492e-01 1.000000000000000048e-04 8.269371457137550396e-02 1.000000000000000000e+00
-3.860000000000001208e-01 1.000000000000000048e-04 8.264789941124515982e-02 1.000000000000000000e+00
-3.852500000000000924e-01 1.000000000000000048e-04 8.260176713216479949e-02 1.000000000000000000e+00
-3.845000000000000639e-01 1.000000000000000048e-04 8.255531701036944447e-02 1.000000000000000000e+00
-3.837500000000000355e-01 1.000000000000000048e-04 8.250854832149320806e-02 1.000000000000000000e+00
-3.830000000000000071e-01 1.000000000000000048e-04 8.246146034057212637e-02 1.000000000000000000e+00
-3.822499999999999787e-01 1.000000000000000048e-04 8.241405234204710051e-02 1.000000000000000000e+00
-3.814999999999999503e-01 1.000000000000000048e-04 8.236632359976707451e-02 1.000000000000000000e+00
-3.807499999999999218e-01 1.000000000000000048e-04 8.231827338699203300e-02 1.000000000000000000e+00
-3.799999999999998934e-01 1.000000000000000048e-04 8.226990097639598487e-02 1.000000000000000000e+00
-3.792499999999998650e-01 1.000000000000000048e-04 8.222120564006987764e-02 1.000000000000000000e+00
-3.784999999999998366e-01 1.000000000000000048e-04 8.217218664952505303e-02 1.000000000000000000e+00
-3.777499999999998082e-01 1.000000000000000048e-04 8.212284327569595310e-02 1.000000000000000000e+00
-3.769999999999997797e-01 1.000000000000000048e-04 8.207317478894324281e-02 1.000000000000000000e+00
-3.762499999999997513e-01 1.000000000000000048e-04 8.202318045905729327e-02 1.000000000000000000e+00
-3.754999999999997229e-01 1.000000000000000048e-04 8.197285955526080470e-02 1.000000000000000000e+00
-3.747499999999996945e-01 1.000000000000000048e-04 8.192221134621238687e-02 1.000000000000000000e+00
-3.739999999999996660e-01 1.000000000000000048e-04 8.187123510000923754e-02 1.000000000000000000e+00
-3.732499999999996376e-01 1.000000000000000048e-04 8.181993008419084779e-02 1.000000000000000000e+00
-3.724999999999996092e-01 1.000000000000000048e-04 8.176829556574179148e-02 1.000000000000000000e+00
-3.717499999999995808e-01 1.000000000000000048e-04 8.171633081109508367e-02 1.000000000000000000e+00
-3.709999999999995524e-01 1.000000000000000048e-04 8.166403508613524764e-02 1.000000000000000000e+00
-3.702499999999995239e-01 1.000000000000000048e-04 8.161140765620174264e-02 1.000000000000000000e+00
-3.694999999999994955e-01 1.000000000000000048e-04 8.155844778609208645e-02 1.000000000000000000e+00
-3.687499999999994671e-01 1.000000000000000048e-04 8.150515474006513050e-02 1.000000000000000000e+00
-3.680000000000003268e-01 1.000000000000000048e-04 8.145152778184432119e-02 1.000000000000000000e+00
-3.672500000000002984e-01 1.000000000000000048e-04 8.139756617462076682e-02 1.000000000000000000e+00
-3.665000000000002700e-01 1.000000000000000048e-04 8.134326918105709570e-02 1.000000000000000000e+00
-3.657500000000002416e-01 1.000000000000000048e-04 8.128863606329013447e-02 1.000000000000000000e+00
-3.650000000000002132e-01 1.000000000000000048e-04 8.123366608293471069e-02 1.000000000000000000e+00
-3.642500000000001847e-01 1.000000000000000048e-04 8.117835850108659490e-02 1.000000000000000000e+00
-3.635000000000001563e-01 1.000000000000000048e-04 8.112271257832619209e-02 1.000000000000000000e+00
-3.627500000000001279e-01 1.000000000000000048e-04 8.106672757472165036e-02 1.000000000000000000e+00
-3.620000000000000995e-01 1.000000000000000048e-04 8.101040274983242750e-02 1.000000000000000000e+00
-3.612500000000000711e-01 1.000000000000000048e-04 8.095373736271252452e-02 1.000000000000000000e+00
-3.605000000000000426e-01 1.000000000000000048e-04 8.089673067191412159e-02 1.000000000000000000e+00
-3.597500000000000142e-01 1.000000000000000048e-04 8.083938193549068674e-02 1.000000000000000000e+00
-3.589999999999999858e-01 1.000000000000000048e-04 8.078169041100065340e-02 1.000000000000000000e+00
-3.582499999999999574e-01 1.000000000000000048e-04 8.072365535551076499e-02 1.000000000000000000e+00
-3.574999999999999289e-01 1.000000000000000048e-04 8.066527602559966925e-02 1.000000000000000000e+00
-3.567499999999999005e-01 1.000000000000000048e-04 8.060655167736115179e-02 1.000000000000000000e+00
-3.559999999999998721e-01 1.000000000000000048e-04 8.054748156640791079e-02 1.000000000000000000e+00
-3.552499999999998437e-01 1.000000000000000048e-04 8.048806494787476284e-02 1.000000000000000000e+00
-3.544999999999998153e-01 1.000000000000000048e-04 8.042830107642250093e-02 1.000000000000000000e+00
-3.537499999999997868e-01 1.000000000000000048e-04 8.036818920624114182e-02 1.000000000000000000e+00
-3.529999999999997584e-01 1.000000000000000048e-04 8.030772859105364536e-02 1.000000000000000000e+00
-3.522499999999997300e-01 1.000000000000000048e-04 8.024691848411938389e-02 1.000000000000000000e+00
-3.514999999999997016e-01 1.000000000000000048e-04 8.018575813823772269e-02 1.000000000000000000e+00
-3.507499999999996732e-01 1.000000000000000048e-04 8.012424680575169766e-02 1.000000000000000000e+00
-3.499999999999996447e-01 1.000000000000000048e-04 8.006238373855160961e-02 1.000000000000000000e+00
-3.492499999999996163e-01 1.000000000000000048e-04 8.000016818807852148e-02 1.000000000000000000e+00
-3.484999999999995879e-01 1.000000000000000048e-04 7.993759940532786656e-02 1.000000000000000000e+00
-3.477499999999995595e-01 1.000000000000000048e-04 7.987467664085344532e-02 1.000000000000000000e+00
-3.469999999999995310e-01 1.000000000000000048e-04 7.981139914477061725e-02 1.000000000000000000e+00
-3.462499999999995026e-01 1.000000000000000048e-04 7.974776616676018670e-02 1.000000000000000000e+00
-3.454999999999994742e-01 1.000000000000000048e-04 7.968377695607234412e-02 1.000000000000000000e+00
-3.447500000000003340e-01 1.000000000000000048e-04 7.961943076152992738e-02 1.000000000000000000e+00
-3.440000000000003055e-01 1.000000000000000048e-04 7.955472683153219648e-02 1.000000000000000000e+00
-3.432500000000002771e-01 1.000000000000000048e-04 7.948966441405892758e-02 1.000000000000000000e+00
-3.425000000000002487e-01 1.000000000000000048e-04 7.942424275667382683e-02 1.000000000000000000e+00
-3.417500000000002203e-01 1.000000000000000048e-04 7.935846110652840235e-02 1.000000000000000000e+00
-3.410000000000001918e-01 1.000000000000000048e-04 7.929231871036575285e-02 1.000000000000000000e+00
-3.402500000000001634e-01 1.000000000000000048e-04 7.922581481452416197e-02 1.000000000000000000e+00
-3.395000000000001350e-01 1.000000000000000048e-04 7.915894866494128934e-02 1.000000000000000000e+00
-3.387500000000001066e-01 1.000000000000000048e-04 7.909171950715751520e-02 1.000000000000000000e+00
-3.380000000000000782e-01 1.000000000000000048e-04 7.902412658632017306e-02 1.000000000000000000e+00
-3.372500000000000497e-01 1.000000000000000048e-04 7.895616914718704693e-02 1.000000000000000000e+00
-3.365000000000000213e-01 1.000000000000000048e-04 7.888784643413052078e-02 1.000000000000000000e+00
-3.357499999999999929e-01 1.000000000000000048e-04 7.881915769114118675e-02 1.000000000000000000e+00
-3.349999999999999645e-01 1.000000000000000048e-04 7.875010216183196687e-02 1.000000000000000000e+00
-3.342499999999999361e-01 1.000000000000000048e-04 7.868067908944183231e-02 1.000000000000000000e+00
-3.334999999999999076e-01 1.000000000000000048e-04 7.861088771683971688e-02 1.000000000000000000e+00
-3.327499999999998792e-01 1.000000000000000048e-04 7.854072728652859714e-02 1.000000000000000000e+00
-3.319999999999998508e-01 1.000000000000000048e-04 7.847019704064930878e-02 1.000000000000000000e+00
-3.312499999999998224e-01 1.000000000000000048e-04 7.839929622098433526e-02 1.000000000000000000e+00
-3.304999999999997939e-01 1.000000000000000048e-04 7.832802406896209602e-02 1.000000000000000000e+00
-3.297499999999997655e-01 1.000000000000000048e-04 7.825637982566072126e-02 1.000000000000000000e+00
-3.289999999999997371e-01 1.000000000000000048e-04 7.818436273181209040e-02 1.000000000000000000e+00
-3.282499999999997087e-01 1.000000000000000048e-04 7.811197202780580107e-02 1.000000000000000000e+00
-3.274999999999996803e-01 1.000000000000000048e-04 7.803920695369326310e-02 1.000000000000000000e+00
-3.267499999999996518e-01 1.000000000000000048e-04 7.796606674919154267e-02 1.000000000000000000e+00
-3.259999999999996234e-01 1.000000000000000048e-04 7.789255065368759501e-02 1.000000000000000000e+00
-3.252499999999995950e-01 1.000000000000000048e-04 7.781865790624239998e-02 1.000000000000000000e+00
-3.244999999999995666e-01 1.000000000000000048e-04 7.774438774559455645e-02 1.000000000000000000e+00
-3.237499999999995381e-01 1.000000000000000048e-04 7.766973941016502847e-02 1.000000000000000000e+00
-3.229999999999995097e-01 1.000000000000000048e-04 7.759471213806075351e-02 1.000000000000000000e+00
-3.222499999999994813e-01 1.000000000000000048e-04 7.751930516707890295e-02 1.000000000000000000e+00
-3.215000000000003411e-01 1.000000000000000048e-04 7.744351773471103151e-02 1.000000000000000000e+00
-3.207500000000003126e-01 1.000000000000000048e-04 7.736734907814700468e-02 1.000000000000000000e+00
-3.200000000000002842e-01 1.000000000000000048e-04 7.729079843427960617e-02 1.000000000000000000e+00
-3.192500000000002558e-01 1.000000000000000048e-04 7.721386503970818771e-02 1.000000000000000000e+00
-3.185000000000002274e-01 1.000000000000000048e-04 7.713654813074323491e-02 1.000000000000000000e+00
-3.177500000000001990e-01 1.000000000000000048e-04 7.705884694341026686e-02 1.000000000000000000e+00
-3.170000000000001705e-01 1.000000000000000048e-04 7.698076071345420768e-02 1.000000000000000000e+00
-3.162500000000001421e-01 1.000000000000000048e-04 7.690228867634353593e-02 1.000000000000000000e+00
-3.155000000000001137e-01 1.000000000000000048e-04 7.682343006727443413e-02 1.000000000000000000e+00
-3.147500000000000853e-01 1.000000000000000048e-04 7.674418412117524346e-02 1.000000000000000000e+00
-3.140000000000000568e-01 1.000000000000000048e-04 7.666455007271057165e-02 1.000000000000000000e+00
-3.132500000000000284e-01 1.000000000000000048e-04 7.658452715628545626e-02 1.000000000000000000e+00
-3.125000000000000000e-01 1.000000000000000048e-04 7.650411460604987501e-02 1.000000000000000000e+00
-3.117499999999999716e-01 1.000000000000000048e-04 7.642331165590277031e-02 1.000000000000000000e+00
-3.109999999999999432e-01 1.000000000000000048e-04 7.634211753949665669e-02 1.000000000000000000e+00
-3.102499999999999147e-01 1.000000000000000048e-04 7.626053149024164535e-02 1.000000000000000000e+00
-3.094999999999998863e-01 1.000000000000000048e-04 7.617855274130995447e-02 1.000000000000000000e+00
-3.087499999999998579e-01 1.000000000000000048e-04 7.609618052564015578e-02 1.000000000000000000e+00
-3.079999999999998295e-01 1.000000000000000048e-04 7.601341407594162936e-02 1.000000000000000000e+00
-3.072499999999998010e-01 1.000000000000000048e-04 7.593025262469878245e-02 1.000000000000000000e+00
-3.064999999999997726e-01 1.000000000000000048e-04 7.584669540417557365e-02 1.000000000000000000e+00
-3.057499999999997442e-01 1.000000000000000048e-04 7.576274164641978726e-02 1.000000000000000000e+00
-3.049999999999997158e-01 1.000000000000000048e-04 7.567839058326752966e-02 1.000000000000000000e+00
-3.042499999999996874e-01 1.000000000000000048e-04 7.559364144634750371e-02 1.000000000000000000e+00
-3.034999999999996589e-01 1.000000000000000048e-04 7.550849346708565779e-02 1.000000000000000000e+00
-3.027499999999996305e-01 1.000000000000000048e-04 7.542294587670940464e-02 1.000000000000000000e+00
-3.019999999999996021e-01 1.000000000000000048e-04 7.533699790625218717e-02 1.000000000000000000e+00
-3.012499999999995737e-01 1.000000000000000048e-04 7.525064878655798872e-02 1.000000000000000000e+00
-3.004999999999995453e-01 1.000000000000000048e-04 7.516389774828569070e-02 1.000000000000000000e+00
-2.997499999999995168e-01 1.000000000000000048e-04 7.507674402191355512e-02 1.000000000000000000e+00
-2.989999999999994884e-01 1.000000000000000048e-04 7.498918683774383198e-02 1.000000000000000000e+00
-2.982499999999994600e-01 1.000000000000000048e-04 7.490122542590731125e-02 1.000000000000000000e+00
-2.975000000000003197e-01 1.000000000000000048e-04 7.481285901636762492e-02 1.000000000000000000e+00
-2.967500000000002913e-01 1.000000000000000048e-04 7.472408683892589609e-02 1.000000000000000000e+00
-2.960000000000002629e-01 1.000000000000000048e-04 7.463490812322544354e-02 1.000000000000000000e+00
-2.952500000000002345e-01 1.000000000000000048e-04 7.454532209875609772e-02 1.000000000000000000e+00
-2.945000000000002061e-01 1.000000000000000048e-04 7.445532799485900244e-02 1.000000000000000000e+00
-2.937500000000001776e-01 1.000000000000000048e-04 7.436492504073087539e-02 1.000000000000000000e+00
-2.930000000000001492e-01 1.000000000000000048e-04 7.427411246542907353e-02 1.000000000000000000e+00
-2.922500000000001208e-01 1.000000000000000048e-04 7.418288949787572861e-02 1.000000000000000000e+00
-2.915000000000000924e-01 1.000000000000000048e-04 7.409125536686267388e-02 1.000000000000000000e+00
-2.907500000000000639e-01 1.000000000000000048e-04 7.399920930105585715e-02 1.000000000000000000e+00
-2.900000000000000355e-01 1.000000000000000048e-04 7.390675052900022579e-02 1.000000000000000000e+00
-2.892500000000000071e-01 1.000000000000000048e-04 7.381387827912423705e-02 1.000000000000000000e+00
-2.884999999999999787e-01 1.000000000000000048e-04 7.372059177974449318e-02 1.000000000000000000e+00
-2.877499999999999503e-01 1.000000000000000048e-04 7.362689025907052931e-02 1.000000000000000000e+00
-2.869999999999999218e-01 1.000000000000000048e-04 7.353277294520926821e-02 1.000000000000000000e+00
-2.862499999999998934e-01 1.000000000000000048e-04 7.343823906617022446e-02 1.000000000000000000e+00
-2.854999999999998650e-01 1.000000000000000048e-04 7.334328784986947347e-02 1.000000000000000000e+00
-2.847499999999998366e-01 1.000000000000000048e-04 7.324791852413517490e-02 1.000000000000000000e+00
-2.839999999999998082e-01 1.000000000000000048e-04 7.315213031671162491e-02 1.000000000000000000e+00
-2.832499999999997797e-01 1.000000000000000048e-04 7.305592245526436324e-02 1.000000000000000000e+00
-2.824999999999997513e-01 1.000000000000000048e-04 7.295929416738500262e-02 1.000000000000000000e+00
-2.817499999999997229e-01 1.000000000000000048e-04 7.286224468059569748e-02 1.000000000000000000e+00
-2.809999999999996945e-01 1.000000000000000048e-04 7.276477322235411216e-02 1.000000000000000000e+00
-2.802499999999996660e-01 1.000000000000000048e-04 7.266687902005820876e-02 1.000000000000000000e+00
-2.794999999999996376e-01 1.000000000000000048e-04 7.256856130105092395e-02 1.000000000000000000e+00
-2.787499999999996092e-01 1.000000000000000048e-04 7.246981929262510946e-02 1.000000000000000000e+00
-2.779999999999995808e-01 1.000000000000000048e-04 7.237065222202843096e-02 1.000000000000000000e+00
-2.772499999999995524e-01 1.000000000000000048e-04 7.227105931646796155e-02 1.000000000000000000e+00
-2.764999999999995239e-01 1.000000000000000048e-04 7.217103980311506684e-02 1.000000000000000000e+00
-2.757499999999994955e-01 1.000000000000000048e-04 7.207059290911049798e-02 1.000000000000000000e+00
-2.749999999999994671e-01 1.000000000000000048e-04 7.196971786156898532e-02 1.000000000000000000e+00
-2.742500000000003268e-01 1.000000000000000048e-04 7.186841388758447025e-02 1.000000000000000000e+00
-2.735000000000002984e-01 1.000000000000000048e-04 7.176668021423428245e-02 1.000000000000000000e+00
-2.727500000000002700e-01 1.000000000000000048e-04 7.166451606858478818e-02 1.000000000000000000e+00
-2.720000000000002416e-01 1.000000000000000048e-04 7.156192067769603926e-02 1.000000000000000000e+00
-2.712500000000002132e-01 1.000000000000000048e-04 7.145889326862656099e-02 1.000000000000000000e+00
-2.705000000000001847e-01 1.000000000000000048e-04 7.135543306843845912e-02 1.000000000000000000e+00
-2.697500000000001563e-01 1.000000000000000048e-04 7.125153930420213833e-02 1.000000000000000000e+00
-2.690000000000001279e-01 1.000000000000000048e-04 7.114721120300150636e-02 1.000000000000000000e+00
-2.682500000000000995e-01 1.000000000000000048e-04 7.104244799193874804e-02 1.000000000000000000e+00
-2.675000000000000711e-01 1.000000000000000048e-04 7.093724889813936285e-02 1.000000000000000000e+00
-2.667500000000000426e-01 1.000000000000000048e-04 7.083161314875710546e-02 1.000000000000000000e+00
-2.660000000000000142e-01 1.000000000000000048e-04 7.072553997097910661e-02 1.000000000000000000e+00
-2.652499999999999858e-01 1.000000000000000048e-04 7.061902859203056382e-02 1.000000000000000000e+00
-2.644999999999999574e-01 1.000000000000000048e-04 7.051207823918023698e-02 1.000000000000000000e+00
-2.637499999999999289e-01 1.000000000000000048e-04 7.040468813974487539e-02 1.000000000000000000e+00
-2.629999999999999005e-01 1.000000000000000048e-04 7.029685752109467167e-02 1.000000000000000000e+00
-2.622499999999998721e-01 1.000000000000000048e-04 7.018858561065823010e-02 1.000000000000000000e+00
-2.614999999999998437e-01 1.000000000000000048e-04 7.007987163592757640e-02 1.000000000000000000e+00
-2.607499999999998153e-01 1.000000000000000048e-04 6.997071482446294566e-02 1.000000000000000000e+00
-2.599999999999997868e-01 1.000000000000000048e-04 6.986111440389838889e-02 1.000000000000000000e+00
-2.592499999999997584e-01 1.000000000000000048e-04 6.975106960194633887e-02 1.000000000000000000e+00
-2.584999999999997300e-01 1.000000000000000048e-04 6.964057964640300857e-02 1.000000000000000000e+00
-2.577499999999997016e-01 1.000000000000000048e-04 6.952964376515342881e-02 1.000000000000000000e+00
-2.569999999999996732e-01 1.000000000000000048e-04 6.941826118617630548e-02 1.000000000000000000e+00
-2.562499999999996447e-01 1.000000000000000048e-04 6.930643113754957063e-02 1.000000000000000000e+00
-2.554999999999996163e-01 1.000000000000000048e-04 6.919415284745501771e-02 1.000000000000000000e+00
-2.547499999999995879e-01 1.000000000000000048e-04 6.908142554418381098e-02 1.000000000000000000e+00
-2.539999999999995595e-01 1.000000000000000048e-04 6.896824845614146771e-02 1.000000000000000000e+00
-2.532499999999995310e-01 1.000000000000000048e-04 6.885462081185296512e-02 1.000000000000000000e+00
-2.524999999999995026e-01 1.000000000000000048e-04 6.874054183996805567e-02 1.000000000000000000e+00
-2.517499999999994742e-01 1.000000000000000048e-04 6.862601076926613808e-02 1.000000000000000000e+00
-2.510000000000003340e-01 1.000000000000000048e-04 6.851102682866197502e-02 1.000000000000000000e+00
-2.502500000000003055e-01 1.000000000000000048e-04 6.839558924720992583e-02 1.000000000000000000e+00
-2.495000000000002771e-01 1.000000000000000048e-04 6.827969725411020541e-02 1.000000000000000000e+00
-2.487500000000002487e-01 1.000000000000000048e-04 6.816335007871356100e-02 1.000000000000000000e+00
-2.480000000000002203e-01 1.000000000000000048e-04 6.804654695052625435e-02 1.000000000000000000e+00
-2.472500000000001918e-01 1.000000000000000048e-04 6.792928709921584873e-02 1.000000000000000000e+00
-2.465000000000001634e-01 1.000000000000000048e-04 6.781156975461591352e-02 1.000000000000000000e+00
-2.457500000000001350e-01 1.000000000000000048e-04 6.769339414673158917e-02 1.000000000000000000e+00
-2.450000000000001066e-01 1.000000000000000048e-04 6.757475950574468038e-02 1.000000000000000000e+00
-2.442500000000000782e-01 1.000000000000000048e-04 6.745566506201879087e-02 1.000000000000000000e+00
-2.435000000000000497e-01 1.000000000000000048e-04 6.733611004610490225e-02 1.000000000000000000e+00
-2.427500000000000213e-01 1.000000000000000048e-04 6.721609368874645329e-02 1.000000000000000000e+00
-2.419999999999999929e-01 1.000000000000000048e-04 6.709561522088436369e-02 1.000000000000000000e+00
-2.412499999999999645e-01 1.000000000000000048e-04 6.697467387366295988e-02 1.000000000000000000e+00
-2.404999999999999361e-01 1.000000000000000048e-04 6.685326887843441590e-02 1.000000000000000000e+00
-2.397499999999999076e-01 1.000000000000000048e-04 6.673139946676476253e-02 1.000000000000000000e+00
-2.389999999999998792e-01 1.000000000000000048e-04 6.660906487043889712e-02 1.000000000000000000e+00
-2.382499999999998508e-01 1.000000000000000048e-04 6.648626432146588494e-02 1.000000000000000000e+00
-2.374999999999998224e-01 1.000000000000000048e-04 6.636299705208421884e-02 1.000000000000000000e+00
-2.367499999999997939e-01 1.000000000000000048e-04 6.623926229476732874e-02 1.000000000000000000e+00
-2.359999999999997655e-01 1.000000000000000048e-04 6.611505928222881356e-02 1.000000000000000000e+00
-2.352499999999997371e-01 1.000000000000000048e-04 6.599038724742771478e-02 1.000000000000000000e+00
-2.344999999999997087e-01 1.000000000000000048e-04 6.586524542357394263e-02 1.000000000000000000e+00
-2.337499999999996803e-01 1.000000000000000048e-04 6.573963304413361908e-02 1.000000000000000000e+00
-2.329999999999996518e-01 1.000000000000000048e-04 6.561354934283443463e-02 1.000000000000000000e+00
-2.322499999999996234e-01 1.000000000000000048e-04 6.548699355367092190e-02 1.000000000000000000e+00
-2.314999999999995950e-01 1.000000000000000048e-04 6.535996491091006222e-02 1.000000000000000000e+00
-2.307499999999995666e-01 1.000000000000000048e-04 6.523246264909642045e-02 1.000000000000000000e+00
-2.299999999999995381e-01 1.000000000000000048e-04 6.510448600305757116e-02 1.000000000000000000e+00
-2.292499999999995097e-01 1.000000000000000048e-04 6.497603420790960815e-02 1.000000000000000000e+00
-2.284999999999994813e-01 1.000000000000000048e-04 6.484710649906255675e-02 1.000000000000000000e+00
-2.277500000000003411e-01 1.000000000000000048e-04 6.471770211222566127e-02 1.000000000000000000e+00
-2.270000000000003126e-01 1.000000000000000048e-04 6.458782028341260306e-02 1.000000000000000000e+00
-2.262500000000002842e-01 1.000000000000000048e-04 6.445746024894734305e-02 1.000000000000000000e+00
-2.255000000000002558e-01 1.000000000000000048e-04 6.432662124546946469e-02 1.000000000000000000e+00
-2.247500000000002274e-01 1.000000000000000048e-04 6.419530250993929488e-02 1.000000000000000000e+00
-2.240000000000001990e-01 1.000000000000000048e-04 6.406350327964362157e-02 1.000000000000000000e+00
-2.232500000000001705e-01 1.000000000000000048e-04 6.393122279220105064e-02 1.000000000000000000e+00
-2.225000000000001421e-01 1.000000000000000048e-04 6.379846028556736270e-02 1.000000000000000000e+00
-2.217500000000001137e-01 1.000000000000000048e-04 6.366521499804123074e-02 1.000000000000000000e+00
-2.210000000000000853e-01 1.000000000000000048e-04 6.353148616826927164e-02 1.000000000000000000e+00
-2.202500000000000568e-01 1.000000000000000048e-04 6.339727303525194424e-02 1.000000000000000000e+00
-2.195000000000000284e-01 1.000000000000000048e-04 6.326257483834867024e-02 1.000000000000000000e+00
-2.187500000000000000e-01 1.000000000000000048e-04 6.312739081728348245e-02 1.000000000000000000e+00
-2.179999999999999716e-01 1.000000000000000048e-04 6.299172021215057593e-02 1.000000000000000000e+00
-2.172499999999999432e-01 1.000000000000000048e-04 6.285556226341951214e-02 1.000000000000000000e+00
-2.164999999999999147e-01 1.000000000000000048e-04 6.271891621194110311e-02 1.000000000000000000e+00
-2.157499999999998863e-01 1.000000000000000048e-04 6.258178129895247688e-02 1.000000000000000000e+00
-2.149999999999998579e-01 1.000000000000000048e-04 6.244415676608288529e-02 1.000000000000000000e+00
-2.142499999999998295e-01 1.000000000000000048e-04 6.230604185535910250e-02 1.000000000000000000e+00
-2.134999999999998010e-01 1.000000000000000048e-04 6.216743580921104545e-02 1.000000000000000000e+00
-2.127499999999997726e-01 1.000000000000000048e-04 6.202833787047700581e-02 1.000000000000000000e+00
-2.119999999999997442e-01 1.000000000000000048e-04 6.188874728240948558e-02 1.000000000000000000e+00
-2.112499999999997158e-01 1.000000000000000048e-04 6.174866328868059556e-02 1.000000000000000000e+00
-2.104999999999996874e-01 1.000000000000000048e-04 6.160808513338740522e-02 1.000000000000000000e+00
-2.097499999999996589e-01 1.000000000000000048e-04 6.146701206105784770e-02 1.000000000000000000e+00
-2.089999999999996305e-01 1.000000000000000048e-04 6.132544331665590320e-02 1.000000000000000000e+00
-2.082499999999996021e-01 1.000000000000000048e-04 6.118337814558744842e-02 1.000000000000000000e+00
-2.074999999999995737e-01 1.000000000000000048e-04 6.104081579370539828e-02 1.000000000000000000e+00
-2.067499999999995453e-01 1.000000000000000048e-04 6.089775550731572895e-02 1.000000000000000000e+00
-2.059999999999995168e-01 1.000000000000000048e-04 6.075419653318271662e-02 1.000000000000000000e+00
-2.052499999999994884e-01 1.000000000000000048e-04 6.061013811853447480e-02 1.000000000000000000e+00
-2.044999999999994600e-01 1.000000000000000048e-04 6.046557951106872053e-02 1.000000000000000000e+00
-2.037500000000003197e-01 1.000000000000000048e-04 6.032051995895840873e-02 1.000000000000000000e+00
-2.030000000000002913e-01 1.000000000000000048e-04 6.017495871085656173e-02 1.000000000000000000e+00
-2.022500000000002629e-01 1.000000000000000048e-04 6.002889501590284727e-02 1.000000000000000000e+00
-2.015000000000002345e-01 1.000000000000000048e-04 5.988232812372864394e-02 1.000000000000000000e+00
-2.007500000000002061e-01 1.000000000000000048e-04 5.973525728446261313e-02 1.000000000000000000e+00
-2.000000000000001776e-01 1.000000000000000048e-04 5.958768174873625700e-02 1.000000000000000000e+00
-1.992500000000001492e-01 1.000000000000000048e-04 5.943960076768980971e-02 1.000000000000000000e+00
-1.985000000000001208e-01 1.000000000000000048e-04 5.929101359297739293e-02 1.000000000000000000e+00
-1.977500000000000924e-01 1.000000000000000048e-04 5.914191947677288619e-02 1.000000000000000000e+00
-1.970000000000000639e-01 1.000000000000000048e-04 5.899231767177531838e-02 1.000000000000000000e+00
-1.962500000000000355e-01 1.000000000000000048e-04 5.884220743121475888e-02 1.000000000000000000e+00
-1.955000000000000071e-01 1.000000000000000048e-04 5.869158800885762584e-02 1.000000000000000000e+00
-1.947499999999999787e-01 1.000000000000000048e-04 5.854045865901242457e-02 1.000000000000000000e+00
-1.939999999999999503e-01 1.000000000000000048e-04 5.838881863653527099e-02 1.000000000000000000e+00
-1.932499999999999218e-01 1.000000000000000048e-04 5.823666719683563697e-02 1.000000000000000000e+00
-1.924999999999998934e-01 1.000000000000000048e-04 5.808400359588169332e-02 1.000000000000000000e+00
-1.917499999999998650e-01 1.000000000000000048e-04 5.793082709020622167e-02 1.000000000000000000e+00
-1.909999999999998366e-01 1.000000000000000048e-04 5.777713693691208241e-02 1.000000000000000000e+00
-1.902499999999998082e-01 1.000000000000000048e-04 5.762293239367768244e-02 1.000000000000000000e+00
-1.894999999999997797e-01 1.000000000000000048e-04 5.746821271876291493e-02 1.000000000000000000e+00
-1.887499999999997513e-01 1.000000000000000048e-04 5.731297717101442590e-02 1.000000000000000000e+00
-1.879999999999997229e-01 1.000000000000000048e-04 5.715722500987155397e-02 1.000000000000000000e+00
-1.872499999999996945e-01 1.000000000000000048e-04 5.700095549537162465e-02 1.000000000000000000e+00
-1.864999999999996660e-01 1.000000000000000048e-04 5.684416788815585542e-02 1.000000000000000000e+00
-1.857499999999996376e-01 1.000000000000000048e-04 5.668686144947476108e-02 1.000000000000000000e+00
-1.849999999999996092e-01 1.000000000000000048e-04 5.652903544119385754e-02 1.000000000000000000e+00
-1.842499999999995808e-01 1.000000000000000048e-04 5.637068912579939334e-02 1.000000000000000000e+00
-1.834999999999995524e-01 1.000000000000000048e-04 5.621182176640376893e-02 1.000000000000000000e+00
-1.827499999999995239e-01 1.000000000000000048e-04 5.605243262675128901e-02 1.000000000000000000e+00
-1.819999999999994955e-01 1.000000000000000048e-04 5.589252097122380386e-02 1.000000000000000000e+00
-1.812499999999994671e-01 1.000000000000000048e-04 5.573208606484619104e-02 1.000000000000000000e+00
-1.805000000000003268e-01 1.000000000000000048e-04 5.557112717329232982e-02 1.000000000000000000e+00
-1.797500000000002984e-01 1.000000000000000048e-04 5.540964356288986814e-02 1.000000000000000000e+00
-1.790000000000002700e-01 1.000000000000000048e-04 5.524763450062712689e-02 1.000000000000000000e+00
-1.782500000000002416e-01 1.000000000000000048e-04 5.508509925415775582e-02 1.000000000000000000e+00
-1.775000000000002132e-01 1.000000000000000048e-04 5.492203709180655535e-02 1.000000000000000000e+00
-1.767500000000001847e-01 1.000000000000000048e-04 5.475844728257550642e-02 1.000000000000000000e+00
-1.760000000000001563e-01 1.000000000000000048e-04 5.459432909614882895e-02 1.000000000000000000e+00
-1.752500000000001279e-01 1.000000000000000048e-04 5.442968180289897706e-02 1.000000000000000000e+00
-1.745000000000000995e-01 1.000000000000000048e-04 5.426450467389219712e-02 1.000000000000000000e+00
-1.737500000000000711e-01 1.000000000000000048e-04 5.409879698089405109e-02 1.000000000000000000e+00
-1.730000000000000426e-01 1.000000000000000048e-04 5.393255799637505093e-02 1.000000000000000000e+00
-1.722500000000000142e-01 1.000000000000000048e-04 5.376578699351654972e-02 1.000000000000000000e+00
-1.714999999999999858e-01 1.000000000000000048e-04 5.359848324621593885e-02 1.000000000000000000e+00
-1.707499999999999574e-01 1.000000000000000048e-04 5.343064602909258082e-02 1.000000000000000000e+00
-1.699999999999999289e-01 1.000000000000000048e-04 5.326227461749331177e-02 1.000000000000000000e+00
-1.692499999999999005e-01 1.000000000000000048e-04 5.309336828749820769e-02 1.000000000000000000e+00
-1.684999999999998721e-01 1.000000000000000048e-04 5.292392631592583718e-02 1.000000000000000000e+00
-1.677499999999998437e-01 1.000000000000000048e-04 5.275394798033940236e-02 1.000000000000000000e+00
-1.669999999999998153e-01 1.000000000000000048e-04 5.258343255905183894e-02 1.000000000000000000e+00
-1.662499999999997868e-01 1.000000000000000048e-04 5.241237933113181147e-02 1.000000000000000000e+00
-1.654999999999997584e-01 1.000000000000000048e-04 5.224078757640917420e-02 1.000000000000000000e+00
-1.647499999999997300e-01 1.000000000000000048e-04 5.206865657548050835e-02 1.000000000000000000e+00
-1.639999999999997016e-01 1.000000000000000048e-04 5.189598560971493690e-02 1.000000000000000000e+00
-1.632499999999996732e-01 1.000000000000000048e-04 5.172277396125962712e-02 1.000000000000000000e+00
-1.624999999999996447e-01 1.000000000000000048e-04 5.154902091304518902e-02 1.000000000000000000e+00
-1.617499999999996163e-01 1.000000000000000048e-04 5.137472574879163589e-02 1.000000000000000000e+00
-1.609999999999995879e-01 1.000000000000000048e-04 5.119988775301392153e-02 1.000000000000000000e+00
-1.602499999999995595e-01 1.000000000000000048e-04 5.102450621102720685e-02 1.000000000000000000e+00
-1.594999999999995310e-01 1.000000000000000048e-04 5.084858040895279263e-02 1.000000000000000000e+00
-1.587499999999995026e-01 1.000000000000000048e-04 5.067210963372364985e-02 1.000000000000000000e+00
-1.579999999999994742e-01 1.000000000000000048e-04 5.049509317309004014e-02 1.000000000000000000e+00
-1.572500000000003340e-01 1.000000000000000048e-04 5.031753031562499756e-02 1.000000000000000000e+00
-1.565000000000003055e-01 1.000000000000000048e-04 5.013942035072968539e-02 1.000000000000000000e+00
-1.557500000000002771e-01 1.000000000000000048e-04 4.996076256863956483e-02 1.000000000000000000e+00
-1.550000000000002487e-01 1.000000000000000048e-04 4.978155626042965465e-02 1.000000000000000000e+00
-1.542500000000002203e-01 1.000000000000000048e-04 4.960180071801995050e-02 1.000000000000000000e+00
-1.535000000000001918e-01 1.000000000000000048e-04 4.942149523418129520e-02 1.000000000000000000e+00
-1.527500000000001634e-01 1.000000000000000048e-04 4.924063910254082577e-02 1.000000000000000000e+00
-1.520000000000001350e-01 1.000000000000000048e-04 4.905923161758739964e-02 1.000000000000000000e+00
-1.512500000000001066e-01 1.000000000000000048e-04 4.887727207467736784e-02 1.000000000000000000e+00
-1.505000000000000782e-01 1.000000000000000048e-04 4.869475977004009137e-02 1.000000000000000000e+00
-1.497500000000000497e-01 1.000000000000000048e-04 4.851169400078336746e-02 1.000000000000000000e+00
-1.490000000000000213e-01 1.000000000000000048e-04 4.832807406489911944e-02 1.000000000000000000e+00
-1.482499999999999929e-01 1.000000000000000048e-04 4.814389926126892705e-02 1.000000000000000000e+00
-1.474999999999999645e-01 1.000000000000000048e-04 4.795916888966943181e-02 1.000000000000000000e+00
-1.467499999999999361e-01 1.000000000000000048e-04 4.777388225077813105e-02 1.000000000000000000e+00
-1.459999999999999076e-01 1.000000000000000048e-04 4.758803864617855428e-02 1.000000000000000000e+00
-1.452499999999998792e-01 1.000000000000000048e-04 4.740163737836618901e-02 1.000000000000000000e+00
-1.444999999999998508e-01 1.000000000000000048e-04 4.721467775075367107e-02 1.000000000000000000e+00
-1.437499999999998224e-01 1.000000000000000048e-04 4.702715906767656467e-02 1.000000000000000000e+00
-1.429999999999997939e-01 1.000000000000000048e-04 4.683908063439863600e-02 1.000000000000000000e+00
-1.422499999999997655e-01 1.000000000000000048e-04 4.665044175711757779e-02 1.000000000000000000e+00
-1.414999999999997371e-01 1.000000000000000048e-04 4.646124174297038695e-02 1.000000000000000000e+00
-1.407499999999997087e-01 1.000000000000000048e-04 4.627147990003889488e-02 1.000000000000000000e+00
-1.399999999999996803e-01 1.000000000000000048e-04 4.608115553735523534e-02 1.000000000000000000e+00
-1.392499999999996518e-01 1.000000000000000048e-04 4.589026796490742327e-02 1.000000000000000000e+00
-1.384999999999996234e-01 1.000000000000000048e-04 4.569881649364464921e-02 1.000000000000000000e+00
-1.377499999999995950e-01 1.000000000000000048e-04 4.550680043548295528e-02 1.000000000000000000e+00
-1.369999999999995666e-01 1.000000000000000048e-04 4.531421910331070307e-02 1.000000000000000000e+00
-1.362499999999995381e-01 1.000000000000000048e-04 4.512107181099379166e-02 1.000000000000000000e+00
-1.354999999999995097e-01 1.000000000000000048e-04 4.492735787338152098e-02 1.000000000000000000e+00
-1.347499999999994813e-01 1.000000000000000048e-04 4.473307660631149069e-02 1.000000000000000000e+00
-1.340000000000003411e-01 1.000000000000000048e-04 4.453822732661592843e-02 1.000000000000000000e+00
-1.332500000000003126e-01 1.000000000000000048e-04 4.434280935212562419e-02 1.000000000000000000e+00
-1.325000000000002842e-01 1.000000000000000048e-04 4.414682200167714676e-02 1.000000000000000000e+00
-1.317500000000002558e-01 1.000000000000000048e-04 4.395026459511713196e-02 1.000000000000000000e+00
-1.310000000000002274e-01 1.000000000000000048e-04 4.375313645330797946e-02 1.000000000000000000e+00
-1.302500000000001990e-01 1.000000000000000048e-04 4.355543689813336922e-02 1.000000000000000000e+00
-1.295000000000001705e-01 1.000000000000000048e-04 4.335716525250349340e-02 1.000000000000000000e+00
-1.287500000000001421e-01 1.000000000000000048e-04 4.315832084036057975e-02 1.000000000000000000e+00
-1.280000000000001137e-01 1.000000000000000048e-04 4.295890298668428309e-02 1.000000000000000000e+00
-1.272500000000000853e-01 1.000000000000000048e-04 4.275891101749697970e-02 1.000000000000000000e+00
-1.265000000000000568e-01 1.000000000000000048e-04 4.255834425986920744e-02 1.000000000000000000e+00
-1.257500000000000284e-01 1.000000000000000048e-04 4.235720204192505722e-02 1.000000000000000000e+00
-1.250000000000000000e-01 1.000000000000000048e-04 4.215548369284741193e-02 1.000000000000000000e+00
-1.242499999999999716e-01 1.000000000000000048e-04 4.195318854288345584e-02 1.000000000000000000e+00
-1.234999999999999432e-01 1.000000000000000048e-04 4.175031592335005232e-02 1.000000000000000000e+00
-1.227499999999999147e-01 1.000000000000000048e-04 4.154686516663873286e-02 1.000000000000000000e+00
-1.219999999999998863e-01 1.000000000000000048e-04 4.134283560622140086e-02 1.000000000000000000e+00
-1.212499999999998579e-01 1.000000000000000048e-04 4.113822657665559823e-02 1.000000000000000000e+00
-1.204999999999998295e-01 1.000000000000000048e-04 4.093303741358966796e-02 1.000000000000000000e+00
-1.197499999999998010e-01 1.000000000000000048e-04 4.072726745376814561e-02 1.000000000000000000e+00
-1.189999999999997726e-01 1.000000000000000048e-04 4.052091603503690798e-02 1.000000000000000000e+00
-1.182499999999997442e-01 1.000000000000000048e-04 4.031398249634893932e-02 1.000000000000000000e+00
-1.174999999999997158e-01 1.000000000000000048e-04 4.010646617776880696e-02 1.000000000000000000e+00
-1.167499999999996874e-01 1.000000000000000048e-04 3.989836642047876053e-02 1.000000000000000000e+00
-1.159999999999996589e-01 1.000000000000000048e-04 3.968968256678340883e-02 1.000000000000000000e+00
-1.152499999999996305e-01 1.000000000000000048e-04 3.948041396011518073e-02 1.000000000000000000e+00
-1.144999999999996021e-01 1.000000000000000048e-04 3.927055994503961950e-02 1.000000000000000000e+00
-1.137499999999995737e-01 1.000000000000000048e-04 3.906011986726062868e-02 1.000000000000000000e+00
-1.129999999999995453e-01 1.000000000000000048e-04 3.884909307362545416e-02 1.000000000000000000e+00
-1.122499999999995168e-01 1.000000000000000048e-04 3.863747891213009655e-02 1.000000000000000000e+00
-1.114999999999994884e-01 1.000000000000000048e-04 3.842527673192461940e-02 1.000000000000000000e+00
-1.107499999999994600e-01 1.000000000000000048e-04 3.821248588331787460e-02 1.000000000000000000e+00
-1.100000000000003197e-01 1.000000000000000048e-04 3.799910571778364332e-02 1.000000000000000000e+00
-1.092500000000002913e-01 1.000000000000000048e-04 3.778513558796422339e-02 1.000000000000000000e+00
-1.085000000000002629e-01 1.000000000000000048e-04 3.757057484767725025e-02 1.000000000000000000e+00
-1.077500000000002345e-01 1.000000000000000048e-04 3.735542285191984641e-02 1.000000000000000000e+00
-1.070000000000002061e-01 1.000000000000000048e-04 3.713967895687425580e-02 1.000000000000000000e+00
-1.062500000000001776e-01 1.000000000000000048e-04 3.692334251991261779e-02 1.000000000000000000e+00
-1.055000000000001492e-01 1.000000000000000048e-04 3.670641289960219211e-02 1.000000000000000000e+00
-1.047500000000001208e-01 1.000000000000000048e-04 3.648888945571054226e-02 1.000000000000000000e+00
-1.040000000000000924e-01 1.000000000000000048e-04 3.627077154921074659e-02 1.000000000000000000e+00
-1.032500000000000639e-01 1.000000000000000048e-04 3.605205854228606122e-02 1.000000000000000000e+00
-1.025000000000000355e-01 1.000000000000000048e-04 3.583274979833554752e-02 1.000000000000000000e+00
-1.017500000000000071e-01 1.000000000000000048e-04 3.561284468197854075e-02 1.000000000000000000e+00
-1.009999999999999787e-01 1.000000000000000048e-04 3.539234255906033300e-02 1.000000000000000000e+00
-1.002499999999999503e-01 1.000000000000000048e-04 3.517124279665669734e-02 1.000000000000000000e+00
-9.949999999999992184e-02 1.000000000000000048e-04 3.494954476307915447e-02 1.000000000000000000e+00
-9.874999999999989342e-02 1.000000000000000048e-04 3.472724782787991321e-02 1.000000000000000000e+00
-9.799999999999986500e-02 1.000000000000000048e-04 3.450435136185699136e-02 1.000000000000000000e+00
-9.724999999999983658e-02 1.000000000000000048e-04 3.428085473705906605e-02 1.000000000000000000e+00
-9.649999999999980815e-02 1.000000000000000048e-04 3.405675732679046275e-02 1.000000000000000000e+00
-9.574999999999977973e-02 1.000000000000000048e-04 3.383205850561633171e-02 1.000000000000000000e+00
-9.499999999999975131e-02 1.000000000000000048e-04 3.360675764936719989e-02 1.000000000000000000e+00
-9.424999999999972289e-02 1.000000000000000048e-04 3.338085413514439714e-02 1.000000000000000000e+00
-9.349999999999969447e-02 1.000000000000000048e-04 3.315434734132448324e-02 1.000000000000000000e+00
-9.274999999999966604e-02 1.000000000000000048e-04 3.292723664756472962e-02 1.000000000000000000e+00
-9.199999999999963762e-02 1.000000000000000048e-04 3.269952143480752554e-02 1.000000000000000000e+00
-9.124999999999960920e-02 1.000000000000000048e-04 3.247120108528538107e-02 1.000000000000000000e+00
-9.049999999999958078e-02 1.000000000000000048e-04 3.224227498252609653e-02 1.000000000000000000e+00
-8.974999999999955236e-02 1.000000000000000048e-04 3.201274251135730747e-02 1.000000000000000000e+00
-8.899999999999952394e-02 1.000000000000000048e-04 3.178260305791133500e-02 1.000000000000000000e+00
-8.824999999999949551e-02 1.000000000000000048e-04 3.155185600963037601e-02 1.000000000000000000e+00
-8.749999999999946709e-02 1.000000000000000048e-04 3.132050075527087474e-02 1.000000000000000000e+00
-8.675000000000032685e-02 1.000000000000000048e-04 3.108853668490892466e-02 1.000000000000000000e+00
-8.600000000000029843e-02 1.000000000000000048e-04 3.085596318994376225e-02 1.000000000000000000e+00
-8.525000000000027001e-02 1.000000000000000048e-04 3.062277966310438665e-02 1.000000000000000000e+00
-8.450000000000024158e-02 1.000000000000000048e-04 3.038898549845311936e-02 1.000000000000000000e+00
-8.375000000000021316e-02 1.000000000000000048e-04 3.015458009139052736e-02 1.000000000000000000e+00
-8.300000000000018474e-02 1.000000000000000048e-04 2.991956283866042607e-02 1.000000000000000000e+00
-8.225000000000015632e-02 1.000000000000000048e-04 2.968393313835444511e-02 1.000000000000000000e+00
-8.150000000000012790e-02 1.000000000000000048e-04 2.944769038991667393e-02 1.000000000000000000e+00
-8.075000000000009948e-02 1.000000000000000048e-04 2.921083399414849471e-02 1.000000000000000000e+00
-8.000000000000007105e-02 1.000000000000000048e-04 2.897336335321307882e-02 1.000000000000000000e+00
-7.925000000000004263e-02 1.000000000000000048e-04 2.873527787064046948e-02 1.000000000000000000e+00
-7.850000000000001421e-02 1.000000000000000048e-04 2.849657695133172089e-02 1.000000000000000000e+00
-7.774999999999998579e-02 1.000000000000000048e-04 2.825726000156373457e-02 1.000000000000000000e+00
-7.699999999999995737e-02 1.000000000000000048e-04 2.801732642899400563e-02 1.000000000000000000e+00
-7.624999999999992895e-02 1.000000000000000048e-04 2.777677564266509483e-02 1.000000000000000000e+00
-7.549999999999990052e-02 1.000000000000000048e-04 2.753560705300930542e-02 1.000000000000000000e+00
-7.474999999999987210e-02 1.000000000000000048e-04 2.729382007185312750e-02 1.000000000000000000e+00
-7.399999999999984368e-02 1.000000000000000048e-04 2.705141411242180383e-02 1.000000000000000000e+00
-7.324999999999981526e-02 1.000000000000000048e-04 2.680838858934418006e-02 1.000000000000000000e+00
-7.249999999999978684e-02 1.000000000000000048e-04 2.656474291865673285e-02 1.000000000000000000e+00
-7.174999999999975842e-02 1.000000000000000048e-04 2.632047651780840269e-02 1.000000000000000000e+00
-7.099999999999972999e-02 1.000000000000000048e-04 2.607558880566523268e-02 1.000000000000000000e+00
-7.024999999999970157e-02 1.000000000000000048e-04 2.583007920251433748e-02 1.000000000000000000e+00
-6.949999999999967315e-02 1.000000000000000048e-04 2.558394713006885771e-02 1.000000000000000000e+00
-6.874999999999964473e-02 1.000000000000000048e-04 2.533719201147222391e-02 1.000000000000000000e+00
-6.799999999999961631e-02 1.000000000000000048e-04 2.508981327130251418e-02 1.000000000000000000e+00
-6.724999999999958789e-02 1.000000000000000048e-04 2.484181033557688462e-02 1.000000000000000000e+00
-6.649999999999955946e-02 1.000000000000000048e-04 2.459318263175605188e-02 1.000000000000000000e+00
-6.574999999999953104e-02 1.000000000000000048e-04 2.434392958874874099e-02 1.000000000000000000e+00
-6.499999999999950262e-02 1.000000000000000048e-04 2.409405063691582097e-02 1.000000000000000000e+00
-6.424999999999947420e-02 1.000000000000000048e-04 2.384354520807475258e-02 1.000000000000000000e+00
-6.350000000000033396e-02 1.000000000000000048e-04 2.359241273550421666e-02 1.000000000000000000e+00
-6.275000000000030553e-02 1.000000000000000048e-04 2.334065265394738575e-02 1.000000000000000000e+00
-6.200000000000027711e-02 1.000000000000000048e-04 2.308826439961775279e-02 1.000000000000000000e+00
-6.125000000000024869e-02 1.000000000000000048e-04 2.283524741020219809e-02 1.000000000000000000e+00
-6.050000000000022027e-02 1.000000000000000048e-04 2.258160112486602353e-02 1.000000000000000000e+00
-5.975000000000019185e-02 1.000000000000000048e-04 2.232732498425637341e-02 1.000000000000000000e+00
-5.900000000000016342e-02 1.000000000000000048e-04 2.207241843050733454e-02 1.000000000000000000e+00
-5.825000000000013500e-02 1.000000000000000048e-04 2.181688090724338489e-02 1.000000000000000000e+00
-5.750000000000010658e-02 1.000000000000000048e-04 2.156071185958421954e-02 1.000000000000000000e+00
-5.675000000000007816e-02 1.000000000000000048e-04 2.130391073414833469e-02 1.000000000000000000e+00
-5.600000000000004974e-02 1.000000000000000048e-04 2.104647697905763851e-02 1.000000000000000000e+00
-5.525000000000002132e-02 1.000000000000000048e-04 2.078841004394135425e-02 1.000000000000000000e+00
-5.449999999999999289e-02 1.000000000000000048e-04 2.052970937994010384e-02 1.000000000000000000e+00
-5.374999999999996447e-02 1.000000000000000048e-04 2.027037443971028280e-02 1.000000000000000000e+00
-5.299999999999993605e-02 1.000000000000000048e-04 2.001040467742756790e-02 1.000000000000000000e+00
-5.224999999999990763e-02 1.000000000000000048e-04 1.974979954879154190e-02 1.000000000000000000e+00
-5.149999999999987921e-02 1.000000000000000048e-04 1.948855851102966608e-02 1.000000000000000000e+00
-5.074999999999985079e-02 1.000000000000000048e-04 1.922668102290079131e-02 1.000000000000000000e+00
-4.999999999999982236e-02 1.000000000000000048e-04 1.896416654469981061e-02 1.000000000000000000e+00
-4.924999999999979394e-02 1.000000000000000048e-04 1.870101453826114937e-02 1.000000000000000000e+00
-4.849999999999976552e-02 1.000000000000000048e-04 1.843722446696292525e-02 1.000000000000000000e+00
-4.774999999999973710e-02 1.000000000000000048e-04 1.817279579573108719e-02 1.000000000000000000e+00
-4.699999999999970868e-02 1.000000000000000048e-04 1.790772799104276697e-02 1.000000000000000000e+00
-4.624999999999968026e-02 1.000000000000000048e-04 1.764202052093075124e-02 1.000000000000000000e+00
-4.549999999999965183e-02 1.000000000000000048e-04 1.737567285498716960e-02 1.000000000000000000e+00
-4.474999999999962341e-02 1.000000000000000048e-04 1.710868446436724158e-02 1.000000000000000000e+00
-4.399999999999959499e-02 1.000000000000000048e-04 1.684105482179318325e-02 1.000000000000000000e+00
-4.324999999999956657e-02 1.000000000000000048e-04 1.657278340155806523e-02 1.000000000000000000e+00
-4.249999999999953815e-02 1.000000000000000048e-04 1.630386967952960134e-02 1.000000000000000000e+00
-4.174999999999950973e-02 1.000000000000000048e-04 1.603431313315402743e-02 1.000000000000000000e+00
-4.099999999999948130e-02 1.000000000000000048e-04 1.576411324145947368e-02 1.000000000000000000e+00
-4.024999999999945288e-02 1.000000000000000048e-04 1.549326948506023725e-02 1.000000000000000000e+00
-3.950000000000031264e-02 1.000000000000000048e-04 1.522178134616048416e-02 1.000000000000000000e+00
-3.875000000000028422e-02 1.000000000000000048e-04 1.494964830855661023e-02 1.000000000000000000e+00
-3.800000000000025580e-02 1.000000000000000048e-04 1.467686985764317560e-02 1.000000000000000000e+00
-3.725000000000022737e-02 1.000000000000000048e-04 1.440344548041490660e-02 1.000000000000000000e+00
-3.650000000000019895e-02 1.000000000000000048e-04 1.412937466547096489e-02 1.000000000000000000e+00
-3.575000000000017053e-02 1.000000000000000048e-04 1.385465690301829547e-02 1.000000000000000000e+00
-3.500000000000014211e-02 1.000000000000000048e-04 1.357929168487530605e-02 1.000000000000000000e+00
-3.425000000000011369e-02 1.000000000000000048e-04 1.330327850447553251e-02 1.000000000000000000e+00
-3.350000000000008527e-02 1.000000000000000048e-04 1.302661685687112395e-02 1.000000000000000000e+00
-3.275000000000005684e-02 1.000000000000000048e-04 1.274930623873637807e-02 1.000000000000000000e+00
-3.200000000000002842e-02 1.000000000000000048e-04 1.247134614837107358e-02 1.000000000000000000e+00
-3.125000000000000000e-02 1.000000000000000048e-04 1.219273608570422759e-02 1.000000000000000000e+00
-3.049999999999997158e-02 1.000000000000000048e-04 1.191347555229752865e-02 1.000000000000000000e+00
-2.974999999999994316e-02 1.000000000000000048e-04 1.163356405134855637e-02 1.000000000000000000e+00
-2.899999999999991473e-02 1.000000000000000048e-04 1.135300108769423527e-02 1.000000000000000000e+00
-2.824999999999988631e-02 1.000000000000000048e-04 1.107178616781458527e-02 1.000000000000000000e+00
-2.749999999999985789e-02 1.000000000000000048e-04 1.078991879983562906e-02 1.000000000000000000e+00
-2.674999999999982947e-02 1.000000000000000048e-04 1.050739849353288929e-02 1.000000000000000000e+00
-2.599999999999980105e-02 1.000000000000000048e-04 1.022422476033510441e-02 1.000000000000000000e+00
-2.524999999999977263e-02 1.000000000000000048e-04 9.940397113326749148e-03 1.000000000000000000e+00
-2.449999999999974420e-02 1.000000000000000048e-04 9.655915067252066053e-03 1.000000000000000000e+00
-2.374999999999971578e-02 1.000000000000000048e-04 9.370778138518050943e-03 1.000000000000000000e+00
-2.299999999999968736e-02 1.000000000000000048e-04 9.084985845197419280e-03 1.000000000000000000e+00
-2.224999999999965894e-02 1.000000000000000048e-04 8.798537707032339297e-03 1.000000000000000000e+00
-2.149999999999963052e-02 1.000000000000000048e-04 8.511433245437141637e-03 1.000000000000000000e+00
-2.074999999999960210e-02 1.000000000000000048e-04 8.223671983501870328e-03 1.000000000000000000e+00
-1.999999999999957367e-02 1.000000000000000048e-04 7.935253445995075691e-03 1.000000000000000000e+00
-1.924999999999954525e-02 1.000000000000000048e-04 7.646177159367176235e-03 1.000000000000000000e+00
-1.849999999999951683e-02 1.000000000000000048e-04 7.356442651753648809e-03 1.000000000000000000e+00
-1.774999999999948841e-02 1.000000000000000048e-04 7.066049452977831054e-03 1.000000000000000000e+00
-1.699999999999945999e-02 1.000000000000000048e-04 6.774997094553987520e-03 1.000000000000000000e+00
-1.625000000000031974e-02 1.000000000000000048e-04 6.483285109690874529e-03 1.000000000000000000e+00
-1.550000000000029132e-02 1.000000000000000048e-04 6.190913033293366473e-03 1.000000000000000000e+00
-1.475000000000026290e-02 1.000000000000000048e-04 5.897880401967290492e-03 1.000000000000000000e+00
-1.400000000000023448e-02 1.000000000000000048e-04 5.604186754021225382e-03 1.000000000000000000e+00
-1.325000000000020606e-02 1.000000000000000048e-04 5.309831629469605012e-03 1.000000000000000000e+00
-1.250000000000017764e-02 1.000000000000000048e-04 5.014814570035637867e-03 1.000000000000000000e+00
-1.175000000000014921e-02 1.000000000000000048e-04 4.719135119154439090e-03 1.000000000000000000e+00
-1.100000000000012079e-02 1.000000000000000048e-04 4.422792821975538892e-03 1.000000000000000000e+00
-1.025000000000009237e-02 1.000000000000000048e-04 4.125787225366103934e-03 1.000000000000000000e+00
-9.500000000000063949e-03 1.000000000000000048e-04 3.828117877913178591e-03 1.000000000000000000e+00
-8.750000000000035527e-03 1.000000000000000048e-04 3.529784329927161766e-03 1.000000000000000000e+00
-8.000000000000007105e-03 1.000000000000000048e-04 3.230786133444062472e-03 1.000000000000000000e+00
-7.249999999999978684e-03 1.000000000000000048e-04 2.931122842228409825e-03 1.000000000000000000e+00
-6.499999999999950262e-03 1.000000000000000048e-04 2.630794011776061130e-03 1.000000000000000000e+00
-5.749999999999921840e-03 1.000000000000000048e-04 2.329799199316610111e-03 1.000000000000000000e+00
-4.999999999999893419e-03 1.000000000000000048e-04 2.028137963816442190e-03 1.000000000000000000e+00
-4.249999999999864997e-03 1.000000000000000048e-04 1.725809865980947131e-03 1.000000000000000000e+00
-3.499999999999836575e-03 1.000000000000000048e-04 1.422814468257450719e-03 1.000000000000000000e+00
-2.749999999999808153e-03 1.000000000000000048e-04 1.119151334837822920e-03 1.000000000000000000e+00
-1.999999999999779732e-03 1.000000000000000048e-04 8.148200316606102854e-04 1.000000000000000000e+00
-1.249999999999751310e-03 1.000000000000000048e-04 5.098201264141966234e-04 1.000000000000000000e+00
-4.999999999997228883e-04 1.000000000000000048e-04 2.041511885387327667e-04 1.000000000000000000e+00
2.500000000003055334e-04 1.000000000000000048e-04 1.000000000000000048e-04 1.000000000000000000e+00
1.000000000000333955e-03 1.000000000000000048e-04 1.000000000000000048e-04 1.000000000000000000e+00
1.750000000000362377e-03 1.000000000000000048e-04 1.000000000000000048e-04 1.000000000000000000e+00
2.500000000000390799e-03 1.000000000000000048e-04 1.000000000000000048e-04 1.000000000000000000e+00
3.250000000000419220e-03 1.000000000000000048e-04 1.000000000000000048e-04 1.000000000000000000e+00
4.000000000000447642e-03 1.000000000000000048e-04 1.000000000000000048e-04 1.000000000000000000e+00
4.750000000000476064e-03 1.000000000000000048e-04 1.000000000000000048e-04 1.000000000000000000e+00
5.500000000000504485e-03 1.000000000000000048e-04 1.000000000000000048e-04 1.000000000000000000e+00
6.250000000000532907e-03 1.000000000000000048e-04 1.000000000000000048e-04 1.000000000000000000e+00
6.999999999999673150e-03 1.000000000000000048e-04 1.000000000000000048e-04 1.000000000000000000e+00
7.749999999999701572e-03 1.000000000000000048e-04 1.000000000000000048e-04 1.000000000000000000e+00
8.499999999999729994e-03 1.000000000000000048e-04 1.000000000000000048e-04 1.000000000000000000e+00
9.249999999999758415e-03 1.000000000000000048e-04 1.000000000000000048e-04 1.000000000000000000e+00
9.999999999999786837e-03 1.000000000000000048e-04 1.000000000000000048e-04 1.000000000000000000e+00
1.074999999999981526e-02 1.000000000000000048e-04 1.000000000000000048e-04 1.000000000000000000e+00
1.149999999999984368e-02 1.000000000000000048e-04 1.000000000000000048e-04 1.000000000000000000e+00
1.224999999999987210e-02 1.000000000000000048e-04 1.000000000000000048e-04 1.000000000000000000e+00
1.299999999999990052e-02 1.000000000000000048e-04 1.000000000000000048e-04 1.000000000000000000e+00
1.374999999999992895e-02 1.000000000000000048e-04 1.000000000000000048e-04 1.000000000000000000e+00
1.449999999999995737e-02 1.000000000000000048e-04 1.000000000000000048e-04 1.000000000000000000e+00
1.524999999999998579e-02 1.000000000000000048e-04 1.000000000000000048e-04 1.000000000000000000e+00
1.600000000000001421e-02 1.000000000000000048e-04 1.000000000000000048e-04 1.000000000000000000e+00
1.675000000000004263e-02 1.000000000000000048e-04 1.000000000000000048e-04 1.000000000000000000e+00
1.750000000000007105e-02 1.000000000000000048e-04 1.000000000000000048e-04 1.000000000000000000e+00
1.825000000000009948e-02 1.000000000000000048e-04 1.000000000000000048e-04 1.000000000000000000e+00
1.900000000000012790e-02 1.000000000000000048e-04 1.000000000000000048e-04 1.000000000000000000e+00
1.975000000000015632e-02 1.000000000000000048e-04 1.000000000000000048e-04 1.000000000000000000e+00
2.050000000000018474e-02 1.000000000000000048e-04 1.000000000000000048e-04 1.000000000000000000e+00
2.125000000000021316e-02 1.000000000000000048e-04 1.000000000000000048e-04 1.000000000000000000e+00
2.200000000000024158e-02 1.000000000000000048e-04 1.000000000000000048e-04 1.000000000000000000e+00
2.275000000000027001e-02 1.000000000000000048e-04 1.000000000000000048e-04 1.000000000000000000e+00
2.350000000000029843e-02 1.000000000000000048e-04 1.000000000000000048e-04 1.000000000000000000e+00
2.425000000000032685e-02 1.000000000000000048e-04 1.000000000000000048e-04 1.000000000000000000e+00
2.500000000000035527e-02 1.000000000000000048e-04 1.000000000000000048e-04 1.000000000000000000e+00
2.575000000000038369e-02 1.000000000000000048e-04 1.000000000000000048e-04 1.000000000000000000e+00
2.650000000000041211e-02 1.000000000000000048e-04 1.000000000000000048e-04 1.000000000000000000e+00
2.725000000000044054e-02 1.000000000000000048e-04 1.000000000000000048e-04 1.000000000000000000e+00
2.800000000000046896e-02 1.000000000000000048e-04 1.000000000000000048e-04 1.000000000000000000e+00
2.875000000000049738e-02 1.000000000000000048e-04 1.000000000000000048e-04 1.000000000000000000e+00
2.950000000000052580e-02 1.000000000000000048e-04 1.000000000000000048e-04 1.000000000000000000e+00
3.024999999999966604e-02 1.000000000000000048e-04 1.000000000000000048e-04 1.000000000000000000e+00
3.099999999999969447e-02 1.000000000000000048e-04 1.000000000000000048e-04 1.000000000000000000e+00
3.174999999999972289e-02 1.000000000000000048e-04 1.000000000000000048e-04 1.000000000000000000e+00
3.249999999999975131e-02 1.000000000000000048e-04 1.000000000000000048e-04 1.000000000000000000e+00
3.324999999999977973e-02 1.000000000000000048e-04 1.000000000000000048e-04 1.000000000000000000e+00
3.399999999999980815e-02 1.000000000000000048e-04 1.000000000000000048e-04 1.000000000000000000e+00
3.474999999999983658e-02 1.000000000000000048e-04 1.000000000000000048e-04 1.000000000000000000e+00
3.549999999999986500e-02 1.000000000000000048e-04 1.000000000000000048e-04 1.000000000000000000e+00
3.624999999999989342e-02 1.000000000000000048e-04 1.000000000000000048e-04 1.000000000000000000e+00
3.699999999999992184e-02 1.000000000000000048e-04 1.000000000000000048e-04 1.000000000000000000e+00
3.774999999999995026e-02 1.000000000000000048e-04 1.000000000000000048e-04 1.000000000000000000e+00
3.849999999999997868e-02 1.000000000000000048e-04 1.000000000000000048e-04 1.000000000000000000e+00
3.925000000000000711e-02 1.000000000000000048e-04 1.000000000000000048e-04 1.000000000000000000e+00
4.000000000000003553e-02 1.000000000000000048e-04 1.000000000000000048e-04 1.000000000000000000e+00
4.075000000000006395e-02 1.000000000000000048e-04 1.000000000000000048e-04 1.000000000000000000e+00
4.150000000000009237e-02 1.000000000000000048e-04 1.000000000000000048e-04 1.000000000000000000e+00
4.225000000000012079e-02 1.000000000000000048e-04 1.000000000000000048e-04 1.000000000000000000e+00
4.300000000000014921e-02 1.000000000000000048e-04 1.000000000000000048e-04 1.000000000000000000e+00
4.375000000000017764e-02 1.000000000000000048e-04 1.000000000000000048e-04 1.000000000000000000e+00
4.450000000000020606e-02 1.000000000000000048e-04 1.000000000000000048e-04 1.000000000000000000e+00
4.525000000000023448e-02 1.000000000000000048e-04 1.000000000000000048e-04 1.000000000000000000e+00
4.600000000000026290e-02 1.000000000000000048e-04 1.000000000000000048e-04 1.000000000000000000e+00
4.675000000000029132e-02 1.000000000000000048e-04 1.000000000000000048e-04 1.000000000000000000e+00
4.750000000000031974e-02 1.000000000000000048e-04 1.000000000000000048e-04 1.000000000000000000e+00
4.825000000000034817e-02 1.000000000000000048e-04 1.000000000000000048e-04 1.000000000000000000e+00
4.900000000000037659e-02 1.000000000000000048e-04 1.000000000000000048e-04 1.000000000000000000e+00
4.975000000000040501e-02 1.000000000000000048e-04 1.000000000000000048e-04 1.000000000000000000e+00
5.050000000000043343e-02 1.000000000000000048e-04 1.000000000000000048e-04 1.000000000000000000e+00
5.125000000000046185e-02 1.000000000000000048e-04 1.000000000000000048e-04 1.000000000000000000e+00
5.200000000000049027e-02 1.000000000000000048e-04 1.000000000000000048e-04 1.000000000000000000e+00
5.275000000000051870e-02 1.000000000000000048e-04 1.000000000000000048e-04 1.000000000000000000e+00
5.350000000000054712e-02 1.000000000000000048e-04 1.000000000000000048e-04 1.000000000000000000e+00
5.424999999999968736e-02 1.000000000000000048e-04 1.000000000000000048e-04 1.000000000000000000e+00
5.499999999999971578e-02 1.000000000000000048e-04 1.000000000000000048e-04 1.000000000000000000e+00
5.574999999999974420e-02 1.000000000000000048e-04 1.000000000000000048e-04 1.000000000000000000e+00
5.649999999999977263e-02 1.000000000000000048e-04 1.000000000000000048e-04 1.000000000000000000e+00
5.724999999999980105e-02 1.000000000000000048e-04 1.000000000000000048e-04 1.000000000000000000e+00
5.799999999999982947e-02 1.000000000000000048e-04 1.000000000000000048e-04 1.000000000000000000e+00
5.874999999999985789e-02 1.000000000000000048e-04 1.000000000000000048e-04 1.000000000000000000e+00
5.949999999999988631e-02 1.000000000000000048e-04 1.000000000000000048e-04 1.000000000000000000e+00
6.024999999999991473e-02 1.000000000000000048e-04 1.000000000000000048e-04 1.000000000000000000e+00
6.099999999999994316e-02 1.000000000000000048e-04 1.000000000000000048e-04 1.000000000000000000e+00
6.174999999999997158e-02 1.000000000000000048e-04 1.000000000000000048e-04 1.000000000000000000e+00
6.250000000000000000e-02 1.000000000000000048e-04 1.000000000000000048e-04 1.000000000000000000e+00
6.325000000000002842e-02 1.000000000000000048e-04 1.000000000000000048e-04 1.000000000000000000e+00
6.400000000000005684e-02 1.000000000000000048e-04 1.000000000000000048e-04 1.000000000000000000e+00
6.475000000000008527e-02 1.000000000000000048e-04 1.000000000000000048e-04 1.000000000000000000e+00
6.550000000000011369e-02 1.000000000000000048e-04 1.000000000000000048e-04 1.000000000000000000e+00
6.625000000000014211e-02 1.000000000000000048e-04 1.000000000000000048e-04 1.000000000000000000e+00
6.700000000000017053e-02 1.000000000000000048e-04 1.000000000000000048e-04 1.000000000000000000e+00
6.775000000000019895e-02 1.000000000000000048e-04 1.000000000000000048e-04 1.000000000000000000e+00
6.850000000000022737e-02 1.000000000000000048e-04 1.000000000000000048e-04 1.000000000000000000e+00
6.925000000000025580e-02 1.000000000000000048e-04 1.000000000000000048e-04 1.000000000000000000e+00
7.000000000000028422e-02 1.000000000000000048e-04 1.000000000000000048e-04 1.000000000000000000e+00
7.075000000000031264e-02 1.000000000000000048e-04 1.000000000000000048e-04 1.000000000000000000e+00
7.150000000000034106e-02 1.000000000000000048e-04 1.000000000000000048e-04 1.000000000000000000e+00
7.225000000000036948e-02 1.000000000000000048e-04 1.000000000000000048e-04 1.000000000000000000e+00
7.300000000000039790e-02 1.000000000000000048e-04 1.000000000000000048e-04 1.000000000000000000e+00
7.375000000000042633e-02 1.000000000000000048e-04 1.000000000000000048e-04 1.000000000000000000e+00
7.450000000000045475e-02 1.000000000000000048e-04 1.000000000000000048e-04 1.000000000000000000e+00
7.525000000000048317e-02 1.000000000000000048e-04 1.000000000000000048e-04 1.000000000000000000e+00
7.600000000000051159e-02 1.000000000000000048e-04 1.000000000000000048e-04 1.000000000000000000e+00
7.675000000000054001e-02 1.000000000000000048e-04 1.000000000000000048e-04 1.000000000000000000e+00
7.749999999999968026e-02 1.000000000000000048e-04 1.000000000000000048e-04 1.000000000000000000e+00
7.824999999999970868e-02 1.000000000000000048e-04 1.000000000000000048e-04 1.000000000000000000e+00
7.899999999999973710e-02 1.000000000000000048e-04 1.000000000000000048e-04 1.000000000000000000e+00
7.974999999999976552e-02 1.000000000000000048e-04 1.000000000000000048e-04 1.000000000000000000e+00
8.049999999999979394e-02 1.000000000000000048e-04 1.000000000000000048e-04 1.000000000000000000e+00
8.124999999999982236e-02 1.000000000000000048e-04 1.000000000000000048e-04 1.000000000000000000e+00
8.199999999999985079e-02 1.000000000000000048e-04 1.000000000000000048e-04 1.000000000000000000e+00
8.274999999999987921e-02 1.000000000000000048e-04 1.000000000000000048e-04 1.000000000000000000e+00
8.349999999999990763e-02 1.000000000000000048e-04 1.000000000000000048e-04 1.000000000000000000e+00
8.424999999999993605e-02 1.000000000000000048e-04 1.000000000000000048e-04 1.000000000000000000e+00
8.499999999999996447e-02 1.000000000000000048e-04 1.000000000000000048e-04 1.000000000000000000e+00
8.574999999999999289e-02 1.000000000000000048e-04 1.000000000000000048e-04 1.000000000000000000e+00
8.650000000000002132e-02 1.000000000000000048e-04 1.000000000000000048e-04 1.000000000000000000e+00
8.725000000000004974e-02 1.000000000000000048e-04 1.000000000000000048e-04 1.000000000000000000e+00
8.800000000000007816e-02 1.000000000000000048e-04 1.000000000000000048e-04 1.000000000000000000e+00
8.875000000000010658e-02 1.000000000000000048e-04 1.000000000000000048e-04 1.000000000000000000e+00
8.950000000000013500e-02 1.000000000000000048e-04 1.000000000000000048e-04 1.000000000000000000e+00
9.025000000000016342e-02 1.000000000000000048e-04 1.000000000000000048e-04 1.000000000000000000e+00
9.100000000000019185e-02 1.000000000000000048e-04 1.000000000000000048e-04 1.000000000000000000e+00
9.175000000000022027e-02 1.000000000000000048e-04 1.000000000000000048e-04 1.000000000000000000e+00
9.250000000000024869e-02 1.000000000000000048e-04 1.000000000000000048e-04 1.000000000000000000e+00
9.325000000000027711e-02 1.000000000000000048e-04 1.000000000000000048e-04 1.000000000000000000e+00
9.400000000000030553e-02 1.000000000000000048e-04 1.000000000000000048e-04 1.000000000000000000e+00
9.475000000000033396e-02 1.000000000000000048e-04 1.000000000000000048e-04 1.000000000000000000e+00
9.550000000000036238e-02 1.000000000000000048e-04 1.000000000000000048e-04 1.000000000000000000e+00
9.625000000000039080e-02 1.000000000000000048e-04 1.000000000000000048e-04 1.000000000000000000e+00
9.700000000000041922e-02 1.000000000000000048e-04 1.000000000000000048e-04 1.000000000000000000e+00
9.775000000000044764e-02 1.000000000000000048e-04 1.000000000000000048e-04 1.000000000000000000e+00
9.850000000000047606e-02 1.000000000000000048e-04 1.000000000000000048e-04 1.000000000000000000e+00
9.925000000000050449e-02 1.000000000000000048e-04 1.000000000000000048e-04 1.000000000000000000e+00
1.000000000000005329e-01 1.000000000000000048e-04 1.000000000000000048e-04 1.000000000000000000e+00
1.007499999999996732e-01 1.000000000000000048e-04 1.000000000000000048e-04 1.000000000000000000e+00
1.014999999999997016e-01 1.000000000000000048e-04 1.000000000000000048e-04 1.000000000000000000e+00
1.022499999999997300e-01 1.000000000000000048e-04 1.000000000000000048e-04 1.000000000000000000e+00
1.029999999999997584e-01 1.000000000000000048e-04 1.000000000000000048e-04 1.000000000000000000e+00
1.037499999999997868e-01 1.000000000000000048e-04 1.000000000000000048e-04 1.000000000000000000e+00
1.044999999999998153e-01 1.000000000000000048e-04 1.000000000000000048e-04 1.000000000000000000e+00
1.052499999999998437e-01 1.000000000000000048e-04 1.000000000000000048e-04 1.000000000000000000e+00
1.059999999999998721e-01 1.000000000000000048e-04 1.000000000000000048e-04 1.000000000000000000e+00
1.067499999999999005e-01 1.000000000000000048e-04 1.000000000000000048e-04 1.000000000000000000e+00
1.074999999999999289e-01 1.000000000000000048e-04 1.000000000000000048e-04 1.000000000000000000e+00
1.082499999999999574e-01 1.000000000000000048e-04 1.000000000000000048e-04 1.000000000000000000e+00
1.089999999999999858e-01 1.000000000000000048e-04 1.000000000000000048e-04 1.000000000000000000e+00
1.097500000000000142e-01 1.000000000000000048e-04 1.000000000000000048e-04 1.000000000000000000e+00
1.105000000000000426e-01 1.000000000000000048e-04 1.000000000000000048e-04 1.000000000000000000e+00
1.112500000000000711e-01 1.000000000000000048e-04 1.000000000000000048e-04 1.000000000000000000e+00
1.120000000000000995e-01 1.000000000000000048e-04 1.000000000000000048e-04 1.000000000000000000e+00
1.127500000000001279e-01 1.000000000000000048e-04 1.000000000000000048e-04 1.000000000000000000e+00
1.135000000000001563e-01 1.000000000000000048e-04 1.000000000000000048e-04 1.000000000000000000e+00
1.142500000000001847e-01 1.000000000000000048e-04 1.000000000000000048e-04 1.000000000000000000e+00
1.150000000000002132e-01 1.000000000000000048e-04 1.000000000000000048e-04 1.000000000000000000e+00
1.157500000000002416e-01 1.000000000000000048e-04 1.000000000000000048e-04 1.000000000000000000e+00
1.165000000000002700e-01 1.000000000000000048e-04 1.000000000000000048e-04 1.000000000000000000e+00
1.172500000000002984e-01 1.000000000000000048e-04 1.000000000000000048e-04 1.000000000000000000e+00
1.180000000000003268e-01 1.000000000000000048e-04 1.000000000000000048e-04 1.000000000000000000e+00
1.187500000000003553e-01 1.000000000000000048e-04 1.000000000000000048e-04 1.000000000000000000e+00
1.195000000000003837e-01 1.000000000000000048e-04 1.000000000000000048e-04 1.000000000000000000e+00
1.202500000000004121e-01 1.000000000000000048e-04 1.000000000000000048e-04 1.000000000000000000e+00
1.210000000000004405e-01 1.000000000000000048e-04 1.000000000000000048e-04 1.000000000000000000e+00
1.217500000000004690e-01 1.000000000000000048e-04 1.000000000000000048e-04 1.000000000000000000e+00
1.225000000000004974e-01 1.000000000000000048e-04 1.000000000000000048e-04 1.000000000000000000e+00
1.232500000000005258e-01 1.000000000000000048e-04 1.000000000000000048e-04 1.000000000000000000e+00
1.239999999999996660e-01 1.000000000000000048e-04 1.000000000000000048e-04 1.000000000000000000e+00
1.247499999999996945e-01 1.000000000000000048e-04 1.000000000000000048e-04 1.000000000000000000e+00
1.254999999999997229e-01 1.000000000000000048e-04 1.000000000000000048e-04 1.000000000000000000e+00
1.262499999999997513e-01 1.000000000000000048e-04 1.000000000000000048e-04 1.000000000000000000e+00
1.269999999999997797e-01 1.000000000000000048e-04 1.000000000000000048e-04 1.000000000000000000e+00
1.277499999999998082e-01 1.000000000000000048e-04 1.000000000000000048e-04 1.000000000000000000e+00
1.284999999999998366e-01 1.000000000000000048e-04 1.000000000000000048e-04 1.000000000000000000e+00
1.292499999999998650e-01 1.000000000000000048e-04 1.000000000000000048e-04 1.000000000000000000e+00
1.299999999999998934e-01 1.000000000000000048e-04 1.000000000000000048e-04 1.000000000000000000e+00
1.307499999999999218e-01 1.000000000000000048e-04 1.000000000000000048e-04 1.000000000000000000e+00
1.314999999999999503e-01 1.000000000000000048e-04 1.000000000000000048e-04 1.000000000000000000e+00
1.322499999999999787e-01 1.000000000000000048e-04 1.000000000000000048e-04 1.000000000000000000e+00
1.330000000000000071e-01 1.000000000000000048e-04 1.000000000000000048e-04 1.000000000000000000e+00
1.337500000000000355e-01 1.000000000000000048e-04 1.000000000000000048e-04 1.000000000000000000e+00
1.345000000000000639e-01 1.000000000000000048e-04 1.000000000000000048e-04 1.000000000000000000e+00
1.352500000000000924e-01 1.000000000000000048e-04 1.000000000000000048e-04 1.000000000000000000e+00
1.360000000000001208e-01 1.000000000000000048e-04 1.000000000000000048e-04 1.000000000000000000e+00
1.367500000000001492e-01 1.000000000000000048e-04 1.000000000000000048e-04 1.000000000000000000e+00
1.375000000000001776e-01 1.000000000000000048e-04 1.000000000000000048e-04 1.000000000000000000e+00
1.382500000000002061e-01 1.000000000000000048e-04 1.000000000000000048e-04 1.000000000000000000e+00
1.390000000000002345e-01 1.000000000000000048e-04 1.000000000000000048e-04 1.000000000000000000e+00
1.397500000000002629e-01 1.000000000000000048e-04 1.000000000000000048e-04 1.000000000000000000e+00
1.405000000000002913e-01 1.000000000000000048e-04 1.000000000000000048e-04 1.000000000000000000e+00
1.412500000000003197e-01 1.000000000000000048e-04 1.000000000000000048e-04 1.000000000000000000e+00
1.420000000000003482e-01 1.000000000000000048e-04 1.000000000000000048e-04 1.000000000000000000e+00
1.427500000000003766e-01 1.000000000000000048e-04 1.000000000000000048e-04 1.000000000000000000e+00
1.435000000000004050e-01 1.000000000000000048e-04 1.000000000000000048e-04 1.000000000000000000e+00
1.442500000000004334e-01 1.000000000000000048e-04 1.000000000000000048e-04 1.000000000000000000e+00
1.450000000000004619e-01 1.000000000000000048e-04 1.000000000000000048e-04 1.000000000000000000e+00
1.457500000000004903e-01 1.000000000000000048e-04 1.000000000000000048e-04 1.000000000000000000e+00
1.465000000000005187e-01 1.000000000000000048e-04 1.000000000000000048e-04 1.000000000000000000e+00
1.472500000000005471e-01 1.000000000000000048e-04 1.000000000000000048e-04 1.000000000000000000e+00
1.479999999999996874e-01 1.000000000000000048e-04 1.000000000000000048e-04 1.000000000000000000e+00
1.487499999999997158e-01 1.000000000000000048e-04 1.000000000000000048e-04 1.000000000000000000e+00
1.494999999999997442e-01 1.000000000000000048e-04 1.000000000000000048e-04 1.000000000000000000e+00
1.502499999999997726e-01 1.000000000000000048e-04 1.000000000000000048e-04 1.000000000000000000e+00
1.509999999999998010e-01 1.000000000000000048e-04 1.000000000000000048e-04 1.000000000000000000e+00
1.517499999999998295e-01 1.000000000000000048e-04 1.000000000000000048e-04 1.000000000000000000e+00
1.524999999999998579e-01 1.000000000000000048e-04 1.000000000000000048e-04 1.000000000000000000e+00
1.532499999999998863e-01 1.000000000000000048e-04 1.000000000000000048e-04 1.000000000000000000e+00
1.539999999999999147e-01 1.000000000000000048e-04 1.000000000000000048e-04 1.000000000000000000e+00
1.547499999999999432e-01 1.000000000000000048e-04 1.000000000000000048e-04 1.000000000000000000e+00
1.554999999999999716e-01 1.000000000000000048e-04 1.000000000000000048e-04 1.000000000000000000e+00
1.562500000000000000e-01 1.000000000000000048e-04 1.000000000000000048e-04 1.000000000000000000e+00
1.570000000000000284e-01 1.000000000000000048e-04 1.000000000000000048e-04 1.000000000000000000e+00
1.577500000000000568e-01 1.000000000000000048e-04 1.000000000000000048e-04 1.000000000000000000e+00
1.585000000000000853e-01 1.000000000000000048e-04 1.000000000000000048e-04 1.000000000000000000e+00
1.592500000000001137e-01 1.000000000000000048e-04 1.000000000000000048e-04 1.000000000000000000e+00
1.600000000000001421e-01 1.000000000000000048e-04 1.000000000000000048e-04 1.000000000000000000e+00
1.607500000000001705e-01 1.000000000000000048e-04 1.000000000000000048e-04 1.000000000000000000e+00
1.615000000000001990e-01 1.000000000000000048e-04 1.000000000000000048e-04 1.000000000000000000e+00
1.622500000000002274e-01 1.000000000000000048e-04 1.000000000000000048e-04 1.000000000000000000e+00
1.630000000000002558e-01 1.000000000000000048e-04 1.000000000000000048e-04 1.000000000000000000e+00
1.637500000000002842e-01 1.000000000000000048e-04 1.000000000000000048e-04 1.000000000000000000e+00
1.645000000000003126e-01 1.000000000000000048e-04 1.000000000000000048e-04 1.000000000000000000e+00
1.652500000000003411e-01 1.000000000000000048e-04 1.000000000000000048e-04 1.000000000000000000e+00
1.660000000000003695e-01 1.000000000000000048e-04 1.000000000000000048e-04 1.000000000000000000e+00
1.667500000000003979e-01 1.000000000000000048e-04 1.000000000000000048e-04 1.000000000000000000e+00
1.675000000000004263e-01 1.000000000000000048e-04 1.000000000000000048e-04 1.000000000000000000e+00
1.682500000000004547e-01 1.000000000000000048e-04 1.000000000000000048e-04 1.000000000000000000e+00
1.690000000000004832e-01 1.000000000000000048e-04 1.000000000000000048e-04 1.000000000000000000e+00
1.697500000000005116e-01 1.000000000000000048e-04 1.000000000000000048e-04 1.000000000000000000e+00
1.705000000000005400e-01 1.000000000000000048e-04 1.000000000000000048e-04 1.000000000000000000e+00
1.712499999999996803e-01 1.000000000000000048e-04 1.000000000000000048e-04 1.000000000000000000e+00
1.719999999999997087e-01 1.000000000000000048e-04 1.000000000000000048e-04 1.000000000000000000e+00
1.727499999999997371e-01 1.000000000000000048e-04 1.000000000000000048e-04 1.000000000000000000e+00
1.734999999999997655e-01 1.000000000000000048e-04 1.000000000000000048e-04 1.000000000000000000e+00
1.742499999999997939e-01 1.000000000000000048e-04 1.000000000000000048e-04 1.000000000000000000e+00
1.749999999999998224e-01 1.000000000000000048e-04 1.000000000000000048e-04 1.000000000000000000e+00
1.757499999999998508e-01 1.000000000000000048e-04 1.000000000000000048e-04 1.000000000000000000e+00
1.764999999999998792e-01 1.000000000000000048e-04 1.000000000000000048e-04 1.000000000000000000e+00
1.772499999999999076e-01 1.000000000000000048e-04 1.000000000000000048e-04 1.000000000000000000e+00
1.779999999999999361e-01 1.000000000000000048e-04 1.000000000000000048e-04 1.000000000000000000e+00
1.787499999999999645e-01 1.000000000000000048e-04 1.000000000000000048e-04 1.000000000000000000e+00
1.794999999999999929e-01 1.000000000000000048e-04 1.000000000000000048e-04 1.000000000000000000e+00
1.802500000000000213e-01 1.000000000000000048e-04 1.000000000000000048e-04 1.000000000000000000e+00
1.810000000000000497e-01 1.000000000000000048e-04 1.000000000000000048e-04 1.000000000000000000e+00
1.817500000000000782e-01 1.000000000000000048e-04 1.000000000000000048e-04 1.000000000000000000e+00
1.825000000000001066e-01 1.000000000000000048e-04 1.000000000000000048e-04 1.000000000000000000e+00
1.832500000000001350e-01 1.000000000000000048e-04 1.000000000000000048e-04 1.000000000000000000e+00
1.840000000000001634e-01 1.000000000000000048e-04 1.000000000000000048e-04 1.000000000000000000e+00
1.847500000000001918e-01 1.000000000000000048e-04 1.000000000000000048e-04 1.000000000000000000e+00
1.855000000000002203e-01 1.000000000000000048e-04 1.000000000000000048e-04 1.000000000000000000e+00
1.862500000000002487e-01 1.000000000000000048e-04 1.000000000000000048e-04 1.000000000000000000e+00
1.870000000000002771e-01 1.000000000000000048e-04 1.000000000000000048e-04 1.000000000000000000e+00
1.877500000000003055e-01 1.000000000000000048e-04 1.000000000000000048e-04 1.000000000000000000e+00
1.885000000000003340e-01 1.000000000000000048e-04 1.000000000000000048e-04 1.000000000000000000e+00
1.892500000000003624e-01 1.000000000000000048e-04 1.000000000000000048e-04 1.000000000000000000e+00
1.900000000000003908e-01 1.000000000000000048e-04 1.000000000000000048e-04 1.000000000000000000e+00
1.907500000000004192e-01 1.000000000000000048e-04 1.000000000000000048e-04 1.000000000000000000e+00
1.915000000000004476e-01 1.000000000000000048e-04 1.000000000000000048e-04 1.000000000000000000e+00
1.922500000000004761e-01 1.000000000000000048e-04 1.000000000000000048e-04 1.000000000000000000e+00
1.930000000000005045e-01 1.000000000000000048e-04 1.000000000000000048e-04 1.000000000000000000e+00
1.937500000000005329e-01 1.000000000000000048e-04 1.000000000000000048e-04 1.000000000000000000e+00
1.944999999999996732e-01 1.000000000000000048e-04 1.000000000000000048e-04 1.000000000000000000e+00
1.952499999999997016e-01 1.000000000000000048e-04 1.000000000000000048e-04 1.000000000000000000e+00
1.959999999999997300e-01 1.000000000000000048e-04 1.000000000000000048e-04 1.000000000000000000e+00
1.967499999999997584e-01 1.000000000000000048e-04 1.000000000000000048e-04 1.000000000000000000e+00
1.974999999999997868e-01 1.000000000000000048e-04 1.000000000000000048e-04 1.000000000000000000e+00
1.982499999999998153e-01 1.000000000000000048e-04 1.000000000000000048e-04 1.000000000000000000e+00
1.989999999999998437e-01 1.000000000000000048e-04 1.000000000000000048e-04 1.000000000000000000e+00
1.997499999999998721e-01 1.000000000000000048e-04 1.000000000000000048e-04 1.000000000000000000e+00
2.004999999999999005e-01 1.000000000000000048e-04 1.000000000000000048e-04 1.000000000000000000e+00
2.012499999999999289e-01 1.000000000000000048e-04 1.000000000000000048e-04 1.000000000000000000e+00
2.019999999999999574e-01 1.000000000000000048e-04 1.000000000000000048e-04 1.000000000000000000e+00
2.027499999999999858e-01 1.000000000000000048e-04 1.000000000000000048e-04 1.000000000000000000e+00
2.035000000000000142e-01 1.000000000000000048e-04 1.000000000000000048e-04 1.000000000000000000e+00
2.042500000000000426e-01 1.000000000000000048e-04 1.000000000000000048e-04 1.000000000000000000e+00
2.050000000000000711e-01 1.000000000000000048e-04 1.000000000000000048e-04 1.000000000000000000e+00
2.057500000000000995e-01 1.000000000000000048e-04 1.000000000000000048e-04 1.000000000000000000e+00
2.065000000000001279e-01 1.000000000000000048e-04 1.000000000000000048e-04 1.000000000000000000e+00
2.072500000000001563e-01 1.000000000000000048e-04 1.000000000000000048e-04 1.000000000000000000e+00
2.080000000000001847e-01 1.000000000000000048e-04 1.000000000000000048e-04 1.000000000000000000e+00
2.087500000000002132e-01 1.000000000000000048e-04 1.000000000000000048e-04 1.000000000000000000e+00
2.095000000000002416e-01 1.000000000000000048e-04 1.000000000000000048e-04 1.000000000000000000e+00
2.102500000000002700e-01 1.000000000000000048e-04 1.000000000000000048e-04 1.000000000000000000e+00
2.110000000000002984e-01 1.000000000000000048e-04 1.000000000000000048e-04 1.000000000000000000e+00
2.117500000000003268e-01 1.000000000000000048e-04 1.000000000000000048e-04 1.000000000000000000e+00
2.125000000000003553e-01 1.000000000000000048e-04 1.000000000000000048e-04 1.000000000000000000e+00
2.132500000000003837e-01 1.000000000000000048e-04 1.000000000000000048e-04 1.000000000000000000e+00
2.140000000000004121e-01 1.000000000000000048e-04 1.000000000000000048e-04 1.000000000000000000e+00
2.147500000000004405e-01 1.000000000000000048e-04 1.000000000000000048e-04 1.000000000000000000e+00
2.155000000000004690e-01 1.000000000000000048e-04 1.000000000000000048e-04 1.000000000000000000e+00
2.162500000000004974e-01 1.000000000000000048e-04 1.000000000000000048e-04 1.000000000000000000e+00
2.170000000000005258e-01 1.000000000000000048e-04 1.000000000000000048e-04 1.000000000000000000e+00
2.177499999999996660e-01 1.000000000000000048e-04 1.000000000000000048e-04 1.000000000000000000e+00
2.184999999999996945e-01 1.000000000000000048e-04 1.000000000000000048e-04 1.000000000000000000e+00
2.192499999999997229e-01 1.000000000000000048e-04 1.000000000000000048e-04 1.000000000000000000e+00
2.199999999999997513e-01 1.000000000000000048e-04 1.000000000000000048e-04 1.000000000000000000e+00
2.207499999999997797e-01 1.000000000000000048e-04 1.000000000000000048e-04 1.000000000000000000e+00
2.214999999999998082e-01 1.000000000000000048e-04 1.000000000000000048e-04 1.000000000000000000e+00
2.222499999999998366e-01 1.000000000000000048e-04 1.000000000000000048e-04 1.000000000000000000e+00
2.229999999999998650e-01 1.000000000000000048e-04 1.000000000000000048e-04 1.000000000000000000e+00
2.237499999999998934e-01 1.000000000000000048e-04 1.000000000000000048e-04 1.000000000000000000e+00
2.244999999999999218e-01 1.000000000000000048e-04 1.000000000000000048e-04 1.000000000000000000e+00
2.252499999999999503e-01 1.000000000000000048e-04 1.000000000000000048e-04 1.000000000000000000e+00
2.259999999999999787e-01 1.000000000000000048e-04 1.000000000000000048e-04 1.000000000000000000e+00
2.267500000000000071e-01 1.000000000000000048e-04 1.000000000000000048e-04 1.000000000000000000e+00
2.275000000000000355e-01 1.000000000000000048e-04 1.000000000000000048e-04 1.000000000000000000e+00
2.282500000000000639e-01 1.000000000000000048e-04 1.000000000000000048e-04 1.000000000000000000e+00
2.290000000000000924e-01 1.000000000000000048e-04 1.000000000000000048e-04 1.000000000000000000e+00
2.297500000000001208e-01 1.000000000000000048e-04 1.000000000000000048e-04 1.000000000000000000e+00
2.305000000000001492e-01 1.000000000000000048e-04 1.000000000000000048e-04 1.000000000000000000e+00
2.312500000000001776e-01 1.000000000000000048e-04 1.000000000000000048e-04 1.000000000000000000e+00
2.320000000000002061e-01 1.000000000000000048e-04 1.000000000000000048e-04 1.000000000000000000e+00
2.327500000000002345e-01 1.000000000000000048e-04 1.000000000000000048e-04 1.000000000000000000e+00
2.335000000000002629e-01 1.000000000000000048e-04 1.000000000000000048e-04 1.000000000000000000e+00
2.342500000000002913e-01 1.000000000000000048e-04 1.000000000000000048e-04 1.000000000000000000e+00
2.350000000000003197e-01 1.000000000000000048e-04 1.000000000000000048e-04 1.000000000000000000e+00
2.357500000000003482e-01 1.000000000000000048e-04 1.000000000000000048e-04 1.000000000000000000e+00
2.365000000000003766e-01 1.000000000000000048e-04 1.000000000000000048e-04 1.000000000000000000e+00
2.372500000000004050e-01 1.000000000000000048e-04 1.000000000000000048e-04 1.000000000000000000e+00
2.380000000000004334e-01 1.000000000000000048e-04 1.000000000000000048e-04 1.000000000000000000e+00
2.387500000000004619e-01 1.000000000000000048e-04 1.000000000000000048e-04 1.000000000000000000e+00
2.395000000000004903e-01 1.000000000000000048e-04 1.000000000000000048e-04 1.000000000000000000e+00
2.402500000000005187e-01 1.000000000000000048e-04 1.000000000000000048e-04 1.000000000000000000e+00
2.410000000000005471e-01 1.000000000000000048e-04 1.000000000000000048e-04 1.000000000000000000e+00
2.417499999999996874e-01 1.000000000000000048e-04 1.000000000000000048e-04 1.000000000000000000e+00
2.424999999999997158e-01 1.000000000000000048e-04 1.000000000000000048e-04 1.000000000000000000e+00
2.432499999999997442e-01 1.000000000000000048e-04 1.000000000000000048e-04 1.000000000000000000e+00
2.439999999999997726e-01 1.000000000000000048e-04 1.000000000000000048e-04 1.000000000000000000e+00
2.447499999999998010e-01 1.000000000000000048e-04 1.000000000000000048e-04 1.000000000000000000e+00
2.454999999999998295e-01 1.000000000000000048e-04 1.000000000000000048e-04 1.000000000000000000e+00
2.462499999999998579e-01 1.000000000000000048e-04 1.000000000000000048e-04 1.000000000000000000e+00
2.469999999999998863e-01 1.000000000000000048e-04 1.000000000000000048e-04 1.000000000000000000e+00
2.477499999999999147e-01 1.000000000000000048e-04 1.000000000000000048e-04 1.000000000000000000e+00
2.484999999999999432e-01 1.000000000000000048e-04 1.000000000000000048e-04 1.000000000000000000e+00
2.492499999999999716e-01 1.000000000000000048e-04 1.000000000000000048e-04 1.000000000000000000e+00
2.500000000000000000e-01 1.000000000000000048e-04 1.000000000000000048e-04 1.000000000000000000e+00
