-5.000000000000000000e+00 1.000000000000000048e-04 1.000000000000000048e-04 1.000000000000000000e+00
-4.999249999999999972e+00 1.000000000000000048e-04 1.000000000000000048e-04 1.000000000000000000e+00
-4.998499999999999943e+00 1.000000000000000048e-04 1.000000000000000048e-04 1.000000000000000000e+00
-4.997749999999999915e+00 1.000000000000000048e-04 1.000000000000000048e-04 1.000000000000000000e+00
-4.996999999999999886e+00 1.000000000000000048e-04 1.000000000000000048e-04 1.000000000000000000e+00
-4.996249999999999858e+00 1.000000000000000048e-04 1.000000000000000048e-04 1.000000000000000000e+00
-4.995499999999999829e+00 1.000000000000000048e-04 1.000000000000000048e-04 1.000000000000000000e+00
-4.994749999999999801e+00 1.000000000000000048e-04 1.000000000000000048e-04 1.000000000000000000e+00
-4.993999999999999773e+00 1.000000000000000048e-04 1.000000000000000048e-04 1.000000000000000000e+00
-4.993249999999999744e+00 1.000000000000000048e-04 1.000000000000000048e-04 1.000000000000000000e+00
-4.992499999999999716e+00 1.000000000000000048e-04 1.000000000000000048e-04 1.000000000000000000e+00
-4.991749999999999687e+00 1.000000000000000048e-04 1.000000000000000048e-04 1.000000000000000000e+00
-4.990999999999999659e+00 1.000000000000000048e-04 1.000000000000000048e-04 1.000000000000000000e+00
-4.990249999999999631e+00 1.000000000000000048e-04 1.000000000000000048e-04 1.000000000000000000e+00
-4.989499999999999602e+00 1.000000000000000048e-04 1.000000000000000048e-04 1.000000000000000000e+00
-4.988749999999999574e+00 1.000000000000000048e-04 1.000000000000000048e-04 1.000000000000000000e+00
-4.988000000000000433e+00 1.000000000000000048e-04 1.000000000000000048e-04 1.000000000000000000e+00
-4.987250000000000405e+00 1.000000000000000048e-04 1.000000000000000048e-04 1.000000000000000000e+00
-4.986500000000000377e+00 1.000000000000000048e-04 1.000000000000000048e-04 1.000000000000000000e+00
-4.985750000000000348e+00 1.000000000000000048e-04 1.000000000000000048e-04 1.000000000000000000e+00
-4.985000000000000320e+00 1.000000000000000048e-04 1.000000000000000048e-04 1.000000000000000000e+00
-4.984250000000000291e+00 1.000000000000000048e-04 1.000000000000000048e-04 1.000000000000000000e+00
-4.983500000000000263e+00 1.000000000000000048e-04 1.000000000000000048e-04 1.000000000000000000e+00
-4.982750000000000234e+00 1.000000000000000048e-04 1.000000000000000048e-04 1.000000000000000000e+00
-4.982000000000000206e+00 1.000000000000000048e-04 1.000000000000000048e-04 1.000000000000000000e+00
-4.981250000000000178e+00 1.000000000000000048e-04 1.000000000000000048e-04 1.000000000000000000e+00
-4.980500000000000149e+00 1.000000000000000048e-04 1.000000000000000048e-04 1.000000000000000000e+00
-4.979750000000000121e+00 1.000000000000000048e-04 1.000000000000000048e-04 1.000000000000000000e+00
-4.979000000000000092e+00 1.000000000000000048e-04 1.000000000000000048e-04 1.000000000000000000e+00
-4.978250000000000064e+00 1.000000000000000048e-04 1.000000000000000048e-04 1.000000000000000000e+00
-4.977500000000000036e+00 1.000000000000000048e-04 1.000000000000000048e-04 1.000000000000000000e+00
-4.976750000000000007e+00 1.000000000000000048e-04 1.000000000000000048e-04 1.000000000000000000e+00
-4.975999999999999979e+00 1.000000000000000048e-04 1.000000000000000048e-04 1.000000000000000000e+00
-4.975249999999999950e+00 1.000000000000000048e-04 1.000000000000000048e-04 1.000000000000000000e+00
-4.974499999999999922e+00 1.000000000000000048e-04 1.000000000000000048e-04 1.000000000000000000e+00
-4.973749999999999893e+00 1.000000000000000048e-04 1.000000000000000048e-04 1.000000000000000000e+00
-4.972999999999999865e+00 1.000000000000000048e-04 1.000000000000000048e-04 1.000000000000000000e+00
-4.972249999999999837e+00 1.000000000000000048e-04 1.000000000000000048e-04 1.000000000000000000e+00
-4.971499999999999808e+00 1.000000000000000048e-04 1.000000000000000048e-04 1.000000000000000000e+00
-4.970749999999999780e+00 1.000000000000000048e-04 1.000000000000000048e-04 1.000000000000000000e+00
-4.969999999999999751e+00 1.000000000000000048e-04 1.000000000000000048e-04 1.000000000000000000e+00
-4.969249999999999723e+00 1.000000000000000048e-04 1.000000000000000048e-04 1.000000000000000000e+00
-4.968499999999999694e+00 1.000000000000000048e-04 1.000000000000000048e-04 1.000000000000000000e+00
-4.967749999999999666e+00 1.000000000000000048e-04 1.000000000000000048e-04 1.000000000000000000e+00
-4.966999999999999638e+00 1.000000000000000048e-04 1.000000000000000048e-04 1.000000000000000000e+00
-4.966249999999999609e+00 1.000000000000000048e-04 1.000000000000000048e-04 1.000000000000000000e+00
-4.965499999999999581e+00 1.000000000000000048e-04 1.000000000000000048e-04 1.000000000000000000e+00
-4.964750000000000441e+00 1.000000000000000048e-04 1.000000000000000048e-04 1.000000000000000000e+00
-4.964000000000000412e+00 1.000000000000000048e-04 1.000000000000000048e-04 1.000000000000000000e+00
-4.963250000000000384e+00 1.000000000000000048e-04 1.000000000000000048e-04 1.000000000000000000e+00
-4.962500000000000355e+00 1.000000000000000048e-04 1.000000000000000048e-04 1.000000000000000000e+00
-4.961750000000000327e+00 1.000000000000000048e-04 1.000000000000000048e-04 1.000000000000000000e+00
-4.961000000000000298e+00 1.000000000000000048e-04 1.000000000000000048e-04 1.000000000000000000e+00
-4.960250000000000270e+00 1.000000000000000048e-04 1.000000000000000048e-04 1.000000000000000000e+00
-4.959500000000000242e+00 1.000000000000000048e-04 1.000000000000000048e-04 1.000000000000000000e+00
-4.958750000000000213e+00 1.000000000000000048e-04 1.000000000000000048e-04 1.000000000000000000e+00
-4.958000000000000185e+00 1.000000000000000048e-04 1.000000000000000048e-04 1.000000000000000000e+00
-4.957250000000000156e+00 1.000000000000000048e-04 1.000000000000000048e-04 1.000000000000000000e+00
-4.956500000000000128e+00 1.000000000000000048e-04 1.000000000000000048e-04 1.000000000000000000e+00
-4.955750000000000099e+00 1.000000000000000048e-04 1.000000000000000048e-04 1.000000000000000000e+00
-4.955000000000000071e+00 1.000000000000000048e-04 1.000000000000000048e-04 1.000000000000000000e+00
-4.954250000000000043e+00 1.000000000000000048e-04 1.000000000000000048e-04 1.000000000000000000e+00
-4.953500000000000014e+00 1.000000000000000048e-04 1.000000000000000048e-04 1.000000000000000000e+00
-4.952749999999999986e+00 1.000000000000000048e-04 1.000000000000000048e-04 1.000000000000000000e+00
-4.951999999999999957e+00 1.000000000000000048e-04 1.000000000000000048e-04 1.000000000000000000e+00
-4.951249999999999929e+00 1.000000000000000048e-04 1.000000000000000048e-04 1.000000000000000000e+00
-4.950499999999999901e+00 1.000000000000000048e-04 1.000000000000000048e-04 1.000000000000000000e+00
-4.949749999999999872e+00 1.000000000000000048e-04 1.000000000000000048e-04 1.000000000000000000e+00
-4.948999999999999844e+00 1.000000000000000048e-04 1.000000000000000048e-04 1.000000000000000000e+00
-4.948249999999999815e+00 1.000000000000000048e-04 1.000000000000000048e-04 1.000000000000000000e+00
-4.947499999999999787e+00 1.000000000000000048e-04 1.000000000000000048e-04 1.000000000000000000e+00
-4.946749999999999758e+00 1.000000000000000048e-04 1.000000000000000048e-04 1.000000000000000000e+00
-4.945999999999999730e+00 1.000000000000000048e-04 1.000000000000000048e-04 1.000000000000000000e+00
-4.945249999999999702e+00 1.000000000000000048e-04 1.000000000000000048e-04 1.000000000000000000e+00
-4.944499999999999673e+00 1.000000000000000048e-04 1.000000000000000048e-04 1.000000000000000000e+00
-4.943749999999999645e+00 1.000000000000000048e-04 1.000000000000000048e-04 1.000000000000000000e+00
-4.942999999999999616e+00 1.000000000000000048e-04 1.000000000000000048e-04 1.000000000000000000e+00
-4.942249999999999588e+00 1.000000000000000048e-04 1.000000000000000048e-04 1.000000000000000000e+00
-4.941499999999999559e+00 1.000000000000000048e-04 1.000000000000000048e-04 1.000000000000000000e+00
-4.940750000000000419e+00 1.000000000000000048e-04 1.000000000000000048e-04 1.000000000000000000e+00
-4.940000000000000391e+00 1.000000000000000048e-04 1.000000000000000048e-04 1.000000000000000000e+00
-4.939250000000000362e+00 1.000000000000000048e-04 1.000000000000000048e-04 1.000000000000000000e+00
-4.938500000000000334e+00 1.000000000000000048e-04 1.000000000000000048e-04 1.000000000000000000e+00
-4.937750000000000306e+00 1.000000000000000048e-04 1.000000000000000048e-04 1.000000000000000000e+00
-4.937000000000000277e+00 1.000000000000000048e-04 1.000000000000000048e-04 1.000000000000000000e+00
-4.936250000000000249e+00 1.000000000000000048e-04 1.000000000000000048e-04 1.000000000000000000e+00
-4.935500000000000220e+00 1.000000000000000048e-04 1.000000000000000048e-04 1.000000000000000000e+00
-4.934750000000000192e+00 1.000000000000000048e-04 1.000000000000000048e-04 1.000000000000000000e+00
-4.934000000000000163e+00 1.000000000000000048e-04 1.000000000000000048e-04 1.000000000000000000e+00
-4.933250000000000135e+00 1.000000000000000048e-04 1.000000000000000048e-04 1.000000000000000000e+00
-4.932500000000000107e+00 1.000000000000000048e-04 1.000000000000000048e-04 1.000000000000000000e+00
-4.931750000000000078e+00 1.000000000000000048e-04 1.000000000000000048e-04 1.000000000000000000e+00
-4.931000000000000050e+00 1.000000000000000048e-04 1.000000000000000048e-04 1.000000000000000000e+00
-4.930250000000000021e+00 1.000000000000000048e-04 1.000000000000000048e-04 1.000000000000000000e+00
-4.929499999999999993e+00 1.000000000000000048e-04 1.000000000000000048e-04 1.000000000000000000e+00
-4.928749999999999964e+00 1.000000000000000048e-04 1.000000000000000048e-04 1.000000000000000000e+00
-4.927999999999999936e+00 1.000000000000000048e-04 1.000000000000000048e-04 1.000000000000000000e+00
-4.927249999999999908e+00 1.000000000000000048e-04 1.000000000000000048e-04 1.000000000000000000e+00
-4.926499999999999879e+00 1.000000000000000048e-04 1.000000000000000048e-04 1.000000000000000000e+00
-4.925749999999999851e+00 1.000000000000000048e-04 1.000000000000000048e-04 1.000000000000000000e+00
-4.924999999999999822e+00 1.000000000000000048e-04 1.000000000000000048e-04 1.000000000000000000e+00
-4.924249999999999794e+00 1.000000000000000048e-04 1.000000000000000048e-04 1.000000000000000000e+00
-4.923499999999999766e+00 1.000000000000000048e-04 1.000000000000000048e-04 1.000000000000000000e+00
-4.922749999999999737e+00 1.000000000000000048e-04 1.000000000000000048e-04 1.000000000000000000e+00
-4.921999999999999709e+00 1.000000000000000048e-04 1.000000000000000048e-04 1.000000000000000000e+00
-4.921249999999999680e+00 1.000000000000000048e-04 1.000000000000000048e-04 1.000000000000000000e+00
-4.920499999999999652e+00 1.000000000000000048e-04 1.000000000000000048e-04 1.000000000000000000e+00
-4.919749999999999623e+00 1.000000000000000048e-04 1.000000000000000048e-04 1.000000000000000000e+00
-4.918999999999999595e+00 1.000000000000000048e-04 1.000000000000000048e-04 1.000000000000000000e+00
-4.918249999999999567e+00 1.000000000000000048e-04 1.000000000000000048e-04 1.000000000000000000e+00
-4.917500000000000426e+00 1.000000000000000048e-04 1.000000000000000048e-04 1.000000000000000000e+00
-4.916750000000000398e+00 1.000000000000000048e-04 1.000000000000000048e-04 1.000000000000000000e+00
-4.916000000000000369e+00 1.000000000000000048e-04 1.000000000000000048e-04 1.000000000000000000e+00
-4.915250000000000341e+00 1.000000000000000048e-04 1.000000000000000048e-04 1.000000000000000000e+00
-4.914500000000000313e+00 1.000000000000000048e-04 1.000000000000000048e-04 1.000000000000000000e+00
-4.913750000000000284e+00 1.000000000000000048e-04 1.000000000000000048e-04 1.000000000000000000e+00
-4.913000000000000256e+00 1.000000000000000048e-04 1.000000000000000048e-04 1.000000000000000000e+00
-4.912250000000000227e+00 1.000000000000000048e-04 1.000000000000000048e-04 1.000000000000000000e+00
-4.911500000000000199e+00 1.000000000000000048e-04 1.000000000000000048e-04 1.000000000000000000e+00
-4.910750000000000171e+00 1.000000000000000048e-04 1.000000000000000048e-04 1.000000000000000000e+00
-4.910000000000000142e+00 1.000000000000000048e-04 1.000000000000000048e-04 1.000000000000000000e+00
-4.909250000000000114e+00 1.000000000000000048e-04 1.000000000000000048e-04 1.000000000000000000e+00
-4.908500000000000085e+00 1.000000000000000048e-04 1.000000000000000048e-04 1.000000000000000000e+00
-4.907750000000000057e+00 1.000000000000000048e-04 1.000000000000000048e-04 1.000000000000000000e+00
-4.907000000000000028e+00 1.000000000000000048e-04 1.000000000000000048e-04 1.000000000000000000e+00
-4.906250000000000000e+00 1.000000000000000048e-04 1.000000000000000048e-04 1.000000000000000000e+00
-4.905499999999999972e+00 1.000000000000000048e-04 1.000000000000000048e-04 1.000000000000000000e+00
-4.904749999999999943e+00 1.000000000000000048e-04 1.000000000000000048e-04 1.000000000000000000e+00
-4.903999999999999915e+00 1.000000000000000048e-04 1.000000000000000048e-04 1.000000000000000000e+00
-4.903249999999999886e+00 1.000000000000000048e-04 1.000000000000000048e-04 1.000000000000000000e+00
-4.902499999999999858e+00 1.000000000000000048e-04 1.000000000000000048e-04 1.000000000000000000e+00
-4.901749999999999829e+00 1.000000000000000048e-04 1.000000000000000048e-04 1.000000000000000000e+00
-4.900999999999999801e+00 1.000000000000000048e-04 1.000000000000000048e-04 1.000000000000000000e+00
-4.900249999999999773e+00 1.000000000000000048e-04 1.000000000000000048e-04 1.000000000000000000e+00
-4.899499999999999744e+00 1.000000000000000048e-04 1.000000000000000048e-04 1.000000000000000000e+00
-4.898749999999999716e+00 1.000000000000000048e-04 1.000000000000000048e-04 1.000000000000000000e+00
-4.897999999999999687e+00 1.000000000000000048e-04 1.000000000000000048e-04 1.000000000000000000e+00
-4.897249999999999659e+00 1.000000000000000048e-04 1.000000000000000048e-04 1.000000000000000000e+00
-4.896499999999999631e+00 1.000000000000000048e-04 1.000000000000000048e-04 1.000000000000000000e+00
-4.895749999999999602e+00 1.000000000000000048e-04 1.000000000000000048e-04 1.000000000000000000e+00
-4.894999999999999574e+00 1.000000000000000048e-04 1.000000000000000048e-04 1.000000000000000000e+00
-4.894250000000000433e+00 1.000000000000000048e-04 1.000000000000000048e-04 1.000000000000000000e+00
-4.893500000000000405e+00 1.000000000000000048e-04 1.000000000000000048e-04 1.000000000000000000e+00
-4.892750000000000377e+00 1.000000000000000048e-04 1.000000000000000048e-04 1.000000000000000000e+00
-4.892000000000000348e+00 1.000000000000000048e-04 1.000000000000000048e-04 1.000000000000000000e+00
-4.891250000000000320e+00 1.000000000000000048e-04 1.000000000000000048e-04 1.000000000000000000e+00
-4.890500000000000291e+00 1.000000000000000048e-04 1.000000000000000048e-04 1.000000000000000000e+00
-4.889750000000000263e+00 1.000000000000000048e-04 1.000000000000000048e-04 1.000000000000000000e+00
-4.889000000000000234e+00 1.000000000000000048e-04 1.000000000000000048e-04 1.000000000000000000e+00
-4.888250000000000206e+00 1.000000000000000048e-04 1.000000000000000048e-04 1.000000000000000000e+00
-4.887500000000000178e+00 1.000000000000000048e-04 1.000000000000000048e-04 1.000000000000000000e+00
-4.886750000000000149e+00 1.000000000000000048e-04 1.000000000000000048e-04 1.000000000000000000e+00
-4.886000000000000121e+00 1.000000000000000048e-04 1.000000000000000048e-04 1.000000000000000000e+00
-4.885250000000000092e+00 1.000000000000000048e-04 1.000000000000000048e-04 1.000000000000000000e+00
-4.884500000000000064e+00 1.000000000000000048e-04 1.000000000000000048e-04 1.000000000000000000e+00
-4.883750000000000036e+00 1.000000000000000048e-04 1.000000000000000048e-04 1.000000000000000000e+00
-4.883000000000000007e+00 1.000000000000000048e-04 1.000000000000000048e-04 1.000000000000000000e+00
-4.882249999999999979e+00 1.000000000000000048e-04 1.000000000000000048e-04 1.000000000000000000e+00
-4.881499999999999950e+00 1.000000000000000048e-04 1.000000000000000048e-04 1.000000000000000000e+00
-4.880749999999999922e+00 1.000000000000000048e-04 1.000000000000000048e-04 1.000000000000000000e+00
-4.879999999999999893e+00 1.000000000000000048e-04 1.000000000000000048e-04 1.000000000000000000e+00
-4.879249999999999865e+00 1.000000000000000048e-04 1.000000000000000048e-04 1.000000000000000000e+00
-4.878499999999999837e+00 1.000000000000000048e-04 1.000000000000000048e-04 1.000000000000000000e+00
-4.877749999999999808e+00 1.000000000000000048e-04 1.000000000000000048e-04 1.000000000000000000e+00
-4.876999999999999780e+00 1.000000000000000048e-04 1.000000000000000048e-04 1.000000000000000000e+00
-4.876249999999999751e+00 1.000000000000000048e-04 1.000000000000000048e-04 1.000000000000000000e+00
-4.875499999999999723e+00 1.000000000000000048e-04 1.000000000000000048e-04 1.000000000000000000e+00
-4.874749999999999694e+00 1.000000000000000048e-04 1.000000000000000048e-04 1.000000000000000000e+00
-4.873999999999999666e+00 1.000000000000000048e-04 1.000000000000000048e-04 1.000000000000000000e+00
-4.873249999999999638e+00 1.000000000000000048e-04 1.000000000000000048e-04 1.000000000000000000e+00
-4.872499999999999609e+00 1.000000000000000048e-04 1.000000000000000048e-04 1.000000000000000000e+00
-4.871749999999999581e+00 1.000000000000000048e-04 1.000000000000000048e-04 1.000000000000000000e+00
-4.871000000000000441e+00 1.000000000000000048e-04 1.000000000000000048e-04 1.000000000000000000e+00
-4.870250000000000412e+00 1.000000000000000048e-04 1.000000000000000048e-04 1.000000000000000000e+00
-4.869500000000000384e+00 1.000000000000000048e-04 1.000000000000000048e-04 1.000000000000000000e+00
-4.868750000000000355e+00 1.000000000000000048e-04 1.000000000000000048e-04 1.000000000000000000e+00
-4.868000000000000327e+00 1.000000000000000048e-04 1.000000000000000048e-04 1.000000000000000000e+00
-4.867250000000000298e+00 1.000000000000000048e-04 1.000000000000000048e-04 1.000000000000000000e+00
-4.866500000000000270e+00 1.000000000000000048e-04 1.000000000000000048e-04 1.000000000000000000e+00
-4.865750000000000242e+00 1.000000000000000048e-04 1.000000000000000048e-04 1.000000000000000000e+00
-4.865000000000000213e+00 1.000000000000000048e-04 1.000000000000000048e-04 1.000000000000000000e+00
-4.864250000000000185e+00 1.000000000000000048e-04 1.000000000000000048e-04 1.000000000000000000e+00
-4.863500000000000156e+00 1.000000000000000048e-04 1.000000000000000048e-04 1.000000000000000000e+00
-4.862750000000000128e+00 1.000000000000000048e-04 1.000000000000000048e-04 1.000000000000000000e+00
-4.862000000000000099e+00 1.000000000000000048e-04 1.000000000000000048e-04 1.000000000000000000e+00
-4.861250000000000071e+00 1.000000000000000048e-04 1.000000000000000048e-04 1.000000000000000000e+00
-4.860500000000000043e+00 1.000000000000000048e-04 1.000000000000000048e-04 1.000000000000000000e+00
-4.859750000000000014e+00 1.000000000000000048e-04 1.000000000000000048e-04 1.000000000000000000e+00
-4.858999999999999986e+00 1.000000000000000048e-04 1.000000000000000048e-04 1.000000000000000000e+00
-4.858249999999999957e+00 1.000000000000000048e-04 1.000000000000000048e-04 1.000000000000000000e+00
-4.857499999999999929e+00 1.000000000000000048e-04 1.000000000000000048e-04 1.000000000000000000e+00
-4.856749999999999901e+00 1.000000000000000048e-04 1.000000000000000048e-04 1.000000000000000000e+00
-4.855999999999999872e+00 1.000000000000000048e-04 1.000000000000000048e-04 1.000000000000000000e+00
-4.855249999999999844e+00 1.000000000000000048e-04 1.000000000000000048e-04 1.000000000000000000e+00
-4.854499999999999815e+00 1.000000000000000048e-04 1.000000000000000048e-04 1.000000000000000000e+00
-4.853749999999999787e+00 1.000000000000000048e-04 1.000000000000000048e-04 1.000000000000000000e+00
-4.852999999999999758e+00 1.000000000000000048e-04 1.000000000000000048e-04 1.000000000000000000e+00
-4.852249999999999730e+00 1.000000000000000048e-04 1.000000000000000048e-04 1.000000000000000000e+00
-4.851499999999999702e+00 1.000000000000000048e-04 1.000000000000000048e-04 1.000000000000000000e+00
-4.850749999999999673e+00 1.000000000000000048e-04 1.000000000000000048e-04 1.000000000000000000e+00
-4.849999999999999645e+00 1.000000000000000048e-04 1.000000000000000048e-04 1.000000000000000000e+00
-4.849249999999999616e+00 1.000000000000000048e-04 1.000000000000000048e-04 1.000000000000000000e+00
-4.848499999999999588e+00 1.000000000000000048e-04 1.000000000000000048e-04 1.000000000000000000e+00
-4.847749999999999559e+00 1.000000000000000048e-04 1.000000000000000048e-04 1.000000000000000000e+00
-4.847000000000000419e+00 1.000000000000000048e-04 1.000000000000000048e-04 1.000000000000000000e+00
-4.846250000000000391e+00 1.000000000000000048e-04 1.000000000000000048e-04 1.000000000000000000e+00
-4.845500000000000362e+00 1.000000000000000048e-04 1.000000000000000048e-04 1.000000000000000000e+00
-4.844750000000000334e+00 1.000000000000000048e-04 1.000000000000000048e-04 1.000000000000000000e+00
-4.844000000000000306e+00 1.000000000000000048e-04 1.000000000000000048e-04 1.000000000000000000e+00
-4.843250000000000277e+00 1.000000000000000048e-04 1.000000000000000048e-04 1.000000000000000000e+00
-4.842500000000000249e+00 1.000000000000000048e-04 1.000000000000000048e-04 1.000000000000000000e+00
-4.841750000000000220e+00 1.000000000000000048e-04 1.000000000000000048e-04 1.000000000000000000e+00
-4.841000000000000192e+00 1.000000000000000048e-04 1.000000000000000048e-04 1.000000000000000000e+00
-4.840250000000000163e+00 1.000000000000000048e-04 1.000000000000000048e-04 1.000000000000000000e+00
-4.839500000000000135e+00 1.000000000000000048e-04 1.000000000000000048e-04 1.000000000000000000e+00
-4.838750000000000107e+00 1.000000000000000048e-04 1.000000000000000048e-04 1.000000000000000000e+00
-4.838000000000000078e+00 1.000000000000000048e-04 1.000000000000000048e-04 1.000000000000000000e+00
-4.837250000000000050e+00 1.000000000000000048e-04 1.000000000000000048e-04 1.000000000000000000e+00
-4.836500000000000021e+00 1.000000000000000048e-04 1.000000000000000048e-04 1.000000000000000000e+00
-4.835749999999999993e+00 1.000000000000000048e-04 1.000000000000000048e-04 1.000000000000000000e+00
-4.834999999999999964e+00 1.000000000000000048e-04 1.000000000000000048e-04 1.000000000000000000e+00
-4.834249999999999936e+00 1.000000000000000048e-04 1.000000000000000048e-04 1.000000000000000000e+00
-4.833499999999999908e+00 1.000000000000000048e-04 1.000000000000000048e-04 1.000000000000000000e+00
-4.832749999999999879e+00 1.000000000000000048e-04 1.000000000000000048e-04 1.000000000000000000e+00
-4.831999999999999851e+00 1.000000000000000048e-04 1.000000000000000048e-04 1.000000000000000000e+00
-4.831249999999999822e+00 1.000000000000000048e-04 1.000000000000000048e-04 1.000000000000000000e+00
-4.830499999999999794e+00 1.000000000000000048e-04 1.000000000000000048e-04 1.000000000000000000e+00
-4.829749999999999766e+00 1.000000000000000048e-04 1.000000000000000048e-04 1.000000000000000000e+00
-4.828999999999999737e+00 1.000000000000000048e-04 1.000000000000000048e-04 1.000000000000000000e+00
-4.828249999999999709e+00 1.000000000000000048e-04 1.000000000000000048e-04 1.000000000000000000e+00
-4.827499999999999680e+00 1.000000000000000048e-04 1.000000000000000048e-04 1.000000000000000000e+00
-4.826749999999999652e+00 1.000000000000000048e-04 1.000000000000000048e-04 1.000000000000000000e+00
-4.825999999999999623e+00 1.000000000000000048e-04 1.000000000000000048e-04 1.000000000000000000e+00
-4.825249999999999595e+00 1.000000000000000048e-04 1.000000000000000048e-04 1.000000000000000000e+00
-4.824499999999999567e+00 1.000000000000000048e-04 1.000000000000000048e-04 1.000000000000000000e+00
-4.823750000000000426e+00 1.000000000000000048e-04 1.000000000000000048e-04 1.000000000000000000e+00
-4.823000000000000398e+00 1.000000000000000048e-04 1.000000000000000048e-04 1.000000000000000000e+00
-4.822250000000000369e+00 1.000000000000000048e-04 1.000000000000000048e-04 1.000000000000000000e+00
-4.821500000000000341e+00 1.000000000000000048e-04 1.000000000000000048e-04 1.000000000000000000e+00
-4.820750000000000313e+00 1.000000000000000048e-04 1.000000000000000048e-04 1.000000000000000000e+00
-4.820000000000000284e+00 1.000000000000000048e-04 1.000000000000000048e-04 1.000000000000000000e+00
-4.819250000000000256e+00 1.000000000000000048e-04 1.000000000000000048e-04 1.000000000000000000e+00
-4.818500000000000227e+00 1.000000000000000048e-04 1.000000000000000048e-04 1.000000000000000000e+00
-4.817750000000000199e+00 1.000000000000000048e-04 1.000000000000000048e-04 1.000000000000000000e+00
-4.817000000000000171e+00 1.000000000000000048e-04 1.000000000000000048e-04 1.000000000000000000e+00
-4.816250000000000142e+00 1.000000000000000048e-04 1.000000000000000048e-04 1.000000000000000000e+00
-4.815500000000000114e+00 1.000000000000000048e-04 1.000000000000000048e-04 1.000000000000000000e+00
-4.814750000000000085e+00 1.000000000000000048e-04 1.000000000000000048e-04 1.000000000000000000e+00
-4.814000000000000057e+00 1.000000000000000048e-04 1.000000000000000048e-04 1.000000000000000000e+00
-4.813250000000000028e+00 1.000000000000000048e-04 1.000000000000000048e-04 1.000000000000000000e+00
-4.812500000000000000e+00 1.000000000000000048e-04 1.000000000000000048e-04 1.000000000000000000e+00
-4.811749999999999972e+00 1.000000000000000048e-04 1.000000000000000048e-04 1.000000000000000000e+00
-4.810999999999999943e+00 1.000000000000000048e-04 1.000000000000000048e-04 1.000000000000000000e+00
-4.810249999999999915e+00 1.000000000000000048e-04 1.000000000000000048e-04 1.000000000000000000e+00
-4.809499999999999886e+00 1.000000000000000048e-04 1.000000000000000048e-04 1.000000000000000000e+00
-4.808749999999999858e+00 1.000000000000000048e-04 1.000000000000000048e-04 1.000000000000000000e+00
-4.807999999999999829e+00 1.000000000000000048e-04 1.000000000000000048e-04 1.000000000000000000e+00
-4.807249999999999801e+00 1.000000000000000048e-04 1.000000000000000048e-04 1.000000000000000000e+00
-4.806499999999999773e+00 1.000000000000000048e-04 1.000000000000000048e-04 1.000000000000000000e+00
-4.805749999999999744e+00 1.000000000000000048e-04 1.000000000000000048e-04 1.000000000000000000e+00
-4.804999999999999716e+00 1.000000000000000048e-04 1.000000000000000048e-04 1.000000000000000000e+00
-4.804249999999999687e+00 1.000000000000000048e-04 1.000000000000000048e-04 1.000000000000000000e+00
-4.803499999999999659e+00 1.000000000000000048e-04 1.000000000000000048e-04 1.000000000000000000e+00
-4.802749999999999631e+00 1.000000000000000048e-04 1.000000000000000048e-04 1.000000000000000000e+00
-4.801999999999999602e+00 1.000000000000000048e-04 1.000000000000000048e-04 1.000000000000000000e+00
-4.801249999999999574e+00 1.000000000000000048e-04 1.000000000000000048e-04 1.000000000000000000e+00
-4.800499999999999545e+00 1.000000000000000048e-04 1.000000000000000048e-04 1.000000000000000000e+00
-4.799750000000000405e+00 1.000000000000000048e-04 1.000000000000000048e-04 1.000000000000000000e+00
-4.799000000000000377e+00 1.000000000000000048e-04 1.000000000000000048e-04 1.000000000000000000e+00
-4.798250000000000348e+00 1.000000000000000048e-04 1.000000000000000048e-04 1.000000000000000000e+00
-4.797500000000000320e+00 1.000000000000000048e-04 1.000000000000000048e-04 1.000000000000000000e+00
-4.796750000000000291e+00 1.000000000000000048e-04 1.000000000000000048e-04 1.000000000000000000e+00
-4.796000000000000263e+00 1.000000000000000048e-04 1.000000000000000048e-04 1.000000000000000000e+00
-4.795250000000000234e+00 1.000000000000000048e-04 1.000000000000000048e-04 1.000000000000000000e+00
-4.794500000000000206e+00 1.000000000000000048e-04 1.000000000000000048e-04 1.000000000000000000e+00
-4.793750000000000178e+00 1.000000000000000048e-04 1.000000000000000048e-04 1.000000000000000000e+00
-4.793000000000000149e+00 1.000000000000000048e-04 1.000000000000000048e-04 1.000000000000000000e+00
-4.792250000000000121e+00 1.000000000000000048e-04 1.000000000000000048e-04 1.000000000000000000e+00
-4.791500000000000092e+00 1.000000000000000048e-04 1.000000000000000048e-04 1.000000000000000000e+00
-4.790750000000000064e+00 1.000000000000000048e-04 1.000000000000000048e-04 1.000000000000000000e+00
-4.790000000000000036e+00 1.000000000000000048e-04 1.000000000000000048e-04 1.000000000000000000e+00
-4.789250000000000007e+00 1.000000000000000048e-04 1.000000000000000048e-04 1.000000000000000000e+00
-4.788499999999999979e+00 1.000000000000000048e-04 1.000000000000000048e-04 1.000000000000000000e+00
-4.787749999999999950e+00 1.000000000000000048e-04 1.000000000000000048e-04 1.000000000000000000e+00
-4.786999999999999922e+00 1.000000000000000048e-04 1.000000000000000048e-04 1.000000000000000000e+00
-4.786249999999999893e+00 1.000000000000000048e-04 1.000000000000000048e-04 1.000000000000000000e+00
-4.785499999999999865e+00 1.000000000000000048e-04 1.000000000000000048e-04 1.000000000000000000e+00
-4.784749999999999837e+00 1.000000000000000048e-04 1.000000000000000048e-04 1.000000000000000000e+00
-4.783999999999999808e+00 1.000000000000000048e-04 1.000000000000000048e-04 1.000000000000000000e+00
-4.783249999999999780e+00 1.000000000000000048e-04 1.000000000000000048e-04 1.000000000000000000e+00
-4.782499999999999751e+00 1.000000000000000048e-04 1.000000000000000048e-04 1.000000000000000000e+00
-4.781749999999999723e+00 1.000000000000000048e-04 1.000000000000000048e-04 1.000000000000000000e+00
-4.780999999999999694e+00 1.000000000000000048e-04 1.000000000000000048e-04 1.000000000000000000e+00
-4.780249999999999666e+00 1.000000000000000048e-04 1.000000000000000048e-04 1.000000000000000000e+00
-4.779499999999999638e+00 1.000000000000000048e-04 1.000000000000000048e-04 1.000000000000000000e+00
-4.778749999999999609e+00 1.000000000000000048e-04 1.000000000000000048e-04 1.000000000000000000e+00
-4.777999999999999581e+00 1.000000000000000048e-04 1.000000000000000048e-04 1.000000000000000000e+00
-4.777250000000000441e+00 1.000000000000000048e-04 1.000000000000000048e-04 1.000000000000000000e+00
-4.776500000000000412e+00 1.000000000000000048e-04 1.000000000000000048e-04 1.000000000000000000e+00
-4.775750000000000384e+00 1.000000000000000048e-04 1.000000000000000048e-04 1.000000000000000000e+00
-4.775000000000000355e+00 1.000000000000000048e-04 1.000000000000000048e-04 1.000000000000000000e+00
-4.774250000000000327e+00 1.000000000000000048e-04 1.000000000000000048e-04 1.000000000000000000e+00
-4.773500000000000298e+00 1.000000000000000048e-04 1.000000000000000048e-04 1.000000000000000000e+00
-4.772750000000000270e+00 1.000000000000000048e-04 1.000000000000000048e-04 1.000000000000000000e+00
-4.772000000000000242e+00 1.000000000000000048e-04 1.000000000000000048e-04 1.000000000000000000e+00
-4.771250000000000213e+00 1.000000000000000048e-04 1.000000000000000048e-04 1.000000000000000000e+00
-4.770500000000000185e+00 1.000000000000000048e-04 1.000000000000000048e-04 1.000000000000000000e+00
-4.769750000000000156e+00 1.000000000000000048e-04 1.000000000000000048e-04 1.000000000000000000e+00
-4.769000000000000128e+00 1.000000000000000048e-04 1.000000000000000048e-04 1.000000000000000000e+00
-4.768250000000000099e+00 1.000000000000000048e-04 1.000000000000000048e-04 1.000000000000000000e+00
-4.767500000000000071e+00 1.000000000000000048e-04 1.000000000000000048e-04 1.000000000000000000e+00
-4.766750000000000043e+00 1.000000000000000048e-04 1.000000000000000048e-04 1.000000000000000000e+00
-4.766000000000000014e+00 1.000000000000000048e-04 1.000000000000000048e-04 1.000000000000000000e+00
-4.765249999999999986e+00 1.000000000000000048e-04 1.000000000000000048e-04 1.000000000000000000e+00
-4.764499999999999957e+00 1.000000000000000048e-04 1.000000000000000048e-04 1.000000000000000000e+00
-4.763749999999999929e+00 1.000000000000000048e-04 1.000000000000000048e-04 1.000000000000000000e+00
-4.762999999999999901e+00 1.000000000000000048e-04 1.000000000000000048e-04 1.000000000000000000e+00
-4.762249999999999872e+00 1.000000000000000048e-04 1.000000000000000048e-04 1.000000000000000000e+00
-4.761499999999999844e+00 1.000000000000000048e-04 1.000000000000000048e-04 1.000000000000000000e+00
-4.760749999999999815e+00 1.000000000000000048e-04 1.000000000000000048e-04 1.000000000000000000e+00
-4.759999999999999787e+00 1.000000000000000048e-04 1.000000000000000048e-04 1.000000000000000000e+00
-4.759249999999999758e+00 1.000000000000000048e-04 1.000000000000000048e-04 1.000000000000000000e+00
-4.758499999999999730e+00 1.000000000000000048e-04 1.000000000000000048e-04 1.000000000000000000e+00
-4.757749999999999702e+00 1.000000000000000048e-04 1.000000000000000048e-04 1.000000000000000000e+00
-4.756999999999999673e+00 1.000000000000000048e-04 1.000000000000000048e-04 1.000000000000000000e+00
-4.756249999999999645e+00 1.000000000000000048e-04 1.000000000000000048e-04 1.000000000000000000e+00
-4.755499999999999616e+00 1.000000000000000048e-04 1.000000000000000048e-04 1.000000000000000000e+00
-4.754749999999999588e+00 1.000000000000000048e-04 1.000000000000000048e-04 1.000000000000000000e+00
-4.753999999999999559e+00 1.000000000000000048e-04 1.000000000000000048e-04 1.000000000000000000e+00
-4.753250000000000419e+00 1.000000000000000048e-04 1.000000000000000048e-04 1.000000000000000000e+00
-4.752500000000000391e+00 1.000000000000000048e-04 1.000000000000000048e-04 1.000000000000000000e+00
-4.751750000000000362e+00 1.000000000000000048e-04 1.000000000000000048e-04 1.000000000000000000e+00
-4.751000000000000334e+00 1.000000000000000048e-04 1.000000000000000048e-04 1.000000000000000000e+00
-4.750250000000000306e+00 1.000000000000000048e-04 1.000000000000000048e-04 1.000000000000000000e+00
-4.749500000000000277e+00 1.000000000000000048e-04 1.000000000000000048e-04 1.000000000000000000e+00
-4.748750000000000249e+00 1.000000000000000048e-04 1.000000000000000048e-04 1.000000000000000000e+00
-4.748000000000000220e+00 1.000000000000000048e-04 1.000000000000000048e-04 1.000000000000000000e+00
-4.747250000000000192e+00 1.000000000000000048e-04 1.000000000000000048e-04 1.000000000000000000e+00
-4.746500000000000163e+00 1.000000000000000048e-04 1.000000000000000048e-04 1.000000000000000000e+00
-4.745750000000000135e+00 1.000000000000000048e-04 1.000000000000000048e-04 1.000000000000000000e+00
-4.745000000000000107e+00 1.000000000000000048e-04 1.000000000000000048e-04 1.000000000000000000e+00
-4.744250000000000078e+00 1.000000000000000048e-04 1.000000000000000048e-04 1.000000000000000000e+00
-4.743500000000000050e+00 1.000000000000000048e-04 1.000000000000000048e-04 1.000000000000000000e+00
-4.742750000000000021e+00 1.000000000000000048e-04 1.000000000000000048e-04 1.000000000000000000e+00
-4.741999999999999993e+00 1.000000000000000048e-04 1.000000000000000048e-04 1.000000000000000000e+00
-4.741249999999999964e+00 1.000000000000000048e-04 1.000000000000000048e-04 1.000000000000000000e+00
-4.740499999999999936e+00 1.000000000000000048e-04 1.000000000000000048e-04 1.000000000000000000e+00
-4.739749999999999908e+00 1.000000000000000048e-04 1.000000000000000048e-04 1.000000000000000000e+00
-4.738999999999999879e+00 1.000000000000000048e-04 1.000000000000000048e-04 1.000000000000000000e+00
-4.738249999999999851e+00 1.000000000000000048e-04 1.000000000000000048e-04 1.000000000000000000e+00
-4.737499999999999822e+00 1.000000000000000048e-04 1.000000000000000048e-04 1.000000000000000000e+00
-4.736749999999999794e+00 1.000000000000000048e-04 1.000000000000000048e-04 1.000000000000000000e+00
-4.735999999999999766e+00 1.000000000000000048e-04 1.000000000000000048e-04 1.000000000000000000e+00
-4.735249999999999737e+00 1.000000000000000048e-04 1.000000000000000048e-04 1.000000000000000000e+00
-4.734499999999999709e+00 1.000000000000000048e-04 1.000000000000000048e-04 1.000000000000000000e+00
-4.733749999999999680e+00 1.000000000000000048e-04 1.000000000000000048e-04 1.000000000000000000e+00
-4.732999999999999652e+00 1.000000000000000048e-04 1.000000000000000048e-04 1.000000000000000000e+00
-4.732249999999999623e+00 1.000000000000000048e-04 1.000000000000000048e-04 1.000000000000000000e+00
-4.731499999999999595e+00 1.000000000000000048e-04 1.000000000000000048e-04 1.000000000000000000e+00
-4.730750000000000455e+00 1.000000000000000048e-04 1.000000000000000048e-04 1.000000000000000000e+00
-4.730000000000000426e+00 1.000000000000000048e-04 1.000000000000000048e-04 1.000000000000000000e+00
-4.729250000000000398e+00 1.000000000000000048e-04 1.000000000000000048e-04 1.000000000000000000e+00
-4.728500000000000369e+00 1.000000000000000048e-04 1.000000000000000048e-04 1.000000000000000000e+00
-4.727750000000000341e+00 1.000000000000000048e-04 1.000000000000000048e-04 1.000000000000000000e+00
-4.727000000000000313e+00 1.000000000000000048e-04 1.000000000000000048e-04 1.000000000000000000e+00
-4.726250000000000284e+00 1.000000000000000048e-04 1.000000000000000048e-04 1.000000000000000000e+00
-4.725500000000000256e+00 1.000000000000000048e-04 1.000000000000000048e-04 1.000000000000000000e+00
-4.724750000000000227e+00 1.000000000000000048e-04 1.000000000000000048e-04 1.000000000000000000e+00
-4.724000000000000199e+00 1.000000000000000048e-04 1.000000000000000048e-04 1.000000000000000000e+00
-4.723250000000000171e+00 1.000000000000000048e-04 1.000000000000000048e-04 1.000000000000000000e+00
-4.722500000000000142e+00 1.000000000000000048e-04 1.000000000000000048e-04 1.000000000000000000e+00
-4.721750000000000114e+00 1.000000000000000048e-04 1.000000000000000048e-04 1.000000000000000000e+00
-4.721000000000000085e+00 1.000000000000000048e-04 1.000000000000000048e-04 1.000000000000000000e+00
-4.720250000000000057e+00 1.000000000000000048e-04 1.000000000000000048e-04 1.000000000000000000e+00
-4.719500000000000028e+00 1.000000000000000048e-04 1.000000000000000048e-04 1.000000000000000000e+00
-4.718750000000000000e+00 1.000000000000000048e-04 1.000000000000000048e-04 1.000000000000000000e+00
-4.717999999999999972e+00 1.000000000000000048e-04 1.000000000000000048e-04 1.000000000000000000e+00
-4.717249999999999943e+00 1.000000000000000048e-04 1.000000000000000048e-04 1.000000000000000000e+00
-4.716499999999999915e+00 1.000000000000000048e-04 1.000000000000000048e-04 1.000000000000000000e+00
-4.715749999999999886e+00 1.000000000000000048e-04 1.000000000000000048e-04 1.000000000000000000e+00
-4.714999999999999858e+00 1.000000000000000048e-04 1.000000000000000048e-04 1.000000000000000000e+00
-4.714249999999999829e+00 1.000000000000000048e-04 1.000000000000000048e-04 1.000000000000000000e+00
-4.713499999999999801e+00 1.000000000000000048e-04 1.000000000000000048e-04 1.000000000000000000e+00
-4.712749999999999773e+00 1.000000000000000048e-04 1.000000000000000048e-04 1.000000000000000000e+00
-4.711999999999999744e+00 1.000000000000000048e-04 1.000000000000000048e-04 1.000000000000000000e+00
-4.711249999999999716e+00 1.000000000000000048e-04 1.000000000000000048e-04 1.000000000000000000e+00
-4.710499999999999687e+00 1.000000000000000048e-04 1.000000000000000048e-04 1.000000000000000000e+00
-4.709749999999999659e+00 1.000000000000000048e-04 1.000000000000000048e-04 1.000000000000000000e+00
-4.708999999999999631e+00 1.000000000000000048e-04 1.000000000000000048e-04 1.000000000000000000e+00
-4.708249999999999602e+00 1.000000000000000048e-04 1.000000000000000048e-04 1.000000000000000000e+00
-4.707499999999999574e+00 1.000000000000000048e-04 1.000000000000000048e-04 1.000000000000000000e+00
-4.706749999999999545e+00 1.000000000000000048e-04 1.000000000000000048e-04 1.000000000000000000e+00
-4.706000000000000405e+00 1.000000000000000048e-04 1.000000000000000048e-04 1.000000000000000000e+00
-4.705250000000000377e+00 1.000000000000000048e-04 1.000000000000000048e-04 1.000000000000000000e+00
-4.704500000000000348e+00 1.000000000000000048e-04 1.000000000000000048e-04 1.000000000000000000e+00
-4.703750000000000320e+00 1.000000000000000048e-04 1.000000000000000048e-04 1.000000000000000000e+00
-4.703000000000000291e+00 1.000000000000000048e-04 1.000000000000000048e-04 1.000000000000000000e+00
-4.702250000000000263e+00 1.000000000000000048e-04 1.000000000000000048e-04 1.000000000000000000e+00
-4.701500000000000234e+00 1.000000000000000048e-04 1.000000000000000048e-04 1.000000000000000000e+00
-4.700750000000000206e+00 1.000000000000000048e-04 1.000000000000000048e-04 1.000000000000000000e+00
-4.700000000000000178e+00 1.000000000000000048e-04 1.000000000000000048e-04 1.000000000000000000e+00
-4.699250000000000149e+00 1.000000000000000048e-04 1.000000000000000048e-04 1.000000000000000000e+00
-4.698500000000000121e+00 1.000000000000000048e-04 1.000000000000000048e-04 1.000000000000000000e+00
-4.697750000000000092e+00 1.000000000000000048e-04 1.000000000000000048e-04 1.000000000000000000e+00
-4.697000000000000064e+00 1.000000000000000048e-04 1.000000000000000048e-04 1.000000000000000000e+00
-4.696250000000000036e+00 1.000000000000000048e-04 1.000000000000000048e-04 1.000000000000000000e+00
-4.695500000000000007e+00 1.000000000000000048e-04 1.000000000000000048e-04 1.000000000000000000e+00
-4.694749999999999979e+00 1.000000000000000048e-04 1.000000000000000048e-04 1.000000000000000000e+00
-4.693999999999999950e+00 1.000000000000000048e-04 1.000000000000000048e-04 1.000000000000000000e+00
-4.693249999999999922e+00 1.000000000000000048e-04 1.000000000000000048e-04 1.000000000000000000e+00
-4.692499999999999893e+00 1.000000000000000048e-04 1.000000000000000048e-04 1.000000000000000000e+00
-4.691749999999999865e+00 1.000000000000000048e-04 1.000000000000000048e-04 1.000000000000000000e+00
-4.690999999999999837e+00 1.000000000000000048e-04 1.000000000000000048e-04 1.000000000000000000e+00
-4.690249999999999808e+00 1.000000000000000048e-04 1.000000000000000048e-04 1.000000000000000000e+00
-4.689499999999999780e+00 1.000000000000000048e-04 1.000000000000000048e-04 1.000000000000000000e+00
-4.688749999999999751e+00 1.000000000000000048e-04 1.000000000000000048e-04 1.000000000000000000e+00
-4.687999999999999723e+00 1.000000000000000048e-04 1.000000000000000048e-04 1.000000000000000000e+00
-4.687249999999999694e+00 1.000000000000000048e-04 1.000000000000000048e-04 1.000000000000000000e+00
-4.686499999999999666e+00 1.000000000000000048e-04 1.000000000000000048e-04 1.000000000000000000e+00
-4.685749999999999638e+00 1.000000000000000048e-04 1.000000000000000048e-04 1.000000000000000000e+00
-4.684999999999999609e+00 1.000000000000000048e-04 1.000000000000000048e-04 1.000000000000000000e+00
-4.684249999999999581e+00 1.000000000000000048e-04 1.000000000000000048e-04 1.000000000000000000e+00
-4.683500000000000441e+00 1.000000000000000048e-04 1.000000000000000048e-04 1.000000000000000000e+00
-4.682750000000000412e+00 1.000000000000000048e-04 1.000000000000000048e-04 1.000000000000000000e+00
-4.682000000000000384e+00 1.000000000000000048e-04 1.000000000000000048e-04 1.000000000000000000e+00
-4.681250000000000355e+00 1.000000000000000048e-04 1.000000000000000048e-04 1.000000000000000000e+00
-4.680500000000000327e+00 1.000000000000000048e-04 1.000000000000000048e-04 1.000000000000000000e+00
-4.679750000000000298e+00 1.000000000000000048e-04 1.000000000000000048e-04 1.000000000000000000e+00
-4.679000000000000270e+00 1.000000000000000048e-04 1.000000000000000048e-04 1.000000000000000000e+00
-4.678250000000000242e+00 1.000000000000000048e-04 1.000000000000000048e-04 1.000000000000000000e+00
-4.677500000000000213e+00 1.000000000000000048e-04 1.000000000000000048e-04 1.000000000000000000e+00
-4.676750000000000185e+00 1.000000000000000048e-04 1.000000000000000048e-04 1.000000000000000000e+00
-4.676000000000000156e+00 1.000000000000000048e-04 1.000000000000000048e-04 1.000000000000000000e+00
-4.675250000000000128e+00 1.000000000000000048e-04 1.000000000000000048e-04 1.000000000000000000e+00
-4.674500000000000099e+00 1.000000000000000048e-04 1.000000000000000048e-04 1.000000000000000000e+00
-4.673750000000000071e+00 1.000000000000000048e-04 1.000000000000000048e-04 1.000000000000000000e+00
-4.673000000000000043e+00 1.000000000000000048e-04 1.000000000000000048e-04 1.000000000000000000e+00
-4.672250000000000014e+00 1.000000000000000048e-04 1.000000000000000048e-04 1.000000000000000000e+00
-4.671499999999999986e+00 1.000000000000000048e-04 1.000000000000000048e-04 1.000000000000000000e+00
-4.670749999999999957e+00 1.000000000000000048e-04 1.000000000000000048e-04 1.000000000000000000e+00
-4.669999999999999929e+00 1.000000000000000048e-04 1.000000000000000048e-04 1.000000000000000000e+00
-4.669249999999999901e+00 1.000000000000000048e-04 1.000000000000000048e-04 1.000000000000000000e+00
-4.668499999999999872e+00 1.000000000000000048e-04 1.000000000000000048e-04 1.000000000000000000e+00
-4.667749999999999844e+00 1.000000000000000048e-04 1.000000000000000048e-04 1.000000000000000000e+00
-4.666999999999999815e+00 1.000000000000000048e-04 1.000000000000000048e-04 1.000000000000000000e+00
-4.666249999999999787e+00 1.000000000000000048e-04 1.000000000000000048e-04 1.000000000000000000e+00
-4.665499999999999758e+00 1.000000000000000048e-04 1.000000000000000048e-04 1.000000000000000000e+00
-4.664749999999999730e+00 1.000000000000000048e-04 1.000000000000000048e-04 1.000000000000000000e+00
-4.663999999999999702e+00 1.000000000000000048e-04 1.000000000000000048e-04 1.000000000000000000e+00
-4.663249999999999673e+00 1.000000000000000048e-04 1.000000000000000048e-04 1.000000000000000000e+00
-4.662499999999999645e+00 1.000000000000000048e-04 1.000000000000000048e-04 1.000000000000000000e+00
-4.661749999999999616e+00 1.000000000000000048e-04 1.000000000000000048e-04 1.000000000000000000e+00
-4.660999999999999588e+00 1.000000000000000048e-04 1.000000000000000048e-04 1.000000000000000000e+00
-4.660249999999999559e+00 1.000000000000000048e-04 1.000000000000000048e-04 1.000000000000000000e+00
-4.659499999999999531e+00 1.000000000000000048e-04 1.000000000000000048e-04 1.000000000000000000e+00
-4.658750000000000391e+00 1.000000000000000048e-04 1.000000000000000048e-04 1.000000000000000000e+00
-4.658000000000000362e+00 1.000000000000000048e-04 1.000000000000000048e-04 1.000000000000000000e+00
-4.657250000000000334e+00 1.000000000000000048e-04 1.000000000000000048e-04 1.000000000000000000e+00
-4.656500000000000306e+00 1.000000000000000048e-04 1.000000000000000048e-04 1.000000000000000000e+00
-4.655750000000000277e+00 1.000000000000000048e-04 1.000000000000000048e-04 1.000000000000000000e+00
-4.655000000000000249e+00 1.000000000000000048e-04 1.000000000000000048e-04 1.000000000000000000e+00
-4.654250000000000220e+00 1.000000000000000048e-04 1.000000000000000048e-04 1.000000000000000000e+00
-4.653500000000000192e+00 1.000000000000000048e-04 1.000000000000000048e-04 1.000000000000000000e+00
-4.652750000000000163e+00 1.000000000000000048e-04 1.000000000000000048e-04 1.000000000000000000e+00
-4.652000000000000135e+00 1.000000000000000048e-04 1.000000000000000048e-04 1.000000000000000000e+00
-4.651250000000000107e+00 1.000000000000000048e-04 1.000000000000000048e-04 1.000000000000000000e+00
-4.650500000000000078e+00 1.000000000000000048e-04 1.000000000000000048e-04 1.000000000000000000e+00
-4.649750000000000050e+00 1.000000000000000048e-04 1.000000000000000048e-04 1.000000000000000000e+00
-4.649000000000000021e+00 1.000000000000000048e-04 1.000000000000000048e-04 1.000000000000000000e+00
-4.648249999999999993e+00 1.000000000000000048e-04 1.000000000000000048e-04 1.000000000000000000e+00
-4.647499999999999964e+00 1.000000000000000048e-04 1.000000000000000048e-04 1.000000000000000000e+00
-4.646749999999999936e+00 1.000000000000000048e-04 1.000000000000000048e-04 1.000000000000000000e+00
-4.645999999999999908e+00 1.000000000000000048e-04 1.000000000000000048e-04 1.000000000000000000e+00
-4.645249999999999879e+00 1.000000000000000048e-04 1.000000000000000048e-04 1.000000000000000000e+00
-4.644499999999999851e+00 1.000000000000000048e-04 1.000000000000000048e-04 1.000000000000000000e+00
-4.643749999999999822e+00 1.000000000000000048e-04 1.000000000000000048e-04 1.000000000000000000e+00
-4.642999999999999794e+00 1.000000000000000048e-04 1.000000000000000048e-04 1.000000000000000000e+00
-4.642249999999999766e+00 1.000000000000000048e-04 1.000000000000000048e-04 1.000000000000000000e+00
-4.641499999999999737e+00 1.000000000000000048e-04 1.000000000000000048e-04 1.000000000000000000e+00
-4.640749999999999709e+00 1.000000000000000048e-04 1.000000000000000048e-04 1.000000000000000000e+00
-4.639999999999999680e+00 1.000000000000000048e-04 1.000000000000000048e-04 1.000000000000000000e+00
-4.639249999999999652e+00 1.000000000000000048e-04 1.000000000000000048e-04 1.000000000000000000e+00
-4.638499999999999623e+00 1.000000000000000048e-04 1.000000000000000048e-04 1.000000000000000000e+00
-4.637749999999999595e+00 1.000000000000000048e-04 1.000000000000000048e-04 1.000000000000000000e+00
-4.637000000000000455e+00 1.000000000000000048e-04 1.000000000000000048e-04 1.000000000000000000e+00
-4.636250000000000426e+00 1.000000000000000048e-04 1.000000000000000048e-04 1.000000000000000000e+00
-4.635500000000000398e+00 1.000000000000000048e-04 1.000000000000000048e-04 1.000000000000000000e+00
-4.634750000000000369e+00 1.000000000000000048e-04 1.000000000000000048e-04 1.000000000000000000e+00
-4.634000000000000341e+00 1.000000000000000048e-04 1.000000000000000048e-04 1.000000000000000000e+00
-4.633250000000000313e+00 1.000000000000000048e-04 1.000000000000000048e-04 1.000000000000000000e+00
-4.632500000000000284e+00 1.000000000000000048e-04 1.000000000000000048e-04 1.000000000000000000e+00
-4.631750000000000256e+00 1.000000000000000048e-04 1.000000000000000048e-04 1.000000000000000000e+00
-4.631000000000000227e+00 1.000000000000000048e-04 1.000000000000000048e-04 1.000000000000000000e+00
-4.630250000000000199e+00 1.000000000000000048e-04 1.000000000000000048e-04 1.000000000000000000e+00
-4.629500000000000171e+00 1.000000000000000048e-04 1.000000000000000048e-04 1.000000000000000000e+00
-4.628750000000000142e+00 1.000000000000000048e-04 1.000000000000000048e-04 1.000000000000000000e+00
-4.628000000000000114e+00 1.000000000000000048e-04 1.000000000000000048e-04 1.000000000000000000e+00
-4.627250000000000085e+00 1.000000000000000048e-04 1.000000000000000048e-04 1.000000000000000000e+00
-4.626500000000000057e+00 1.000000000000000048e-04 1.000000000000000048e-04 1.000000000000000000e+00
-4.625750000000000028e+00 1.000000000000000048e-04 1.000000000000000048e-04 1.000000000000000000e+00
-4.625000000000000000e+00 1.000000000000000048e-04 1.000000000000000048e-04 1.000000000000000000e+00
-4.624249999999999972e+00 1.000000000000000048e-04 1.000000000000000048e-04 1.000000000000000000e+00
-4.623499999999999943e+00 1.000000000000000048e-04 1.000000000000000048e-04 1.000000000000000000e+00
-4.622749999999999915e+00 1.000000000000000048e-04 1.000000000000000048e-04 1.000000000000000000e+00
-4.621999999999999886e+00 1.000000000000000048e-04 1.000000000000000048e-04 1.000000000000000000e+00
-4.621249999999999858e+00 1.000000000000000048e-04 1.000000000000000048e-04 1.000000000000000000e+00
-4.620499999999999829e+00 1.000000000000000048e-04 1.000000000000000048e-04 1.000000000000000000e+00
-4.619749999999999801e+00 1.000000000000000048e-04 1.000000000000000048e-04 1.000000000000000000e+00
-4.618999999999999773e+00 1.000000000000000048e-04 1.000000000000000048e-04 1.000000000000000000e+00
-4.618249999999999744e+00 1.000000000000000048e-04 1.000000000000000048e-04 1.000000000000000000e+00
-4.617499999999999716e+00 1.000000000000000048e-04 1.000000000000000048e-04 1.000000000000000000e+00
-4.616749999999999687e+00 1.000000000000000048e-04 1.000000000000000048e-04 1.000000000000000000e+00
-4.615999999999999659e+00 1.000000000000000048e-04 1.000000000000000048e-04 1.000000000000000000e+00
-4.615249999999999631e+00 1.000000000000000048e-04 1.000000000000000048e-04 1.000000000000000000e+00
-4.614499999999999602e+00 1.000000000000000048e-04 1.000000000000000048e-04 1.000000000000000000e+00
-4.613749999999999574e+00 1.000000000000000048e-04 1.000000000000000048e-04 1.000000000000000000e+00
-4.612999999999999545e+00 1.000000000000000048e-04 1.000000000000000048e-04 1.000000000000000000e+00
-4.612250000000000405e+00 1.000000000000000048e-04 1.000000000000000048e-04 1.000000000000000000e+00
-4.611500000000000377e+00 1.000000000000000048e-04 1.000000000000000048e-04 1.000000000000000000e+00
-4.610750000000000348e+00 1.000000000000000048e-04 1.000000000000000048e-04 1.000000000000000000e+00
-4.610000000000000320e+00 1.000000000000000048e-04 1.000000000000000048e-04 1.000000000000000000e+00
-4.609250000000000291e+00 1.000000000000000048e-04 1.000000000000000048e-04 1.000000000000000000e+00
-4.608500000000000263e+00 1.000000000000000048e-04 1.000000000000000048e-04 1.000000000000000000e+00
-4.607750000000000234e+00 1.000000000000000048e-04 1.000000000000000048e-04 1.000000000000000000e+00
-4.607000000000000206e+00 1.000000000000000048e-04 1.000000000000000048e-04 1.000000000000000000e+00
-4.606250000000000178e+00 1.000000000000000048e-04 1.000000000000000048e-04 1.000000000000000000e+00
-4.605500000000000149e+00 1.000000000000000048e-04 1.000000000000000048e-04 1.000000000000000000e+00
-4.604750000000000121e+00 1.000000000000000048e-04 1.000000000000000048e-04 1.000000000000000000e+00
-4.604000000000000092e+00 1.000000000000000048e-04 1.000000000000000048e-04 1.000000000000000000e+00
-4.603250000000000064e+00 1.000000000000000048e-04 1.000000000000000048e-04 1.000000000000000000e+00
-4.602500000000000036e+00 1.000000000000000048e-04 1.000000000000000048e-04 1.000000000000000000e+00
-4.601750000000000007e+00 1.000000000000000048e-04 1.000000000000000048e-04 1.000000000000000000e+00
-4.600999999999999979e+00 1.000000000000000048e-04 1.000000000000000048e-04 1.000000000000000000e+00
-4.600249999999999950e+00 1.000000000000000048e-04 1.000000000000000048e-04 1.000000000000000000e+00
-4.599499999999999922e+00 1.000000000000000048e-04 1.000000000000000048e-04 1.000000000000000000e+00
-4.598749999999999893e+00 1.000000000000000048e-04 1.000000000000000048e-04 1.000000000000000000e+00
-4.597999999999999865e+00 1.000000000000000048e-04 1.000000000000000048e-04 1.000000000000000000e+00
-4.597249999999999837e+00 1.000000000000000048e-04 1.000000000000000048e-04 1.000000000000000000e+00
-4.596499999999999808e+00 1.000000000000000048e-04 1.000000000000000048e-04 1.000000000000000000e+00
-4.595749999999999780e+00 1.000000000000000048e-04 1.000000000000000048e-04 1.000000000000000000e+00
-4.594999999999999751e+00 1.000000000000000048e-04 1.000000000000000048e-04 1.000000000000000000e+00
-4.594249999999999723e+00 1.000000000000000048e-04 1.000000000000000048e-04 1.000000000000000000e+00
-4.593499999999999694e+00 1.000000000000000048e-04 1.000000000000000048e-04 1.000000000000000000e+00
-4.592749999999999666e+00 1.000000000000000048e-04 1.000000000000000048e-04 1.000000000000000000e+00
-4.591999999999999638e+00 1.000000000000000048e-04 1.000000000000000048e-04 1.000000000000000000e+00
-4.591249999999999609e+00 1.000000000000000048e-04 1.000000000000000048e-04 1.000000000000000000e+00
-4.590499999999999581e+00 1.000000000000000048e-04 1.000000000000000048e-04 1.000000000000000000e+00
-4.589750000000000441e+00 1.000000000000000048e-04 1.000000000000000048e-04 1.000000000000000000e+00
-4.589000000000000412e+00 1.000000000000000048e-04 1.000000000000000048e-04 1.000000000000000000e+00
-4.588250000000000384e+00 1.000000000000000048e-04 1.000000000000000048e-04 1.000000000000000000e+00
-4.587500000000000355e+00 1.000000000000000048e-04 1.000000000000000048e-04 1.000000000000000000e+00
-4.586750000000000327e+00 1.000000000000000048e-04 1.000000000000000048e-04 1.000000000000000000e+00
-4.586000000000000298e+00 1.000000000000000048e-04 1.000000000000000048e-04 1.000000000000000000e+00
-4.585250000000000270e+00 1.000000000000000048e-04 1.000000000000000048e-04 1.000000000000000000e+00
-4.584500000000000242e+00 1.000000000000000048e-04 1.000000000000000048e-04 1.000000000000000000e+00
-4.583750000000000213e+00 1.000000000000000048e-04 1.000000000000000048e-04 1.000000000000000000e+00
-4.583000000000000185e+00 1.000000000000000048e-04 1.000000000000000048e-04 1.000000000000000000e+00
-4.582250000000000156e+00 1.000000000000000048e-04 1.000000000000000048e-04 1.000000000000000000e+00
-4.581500000000000128e+00 1.000000000000000048e-04 1.000000000000000048e-04 1.000000000000000000e+00
-4.580750000000000099e+00 1.000000000000000048e-04 1.000000000000000048e-04 1.000000000000000000e+00
-4.580000000000000071e+00 1.000000000000000048e-04 1.000000000000000048e-04 1.000000000000000000e+00
-4.579250000000000043e+00 1.000000000000000048e-04 1.000000000000000048e-04 1.000000000000000000e+00
-4.578500000000000014e+00 1.000000000000000048e-04 1.000000000000000048e-04 1.000000000000000000e+00
-4.577749999999999986e+00 1.000000000000000048e-04 1.000000000000000048e-04 1.000000000000000000e+00
-4.576999999999999957e+00 1.000000000000000048e-04 1.000000000000000048e-04 1.000000000000000000e+00
-4.576249999999999929e+00 1.000000000000000048e-04 1.000000000000000048e-04 1.000000000000000000e+00
-4.575499999999999901e+00 1.000000000000000048e-04 1.000000000000000048e-04 1.000000000000000000e+00
-4.574749999999999872e+00 1.000000000000000048e-04 1.000000000000000048e-04 1.000000000000000000e+00
-4.573999999999999844e+00 1.000000000000000048e-04 1.000000000000000048e-04 1.000000000000000000e+00
-4.573249999999999815e+00 1.000000000000000048e-04 1.000000000000000048e-04 1.000000000000000000e+00
-4.572499999999999787e+00 1.000000000000000048e-04 1.000000000000000048e-04 1.000000000000000000e+00
-4.571749999999999758e+00 1.000000000000000048e-04 1.000000000000000048e-04 1.000000000000000000e+00
-4.570999999999999730e+00 1.000000000000000048e-04 1.000000000000000048e-04 1.000000000000000000e+00
-4.570249999999999702e+00 1.000000000000000048e-04 1.000000000000000048e-04 1.000000000000000000e+00
-4.569499999999999673e+00 1.000000000000000048e-04 1.000000000000000048e-04 1.000000000000000000e+00
-4.568749999999999645e+00 1.000000000000000048e-04 1.000000000000000048e-04 1.000000000000000000e+00
-4.567999999999999616e+00 1.000000000000000048e-04 1.000000000000000048e-04 1.000000000000000000e+00
-4.567249999999999588e+00 1.000000000000000048e-04 1.000000000000000048e-04 1.000000000000000000e+00
-4.566499999999999559e+00 1.000000000000000048e-04 1.000000000000000048e-04 1.000000000000000000e+00
-4.565749999999999531e+00 1.000000000000000048e-04 1.000000000000000048e-04 1.000000000000000000e+00
-4.565000000000000391e+00 1.000000000000000048e-04 1.000000000000000048e-04 1.000000000000000000e+00
-4.564250000000000362e+00 1.000000000000000048e-04 1.000000000000000048e-04 1.000000000000000000e+00
-4.563500000000000334e+00 1.000000000000000048e-04 1.000000000000000048e-04 1.000000000000000000e+00
-4.562750000000000306e+00 1.000000000000000048e-04 1.000000000000000048e-04 1.000000000000000000e+00
-4.562000000000000277e+00 1.000000000000000048e-04 1.000000000000000048e-04 1.000000000000000000e+00
-4.561250000000000249e+00 1.000000000000000048e-04 1.000000000000000048e-04 1.000000000000000000e+00
-4.560500000000000220e+00 1.000000000000000048e-04 1.000000000000000048e-04 1.000000000000000000e+00
-4.559750000000000192e+00 1.000000000000000048e-04 1.000000000000000048e-04 1.000000000000000000e+00
-4.559000000000000163e+00 1.000000000000000048e-04 1.000000000000000048e-04 1.000000000000000000e+00
-4.558250000000000135e+00 1.000000000000000048e-04 1.000000000000000048e-04 1.000000000000000000e+00
-4.557500000000000107e+00 1.000000000000000048e-04 1.000000000000000048e-04 1.000000000000000000e+00
-4.556750000000000078e+00 1.000000000000000048e-04 1.000000000000000048e-04 1.000000000000000000e+00
-4.556000000000000050e+00 1.000000000000000048e-04 1.000000000000000048e-04 1.000000000000000000e+00
-4.555250000000000021e+00 1.000000000000000048e-04 1.000000000000000048e-04 1.000000000000000000e+00
-4.554499999999999993e+00 1.000000000000000048e-04 1.000000000000000048e-04 1.000000000000000000e+00
-4.553749999999999964e+00 1.000000000000000048e-04 1.000000000000000048e-04 1.000000000000000000e+00
-4.552999999999999936e+00 1.000000000000000048e-04 1.000000000000000048e-04 1.000000000000000000e+00
-4.552249999999999908e+00 1.000000000000000048e-04 1.000000000000000048e-04 1.000000000000000000e+00
-4.551499999999999879e+00 1.000000000000000048e-04 1.000000000000000048e-04 1.000000000000000000e+00
-4.550749999999999851e+00 1.000000000000000048e-04 1.000000000000000048e-04 1.000000000000000000e+00
-4.549999999999999822e+00 1.000000000000000048e-04 1.000000000000000048e-04 1.000000000000000000e+00
-4.549249999999999794e+00 1.000000000000000048e-04 1.000000000000000048e-04 1.000000000000000000e+00
-4.548499999999999766e+00 1.000000000000000048e-04 1.000000000000000048e-04 1.000000000000000000e+00
-4.547749999999999737e+00 1.000000000000000048e-04 1.000000000000000048e-04 1.000000000000000000e+00
-4.546999999999999709e+00 1.000000000000000048e-04 1.000000000000000048e-04 1.000000000000000000e+00
-4.546249999999999680e+00 1.000000000000000048e-04 1.000000000000000048e-04 1.000000000000000000e+00
-4.545499999999999652e+00 1.000000000000000048e-04 1.000000000000000048e-04 1.000000000000000000e+00
-4.544749999999999623e+00 1.000000000000000048e-04 1.000000000000000048e-04 1.000000000000000000e+00
-4.543999999999999595e+00 1.000000000000000048e-04 1.000000000000000048e-04 1.000000000000000000e+00
-4.543250000000000455e+00 1.000000000000000048e-04 1.000000000000000048e-04 1.000000000000000000e+00
-4.542500000000000426e+00 1.000000000000000048e-04 1.000000000000000048e-04 1.000000000000000000e+00
-4.541750000000000398e+00 1.000000000000000048e-04 1.000000000000000048e-04 1.000000000000000000e+00
-4.541000000000000369e+00 1.000000000000000048e-04 1.000000000000000048e-04 1.000000000000000000e+00
-4.540250000000000341e+00 1.000000000000000048e-04 1.000000000000000048e-04 1.000000000000000000e+00
-4.539500000000000313e+00 1.000000000000000048e-04 1.000000000000000048e-04 1.000000000000000000e+00
-4.538750000000000284e+00 1.000000000000000048e-04 1.000000000000000048e-04 1.000000000000000000e+00
-4.538000000000000256e+00 1.000000000000000048e-04 1.000000000000000048e-04 1.000000000000000000e+00
-4.537250000000000227e+00 1.000000000000000048e-04 1.000000000000000048e-04 1.000000000000000000e+00
-4.536500000000000199e+00 1.000000000000000048e-04 1.000000000000000048e-04 1.000000000000000000e+00
-4.535750000000000171e+00 1.000000000000000048e-04 1.000000000000000048e-04 1.000000000000000000e+00
-4.535000000000000142e+00 1.000000000000000048e-04 1.000000000000000048e-04 1.000000000000000000e+00
-4.534250000000000114e+00 1.000000000000000048e-04 1.000000000000000048e-04 1.000000000000000000e+00
-4.533500000000000085e+00 1.000000000000000048e-04 1.000000000000000048e-04 1.000000000000000000e+00
-4.532750000000000057e+00 1.000000000000000048e-04 1.000000000000000048e-04 1.000000000000000000e+00
-4.532000000000000028e+00 1.000000000000000048e-04 1.000000000000000048e-04 1.000000000000000000e+00
-4.531250000000000000e+00 1.000000000000000048e-04 1.000000000000000048e-04 1.000000000000000000e+00
-4.530499999999999972e+00 1.000000000000000048e-04 1.000000000000000048e-04 1.000000000000000000e+00
-4.529749999999999943e+00 1.000000000000000048e-04 1.000000000000000048e-04 1.000000000000000000e+00
-4.528999999999999915e+00 1.000000000000000048e-04 1.000000000000000048e-04 1.000000000000000000e+00
-4.528249999999999886e+00 1.000000000000000048e-04 1.000000000000000048e-04 1.000000000000000000e+00
-4.527499999999999858e+00 1.000000000000000048e-04 1.000000000000000048e-04 1.000000000000000000e+00
-4.526749999999999829e+00 1.000000000000000048e-04 1.000000000000000048e-04 1.000000000000000000e+00
-4.525999999999999801e+00 1.000000000000000048e-04 1.000000000000000048e-04 1.000000000000000000e+00
-4.525249999999999773e+00 1.000000000000000048e-04 1.000000000000000048e-04 1.000000000000000000e+00
-4.524499999999999744e+00 1.000000000000000048e-04 1.000000000000000048e-04 1.000000000000000000e+00
-4.523749999999999716e+00 1.000000000000000048e-04 1.000000000000000048e-04 1.000000000000000000e+00
-4.522999999999999687e+00 1.000000000000000048e-04 1.000000000000000048e-04 1.000000000000000000e+00
-4.522249999999999659e+00 1.000000000000000048e-04 1.000000000000000048e-04 1.000000000000000000e+00
-4.521499999999999631e+00 1.000000000000000048e-04 1.000000000000000048e-04 1.000000000000000000e+00
-4.520749999999999602e+00 1.000000000000000048e-04 1.000000000000000048e-04 1.000000000000000000e+00
-4.519999999999999574e+00 1.000000000000000048e-04 1.000000000000000048e-04 1.000000000000000000e+00
-4.519249999999999545e+00 1.000000000000000048e-04 1.000000000000000048e-04 1.000000000000000000e+00
-4.518500000000000405e+00 1.000000000000000048e-04 1.000000000000000048e-04 1.000000000000000000e+00
-4.517750000000000377e+00 1.000000000000000048e-04 1.000000000000000048e-04 1.000000000000000000e+00
-4.517000000000000348e+00 1.000000000000000048e-04 1.000000000000000048e-04 1.000000000000000000e+00
-4.516250000000000320e+00 1.000000000000000048e-04 1.000000000000000048e-04 1.000000000000000000e+00
-4.515500000000000291e+00 1.000000000000000048e-04 1.000000000000000048e-04 1.000000000000000000e+00
-4.514750000000000263e+00 1.000000000000000048e-04 1.000000000000000048e-04 1.000000000000000000e+00
-4.514000000000000234e+00 1.000000000000000048e-04 1.000000000000000048e-04 1.000000000000000000e+00
-4.513250000000000206e+00 1.000000000000000048e-04 1.000000000000000048e-04 1.000000000000000000e+00
-4.512500000000000178e+00 1.000000000000000048e-04 1.000000000000000048e-04 1.000000000000000000e+00
-4.511750000000000149e+00 1.000000000000000048e-04 1.000000000000000048e-04 1.000000000000000000e+00
-4.511000000000000121e+00 1.000000000000000048e-04 1.000000000000000048e-04 1.000000000000000000e+00
-4.510250000000000092e+00 1.000000000000000048e-04 1.000000000000000048e-04 1.000000000000000000e+00
-4.509500000000000064e+00 1.000000000000000048e-04 1.000000000000000048e-04 1.000000000000000000e+00
-4.508750000000000036e+00 1.000000000000000048e-04 1.000000000000000048e-04 1.000000000000000000e+00
-4.508000000000000007e+00 1.000000000000000048e-04 1.000000000000000048e-04 1.000000000000000000e+00
-4.507249999999999979e+00 1.000000000000000048e-04 1.000000000000000048e-04 1.000000000000000000e+00
-4.506499999999999950e+00 1.000000000000000048e-04 1.000000000000000048e-04 1.000000000000000000e+00
-4.505749999999999922e+00 1.000000000000000048e-04 1.000000000000000048e-04 1.000000000000000000e+00
-4.504999999999999893e+00 1.000000000000000048e-04 1.000000000000000048e-04 1.000000000000000000e+00
-4.504249999999999865e+00 1.000000000000000048e-04 1.000000000000000048e-04 1.000000000000000000e+00
-4.503499999999999837e+00 1.000000000000000048e-04 1.000000000000000048e-04 1.000000000000000000e+00
-4.502749999999999808e+00 1.000000000000000048e-04 1.000000000000000048e-04 1.000000000000000000e+00
-4.501999999999999780e+00 1.000000000000000048e-04 1.000000000000000048e-04 1.000000000000000000e+00
-4.501249999999999751e+00 1.000000000000000048e-04 1.000000000000000048e-04 1.000000000000000000e+00
-4.500499999999999723e+00 1.000000000000000048e-04 1.000000000000000048e-04 1.000000000000000000e+00
-4.499749999999999694e+00 1.000000000000000048e-04 1.000000000000000048e-04 1.000000000000000000e+00
-4.498999999999999666e+00 1.000000000000000048e-04 1.000000000000000048e-04 1.000000000000000000e+00
-4.498249999999999638e+00 1.000000000000000048e-04 1.000000000000000048e-04 1.000000000000000000e+00
-4.497499999999999609e+00 1.000000000000000048e-04 1.000000000000000048e-04 1.000000000000000000e+00
-4.496750000000000469e+00 1.000000000000000048e-04 1.000000000000000048e-04 1.000000000000000000e+00
-4.496000000000000441e+00 1.000000000000000048e-04 1.000000000000000048e-04 1.000000000000000000e+00
-4.495250000000000412e+00 1.000000000000000048e-04 1.000000000000000048e-04 1.000000000000000000e+00
-4.494500000000000384e+00 1.000000000000000048e-04 1.000000000000000048e-04 1.000000000000000000e+00
-4.493750000000000355e+00 1.000000000000000048e-04 1.000000000000000048e-04 1.000000000000000000e+00
-4.493000000000000327e+00 1.000000000000000048e-04 1.000000000000000048e-04 1.000000000000000000e+00
-4.492250000000000298e+00 1.000000000000000048e-04 1.000000000000000048e-04 1.000000000000000000e+00
-4.491500000000000270e+00 1.000000000000000048e-04 1.000000000000000048e-04 1.000000000000000000e+00
-4.490750000000000242e+00 1.000000000000000048e-04 1.000000000000000048e-04 1.000000000000000000e+00
-4.490000000000000213e+00 1.000000000000000048e-04 1.000000000000000048e-04 1.000000000000000000e+00
-4.489250000000000185e+00 1.000000000000000048e-04 1.000000000000000048e-04 1.000000000000000000e+00
-4.488500000000000156e+00 1.000000000000000048e-04 1.000000000000000048e-04 1.000000000000000000e+00
-4.487750000000000128e+00 1.000000000000000048e-04 1.000000000000000048e-04 1.000000000000000000e+00
-4.487000000000000099e+00 1.000000000000000048e-04 1.000000000000000048e-04 1.000000000000000000e+00
-4.486250000000000071e+00 1.000000000000000048e-04 1.000000000000000048e-04 1.000000000000000000e+00
-4.485500000000000043e+00 1.000000000000000048e-04 1.000000000000000048e-04 1.000000000000000000e+00
-4.484750000000000014e+00 1.000000000000000048e-04 1.000000000000000048e-04 1.000000000000000000e+00
-4.483999999999999986e+00 1.000000000000000048e-04 1.000000000000000048e-04 1.000000000000000000e+00
-4.483249999999999957e+00 1.000000000000000048e-04 1.000000000000000048e-04 1.000000000000000000e+00
-4.482499999999999929e+00 1.000000000000000048e-04 1.000000000000000048e-04 1.000000000000000000e+00
-4.481749999999999901e+00 1.000000000000000048e-04 1.000000000000000048e-04 1.000000000000000000e+00
-4.480999999999999872e+00 1.000000000000000048e-04 1.000000000000000048e-04 1.000000000000000000e+00
-4.480249999999999844e+00 1.000000000000000048e-04 1.000000000000000048e-04 1.000000000000000000e+00
-4.479499999999999815e+00 1.000000000000000048e-04 1.000000000000000048e-04 1.000000000000000000e+00
-4.478749999999999787e+00 1.000000000000000048e-04 1.000000000000000048e-04 1.000000000000000000e+00
-4.477999999999999758e+00 1.000000000000000048e-04 1.000000000000000048e-04 1.000000000000000000e+00
-4.477249999999999730e+00 1.000000000000000048e-04 1.000000000000000048e-04 1.000000000000000000e+00
-4.476499999999999702e+00 1.000000000000000048e-04 1.000000000000000048e-04 1.000000000000000000e+00
-4.475749999999999673e+00 1.000000000000000048e-04 1.000000000000000048e-04 1.000000000000000000e+00
-4.474999999999999645e+00 1.000000000000000048e-04 1.000000000000000048e-04 1.000000000000000000e+00
-4.474249999999999616e+00 1.000000000000000048e-04 1.000000000000000048e-04 1.000000000000000000e+00
-4.473499999999999588e+00 1.000000000000000048e-04 1.000000000000000048e-04 1.000000000000000000e+00
-4.472749999999999559e+00 1.000000000000000048e-04 1.000000000000000048e-04 1.000000000000000000e+00
-4.471999999999999531e+00 1.000000000000000048e-04 1.000000000000000048e-04 1.000000000000000000e+00
-4.471249999999999503e+00 1.000000000000000048e-04 1.000000000000000048e-04 1.000000000000000000e+00
-4.470500000000000362e+00 1.000000000000000048e-04 1.000000000000000048e-04 1.000000000000000000e+00
-4.469750000000000334e+00 1.000000000000000048e-04 1.000000000000000048e-04 1.000000000000000000e+00
-4.469000000000000306e+00 1.000000000000000048e-04 1.000000000000000048e-04 1.000000000000000000e+00
-4.468250000000000277e+00 1.000000000000000048e-04 1.000000000000000048e-04 1.000000000000000000e+00
-4.467500000000000249e+00 1.000000000000000048e-04 1.000000000000000048e-04 1.000000000000000000e+00
-4.466750000000000220e+00 1.000000000000000048e-04 1.000000000000000048e-04 1.000000000000000000e+00
-4.466000000000000192e+00 1.000000000000000048e-04 1.000000000000000048e-04 1.000000000000000000e+00
-4.465250000000000163e+00 1.000000000000000048e-04 1.000000000000000048e-04 1.000000000000000000e+00
-4.464500000000000135e+00 1.000000000000000048e-04 1.000000000000000048e-04 1.000000000000000000e+00
-4.463750000000000107e+00 1.000000000000000048e-04 1.000000000000000048e-04 1.000000000000000000e+00
-4.463000000000000078e+00 1.000000000000000048e-04 1.000000000000000048e-04 1.000000000000000000e+00
-4.462250000000000050e+00 1.000000000000000048e-04 1.000000000000000048e-04 1.000000000000000000e+00
-4.461500000000000021e+00 1.000000000000000048e-04 1.000000000000000048e-04 1.000000000000000000e+00
-4.460749999999999993e+00 1.000000000000000048e-04 1.000000000000000048e-04 1.000000000000000000e+00
-4.459999999999999964e+00 1.000000000000000048e-04 1.000000000000000048e-04 1.000000000000000000e+00
-4.459249999999999936e+00 1.000000000000000048e-04 1.000000000000000048e-04 1.000000000000000000e+00
-4.458499999999999908e+00 1.000000000000000048e-04 1.000000000000000048e-04 1.000000000000000000e+00
-4.457749999999999879e+00 1.000000000000000048e-04 1.000000000000000048e-04 1.000000000000000000e+00
-4.456999999999999851e+00 1.000000000000000048e-04 1.000000000000000048e-04 1.000000000000000000e+00
-4.456249999999999822e+00 1.000000000000000048e-04 1.000000000000000048e-04 1.000000000000000000e+00
-4.455499999999999794e+00 1.000000000000000048e-04 1.000000000000000048e-04 1.000000000000000000e+00
-4.454749999999999766e+00 1.000000000000000048e-04 1.000000000000000048e-04 1.000000000000000000e+00
-4.453999999999999737e+00 1.000000000000000048e-04 1.000000000000000048e-04 1.000000000000000000e+00
-4.453249999999999709e+00 1.000000000000000048e-04 1.000000000000000048e-04 1.000000000000000000e+00
-4.452499999999999680e+00 1.000000000000000048e-04 1.000000000000000048e-04 1.000000000000000000e+00
-4.451749999999999652e+00 1.000000000000000048e-04 1.000000000000000048e-04 1.000000000000000000e+00
-4.450999999999999623e+00 1.000000000000000048e-04 1.000000000000000048e-04 1.000000000000000000e+00
-4.450250000000000483e+00 1.000000000000000048e-04 1.000000000000000048e-04 1.000000000000000000e+00
-4.449500000000000455e+00 1.000000000000000048e-04 1.000000000000000048e-04 1.000000000000000000e+00
-4.448750000000000426e+00 1.000000000000000048e-04 1.000000000000000048e-04 1.000000000000000000e+00
-4.448000000000000398e+00 1.000000000000000048e-04 1.000000000000000048e-04 1.000000000000000000e+00
-4.447250000000000369e+00 1.000000000000000048e-04 1.000000000000000048e-04 1.000000000000000000e+00
-4.446500000000000341e+00 1.000000000000000048e-04 1.000000000000000048e-04 1.000000000000000000e+00
-4.445750000000000313e+00 1.000000000000000048e-04 1.000000000000000048e-04 1.000000000000000000e+00
-4.445000000000000284e+00 1.000000000000000048e-04 1.000000000000000048e-04 1.000000000000000000e+00
-4.444250000000000256e+00 1.000000000000000048e-04 1.000000000000000048e-04 1.000000000000000000e+00
-4.443500000000000227e+00 1.000000000000000048e-04 1.000000000000000048e-04 1.000000000000000000e+00
-4.442750000000000199e+00 1.000000000000000048e-04 1.000000000000000048e-04 1.000000000000000000e+00
-4.442000000000000171e+00 1.000000000000000048e-04 1.000000000000000048e-04 1.000000000000000000e+00
-4.441250000000000142e+00 1.000000000000000048e-04 1.000000000000000048e-04 1.000000000000000000e+00
-4.440500000000000114e+00 1.000000000000000048e-04 1.000000000000000048e-04 1.000000000000000000e+00
-4.439750000000000085e+00 1.000000000000000048e-04 1.000000000000000048e-04 1.000000000000000000e+00
-4.439000000000000057e+00 1.000000000000000048e-04 1.000000000000000048e-04 1.000000000000000000e+00
-4.438250000000000028e+00 1.000000000000000048e-04 1.000000000000000048e-04 1.000000000000000000e+00
-4.437500000000000000e+00 1.000000000000000048e-04 1.000000000000000048e-04 1.000000000000000000e+00
-4.436749999999999972e+00 1.000000000000000048e-04 1.000000000000000048e-04 1.000000000000000000e+00
-4.435999999999999943e+00 1.000000000000000048e-04 1.000000000000000048e-04 1.000000000000000000e+00
-4.435249999999999915e+00 1.000000000000000048e-04 1.000000000000000048e-04 1.000000000000000000e+00
-4.434499999999999886e+00 1.000000000000000048e-04 1.000000000000000048e-04 1.000000000000000000e+00
-4.433749999999999858e+00 1.000000000000000048e-04 1.000000000000000048e-04 1.000000000000000000e+00
-4.432999999999999829e+00 1.000000000000000048e-04 1.000000000000000048e-04 1.000000000000000000e+00
-4.432249999999999801e+00 1.000000000000000048e-04 1.000000000000000048e-04 1.000000000000000000e+00
-4.431499999999999773e+00 1.000000000000000048e-04 1.000000000000000048e-04 1.000000000000000000e+00
-4.430749999999999744e+00 1.000000000000000048e-04 1.000000000000000048e-04 1.000000000000000000e+00
-4.429999999999999716e+00 1.000000000000000048e-04 1.000000000000000048e-04 1.000000000000000000e+00
-4.429249999999999687e+00 1.000000000000000048e-04 1.000000000000000048e-04 1.000000000000000000e+00
-4.428499999999999659e+00 1.000000000000000048e-04 1.000000000000000048e-04 1.000000000000000000e+00
-4.427749999999999631e+00 1.000000000000000048e-04 1.000000000000000048e-04 1.000000000000000000e+00
-4.426999999999999602e+00 1.000000000000000048e-04 1.000000000000000048e-04 1.000000000000000000e+00
-4.426249999999999574e+00 1.000000000000000048e-04 1.000000000000000048e-04 1.000000000000000000e+00
-4.425499999999999545e+00 1.000000000000000048e-04 1.000000000000000048e-04 1.000000000000000000e+00
-4.424749999999999517e+00 1.000000000000000048e-04 1.000000000000000048e-04 1.000000000000000000e+00
-4.423999999999999488e+00 1.000000000000000048e-04 1.000000000000000048e-04 1.000000000000000000e+00
-4.423250000000000348e+00 1.000000000000000048e-04 1.000000000000000048e-04 1.000000000000000000e+00
-4.422500000000000320e+00 1.000000000000000048e-04 1.000000000000000048e-04 1.000000000000000000e+00
-4.421750000000000291e+00 1.000000000000000048e-04 1.000000000000000048e-04 1.000000000000000000e+00
-4.421000000000000263e+00 1.000000000000000048e-04 1.000000000000000048e-04 1.000000000000000000e+00
-4.420250000000000234e+00 1.000000000000000048e-04 1.000000000000000048e-04 1.000000000000000000e+00
-4.419500000000000206e+00 1.000000000000000048e-04 1.000000000000000048e-04 1.000000000000000000e+00
-4.418750000000000178e+00 1.000000000000000048e-04 1.000000000000000048e-04 1.000000000000000000e+00
-4.418000000000000149e+00 1.000000000000000048e-04 1.000000000000000048e-04 1.000000000000000000e+00
-4.417250000000000121e+00 1.000000000000000048e-04 1.000000000000000048e-04 1.000000000000000000e+00
-4.416500000000000092e+00 1.000000000000000048e-04 1.000000000000000048e-04 1.000000000000000000e+00
-4.415750000000000064e+00 1.000000000000000048e-04 1.000000000000000048e-04 1.000000000000000000e+00
-4.415000000000000036e+00 1.000000000000000048e-04 1.000000000000000048e-04 1.000000000000000000e+00
-4.414250000000000007e+00 1.000000000000000048e-04 1.000000000000000048e-04 1.000000000000000000e+00
-4.413499999999999979e+00 1.000000000000000048e-04 1.000000000000000048e-04 1.000000000000000000e+00
-4.412749999999999950e+00 1.000000000000000048e-04 1.000000000000000048e-04 1.000000000000000000e+00
-4.411999999999999922e+00 1.000000000000000048e-04 1.000000000000000048e-04 1.000000000000000000e+00
-4.411249999999999893e+00 1.000000000000000048e-04 1.000000000000000048e-04 1.000000000000000000e+00
-4.410499999999999865e+00 1.000000000000000048e-04 1.000000000000000048e-04 1.000000000000000000e+00
-4.409749999999999837e+00 1.000000000000000048e-04 1.000000000000000048e-04 1.000000000000000000e+00
-4.408999999999999808e+00 1.000000000000000048e-04 1.000000000000000048e-04 1.000000000000000000e+00
-4.408249999999999780e+00 1.000000000000000048e-04 1.000000000000000048e-04 1.000000000000000000e+00
-4.407499999999999751e+00 1.000000000000000048e-04 1.000000000000000048e-04 1.000000000000000000e+00
-4.406749999999999723e+00 1.000000000000000048e-04 1.000000000000000048e-04 1.000000000000000000e+00
-4.405999999999999694e+00 1.000000000000000048e-04 1.000000000000000048e-04 1.000000000000000000e+00
-4.405249999999999666e+00 1.000000000000000048e-04 1.000000000000000048e-04 1.000000000000000000e+00
-4.404499999999999638e+00 1.000000000000000048e-04 1.000000000000000048e-04 1.000000000000000000e+00
-4.403749999999999609e+00 1.000000000000000048e-04 1.000000000000000048e-04 1.000000000000000000e+00
-4.403000000000000469e+00 1.000000000000000048e-04 1.000000000000000048e-04 1.000000000000000000e+00
-4.402250000000000441e+00 1.000000000000000048e-04 1.000000000000000048e-04 1.000000000000000000e+00
-4.401500000000000412e+00 1.000000000000000048e-04 1.000000000000000048e-04 1.000000000000000000e+00
-4.400750000000000384e+00 1.000000000000000048e-04 1.000000000000000048e-04 1.000000000000000000e+00
-4.400000000000000355e+00 1.000000000000000048e-04 1.000000000000000048e-04 1.000000000000000000e+00
-4.399250000000000327e+00 1.000000000000000048e-04 1.000000000000000048e-04 1.000000000000000000e+00
-4.398500000000000298e+00 1.000000000000000048e-04 1.000000000000000048e-04 1.000000000000000000e+00
-4.397750000000000270e+00 1.000000000000000048e-04 1.000000000000000048e-04 1.000000000000000000e+00
-4.397000000000000242e+00 1.000000000000000048e-04 1.000000000000000048e-04 1.000000000000000000e+00
-4.396250000000000213e+00 1.000000000000000048e-04 1.000000000000000048e-04 1.000000000000000000e+00
-4.395500000000000185e+00 1.000000000000000048e-04 1.000000000000000048e-04 1.000000000000000000e+00
-4.394750000000000156e+00 1.000000000000000048e-04 1.000000000000000048e-04 1.000000000000000000e+00
-4.394000000000000128e+00 1.000000000000000048e-04 1.000000000000000048e-04 1.000000000000000000e+00
-4.393250000000000099e+00 1.000000000000000048e-04 1.000000000000000048e-04 1.000000000000000000e+00
-4.392500000000000071e+00 1.000000000000000048e-04 1.000000000000000048e-04 1.000000000000000000e+00
-4.391750000000000043e+00 1.000000000000000048e-04 1.000000000000000048e-04 1.000000000000000000e+00
-4.391000000000000014e+00 1.000000000000000048e-04 1.000000000000000048e-04 1.000000000000000000e+00
-4.390249999999999986e+00 1.000000000000000048e-04 1.000000000000000048e-04 1.000000000000000000e+00
-4.389499999999999957e+00 1.000000000000000048e-04 1.000000000000000048e-04 1.000000000000000000e+00
-4.388749999999999929e+00 1.000000000000000048e-04 1.000000000000000048e-04 1.000000000000000000e+00
-4.387999999999999901e+00 1.000000000000000048e-04 1.000000000000000048e-04 1.000000000000000000e+00
-4.387249999999999872e+00 1.000000000000000048e-04 1.000000000000000048e-04 1.000000000000000000e+00
-4.386499999999999844e+00 1.000000000000000048e-04 1.000000000000000048e-04 1.000000000000000000e+00
-4.385749999999999815e+00 1.000000000000000048e-04 1.000000000000000048e-04 1.000000000000000000e+00
-4.384999999999999787e+00 1.000000000000000048e-04 1.000000000000000048e-04 1.000000000000000000e+00
-4.384249999999999758e+00 1.000000000000000048e-04 1.000000000000000048e-04 1.000000000000000000e+00
-4.383499999999999730e+00 1.000000000000000048e-04 1.000000000000000048e-04 1.000000000000000000e+00
-4.382749999999999702e+00 1.000000000000000048e-04 1.000000000000000048e-04 1.000000000000000000e+00
-4.381999999999999673e+00 1.000000000000000048e-04 1.000000000000000048e-04 1.000000000000000000e+00
-4.381249999999999645e+00 1.000000000000000048e-04 1.000000000000000048e-04 1.000000000000000000e+00
-4.380499999999999616e+00 1.000000000000000048e-04 1.000000000000000048e-04 1.000000000000000000e+00
-4.379749999999999588e+00 1.000000000000000048e-04 1.000000000000000048e-04 1.000000000000000000e+00
-4.378999999999999559e+00 1.000000000000000048e-04 1.000000000000000048e-04 1.000000000000000000e+00
-4.378249999999999531e+00 1.000000000000000048e-04 1.000000000000000048e-04 1.000000000000000000e+00
-4.377499999999999503e+00 1.000000000000000048e-04 1.000000000000000048e-04 1.000000000000000000e+00
-4.376750000000000362e+00 1.000000000000000048e-04 1.000000000000000048e-04 1.000000000000000000e+00
-4.376000000000000334e+00 1.000000000000000048e-04 1.000000000000000048e-04 1.000000000000000000e+00
-4.375250000000000306e+00 1.000000000000000048e-04 1.000000000000000048e-04 1.000000000000000000e+00
-4.374500000000000277e+00 1.000000000000000048e-04 1.000000000000000048e-04 1.000000000000000000e+00
-4.373750000000000249e+00 1.000000000000000048e-04 1.000000000000000048e-04 1.000000000000000000e+00
-4.373000000000000220e+00 1.000000000000000048e-04 1.000000000000000048e-04 1.000000000000000000e+00
-4.372250000000000192e+00 1.000000000000000048e-04 1.000000000000000048e-04 1.000000000000000000e+00
-4.371500000000000163e+00 1.000000000000000048e-04 1.000000000000000048e-04 1.000000000000000000e+00
-4.370750000000000135e+00 1.000000000000000048e-04 1.000000000000000048e-04 1.000000000000000000e+00
-4.370000000000000107e+00 1.000000000000000048e-04 1.000000000000000048e-04 1.000000000000000000e+00
-4.369250000000000078e+00 1.000000000000000048e-04 1.000000000000000048e-04 1.000000000000000000e+00
-4.368500000000000050e+00 1.000000000000000048e-04 1.000000000000000048e-04 1.000000000000000000e+00
-4.367750000000000021e+00 1.000000000000000048e-04 1.000000000000000048e-04 1.000000000000000000e+00
-4.366999999999999993e+00 1.000000000000000048e-04 1.000000000000000048e-04 1.000000000000000000e+00
-4.366249999999999964e+00 1.000000000000000048e-04 1.000000000000000048e-04 1.000000000000000000e+00
-4.365499999999999936e+00 1.000000000000000048e-04 1.000000000000000048e-04 1.000000000000000000e+00
-4.364749999999999908e+00 1.000000000000000048e-04 1.000000000000000048e-04 1.000000000000000000e+00
-4.363999999999999879e+00 1.000000000000000048e-04 1.000000000000000048e-04 1.000000000000000000e+00
-4.363249999999999851e+00 1.000000000000000048e-04 1.000000000000000048e-04 1.000000000000000000e+00
-4.362499999999999822e+00 1.000000000000000048e-04 1.000000000000000048e-04 1.000000000000000000e+00
-4.361749999999999794e+00 1.000000000000000048e-04 1.000000000000000048e-04 1.000000000000000000e+00
-4.360999999999999766e+00 1.000000000000000048e-04 1.000000000000000048e-04 1.000000000000000000e+00
-4.360249999999999737e+00 1.000000000000000048e-04 1.000000000000000048e-04 1.000000000000000000e+00
-4.359499999999999709e+00 1.000000000000000048e-04 1.000000000000000048e-04 1.000000000000000000e+00
-4.358749999999999680e+00 1.000000000000000048e-04 1.000000000000000048e-04 1.000000000000000000e+00
-4.357999999999999652e+00 1.000000000000000048e-04 1.000000000000000048e-04 1.000000000000000000e+00
-4.357249999999999623e+00 1.000000000000000048e-04 1.000000000000000048e-04 1.000000000000000000e+00
-4.356500000000000483e+00 1.000000000000000048e-04 1.000000000000000048e-04 1.000000000000000000e+00
-4.355750000000000455e+00 1.000000000000000048e-04 1.000000000000000048e-04 1.000000000000000000e+00
-4.355000000000000426e+00 1.000000000000000048e-04 1.000000000000000048e-04 1.000000000000000000e+00
-4.354250000000000398e+00 1.000000000000000048e-04 1.000000000000000048e-04 1.000000000000000000e+00
-4.353500000000000369e+00 1.000000000000000048e-04 1.000000000000000048e-04 1.000000000000000000e+00
-4.352750000000000341e+00 1.000000000000000048e-04 1.000000000000000048e-04 1.000000000000000000e+00
-4.352000000000000313e+00 1.000000000000000048e-04 1.000000000000000048e-04 1.000000000000000000e+00
-4.351250000000000284e+00 1.000000000000000048e-04 1.000000000000000048e-04 1.000000000000000000e+00
-4.350500000000000256e+00 1.000000000000000048e-04 1.000000000000000048e-04 1.000000000000000000e+00
-4.349750000000000227e+00 1.000000000000000048e-04 1.000000000000000048e-04 1.000000000000000000e+00
-4.349000000000000199e+00 1.000000000000000048e-04 1.000000000000000048e-04 1.000000000000000000e+00
-4.348250000000000171e+00 1.000000000000000048e-04 1.000000000000000048e-04 1.000000000000000000e+00
-4.347500000000000142e+00 1.000000000000000048e-04 1.000000000000000048e-04 1.000000000000000000e+00
-4.346750000000000114e+00 1.000000000000000048e-04 1.000000000000000048e-04 1.000000000000000000e+00
-4.346000000000000085e+00 1.000000000000000048e-04 1.000000000000000048e-04 1.000000000000000000e+00
-4.345250000000000057e+00 1.000000000000000048e-04 1.000000000000000048e-04 1.000000000000000000e+00
-4.344500000000000028e+00 1.000000000000000048e-04 1.000000000000000048e-04 1.000000000000000000e+00
-4.343750000000000000e+00 1.000000000000000048e-04 1.000000000000000048e-04 1.000000000000000000e+00
-4.342999999999999972e+00 1.000000000000000048e-04 1.000000000000000048e-04 1.000000000000000000e+00
-4.342249999999999943e+00 1.000000000000000048e-04 1.000000000000000048e-04 1.000000000000000000e+00
-4.341499999999999915e+00 1.000000000000000048e-04 1.000000000000000048e-04 1.000000000000000000e+00
-4.340749999999999886e+00 1.000000000000000048e-04 1.000000000000000048e-04 1.000000000000000000e+00
-4.339999999999999858e+00 1.000000000000000048e-04 1.000000000000000048e-04 1.000000000000000000e+00
-4.339249999999999829e+00 1.000000000000000048e-04 1.000000000000000048e-04 1.000000000000000000e+00
-4.338499999999999801e+00 1.000000000000000048e-04 1.000000000000000048e-04 1.000000000000000000e+00
-4.337749999999999773e+00 1.000000000000000048e-04 1.000000000000000048e-04 1.000000000000000000e+00
-4.336999999999999744e+00 1.000000000000000048e-04 1.000000000000000048e-04 1.000000000000000000e+00
-4.336249999999999716e+00 1.000000000000000048e-04 1.000000000000000048e-04 1.000000000000000000e+00
-4.335499999999999687e+00 1.000000000000000048e-04 1.000000000000000048e-04 1.000000000000000000e+00
-4.334749999999999659e+00 1.000000000000000048e-04 1.000000000000000048e-04 1.000000000000000000e+00
-4.333999999999999631e+00 1.000000000000000048e-04 1.000000000000000048e-04 1.000000000000000000e+00
-4.333249999999999602e+00 1.000000000000000048e-04 1.000000000000000048e-04 1.000000000000000000e+00
-4.332499999999999574e+00 1.000000000000000048e-04 1.000000000000000048e-04 1.000000000000000000e+00
-4.331749999999999545e+00 1.000000000000000048e-04 1.000000000000000048e-04 1.000000000000000000e+00
-4.330999999999999517e+00 1.000000000000000048e-04 1.000000000000000048e-04 1.000000000000000000e+00
-4.330249999999999488e+00 1.000000000000000048e-04 1.000000000000000048e-04 1.000000000000000000e+00
-4.329500000000000348e+00 1.000000000000000048e-04 1.000000000000000048e-04 1.000000000000000000e+00
-4.328750000000000320e+00 1.000000000000000048e-04 1.000000000000000048e-04 1.000000000000000000e+00
-4.328000000000000291e+00 1.000000000000000048e-04 1.000000000000000048e-04 1.000000000000000000e+00
-4.327250000000000263e+00 1.000000000000000048e-04 1.000000000000000048e-04 1.000000000000000000e+00
-4.326500000000000234e+00 1.000000000000000048e-04 1.000000000000000048e-04 1.000000000000000000e+00
-4.325750000000000206e+00 1.000000000000000048e-04 1.000000000000000048e-04 1.000000000000000000e+00
-4.325000000000000178e+00 1.000000000000000048e-04 1.000000000000000048e-04 1.000000000000000000e+00
-4.324250000000000149e+00 1.000000000000000048e-04 1.000000000000000048e-04 1.000000000000000000e+00
-4.323500000000000121e+00 1.000000000000000048e-04 1.000000000000000048e-04 1.000000000000000000e+00
-4.322750000000000092e+00 1.000000000000000048e-04 1.000000000000000048e-04 1.000000000000000000e+00
-4.322000000000000064e+00 1.000000000000000048e-04 1.000000000000000048e-04 1.000000000000000000e+00
-4.321250000000000036e+00 1.000000000000000048e-04 1.000000000000000048e-04 1.000000000000000000e+00
-4.320500000000000007e+00 1.000000000000000048e-04 1.000000000000000048e-04 1.000000000000000000e+00
-4.319749999999999979e+00 1.000000000000000048e-04 1.000000000000000048e-04 1.000000000000000000e+00
-4.318999999999999950e+00 1.000000000000000048e-04 1.000000000000000048e-04 1.000000000000000000e+00
-4.318249999999999922e+00 1.000000000000000048e-04 1.000000000000000048e-04 1.000000000000000000e+00
-4.317499999999999893e+00 1.000000000000000048e-04 1.000000000000000048e-04 1.000000000000000000e+00
-4.316749999999999865e+00 1.000000000000000048e-04 1.000000000000000048e-04 1.000000000000000000e+00
-4.315999999999999837e+00 1.000000000000000048e-04 1.000000000000000048e-04 1.000000000000000000e+00
-4.315249999999999808e+00 1.000000000000000048e-04 1.000000000000000048e-04 1.000000000000000000e+00
-4.314499999999999780e+00 1.000000000000000048e-04 1.000000000000000048e-04 1.000000000000000000e+00
-4.313749999999999751e+00 1.000000000000000048e-04 1.000000000000000048e-04 1.000000000000000000e+00
-4.312999999999999723e+00 1.000000000000000048e-04 1.000000000000000048e-04 1.000000000000000000e+00
-4.312249999999999694e+00 1.000000000000000048e-04 1.000000000000000048e-04 1.000000000000000000e+00
-4.311499999999999666e+00 1.000000000000000048e-04 1.000000000000000048e-04 1.000000000000000000e+00
-4.310749999999999638e+00 1.000000000000000048e-04 1.000000000000000048e-04 1.000000000000000000e+00
-4.309999999999999609e+00 1.000000000000000048e-04 1.000000000000000048e-04 1.000000000000000000e+00
-4.309250000000000469e+00 1.000000000000000048e-04 1.000000000000000048e-04 1.000000000000000000e+00
-4.308500000000000441e+00 1.000000000000000048e-04 1.000000000000000048e-04 1.000000000000000000e+00
-4.307750000000000412e+00 1.000000000000000048e-04 1.000000000000000048e-04 1.000000000000000000e+00
-4.307000000000000384e+00 1.000000000000000048e-04 1.000000000000000048e-04 1.000000000000000000e+00
-4.306250000000000355e+00 1.000000000000000048e-04 1.000000000000000048e-04 1.000000000000000000e+00
-4.305500000000000327e+00 1.000000000000000048e-04 1.000000000000000048e-04 1.000000000000000000e+00
-4.304750000000000298e+00 1.000000000000000048e-04 1.000000000000000048e-04 1.000000000000000000e+00
-4.304000000000000270e+00 1.000000000000000048e-04 1.000000000000000048e-04 1.000000000000000000e+00
-4.303250000000000242e+00 1.000000000000000048e-04 1.000000000000000048e-04 1.000000000000000000e+00
-4.302500000000000213e+00 1.000000000000000048e-04 1.000000000000000048e-04 1.000000000000000000e+00
-4.301750000000000185e+00 1.000000000000000048e-04 1.000000000000000048e-04 1.000000000000000000e+00
-4.301000000000000156e+00 1.000000000000000048e-04 1.000000000000000048e-04 1.000000000000000000e+00
-4.300250000000000128e+00 1.000000000000000048e-04 1.000000000000000048e-04 1.000000000000000000e+00
-4.299500000000000099e+00 1.000000000000000048e-04 1.000000000000000048e-04 1.000000000000000000e+00
-4.298750000000000071e+00 1.000000000000000048e-04 1.000000000000000048e-04 1.000000000000000000e+00
-4.298000000000000043e+00 1.000000000000000048e-04 1.000000000000000048e-04 1.000000000000000000e+00
-4.297250000000000014e+00 1.000000000000000048e-04 1.000000000000000048e-04 1.000000000000000000e+00
-4.296499999999999986e+00 1.000000000000000048e-04 1.000000000000000048e-04 1.000000000000000000e+00
-4.295749999999999957e+00 1.000000000000000048e-04 1.000000000000000048e-04 1.000000000000000000e+00
-4.294999999999999929e+00 1.000000000000000048e-04 1.000000000000000048e-04 1.000000000000000000e+00
-4.294249999999999901e+00 1.000000000000000048e-04 1.000000000000000048e-04 1.000000000000000000e+00
-4.293499999999999872e+00 1.000000000000000048e-04 1.000000000000000048e-04 1.000000000000000000e+00
-4.292749999999999844e+00 1.000000000000000048e-04 1.000000000000000048e-04 1.000000000000000000e+00
-4.291999999999999815e+00 1.000000000000000048e-04 1.000000000000000048e-04 1.000000000000000000e+00
-4.291249999999999787e+00 1.000000000000000048e-04 1.000000000000000048e-04 1.000000000000000000e+00
-4.290499999999999758e+00 1.000000000000000048e-04 1.000000000000000048e-04 1.000000000000000000e+00
-4.289749999999999730e+00 1.000000000000000048e-04 1.000000000000000048e-04 1.000000000000000000e+00
-4.288999999999999702e+00 1.000000000000000048e-04 1.000000000000000048e-04 1.000000000000000000e+00
-4.288249999999999673e+00 1.000000000000000048e-04 1.000000000000000048e-04 1.000000000000000000e+00
-4.287499999999999645e+00 1.000000000000000048e-04 1.000000000000000048e-04 1.000000000000000000e+00
-4.286749999999999616e+00 1.000000000000000048e-04 1.000000000000000048e-04 1.000000000000000000e+00
-4.285999999999999588e+00 1.000000000000000048e-04 1.000000000000000048e-04 1.000000000000000000e+00
-4.285249999999999559e+00 1.000000000000000048e-04 1.000000000000000048e-04 1.000000000000000000e+00
-4.284499999999999531e+00 1.000000000000000048e-04 1.000000000000000048e-04 1.000000000000000000e+00
-4.283749999999999503e+00 1.000000000000000048e-04 1.000000000000000048e-04 1.000000000000000000e+00
-4.283000000000000362e+00 1.000000000000000048e-04 1.000000000000000048e-04 1.000000000000000000e+00
-4.282250000000000334e+00 1.000000000000000048e-04 1.000000000000000048e-04 1.000000000000000000e+00
-4.281500000000000306e+00 1.000000000000000048e-04 1.000000000000000048e-04 1.000000000000000000e+00
-4.280750000000000277e+00 1.000000000000000048e-04 1.000000000000000048e-04 1.000000000000000000e+00
-4.280000000000000249e+00 1.000000000000000048e-04 1.000000000000000048e-04 1.000000000000000000e+00
-4.279250000000000220e+00 1.000000000000000048e-04 1.000000000000000048e-04 1.000000000000000000e+00
-4.278500000000000192e+00 1.000000000000000048e-04 1.000000000000000048e-04 1.000000000000000000e+00
-4.277750000000000163e+00 1.000000000000000048e-04 1.000000000000000048e-04 1.000000000000000000e+00
-4.277000000000000135e+00 1.000000000000000048e-04 1.000000000000000048e-04 1.000000000000000000e+00
-4.276250000000000107e+00 1.000000000000000048e-04 1.000000000000000048e-04 1.000000000000000000e+00
-4.275500000000000078e+00 1.000000000000000048e-04 1.000000000000000048e-04 1.000000000000000000e+00
-4.274750000000000050e+00 1.000000000000000048e-04 1.000000000000000048e-04 1.000000000000000000e+00
-4.274000000000000021e+00 1.000000000000000048e-04 1.000000000000000048e-04 1.000000000000000000e+00
-4.273249999999999993e+00 1.000000000000000048e-04 1.000000000000000048e-04 1.000000000000000000e+00
-4.272499999999999964e+00 1.000000000000000048e-04 1.000000000000000048e-04 1.000000000000000000e+00
-4.271749999999999936e+00 1.000000000000000048e-04 1.000000000000000048e-04 1.000000000000000000e+00
-4.270999999999999908e+00 1.000000000000000048e-04 1.000000000000000048e-04 1.000000000000000000e+00
-4.270249999999999879e+00 1.000000000000000048e-04 1.000000000000000048e-04 1.000000000000000000e+00
-4.269499999999999851e+00 1.000000000000000048e-04 1.000000000000000048e-04 1.000000000000000000e+00
-4.268749999999999822e+00 1.000000000000000048e-04 1.000000000000000048e-04 1.000000000000000000e+00
-4.267999999999999794e+00 1.000000000000000048e-04 1.000000000000000048e-04 1.000000000000000000e+00
-4.267249999999999766e+00 1.000000000000000048e-04 1.000000000000000048e-04 1.000000000000000000e+00
-4.266499999999999737e+00 1.000000000000000048e-04 1.000000000000000048e-04 1.000000000000000000e+00
-4.265749999999999709e+00 1.000000000000000048e-04 1.000000000000000048e-04 1.000000000000000000e+00
-4.264999999999999680e+00 1.000000000000000048e-04 1.000000000000000048e-04 1.000000000000000000e+00
-4.264249999999999652e+00 1.000000000000000048e-04 1.000000000000000048e-04 1.000000000000000000e+00
-4.263499999999999623e+00 1.000000000000000048e-04 1.000000000000000048e-04 1.000000000000000000e+00
-4.262750000000000483e+00 1.000000000000000048e-04 1.000000000000000048e-04 1.000000000000000000e+00
-4.262000000000000455e+00 1.000000000000000048e-04 1.000000000000000048e-04 1.000000000000000000e+00
-4.261250000000000426e+00 1.000000000000000048e-04 1.000000000000000048e-04 1.000000000000000000e+00
-4.260500000000000398e+00 1.000000000000000048e-04 1.000000000000000048e-04 1.000000000000000000e+00
-4.259750000000000369e+00 1.000000000000000048e-04 1.000000000000000048e-04 1.000000000000000000e+00
-4.259000000000000341e+00 1.000000000000000048e-04 1.000000000000000048e-04 1.000000000000000000e+00
-4.258250000000000313e+00 1.000000000000000048e-04 1.000000000000000048e-04 1.000000000000000000e+00
-4.257500000000000284e+00 1.000000000000000048e-04 1.000000000000000048e-04 1.000000000000000000e+00
-4.256750000000000256e+00 1.000000000000000048e-04 1.000000000000000048e-04 1.000000000000000000e+00
-4.256000000000000227e+00 1.000000000000000048e-04 1.000000000000000048e-04 1.000000000000000000e+00
-4.255250000000000199e+00 1.000000000000000048e-04 1.000000000000000048e-04 1.000000000000000000e+00
-4.254500000000000171e+00 1.000000000000000048e-04 1.000000000000000048e-04 1.000000000000000000e+00
-4.253750000000000142e+00 1.000000000000000048e-04 1.000000000000000048e-04 1.000000000000000000e+00
-4.253000000000000114e+00 1.000000000000000048e-04 1.000000000000000048e-04 1.000000000000000000e+00
-4.252250000000000085e+00 1.000000000000000048e-04 1.000000000000000048e-04 1.000000000000000000e+00
-4.251500000000000057e+00 1.000000000000000048e-04 1.000000000000000048e-04 1.000000000000000000e+00
-4.250750000000000028e+00 1.000000000000000048e-04 1.000000000000000048e-04 1.000000000000000000e+00
-4.250000000000000000e+00 1.000000000000000048e-04 1.000000000000000048e-04 1.000000000000000000e+00
-4.249249999999999972e+00 1.000000000000000048e-04 1.000000000000000048e-04 1.000000000000000000e+00
-4.248499999999999943e+00 1.000000000000000048e-04 1.000000000000000048e-04 1.000000000000000000e+00
-4.247749999999999915e+00 1.000000000000000048e-04 1.000000000000000048e-04 1.000000000000000000e+00
-4.246999999999999886e+00 1.000000000000000048e-04 1.000000000000000048e-04 1.000000000000000000e+00
-4.246249999999999858e+00 1.000000000000000048e-04 1.000000000000000048e-04 1.000000000000000000e+00
-4.245499999999999829e+00 1.000000000000000048e-04 1.000000000000000048e-04 1.000000000000000000e+00
-4.244749999999999801e+00 1.000000000000000048e-04 1.000000000000000048e-04 1.000000000000000000e+00
-4.243999999999999773e+00 1.000000000000000048e-04 1.000000000000000048e-04 1.000000000000000000e+00
-4.243249999999999744e+00 1.000000000000000048e-04 1.000000000000000048e-04 1.000000000000000000e+00
-4.242499999999999716e+00 1.000000000000000048e-04 1.000000000000000048e-04 1.000000000000000000e+00
-4.241749999999999687e+00 1.000000000000000048e-04 1.000000000000000048e-04 1.000000000000000000e+00
-4.240999999999999659e+00 1.000000000000000048e-04 1.000000000000000048e-04 1.000000000000000000e+00
-4.240249999999999631e+00 1.000000000000000048e-04 1.000000000000000048e-04 1.000000000000000000e+00
-4.239499999999999602e+00 1.000000000000000048e-04 1.000000000000000048e-04 1.000000000000000000e+00
-4.238749999999999574e+00 1.000000000000000048e-04 1.000000000000000048e-04 1.000000000000000000e+00
-4.237999999999999545e+00 1.000000000000000048e-04 1.000000000000000048e-04 1.000000000000000000e+00
-4.237249999999999517e+00 1.000000000000000048e-04 1.000000000000000048e-04 1.000000000000000000e+00
-4.236499999999999488e+00 1.000000000000000048e-04 1.000000000000000048e-04 1.000000000000000000e+00
-4.235750000000000348e+00 1.000000000000000048e-04 1.000000000000000048e-04 1.000000000000000000e+00
-4.235000000000000320e+00 1.000000000000000048e-04 1.000000000000000048e-04 1.000000000000000000e+00
-4.234250000000000291e+00 1.000000000000000048e-04 1.000000000000000048e-04 1.000000000000000000e+00
-4.233500000000000263e+00 1.000000000000000048e-04 1.000000000000000048e-04 1.000000000000000000e+00
-4.232750000000000234e+00 1.000000000000000048e-04 1.000000000000000048e-04 1.000000000000000000e+00
-4.232000000000000206e+00 1.000000000000000048e-04 1.000000000000000048e-04 1.000000000000000000e+00
-4.231250000000000178e+00 1.000000000000000048e-04 1.000000000000000048e-04 1.000000000000000000e+00
-4.230500000000000149e+00 1.000000000000000048e-04 1.000000000000000048e-04 1.000000000000000000e+00
-4.229750000000000121e+00 1.000000000000000048e-04 1.000000000000000048e-04 1.000000000000000000e+00
-4.229000000000000092e+00 1.000000000000000048e-04 1.000000000000000048e-04 1.000000000000000000e+00
-4.228250000000000064e+00 1.000000000000000048e-04 1.000000000000000048e-04 1.000000000000000000e+00
-4.227500000000000036e+00 1.000000000000000048e-04 1.000000000000000048e-04 1.000000000000000000e+00
-4.226750000000000007e+00 1.000000000000000048e-04 1.000000000000000048e-04 1.000000000000000000e+00
-4.225999999999999979e+00 1.000000000000000048e-04 1.000000000000000048e-04 1.000000000000000000e+00
-4.225249999999999950e+00 1.000000000000000048e-04 1.000000000000000048e-04 1.000000000000000000e+00
-4.224499999999999922e+00 1.000000000000000048e-04 1.000000000000000048e-04 1.000000000000000000e+00
-4.223749999999999893e+00 1.000000000000000048e-04 1.000000000000000048e-04 1.000000000000000000e+00
-4.222999999999999865e+00 1.000000000000000048e-04 1.000000000000000048e-04 1.000000000000000000e+00
-4.222249999999999837e+00 1.000000000000000048e-04 1.000000000000000048e-04 1.000000000000000000e+00
-4.221499999999999808e+00 1.000000000000000048e-04 1.000000000000000048e-04 1.000000000000000000e+00
-4.220749999999999780e+00 1.000000000000000048e-04 1.000000000000000048e-04 1.000000000000000000e+00
-4.219999999999999751e+00 1.000000000000000048e-04 1.000000000000000048e-04 1.000000000000000000e+00
-4.219249999999999723e+00 1.000000000000000048e-04 1.000000000000000048e-04 1.000000000000000000e+00
-4.218499999999999694e+00 1.000000000000000048e-04 1.000000000000000048e-04 1.000000000000000000e+00
-4.217749999999999666e+00 1.000000000000000048e-04 1.000000000000000048e-04 1.000000000000000000e+00
-4.216999999999999638e+00 1.000000000000000048e-04 1.000000000000000048e-04 1.000000000000000000e+00
-4.216249999999999609e+00 1.000000000000000048e-04 1.000000000000000048e-04 1.000000000000000000e+00
-4.215500000000000469e+00 1.000000000000000048e-04 1.000000000000000048e-04 1.000000000000000000e+00
-4.214750000000000441e+00 1.000000000000000048e-04 1.000000000000000048e-04 1.000000000000000000e+00
-4.214000000000000412e+00 1.000000000000000048e-04 1.000000000000000048e-04 1.000000000000000000e+00
-4.213250000000000384e+00 1.000000000000000048e-04 1.000000000000000048e-04 1.000000000000000000e+00
-4.212500000000000355e+00 1.000000000000000048e-04 1.000000000000000048e-04 1.000000000000000000e+00
-4.211750000000000327e+00 1.000000000000000048e-04 1.000000000000000048e-04 1.000000000000000000e+00
-4.211000000000000298e+00 1.000000000000000048e-04 1.000000000000000048e-04 1.000000000000000000e+00
-4.210250000000000270e+00 1.000000000000000048e-04 1.000000000000000048e-04 1.000000000000000000e+00
-4.209500000000000242e+00 1.000000000000000048e-04 1.000000000000000048e-04 1.000000000000000000e+00
-4.208750000000000213e+00 1.000000000000000048e-04 1.000000000000000048e-04 1.000000000000000000e+00
-4.208000000000000185e+00 1.000000000000000048e-04 1.000000000000000048e-04 1.000000000000000000e+00
-4.207250000000000156e+00 1.000000000000000048e-04 1.000000000000000048e-04 1.000000000000000000e+00
-4.206500000000000128e+00 1.000000000000000048e-04 1.000000000000000048e-04 1.000000000000000000e+00
-4.205750000000000099e+00 1.000000000000000048e-04 1.000000000000000048e-04 1.000000000000000000e+00
-4.205000000000000071e+00 1.000000000000000048e-04 1.000000000000000048e-04 1.000000000000000000e+00
-4.204250000000000043e+00 1.000000000000000048e-04 1.000000000000000048e-04 1.000000000000000000e+00
-4.203500000000000014e+00 1.000000000000000048e-04 1.000000000000000048e-04 1.000000000000000000e+00
-4.202749999999999986e+00 1.000000000000000048e-04 1.000000000000000048e-04 1.000000000000000000e+00
-4.201999999999999957e+00 1.000000000000000048e-04 1.000000000000000048e-04 1.000000000000000000e+00
-4.201249999999999929e+00 1.000000000000000048e-04 1.000000000000000048e-04 1.000000000000000000e+00
-4.200499999999999901e+00 1.000000000000000048e-04 1.000000000000000048e-04 1.000000000000000000e+00
-4.199749999999999872e+00 1.000000000000000048e-04 1.000000000000000048e-04 1.000000000000000000e+00
-4.198999999999999844e+00 1.000000000000000048e-04 1.000000000000000048e-04 1.000000000000000000e+00
-4.198249999999999815e+00 1.000000000000000048e-04 1.000000000000000048e-04 1.000000000000000000e+00
-4.197499999999999787e+00 1.000000000000000048e-04 1.000000000000000048e-04 1.000000000000000000e+00
-4.196749999999999758e+00 1.000000000000000048e-04 1.000000000000000048e-04 1.000000000000000000e+00
-4.195999999999999730e+00 1.000000000000000048e-04 1.000000000000000048e-04 1.000000000000000000e+00
-4.195249999999999702e+00 1.000000000000000048e-04 1.000000000000000048e-04 1.000000000000000000e+00
-4.194499999999999673e+00 1.000000000000000048e-04 1.000000000000000048e-04 1.000000000000000000e+00
-4.193749999999999645e+00 1.000000000000000048e-04 1.000000000000000048e-04 1.000000000000000000e+00
-4.192999999999999616e+00 1.000000000000000048e-04 1.000000000000000048e-04 1.000000000000000000e+00
-4.192249999999999588e+00 1.000000000000000048e-04 1.000000000000000048e-04 1.000000000000000000e+00
-4.191499999999999559e+00 1.000000000000000048e-04 1.000000000000000048e-04 1.000000000000000000e+00
-4.190749999999999531e+00 1.000000000000000048e-04 1.000000000000000048e-04 1.000000000000000000e+00
-4.189999999999999503e+00 1.000000000000000048e-04 1.000000000000000048e-04 1.000000000000000000e+00
-4.189250000000000362e+00 1.000000000000000048e-04 1.000000000000000048e-04 1.000000000000000000e+00
-4.188500000000000334e+00 1.000000000000000048e-04 1.000000000000000048e-04 1.000000000000000000e+00
-4.187750000000000306e+00 1.000000000000000048e-04 1.000000000000000048e-04 1.000000000000000000e+00
-4.187000000000000277e+00 1.000000000000000048e-04 1.000000000000000048e-04 1.000000000000000000e+00
-4.186250000000000249e+00 1.000000000000000048e-04 1.000000000000000048e-04 1.000000000000000000e+00
-4.185500000000000220e+00 1.000000000000000048e-04 1.000000000000000048e-04 1.000000000000000000e+00
-4.184750000000000192e+00 1.000000000000000048e-04 1.000000000000000048e-04 1.000000000000000000e+00
-4.184000000000000163e+00 1.000000000000000048e-04 1.000000000000000048e-04 1.000000000000000000e+00
-4.183250000000000135e+00 1.000000000000000048e-04 1.000000000000000048e-04 1.000000000000000000e+00
-4.182500000000000107e+00 1.000000000000000048e-04 1.000000000000000048e-04 1.000000000000000000e+00
-4.181750000000000078e+00 1.000000000000000048e-04 1.000000000000000048e-04 1.000000000000000000e+00
-4.181000000000000050e+00 1.000000000000000048e-04 1.000000000000000048e-04 1.000000000000000000e+00
-4.180250000000000021e+00 1.000000000000000048e-04 1.000000000000000048e-04 1.000000000000000000e+00
-4.179499999999999993e+00 1.000000000000000048e-04 1.000000000000000048e-04 1.000000000000000000e+00
-4.178749999999999964e+00 1.000000000000000048e-04 1.000000000000000048e-04 1.000000000000000000e+00
-4.177999999999999936e+00 1.000000000000000048e-04 1.000000000000000048e-04 1.000000000000000000e+00
-4.177249999999999908e+00 1.000000000000000048e-04 1.000000000000000048e-04 1.000000000000000000e+00
-4.176499999999999879e+00 1.000000000000000048e-04 1.000000000000000048e-04 1.000000000000000000e+00
-4.175749999999999851e+00 1.000000000000000048e-04 1.000000000000000048e-04 1.000000000000000000e+00
-4.174999999999999822e+00 1.000000000000000048e-04 1.000000000000000048e-04 1.000000000000000000e+00
-4.174249999999999794e+00 1.000000000000000048e-04 1.000000000000000048e-04 1.000000000000000000e+00
-4.173499999999999766e+00 1.000000000000000048e-04 1.000000000000000048e-04 1.000000000000000000e+00
-4.172749999999999737e+00 1.000000000000000048e-04 1.000000000000000048e-04 1.000000000000000000e+00
-4.171999999999999709e+00 1.000000000000000048e-04 1.000000000000000048e-04 1.000000000000000000e+00
-4.171249999999999680e+00 1.000000000000000048e-04 1.000000000000000048e-04 1.000000000000000000e+00
-4.170499999999999652e+00 1.000000000000000048e-04 1.000000000000000048e-04 1.000000000000000000e+00
-4.169749999999999623e+00 1.000000000000000048e-04 1.000000000000000048e-04 1.000000000000000000e+00
-4.168999999999999595e+00 1.000000000000000048e-04 1.000000000000000048e-04 1.000000000000000000e+00
-4.168250000000000455e+00 1.000000000000000048e-04 1.000000000000000048e-04 1.000000000000000000e+00
-4.167500000000000426e+00 1.000000000000000048e-04 1.000000000000000048e-04 1.000000000000000000e+00
-4.166750000000000398e+00 1.000000000000000048e-04 1.000000000000000048e-04 1.000000000000000000e+00
-4.166000000000000369e+00 1.000000000000000048e-04 1.000000000000000048e-04 1.000000000000000000e+00
-4.165250000000000341e+00 1.000000000000000048e-04 1.000000000000000048e-04 1.000000000000000000e+00
-4.164500000000000313e+00 1.000000000000000048e-04 1.000000000000000048e-04 1.000000000000000000e+00
-4.163750000000000284e+00 1.000000000000000048e-04 1.000000000000000048e-04 1.000000000000000000e+00
-4.163000000000000256e+00 1.000000000000000048e-04 1.000000000000000048e-04 1.000000000000000000e+00
-4.162250000000000227e+00 1.000000000000000048e-04 1.000000000000000048e-04 1.000000000000000000e+00
-4.161500000000000199e+00 1.000000000000000048e-04 1.000000000000000048e-04 1.000000000000000000e+00
-4.160750000000000171e+00 1.000000000000000048e-04 1.000000000000000048e-04 1.000000000000000000e+00
-4.160000000000000142e+00 1.000000000000000048e-04 1.000000000000000048e-04 1.000000000000000000e+00
-4.159250000000000114e+00 1.000000000000000048e-04 1.000000000000000048e-04 1.000000000000000000e+00
-4.158500000000000085e+00 1.000000000000000048e-04 1.000000000000000048e-04 1.000000000000000000e+00
-4.157750000000000057e+00 1.000000000000000048e-04 1.000000000000000048e-04 1.000000000000000000e+00
-4.157000000000000028e+00 1.000000000000000048e-04 1.000000000000000048e-04 1.000000000000000000e+00
-4.156250000000000000e+00 1.000000000000000048e-04 1.000000000000000048e-04 1.000000000000000000e+00
-4.155499999999999972e+00 1.000000000000000048e-04 1.000000000000000048e-04 1.000000000000000000e+00
-4.154749999999999943e+00 1.000000000000000048e-04 1.000000000000000048e-04 1.000000000000000000e+00
-4.153999999999999915e+00 1.000000000000000048e-04 1.000000000000000048e-04 1.000000000000000000e+00
-4.153249999999999886e+00 1.000000000000000048e-04 1.000000000000000048e-04 1.000000000000000000e+00
-4.152499999999999858e+00 1.000000000000000048e-04 1.000000000000000048e-04 1.000000000000000000e+00
-4.151749999999999829e+00 1.000000000000000048e-04 1.000000000000000048e-04 1.000000000000000000e+00
-4.150999999999999801e+00 1.000000000000000048e-04 1.000000000000000048e-04 1.000000000000000000e+00
-4.150249999999999773e+00 1.000000000000000048e-04 1.000000000000000048e-04 1.000000000000000000e+00
-4.149499999999999744e+00 1.000000000000000048e-04 1.000000000000000048e-04 1.000000000000000000e+00
-4.148749999999999716e+00 1.000000000000000048e-04 1.000000000000000048e-04 1.000000000000000000e+00
-4.147999999999999687e+00 1.000000000000000048e-04 1.000000000000000048e-04 1.000000000000000000e+00
-4.147249999999999659e+00 1.000000000000000048e-04 1.000000000000000048e-04 1.000000000000000000e+00
-4.146499999999999631e+00 1.000000000000000048e-04 1.000000000000000048e-04 1.000000000000000000e+00
-4.145749999999999602e+00 1.000000000000000048e-04 1.000000000000000048e-04 1.000000000000000000e+00
-4.144999999999999574e+00 1.000000000000000048e-04 1.000000000000000048e-04 1.000000000000000000e+00
-4.144249999999999545e+00 1.000000000000000048e-04 1.000000000000000048e-04 1.000000000000000000e+00
-4.143499999999999517e+00 1.000000000000000048e-04 1.000000000000000048e-04 1.000000000000000000e+00
-4.142749999999999488e+00 1.000000000000000048e-04 1.000000000000000048e-04 1.000000000000000000e+00
-4.142000000000000348e+00 1.000000000000000048e-04 1.000000000000000048e-04 1.000000000000000000e+00
-4.141250000000000320e+00 1.000000000000000048e-04 1.000000000000000048e-04 1.000000000000000000e+00
-4.140500000000000291e+00 1.000000000000000048e-04 1.000000000000000048e-04 1.000000000000000000e+00
-4.139750000000000263e+00 1.000000000000000048e-04 1.000000000000000048e-04 1.000000000000000000e+00
-4.139000000000000234e+00 1.000000000000000048e-04 1.000000000000000048e-04 1.000000000000000000e+00
-4.138250000000000206e+00 1.000000000000000048e-04 1.000000000000000048e-04 1.000000000000000000e+00
-4.137500000000000178e+00 1.000000000000000048e-04 1.000000000000000048e-04 1.000000000000000000e+00
-4.136750000000000149e+00 1.000000000000000048e-04 1.000000000000000048e-04 1.000000000000000000e+00
-4.136000000000000121e+00 1.000000000000000048e-04 1.000000000000000048e-04 1.000000000000000000e+00
-4.135250000000000092e+00 1.000000000000000048e-04 1.000000000000000048e-04 1.000000000000000000e+00
-4.134500000000000064e+00 1.000000000000000048e-04 1.000000000000000048e-04 1.000000000000000000e+00
-4.133750000000000036e+00 1.000000000000000048e-04 1.000000000000000048e-04 1.000000000000000000e+00
-4.133000000000000007e+00 1.000000000000000048e-04 1.000000000000000048e-04 1.000000000000000000e+00
-4.132249999999999979e+00 1.000000000000000048e-04 1.000000000000000048e-04 1.000000000000000000e+00
-4.131499999999999950e+00 1.000000000000000048e-04 1.000000000000000048e-04 1.000000000000000000e+00
-4.130749999999999922e+00 1.000000000000000048e-04 1.000000000000000048e-04 1.000000000000000000e+00
-4.129999999999999893e+00 1.000000000000000048e-04 1.000000000000000048e-04 1.000000000000000000e+00
-4.129249999999999865e+00 1.000000000000000048e-04 1.000000000000000048e-04 1.000000000000000000e+00
-4.128499999999999837e+00 1.000000000000000048e-04 1.000000000000000048e-04 1.000000000000000000e+00
-4.127749999999999808e+00 1.000000000000000048e-04 1.000000000000000048e-04 1.000000000000000000e+00
-4.126999999999999780e+00 1.000000000000000048e-04 1.000000000000000048e-04 1.000000000000000000e+00
-4.126249999999999751e+00 1.000000000000000048e-04 1.000000000000000048e-04 1.000000000000000000e+00
-4.125499999999999723e+00 1.000000000000000048e-04 1.000000000000000048e-04 1.000000000000000000e+00
-4.124749999999999694e+00 1.000000000000000048e-04 1.000000000000000048e-04 1.000000000000000000e+00
-4.123999999999999666e+00 1.000000000000000048e-04 1.000000000000000048e-04 1.000000000000000000e+00
-4.123249999999999638e+00 1.000000000000000048e-04 1.000000000000000048e-04 1.000000000000000000e+00
-4.122499999999999609e+00 1.000000000000000048e-04 1.000000000000000048e-04 1.000000000000000000e+00
-4.121750000000000469e+00 1.000000000000000048e-04 1.000000000000000048e-04 1.000000000000000000e+00
-4.121000000000000441e+00 1.000000000000000048e-04 1.000000000000000048e-04 1.000000000000000000e+00
-4.120250000000000412e+00 1.000000000000000048e-04 1.000000000000000048e-04 1.000000000000000000e+00
-4.119500000000000384e+00 1.000000000000000048e-04 1.000000000000000048e-04 1.000000000000000000e+00
-4.118750000000000355e+00 1.000000000000000048e-04 1.000000000000000048e-04 1.000000000000000000e+00
-4.118000000000000327e+00 1.000000000000000048e-04 1.000000000000000048e-04 1.000000000000000000e+00
-4.117250000000000298e+00 1.000000000000000048e-04 1.000000000000000048e-04 1.000000000000000000e+00
-4.116500000000000270e+00 1.000000000000000048e-04 1.000000000000000048e-04 1.000000000000000000e+00
-4.115750000000000242e+00 1.000000000000000048e-04 1.000000000000000048e-04 1.000000000000000000e+00
-4.115000000000000213e+00 1.000000000000000048e-04 1.000000000000000048e-04 1.000000000000000000e+00
-4.114250000000000185e+00 1.000000000000000048e-04 1.000000000000000048e-04 1.000000000000000000e+00
-4.113500000000000156e+00 1.000000000000000048e-04 1.000000000000000048e-04 1.000000000000000000e+00
-4.112750000000000128e+00 1.000000000000000048e-04 1.000000000000000048e-04 1.000000000000000000e+00
-4.112000000000000099e+00 1.000000000000000048e-04 1.000000000000000048e-04 1.000000000000000000e+00
-4.111250000000000071e+00 1.000000000000000048e-04 1.000000000000000048e-04 1.000000000000000000e+00
-4.110500000000000043e+00 1.000000000000000048e-04 1.000000000000000048e-04 1.000000000000000000e+00
-4.109750000000000014e+00 1.000000000000000048e-04 1.000000000000000048e-04 1.000000000000000000e+00
-4.108999999999999986e+00 1.000000000000000048e-04 1.000000000000000048e-04 1.000000000000000000e+00
-4.108249999999999957e+00 1.000000000000000048e-04 1.000000000000000048e-04 1.000000000000000000e+00
-4.107499999999999929e+00 1.000000000000000048e-04 1.000000000000000048e-04 1.000000000000000000e+00
-4.106749999999999901e+00 1.000000000000000048e-04 1.000000000000000048e-04 1.000000000000000000e+00
-4.105999999999999872e+00 1.000000000000000048e-04 1.000000000000000048e-04 1.000000000000000000e+00
-4.105249999999999844e+00 1.000000000000000048e-04 1.000000000000000048e-04 1.000000000000000000e+00
-4.104499999999999815e+00 1.000000000000000048e-04 1.000000000000000048e-04 1.000000000000000000e+00
-4.103749999999999787e+00 1.000000000000000048e-04 1.000000000000000048e-04 1.000000000000000000e+00
-4.102999999999999758e+00 1.000000000000000048e-04 1.000000000000000048e-04 1.000000000000000000e+00
-4.102249999999999730e+00 1.000000000000000048e-04 1.000000000000000048e-04 1.000000000000000000e+00
-4.101499999999999702e+00 1.000000000000000048e-04 1.000000000000000048e-04 1.000000000000000000e+00
-4.100749999999999673e+00 1.000000000000000048e-04 1.000000000000000048e-04 1.000000000000000000e+00
-4.099999999999999645e+00 1.000000000000000048e-04 1.000000000000000048e-04 1.000000000000000000e+00
-4.099249999999999616e+00 1.000000000000000048e-04 1.000000000000000048e-04 1.000000000000000000e+00
-4.098499999999999588e+00 1.000000000000000048e-04 1.000000000000000048e-04 1.000000000000000000e+00
-4.097749999999999559e+00 1.000000000000000048e-04 1.000000000000000048e-04 1.000000000000000000e+00
-4.096999999999999531e+00 1.000000000000000048e-04 1.000000000000000048e-04 1.000000000000000000e+00
-4.096249999999999503e+00 1.000000000000000048e-04 1.000000000000000048e-04 1.000000000000000000e+00
-4.095500000000000362e+00 1.000000000000000048e-04 1.000000000000000048e-04 1.000000000000000000e+00
-4.094750000000000334e+00 1.000000000000000048e-04 1.000000000000000048e-04 1.000000000000000000e+00
-4.094000000000000306e+00 1.000000000000000048e-04 1.000000000000000048e-04 1.000000000000000000e+00
-4.093250000000000277e+00 1.000000000000000048e-04 1.000000000000000048e-04 1.000000000000000000e+00
-4.092500000000000249e+00 1.000000000000000048e-04 1.000000000000000048e-04 1.000000000000000000e+00
-4.091750000000000220e+00 1.000000000000000048e-04 1.000000000000000048e-04 1.000000000000000000e+00
-4.091000000000000192e+00 1.000000000000000048e-04 1.000000000000000048e-04 1.000000000000000000e+00
-4.090250000000000163e+00 1.000000000000000048e-04 1.000000000000000048e-04 1.000000000000000000e+00
-4.089500000000000135e+00 1.000000000000000048e-04 1.000000000000000048e-04 1.000000000000000000e+00
-4.088750000000000107e+00 1.000000000000000048e-04 1.000000000000000048e-04 1.000000000000000000e+00
-4.088000000000000078e+00 1.000000000000000048e-04 1.000000000000000048e-04 1.000000000000000000e+00
-4.087250000000000050e+00 1.000000000000000048e-04 1.000000000000000048e-04 1.000000000000000000e+00
-4.086500000000000021e+00 1.000000000000000048e-04 1.000000000000000048e-04 1.000000000000000000e+00
-4.085749999999999993e+00 1.000000000000000048e-04 1.000000000000000048e-04 1.000000000000000000e+00
-4.084999999999999964e+00 1.000000000000000048e-04 1.000000000000000048e-04 1.000000000000000000e+00
-4.084249999999999936e+00 1.000000000000000048e-04 1.000000000000000048e-04 1.000000000000000000e+00
-4.083499999999999908e+00 1.000000000000000048e-04 1.000000000000000048e-04 1.000000000000000000e+00
-4.082749999999999879e+00 1.000000000000000048e-04 1.000000000000000048e-04 1.000000000000000000e+00
-4.081999999999999851e+00 1.000000000000000048e-04 1.000000000000000048e-04 1.000000000000000000e+00
-4.081249999999999822e+00 1.000000000000000048e-04 1.000000000000000048e-04 1.000000000000000000e+00
-4.080499999999999794e+00 1.000000000000000048e-04 1.000000000000000048e-04 1.000000000000000000e+00
-4.079749999999999766e+00 1.000000000000000048e-04 1.000000000000000048e-04 1.000000000000000000e+00
-4.078999999999999737e+00 1.000000000000000048e-04 1.000000000000000048e-04 1.000000000000000000e+00
-4.078249999999999709e+00 1.000000000000000048e-04 1.000000000000000048e-04 1.000000000000000000e+00
-4.077499999999999680e+00 1.000000000000000048e-04 1.000000000000000048e-04 1.000000000000000000e+00
-4.076749999999999652e+00 1.000000000000000048e-04 1.000000000000000048e-04 1.000000000000000000e+00
-4.075999999999999623e+00 1.000000000000000048e-04 1.000000000000000048e-04 1.000000000000000000e+00
-4.075249999999999595e+00 1.000000000000000048e-04 1.000000000000000048e-04 1.000000000000000000e+00
-4.074500000000000455e+00 1.000000000000000048e-04 1.000000000000000048e-04 1.000000000000000000e+00
-4.073750000000000426e+00 1.000000000000000048e-04 1.000000000000000048e-04 1.000000000000000000e+00
-4.073000000000000398e+00 1.000000000000000048e-04 1.000000000000000048e-04 1.000000000000000000e+00
-4.072250000000000369e+00 1.000000000000000048e-04 1.000000000000000048e-04 1.000000000000000000e+00
-4.071500000000000341e+00 1.000000000000000048e-04 1.000000000000000048e-04 1.000000000000000000e+00
-4.070750000000000313e+00 1.000000000000000048e-04 1.000000000000000048e-04 1.000000000000000000e+00
-4.070000000000000284e+00 1.000000000000000048e-04 1.000000000000000048e-04 1.000000000000000000e+00
-4.069250000000000256e+00 1.000000000000000048e-04 1.000000000000000048e-04 1.000000000000000000e+00
-4.068500000000000227e+00 1.000000000000000048e-04 1.000000000000000048e-04 1.000000000000000000e+00
-4.067750000000000199e+00 1.000000000000000048e-04 1.000000000000000048e-04 1.000000000000000000e+00
-4.067000000000000171e+00 1.000000000000000048e-04 1.000000000000000048e-04 1.000000000000000000e+00
-4.066250000000000142e+00 1.000000000000000048e-04 1.000000000000000048e-04 1.000000000000000000e+00
-4.065500000000000114e+00 1.000000000000000048e-04 1.000000000000000048e-04 1.000000000000000000e+00
-4.064750000000000085e+00 1.000000000000000048e-04 1.000000000000000048e-04 1.000000000000000000e+00
-4.064000000000000057e+00 1.000000000000000048e-04 1.000000000000000048e-04 1.000000000000000000e+00
-4.063250000000000028e+00 1.000000000000000048e-04 1.000000000000000048e-04 1.000000000000000000e+00
-4.062500000000000000e+00 1.000000000000000048e-04 1.000000000000000048e-04 1.000000000000000000e+00
-4.061749999999999972e+00 1.000000000000000048e-04 1.000000000000000048e-04 1.000000000000000000e+00
-4.060999999999999943e+00 1.000000000000000048e-04 1.000000000000000048e-04 1.000000000000000000e+00
-4.060249999999999915e+00 1.000000000000000048e-04 1.000000000000000048e-04 1.000000000000000000e+00
-4.059499999999999886e+00 1.000000000000000048e-04 1.000000000000000048e-04 1.000000000000000000e+00
-4.058749999999999858e+00 1.000000000000000048e-04 1.000000000000000048e-04 1.000000000000000000e+00
-4.057999999999999829e+00 1.000000000000000048e-04 1.000000000000000048e-04 1.000000000000000000e+00
-4.057249999999999801e+00 1.000000000000000048e-04 1.000000000000000048e-04 1.000000000000000000e+00
-4.056499999999999773e+00 1.000000000000000048e-04 1.000000000000000048e-04 1.000000000000000000e+00
-4.055749999999999744e+00 1.000000000000000048e-04 1.000000000000000048e-04 1.000000000000000000e+00
-4.054999999999999716e+00 1.000000000000000048e-04 1.000000000000000048e-04 1.000000000000000000e+00
-4.054249999999999687e+00 1.000000000000000048e-04 1.000000000000000048e-04 1.000000000000000000e+00
-4.053499999999999659e+00 1.000000000000000048e-04 1.000000000000000048e-04 1.000000000000000000e+00
-4.052749999999999631e+00 1.000000000000000048e-04 1.000000000000000048e-04 1.000000000000000000e+00
-4.051999999999999602e+00 1.000000000000000048e-04 1.000000000000000048e-04 1.000000000000000000e+00
-4.051249999999999574e+00 1.000000000000000048e-04 1.000000000000000048e-04 1.000000000000000000e+00
-4.050499999999999545e+00 1.000000000000000048e-04 1.000000000000000048e-04 1.000000000000000000e+00
-4.049749999999999517e+00 1.000000000000000048e-04 1.000000000000000048e-04 1.000000000000000000e+00
-4.048999999999999488e+00 1.000000000000000048e-04 1.000000000000000048e-04 1.000000000000000000e+00
-4.048250000000000348e+00 1.000000000000000048e-04 1.000000000000000048e-04 1.000000000000000000e+00
-4.047500000000000320e+00 1.000000000000000048e-04 1.000000000000000048e-04 1.000000000000000000e+00
-4.046750000000000291e+00 1.000000000000000048e-04 1.000000000000000048e-04 1.000000000000000000e+00
-4.046000000000000263e+00 1.000000000000000048e-04 1.000000000000000048e-04 1.000000000000000000e+00
-4.045250000000000234e+00 1.000000000000000048e-04 1.000000000000000048e-04 1.000000000000000000e+00
-4.044500000000000206e+00 1.000000000000000048e-04 1.000000000000000048e-04 1.000000000000000000e+00
-4.043750000000000178e+00 1.000000000000000048e-04 1.000000000000000048e-04 1.000000000000000000e+00
-4.043000000000000149e+00 1.000000000000000048e-04 1.000000000000000048e-04 1.000000000000000000e+00
-4.042250000000000121e+00 1.000000000000000048e-04 1.000000000000000048e-04 1.000000000000000000e+00
-4.041500000000000092e+00 1.000000000000000048e-04 1.000000000000000048e-04 1.000000000000000000e+00
-4.040750000000000064e+00 1.000000000000000048e-04 1.000000000000000048e-04 1.000000000000000000e+00
-4.040000000000000036e+00 1.000000000000000048e-04 1.000000000000000048e-04 1.000000000000000000e+00
-4.039250000000000007e+00 1.000000000000000048e-04 1.000000000000000048e-04 1.000000000000000000e+00
-4.038499999999999979e+00 1.000000000000000048e-04 1.000000000000000048e-04 1.000000000000000000e+00
-4.037749999999999950e+00 1.000000000000000048e-04 1.000000000000000048e-04 1.000000000000000000e+00
-4.036999999999999922e+00 1.000000000000000048e-04 1.000000000000000048e-04 1.000000000000000000e+00
-4.036249999999999893e+00 1.000000000000000048e-04 1.000000000000000048e-04 1.000000000000000000e+00
-4.035499999999999865e+00 1.000000000000000048e-04 1.000000000000000048e-04 1.000000000000000000e+00
-4.034749999999999837e+00 1.000000000000000048e-04 1.000000000000000048e-04 1.000000000000000000e+00
-4.033999999999999808e+00 1.000000000000000048e-04 1.000000000000000048e-04 1.000000000000000000e+00
-4.033249999999999780e+00 1.000000000000000048e-04 1.000000000000000048e-04 1.000000000000000000e+00
-4.032499999999999751e+00 1.000000000000000048e-04 1.000000000000000048e-04 1.000000000000000000e+00
-4.031749999999999723e+00 1.000000000000000048e-04 1.000000000000000048e-04 1.000000000000000000e+00
-4.030999999999999694e+00 1.000000000000000048e-04 1.000000000000000048e-04 1.000000000000000000e+00
-4.030249999999999666e+00 1.000000000000000048e-04 1.000000000000000048e-04 1.000000000000000000e+00
-4.029499999999999638e+00 1.000000000000000048e-04 1.000000000000000048e-04 1.000000000000000000e+00
-4.028749999999999609e+00 1.000000000000000048e-04 1.000000000000000048e-04 1.000000000000000000e+00
-4.028000000000000469e+00 1.000000000000000048e-04 1.000000000000000048e-04 1.000000000000000000e+00
-4.027250000000000441e+00 1.000000000000000048e-04 1.000000000000000048e-04 1.000000000000000000e+00
-4.026500000000000412e+00 1.000000000000000048e-04 1.000000000000000048e-04 1.000000000000000000e+00
-4.025750000000000384e+00 1.000000000000000048e-04 1.000000000000000048e-04 1.000000000000000000e+00
-4.025000000000000355e+00 1.000000000000000048e-04 1.000000000000000048e-04 1.000000000000000000e+00
-4.024250000000000327e+00 1.000000000000000048e-04 1.000000000000000048e-04 1.000000000000000000e+00
-4.023500000000000298e+00 1.000000000000000048e-04 1.000000000000000048e-04 1.000000000000000000e+00
-4.022750000000000270e+00 1.000000000000000048e-04 1.000000000000000048e-04 1.000000000000000000e+00
-4.022000000000000242e+00 1.000000000000000048e-04 1.000000000000000048e-04 1.000000000000000000e+00
-4.021250000000000213e+00 1.000000000000000048e-04 1.000000000000000048e-04 1.000000000000000000e+00
-4.020500000000000185e+00 1.000000000000000048e-04 1.000000000000000048e-04 1.000000000000000000e+00
-4.019750000000000156e+00 1.000000000000000048e-04 1.000000000000000048e-04 1.000000000000000000e+00
-4.019000000000000128e+00 1.000000000000000048e-04 1.000000000000000048e-04 1.000000000000000000e+00
-4.018250000000000099e+00 1.000000000000000048e-04 1.000000000000000048e-04 1.000000000000000000e+00
-4.017500000000000071e+00 1.000000000000000048e-04 1.000000000000000048e-04 1.000000000000000000e+00
-4.016750000000000043e+00 1.000000000000000048e-04 1.000000000000000048e-04 1.000000000000000000e+00
-4.016000000000000014e+00 1.000000000000000048e-04 1.000000000000000048e-04 1.000000000000000000e+00
-4.015249999999999986e+00 1.000000000000000048e-04 1.000000000000000048e-04 1.000000000000000000e+00
-4.014499999999999957e+00 1.000000000000000048e-04 1.000000000000000048e-04 1.000000000000000000e+00
-4.013749999999999929e+00 1.000000000000000048e-04 1.000000000000000048e-04 1.000000000000000000e+00
-4.012999999999999901e+00 1.000000000000000048e-04 1.000000000000000048e-04 1.000000000000000000e+00
-4.012249999999999872e+00 1.000000000000000048e-04 1.000000000000000048e-04 1.000000000000000000e+00
-4.011499999999999844e+00 1.000000000000000048e-04 1.000000000000000048e-04 1.000000000000000000e+00
-4.010749999999999815e+00 1.000000000000000048e-04 1.000000000000000048e-04 1.000000000000000000e+00
-4.009999999999999787e+00 1.000000000000000048e-04 1.000000000000000048e-04 1.000000000000000000e+00
-4.009249999999999758e+00 1.000000000000000048e-04 1.000000000000000048e-04 1.000000000000000000e+00
-4.008499999999999730e+00 1.000000000000000048e-04 1.000000000000000048e-04 1.000000000000000000e+00
-4.007749999999999702e+00 1.000000000000000048e-04 1.000000000000000048e-04 1.000000000000000000e+00
-4.006999999999999673e+00 1.000000000000000048e-04 1.000000000000000048e-04 1.000000000000000000e+00
-4.006249999999999645e+00 1.000000000000000048e-04 1.000000000000000048e-04 1.000000000000000000e+00
-4.005499999999999616e+00 1.000000000000000048e-04 1.000000000000000048e-04 1.000000000000000000e+00
-4.004749999999999588e+00 1.000000000000000048e-04 1.000000000000000048e-04 1.000000000000000000e+00
-4.003999999999999559e+00 1.000000000000000048e-04 1.000000000000000048e-04 1.000000000000000000e+00
-4.003249999999999531e+00 1.000000000000000048e-04 1.000000000000000048e-04 1.000000000000000000e+00
-4.002499999999999503e+00 1.000000000000000048e-04 1.000000000000000048e-04 1.000000000000000000e+00
-4.001750000000000362e+00 1.000000000000000048e-04 1.000000000000000048e-04 1.000000000000000000e+00
-4.001000000000000334e+00 1.000000000000000048e-04 1.000000000000000048e-04 1.000000000000000000e+00
-4.000250000000000306e+00 1.000000000000000048e-04 1.000000000000000048e-04 1.000000000000000000e+00
-3.999500000000000277e+00 1.000000000000000048e-04 1.000000000000000048e-04 1.000000000000000000e+00
-3.998750000000000249e+00 1.000000000000000048e-04 1.000000000000000048e-04 1.000000000000000000e+00
-3.998000000000000220e+00 1.000000000000000048e-04 1.000000000000000048e-04 1.000000000000000000e+00
-3.997250000000000192e+00 1.000000000000000048e-04 1.000000000000000048e-04 1.000000000000000000e+00
-3.996500000000000163e+00 1.000000000000000048e-04 1.000000000000000048e-04 1.000000000000000000e+00
-3.995750000000000135e+00 1.000000000000000048e-04 1.000000000000000048e-04 1.000000000000000000e+00
-3.995000000000000107e+00 1.000000000000000048e-04 1.000000000000000048e-04 1.000000000000000000e+00
-3.994250000000000078e+00 1.000000000000000048e-04 1.000000000000000048e-04 1.000000000000000000e+00
-3.993500000000000050e+00 1.000000000000000048e-04 1.000000000000000048e-04 1.000000000000000000e+00
-3.992750000000000021e+00 1.000000000000000048e-04 1.000000000000000048e-04 1.000000000000000000e+00
-3.991999999999999993e+00 1.000000000000000048e-04 1.000000000000000048e-04 1.000000000000000000e+00
-3.991249999999999964e+00 1.000000000000000048e-04 1.000000000000000048e-04 1.000000000000000000e+00
-3.990499999999999936e+00 1.000000000000000048e-04 1.000000000000000048e-04 1.000000000000000000e+00
-3.989749999999999908e+00 1.000000000000000048e-04 1.000000000000000048e-04 1.000000000000000000e+00
-3.988999999999999879e+00 1.000000000000000048e-04 1.000000000000000048e-04 1.000000000000000000e+00
-3.988249999999999851e+00 1.000000000000000048e-04 1.000000000000000048e-04 1.000000000000000000e+00
-3.987499999999999822e+00 1.000000000000000048e-04 1.000000000000000048e-04 1.000000000000000000e+00
-3.986749999999999794e+00 1.000000000000000048e-04 1.000000000000000048e-04 1.000000000000000000e+00
-3.985999999999999766e+00 1.000000000000000048e-04 1.000000000000000048e-04 1.000000000000000000e+00
-3.985249999999999737e+00 1.000000000000000048e-04 1.000000000000000048e-04 1.000000000000000000e+00
-3.984499999999999709e+00 1.000000000000000048e-04 1.000000000000000048e-04 1.000000000000000000e+00
-3.983749999999999680e+00 1.000000000000000048e-04 1.000000000000000048e-04 1.000000000000000000e+00
-3.982999999999999652e+00 1.000000000000000048e-04 1.000000000000000048e-04 1.000000000000000000e+00
-3.982250000000000068e+00 1.000000000000000048e-04 1.000000000000000048e-04 1.000000000000000000e+00
-3.981500000000000039e+00 1.000000000000000048e-04 1.000000000000000048e-04 1.000000000000000000e+00
-3.980750000000000011e+00 1.000000000000000048e-04 1.000000000000000048e-04 1.000000000000000000e+00
-3.979999999999999982e+00 1.000000000000000048e-04 1.000000000000000048e-04 1.000000000000000000e+00
-3.979249999999999954e+00 1.000000000000000048e-04 1.000000000000000048e-04 1.000000000000000000e+00
-3.978499999999999925e+00 1.000000000000000048e-04 1.000000000000000048e-04 1.000000000000000000e+00
-3.977749999999999897e+00 1.000000000000000048e-04 1.000000000000000048e-04 1.000000000000000000e+00
-3.976999999999999869e+00 1.000000000000000048e-04 1.000000000000000048e-04 1.000000000000000000e+00
-3.976250000000000284e+00 1.000000000000000048e-04 1.000000000000000048e-04 1.000000000000000000e+00
-3.975500000000000256e+00 1.000000000000000048e-04 1.000000000000000048e-04 1.000000000000000000e+00
-3.974750000000000227e+00 1.000000000000000048e-04 1.000000000000000048e-04 1.000000000000000000e+00
-3.974000000000000199e+00 1.000000000000000048e-04 1.000000000000000048e-04 1.000000000000000000e+00
-3.973250000000000171e+00 1.000000000000000048e-04 1.000000000000000048e-04 1.000000000000000000e+00
-3.972500000000000142e+00 1.000000000000000048e-04 1.000000000000000048e-04 1.000000000000000000e+00
-3.971750000000000114e+00 1.000000000000000048e-04 1.000000000000000048e-04 1.000000000000000000e+00
-3.971000000000000085e+00 1.000000000000000048e-04 1.000000000000000048e-04 1.000000000000000000e+00
-3.970250000000000057e+00 1.000000000000000048e-04 1.000000000000000048e-04 1.000000000000000000e+00
-3.969500000000000028e+00 1.000000000000000048e-04 1.000000000000000048e-04 1.000000000000000000e+00
-3.968750000000000000e+00 1.000000000000000048e-04 1.000000000000000048e-04 1.000000000000000000e+00
-3.967999999999999972e+00 1.000000000000000048e-04 1.000000000000000048e-04 1.000000000000000000e+00
-3.967249999999999943e+00 1.000000000000000048e-04 1.000000000000000048e-04 1.000000000000000000e+00
-3.966499999999999915e+00 1.000000000000000048e-04 1.000000000000000048e-04 1.000000000000000000e+00
-3.965749999999999886e+00 1.000000000000000048e-04 1.000000000000000048e-04 1.000000000000000000e+00
-3.964999999999999858e+00 1.000000000000000048e-04 1.000000000000000048e-04 1.000000000000000000e+00
-3.964249999999999829e+00 1.000000000000000048e-04 1.000000000000000048e-04 1.000000000000000000e+00
-3.963499999999999801e+00 1.000000000000000048e-04 1.000000000000000048e-04 1.000000000000000000e+00
-3.962749999999999773e+00 1.000000000000000048e-04 1.000000000000000048e-04 1.000000000000000000e+00
-3.961999999999999744e+00 1.000000000000000048e-04 1.000000000000000048e-04 1.000000000000000000e+00
-3.961249999999999716e+00 1.000000000000000048e-04 1.000000000000000048e-04 1.000000000000000000e+00
-3.960499999999999687e+00 1.000000000000000048e-04 1.000000000000000048e-04 1.000000000000000000e+00
-3.959749999999999659e+00 1.000000000000000048e-04 1.000000000000000048e-04 1.000000000000000000e+00
-3.959000000000000075e+00 1.000000000000000048e-04 1.000000000000000048e-04 1.000000000000000000e+00
-3.958250000000000046e+00 1.000000000000000048e-04 1.000000000000000048e-04 1.000000000000000000e+00
-3.957500000000000018e+00 1.000000000000000048e-04 1.000000000000000048e-04 1.000000000000000000e+00
-3.956749999999999989e+00 1.000000000000000048e-04 1.000000000000000048e-04 1.000000000000000000e+00
-3.955999999999999961e+00 1.000000000000000048e-04 1.000000000000000048e-04 1.000000000000000000e+00
-3.955249999999999932e+00 1.000000000000000048e-04 1.000000000000000048e-04 1.000000000000000000e+00
-3.954499999999999904e+00 1.000000000000000048e-04 1.000000000000000048e-04 1.000000000000000000e+00
-3.953749999999999876e+00 1.000000000000000048e-04 1.000000000000000048e-04 1.000000000000000000e+00
-3.953000000000000291e+00 1.000000000000000048e-04 1.000000000000000048e-04 1.000000000000000000e+00
-3.952250000000000263e+00 1.000000000000000048e-04 1.000000000000000048e-04 1.000000000000000000e+00
-3.951500000000000234e+00 1.000000000000000048e-04 1.000000000000000048e-04 1.000000000000000000e+00
-3.950750000000000206e+00 1.000000000000000048e-04 1.000000000000000048e-04 1.000000000000000000e+00
-3.950000000000000178e+00 1.000000000000000048e-04 1.000000000000000048e-04 1.000000000000000000e+00
-3.949250000000000149e+00 1.000000000000000048e-04 1.000000000000000048e-04 1.000000000000000000e+00
-3.948500000000000121e+00 1.000000000000000048e-04 1.000000000000000048e-04 1.000000000000000000e+00
-3.947750000000000092e+00 1.000000000000000048e-04 1.000000000000000048e-04 1.000000000000000000e+00
-3.947000000000000064e+00 1.000000000000000048e-04 1.000000000000000048e-04 1.000000000000000000e+00
-3.946250000000000036e+00 1.000000000000000048e-04 1.000000000000000048e-04 1.000000000000000000e+00
-3.945500000000000007e+00 1.000000000000000048e-04 1.000000000000000048e-04 1.000000000000000000e+00
-3.944749999999999979e+00 1.000000000000000048e-04 1.000000000000000048e-04 1.000000000000000000e+00
-3.943999999999999950e+00 1.000000000000000048e-04 1.000000000000000048e-04 1.000000000000000000e+00
-3.943249999999999922e+00 1.000000000000000048e-04 1.000000000000000048e-04 1.000000000000000000e+00
-3.942499999999999893e+00 1.000000000000000048e-04 1.000000000000000048e-04 1.000000000000000000e+00
-3.941749999999999865e+00 1.000000000000000048e-04 1.000000000000000048e-04 1.000000000000000000e+00
-3.940999999999999837e+00 1.000000000000000048e-04 1.000000000000000048e-04 1.000000000000000000e+00
-3.940249999999999808e+00 1.000000000000000048e-04 1.000000000000000048e-04 1.000000000000000000e+00
-3.939499999999999780e+00 1.000000000000000048e-04 1.000000000000000048e-04 1.000000000000000000e+00
-3.938749999999999751e+00 1.000000000000000048e-04 1.000000000000000048e-04 1.000000000000000000e+00
-3.937999999999999723e+00 1.000000000000000048e-04 1.000000000000000048e-04 1.000000000000000000e+00
-3.937249999999999694e+00 1.000000000000000048e-04 1.000000000000000048e-04 1.000000000000000000e+00
-3.936499999999999666e+00 1.000000000000000048e-04 1.000000000000000048e-04 1.000000000000000000e+00
-3.935750000000000082e+00 1.000000000000000048e-04 1.000000000000000048e-04 1.000000000000000000e+00
-3.935000000000000053e+00 1.000000000000000048e-04 1.000000000000000048e-04 1.000000000000000000e+00
-3.934250000000000025e+00 1.000000000000000048e-04 1.000000000000000048e-04 1.000000000000000000e+00
-3.933499999999999996e+00 1.000000000000000048e-04 1.000000000000000048e-04 1.000000000000000000e+00
-3.932749999999999968e+00 1.000000000000000048e-04 1.000000000000000048e-04 1.000000000000000000e+00
-3.931999999999999940e+00 1.000000000000000048e-04 1.000000000000000048e-04 1.000000000000000000e+00
-3.931249999999999911e+00 1.000000000000000048e-04 1.000000000000000048e-04 1.000000000000000000e+00
-3.930499999999999883e+00 1.000000000000000048e-04 1.000000000000000048e-04 1.000000000000000000e+00
-3.929750000000000298e+00 1.000000000000000048e-04 1.000000000000000048e-04 1.000000000000000000e+00
-3.929000000000000270e+00 1.000000000000000048e-04 1.000000000000000048e-04 1.000000000000000000e+00
-3.928250000000000242e+00 1.000000000000000048e-04 1.000000000000000048e-04 1.000000000000000000e+00
-3.927500000000000213e+00 1.000000000000000048e-04 1.000000000000000048e-04 1.000000000000000000e+00
-3.926750000000000185e+00 1.000000000000000048e-04 1.000000000000000048e-04 1.000000000000000000e+00
-3.926000000000000156e+00 1.000000000000000048e-04 1.000000000000000048e-04 1.000000000000000000e+00
-3.925250000000000128e+00 1.000000000000000048e-04 1.000000000000000048e-04 1.000000000000000000e+00
-3.924500000000000099e+00 1.000000000000000048e-04 1.000000000000000048e-04 1.000000000000000000e+00
-3.923750000000000071e+00 1.000000000000000048e-04 1.000000000000000048e-04 1.000000000000000000e+00
-3.923000000000000043e+00 1.000000000000000048e-04 1.000000000000000048e-04 1.000000000000000000e+00
-3.922250000000000014e+00 1.000000000000000048e-04 1.000000000000000048e-04 1.000000000000000000e+00
-3.921499999999999986e+00 1.000000000000000048e-04 1.000000000000000048e-04 1.000000000000000000e+00
-3.920749999999999957e+00 1.000000000000000048e-04 1.000000000000000048e-04 1.000000000000000000e+00
-3.919999999999999929e+00 1.000000000000000048e-04 1.000000000000000048e-04 1.000000000000000000e+00
-3.919249999999999901e+00 1.000000000000000048e-04 1.000000000000000048e-04 1.000000000000000000e+00
-3.918499999999999872e+00 1.000000000000000048e-04 1.000000000000000048e-04 1.000000000000000000e+00
-3.917749999999999844e+00 1.000000000000000048e-04 1.000000000000000048e-04 1.000000000000000000e+00
-3.916999999999999815e+00 1.000000000000000048e-04 1.000000000000000048e-04 1.000000000000000000e+00
-3.916249999999999787e+00 1.000000000000000048e-04 1.000000000000000048e-04 1.000000000000000000e+00
-3.915499999999999758e+00 1.000000000000000048e-04 1.000000000000000048e-04 1.000000000000000000e+00
-3.914749999999999730e+00 1.000000000000000048e-04 1.000000000000000048e-04 1.000000000000000000e+00
-3.913999999999999702e+00 1.000000000000000048e-04 1.000000000000000048e-04 1.000000000000000000e+00
-3.913249999999999673e+00 1.000000000000000048e-04 1.000000000000000048e-04 1.000000000000000000e+00
-3.912499999999999645e+00 1.000000000000000048e-04 1.000000000000000048e-04 1.000000000000000000e+00
-3.911750000000000060e+00 1.000000000000000048e-04 1.000000000000000048e-04 1.000000000000000000e+00
-3.911000000000000032e+00 1.000000000000000048e-04 1.000000000000000048e-04 1.000000000000000000e+00
-3.910250000000000004e+00 1.000000000000000048e-04 1.000000000000000048e-04 1.000000000000000000e+00
-3.909499999999999975e+00 1.000000000000000048e-04 1.000000000000000048e-04 1.000000000000000000e+00
-3.908749999999999947e+00 1.000000000000000048e-04 1.000000000000000048e-04 1.000000000000000000e+00
-3.907999999999999918e+00 1.000000000000000048e-04 1.000000000000000048e-04 1.000000000000000000e+00
-3.907249999999999890e+00 1.000000000000000048e-04 1.000000000000000048e-04 1.000000000000000000e+00
-3.906500000000000306e+00 1.000000000000000048e-04 1.000000000000000048e-04 1.000000000000000000e+00
-3.905750000000000277e+00 1.000000000000000048e-04 1.000000000000000048e-04 1.000000000000000000e+00
-3.905000000000000249e+00 1.000000000000000048e-04 1.000000000000000048e-04 1.000000000000000000e+00
-3.904250000000000220e+00 1.000000000000000048e-04 1.000000000000000048e-04 1.000000000000000000e+00
-3.903500000000000192e+00 1.000000000000000048e-04 1.000000000000000048e-04 1.000000000000000000e+00
-3.902750000000000163e+00 1.000000000000000048e-04 1.000000000000000048e-04 1.000000000000000000e+00
-3.902000000000000135e+00 1.000000000000000048e-04 1.000000000000000048e-04 1.000000000000000000e+00
-3.901250000000000107e+00 1.000000000000000048e-04 1.000000000000000048e-04 1.000000000000000000e+00
-3.900500000000000078e+00 1.000000000000000048e-04 1.000000000000000048e-04 1.000000000000000000e+00
-3.899750000000000050e+00 1.000000000000000048e-04 1.000000000000000048e-04 1.000000000000000000e+00
-3.899000000000000021e+00 1.000000000000000048e-04 1.000000000000000048e-04 1.000000000000000000e+00
-3.898249999999999993e+00 1.000000000000000048e-04 1.000000000000000048e-04 1.000000000000000000e+00
-3.897499999999999964e+00 1.000000000000000048e-04 1.000000000000000048e-04 1.000000000000000000e+00
-3.896749999999999936e+00 1.000000000000000048e-04 1.000000000000000048e-04 1.000000000000000000e+00
-3.895999999999999908e+00 1.000000000000000048e-04 1.000000000000000048e-04 1.000000000000000000e+00
-3.895249999999999879e+00 1.000000000000000048e-04 1.000000000000000048e-04 1.000000000000000000e+00
-3.894499999999999851e+00 1.000000000000000048e-04 1.000000000000000048e-04 1.000000000000000000e+00
-3.893749999999999822e+00 1.000000000000000048e-04 1.000000000000000048e-04 1.000000000000000000e+00
-3.892999999999999794e+00 1.000000000000000048e-04 1.000000000000000048e-04 1.000000000000000000e+00
-3.892249999999999766e+00 1.000000000000000048e-04 1.000000000000000048e-04 1.000000000000000000e+00
-3.891499999999999737e+00 1.000000000000000048e-04 1.000000000000000048e-04 1.000000000000000000e+00
-3.890749999999999709e+00 1.000000000000000048e-04 1.000000000000000048e-04 1.000000000000000000e+00
-3.889999999999999680e+00 1.000000000000000048e-04 1.000000000000000048e-04 1.000000000000000000e+00
-3.889249999999999652e+00 1.000000000000000048e-04 1.000000000000000048e-04 1.000000000000000000e+00
-3.888500000000000068e+00 1.000000000000000048e-04 1.000000000000000048e-04 1.000000000000000000e+00
-3.887750000000000039e+00 1.000000000000000048e-04 1.000000000000000048e-04 1.000000000000000000e+00
-3.887000000000000011e+00 1.000000000000000048e-04 1.000000000000000048e-04 1.000000000000000000e+00
-3.886249999999999982e+00 1.000000000000000048e-04 1.000000000000000048e-04 1.000000000000000000e+00
-3.885499999999999954e+00 1.000000000000000048e-04 1.000000000000000048e-04 1.000000000000000000e+00
-3.884749999999999925e+00 1.000000000000000048e-04 1.000000000000000048e-04 1.000000000000000000e+00
-3.883999999999999897e+00 1.000000000000000048e-04 1.000000000000000048e-04 1.000000000000000000e+00
-3.883249999999999869e+00 1.000000000000000048e-04 1.000000000000000048e-04 1.000000000000000000e+00
-3.882500000000000284e+00 1.000000000000000048e-04 1.000000000000000048e-04 1.000000000000000000e+00
-3.881750000000000256e+00 1.000000000000000048e-04 1.000000000000000048e-04 1.000000000000000000e+00
-3.881000000000000227e+00 1.000000000000000048e-04 1.000000000000000048e-04 1.000000000000000000e+00
-3.880250000000000199e+00 1.000000000000000048e-04 1.000000000000000048e-04 1.000000000000000000e+00
-3.879500000000000171e+00 1.000000000000000048e-04 1.000000000000000048e-04 1.000000000000000000e+00
-3.878750000000000142e+00 1.000000000000000048e-04 1.000000000000000048e-04 1.000000000000000000e+00
-3.878000000000000114e+00 1.000000000000000048e-04 1.000000000000000048e-04 1.000000000000000000e+00
-3.877250000000000085e+00 1.000000000000000048e-04 1.000000000000000048e-04 1.000000000000000000e+00
-3.876500000000000057e+00 1.000000000000000048e-04 1.000000000000000048e-04 1.000000000000000000e+00
-3.875750000000000028e+00 1.000000000000000048e-04 1.000000000000000048e-04 1.000000000000000000e+00
-3.875000000000000000e+00 1.000000000000000048e-04 1.000000000000000048e-04 1.000000000000000000e+00
-3.874249999999999972e+00 1.000000000000000048e-04 1.000000000000000048e-04 1.000000000000000000e+00
-3.873499999999999943e+00 1.000000000000000048e-04 1.000000000000000048e-04 1.000000000000000000e+00
-3.872749999999999915e+00 1.000000000000000048e-04 1.000000000000000048e-04 1.000000000000000000e+00
-3.871999999999999886e+00 1.000000000000000048e-04 1.000000000000000048e-04 1.000000000000000000e+00
-3.871249999999999858e+00 1.000000000000000048e-04 1.000000000000000048e-04 1.000000000000000000e+00
-3.870499999999999829e+00 1.000000000000000048e-04 1.000000000000000048e-04 1.000000000000000000e+00
-3.869749999999999801e+00 1.000000000000000048e-04 1.000000000000000048e-04 1.000000000000000000e+00
-3.868999999999999773e+00 1.000000000000000048e-04 1.000000000000000048e-04 1.000000000000000000e+00
-3.868249999999999744e+00 1.000000000000000048e-04 1.000000000000000048e-04 1.000000000000000000e+00
-3.867499999999999716e+00 1.000000000000000048e-04 1.000000000000000048e-04 1.000000000000000000e+00
-3.866749999999999687e+00 1.000000000000000048e-04 1.000000000000000048e-04 1.000000000000000000e+00
-3.865999999999999659e+00 1.000000000000000048e-04 1.000000000000000048e-04 1.000000000000000000e+00
-3.865250000000000075e+00 1.000000000000000048e-04 1.000000000000000048e-04 1.000000000000000000e+00
-3.864500000000000046e+00 1.000000000000000048e-04 1.000000000000000048e-04 1.000000000000000000e+00
-3.863750000000000018e+00 1.000000000000000048e-04 1.000000000000000048e-04 1.000000000000000000e+00
-3.862999999999999989e+00 1.000000000000000048e-04 1.000000000000000048e-04 1.000000000000000000e+00
-3.862249999999999961e+00 1.000000000000000048e-04 1.000000000000000048e-04 1.000000000000000000e+00
-3.861499999999999932e+00 1.000000000000000048e-04 1.000000000000000048e-04 1.000000000000000000e+00
-3.860749999999999904e+00 1.000000000000000048e-04 1.000000000000000048e-04 1.000000000000000000e+00
-3.859999999999999876e+00 1.000000000000000048e-04 1.000000000000000048e-04 1.000000000000000000e+00
-3.859250000000000291e+00 1.000000000000000048e-04 1.000000000000000048e-04 1.000000000000000000e+00
-3.858500000000000263e+00 1.000000000000000048e-04 1.000000000000000048e-04 1.000000000000000000e+00
-3.857750000000000234e+00 1.000000000000000048e-04 1.000000000000000048e-04 1.000000000000000000e+00
-3.857000000000000206e+00 1.000000000000000048e-04 1.000000000000000048e-04 1.000000000000000000e+00
-3.856250000000000178e+00 1.000000000000000048e-04 1.000000000000000048e-04 1.000000000000000000e+00
-3.855500000000000149e+00 1.000000000000000048e-04 1.000000000000000048e-04 1.000000000000000000e+00
-3.854750000000000121e+00 1.000000000000000048e-04 1.000000000000000048e-04 1.000000000000000000e+00
-3.854000000000000092e+00 1.000000000000000048e-04 1.000000000000000048e-04 1.000000000000000000e+00
-3.853250000000000064e+00 1.000000000000000048e-04 1.000000000000000048e-04 1.000000000000000000e+00
-3.852500000000000036e+00 1.000000000000000048e-04 1.000000000000000048e-04 1.000000000000000000e+00
-3.851750000000000007e+00 1.000000000000000048e-04 1.000000000000000048e-04 1.000000000000000000e+00
-3.850999999999999979e+00 1.000000000000000048e-04 1.000000000000000048e-04 1.000000000000000000e+00
-3.850249999999999950e+00 1.000000000000000048e-04 1.000000000000000048e-04 1.000000000000000000e+00
-3.849499999999999922e+00 1.000000000000000048e-04 1.000000000000000048e-04 1.000000000000000000e+00
-3.848749999999999893e+00 1.000000000000000048e-04 1.000000000000000048e-04 1.000000000000000000e+00
-3.847999999999999865e+00 1.000000000000000048e-04 1.000000000000000048e-04 1.000000000000000000e+00
-3.847249999999999837e+00 1.000000000000000048e-04 1.000000000000000048e-04 1.000000000000000000e+00
-3.846499999999999808e+00 1.000000000000000048e-04 1.000000000000000048e-04 1.000000000000000000e+00
-3.845749999999999780e+00 1.000000000000000048e-04 1.000000000000000048e-04 1.000000000000000000e+00
-3.844999999999999751e+00 1.000000000000000048e-04 1.000000000000000048e-04 1.000000000000000000e+00
-3.844249999999999723e+00 1.000000000000000048e-04 1.000000000000000048e-04 1.000000000000000000e+00
-3.843499999999999694e+00 1.000000000000000048e-04 1.000000000000000048e-04 1.000000000000000000e+00
-3.842749999999999666e+00 1.000000000000000048e-04 1.000000000000000048e-04 1.000000000000000000e+00
-3.842000000000000082e+00 1.000000000000000048e-04 1.000000000000000048e-04 1.000000000000000000e+00
-3.841250000000000053e+00 1.000000000000000048e-04 1.000000000000000048e-04 1.000000000000000000e+00
-3.840500000000000025e+00 1.000000000000000048e-04 1.000000000000000048e-04 1.000000000000000000e+00
-3.839749999999999996e+00 1.000000000000000048e-04 1.000000000000000048e-04 1.000000000000000000e+00
-3.838999999999999968e+00 1.000000000000000048e-04 1.000000000000000048e-04 1.000000000000000000e+00
-3.838249999999999940e+00 1.000000000000000048e-04 1.000000000000000048e-04 1.000000000000000000e+00
-3.837499999999999911e+00 1.000000000000000048e-04 1.000000000000000048e-04 1.000000000000000000e+00
-3.836749999999999883e+00 1.000000000000000048e-04 1.000000000000000048e-04 1.000000000000000000e+00
-3.836000000000000298e+00 1.000000000000000048e-04 1.000000000000000048e-04 1.000000000000000000e+00
-3.835250000000000270e+00 1.000000000000000048e-04 1.000000000000000048e-04 1.000000000000000000e+00
-3.834500000000000242e+00 1.000000000000000048e-04 1.000000000000000048e-04 1.000000000000000000e+00
-3.833750000000000213e+00 1.000000000000000048e-04 1.000000000000000048e-04 1.000000000000000000e+00
-3.833000000000000185e+00 1.000000000000000048e-04 1.000000000000000048e-04 1.000000000000000000e+00
-3.832250000000000156e+00 1.000000000000000048e-04 1.000000000000000048e-04 1.000000000000000000e+00
-3.831500000000000128e+00 1.000000000000000048e-04 1.000000000000000048e-04 1.000000000000000000e+00
-3.830750000000000099e+00 1.000000000000000048e-04 1.000000000000000048e-04 1.000000000000000000e+00
-3.830000000000000071e+00 1.000000000000000048e-04 1.000000000000000048e-04 1.000000000000000000e+00
-3.829250000000000043e+00 1.000000000000000048e-04 1.000000000000000048e-04 1.000000000000000000e+00
-3.828500000000000014e+00 1.000000000000000048e-04 1.000000000000000048e-04 1.000000000000000000e+00
-3.827749999999999986e+00 1.000000000000000048e-04 1.000000000000000048e-04 1.000000000000000000e+00
-3.826999999999999957e+00 1.000000000000000048e-04 1.000000000000000048e-04 1.000000000000000000e+00
-3.826249999999999929e+00 1.000000000000000048e-04 1.000000000000000048e-04 1.000000000000000000e+00
-3.825499999999999901e+00 1.000000000000000048e-04 1.000000000000000048e-04 1.000000000000000000e+00
-3.824749999999999872e+00 1.000000000000000048e-04 1.000000000000000048e-04 1.000000000000000000e+00
-3.823999999999999844e+00 1.000000000000000048e-04 1.000000000000000048e-04 1.000000000000000000e+00
-3.823249999999999815e+00 1.000000000000000048e-04 1.000000000000000048e-04 1.000000000000000000e+00
-3.822499999999999787e+00 1.000000000000000048e-04 1.000000000000000048e-04 1.000000000000000000e+00
-3.821749999999999758e+00 1.000000000000000048e-04 1.000000000000000048e-04 1.000000000000000000e+00
-3.820999999999999730e+00 1.000000000000000048e-04 1.000000000000000048e-04 1.000000000000000000e+00
-3.820249999999999702e+00 1.000000000000000048e-04 1.000000000000000048e-04 1.000000000000000000e+00
-3.819499999999999673e+00 1.000000000000000048e-04 1.000000000000000048e-04 1.000000000000000000e+00
-3.818749999999999645e+00 1.000000000000000048e-04 1.000000000000000048e-04 1.000000000000000000e+00
-3.818000000000000060e+00 1.000000000000000048e-04 1.000000000000000048e-04 1.000000000000000000e+00
-3.817250000000000032e+00 1.000000000000000048e-04 1.000000000000000048e-04 1.000000000000000000e+00
-3.816500000000000004e+00 1.000000000000000048e-04 1.000000000000000048e-04 1.000000000000000000e+00
-3.815749999999999975e+00 1.000000000000000048e-04 1.000000000000000048e-04 1.000000000000000000e+00
-3.814999999999999947e+00 1.000000000000000048e-04 1.000000000000000048e-04 1.000000000000000000e+00
-3.814249999999999918e+00 1.000000000000000048e-04 1.000000000000000048e-04 1.000000000000000000e+00
-3.813499999999999890e+00 1.000000000000000048e-04 1.000000000000000048e-04 1.000000000000000000e+00
-3.812750000000000306e+00 1.000000000000000048e-04 1.000000000000000048e-04 1.000000000000000000e+00
-3.812000000000000277e+00 1.000000000000000048e-04 1.000000000000000048e-04 1.000000000000000000e+00
-3.811250000000000249e+00 1.000000000000000048e-04 1.000000000000000048e-04 1.000000000000000000e+00
-3.810500000000000220e+00 1.000000000000000048e-04 1.000000000000000048e-04 1.000000000000000000e+00
-3.809750000000000192e+00 1.000000000000000048e-04 1.000000000000000048e-04 1.000000000000000000e+00
-3.809000000000000163e+00 1.000000000000000048e-04 1.000000000000000048e-04 1.000000000000000000e+00
-3.808250000000000135e+00 1.000000000000000048e-04 1.000000000000000048e-04 1.000000000000000000e+00
-3.807500000000000107e+00 1.000000000000000048e-04 1.000000000000000048e-04 1.000000000000000000e+00
-3.806750000000000078e+00 1.000000000000000048e-04 1.000000000000000048e-04 1.000000000000000000e+00
-3.806000000000000050e+00 1.000000000000000048e-04 1.000000000000000048e-04 1.000000000000000000e+00
-3.805250000000000021e+00 1.000000000000000048e-04 1.000000000000000048e-04 1.000000000000000000e+00
-3.804499999999999993e+00 1.000000000000000048e-04 1.000000000000000048e-04 1.000000000000000000e+00
-3.803749999999999964e+00 1.000000000000000048e-04 1.000000000000000048e-04 1.000000000000000000e+00
-3.802999999999999936e+00 1.000000000000000048e-04 1.000000000000000048e-04 1.000000000000000000e+00
-3.802249999999999908e+00 1.000000000000000048e-04 1.000000000000000048e-04 1.000000000000000000e+00
-3.801499999999999879e+00 1.000000000000000048e-04 1.000000000000000048e-04 1.000000000000000000e+00
-3.800749999999999851e+00 1.000000000000000048e-04 1.000000000000000048e-04 1.000000000000000000e+00
-3.799999999999999822e+00 1.000000000000000048e-04 1.000000000000000048e-04 1.000000000000000000e+00
-3.799249999999999794e+00 1.000000000000000048e-04 1.000000000000000048e-04 1.000000000000000000e+00
-3.798499999999999766e+00 1.000000000000000048e-04 1.000000000000000048e-04 1.000000000000000000e+00
-3.797749999999999737e+00 1.000000000000000048e-04 1.000000000000000048e-04 1.000000000000000000e+00
-3.796999999999999709e+00 1.000000000000000048e-04 1.000000000000000048e-04 1.000000000000000000e+00
-3.796249999999999680e+00 1.000000000000000048e-04 1.000000000000000048e-04 1.000000000000000000e+00
-3.795499999999999652e+00 1.000000000000000048e-04 1.000000000000000048e-04 1.000000000000000000e+00
-3.794750000000000068e+00 1.000000000000000048e-04 1.000000000000000048e-04 1.000000000000000000e+00
-3.794000000000000039e+00 1.000000000000000048e-04 1.000000000000000048e-04 1.000000000000000000e+00
-3.793250000000000011e+00 1.000000000000000048e-04 1.000000000000000048e-04 1.000000000000000000e+00
-3.792499999999999982e+00 1.000000000000000048e-04 1.000000000000000048e-04 1.000000000000000000e+00
-3.791749999999999954e+00 1.000000000000000048e-04 1.000000000000000048e-04 1.000000000000000000e+00
-3.790999999999999925e+00 1.000000000000000048e-04 1.000000000000000048e-04 1.000000000000000000e+00
-3.790249999999999897e+00 1.000000000000000048e-04 1.000000000000000048e-04 1.000000000000000000e+00
-3.789499999999999869e+00 1.000000000000000048e-04 1.000000000000000048e-04 1.000000000000000000e+00
-3.788750000000000284e+00 1.000000000000000048e-04 1.000000000000000048e-04 1.000000000000000000e+00
-3.788000000000000256e+00 1.000000000000000048e-04 1.000000000000000048e-04 1.000000000000000000e+00
-3.787250000000000227e+00 1.000000000000000048e-04 1.000000000000000048e-04 1.000000000000000000e+00
-3.786500000000000199e+00 1.000000000000000048e-04 1.000000000000000048e-04 1.000000000000000000e+00
-3.785750000000000171e+00 1.000000000000000048e-04 1.000000000000000048e-04 1.000000000000000000e+00
-3.785000000000000142e+00 1.000000000000000048e-04 1.000000000000000048e-04 1.000000000000000000e+00
-3.784250000000000114e+00 1.000000000000000048e-04 1.000000000000000048e-04 1.000000000000000000e+00
-3.783500000000000085e+00 1.000000000000000048e-04 1.000000000000000048e-04 1.000000000000000000e+00
-3.782750000000000057e+00 1.000000000000000048e-04 1.000000000000000048e-04 1.000000000000000000e+00
-3.782000000000000028e+00 1.000000000000000048e-04 1.000000000000000048e-04 1.000000000000000000e+00
-3.781250000000000000e+00 1.000000000000000048e-04 1.000000000000000048e-04 1.000000000000000000e+00
-3.780499999999999972e+00 1.000000000000000048e-04 1.000000000000000048e-04 1.000000000000000000e+00
-3.779749999999999943e+00 1.000000000000000048e-04 1.000000000000000048e-04 1.000000000000000000e+00
-3.778999999999999915e+00 1.000000000000000048e-04 1.000000000000000048e-04 1.000000000000000000e+00
-3.778249999999999886e+00 1.000000000000000048e-04 1.000000000000000048e-04 1.000000000000000000e+00
-3.777499999999999858e+00 1.000000000000000048e-04 1.000000000000000048e-04 1.000000000000000000e+00
-3.776749999999999829e+00 1.000000000000000048e-04 1.000000000000000048e-04 1.000000000000000000e+00
-3.775999999999999801e+00 1.000000000000000048e-04 1.000000000000000048e-04 1.000000000000000000e+00
-3.775249999999999773e+00 1.000000000000000048e-04 1.000000000000000048e-04 1.000000000000000000e+00
-3.774499999999999744e+00 1.000000000000000048e-04 1.000000000000000048e-04 1.000000000000000000e+00
-3.773749999999999716e+00 1.000000000000000048e-04 1.000000000000000048e-04 1.000000000000000000e+00
-3.772999999999999687e+00 1.000000000000000048e-04 1.000000000000000048e-04 1.000000000000000000e+00
-3.772249999999999659e+00 1.000000000000000048e-04 1.000000000000000048e-04 1.000000000000000000e+00
-3.771500000000000075e+00 1.000000000000000048e-04 1.000000000000000048e-04 1.000000000000000000e+00
-3.770750000000000046e+00 1.000000000000000048e-04 1.000000000000000048e-04 1.000000000000000000e+00
-3.770000000000000018e+00 1.000000000000000048e-04 1.000000000000000048e-04 1.000000000000000000e+00
-3.769249999999999989e+00 1.000000000000000048e-04 1.000000000000000048e-04 1.000000000000000000e+00
-3.768499999999999961e+00 1.000000000000000048e-04 1.000000000000000048e-04 1.000000000000000000e+00
-3.767749999999999932e+00 1.000000000000000048e-04 1.000000000000000048e-04 1.000000000000000000e+00
-3.766999999999999904e+00 1.000000000000000048e-04 1.000000000000000048e-04 1.000000000000000000e+00
-3.766249999999999876e+00 1.000000000000000048e-04 1.000000000000000048e-04 1.000000000000000000e+00
-3.765500000000000291e+00 1.000000000000000048e-04 1.000000000000000048e-04 1.000000000000000000e+00
-3.764750000000000263e+00 1.000000000000000048e-04 1.000000000000000048e-04 1.000000000000000000e+00
-3.764000000000000234e+00 1.000000000000000048e-04 1.000000000000000048e-04 1.000000000000000000e+00
-3.763250000000000206e+00 1.000000000000000048e-04 1.000000000000000048e-04 1.000000000000000000e+00
-3.762500000000000178e+00 1.000000000000000048e-04 1.000000000000000048e-04 1.000000000000000000e+00
-3.761750000000000149e+00 1.000000000000000048e-04 1.000000000000000048e-04 1.000000000000000000e+00
-3.761000000000000121e+00 1.000000000000000048e-04 1.000000000000000048e-04 1.000000000000000000e+00
-3.760250000000000092e+00 1.000000000000000048e-04 1.000000000000000048e-04 1.000000000000000000e+00
-3.759500000000000064e+00 1.000000000000000048e-04 1.000000000000000048e-04 1.000000000000000000e+00
-3.758750000000000036e+00 1.000000000000000048e-04 1.000000000000000048e-04 1.000000000000000000e+00
-3.758000000000000007e+00 1.000000000000000048e-04 1.000000000000000048e-04 1.000000000000000000e+00
-3.757249999999999979e+00 1.000000000000000048e-04 1.000000000000000048e-04 1.000000000000000000e+00
-3.756499999999999950e+00 1.000000000000000048e-04 1.000000000000000048e-04 1.000000000000000000e+00
-3.755749999999999922e+00 1.000000000000000048e-04 1.000000000000000048e-04 1.000000000000000000e+00
-3.754999999999999893e+00 1.000000000000000048e-04 1.000000000000000048e-04 1.000000000000000000e+00
-3.754249999999999865e+00 1.000000000000000048e-04 1.000000000000000048e-04 1.000000000000000000e+00
-3.753499999999999837e+00 1.000000000000000048e-04 1.000000000000000048e-04 1.000000000000000000e+00
-3.752749999999999808e+00 1.000000000000000048e-04 1.000000000000000048e-04 1.000000000000000000e+00
-3.751999999999999780e+00 1.000000000000000048e-04 1.000000000000000048e-04 1.000000000000000000e+00
-3.751249999999999751e+00 1.000000000000000048e-04 1.000000000000000048e-04 1.000000000000000000e+00
-3.750499999999999723e+00 1.000000000000000048e-04 1.000000000000000048e-04 1.000000000000000000e+00
-3.749749999999999694e+00 1.000000000000000048e-04 1.000000000000000048e-04 1.000000000000000000e+00
-3.748999999999999666e+00 1.000000000000000048e-04 1.000000000000000048e-04 1.000000000000000000e+00
-3.748250000000000082e+00 1.000000000000000048e-04 1.000000000000000048e-04 1.000000000000000000e+00
-3.747500000000000053e+00 1.000000000000000048e-04 1.000000000000000048e-04 1.000000000000000000e+00
-3.746750000000000025e+00 1.000000000000000048e-04 1.000000000000000048e-04 1.000000000000000000e+00
-3.745999999999999996e+00 1.000000000000000048e-04 1.000000000000000048e-04 1.000000000000000000e+00
-3.745249999999999968e+00 1.000000000000000048e-04 1.000000000000000048e-04 1.000000000000000000e+00
-3.744499999999999940e+00 1.000000000000000048e-04 1.000000000000000048e-04 1.000000000000000000e+00
-3.743749999999999911e+00 1.000000000000000048e-04 1.000000000000000048e-04 1.000000000000000000e+00
-3.742999999999999883e+00 1.000000000000000048e-04 1.000000000000000048e-04 1.000000000000000000e+00
-3.742250000000000298e+00 1.000000000000000048e-04 1.000000000000000048e-04 1.000000000000000000e+00
-3.741500000000000270e+00 1.000000000000000048e-04 1.000000000000000048e-04 1.000000000000000000e+00
-3.740750000000000242e+00 1.000000000000000048e-04 1.000000000000000048e-04 1.000000000000000000e+00
-3.740000000000000213e+00 1.000000000000000048e-04 1.000000000000000048e-04 1.000000000000000000e+00
-3.739250000000000185e+00 1.000000000000000048e-04 1.000000000000000048e-04 1.000000000000000000e+00
-3.738500000000000156e+00 1.000000000000000048e-04 1.000000000000000048e-04 1.000000000000000000e+00
-3.737750000000000128e+00 1.000000000000000048e-04 1.000000000000000048e-04 1.000000000000000000e+00
-3.737000000000000099e+00 1.000000000000000048e-04 1.000000000000000048e-04 1.000000000000000000e+00
-3.736250000000000071e+00 1.000000000000000048e-04 1.000000000000000048e-04 1.000000000000000000e+00
-3.735500000000000043e+00 1.000000000000000048e-04 1.000000000000000048e-04 1.000000000000000000e+00
-3.734750000000000014e+00 1.000000000000000048e-04 1.000000000000000048e-04 1.000000000000000000e+00
-3.733999999999999986e+00 1.000000000000000048e-04 1.000000000000000048e-04 1.000000000000000000e+00
-3.733249999999999957e+00 1.000000000000000048e-04 1.000000000000000048e-04 1.000000000000000000e+00
-3.732499999999999929e+00 1.000000000000000048e-04 1.000000000000000048e-04 1.000000000000000000e+00
-3.731749999999999901e+00 1.000000000000000048e-04 1.000000000000000048e-04 1.000000000000000000e+00
-3.730999999999999872e+00 1.000000000000000048e-04 1.000000000000000048e-04 1.000000000000000000e+00
-3.730249999999999844e+00 1.000000000000000048e-04 1.000000000000000048e-04 1.000000000000000000e+00
-3.729499999999999815e+00 1.000000000000000048e-04 1.000000000000000048e-04 1.000000000000000000e+00
-3.728749999999999787e+00 1.000000000000000048e-04 1.000000000000000048e-04 1.000000000000000000e+00
-3.727999999999999758e+00 1.000000000000000048e-04 1.000000000000000048e-04 1.000000000000000000e+00
-3.727249999999999730e+00 1.000000000000000048e-04 1.000000000000000048e-04 1.000000000000000000e+00
-3.726499999999999702e+00 1.000000000000000048e-04 1.000000000000000048e-04 1.000000000000000000e+00
-3.725749999999999673e+00 1.000000000000000048e-04 1.000000000000000048e-04 1.000000000000000000e+00
-3.724999999999999645e+00 1.000000000000000048e-04 1.000000000000000048e-04 1.000000000000000000e+00
-3.724250000000000060e+00 1.000000000000000048e-04 1.000000000000000048e-04 1.000000000000000000e+00
-3.723500000000000032e+00 1.000000000000000048e-04 1.000000000000000048e-04 1.000000000000000000e+00
-3.722750000000000004e+00 1.000000000000000048e-04 1.000000000000000048e-04 1.000000000000000000e+00
-3.721999999999999975e+00 1.000000000000000048e-04 1.000000000000000048e-04 1.000000000000000000e+00
-3.721249999999999947e+00 1.000000000000000048e-04 1.000000000000000048e-04 1.000000000000000000e+00
-3.720499999999999918e+00 1.000000000000000048e-04 1.000000000000000048e-04 1.000000000000000000e+00
-3.719749999999999890e+00 1.000000000000000048e-04 1.000000000000000048e-04 1.000000000000000000e+00
-3.719000000000000306e+00 1.000000000000000048e-04 1.000000000000000048e-04 1.000000000000000000e+00
-3.718250000000000277e+00 1.000000000000000048e-04 1.000000000000000048e-04 1.000000000000000000e+00
-3.717500000000000249e+00 1.000000000000000048e-04 1.000000000000000048e-04 1.000000000000000000e+00
-3.716750000000000220e+00 1.000000000000000048e-04 1.000000000000000048e-04 1.000000000000000000e+00
-3.716000000000000192e+00 1.000000000000000048e-04 1.000000000000000048e-04 1.000000000000000000e+00
-3.715250000000000163e+00 1.000000000000000048e-04 1.000000000000000048e-04 1.000000000000000000e+00
-3.714500000000000135e+00 1.000000000000000048e-04 1.000000000000000048e-04 1.000000000000000000e+00
-3.713750000000000107e+00 1.000000000000000048e-04 1.000000000000000048e-04 1.000000000000000000e+00
-3.713000000000000078e+00 1.000000000000000048e-04 1.000000000000000048e-04 1.000000000000000000e+00
-3.712250000000000050e+00 1.000000000000000048e-04 1.000000000000000048e-04 1.000000000000000000e+00
-3.711500000000000021e+00 1.000000000000000048e-04 1.000000000000000048e-04 1.000000000000000000e+00
-3.710749999999999993e+00 1.000000000000000048e-04 1.000000000000000048e-04 1.000000000000000000e+00
-3.709999999999999964e+00 1.000000000000000048e-04 1.000000000000000048e-04 1.000000000000000000e+00
-3.709249999999999936e+00 1.000000000000000048e-04 1.000000000000000048e-04 1.000000000000000000e+00
-3.708499999999999908e+00 1.000000000000000048e-04 1.000000000000000048e-04 1.000000000000000000e+00
-3.707749999999999879e+00 1.000000000000000048e-04 1.000000000000000048e-04 1.000000000000000000e+00
-3.706999999999999851e+00 1.000000000000000048e-04 1.000000000000000048e-04 1.000000000000000000e+00
-3.706249999999999822e+00 1.000000000000000048e-04 1.000000000000000048e-04 1.000000000000000000e+00
-3.705499999999999794e+00 1.000000000000000048e-04 1.000000000000000048e-04 1.000000000000000000e+00
-3.704749999999999766e+00 1.000000000000000048e-04 1.000000000000000048e-04 1.000000000000000000e+00
-3.703999999999999737e+00 1.000000000000000048e-04 1.000000000000000048e-04 1.000000000000000000e+00
-3.703249999999999709e+00 1.000000000000000048e-04 1.000000000000000048e-04 1.000000000000000000e+00
-3.702499999999999680e+00 1.000000000000000048e-04 1.000000000000000048e-04 1.000000000000000000e+00
-3.701749999999999652e+00 1.000000000000000048e-04 1.000000000000000048e-04 1.000000000000000000e+00
-3.701000000000000068e+00 1.000000000000000048e-04 1.000000000000000048e-04 1.000000000000000000e+00
-3.700250000000000039e+00 1.000000000000000048e-04 1.000000000000000048e-04 1.000000000000000000e+00
-3.699500000000000011e+00 1.000000000000000048e-04 1.000000000000000048e-04 1.000000000000000000e+00
-3.698749999999999982e+00 1.000000000000000048e-04 1.000000000000000048e-04 1.000000000000000000e+00
-3.697999999999999954e+00 1.000000000000000048e-04 1.000000000000000048e-04 1.000000000000000000e+00
-3.697249999999999925e+00 1.000000000000000048e-04 1.000000000000000048e-04 1.000000000000000000e+00
-3.696499999999999897e+00 1.000000000000000048e-04 1.000000000000000048e-04 1.000000000000000000e+00
-3.695749999999999869e+00 1.000000000000000048e-04 1.000000000000000048e-04 1.000000000000000000e+00
-3.695000000000000284e+00 1.000000000000000048e-04 1.000000000000000048e-04 1.000000000000000000e+00
-3.694250000000000256e+00 1.000000000000000048e-04 1.000000000000000048e-04 1.000000000000000000e+00
-3.693500000000000227e+00 1.000000000000000048e-04 1.000000000000000048e-04 1.000000000000000000e+00
-3.692750000000000199e+00 1.000000000000000048e-04 1.000000000000000048e-04 1.000000000000000000e+00
-3.692000000000000171e+00 1.000000000000000048e-04 1.000000000000000048e-04 1.000000000000000000e+00
-3.691250000000000142e+00 1.000000000000000048e-04 1.000000000000000048e-04 1.000000000000000000e+00
-3.690500000000000114e+00 1.000000000000000048e-04 1.000000000000000048e-04 1.000000000000000000e+00
-3.689750000000000085e+00 1.000000000000000048e-04 1.000000000000000048e-04 1.000000000000000000e+00
-3.689000000000000057e+00 1.000000000000000048e-04 1.000000000000000048e-04 1.000000000000000000e+00
-3.688250000000000028e+00 1.000000000000000048e-04 1.000000000000000048e-04 1.000000000000000000e+00
-3.687500000000000000e+00 1.000000000000000048e-04 1.000000000000000048e-04 1.000000000000000000e+00
-3.686749999999999972e+00 1.000000000000000048e-04 1.000000000000000048e-04 1.000000000000000000e+00
-3.685999999999999943e+00 1.000000000000000048e-04 1.000000000000000048e-04 1.000000000000000000e+00
-3.685249999999999915e+00 1.000000000000000048e-04 1.000000000000000048e-04 1.000000000000000000e+00
-3.684499999999999886e+00 1.000000000000000048e-04 1.000000000000000048e-04 1.000000000000000000e+00
-3.683749999999999858e+00 1.000000000000000048e-04 1.000000000000000048e-04 1.000000000000000000e+00
-3.682999999999999829e+00 1.000000000000000048e-04 1.000000000000000048e-04 1.000000000000000000e+00
-3.682249999999999801e+00 1.000000000000000048e-04 1.000000000000000048e-04 1.000000000000000000e+00
-3.681499999999999773e+00 1.000000000000000048e-04 1.000000000000000048e-04 1.000000000000000000e+00
-3.680749999999999744e+00 1.000000000000000048e-04 1.000000000000000048e-04 1.000000000000000000e+00
-3.679999999999999716e+00 1.000000000000000048e-04 1.000000000000000048e-04 1.000000000000000000e+00
-3.679249999999999687e+00 1.000000000000000048e-04 1.000000000000000048e-04 1.000000000000000000e+00
-3.678499999999999659e+00 1.000000000000000048e-04 1.000000000000000048e-04 1.000000000000000000e+00
-3.677750000000000075e+00 1.000000000000000048e-04 1.000000000000000048e-04 1.000000000000000000e+00
-3.677000000000000046e+00 1.000000000000000048e-04 1.000000000000000048e-04 1.000000000000000000e+00
-3.676250000000000018e+00 1.000000000000000048e-04 1.000000000000000048e-04 1.000000000000000000e+00
-3.675499999999999989e+00 1.000000000000000048e-04 1.000000000000000048e-04 1.000000000000000000e+00
-3.674749999999999961e+00 1.000000000000000048e-04 1.000000000000000048e-04 1.000000000000000000e+00
-3.673999999999999932e+00 1.000000000000000048e-04 1.000000000000000048e-04 1.000000000000000000e+00
-3.673249999999999904e+00 1.000000000000000048e-04 1.000000000000000048e-04 1.000000000000000000e+00
-3.672499999999999876e+00 1.000000000000000048e-04 1.000000000000000048e-04 1.000000000000000000e+00
-3.671750000000000291e+00 1.000000000000000048e-04 1.000000000000000048e-04 1.000000000000000000e+00
-3.671000000000000263e+00 1.000000000000000048e-04 1.000000000000000048e-04 1.000000000000000000e+00
-3.670250000000000234e+00 1.000000000000000048e-04 1.000000000000000048e-04 1.000000000000000000e+00
-3.669500000000000206e+00 1.000000000000000048e-04 1.000000000000000048e-04 1.000000000000000000e+00
-3.668750000000000178e+00 1.000000000000000048e-04 1.000000000000000048e-04 1.000000000000000000e+00
-3.668000000000000149e+00 1.000000000000000048e-04 1.000000000000000048e-04 1.000000000000000000e+00
-3.667250000000000121e+00 1.000000000000000048e-04 1.000000000000000048e-04 1.000000000000000000e+00
-3.666500000000000092e+00 1.000000000000000048e-04 1.000000000000000048e-04 1.000000000000000000e+00
-3.665750000000000064e+00 1.000000000000000048e-04 1.000000000000000048e-04 1.000000000000000000e+00
-3.665000000000000036e+00 1.000000000000000048e-04 1.000000000000000048e-04 1.000000000000000000e+00
-3.664250000000000007e+00 1.000000000000000048e-04 1.000000000000000048e-04 1.000000000000000000e+00
-3.663499999999999979e+00 1.000000000000000048e-04 1.000000000000000048e-04 1.000000000000000000e+00
-3.662749999999999950e+00 1.000000000000000048e-04 1.000000000000000048e-04 1.000000000000000000e+00
-3.661999999999999922e+00 1.000000000000000048e-04 1.000000000000000048e-04 1.000000000000000000e+00
-3.661249999999999893e+00 1.000000000000000048e-04 1.000000000000000048e-04 1.000000000000000000e+00
-3.660499999999999865e+00 1.000000000000000048e-04 1.000000000000000048e-04 1.000000000000000000e+00
-3.659749999999999837e+00 1.000000000000000048e-04 1.000000000000000048e-04 1.000000000000000000e+00
-3.658999999999999808e+00 1.000000000000000048e-04 1.000000000000000048e-04 1.000000000000000000e+00
-3.658249999999999780e+00 1.000000000000000048e-04 1.000000000000000048e-04 1.000000000000000000e+00
-3.657499999999999751e+00 1.000000000000000048e-04 1.000000000000000048e-04 1.000000000000000000e+00
-3.656749999999999723e+00 1.000000000000000048e-04 1.000000000000000048e-04 1.000000000000000000e+00
-3.655999999999999694e+00 1.000000000000000048e-04 1.000000000000000048e-04 1.000000000000000000e+00
-3.655249999999999666e+00 1.000000000000000048e-04 1.000000000000000048e-04 1.000000000000000000e+00
-3.654500000000000082e+00 1.000000000000000048e-04 1.000000000000000048e-04 1.000000000000000000e+00
-3.653750000000000053e+00 1.000000000000000048e-04 1.000000000000000048e-04 1.000000000000000000e+00
-3.653000000000000025e+00 1.000000000000000048e-04 1.000000000000000048e-04 1.000000000000000000e+00
-3.652249999999999996e+00 1.000000000000000048e-04 1.000000000000000048e-04 1.000000000000000000e+00
-3.651499999999999968e+00 1.000000000000000048e-04 1.000000000000000048e-04 1.000000000000000000e+00
-3.650749999999999940e+00 1.000000000000000048e-04 1.000000000000000048e-04 1.000000000000000000e+00
-3.649999999999999911e+00 1.000000000000000048e-04 1.000000000000000048e-04 1.000000000000000000e+00
-3.649249999999999883e+00 1.000000000000000048e-04 1.000000000000000048e-04 1.000000000000000000e+00
-3.648500000000000298e+00 1.000000000000000048e-04 1.000000000000000048e-04 1.000000000000000000e+00
-3.647750000000000270e+00 1.000000000000000048e-04 1.000000000000000048e-04 1.000000000000000000e+00
-3.647000000000000242e+00 1.000000000000000048e-04 1.000000000000000048e-04 1.000000000000000000e+00
-3.646250000000000213e+00 1.000000000000000048e-04 1.000000000000000048e-04 1.000000000000000000e+00
-3.645500000000000185e+00 1.000000000000000048e-04 1.000000000000000048e-04 1.000000000000000000e+00
-3.644750000000000156e+00 1.000000000000000048e-04 1.000000000000000048e-04 1.000000000000000000e+00
-3.644000000000000128e+00 1.000000000000000048e-04 1.000000000000000048e-04 1.000000000000000000e+00
-3.643250000000000099e+00 1.000000000000000048e-04 1.000000000000000048e-04 1.000000000000000000e+00
-3.642500000000000071e+00 1.000000000000000048e-04 1.000000000000000048e-04 1.000000000000000000e+00
-3.641750000000000043e+00 1.000000000000000048e-04 1.000000000000000048e-04 1.000000000000000000e+00
-3.641000000000000014e+00 1.000000000000000048e-04 1.000000000000000048e-04 1.000000000000000000e+00
-3.640249999999999986e+00 1.000000000000000048e-04 1.000000000000000048e-04 1.000000000000000000e+00
-3.639499999999999957e+00 1.000000000000000048e-04 1.000000000000000048e-04 1.000000000000000000e+00
-3.638749999999999929e+00 1.000000000000000048e-04 1.000000000000000048e-04 1.000000000000000000e+00
-3.637999999999999901e+00 1.000000000000000048e-04 1.000000000000000048e-04 1.000000000000000000e+00
-3.637249999999999872e+00 1.000000000000000048e-04 1.000000000000000048e-04 1.000000000000000000e+00
-3.636499999999999844e+00 1.000000000000000048e-04 1.000000000000000048e-04 1.000000000000000000e+00
-3.635749999999999815e+00 1.000000000000000048e-04 1.000000000000000048e-04 1.000000000000000000e+00
-3.634999999999999787e+00 1.000000000000000048e-04 1.000000000000000048e-04 1.000000000000000000e+00
-3.634249999999999758e+00 1.000000000000000048e-04 1.000000000000000048e-04 1.000000000000000000e+00
-3.633499999999999730e+00 1.000000000000000048e-04 1.000000000000000048e-04 1.000000000000000000e+00
-3.632749999999999702e+00 1.000000000000000048e-04 1.000000000000000048e-04 1.000000000000000000e+00
-3.631999999999999673e+00 1.000000000000000048e-04 1.000000000000000048e-04 1.000000000000000000e+00
-3.631249999999999645e+00 1.000000000000000048e-04 1.000000000000000048e-04 1.000000000000000000e+00
-3.630500000000000060e+00 1.000000000000000048e-04 1.000000000000000048e-04 1.000000000000000000e+00
-3.629750000000000032e+00 1.000000000000000048e-04 1.000000000000000048e-04 1.000000000000000000e+00
-3.629000000000000004e+00 1.000000000000000048e-04 1.000000000000000048e-04 1.000000000000000000e+00
-3.628249999999999975e+00 1.000000000000000048e-04 1.000000000000000048e-04 1.000000000000000000e+00
-3.627499999999999947e+00 1.000000000000000048e-04 1.000000000000000048e-04 1.000000000000000000e+00
-3.626749999999999918e+00 1.000000000000000048e-04 1.000000000000000048e-04 1.000000000000000000e+00
-3.625999999999999890e+00 1.000000000000000048e-04 1.000000000000000048e-04 1.000000000000000000e+00
-3.625249999999999861e+00 1.000000000000000048e-04 1.000000000000000048e-04 1.000000000000000000e+00
-3.624500000000000277e+00 1.000000000000000048e-04 1.000000000000000048e-04 1.000000000000000000e+00
-3.623750000000000249e+00 1.000000000000000048e-04 1.000000000000000048e-04 1.000000000000000000e+00
-3.623000000000000220e+00 1.000000000000000048e-04 1.000000000000000048e-04 1.000000000000000000e+00
-3.622250000000000192e+00 1.000000000000000048e-04 1.000000000000000048e-04 1.000000000000000000e+00
-3.621500000000000163e+00 1.000000000000000048e-04 1.000000000000000048e-04 1.000000000000000000e+00
-3.620750000000000135e+00 1.000000000000000048e-04 1.000000000000000048e-04 1.000000000000000000e+00
-3.620000000000000107e+00 1.000000000000000048e-04 1.000000000000000048e-04 1.000000000000000000e+00
-3.619250000000000078e+00 1.000000000000000048e-04 1.000000000000000048e-04 1.000000000000000000e+00
-3.618500000000000050e+00 1.000000000000000048e-04 1.000000000000000048e-04 1.000000000000000000e+00
-3.617750000000000021e+00 1.000000000000000048e-04 1.000000000000000048e-04 1.000000000000000000e+00
-3.616999999999999993e+00 1.000000000000000048e-04 1.000000000000000048e-04 1.000000000000000000e+00
-3.616249999999999964e+00 1.000000000000000048e-04 1.000000000000000048e-04 1.000000000000000000e+00
-3.615499999999999936e+00 1.000000000000000048e-04 1.000000000000000048e-04 1.000000000000000000e+00
-3.614749999999999908e+00 1.000000000000000048e-04 1.000000000000000048e-04 1.000000000000000000e+00
-3.613999999999999879e+00 1.000000000000000048e-04 1.000000000000000048e-04 1.000000000000000000e+00
-3.613249999999999851e+00 1.000000000000000048e-04 1.000000000000000048e-04 1.000000000000000000e+00
-3.612499999999999822e+00 1.000000000000000048e-04 1.000000000000000048e-04 1.000000000000000000e+00
-3.611749999999999794e+00 1.000000000000000048e-04 1.000000000000000048e-04 1.000000000000000000e+00
-3.610999999999999766e+00 1.000000000000000048e-04 1.000000000000000048e-04 1.000000000000000000e+00
-3.610249999999999737e+00 1.000000000000000048e-04 1.000000000000000048e-04 1.000000000000000000e+00
-3.609499999999999709e+00 1.000000000000000048e-04 1.000000000000000048e-04 1.000000000000000000e+00
-3.608749999999999680e+00 1.000000000000000048e-04 1.000000000000000048e-04 1.000000000000000000e+00
-3.607999999999999652e+00 1.000000000000000048e-04 1.000000000000000048e-04 1.000000000000000000e+00
-3.607250000000000068e+00 1.000000000000000048e-04 1.000000000000000048e-04 1.000000000000000000e+00
-3.606500000000000039e+00 1.000000000000000048e-04 1.000000000000000048e-04 1.000000000000000000e+00
-3.605750000000000011e+00 1.000000000000000048e-04 1.000000000000000048e-04 1.000000000000000000e+00
-3.604999999999999982e+00 1.000000000000000048e-04 1.000000000000000048e-04 1.000000000000000000e+00
-3.604249999999999954e+00 1.000000000000000048e-04 1.000000000000000048e-04 1.000000000000000000e+00
-3.603499999999999925e+00 1.000000000000000048e-04 1.000000000000000048e-04 1.000000000000000000e+00
-3.602749999999999897e+00 1.000000000000000048e-04 1.000000000000000048e-04 1.000000000000000000e+00
-3.601999999999999869e+00 1.000000000000000048e-04 1.000000000000000048e-04 1.000000000000000000e+00
-3.601250000000000284e+00 1.000000000000000048e-04 1.000000000000000048e-04 1.000000000000000000e+00
-3.600500000000000256e+00 1.000000000000000048e-04 1.000000000000000048e-04 1.000000000000000000e+00
-3.599750000000000227e+00 1.000000000000000048e-04 1.000000000000000048e-04 1.000000000000000000e+00
-3.599000000000000199e+00 1.000000000000000048e-04 1.000000000000000048e-04 1.000000000000000000e+00
-3.598250000000000171e+00 1.000000000000000048e-04 1.000000000000000048e-04 1.000000000000000000e+00
-3.597500000000000142e+00 1.000000000000000048e-04 1.000000000000000048e-04 1.000000000000000000e+00
-3.596750000000000114e+00 1.000000000000000048e-04 1.000000000000000048e-04 1.000000000000000000e+00
-3.596000000000000085e+00 1.000000000000000048e-04 1.000000000000000048e-04 1.000000000000000000e+00
-3.595250000000000057e+00 1.000000000000000048e-04 1.000000000000000048e-04 1.000000000000000000e+00
-3.594500000000000028e+00 1.000000000000000048e-04 1.000000000000000048e-04 1.000000000000000000e+00
-3.593750000000000000e+00 1.000000000000000048e-04 1.000000000000000048e-04 1.000000000000000000e+00
-3.592999999999999972e+00 1.000000000000000048e-04 1.000000000000000048e-04 1.000000000000000000e+00
-3.592249999999999943e+00 1.000000000000000048e-04 1.000000000000000048e-04 1.000000000000000000e+00
-3.591499999999999915e+00 1.000000000000000048e-04 1.000000000000000048e-04 1.000000000000000000e+00
-3.590749999999999886e+00 1.000000000000000048e-04 1.000000000000000048e-04 1.000000000000000000e+00
-3.589999999999999858e+00 1.000000000000000048e-04 1.000000000000000048e-04 1.000000000000000000e+00
-3.589249999999999829e+00 1.000000000000000048e-04 1.000000000000000048e-04 1.000000000000000000e+00
-3.588499999999999801e+00 1.000000000000000048e-04 1.000000000000000048e-04 1.000000000000000000e+00
-3.587749999999999773e+00 1.000000000000000048e-04 1.000000000000000048e-04 1.000000000000000000e+00
-3.586999999999999744e+00 1.000000000000000048e-04 1.000000000000000048e-04 1.000000000000000000e+00
-3.586249999999999716e+00 1.000000000000000048e-04 1.000000000000000048e-04 1.000000000000000000e+00
-3.585499999999999687e+00 1.000000000000000048e-04 1.000000000000000048e-04 1.000000000000000000e+00
-3.584749999999999659e+00 1.000000000000000048e-04 1.000000000000000048e-04 1.000000000000000000e+00
-3.584000000000000075e+00 1.000000000000000048e-04 1.000000000000000048e-04 1.000000000000000000e+00
-3.583250000000000046e+00 1.000000000000000048e-04 1.000000000000000048e-04 1.000000000000000000e+00
-3.582500000000000018e+00 1.000000000000000048e-04 1.000000000000000048e-04 1.000000000000000000e+00
-3.581749999999999989e+00 1.000000000000000048e-04 1.000000000000000048e-04 1.000000000000000000e+00
-3.580999999999999961e+00 1.000000000000000048e-04 1.000000000000000048e-04 1.000000000000000000e+00
-3.580249999999999932e+00 1.000000000000000048e-04 1.000000000000000048e-04 1.000000000000000000e+00
-3.579499999999999904e+00 1.000000000000000048e-04 1.000000000000000048e-04 1.000000000000000000e+00
-3.578749999999999876e+00 1.000000000000000048e-04 1.000000000000000048e-04 1.000000000000000000e+00
-3.578000000000000291e+00 1.000000000000000048e-04 1.000000000000000048e-04 1.000000000000000000e+00
-3.577250000000000263e+00 1.000000000000000048e-04 1.000000000000000048e-04 1.000000000000000000e+00
-3.576500000000000234e+00 1.000000000000000048e-04 1.000000000000000048e-04 1.000000000000000000e+00
-3.575750000000000206e+00 1.000000000000000048e-04 1.000000000000000048e-04 1.000000000000000000e+00
-3.575000000000000178e+00 1.000000000000000048e-04 1.000000000000000048e-04 1.000000000000000000e+00
-3.574250000000000149e+00 1.000000000000000048e-04 1.000000000000000048e-04 1.000000000000000000e+00
-3.573500000000000121e+00 1.000000000000000048e-04 1.000000000000000048e-04 1.000000000000000000e+00
-3.572750000000000092e+00 1.000000000000000048e-04 1.000000000000000048e-04 1.000000000000000000e+00
-3.572000000000000064e+00 1.000000000000000048e-04 1.000000000000000048e-04 1.000000000000000000e+00
-3.571250000000000036e+00 1.000000000000000048e-04 1.000000000000000048e-04 1.000000000000000000e+00
-3.570500000000000007e+00 1.000000000000000048e-04 1.000000000000000048e-04 1.000000000000000000e+00
-3.569749999999999979e+00 1.000000000000000048e-04 1.000000000000000048e-04 1.000000000000000000e+00
-3.568999999999999950e+00 1.000000000000000048e-04 1.000000000000000048e-04 1.000000000000000000e+00
-3.568249999999999922e+00 1.000000000000000048e-04 1.000000000000000048e-04 1.000000000000000000e+00
-3.567499999999999893e+00 1.000000000000000048e-04 1.000000000000000048e-04 1.000000000000000000e+00
-3.566749999999999865e+00 1.000000000000000048e-04 1.000000000000000048e-04 1.000000000000000000e+00
-3.565999999999999837e+00 1.000000000000000048e-04 1.000000000000000048e-04 1.000000000000000000e+00
-3.565249999999999808e+00 1.000000000000000048e-04 1.000000000000000048e-04 1.000000000000000000e+00
-3.564499999999999780e+00 1.000000000000000048e-04 1.000000000000000048e-04 1.000000000000000000e+00
-3.563749999999999751e+00 1.000000000000000048e-04 1.000000000000000048e-04 1.000000000000000000e+00
-3.562999999999999723e+00 1.000000000000000048e-04 1.000000000000000048e-04 1.000000000000000000e+00
-3.562249999999999694e+00 1.000000000000000048e-04 1.000000000000000048e-04 1.000000000000000000e+00
-3.561499999999999666e+00 1.000000000000000048e-04 1.000000000000000048e-04 1.000000000000000000e+00
-3.560749999999999638e+00 1.000000000000000048e-04 1.000000000000000048e-04 1.000000000000000000e+00
-3.560000000000000053e+00 1.000000000000000048e-04 1.000000000000000048e-04 1.000000000000000000e+00
-3.559250000000000025e+00 1.000000000000000048e-04 1.000000000000000048e-04 1.000000000000000000e+00
-3.558499999999999996e+00 1.000000000000000048e-04 1.000000000000000048e-04 1.000000000000000000e+00
-3.557749999999999968e+00 1.000000000000000048e-04 1.000000000000000048e-04 1.000000000000000000e+00
-3.556999999999999940e+00 1.000000000000000048e-04 1.000000000000000048e-04 1.000000000000000000e+00
-3.556249999999999911e+00 1.000000000000000048e-04 1.000000000000000048e-04 1.000000000000000000e+00
-3.555499999999999883e+00 1.000000000000000048e-04 1.000000000000000048e-04 1.000000000000000000e+00
-3.554750000000000298e+00 1.000000000000000048e-04 1.000000000000000048e-04 1.000000000000000000e+00
-3.554000000000000270e+00 1.000000000000000048e-04 1.000000000000000048e-04 1.000000000000000000e+00
-3.553250000000000242e+00 1.000000000000000048e-04 1.000000000000000048e-04 1.000000000000000000e+00
-3.552500000000000213e+00 1.000000000000000048e-04 1.000000000000000048e-04 1.000000000000000000e+00
-3.551750000000000185e+00 1.000000000000000048e-04 1.000000000000000048e-04 1.000000000000000000e+00
-3.551000000000000156e+00 1.000000000000000048e-04 1.000000000000000048e-04 1.000000000000000000e+00
-3.550250000000000128e+00 1.000000000000000048e-04 1.000000000000000048e-04 1.000000000000000000e+00
-3.549500000000000099e+00 1.000000000000000048e-04 1.000000000000000048e-04 1.000000000000000000e+00
-3.548750000000000071e+00 1.000000000000000048e-04 1.000000000000000048e-04 1.000000000000000000e+00
-3.548000000000000043e+00 1.000000000000000048e-04 1.000000000000000048e-04 1.000000000000000000e+00
-3.547250000000000014e+00 1.000000000000000048e-04 1.000000000000000048e-04 1.000000000000000000e+00
-3.546499999999999986e+00 1.000000000000000048e-04 1.000000000000000048e-04 1.000000000000000000e+00
-3.545749999999999957e+00 1.000000000000000048e-04 1.000000000000000048e-04 1.000000000000000000e+00
-3.544999999999999929e+00 1.000000000000000048e-04 1.000000000000000048e-04 1.000000000000000000e+00
-3.544249999999999901e+00 1.000000000000000048e-04 1.000000000000000048e-04 1.000000000000000000e+00
-3.543499999999999872e+00 1.000000000000000048e-04 1.000000000000000048e-04 1.000000000000000000e+00
-3.542749999999999844e+00 1.000000000000000048e-04 1.000000000000000048e-04 1.000000000000000000e+00
-3.541999999999999815e+00 1.000000000000000048e-04 1.000000000000000048e-04 1.000000000000000000e+00
-3.541249999999999787e+00 1.000000000000000048e-04 1.000000000000000048e-04 1.000000000000000000e+00
-3.540499999999999758e+00 1.000000000000000048e-04 1.000000000000000048e-04 1.000000000000000000e+00
-3.539749999999999730e+00 1.000000000000000048e-04 1.000000000000000048e-04 1.000000000000000000e+00
-3.538999999999999702e+00 1.000000000000000048e-04 1.000000000000000048e-04 1.000000000000000000e+00
-3.538249999999999673e+00 1.000000000000000048e-04 1.000000000000000048e-04 1.000000000000000000e+00
-3.537499999999999645e+00 1.000000000000000048e-04 1.000000000000000048e-04 1.000000000000000000e+00
-3.536750000000000060e+00 1.000000000000000048e-04 1.000000000000000048e-04 1.000000000000000000e+00
-3.536000000000000032e+00 1.000000000000000048e-04 1.000000000000000048e-04 1.000000000000000000e+00
-3.535250000000000004e+00 1.000000000000000048e-04 1.000000000000000048e-04 1.000000000000000000e+00
-3.534499999999999975e+00 1.000000000000000048e-04 1.000000000000000048e-04 1.000000000000000000e+00
-3.533749999999999947e+00 1.000000000000000048e-04 1.000000000000000048e-04 1.000000000000000000e+00
-3.532999999999999918e+00 1.000000000000000048e-04 1.000000000000000048e-04 1.000000000000000000e+00
-3.532249999999999890e+00 1.000000000000000048e-04 1.000000000000000048e-04 1.000000000000000000e+00
-3.531499999999999861e+00 1.000000000000000048e-04 1.000000000000000048e-04 1.000000000000000000e+00
-3.530750000000000277e+00 1.000000000000000048e-04 1.000000000000000048e-04 1.000000000000000000e+00
-3.530000000000000249e+00 1.000000000000000048e-04 1.000000000000000048e-04 1.000000000000000000e+00
-3.529250000000000220e+00 1.000000000000000048e-04 1.000000000000000048e-04 1.000000000000000000e+00
-3.528500000000000192e+00 1.000000000000000048e-04 1.000000000000000048e-04 1.000000000000000000e+00
-3.527750000000000163e+00 1.000000000000000048e-04 1.000000000000000048e-04 1.000000000000000000e+00
-3.527000000000000135e+00 1.000000000000000048e-04 1.000000000000000048e-04 1.000000000000000000e+00
-3.526250000000000107e+00 1.000000000000000048e-04 1.000000000000000048e-04 1.000000000000000000e+00
-3.525500000000000078e+00 1.000000000000000048e-04 1.000000000000000048e-04 1.000000000000000000e+00
-3.524750000000000050e+00 1.000000000000000048e-04 1.000000000000000048e-04 1.000000000000000000e+00
-3.524000000000000021e+00 1.000000000000000048e-04 1.000000000000000048e-04 1.000000000000000000e+00
-3.523249999999999993e+00 1.000000000000000048e-04 1.000000000000000048e-04 1.000000000000000000e+00
-3.522499999999999964e+00 1.000000000000000048e-04 1.000000000000000048e-04 1.000000000000000000e+00
-3.521749999999999936e+00 1.000000000000000048e-04 1.000000000000000048e-04 1.000000000000000000e+00
-3.520999999999999908e+00 1.000000000000000048e-04 1.000000000000000048e-04 1.000000000000000000e+00
-3.520249999999999879e+00 1.000000000000000048e-04 1.000000000000000048e-04 1.000000000000000000e+00
-3.519499999999999851e+00 1.000000000000000048e-04 1.000000000000000048e-04 1.000000000000000000e+00
-3.518749999999999822e+00 1.000000000000000048e-04 1.000000000000000048e-04 1.000000000000000000e+00
-3.517999999999999794e+00 1.000000000000000048e-04 1.000000000000000048e-04 1.000000000000000000e+00
-3.517249999999999766e+00 1.000000000000000048e-04 1.000000000000000048e-04 1.000000000000000000e+00
-3.516499999999999737e+00 1.000000000000000048e-04 1.000000000000000048e-04 1.000000000000000000e+00
-3.515749999999999709e+00 1.000000000000000048e-04 1.000000000000000048e-04 1.000000000000000000e+00
-3.514999999999999680e+00 1.000000000000000048e-04 1.000000000000000048e-04 1.000000000000000000e+00
-3.514249999999999652e+00 1.000000000000000048e-04 1.000000000000000048e-04 1.000000000000000000e+00
-3.513500000000000068e+00 1.000000000000000048e-04 1.000000000000000048e-04 1.000000000000000000e+00
-3.512750000000000039e+00 1.000000000000000048e-04 1.000000000000000048e-04 1.000000000000000000e+00
-3.512000000000000011e+00 1.000000000000000048e-04 1.000000000000000048e-04 1.000000000000000000e+00
-3.511249999999999982e+00 1.000000000000000048e-04 1.000000000000000048e-04 1.000000000000000000e+00
-3.510499999999999954e+00 1.000000000000000048e-04 1.000000000000000048e-04 1.000000000000000000e+00
-3.509749999999999925e+00 1.000000000000000048e-04 1.000000000000000048e-04 1.000000000000000000e+00
-3.508999999999999897e+00 1.000000000000000048e-04 1.000000000000000048e-04 1.000000000000000000e+00
-3.508249999999999869e+00 1.000000000000000048e-04 1.000000000000000048e-04 1.000000000000000000e+00
-3.507500000000000284e+00 1.000000000000000048e-04 1.000000000000000048e-04 1.000000000000000000e+00
-3.506750000000000256e+00 1.000000000000000048e-04 1.000000000000000048e-04 1.000000000000000000e+00
-3.506000000000000227e+00 1.000000000000000048e-04 1.000000000000000048e-04 1.000000000000000000e+00
-3.505250000000000199e+00 1.000000000000000048e-04 1.000000000000000048e-04 1.000000000000000000e+00
-3.504500000000000171e+00 1.000000000000000048e-04 1.000000000000000048e-04 1.000000000000000000e+00
-3.503750000000000142e+00 1.000000000000000048e-04 1.000000000000000048e-04 1.000000000000000000e+00
-3.503000000000000114e+00 1.000000000000000048e-04 1.000000000000000048e-04 1.000000000000000000e+00
-3.502250000000000085e+00 1.000000000000000048e-04 1.000000000000000048e-04 1.000000000000000000e+00
-3.501500000000000057e+00 1.000000000000000048e-04 1.000000000000000048e-04 1.000000000000000000e+00
-3.500750000000000028e+00 1.000000000000000048e-04 1.000000000000000048e-04 1.000000000000000000e+00
-3.500000000000000000e+00 1.000000000000000048e-04 1.000000000000000048e-04 1.000000000000000000e+00
-3.499249999999999972e+00 1.000000000000000048e-04 1.000000000000000048e-04 1.000000000000000000e+00
-3.498499999999999943e+00 1.000000000000000048e-04 1.000000000000000048e-04 1.000000000000000000e+00
-3.497749999999999915e+00 1.000000000000000048e-04 1.000000000000000048e-04 1.000000000000000000e+00
-3.496999999999999886e+00 1.000000000000000048e-04 1.000000000000000048e-04 1.000000000000000000e+00
-3.496249999999999858e+00 1.000000000000000048e-04 1.000000000000000048e-04 1.000000000000000000e+00
-3.495499999999999829e+00 1.000000000000000048e-04 1.000000000000000048e-04 1.000000000000000000e+00
-3.494749999999999801e+00 1.000000000000000048e-04 1.000000000000000048e-04 1.000000000000000000e+00
-3.493999999999999773e+00 1.000000000000000048e-04 1.000000000000000048e-04 1.000000000000000000e+00
-3.493249999999999744e+00 1.000000000000000048e-04 1.000000000000000048e-04 1.000000000000000000e+00
-3.492499999999999716e+00 1.000000000000000048e-04 1.000000000000000048e-04 1.000000000000000000e+00
-3.491749999999999687e+00 1.000000000000000048e-04 1.000000000000000048e-04 1.000000000000000000e+00
-3.490999999999999659e+00 1.000000000000000048e-04 1.000000000000000048e-04 1.000000000000000000e+00
-3.490250000000000075e+00 1.000000000000000048e-04 1.000000000000000048e-04 1.000000000000000000e+00
-3.489500000000000046e+00 1.000000000000000048e-04 1.000000000000000048e-04 1.000000000000000000e+00
-3.488750000000000018e+00 1.000000000000000048e-04 1.000000000000000048e-04 1.000000000000000000e+00
-3.487999999999999989e+00 1.000000000000000048e-04 1.000000000000000048e-04 1.000000000000000000e+00
-3.487249999999999961e+00 1.000000000000000048e-04 1.000000000000000048e-04 1.000000000000000000e+00
-3.486499999999999932e+00 1.000000000000000048e-04 1.000000000000000048e-04 1.000000000000000000e+00
-3.485749999999999904e+00 1.000000000000000048e-04 1.000000000000000048e-04 1.000000000000000000e+00
-3.484999999999999876e+00 1.000000000000000048e-04 1.000000000000000048e-04 1.000000000000000000e+00
-3.484250000000000291e+00 1.000000000000000048e-04 1.000000000000000048e-04 1.000000000000000000e+00
-3.483500000000000263e+00 1.000000000000000048e-04 1.000000000000000048e-04 1.000000000000000000e+00
-3.482750000000000234e+00 1.000000000000000048e-04 1.000000000000000048e-04 1.000000000000000000e+00
-3.482000000000000206e+00 1.000000000000000048e-04 1.000000000000000048e-04 1.000000000000000000e+00
-3.481250000000000178e+00 1.000000000000000048e-04 1.000000000000000048e-04 1.000000000000000000e+00
-3.480500000000000149e+00 1.000000000000000048e-04 1.000000000000000048e-04 1.000000000000000000e+00
-3.479750000000000121e+00 1.000000000000000048e-04 1.000000000000000048e-04 1.000000000000000000e+00
-3.479000000000000092e+00 1.000000000000000048e-04 1.000000000000000048e-04 1.000000000000000000e+00
-3.478250000000000064e+00 1.000000000000000048e-04 1.000000000000000048e-04 1.000000000000000000e+00
-3.477500000000000036e+00 1.000000000000000048e-04 1.000000000000000048e-04 1.000000000000000000e+00
-3.476750000000000007e+00 1.000000000000000048e-04 1.000000000000000048e-04 1.000000000000000000e+00
-3.475999999999999979e+00 1.000000000000000048e-04 1.000000000000000048e-04 1.000000000000000000e+00
-3.475249999999999950e+00 1.000000000000000048e-04 1.000000000000000048e-04 1.000000000000000000e+00
-3.474499999999999922e+00 1.000000000000000048e-04 1.000000000000000048e-04 1.000000000000000000e+00
-3.473749999999999893e+00 1.000000000000000048e-04 1.000000000000000048e-04 1.000000000000000000e+00
-3.472999999999999865e+00 1.000000000000000048e-04 1.000000000000000048e-04 1.000000000000000000e+00
-3.472249999999999837e+00 1.000000000000000048e-04 1.000000000000000048e-04 1.000000000000000000e+00
-3.471499999999999808e+00 1.000000000000000048e-04 1.000000000000000048e-04 1.000000000000000000e+00
-3.470749999999999780e+00 1.000000000000000048e-04 1.000000000000000048e-04 1.000000000000000000e+00
-3.469999999999999751e+00 1.000000000000000048e-04 1.000000000000000048e-04 1.000000000000000000e+00
-3.469249999999999723e+00 1.000000000000000048e-04 1.000000000000000048e-04 1.000000000000000000e+00
-3.468499999999999694e+00 1.000000000000000048e-04 1.000000000000000048e-04 1.000000000000000000e+00
-3.467749999999999666e+00 1.000000000000000048e-04 1.000000000000000048e-04 1.000000000000000000e+00
-3.466999999999999638e+00 1.000000000000000048e-04 1.000000000000000048e-04 1.000000000000000000e+00
-3.466250000000000053e+00 1.000000000000000048e-04 1.000000000000000048e-04 1.000000000000000000e+00
-3.465500000000000025e+00 1.000000000000000048e-04 1.000000000000000048e-04 1.000000000000000000e+00
-3.464749999999999996e+00 1.000000000000000048e-04 1.000000000000000048e-04 1.000000000000000000e+00
-3.463999999999999968e+00 1.000000000000000048e-04 1.000000000000000048e-04 1.000000000000000000e+00
-3.463249999999999940e+00 1.000000000000000048e-04 1.000000000000000048e-04 1.000000000000000000e+00
-3.462499999999999911e+00 1.000000000000000048e-04 1.000000000000000048e-04 1.000000000000000000e+00
-3.461749999999999883e+00 1.000000000000000048e-04 1.000000000000000048e-04 1.000000000000000000e+00
-3.461000000000000298e+00 1.000000000000000048e-04 1.000000000000000048e-04 1.000000000000000000e+00
-3.460250000000000270e+00 1.000000000000000048e-04 1.000000000000000048e-04 1.000000000000000000e+00
-3.459500000000000242e+00 1.000000000000000048e-04 1.000000000000000048e-04 1.000000000000000000e+00
-3.458750000000000213e+00 1.000000000000000048e-04 1.000000000000000048e-04 1.000000000000000000e+00
-3.458000000000000185e+00 1.000000000000000048e-04 1.000000000000000048e-04 1.000000000000000000e+00
-3.457250000000000156e+00 1.000000000000000048e-04 1.000000000000000048e-04 1.000000000000000000e+00
-3.456500000000000128e+00 1.000000000000000048e-04 1.000000000000000048e-04 1.000000000000000000e+00
-3.455750000000000099e+00 1.000000000000000048e-04 1.000000000000000048e-04 1.000000000000000000e+00
-3.455000000000000071e+00 1.000000000000000048e-04 1.000000000000000048e-04 1.000000000000000000e+00
-3.454250000000000043e+00 1.000000000000000048e-04 1.000000000000000048e-04 1.000000000000000000e+00
-3.453500000000000014e+00 1.000000000000000048e-04 1.000000000000000048e-04 1.000000000000000000e+00
-3.452749999999999986e+00 1.000000000000000048e-04 1.000000000000000048e-04 1.000000000000000000e+00
-3.451999999999999957e+00 1.000000000000000048e-04 1.000000000000000048e-04 1.000000000000000000e+00
-3.451249999999999929e+00 1.000000000000000048e-04 1.000000000000000048e-04 1.000000000000000000e+00
-3.450499999999999901e+00 1.000000000000000048e-04 1.000000000000000048e-04 1.000000000000000000e+00
-3.449749999999999872e+00 1.000000000000000048e-04 1.000000000000000048e-04 1.000000000000000000e+00
-3.448999999999999844e+00 1.000000000000000048e-04 1.000000000000000048e-04 1.000000000000000000e+00
-3.448249999999999815e+00 1.000000000000000048e-04 1.000000000000000048e-04 1.000000000000000000e+00
-3.447499999999999787e+00 1.000000000000000048e-04 1.000000000000000048e-04 1.000000000000000000e+00
-3.446749999999999758e+00 1.000000000000000048e-04 1.000000000000000048e-04 1.000000000000000000e+00
-3.445999999999999730e+00 1.000000000000000048e-04 1.000000000000000048e-04 1.000000000000000000e+00
-3.445249999999999702e+00 1.000000000000000048e-04 1.000000000000000048e-04 1.000000000000000000e+00
-3.444499999999999673e+00 1.000000000000000048e-04 1.000000000000000048e-04 1.000000000000000000e+00
-3.443749999999999645e+00 1.000000000000000048e-04 1.000000000000000048e-04 1.000000000000000000e+00
-3.443000000000000060e+00 1.000000000000000048e-04 1.000000000000000048e-04 1.000000000000000000e+00
-3.442250000000000032e+00 1.000000000000000048e-04 1.000000000000000048e-04 1.000000000000000000e+00
-3.441500000000000004e+00 1.000000000000000048e-04 1.000000000000000048e-04 1.000000000000000000e+00
-3.440749999999999975e+00 1.000000000000000048e-04 1.000000000000000048e-04 1.000000000000000000e+00
-3.439999999999999947e+00 1.000000000000000048e-04 1.000000000000000048e-04 1.000000000000000000e+00
-3.439249999999999918e+00 1.000000000000000048e-04 1.000000000000000048e-04 1.000000000000000000e+00
-3.438499999999999890e+00 1.000000000000000048e-04 1.000000000000000048e-04 1.000000000000000000e+00
-3.437749999999999861e+00 1.000000000000000048e-04 1.000000000000000048e-04 1.000000000000000000e+00
-3.437000000000000277e+00 1.000000000000000048e-04 1.000000000000000048e-04 1.000000000000000000e+00
-3.436250000000000249e+00 1.000000000000000048e-04 1.000000000000000048e-04 1.000000000000000000e+00
-3.435500000000000220e+00 1.000000000000000048e-04 1.000000000000000048e-04 1.000000000000000000e+00
-3.434750000000000192e+00 1.000000000000000048e-04 1.000000000000000048e-04 1.000000000000000000e+00
-3.434000000000000163e+00 1.000000000000000048e-04 1.000000000000000048e-04 1.000000000000000000e+00
-3.433250000000000135e+00 1.000000000000000048e-04 1.000000000000000048e-04 1.000000000000000000e+00
-3.432500000000000107e+00 1.000000000000000048e-04 1.000000000000000048e-04 1.000000000000000000e+00
-3.431750000000000078e+00 1.000000000000000048e-04 1.000000000000000048e-04 1.000000000000000000e+00
-3.431000000000000050e+00 1.000000000000000048e-04 1.000000000000000048e-04 1.000000000000000000e+00
-3.430250000000000021e+00 1.000000000000000048e-04 1.000000000000000048e-04 1.000000000000000000e+00
-3.429499999999999993e+00 1.000000000000000048e-04 1.000000000000000048e-04 1.000000000000000000e+00
-3.428749999999999964e+00 1.000000000000000048e-04 1.000000000000000048e-04 1.000000000000000000e+00
-3.427999999999999936e+00 1.000000000000000048e-04 1.000000000000000048e-04 1.000000000000000000e+00
-3.427249999999999908e+00 1.000000000000000048e-04 1.000000000000000048e-04 1.000000000000000000e+00
-3.426499999999999879e+00 1.000000000000000048e-04 1.000000000000000048e-04 1.000000000000000000e+00
-3.425749999999999851e+00 1.000000000000000048e-04 1.000000000000000048e-04 1.000000000000000000e+00
-3.424999999999999822e+00 1.000000000000000048e-04 1.000000000000000048e-04 1.000000000000000000e+00
-3.424249999999999794e+00 1.000000000000000048e-04 1.000000000000000048e-04 1.000000000000000000e+00
-3.423499999999999766e+00 1.000000000000000048e-04 1.000000000000000048e-04 1.000000000000000000e+00
-3.422749999999999737e+00 1.000000000000000048e-04 1.000000000000000048e-04 1.000000000000000000e+00
-3.421999999999999709e+00 1.000000000000000048e-04 1.000000000000000048e-04 1.000000000000000000e+00
-3.421249999999999680e+00 1.000000000000000048e-04 1.000000000000000048e-04 1.000000000000000000e+00
-3.420499999999999652e+00 1.000000000000000048e-04 1.000000000000000048e-04 1.000000000000000000e+00
-3.419750000000000068e+00 1.000000000000000048e-04 1.000000000000000048e-04 1.000000000000000000e+00
-3.419000000000000039e+00 1.000000000000000048e-04 1.000000000000000048e-04 1.000000000000000000e+00
-3.418250000000000011e+00 1.000000000000000048e-04 1.000000000000000048e-04 1.000000000000000000e+00
-3.417499999999999982e+00 1.000000000000000048e-04 1.000000000000000048e-04 1.000000000000000000e+00
-3.416749999999999954e+00 1.000000000000000048e-04 1.000000000000000048e-04 1.000000000000000000e+00
-3.415999999999999925e+00 1.000000000000000048e-04 1.000000000000000048e-04 1.000000000000000000e+00
-3.415249999999999897e+00 1.000000000000000048e-04 1.000000000000000048e-04 1.000000000000000000e+00
-3.414499999999999869e+00 1.000000000000000048e-04 1.000000000000000048e-04 1.000000000000000000e+00
-3.413750000000000284e+00 1.000000000000000048e-04 1.000000000000000048e-04 1.000000000000000000e+00
-3.413000000000000256e+00 1.000000000000000048e-04 1.000000000000000048e-04 1.000000000000000000e+00
-3.412250000000000227e+00 1.000000000000000048e-04 1.000000000000000048e-04 1.000000000000000000e+00
-3.411500000000000199e+00 1.000000000000000048e-04 1.000000000000000048e-04 1.000000000000000000e+00
-3.410750000000000171e+00 1.000000000000000048e-04 1.000000000000000048e-04 1.000000000000000000e+00
-3.410000000000000142e+00 1.000000000000000048e-04 1.000000000000000048e-04 1.000000000000000000e+00
-3.409250000000000114e+00 1.000000000000000048e-04 1.000000000000000048e-04 1.000000000000000000e+00
-3.408500000000000085e+00 1.000000000000000048e-04 1.000000000000000048e-04 1.000000000000000000e+00
-3.407750000000000057e+00 1.000000000000000048e-04 1.000000000000000048e-04 1.000000000000000000e+00
-3.407000000000000028e+00 1.000000000000000048e-04 1.000000000000000048e-04 1.000000000000000000e+00
-3.406250000000000000e+00 1.000000000000000048e-04 1.000000000000000048e-04 1.000000000000000000e+00
-3.405499999999999972e+00 1.000000000000000048e-04 1.000000000000000048e-04 1.000000000000000000e+00
-3.404749999999999943e+00 1.000000000000000048e-04 1.000000000000000048e-04 1.000000000000000000e+00
-3.403999999999999915e+00 1.000000000000000048e-04 1.000000000000000048e-04 1.000000000000000000e+00
-3.403249999999999886e+00 1.000000000000000048e-04 1.000000000000000048e-04 1.000000000000000000e+00
-3.402499999999999858e+00 1.000000000000000048e-04 1.000000000000000048e-04 1.000000000000000000e+00
-3.401749999999999829e+00 1.000000000000000048e-04 1.000000000000000048e-04 1.000000000000000000e+00
-3.400999999999999801e+00 1.000000000000000048e-04 1.000000000000000048e-04 1.000000000000000000e+00
-3.400249999999999773e+00 1.000000000000000048e-04 1.000000000000000048e-04 1.000000000000000000e+00
-3.399499999999999744e+00 1.000000000000000048e-04 1.000000000000000048e-04 1.000000000000000000e+00
-3.398749999999999716e+00 1.000000000000000048e-04 1.000000000000000048e-04 1.000000000000000000e+00
-3.397999999999999687e+00 1.000000000000000048e-04 1.000000000000000048e-04 1.000000000000000000e+00
-3.397249999999999659e+00 1.000000000000000048e-04 1.000000000000000048e-04 1.000000000000000000e+00
-3.396500000000000075e+00 1.000000000000000048e-04 1.000000000000000048e-04 1.000000000000000000e+00
-3.395750000000000046e+00 1.000000000000000048e-04 1.000000000000000048e-04 1.000000000000000000e+00
-3.395000000000000018e+00 1.000000000000000048e-04 1.000000000000000048e-04 1.000000000000000000e+00
-3.394249999999999989e+00 1.000000000000000048e-04 1.000000000000000048e-04 1.000000000000000000e+00
-3.393499999999999961e+00 1.000000000000000048e-04 1.000000000000000048e-04 1.000000000000000000e+00
-3.392749999999999932e+00 1.000000000000000048e-04 1.000000000000000048e-04 1.000000000000000000e+00
-3.391999999999999904e+00 1.000000000000000048e-04 1.000000000000000048e-04 1.000000000000000000e+00
-3.391249999999999876e+00 1.000000000000000048e-04 1.000000000000000048e-04 1.000000000000000000e+00
-3.390500000000000291e+00 1.000000000000000048e-04 1.000000000000000048e-04 1.000000000000000000e+00
-3.389750000000000263e+00 1.000000000000000048e-04 1.000000000000000048e-04 1.000000000000000000e+00
-3.389000000000000234e+00 1.000000000000000048e-04 1.000000000000000048e-04 1.000000000000000000e+00
-3.388250000000000206e+00 1.000000000000000048e-04 1.000000000000000048e-04 1.000000000000000000e+00
-3.387500000000000178e+00 1.000000000000000048e-04 1.000000000000000048e-04 1.000000000000000000e+00
-3.386750000000000149e+00 1.000000000000000048e-04 1.000000000000000048e-04 1.000000000000000000e+00
-3.386000000000000121e+00 1.000000000000000048e-04 1.000000000000000048e-04 1.000000000000000000e+00
-3.385250000000000092e+00 1.000000000000000048e-04 1.000000000000000048e-04 1.000000000000000000e+00
-3.384500000000000064e+00 1.000000000000000048e-04 1.000000000000000048e-04 1.000000000000000000e+00
-3.383750000000000036e+00 1.000000000000000048e-04 1.000000000000000048e-04 1.000000000000000000e+00
-3.383000000000000007e+00 1.000000000000000048e-04 1.000000000000000048e-04 1.000000000000000000e+00
-3.382249999999999979e+00 1.000000000000000048e-04 1.000000000000000048e-04 1.000000000000000000e+00
-3.381499999999999950e+00 1.000000000000000048e-04 1.000000000000000048e-04 1.000000000000000000e+00
-3.380749999999999922e+00 1.000000000000000048e-04 1.000000000000000048e-04 1.000000000000000000e+00
-3.379999999999999893e+00 1.000000000000000048e-04 1.000000000000000048e-04 1.000000000000000000e+00
-3.379249999999999865e+00 1.000000000000000048e-04 1.000000000000000048e-04 1.000000000000000000e+00
-3.378499999999999837e+00 1.000000000000000048e-04 1.000000000000000048e-04 1.000000000000000000e+00
-3.377749999999999808e+00 1.000000000000000048e-04 1.000000000000000048e-04 1.000000000000000000e+00
-3.376999999999999780e+00 1.000000000000000048e-04 1.000000000000000048e-04 1.000000000000000000e+00
-3.376249999999999751e+00 1.000000000000000048e-04 1.000000000000000048e-04 1.000000000000000000e+00
-3.375499999999999723e+00 1.000000000000000048e-04 1.000000000000000048e-04 1.000000000000000000e+00
-3.374749999999999694e+00 1.000000000000000048e-04 1.000000000000000048e-04 1.000000000000000000e+00
-3.373999999999999666e+00 1.000000000000000048e-04 1.000000000000000048e-04 1.000000000000000000e+00
-3.373249999999999638e+00 1.000000000000000048e-04 1.000000000000000048e-04 1.000000000000000000e+00
-3.372500000000000053e+00 1.000000000000000048e-04 1.000000000000000048e-04 1.000000000000000000e+00
-3.371750000000000025e+00 1.000000000000000048e-04 1.000000000000000048e-04 1.000000000000000000e+00
-3.370999999999999996e+00 1.000000000000000048e-04 1.000000000000000048e-04 1.000000000000000000e+00
-3.370249999999999968e+00 1.000000000000000048e-04 1.000000000000000048e-04 1.000000000000000000e+00
-3.369499999999999940e+00 1.000000000000000048e-04 1.000000000000000048e-04 1.000000000000000000e+00
-3.368749999999999911e+00 1.000000000000000048e-04 1.000000000000000048e-04 1.000000000000000000e+00
-3.367999999999999883e+00 1.000000000000000048e-04 1.000000000000000048e-04 1.000000000000000000e+00
-3.367250000000000298e+00 1.000000000000000048e-04 1.000000000000000048e-04 1.000000000000000000e+00
-3.366500000000000270e+00 1.000000000000000048e-04 1.000000000000000048e-04 1.000000000000000000e+00
-3.365750000000000242e+00 1.000000000000000048e-04 1.000000000000000048e-04 1.000000000000000000e+00
-3.365000000000000213e+00 1.000000000000000048e-04 1.000000000000000048e-04 1.000000000000000000e+00
-3.364250000000000185e+00 1.000000000000000048e-04 1.000000000000000048e-04 1.000000000000000000e+00
-3.363500000000000156e+00 1.000000000000000048e-04 1.000000000000000048e-04 1.000000000000000000e+00
-3.362750000000000128e+00 1.000000000000000048e-04 1.000000000000000048e-04 1.000000000000000000e+00
-3.362000000000000099e+00 1.000000000000000048e-04 1.000000000000000048e-04 1.000000000000000000e+00
-3.361250000000000071e+00 1.000000000000000048e-04 1.000000000000000048e-04 1.000000000000000000e+00
-3.360500000000000043e+00 1.000000000000000048e-04 1.000000000000000048e-04 1.000000000000000000e+00
-3.359750000000000014e+00 1.000000000000000048e-04 1.000000000000000048e-04 1.000000000000000000e+00
-3.358999999999999986e+00 1.000000000000000048e-04 1.000000000000000048e-04 1.000000000000000000e+00
-3.358249999999999957e+00 1.000000000000000048e-04 1.000000000000000048e-04 1.000000000000000000e+00
-3.357499999999999929e+00 1.000000000000000048e-04 1.000000000000000048e-04 1.000000000000000000e+00
-3.356749999999999901e+00 1.000000000000000048e-04 1.000000000000000048e-04 1.000000000000000000e+00
-3.355999999999999872e+00 1.000000000000000048e-04 1.000000000000000048e-04 1.000000000000000000e+00
-3.355249999999999844e+00 1.000000000000000048e-04 1.000000000000000048e-04 1.000000000000000000e+00
-3.354499999999999815e+00 1.000000000000000048e-04 1.000000000000000048e-04 1.000000000000000000e+00
-3.353749999999999787e+00 1.000000000000000048e-04 1.000000000000000048e-04 1.000000000000000000e+00
-3.352999999999999758e+00 1.000000000000000048e-04 1.000000000000000048e-04 1.000000000000000000e+00
-3.352249999999999730e+00 1.000000000000000048e-04 1.000000000000000048e-04 1.000000000000000000e+00
-3.351499999999999702e+00 1.000000000000000048e-04 1.000000000000000048e-04 1.000000000000000000e+00
-3.350749999999999673e+00 1.000000000000000048e-04 1.000000000000000048e-04 1.000000000000000000e+00
-3.349999999999999645e+00 1.000000000000000048e-04 1.000000000000000048e-04 1.000000000000000000e+00
-3.349250000000000060e+00 1.000000000000000048e-04 1.000000000000000048e-04 1.000000000000000000e+00
-3.348500000000000032e+00 1.000000000000000048e-04 1.000000000000000048e-04 1.000000000000000000e+00
-3.347750000000000004e+00 1.000000000000000048e-04 1.000000000000000048e-04 1.000000000000000000e+00
-3.346999999999999975e+00 1.000000000000000048e-04 1.000000000000000048e-04 1.000000000000000000e+00
-3.346249999999999947e+00 1.000000000000000048e-04 1.000000000000000048e-04 1.000000000000000000e+00
-3.345499999999999918e+00 1.000000000000000048e-04 1.000000000000000048e-04 1.000000000000000000e+00
-3.344749999999999890e+00 1.000000000000000048e-04 1.000000000000000048e-04 1.000000000000000000e+00
-3.343999999999999861e+00 1.000000000000000048e-04 1.000000000000000048e-04 1.000000000000000000e+00
-3.343250000000000277e+00 1.000000000000000048e-04 1.000000000000000048e-04 1.000000000000000000e+00
-3.342500000000000249e+00 1.000000000000000048e-04 1.000000000000000048e-04 1.000000000000000000e+00
-3.341750000000000220e+00 1.000000000000000048e-04 1.000000000000000048e-04 1.000000000000000000e+00
-3.341000000000000192e+00 1.000000000000000048e-04 1.000000000000000048e-04 1.000000000000000000e+00
-3.340250000000000163e+00 1.000000000000000048e-04 1.000000000000000048e-04 1.000000000000000000e+00
-3.339500000000000135e+00 1.000000000000000048e-04 1.000000000000000048e-04 1.000000000000000000e+00
-3.338750000000000107e+00 1.000000000000000048e-04 1.000000000000000048e-04 1.000000000000000000e+00
-3.338000000000000078e+00 1.000000000000000048e-04 1.000000000000000048e-04 1.000000000000000000e+00
-3.337250000000000050e+00 1.000000000000000048e-04 1.000000000000000048e-04 1.000000000000000000e+00
-3.336500000000000021e+00 1.000000000000000048e-04 1.000000000000000048e-04 1.000000000000000000e+00
-3.335749999999999993e+00 1.000000000000000048e-04 1.000000000000000048e-04 1.000000000000000000e+00
-3.334999999999999964e+00 1.000000000000000048e-04 1.000000000000000048e-04 1.000000000000000000e+00
-3.334249999999999936e+00 1.000000000000000048e-04 1.000000000000000048e-04 1.000000000000000000e+00
-3.333499999999999908e+00 1.000000000000000048e-04 1.000000000000000048e-04 1.000000000000000000e+00
-3.332749999999999879e+00 1.000000000000000048e-04 1.000000000000000048e-04 1.000000000000000000e+00
-3.331999999999999851e+00 1.000000000000000048e-04 1.000000000000000048e-04 1.000000000000000000e+00
-3.331249999999999822e+00 1.000000000000000048e-04 1.000000000000000048e-04 1.000000000000000000e+00
-3.330499999999999794e+00 1.000000000000000048e-04 1.000000000000000048e-04 1.000000000000000000e+00
-3.329749999999999766e+00 1.000000000000000048e-04 1.000000000000000048e-04 1.000000000000000000e+00
-3.328999999999999737e+00 1.000000000000000048e-04 1.000000000000000048e-04 1.000000000000000000e+00
-3.328249999999999709e+00 1.000000000000000048e-04 1.000000000000000048e-04 1.000000000000000000e+00
-3.327499999999999680e+00 1.000000000000000048e-04 1.000000000000000048e-04 1.000000000000000000e+00
-3.326749999999999652e+00 1.000000000000000048e-04 1.000000000000000048e-04 1.000000000000000000e+00
-3.326000000000000068e+00 1.000000000000000048e-04 1.000000000000000048e-04 1.000000000000000000e+00
-3.325250000000000039e+00 1.000000000000000048e-04 1.000000000000000048e-04 1.000000000000000000e+00
-3.324500000000000011e+00 1.000000000000000048e-04 1.000000000000000048e-04 1.000000000000000000e+00
-3.323749999999999982e+00 1.000000000000000048e-04 1.000000000000000048e-04 1.000000000000000000e+00
-3.322999999999999954e+00 1.000000000000000048e-04 1.000000000000000048e-04 1.000000000000000000e+00
-3.322249999999999925e+00 1.000000000000000048e-04 1.000000000000000048e-04 1.000000000000000000e+00
-3.321499999999999897e+00 1.000000000000000048e-04 1.000000000000000048e-04 1.000000000000000000e+00
-3.320749999999999869e+00 1.000000000000000048e-04 1.000000000000000048e-04 1.000000000000000000e+00
-3.320000000000000284e+00 1.000000000000000048e-04 1.000000000000000048e-04 1.000000000000000000e+00
-3.319250000000000256e+00 1.000000000000000048e-04 1.000000000000000048e-04 1.000000000000000000e+00
-3.318500000000000227e+00 1.000000000000000048e-04 1.000000000000000048e-04 1.000000000000000000e+00
-3.317750000000000199e+00 1.000000000000000048e-04 1.000000000000000048e-04 1.000000000000000000e+00
-3.317000000000000171e+00 1.000000000000000048e-04 1.000000000000000048e-04 1.000000000000000000e+00
-3.316250000000000142e+00 1.000000000000000048e-04 1.000000000000000048e-04 1.000000000000000000e+00
-3.315500000000000114e+00 1.000000000000000048e-04 1.000000000000000048e-04 1.000000000000000000e+00
-3.314750000000000085e+00 1.000000000000000048e-04 1.000000000000000048e-04 1.000000000000000000e+00
-3.314000000000000057e+00 1.000000000000000048e-04 1.000000000000000048e-04 1.000000000000000000e+00
-3.313250000000000028e+00 1.000000000000000048e-04 1.000000000000000048e-04 1.000000000000000000e+00
-3.312500000000000000e+00 1.000000000000000048e-04 1.000000000000000048e-04 1.000000000000000000e+00
-3.311749999999999972e+00 1.000000000000000048e-04 1.000000000000000048e-04 1.000000000000000000e+00
-3.310999999999999943e+00 1.000000000000000048e-04 1.000000000000000048e-04 1.000000000000000000e+00
-3.310249999999999915e+00 1.000000000000000048e-04 1.000000000000000048e-04 1.000000000000000000e+00
-3.309499999999999886e+00 1.000000000000000048e-04 1.000000000000000048e-04 1.000000000000000000e+00
-3.308749999999999858e+00 1.000000000000000048e-04 1.000000000000000048e-04 1.000000000000000000e+00
-3.307999999999999829e+00 1.000000000000000048e-04 1.000000000000000048e-04 1.000000000000000000e+00
-3.307249999999999801e+00 1.000000000000000048e-04 1.000000000000000048e-04 1.000000000000000000e+00
-3.306499999999999773e+00 1.000000000000000048e-04 1.000000000000000048e-04 1.000000000000000000e+00
-3.305749999999999744e+00 1.000000000000000048e-04 1.000000000000000048e-04 1.000000000000000000e+00
-3.304999999999999716e+00 1.000000000000000048e-04 1.000000000000000048e-04 1.000000000000000000e+00
-3.304249999999999687e+00 1.000000000000000048e-04 1.000000000000000048e-04 1.000000000000000000e+00
-3.303499999999999659e+00 1.000000000000000048e-04 1.000000000000000048e-04 1.000000000000000000e+00
-3.302750000000000075e+00 1.000000000000000048e-04 1.000000000000000048e-04 1.000000000000000000e+00
-3.302000000000000046e+00 1.000000000000000048e-04 1.000000000000000048e-04 1.000000000000000000e+00
-3.301250000000000018e+00 1.000000000000000048e-04 1.000000000000000048e-04 1.000000000000000000e+00
-3.300499999999999989e+00 1.000000000000000048e-04 1.000000000000000048e-04 1.000000000000000000e+00
-3.299749999999999961e+00 1.000000000000000048e-04 1.000000000000000048e-04 1.000000000000000000e+00
-3.298999999999999932e+00 1.000000000000000048e-04 1.000000000000000048e-04 1.000000000000000000e+00
-3.298249999999999904e+00 1.000000000000000048e-04 1.000000000000000048e-04 1.000000000000000000e+00
-3.297499999999999876e+00 1.000000000000000048e-04 1.000000000000000048e-04 1.000000000000000000e+00
-3.296750000000000291e+00 1.000000000000000048e-04 1.000000000000000048e-04 1.000000000000000000e+00
-3.296000000000000263e+00 1.000000000000000048e-04 1.000000000000000048e-04 1.000000000000000000e+00
-3.295250000000000234e+00 1.000000000000000048e-04 1.000000000000000048e-04 1.000000000000000000e+00
-3.294500000000000206e+00 1.000000000000000048e-04 1.000000000000000048e-04 1.000000000000000000e+00
-3.293750000000000178e+00 1.000000000000000048e-04 1.000000000000000048e-04 1.000000000000000000e+00
-3.293000000000000149e+00 1.000000000000000048e-04 1.000000000000000048e-04 1.000000000000000000e+00
-3.292250000000000121e+00 1.000000000000000048e-04 1.000000000000000048e-04 1.000000000000000000e+00
-3.291500000000000092e+00 1.000000000000000048e-04 1.000000000000000048e-04 1.000000000000000000e+00
-3.290750000000000064e+00 1.000000000000000048e-04 1.000000000000000048e-04 1.000000000000000000e+00
-3.290000000000000036e+00 1.000000000000000048e-04 1.000000000000000048e-04 1.000000000000000000e+00
-3.289250000000000007e+00 1.000000000000000048e-04 1.000000000000000048e-04 1.000000000000000000e+00
-3.288499999999999979e+00 1.000000000000000048e-04 1.000000000000000048e-04 1.000000000000000000e+00
-3.287749999999999950e+00 1.000000000000000048e-04 1.000000000000000048e-04 1.000000000000000000e+00
-3.286999999999999922e+00 1.000000000000000048e-04 1.000000000000000048e-04 1.000000000000000000e+00
-3.286249999999999893e+00 1.000000000000000048e-04 1.000000000000000048e-04 1.000000000000000000e+00
-3.285499999999999865e+00 1.000000000000000048e-04 1.000000000000000048e-04 1.000000000000000000e+00
-3.284749999999999837e+00 1.000000000000000048e-04 1.000000000000000048e-04 1.000000000000000000e+00
-3.283999999999999808e+00 1.000000000000000048e-04 1.000000000000000048e-04 1.000000000000000000e+00
-3.283249999999999780e+00 1.000000000000000048e-04 1.000000000000000048e-04 1.000000000000000000e+00
-3.282499999999999751e+00 1.000000000000000048e-04 1.000000000000000048e-04 1.000000000000000000e+00
-3.281749999999999723e+00 1.000000000000000048e-04 1.000000000000000048e-04 1.000000000000000000e+00
-3.280999999999999694e+00 1.000000000000000048e-04 1.000000000000000048e-04 1.000000000000000000e+00
-3.280249999999999666e+00 1.000000000000000048e-04 1.000000000000000048e-04 1.000000000000000000e+00
-3.279499999999999638e+00 1.000000000000000048e-04 1.000000000000000048e-04 1.000000000000000000e+00
-3.278750000000000053e+00 1.000000000000000048e-04 1.000000000000000048e-04 1.000000000000000000e+00
-3.278000000000000025e+00 1.000000000000000048e-04 1.000000000000000048e-04 1.000000000000000000e+00
-3.277249999999999996e+00 1.000000000000000048e-04 1.000000000000000048e-04 1.000000000000000000e+00
-3.276499999999999968e+00 1.000000000000000048e-04 1.000000000000000048e-04 1.000000000000000000e+00
-3.275749999999999940e+00 1.000000000000000048e-04 1.000000000000000048e-04 1.000000000000000000e+00
-3.274999999999999911e+00 1.000000000000000048e-04 1.000000000000000048e-04 1.000000000000000000e+00
-3.274249999999999883e+00 1.000000000000000048e-04 1.000000000000000048e-04 1.000000000000000000e+00
-3.273499999999999854e+00 1.000000000000000048e-04 1.000000000000000048e-04 1.000000000000000000e+00
-3.272750000000000270e+00 1.000000000000000048e-04 1.000000000000000048e-04 1.000000000000000000e+00
-3.272000000000000242e+00 1.000000000000000048e-04 1.000000000000000048e-04 1.000000000000000000e+00
-3.271250000000000213e+00 1.000000000000000048e-04 1.000000000000000048e-04 1.000000000000000000e+00
-3.270500000000000185e+00 1.000000000000000048e-04 1.000000000000000048e-04 1.000000000000000000e+00
-3.269750000000000156e+00 1.000000000000000048e-04 1.000000000000000048e-04 1.000000000000000000e+00
-3.269000000000000128e+00 1.000000000000000048e-04 1.000000000000000048e-04 1.000000000000000000e+00
-3.268250000000000099e+00 1.000000000000000048e-04 1.000000000000000048e-04 1.000000000000000000e+00
-3.267500000000000071e+00 1.000000000000000048e-04 1.000000000000000048e-04 1.000000000000000000e+00
-3.266750000000000043e+00 1.000000000000000048e-04 1.000000000000000048e-04 1.000000000000000000e+00
-3.266000000000000014e+00 1.000000000000000048e-04 1.000000000000000048e-04 1.000000000000000000e+00
-3.265249999999999986e+00 1.000000000000000048e-04 1.000000000000000048e-04 1.000000000000000000e+00
-3.264499999999999957e+00 1.000000000000000048e-04 1.000000000000000048e-04 1.000000000000000000e+00
-3.263749999999999929e+00 1.000000000000000048e-04 1.000000000000000048e-04 1.000000000000000000e+00
-3.262999999999999901e+00 1.000000000000000048e-04 1.000000000000000048e-04 1.000000000000000000e+00
-3.262249999999999872e+00 1.000000000000000048e-04 1.000000000000000048e-04 1.000000000000000000e+00
-3.261499999999999844e+00 1.000000000000000048e-04 1.000000000000000048e-04 1.000000000000000000e+00
-3.260749999999999815e+00 1.000000000000000048e-04 1.000000000000000048e-04 1.000000000000000000e+00
-3.259999999999999787e+00 1.000000000000000048e-04 1.000000000000000048e-04 1.000000000000000000e+00
-3.259249999999999758e+00 1.000000000000000048e-04 1.000000000000000048e-04 1.000000000000000000e+00
-3.258499999999999730e+00 1.000000000000000048e-04 1.000000000000000048e-04 1.000000000000000000e+00
-3.257749999999999702e+00 1.000000000000000048e-04 1.000000000000000048e-04 1.000000000000000000e+00
-3.256999999999999673e+00 1.000000000000000048e-04 1.000000000000000048e-04 1.000000000000000000e+00
-3.256249999999999645e+00 1.000000000000000048e-04 1.000000000000000048e-04 1.000000000000000000e+00
-3.255500000000000060e+00 1.000000000000000048e-04 1.000000000000000048e-04 1.000000000000000000e+00
-3.254750000000000032e+00 1.000000000000000048e-04 1.000000000000000048e-04 1.000000000000000000e+00
-3.254000000000000004e+00 1.000000000000000048e-04 1.000000000000000048e-04 1.000000000000000000e+00
-3.253249999999999975e+00 1.000000000000000048e-04 1.000000000000000048e-04 1.000000000000000000e+00
-3.252499999999999947e+00 1.000000000000000048e-04 1.000000000000000048e-04 1.000000000000000000e+00
-3.251749999999999918e+00 1.000000000000000048e-04 1.000000000000000048e-04 1.000000000000000000e+00
-3.250999999999999890e+00 1.000000000000000048e-04 1.000000000000000048e-04 1.000000000000000000e+00
-3.250249999999999861e+00 1.000000000000000048e-04 1.000000000000000048e-04 1.000000000000000000e+00
-3.249500000000000277e+00 1.000000000000000048e-04 1.000000000000000048e-04 1.000000000000000000e+00
-3.248750000000000249e+00 1.000000000000000048e-04 1.000000000000000048e-04 1.000000000000000000e+00
-3.248000000000000220e+00 1.000000000000000048e-04 1.000000000000000048e-04 1.000000000000000000e+00
-3.247250000000000192e+00 1.000000000000000048e-04 1.000000000000000048e-04 1.000000000000000000e+00
-3.246500000000000163e+00 1.000000000000000048e-04 1.000000000000000048e-04 1.000000000000000000e+00
-3.245750000000000135e+00 1.000000000000000048e-04 1.000000000000000048e-04 1.000000000000000000e+00
-3.245000000000000107e+00 1.000000000000000048e-04 1.000000000000000048e-04 1.000000000000000000e+00
-3.244250000000000078e+00 1.000000000000000048e-04 1.000000000000000048e-04 1.000000000000000000e+00
-3.243500000000000050e+00 1.000000000000000048e-04 1.000000000000000048e-04 1.000000000000000000e+00
-3.242750000000000021e+00 1.000000000000000048e-04 1.000000000000000048e-04 1.000000000000000000e+00
-3.241999999999999993e+00 1.000000000000000048e-04 1.000000000000000048e-04 1.000000000000000000e+00
-3.241249999999999964e+00 1.000000000000000048e-04 1.000000000000000048e-04 1.000000000000000000e+00
-3.240499999999999936e+00 1.000000000000000048e-04 1.000000000000000048e-04 1.000000000000000000e+00
-3.239749999999999908e+00 1.000000000000000048e-04 1.000000000000000048e-04 1.000000000000000000e+00
-3.238999999999999879e+00 1.000000000000000048e-04 1.000000000000000048e-04 1.000000000000000000e+00
-3.238249999999999851e+00 1.000000000000000048e-04 1.000000000000000048e-04 1.000000000000000000e+00
-3.237499999999999822e+00 1.000000000000000048e-04 1.000000000000000048e-04 1.000000000000000000e+00
-3.236749999999999794e+00 1.000000000000000048e-04 1.000000000000000048e-04 1.000000000000000000e+00
-3.235999999999999766e+00 1.000000000000000048e-04 1.000000000000000048e-04 1.000000000000000000e+00
-3.235249999999999737e+00 1.000000000000000048e-04 1.000000000000000048e-04 1.000000000000000000e+00
-3.234499999999999709e+00 1.000000000000000048e-04 1.000000000000000048e-04 1.000000000000000000e+00
-3.233749999999999680e+00 1.000000000000000048e-04 1.000000000000000048e-04 1.000000000000000000e+00
-3.232999999999999652e+00 1.000000000000000048e-04 1.000000000000000048e-04 1.000000000000000000e+00
-3.232250000000000068e+00 1.000000000000000048e-04 1.000000000000000048e-04 1.000000000000000000e+00
-3.231500000000000039e+00 1.000000000000000048e-04 1.000000000000000048e-04 1.000000000000000000e+00
-3.230750000000000011e+00 1.000000000000000048e-04 1.000000000000000048e-04 1.000000000000000000e+00
-3.229999999999999982e+00 1.000000000000000048e-04 1.000000000000000048e-04 1.000000000000000000e+00
-3.229249999999999954e+00 1.000000000000000048e-04 1.000000000000000048e-04 1.000000000000000000e+00
-3.228499999999999925e+00 1.000000000000000048e-04 1.000000000000000048e-04 1.000000000000000000e+00
-3.227749999999999897e+00 1.000000000000000048e-04 1.000000000000000048e-04 1.000000000000000000e+00
-3.226999999999999869e+00 1.000000000000000048e-04 1.000000000000000048e-04 1.000000000000000000e+00
-3.226250000000000284e+00 1.000000000000000048e-04 1.000000000000000048e-04 1.000000000000000000e+00
-3.225500000000000256e+00 1.000000000000000048e-04 1.000000000000000048e-04 1.000000000000000000e+00
-3.224750000000000227e+00 1.000000000000000048e-04 1.000000000000000048e-04 1.000000000000000000e+00
-3.224000000000000199e+00 1.000000000000000048e-04 1.000000000000000048e-04 1.000000000000000000e+00
-3.223250000000000171e+00 1.000000000000000048e-04 1.000000000000000048e-04 1.000000000000000000e+00
-3.222500000000000142e+00 1.000000000000000048e-04 1.000000000000000048e-04 1.000000000000000000e+00
-3.221750000000000114e+00 1.000000000000000048e-04 1.000000000000000048e-04 1.000000000000000000e+00
-3.221000000000000085e+00 1.000000000000000048e-04 1.000000000000000048e-04 1.000000000000000000e+00
-3.220250000000000057e+00 1.000000000000000048e-04 1.000000000000000048e-04 1.000000000000000000e+00
-3.219500000000000028e+00 1.000000000000000048e-04 1.000000000000000048e-04 1.000000000000000000e+00
-3.218750000000000000e+00 1.000000000000000048e-04 1.000000000000000048e-04 1.000000000000000000e+00
-3.217999999999999972e+00 1.000000000000000048e-04 1.000000000000000048e-04 1.000000000000000000e+00
-3.217249999999999943e+00 1.000000000000000048e-04 1.000000000000000048e-04 1.000000000000000000e+00
-3.216499999999999915e+00 1.000000000000000048e-04 1.000000000000000048e-04 1.000000000000000000e+00
-3.215749999999999886e+00 1.000000000000000048e-04 1.000000000000000048e-04 1.000000000000000000e+00
-3.214999999999999858e+00 1.000000000000000048e-04 1.000000000000000048e-04 1.000000000000000000e+00
-3.214249999999999829e+00 1.000000000000000048e-04 1.000000000000000048e-04 1.000000000000000000e+00
-3.213499999999999801e+00 1.000000000000000048e-04 1.000000000000000048e-04 1.000000000000000000e+00
-3.212749999999999773e+00 1.000000000000000048e-04 1.000000000000000048e-04 1.000000000000000000e+00
-3.211999999999999744e+00 1.000000000000000048e-04 1.000000000000000048e-04 1.000000000000000000e+00
-3.211249999999999716e+00 1.000000000000000048e-04 1.000000000000000048e-04 1.000000000000000000e+00
-3.210499999999999687e+00 1.000000000000000048e-04 1.000000000000000048e-04 1.000000000000000000e+00
-3.209749999999999659e+00 1.000000000000000048e-04 1.000000000000000048e-04 1.000000000000000000e+00
-3.208999999999999631e+00 1.000000000000000048e-04 1.000000000000000048e-04 1.000000000000000000e+00
-3.208250000000000046e+00 1.000000000000000048e-04 1.000000000000000048e-04 1.000000000000000000e+00
-3.207500000000000018e+00 1.000000000000000048e-04 1.000000000000000048e-04 1.000000000000000000e+00
-3.206749999999999989e+00 1.000000000000000048e-04 1.000000000000000048e-04 1.000000000000000000e+00
-3.205999999999999961e+00 1.000000000000000048e-04 1.000000000000000048e-04 1.000000000000000000e+00
-3.205249999999999932e+00 1.000000000000000048e-04 1.000000000000000048e-04 1.000000000000000000e+00
-3.204499999999999904e+00 1.000000000000000048e-04 1.000000000000000048e-04 1.000000000000000000e+00
-3.203749999999999876e+00 1.000000000000000048e-04 1.000000000000000048e-04 1.000000000000000000e+00
-3.203000000000000291e+00 1.000000000000000048e-04 1.000000000000000048e-04 1.000000000000000000e+00
-3.202250000000000263e+00 1.000000000000000048e-04 1.000000000000000048e-04 1.000000000000000000e+00
-3.201500000000000234e+00 1.000000000000000048e-04 1.000000000000000048e-04 1.000000000000000000e+00
-3.200750000000000206e+00 1.000000000000000048e-04 1.000000000000000048e-04 1.000000000000000000e+00
-3.200000000000000178e+00 1.000000000000000048e-04 1.000000000000000048e-04 1.000000000000000000e+00
-3.199250000000000149e+00 1.000000000000000048e-04 1.000000000000000048e-04 1.000000000000000000e+00
-3.198500000000000121e+00 1.000000000000000048e-04 1.000000000000000048e-04 1.000000000000000000e+00
-3.197750000000000092e+00 1.000000000000000048e-04 1.000000000000000048e-04 1.000000000000000000e+00
-3.197000000000000064e+00 1.000000000000000048e-04 1.000000000000000048e-04 1.000000000000000000e+00
-3.196250000000000036e+00 1.000000000000000048e-04 1.000000000000000048e-04 1.000000000000000000e+00
-3.195500000000000007e+00 1.000000000000000048e-04 1.000000000000000048e-04 1.000000000000000000e+00
-3.194749999999999979e+00 1.000000000000000048e-04 1.000000000000000048e-04 1.000000000000000000e+00
-3.193999999999999950e+00 1.000000000000000048e-04 1.000000000000000048e-04 1.000000000000000000e+00
-3.193249999999999922e+00 1.000000000000000048e-04 1.000000000000000048e-04 1.000000000000000000e+00
-3.192499999999999893e+00 1.000000000000000048e-04 1.000000000000000048e-04 1.000000000000000000e+00
-3.191749999999999865e+00 1.000000000000000048e-04 1.000000000000000048e-04 1.000000000000000000e+00
-3.190999999999999837e+00 1.000000000000000048e-04 1.000000000000000048e-04 1.000000000000000000e+00
-3.190249999999999808e+00 1.000000000000000048e-04 1.000000000000000048e-04 1.000000000000000000e+00
-3.189499999999999780e+00 1.000000000000000048e-04 1.000000000000000048e-04 1.000000000000000000e+00
-3.188749999999999751e+00 1.000000000000000048e-04 1.000000000000000048e-04 1.000000000000000000e+00
-3.187999999999999723e+00 1.000000000000000048e-04 1.000000000000000048e-04 1.000000000000000000e+00
-3.187249999999999694e+00 1.000000000000000048e-04 1.000000000000000048e-04 1.000000000000000000e+00
-3.186499999999999666e+00 1.000000000000000048e-04 1.000000000000000048e-04 1.000000000000000000e+00
-3.185749999999999638e+00 1.000000000000000048e-04 1.000000000000000048e-04 1.000000000000000000e+00
-3.185000000000000053e+00 1.000000000000000048e-04 1.000000000000000048e-04 1.000000000000000000e+00
-3.184250000000000025e+00 1.000000000000000048e-04 1.000000000000000048e-04 1.000000000000000000e+00
-3.183499999999999996e+00 1.000000000000000048e-04 1.000000000000000048e-04 1.000000000000000000e+00
-3.182749999999999968e+00 1.000000000000000048e-04 1.000000000000000048e-04 1.000000000000000000e+00
-3.181999999999999940e+00 1.000000000000000048e-04 1.000000000000000048e-04 1.000000000000000000e+00
-3.181249999999999911e+00 1.000000000000000048e-04 1.000000000000000048e-04 1.000000000000000000e+00
-3.180499999999999883e+00 1.000000000000000048e-04 1.000000000000000048e-04 1.000000000000000000e+00
-3.179749999999999854e+00 1.000000000000000048e-04 1.000000000000000048e-04 1.000000000000000000e+00
-3.179000000000000270e+00 1.000000000000000048e-04 1.000000000000000048e-04 1.000000000000000000e+00
-3.178250000000000242e+00 1.000000000000000048e-04 1.000000000000000048e-04 1.000000000000000000e+00
-3.177500000000000213e+00 1.000000000000000048e-04 1.000000000000000048e-04 1.000000000000000000e+00
-3.176750000000000185e+00 1.000000000000000048e-04 1.000000000000000048e-04 1.000000000000000000e+00
-3.176000000000000156e+00 1.000000000000000048e-04 1.000000000000000048e-04 1.000000000000000000e+00
-3.175250000000000128e+00 1.000000000000000048e-04 1.000000000000000048e-04 1.000000000000000000e+00
-3.174500000000000099e+00 1.000000000000000048e-04 1.000000000000000048e-04 1.000000000000000000e+00
-3.173750000000000071e+00 1.000000000000000048e-04 1.000000000000000048e-04 1.000000000000000000e+00
-3.173000000000000043e+00 1.000000000000000048e-04 1.000000000000000048e-04 1.000000000000000000e+00
-3.172250000000000014e+00 1.000000000000000048e-04 1.000000000000000048e-04 1.000000000000000000e+00
-3.171499999999999986e+00 1.000000000000000048e-04 1.000000000000000048e-04 1.000000000000000000e+00
-3.170749999999999957e+00 1.000000000000000048e-04 1.000000000000000048e-04 1.000000000000000000e+00
-3.169999999999999929e+00 1.000000000000000048e-04 1.000000000000000048e-04 1.000000000000000000e+00
-3.169249999999999901e+00 1.000000000000000048e-04 1.000000000000000048e-04 1.000000000000000000e+00
-3.168499999999999872e+00 1.000000000000000048e-04 1.000000000000000048e-04 1.000000000000000000e+00
-3.167749999999999844e+00 1.000000000000000048e-04 1.000000000000000048e-04 1.000000000000000000e+00
-3.166999999999999815e+00 1.000000000000000048e-04 1.000000000000000048e-04 1.000000000000000000e+00
-3.166249999999999787e+00 1.000000000000000048e-04 1.000000000000000048e-04 1.000000000000000000e+00
-3.165499999999999758e+00 1.000000000000000048e-04 1.000000000000000048e-04 1.000000000000000000e+00
-3.164749999999999730e+00 1.000000000000000048e-04 1.000000000000000048e-04 1.000000000000000000e+00
-3.163999999999999702e+00 1.000000000000000048e-04 1.000000000000000048e-04 1.000000000000000000e+00
-3.163249999999999673e+00 1.000000000000000048e-04 1.000000000000000048e-04 1.000000000000000000e+00
-3.162499999999999645e+00 1.000000000000000048e-04 1.000000000000000048e-04 1.000000000000000000e+00
-3.161750000000000060e+00 1.000000000000000048e-04 1.000000000000000048e-04 1.000000000000000000e+00
-3.161000000000000032e+00 1.000000000000000048e-04 1.000000000000000048e-04 1.000000000000000000e+00
-3.160250000000000004e+00 1.000000000000000048e-04 1.000000000000000048e-04 1.000000000000000000e+00
-3.159499999999999975e+00 1.000000000000000048e-04 1.000000000000000048e-04 1.000000000000000000e+00
-3.158749999999999947e+00 1.000000000000000048e-04 1.000000000000000048e-04 1.000000000000000000e+00
-3.157999999999999918e+00 1.000000000000000048e-04 1.000000000000000048e-04 1.000000000000000000e+00
-3.157249999999999890e+00 1.000000000000000048e-04 1.000000000000000048e-04 1.000000000000000000e+00
-3.156499999999999861e+00 1.000000000000000048e-04 1.000000000000000048e-04 1.000000000000000000e+00
-3.155750000000000277e+00 1.000000000000000048e-04 1.000000000000000048e-04 1.000000000000000000e+00
-3.155000000000000249e+00 1.000000000000000048e-04 1.000000000000000048e-04 1.000000000000000000e+00
-3.154250000000000220e+00 1.000000000000000048e-04 1.000000000000000048e-04 1.000000000000000000e+00
-3.153500000000000192e+00 1.000000000000000048e-04 1.000000000000000048e-04 1.000000000000000000e+00
-3.152750000000000163e+00 1.000000000000000048e-04 1.000000000000000048e-04 1.000000000000000000e+00
-3.152000000000000135e+00 1.000000000000000048e-04 1.000000000000000048e-04 1.000000000000000000e+00
-3.151250000000000107e+00 1.000000000000000048e-04 1.000000000000000048e-04 1.000000000000000000e+00
-3.150500000000000078e+00 1.000000000000000048e-04 1.000000000000000048e-04 1.000000000000000000e+00
-3.149750000000000050e+00 1.000000000000000048e-04 1.000000000000000048e-04 1.000000000000000000e+00
-3.149000000000000021e+00 1.000000000000000048e-04 1.000000000000000048e-04 1.000000000000000000e+00
-3.148249999999999993e+00 1.000000000000000048e-04 1.000000000000000048e-04 1.000000000000000000e+00
-3.147499999999999964e+00 1.000000000000000048e-04 1.000000000000000048e-04 1.000000000000000000e+00
-3.146749999999999936e+00 1.000000000000000048e-04 1.000000000000000048e-04 1.000000000000000000e+00
-3.145999999999999908e+00 1.000000000000000048e-04 1.000000000000000048e-04 1.000000000000000000e+00
-3.145249999999999879e+00 1.000000000000000048e-04 1.000000000000000048e-04 1.000000000000000000e+00
-3.144499999999999851e+00 1.000000000000000048e-04 1.000000000000000048e-04 1.000000000000000000e+00
-3.143749999999999822e+00 1.000000000000000048e-04 1.000000000000000048e-04 1.000000000000000000e+00
-3.142999999999999794e+00 1.000000000000000048e-04 1.000000000000000048e-04 1.000000000000000000e+00
-3.142249999999999766e+00 1.000000000000000048e-04 1.000000000000000048e-04 1.000000000000000000e+00
-3.141499999999999737e+00 1.000000000000000048e-04 1.000000000000000048e-04 1.000000000000000000e+00
-3.140749999999999709e+00 1.000000000000000048e-04 1.000000000000000048e-04 1.000000000000000000e+00
-3.139999999999999680e+00 1.000000000000000048e-04 1.000000000000000048e-04 1.000000000000000000e+00
-3.139249999999999652e+00 1.000000000000000048e-04 1.000000000000000048e-04 1.000000000000000000e+00
-3.138500000000000068e+00 1.000000000000000048e-04 1.000000000000000048e-04 1.000000000000000000e+00
-3.137750000000000039e+00 1.000000000000000048e-04 1.000000000000000048e-04 1.000000000000000000e+00
-3.137000000000000011e+00 1.000000000000000048e-04 1.000000000000000048e-04 1.000000000000000000e+00
-3.136249999999999982e+00 1.000000000000000048e-04 1.000000000000000048e-04 1.000000000000000000e+00
-3.135499999999999954e+00 1.000000000000000048e-04 1.000000000000000048e-04 1.000000000000000000e+00
-3.134749999999999925e+00 1.000000000000000048e-04 1.000000000000000048e-04 1.000000000000000000e+00
-3.133999999999999897e+00 1.000000000000000048e-04 1.000000000000000048e-04 1.000000000000000000e+00
-3.133249999999999869e+00 1.000000000000000048e-04 1.000000000000000048e-04 1.000000000000000000e+00
-3.132500000000000284e+00 1.000000000000000048e-04 1.000000000000000048e-04 1.000000000000000000e+00
-3.131750000000000256e+00 1.000000000000000048e-04 1.000000000000000048e-04 1.000000000000000000e+00
-3.131000000000000227e+00 1.000000000000000048e-04 1.000000000000000048e-04 1.000000000000000000e+00
-3.130250000000000199e+00 1.000000000000000048e-04 1.000000000000000048e-04 1.000000000000000000e+00
-3.129500000000000171e+00 1.000000000000000048e-04 1.000000000000000048e-04 1.000000000000000000e+00
-3.128750000000000142e+00 1.000000000000000048e-04 1.000000000000000048e-04 1.000000000000000000e+00
-3.128000000000000114e+00 1.000000000000000048e-04 1.000000000000000048e-04 1.000000000000000000e+00
-3.127250000000000085e+00 1.000000000000000048e-04 1.000000000000000048e-04 1.000000000000000000e+00
-3.126500000000000057e+00 1.000000000000000048e-04 1.000000000000000048e-04 1.000000000000000000e+00
-3.125750000000000028e+00 1.000000000000000048e-04 1.000000000000000048e-04 1.000000000000000000e+00
-3.125000000000000000e+00 1.000000000000000048e-04 1.000000000000000048e-04 1.000000000000000000e+00
-3.124249999999999972e+00 1.000000000000000048e-04 1.000000000000000048e-04 1.000000000000000000e+00
-3.123499999999999943e+00 1.000000000000000048e-04 1.000000000000000048e-04 1.000000000000000000e+00
-3.122749999999999915e+00 1.000000000000000048e-04 1.000000000000000048e-04 1.000000000000000000e+00
-3.121999999999999886e+00 1.000000000000000048e-04 1.000000000000000048e-04 1.000000000000000000e+00
-3.121249999999999858e+00 1.000000000000000048e-04 1.000000000000000048e-04 1.000000000000000000e+00
-3.120499999999999829e+00 1.000000000000000048e-04 1.000000000000000048e-04 1.000000000000000000e+00
-3.119749999999999801e+00 1.000000000000000048e-04 1.000000000000000048e-04 1.000000000000000000e+00
-3.118999999999999773e+00 1.000000000000000048e-04 1.000000000000000048e-04 1.000000000000000000e+00
-3.118249999999999744e+00 1.000000000000000048e-04 1.000000000000000048e-04 1.000000000000000000e+00
-3.117499999999999716e+00 1.000000000000000048e-04 1.000000000000000048e-04 1.000000000000000000e+00
-3.116749999999999687e+00 1.000000000000000048e-04 1.000000000000000048e-04 1.000000000000000000e+00
-3.115999999999999659e+00 1.000000000000000048e-04 1.000000000000000048e-04 1.000000000000000000e+00
-3.115249999999999631e+00 1.000000000000000048e-04 1.000000000000000048e-04 1.000000000000000000e+00
-3.114500000000000046e+00 1.000000000000000048e-04 1.000000000000000048e-04 1.000000000000000000e+00
-3.113750000000000018e+00 1.000000000000000048e-04 1.000000000000000048e-04 1.000000000000000000e+00
-3.112999999999999989e+00 1.000000000000000048e-04 1.000000000000000048e-04 1.000000000000000000e+00
-3.112249999999999961e+00 1.000000000000000048e-04 1.000000000000000048e-04 1.000000000000000000e+00
-3.111499999999999932e+00 1.000000000000000048e-04 1.000000000000000048e-04 1.000000000000000000e+00
-3.110749999999999904e+00 1.000000000000000048e-04 1.000000000000000048e-04 1.000000000000000000e+00
-3.109999999999999876e+00 1.000000000000000048e-04 1.000000000000000048e-04 1.000000000000000000e+00
-3.109250000000000291e+00 1.000000000000000048e-04 1.000000000000000048e-04 1.000000000000000000e+00
-3.108500000000000263e+00 1.000000000000000048e-04 1.000000000000000048e-04 1.000000000000000000e+00
-3.107750000000000234e+00 1.000000000000000048e-04 1.000000000000000048e-04 1.000000000000000000e+00
-3.107000000000000206e+00 1.000000000000000048e-04 1.000000000000000048e-04 1.000000000000000000e+00
-3.106250000000000178e+00 1.000000000000000048e-04 1.000000000000000048e-04 1.000000000000000000e+00
-3.105500000000000149e+00 1.000000000000000048e-04 1.000000000000000048e-04 1.000000000000000000e+00
-3.104750000000000121e+00 1.000000000000000048e-04 1.000000000000000048e-04 1.000000000000000000e+00
-3.104000000000000092e+00 1.000000000000000048e-04 1.000000000000000048e-04 1.000000000000000000e+00
-3.103250000000000064e+00 1.000000000000000048e-04 1.000000000000000048e-04 1.000000000000000000e+00
-3.102500000000000036e+00 1.000000000000000048e-04 1.000000000000000048e-04 1.000000000000000000e+00
-3.101750000000000007e+00 1.000000000000000048e-04 1.000000000000000048e-04 1.000000000000000000e+00
-3.100999999999999979e+00 1.000000000000000048e-04 1.000000000000000048e-04 1.000000000000000000e+00
-3.100249999999999950e+00 1.000000000000000048e-04 1.000000000000000048e-04 1.000000000000000000e+00
-3.099499999999999922e+00 1.000000000000000048e-04 1.000000000000000048e-04 1.000000000000000000e+00
-3.098749999999999893e+00 1.000000000000000048e-04 1.000000000000000048e-04 1.000000000000000000e+00
-3.097999999999999865e+00 1.000000000000000048e-04 1.000000000000000048e-04 1.000000000000000000e+00
-3.097249999999999837e+00 1.000000000000000048e-04 1.000000000000000048e-04 1.000000000000000000e+00
-3.096499999999999808e+00 1.000000000000000048e-04 1.000000000000000048e-04 1.000000000000000000e+00
-3.095749999999999780e+00 1.000000000000000048e-04 1.000000000000000048e-04 1.000000000000000000e+00
-3.094999999999999751e+00 1.000000000000000048e-04 1.000000000000000048e-04 1.000000000000000000e+00
-3.094249999999999723e+00 1.000000000000000048e-04 1.000000000000000048e-04 1.000000000000000000e+00
-3.093499999999999694e+00 1.000000000000000048e-04 1.000000000000000048e-04 1.000000000000000000e+00
-3.092749999999999666e+00 1.000000000000000048e-04 1.000000000000000048e-04 1.000000000000000000e+00
-3.091999999999999638e+00 1.000000000000000048e-04 1.000000000000000048e-04 1.000000000000000000e+00
-3.091250000000000053e+00 1.000000000000000048e-04 1.000000000000000048e-04 1.000000000000000000e+00
-3.090500000000000025e+00 1.000000000000000048e-04 1.000000000000000048e-04 1.000000000000000000e+00
-3.089749999999999996e+00 1.000000000000000048e-04 1.000000000000000048e-04 1.000000000000000000e+00
-3.088999999999999968e+00 1.000000000000000048e-04 1.000000000000000048e-04 1.000000000000000000e+00
-3.088249999999999940e+00 1.000000000000000048e-04 1.000000000000000048e-04 1.000000000000000000e+00
-3.087499999999999911e+00 1.000000000000000048e-04 1.000000000000000048e-04 1.000000000000000000e+00
-3.086749999999999883e+00 1.000000000000000048e-04 1.000000000000000048e-04 1.000000000000000000e+00
-3.085999999999999854e+00 1.000000000000000048e-04 1.000000000000000048e-04 1.000000000000000000e+00
-3.085250000000000270e+00 1.000000000000000048e-04 1.000000000000000048e-04 1.000000000000000000e+00
-3.084500000000000242e+00 1.000000000000000048e-04 1.000000000000000048e-04 1.000000000000000000e+00
-3.083750000000000213e+00 1.000000000000000048e-04 1.000000000000000048e-04 1.000000000000000000e+00
-3.083000000000000185e+00 1.000000000000000048e-04 1.000000000000000048e-04 1.000000000000000000e+00
-3.082250000000000156e+00 1.000000000000000048e-04 1.000000000000000048e-04 1.000000000000000000e+00
-3.081500000000000128e+00 1.000000000000000048e-04 1.000000000000000048e-04 1.000000000000000000e+00
-3.080750000000000099e+00 1.000000000000000048e-04 1.000000000000000048e-04 1.000000000000000000e+00
-3.080000000000000071e+00 1.000000000000000048e-04 1.000000000000000048e-04 1.000000000000000000e+00
-3.079250000000000043e+00 1.000000000000000048e-04 1.000000000000000048e-04 1.000000000000000000e+00
-3.078500000000000014e+00 1.000000000000000048e-04 1.000000000000000048e-04 1.000000000000000000e+00
-3.077749999999999986e+00 1.000000000000000048e-04 1.000000000000000048e-04 1.000000000000000000e+00
-3.076999999999999957e+00 1.000000000000000048e-04 1.000000000000000048e-04 1.000000000000000000e+00
-3.076249999999999929e+00 1.000000000000000048e-04 1.000000000000000048e-04 1.000000000000000000e+00
-3.075499999999999901e+00 1.000000000000000048e-04 1.000000000000000048e-04 1.000000000000000000e+00
-3.074749999999999872e+00 1.000000000000000048e-04 1.000000000000000048e-04 1.000000000000000000e+00
-3.073999999999999844e+00 1.000000000000000048e-04 1.000000000000000048e-04 1.000000000000000000e+00
-3.073249999999999815e+00 1.000000000000000048e-04 1.000000000000000048e-04 1.000000000000000000e+00
-3.072499999999999787e+00 1.000000000000000048e-04 1.000000000000000048e-04 1.000000000000000000e+00
-3.071749999999999758e+00 1.000000000000000048e-04 1.000000000000000048e-04 1.000000000000000000e+00
-3.070999999999999730e+00 1.000000000000000048e-04 1.000000000000000048e-04 1.000000000000000000e+00
-3.070249999999999702e+00 1.000000000000000048e-04 1.000000000000000048e-04 1.000000000000000000e+00
-3.069499999999999673e+00 1.000000000000000048e-04 1.000000000000000048e-04 1.000000000000000000e+00
-3.068749999999999645e+00 1.000000000000000048e-04 1.000000000000000048e-04 1.000000000000000000e+00
-3.068000000000000060e+00 1.000000000000000048e-04 1.000000000000000048e-04 1.000000000000000000e+00
-3.067250000000000032e+00 1.000000000000000048e-04 1.000000000000000048e-04 1.000000000000000000e+00
-3.066500000000000004e+00 1.000000000000000048e-04 1.000000000000000048e-04 1.000000000000000000e+00
-3.065749999999999975e+00 1.000000000000000048e-04 1.000000000000000048e-04 1.000000000000000000e+00
-3.064999999999999947e+00 1.000000000000000048e-04 1.000000000000000048e-04 1.000000000000000000e+00
-3.064249999999999918e+00 1.000000000000000048e-04 1.000000000000000048e-04 1.000000000000000000e+00
-3.063499999999999890e+00 1.000000000000000048e-04 1.000000000000000048e-04 1.000000000000000000e+00
-3.062749999999999861e+00 1.000000000000000048e-04 1.000000000000000048e-04 1.000000000000000000e+00
-3.062000000000000277e+00 1.000000000000000048e-04 1.000000000000000048e-04 1.000000000000000000e+00
-3.061250000000000249e+00 1.000000000000000048e-04 1.000000000000000048e-04 1.000000000000000000e+00
-3.060500000000000220e+00 1.000000000000000048e-04 1.000000000000000048e-04 1.000000000000000000e+00
-3.059750000000000192e+00 1.000000000000000048e-04 1.000000000000000048e-04 1.000000000000000000e+00
-3.059000000000000163e+00 1.000000000000000048e-04 1.000000000000000048e-04 1.000000000000000000e+00
-3.058250000000000135e+00 1.000000000000000048e-04 1.000000000000000048e-04 1.000000000000000000e+00
-3.057500000000000107e+00 1.000000000000000048e-04 1.000000000000000048e-04 1.000000000000000000e+00
-3.056750000000000078e+00 1.000000000000000048e-04 1.000000000000000048e-04 1.000000000000000000e+00
-3.056000000000000050e+00 1.000000000000000048e-04 1.000000000000000048e-04 1.000000000000000000e+00
-3.055250000000000021e+00 1.000000000000000048e-04 1.000000000000000048e-04 1.000000000000000000e+00
-3.054499999999999993e+00 1.000000000000000048e-04 1.000000000000000048e-04 1.000000000000000000e+00
-3.053749999999999964e+00 1.000000000000000048e-04 1.000000000000000048e-04 1.000000000000000000e+00
-3.052999999999999936e+00 1.000000000000000048e-04 1.000000000000000048e-04 1.000000000000000000e+00
-3.052249999999999908e+00 1.000000000000000048e-04 1.000000000000000048e-04 1.000000000000000000e+00
-3.051499999999999879e+00 1.000000000000000048e-04 1.000000000000000048e-04 1.000000000000000000e+00
-3.050749999999999851e+00 1.000000000000000048e-04 1.000000000000000048e-04 1.000000000000000000e+00
-3.049999999999999822e+00 1.000000000000000048e-04 1.000000000000000048e-04 1.000000000000000000e+00
-3.049249999999999794e+00 1.000000000000000048e-04 1.000000000000000048e-04 1.000000000000000000e+00
-3.048499999999999766e+00 1.000000000000000048e-04 1.000000000000000048e-04 1.000000000000000000e+00
-3.047749999999999737e+00 1.000000000000000048e-04 1.000000000000000048e-04 1.000000000000000000e+00
-3.046999999999999709e+00 1.000000000000000048e-04 1.000000000000000048e-04 1.000000000000000000e+00
-3.046249999999999680e+00 1.000000000000000048e-04 1.000000000000000048e-04 1.000000000000000000e+00
-3.045499999999999652e+00 1.000000000000000048e-04 1.000000000000000048e-04 1.000000000000000000e+00
-3.044750000000000068e+00 1.000000000000000048e-04 1.000000000000000048e-04 1.000000000000000000e+00
-3.044000000000000039e+00 1.000000000000000048e-04 1.000000000000000048e-04 1.000000000000000000e+00
-3.043250000000000011e+00 1.000000000000000048e-04 1.000000000000000048e-04 1.000000000000000000e+00
-3.042499999999999982e+00 1.000000000000000048e-04 1.000000000000000048e-04 1.000000000000000000e+00
-3.041749999999999954e+00 1.000000000000000048e-04 1.000000000000000048e-04 1.000000000000000000e+00
-3.040999999999999925e+00 1.000000000000000048e-04 1.000000000000000048e-04 1.000000000000000000e+00
-3.040249999999999897e+00 1.000000000000000048e-04 1.000000000000000048e-04 1.000000000000000000e+00
-3.039499999999999869e+00 1.000000000000000048e-04 1.000000000000000048e-04 1.000000000000000000e+00
-3.038750000000000284e+00 1.000000000000000048e-04 1.000000000000000048e-04 1.000000000000000000e+00
-3.038000000000000256e+00 1.000000000000000048e-04 1.000000000000000048e-04 1.000000000000000000e+00
-3.037250000000000227e+00 1.000000000000000048e-04 1.000000000000000048e-04 1.000000000000000000e+00
-3.036500000000000199e+00 1.000000000000000048e-04 1.000000000000000048e-04 1.000000000000000000e+00
-3.035750000000000171e+00 1.000000000000000048e-04 1.000000000000000048e-04 1.000000000000000000e+00
-3.035000000000000142e+00 1.000000000000000048e-04 1.000000000000000048e-04 1.000000000000000000e+00
-3.034250000000000114e+00 1.000000000000000048e-04 1.000000000000000048e-04 1.000000000000000000e+00
-3.033500000000000085e+00 1.000000000000000048e-04 1.000000000000000048e-04 1.000000000000000000e+00
-3.032750000000000057e+00 1.000000000000000048e-04 1.000000000000000048e-04 1.000000000000000000e+00
-3.032000000000000028e+00 1.000000000000000048e-04 1.000000000000000048e-04 1.000000000000000000e+00
-3.031250000000000000e+00 1.000000000000000048e-04 1.000000000000000048e-04 1.000000000000000000e+00
-3.030499999999999972e+00 1.000000000000000048e-04 1.000000000000000048e-04 1.000000000000000000e+00
-3.029749999999999943e+00 1.000000000000000048e-04 1.000000000000000048e-04 1.000000000000000000e+00
-3.028999999999999915e+00 1.000000000000000048e-04 1.000000000000000048e-04 1.000000000000000000e+00
-3.028249999999999886e+00 1.000000000000000048e-04 1.000000000000000048e-04 1.000000000000000000e+00
-3.027499999999999858e+00 1.000000000000000048e-04 1.000000000000000048e-04 1.000000000000000000e+00
-3.026749999999999829e+00 1.000000000000000048e-04 1.000000000000000048e-04 1.000000000000000000e+00
-3.025999999999999801e+00 1.000000000000000048e-04 1.000000000000000048e-04 1.000000000000000000e+00
-3.025249999999999773e+00 1.000000000000000048e-04 1.000000000000000048e-04 1.000000000000000000e+00
-3.024499999999999744e+00 1.000000000000000048e-04 1.000000000000000048e-04 1.000000000000000000e+00
-3.023749999999999716e+00 1.000000000000000048e-04 1.000000000000000048e-04 1.000000000000000000e+00
-3.022999999999999687e+00 1.000000000000000048e-04 1.000000000000000048e-04 1.000000000000000000e+00
-3.022249999999999659e+00 1.000000000000000048e-04 1.000000000000000048e-04 1.000000000000000000e+00
-3.021499999999999631e+00 1.000000000000000048e-04 1.000000000000000048e-04 1.000000000000000000e+00
-3.020750000000000046e+00 1.000000000000000048e-04 1.000000000000000048e-04 1.000000000000000000e+00
-3.020000000000000018e+00 1.000000000000000048e-04 1.000000000000000048e-04 1.000000000000000000e+00
-3.019249999999999989e+00 1.000000000000000048e-04 1.000000000000000048e-04 1.000000000000000000e+00
-3.018499999999999961e+00 1.000000000000000048e-04 1.000000000000000048e-04 1.000000000000000000e+00
-3.017749999999999932e+00 1.000000000000000048e-04 1.000000000000000048e-04 1.000000000000000000e+00
-3.016999999999999904e+00 1.000000000000000048e-04 1.000000000000000048e-04 1.000000000000000000e+00
-3.016249999999999876e+00 1.000000000000000048e-04 1.000000000000000048e-04 1.000000000000000000e+00
-3.015500000000000291e+00 1.000000000000000048e-04 1.000000000000000048e-04 1.000000000000000000e+00
-3.014750000000000263e+00 1.000000000000000048e-04 1.000000000000000048e-04 1.000000000000000000e+00
-3.014000000000000234e+00 1.000000000000000048e-04 1.000000000000000048e-04 1.000000000000000000e+00
-3.013250000000000206e+00 1.000000000000000048e-04 1.000000000000000048e-04 1.000000000000000000e+00
-3.012500000000000178e+00 1.000000000000000048e-04 1.000000000000000048e-04 1.000000000000000000e+00
-3.011750000000000149e+00 1.000000000000000048e-04 1.000000000000000048e-04 1.000000000000000000e+00
-3.011000000000000121e+00 1.000000000000000048e-04 1.000000000000000048e-04 1.000000000000000000e+00
-3.010250000000000092e+00 1.000000000000000048e-04 1.000000000000000048e-04 1.000000000000000000e+00
-3.009500000000000064e+00 1.000000000000000048e-04 1.000000000000000048e-04 1.000000000000000000e+00
-3.008750000000000036e+00 1.000000000000000048e-04 1.000000000000000048e-04 1.000000000000000000e+00
-3.008000000000000007e+00 1.000000000000000048e-04 1.000000000000000048e-04 1.000000000000000000e+00
-3.007249999999999979e+00 1.000000000000000048e-04 1.000000000000000048e-04 1.000000000000000000e+00
-3.006499999999999950e+00 1.000000000000000048e-04 1.000000000000000048e-04 1.000000000000000000e+00
-3.005749999999999922e+00 1.000000000000000048e-04 1.000000000000000048e-04 1.000000000000000000e+00
-3.004999999999999893e+00 1.000000000000000048e-04 1.000000000000000048e-04 1.000000000000000000e+00
-3.004249999999999865e+00 1.000000000000000048e-04 1.000000000000000048e-04 1.000000000000000000e+00
-3.003499999999999837e+00 1.000000000000000048e-04 1.000000000000000048e-04 1.000000000000000000e+00
-3.002749999999999808e+00 1.000000000000000048e-04 1.000000000000000048e-04 1.000000000000000000e+00
-3.001999999999999780e+00 1.000000000000000048e-04 1.000000000000000048e-04 1.000000000000000000e+00
-3.001249999999999751e+00 1.000000000000000048e-04 1.000000000000000048e-04 1.000000000000000000e+00
-3.000499999999999723e+00 1.000000000000000048e-04 1.000000000000000048e-04 1.000000000000000000e+00
-2.999750000000000139e+00 1.000000000000000048e-04 1.000000000000000048e-04 1.000000000000000000e+00
-2.999000000000000110e+00 1.000000000000000048e-04 1.000000000000000048e-04 1.000000000000000000e+00
-2.998250000000000082e+00 1.000000000000000048e-04 1.000000000000000048e-04 1.000000000000000000e+00
-2.997500000000000053e+00 1.000000000000000048e-04 1.000000000000000048e-04 1.000000000000000000e+00
-2.996750000000000025e+00 1.000000000000000048e-04 1.000000000000000048e-04 1.000000000000000000e+00
-2.995999999999999996e+00 1.000000000000000048e-04 1.000000000000000048e-04 1.000000000000000000e+00
-2.995249999999999968e+00 1.000000000000000048e-04 1.000000000000000048e-04 1.000000000000000000e+00
-2.994499999999999940e+00 1.000000000000000048e-04 1.000000000000000048e-04 1.000000000000000000e+00
-2.993749999999999911e+00 1.000000000000000048e-04 1.000000000000000048e-04 1.000000000000000000e+00
-2.992999999999999883e+00 1.000000000000000048e-04 1.000000000000000048e-04 1.000000000000000000e+00
-2.992249999999999854e+00 1.000000000000000048e-04 1.000000000000000048e-04 1.000000000000000000e+00
-2.991499999999999826e+00 1.000000000000000048e-04 1.000000000000000048e-04 1.000000000000000000e+00
-2.990749999999999797e+00 1.000000000000000048e-04 1.000000000000000048e-04 1.000000000000000000e+00
-2.989999999999999769e+00 1.000000000000000048e-04 1.000000000000000048e-04 1.000000000000000000e+00
-2.989249999999999741e+00 1.000000000000000048e-04 1.000000000000000048e-04 1.000000000000000000e+00
-2.988500000000000156e+00 1.000000000000000048e-04 1.000000000000000048e-04 1.000000000000000000e+00
-2.987750000000000128e+00 1.000000000000000048e-04 1.000000000000000048e-04 1.000000000000000000e+00
-2.987000000000000099e+00 1.000000000000000048e-04 1.000000000000000048e-04 1.000000000000000000e+00
-2.986250000000000071e+00 1.000000000000000048e-04 1.000000000000000048e-04 1.000000000000000000e+00
-2.985500000000000043e+00 1.000000000000000048e-04 1.000000000000000048e-04 1.000000000000000000e+00
-2.984750000000000014e+00 1.000000000000000048e-04 1.000000000000000048e-04 1.000000000000000000e+00
-2.983999999999999986e+00 1.000000000000000048e-04 1.000000000000000048e-04 1.000000000000000000e+00
-2.983249999999999957e+00 1.000000000000000048e-04 1.000000000000000048e-04 1.000000000000000000e+00
-2.982499999999999929e+00 1.000000000000000048e-04 1.000000000000000048e-04 1.000000000000000000e+00
-2.981749999999999901e+00 1.000000000000000048e-04 1.000000000000000048e-04 1.000000000000000000e+00
-2.980999999999999872e+00 1.000000000000000048e-04 1.000000000000000048e-04 1.000000000000000000e+00
-2.980249999999999844e+00 1.000000000000000048e-04 1.000000000000000048e-04 1.000000000000000000e+00
-2.979499999999999815e+00 1.000000000000000048e-04 1.000000000000000048e-04 1.000000000000000000e+00
-2.978749999999999787e+00 1.000000000000000048e-04 1.000000000000000048e-04 1.000000000000000000e+00
-2.977999999999999758e+00 1.000000000000000048e-04 1.000000000000000048e-04 1.000000000000000000e+00
-2.977250000000000174e+00 1.000000000000000048e-04 1.000000000000000048e-04 1.000000000000000000e+00
-2.976500000000000146e+00 1.000000000000000048e-04 1.000000000000000048e-04 1.000000000000000000e+00
-2.975750000000000117e+00 1.000000000000000048e-04 1.000000000000000048e-04 1.000000000000000000e+00
-2.975000000000000089e+00 1.000000000000000048e-04 1.000000000000000048e-04 1.000000000000000000e+00
-2.974250000000000060e+00 1.000000000000000048e-04 1.000000000000000048e-04 1.000000000000000000e+00
-2.973500000000000032e+00 1.000000000000000048e-04 1.000000000000000048e-04 1.000000000000000000e+00
-2.972750000000000004e+00 1.000000000000000048e-04 1.000000000000000048e-04 1.000000000000000000e+00
-2.971999999999999975e+00 1.000000000000000048e-04 1.000000000000000048e-04 1.000000000000000000e+00
-2.971249999999999947e+00 1.000000000000000048e-04 1.000000000000000048e-04 1.000000000000000000e+00
-2.970499999999999918e+00 1.000000000000000048e-04 1.000000000000000048e-04 1.000000000000000000e+00
-2.969749999999999890e+00 1.000000000000000048e-04 1.000000000000000048e-04 1.000000000000000000e+00
-2.968999999999999861e+00 1.000000000000000048e-04 1.000000000000000048e-04 1.000000000000000000e+00
-2.968249999999999833e+00 1.000000000000000048e-04 1.000000000000000048e-04 1.000000000000000000e+00
-2.967499999999999805e+00 1.000000000000000048e-04 1.000000000000000048e-04 1.000000000000000000e+00
-2.966749999999999776e+00 1.000000000000000048e-04 1.000000000000000048e-04 1.000000000000000000e+00
-2.965999999999999748e+00 1.000000000000000048e-04 1.000000000000000048e-04 1.000000000000000000e+00
-2.965250000000000163e+00 1.000000000000000048e-04 1.000000000000000048e-04 1.000000000000000000e+00
-2.964500000000000135e+00 1.000000000000000048e-04 1.000000000000000048e-04 1.000000000000000000e+00
-2.963750000000000107e+00 1.000000000000000048e-04 1.000000000000000048e-04 1.000000000000000000e+00
-2.963000000000000078e+00 1.000000000000000048e-04 1.000000000000000048e-04 1.000000000000000000e+00
-2.962250000000000050e+00 1.000000000000000048e-04 1.000000000000000048e-04 1.000000000000000000e+00
-2.961500000000000021e+00 1.000000000000000048e-04 1.000000000000000048e-04 1.000000000000000000e+00
-2.960749999999999993e+00 1.000000000000000048e-04 1.000000000000000048e-04 1.000000000000000000e+00
-2.959999999999999964e+00 1.000000000000000048e-04 1.000000000000000048e-04 1.000000000000000000e+00
-2.959249999999999936e+00 1.000000000000000048e-04 1.000000000000000048e-04 1.000000000000000000e+00
-2.958499999999999908e+00 1.000000000000000048e-04 1.000000000000000048e-04 1.000000000000000000e+00
-2.957749999999999879e+00 1.000000000000000048e-04 1.000000000000000048e-04 1.000000000000000000e+00
-2.956999999999999851e+00 1.000000000000000048e-04 1.000000000000000048e-04 1.000000000000000000e+00
-2.956249999999999822e+00 1.000000000000000048e-04 1.000000000000000048e-04 1.000000000000000000e+00
-2.955499999999999794e+00 1.000000000000000048e-04 1.000000000000000048e-04 1.000000000000000000e+00
-2.954749999999999766e+00 1.000000000000000048e-04 1.000000000000000048e-04 1.000000000000000000e+00
-2.953999999999999737e+00 1.000000000000000048e-04 1.000000000000000048e-04 1.000000000000000000e+00
-2.953250000000000153e+00 1.000000000000000048e-04 1.000000000000000048e-04 1.000000000000000000e+00
-2.952500000000000124e+00 1.000000000000000048e-04 1.000000000000000048e-04 1.000000000000000000e+00
-2.951750000000000096e+00 1.000000000000000048e-04 1.000000000000000048e-04 1.000000000000000000e+00
-2.951000000000000068e+00 1.000000000000000048e-04 1.000000000000000048e-04 1.000000000000000000e+00
-2.950250000000000039e+00 1.000000000000000048e-04 1.000000000000000048e-04 1.000000000000000000e+00
-2.949500000000000011e+00 1.000000000000000048e-04 1.000000000000000048e-04 1.000000000000000000e+00
-2.948749999999999982e+00 1.000000000000000048e-04 1.000000000000000048e-04 1.000000000000000000e+00
-2.947999999999999954e+00 1.000000000000000048e-04 1.000000000000000048e-04 1.000000000000000000e+00
-2.947249999999999925e+00 1.000000000000000048e-04 1.000000000000000048e-04 1.000000000000000000e+00
-2.946499999999999897e+00 1.000000000000000048e-04 1.000000000000000048e-04 1.000000000000000000e+00
-2.945749999999999869e+00 1.000000000000000048e-04 1.000000000000000048e-04 1.000000000000000000e+00
-2.944999999999999840e+00 1.000000000000000048e-04 1.000000000000000048e-04 1.000000000000000000e+00
-2.944249999999999812e+00 1.000000000000000048e-04 1.000000000000000048e-04 1.000000000000000000e+00
-2.943499999999999783e+00 1.000000000000000048e-04 1.000000000000000048e-04 1.000000000000000000e+00
-2.942749999999999755e+00 1.000000000000000048e-04 1.000000000000000048e-04 1.000000000000000000e+00
-2.942000000000000171e+00 1.000000000000000048e-04 1.000000000000000048e-04 1.000000000000000000e+00
-2.941250000000000142e+00 1.000000000000000048e-04 1.000000000000000048e-04 1.000000000000000000e+00
-2.940500000000000114e+00 1.000000000000000048e-04 1.000000000000000048e-04 1.000000000000000000e+00
-2.939750000000000085e+00 1.000000000000000048e-04 1.000000000000000048e-04 1.000000000000000000e+00
-2.939000000000000057e+00 1.000000000000000048e-04 1.000000000000000048e-04 1.000000000000000000e+00
-2.938250000000000028e+00 1.000000000000000048e-04 1.000000000000000048e-04 1.000000000000000000e+00
-2.937500000000000000e+00 1.000000000000000048e-04 1.000000000000000048e-04 1.000000000000000000e+00
-2.936749999999999972e+00 1.000000000000000048e-04 1.000000000000000048e-04 1.000000000000000000e+00
-2.935999999999999943e+00 1.000000000000000048e-04 1.000000000000000048e-04 1.000000000000000000e+00
-2.935249999999999915e+00 1.000000000000000048e-04 1.000000000000000048e-04 1.000000000000000000e+00
-2.934499999999999886e+00 1.000000000000000048e-04 1.000000000000000048e-04 1.000000000000000000e+00
-2.933749999999999858e+00 1.000000000000000048e-04 1.000000000000000048e-04 1.000000000000000000e+00
-2.932999999999999829e+00 1.000000000000000048e-04 1.000000000000000048e-04 1.000000000000000000e+00
-2.932249999999999801e+00 1.000000000000000048e-04 1.000000000000000048e-04 1.000000000000000000e+00
-2.931499999999999773e+00 1.000000000000000048e-04 1.000000000000000048e-04 1.000000000000000000e+00
-2.930749999999999744e+00 1.000000000000000048e-04 1.000000000000000048e-04 1.000000000000000000e+00
-2.930000000000000160e+00 1.000000000000000048e-04 1.000000000000000048e-04 1.000000000000000000e+00
-2.929250000000000131e+00 1.000000000000000048e-04 1.000000000000000048e-04 1.000000000000000000e+00
-2.928500000000000103e+00 1.000000000000000048e-04 1.000000000000000048e-04 1.000000000000000000e+00
-2.927750000000000075e+00 1.000000000000000048e-04 1.000000000000000048e-04 1.000000000000000000e+00
-2.927000000000000046e+00 1.000000000000000048e-04 1.000000000000000048e-04 1.000000000000000000e+00
-2.926250000000000018e+00 1.000000000000000048e-04 1.000000000000000048e-04 1.000000000000000000e+00
-2.925499999999999989e+00 1.000000000000000048e-04 1.000000000000000048e-04 1.000000000000000000e+00
-2.924749999999999961e+00 1.000000000000000048e-04 1.000000000000000048e-04 1.000000000000000000e+00
-2.923999999999999932e+00 1.000000000000000048e-04 1.000000000000000048e-04 1.000000000000000000e+00
-2.923249999999999904e+00 1.000000000000000048e-04 1.000000000000000048e-04 1.000000000000000000e+00
-2.922499999999999876e+00 1.000000000000000048e-04 1.000000000000000048e-04 1.000000000000000000e+00
-2.921749999999999847e+00 1.000000000000000048e-04 1.000000000000000048e-04 1.000000000000000000e+00
-2.920999999999999819e+00 1.000000000000000048e-04 1.000000000000000048e-04 1.000000000000000000e+00
-2.920249999999999790e+00 1.000000000000000048e-04 1.000000000000000048e-04 1.000000000000000000e+00
-2.919499999999999762e+00 1.000000000000000048e-04 1.000000000000000048e-04 1.000000000000000000e+00
-2.918750000000000178e+00 1.000000000000000048e-04 1.000000000000000048e-04 1.000000000000000000e+00
-2.918000000000000149e+00 1.000000000000000048e-04 1.000000000000000048e-04 1.000000000000000000e+00
-2.917250000000000121e+00 1.000000000000000048e-04 1.000000000000000048e-04 1.000000000000000000e+00
-2.916500000000000092e+00 1.000000000000000048e-04 1.000000000000000048e-04 1.000000000000000000e+00
-2.915750000000000064e+00 1.000000000000000048e-04 1.000000000000000048e-04 1.000000000000000000e+00
-2.915000000000000036e+00 1.000000000000000048e-04 1.000000000000000048e-04 1.000000000000000000e+00
-2.914250000000000007e+00 1.000000000000000048e-04 1.000000000000000048e-04 1.000000000000000000e+00
-2.913499999999999979e+00 1.000000000000000048e-04 1.000000000000000048e-04 1.000000000000000000e+00
-2.912749999999999950e+00 1.000000000000000048e-04 1.000000000000000048e-04 1.000000000000000000e+00
-2.911999999999999922e+00 1.000000000000000048e-04 1.000000000000000048e-04 1.000000000000000000e+00
-2.911249999999999893e+00 1.000000000000000048e-04 1.000000000000000048e-04 1.000000000000000000e+00
-2.910499999999999865e+00 1.000000000000000048e-04 1.000000000000000048e-04 1.000000000000000000e+00
-2.909749999999999837e+00 1.000000000000000048e-04 1.000000000000000048e-04 1.000000000000000000e+00
-2.908999999999999808e+00 1.000000000000000048e-04 1.000000000000000048e-04 1.000000000000000000e+00
-2.908249999999999780e+00 1.000000000000000048e-04 1.000000000000000048e-04 1.000000000000000000e+00
-2.907499999999999751e+00 1.000000000000000048e-04 1.000000000000000048e-04 1.000000000000000000e+00
-2.906750000000000167e+00 1.000000000000000048e-04 1.000000000000000048e-04 1.000000000000000000e+00
-2.906000000000000139e+00 1.000000000000000048e-04 1.000000000000000048e-04 1.000000000000000000e+00
-2.905250000000000110e+00 1.000000000000000048e-04 1.000000000000000048e-04 1.000000000000000000e+00
-2.904500000000000082e+00 1.000000000000000048e-04 1.000000000000000048e-04 1.000000000000000000e+00
-2.903750000000000053e+00 1.000000000000000048e-04 1.000000000000000048e-04 1.000000000000000000e+00
-2.903000000000000025e+00 1.000000000000000048e-04 1.000000000000000048e-04 1.000000000000000000e+00
-2.902249999999999996e+00 1.000000000000000048e-04 1.000000000000000048e-04 1.000000000000000000e+00
-2.901499999999999968e+00 1.000000000000000048e-04 1.000000000000000048e-04 1.000000000000000000e+00
-2.900749999999999940e+00 1.000000000000000048e-04 1.000000000000000048e-04 1.000000000000000000e+00
-2.899999999999999911e+00 1.000000000000000048e-04 1.000000000000000048e-04 1.000000000000000000e+00
-2.899249999999999883e+00 1.000000000000000048e-04 1.000000000000000048e-04 1.000000000000000000e+00
-2.898499999999999854e+00 1.000000000000000048e-04 1.000000000000000048e-04 1.000000000000000000e+00
-2.897749999999999826e+00 1.000000000000000048e-04 1.000000000000000048e-04 1.000000000000000000e+00
-2.896999999999999797e+00 1.000000000000000048e-04 1.000000000000000048e-04 1.000000000000000000e+00
-2.896249999999999769e+00 1.000000000000000048e-04 1.000000000000000048e-04 1.000000000000000000e+00
-2.895499999999999741e+00 1.000000000000000048e-04 1.000000000000000048e-04 1.000000000000000000e+00
-2.894750000000000156e+00 1.000000000000000048e-04 1.000000000000000048e-04 1.000000000000000000e+00
-2.894000000000000128e+00 1.000000000000000048e-04 1.000000000000000048e-04 1.000000000000000000e+00
-2.893250000000000099e+00 1.000000000000000048e-04 1.000000000000000048e-04 1.000000000000000000e+00
-2.892500000000000071e+00 1.000000000000000048e-04 1.000000000000000048e-04 1.000000000000000000e+00
-2.891750000000000043e+00 1.000000000000000048e-04 1.000000000000000048e-04 1.000000000000000000e+00
-2.891000000000000014e+00 1.000000000000000048e-04 1.000000000000000048e-04 1.000000000000000000e+00
-2.890249999999999986e+00 1.000000000000000048e-04 1.000000000000000048e-04 1.000000000000000000e+00
-2.889499999999999957e+00 1.000000000000000048e-04 1.000000000000000048e-04 1.000000000000000000e+00
-2.888749999999999929e+00 1.000000000000000048e-04 1.000000000000000048e-04 1.000000000000000000e+00
-2.887999999999999901e+00 1.000000000000000048e-04 1.000000000000000048e-04 1.000000000000000000e+00
-2.887249999999999872e+00 1.000000000000000048e-04 1.000000000000000048e-04 1.000000000000000000e+00
-2.886499999999999844e+00 1.000000000000000048e-04 1.000000000000000048e-04 1.000000000000000000e+00
-2.885749999999999815e+00 1.000000000000000048e-04 1.000000000000000048e-04 1.000000000000000000e+00
-2.884999999999999787e+00 1.000000000000000048e-04 1.000000000000000048e-04 1.000000000000000000e+00
-2.884249999999999758e+00 1.000000000000000048e-04 1.000000000000000048e-04 1.000000000000000000e+00
-2.883500000000000174e+00 1.000000000000000048e-04 1.000000000000000048e-04 1.000000000000000000e+00
-2.882750000000000146e+00 1.000000000000000048e-04 1.000000000000000048e-04 1.000000000000000000e+00
-2.882000000000000117e+00 1.000000000000000048e-04 1.000000000000000048e-04 1.000000000000000000e+00
-2.881250000000000089e+00 1.000000000000000048e-04 1.000000000000000048e-04 1.000000000000000000e+00
-2.880500000000000060e+00 1.000000000000000048e-04 1.000000000000000048e-04 1.000000000000000000e+00
-2.879750000000000032e+00 1.000000000000000048e-04 1.000000000000000048e-04 1.000000000000000000e+00
-2.879000000000000004e+00 1.000000000000000048e-04 1.000000000000000048e-04 1.000000000000000000e+00
-2.878249999999999975e+00 1.000000000000000048e-04 1.000000000000000048e-04 1.000000000000000000e+00
-2.877499999999999947e+00 1.000000000000000048e-04 1.000000000000000048e-04 1.000000000000000000e+00
-2.876749999999999918e+00 1.000000000000000048e-04 1.000000000000000048e-04 1.000000000000000000e+00
-2.875999999999999890e+00 1.000000000000000048e-04 1.000000000000000048e-04 1.000000000000000000e+00
-2.875249999999999861e+00 1.000000000000000048e-04 1.000000000000000048e-04 1.000000000000000000e+00
-2.874499999999999833e+00 1.000000000000000048e-04 1.000000000000000048e-04 1.000000000000000000e+00
-2.873749999999999805e+00 1.000000000000000048e-04 1.000000000000000048e-04 1.000000000000000000e+00
-2.872999999999999776e+00 1.000000000000000048e-04 1.000000000000000048e-04 1.000000000000000000e+00
-2.872249999999999748e+00 1.000000000000000048e-04 1.000000000000000048e-04 1.000000000000000000e+00
-2.871500000000000163e+00 1.000000000000000048e-04 1.000000000000000048e-04 1.000000000000000000e+00
-2.870750000000000135e+00 1.000000000000000048e-04 1.000000000000000048e-04 1.000000000000000000e+00
-2.870000000000000107e+00 1.000000000000000048e-04 1.000000000000000048e-04 1.000000000000000000e+00
-2.869250000000000078e+00 1.000000000000000048e-04 1.000000000000000048e-04 1.000000000000000000e+00
-2.868500000000000050e+00 1.000000000000000048e-04 1.000000000000000048e-04 1.000000000000000000e+00
-2.867750000000000021e+00 1.000000000000000048e-04 1.000000000000000048e-04 1.000000000000000000e+00
-2.866999999999999993e+00 1.000000000000000048e-04 1.000000000000000048e-04 1.000000000000000000e+00
-2.866249999999999964e+00 1.000000000000000048e-04 1.000000000000000048e-04 1.000000000000000000e+00
-2.865499999999999936e+00 1.000000000000000048e-04 1.000000000000000048e-04 1.000000000000000000e+00
-2.864749999999999908e+00 1.000000000000000048e-04 1.000000000000000048e-04 1.000000000000000000e+00
-2.863999999999999879e+00 1.000000000000000048e-04 1.000000000000000048e-04 1.000000000000000000e+00
-2.863249999999999851e+00 1.000000000000000048e-04 1.000000000000000048e-04 1.000000000000000000e+00
-2.862499999999999822e+00 1.000000000000000048e-04 1.000000000000000048e-04 1.000000000000000000e+00
-2.861749999999999794e+00 1.000000000000000048e-04 1.000000000000000048e-04 1.000000000000000000e+00
-2.860999999999999766e+00 1.000000000000000048e-04 1.000000000000000048e-04 1.000000000000000000e+00
-2.860249999999999737e+00 1.000000000000000048e-04 1.000000000000000048e-04 1.000000000000000000e+00
-2.859500000000000153e+00 1.000000000000000048e-04 1.000000000000000048e-04 1.000000000000000000e+00
-2.858750000000000124e+00 1.000000000000000048e-04 1.000000000000000048e-04 1.000000000000000000e+00
-2.858000000000000096e+00 1.000000000000000048e-04 1.000000000000000048e-04 1.000000000000000000e+00
-2.857250000000000068e+00 1.000000000000000048e-04 1.000000000000000048e-04 1.000000000000000000e+00
-2.856500000000000039e+00 1.000000000000000048e-04 1.000000000000000048e-04 1.000000000000000000e+00
-2.855750000000000011e+00 1.000000000000000048e-04 1.000000000000000048e-04 1.000000000000000000e+00
-2.854999999999999982e+00 1.000000000000000048e-04 1.000000000000000048e-04 1.000000000000000000e+00
-2.854249999999999954e+00 1.000000000000000048e-04 1.000000000000000048e-04 1.000000000000000000e+00
-2.853499999999999925e+00 1.000000000000000048e-04 1.000000000000000048e-04 1.000000000000000000e+00
-2.852749999999999897e+00 1.000000000000000048e-04 1.000000000000000048e-04 1.000000000000000000e+00
-2.851999999999999869e+00 1.000000000000000048e-04 1.000000000000000048e-04 1.000000000000000000e+00
-2.851249999999999840e+00 1.000000000000000048e-04 1.000000000000000048e-04 1.000000000000000000e+00
-2.850499999999999812e+00 1.000000000000000048e-04 1.000000000000000048e-04 1.000000000000000000e+00
-2.849749999999999783e+00 1.000000000000000048e-04 1.000000000000000048e-04 1.000000000000000000e+00
-2.848999999999999755e+00 1.000000000000000048e-04 1.000000000000000048e-04 1.000000000000000000e+00
-2.848250000000000171e+00 1.000000000000000048e-04 1.000000000000000048e-04 1.000000000000000000e+00
-2.847500000000000142e+00 1.000000000000000048e-04 1.000000000000000048e-04 1.000000000000000000e+00
-2.846750000000000114e+00 1.000000000000000048e-04 1.000000000000000048e-04 1.000000000000000000e+00
-2.846000000000000085e+00 1.000000000000000048e-04 1.000000000000000048e-04 1.000000000000000000e+00
-2.845250000000000057e+00 1.000000000000000048e-04 1.000000000000000048e-04 1.000000000000000000e+00
-2.844500000000000028e+00 1.000000000000000048e-04 1.000000000000000048e-04 1.000000000000000000e+00
-2.843750000000000000e+00 1.000000000000000048e-04 1.000000000000000048e-04 1.000000000000000000e+00
-2.842999999999999972e+00 1.000000000000000048e-04 1.000000000000000048e-04 1.000000000000000000e+00
-2.842249999999999943e+00 1.000000000000000048e-04 1.000000000000000048e-04 1.000000000000000000e+00
-2.841499999999999915e+00 1.000000000000000048e-04 1.000000000000000048e-04 1.000000000000000000e+00
-2.840749999999999886e+00 1.000000000000000048e-04 1.000000000000000048e-04 1.000000000000000000e+00
-2.839999999999999858e+00 1.000000000000000048e-04 1.000000000000000048e-04 1.000000000000000000e+00
-2.839249999999999829e+00 1.000000000000000048e-04 1.000000000000000048e-04 1.000000000000000000e+00
-2.838499999999999801e+00 1.000000000000000048e-04 1.000000000000000048e-04 1.000000000000000000e+00
-2.837749999999999773e+00 1.000000000000000048e-04 1.000000000000000048e-04 1.000000000000000000e+00
-2.836999999999999744e+00 1.000000000000000048e-04 1.000000000000000048e-04 1.000000000000000000e+00
-2.836250000000000160e+00 1.000000000000000048e-04 1.000000000000000048e-04 1.000000000000000000e+00
-2.835500000000000131e+00 1.000000000000000048e-04 1.000000000000000048e-04 1.000000000000000000e+00
-2.834750000000000103e+00 1.000000000000000048e-04 1.000000000000000048e-04 1.000000000000000000e+00
-2.834000000000000075e+00 1.000000000000000048e-04 1.000000000000000048e-04 1.000000000000000000e+00
-2.833250000000000046e+00 1.000000000000000048e-04 1.000000000000000048e-04 1.000000000000000000e+00
-2.832500000000000018e+00 1.000000000000000048e-04 1.000000000000000048e-04 1.000000000000000000e+00
-2.831749999999999989e+00 1.000000000000000048e-04 1.000000000000000048e-04 1.000000000000000000e+00
-2.830999999999999961e+00 1.000000000000000048e-04 1.000000000000000048e-04 1.000000000000000000e+00
-2.830249999999999932e+00 1.000000000000000048e-04 1.000000000000000048e-04 1.000000000000000000e+00
-2.829499999999999904e+00 1.000000000000000048e-04 1.000000000000000048e-04 1.000000000000000000e+00
-2.828749999999999876e+00 1.000000000000000048e-04 1.000000000000000048e-04 1.000000000000000000e+00
-2.827999999999999847e+00 1.000000000000000048e-04 1.000000000000000048e-04 1.000000000000000000e+00
-2.827249999999999819e+00 1.000000000000000048e-04 1.000000000000000048e-04 1.000000000000000000e+00
-2.826499999999999790e+00 1.000000000000000048e-04 1.000000000000000048e-04 1.000000000000000000e+00
-2.825749999999999762e+00 1.000000000000000048e-04 1.000000000000000048e-04 1.000000000000000000e+00
-2.824999999999999734e+00 1.000000000000000048e-04 1.000000000000000048e-04 1.000000000000000000e+00
-2.824250000000000149e+00 1.000000000000000048e-04 1.000000000000000048e-04 1.000000000000000000e+00
-2.823500000000000121e+00 1.000000000000000048e-04 1.000000000000000048e-04 1.000000000000000000e+00
-2.822750000000000092e+00 1.000000000000000048e-04 1.000000000000000048e-04 1.000000000000000000e+00
-2.822000000000000064e+00 1.000000000000000048e-04 1.000000000000000048e-04 1.000000000000000000e+00
-2.821250000000000036e+00 1.000000000000000048e-04 1.000000000000000048e-04 1.000000000000000000e+00
-2.820500000000000007e+00 1.000000000000000048e-04 1.000000000000000048e-04 1.000000000000000000e+00
-2.819749999999999979e+00 1.000000000000000048e-04 1.000000000000000048e-04 1.000000000000000000e+00
-2.818999999999999950e+00 1.000000000000000048e-04 1.000000000000000048e-04 1.000000000000000000e+00
-2.818249999999999922e+00 1.000000000000000048e-04 1.000000000000000048e-04 1.000000000000000000e+00
-2.817499999999999893e+00 1.000000000000000048e-04 1.000000000000000048e-04 1.000000000000000000e+00
-2.816749999999999865e+00 1.000000000000000048e-04 1.000000000000000048e-04 1.000000000000000000e+00
-2.815999999999999837e+00 1.000000000000000048e-04 1.000000000000000048e-04 1.000000000000000000e+00
-2.815249999999999808e+00 1.000000000000000048e-04 1.000000000000000048e-04 1.000000000000000000e+00
-2.814499999999999780e+00 1.000000000000000048e-04 1.000000000000000048e-04 1.000000000000000000e+00
-2.813749999999999751e+00 1.000000000000000048e-04 1.000000000000000048e-04 1.000000000000000000e+00
-2.813000000000000167e+00 1.000000000000000048e-04 1.000000000000000048e-04 1.000000000000000000e+00
-2.812250000000000139e+00 1.000000000000000048e-04 1.000000000000000048e-04 1.000000000000000000e+00
-2.811500000000000110e+00 1.000000000000000048e-04 1.000000000000000048e-04 1.000000000000000000e+00
-2.810750000000000082e+00 1.000000000000000048e-04 1.000000000000000048e-04 1.000000000000000000e+00
-2.810000000000000053e+00 1.000000000000000048e-04 1.000000000000000048e-04 1.000000000000000000e+00
-2.809250000000000025e+00 1.000000000000000048e-04 1.000000000000000048e-04 1.000000000000000000e+00
-2.808499999999999996e+00 1.000000000000000048e-04 1.000000000000000048e-04 1.000000000000000000e+00
-2.807749999999999968e+00 1.000000000000000048e-04 1.000000000000000048e-04 1.000000000000000000e+00
-2.806999999999999940e+00 1.000000000000000048e-04 1.000000000000000048e-04 1.000000000000000000e+00
-2.806249999999999911e+00 1.000000000000000048e-04 1.000000000000000048e-04 1.000000000000000000e+00
-2.805499999999999883e+00 1.000000000000000048e-04 1.000000000000000048e-04 1.000000000000000000e+00
-2.804749999999999854e+00 1.000000000000000048e-04 1.000000000000000048e-04 1.000000000000000000e+00
-2.803999999999999826e+00 1.000000000000000048e-04 1.000000000000000048e-04 1.000000000000000000e+00
-2.803249999999999797e+00 1.000000000000000048e-04 1.000000000000000048e-04 1.000000000000000000e+00
-2.802499999999999769e+00 1.000000000000000048e-04 1.000000000000000048e-04 1.000000000000000000e+00
-2.801749999999999741e+00 1.000000000000000048e-04 1.000000000000000048e-04 1.000000000000000000e+00
-2.801000000000000156e+00 1.000000000000000048e-04 1.000000000000000048e-04 1.000000000000000000e+00
-2.800250000000000128e+00 1.000000000000000048e-04 1.000000000000000048e-04 1.000000000000000000e+00
-2.799500000000000099e+00 1.000000000000000048e-04 1.000000000000000048e-04 1.000000000000000000e+00
-2.798750000000000071e+00 1.000000000000000048e-04 1.000000000000000048e-04 1.000000000000000000e+00
-2.798000000000000043e+00 1.000000000000000048e-04 1.000000000000000048e-04 1.000000000000000000e+00
-2.797250000000000014e+00 1.000000000000000048e-04 1.000000000000000048e-04 1.000000000000000000e+00
-2.796499999999999986e+00 1.000000000000000048e-04 1.000000000000000048e-04 1.000000000000000000e+00
-2.795749999999999957e+00 1.000000000000000048e-04 1.000000000000000048e-04 1.000000000000000000e+00
-2.794999999999999929e+00 1.000000000000000048e-04 1.000000000000000048e-04 1.000000000000000000e+00
-2.794249999999999901e+00 1.000000000000000048e-04 1.000000000000000048e-04 1.000000000000000000e+00
-2.793499999999999872e+00 1.000000000000000048e-04 1.000000000000000048e-04 1.000000000000000000e+00
-2.792749999999999844e+00 1.000000000000000048e-04 1.000000000000000048e-04 1.000000000000000000e+00
-2.791999999999999815e+00 1.000000000000000048e-04 1.000000000000000048e-04 1.000000000000000000e+00
-2.791249999999999787e+00 1.000000000000000048e-04 1.000000000000000048e-04 1.000000000000000000e+00
-2.790499999999999758e+00 1.000000000000000048e-04 1.000000000000000048e-04 1.000000000000000000e+00
-2.789750000000000174e+00 1.000000000000000048e-04 1.000000000000000048e-04 1.000000000000000000e+00
-2.789000000000000146e+00 1.000000000000000048e-04 1.000000000000000048e-04 1.000000000000000000e+00
-2.788250000000000117e+00 1.000000000000000048e-04 1.000000000000000048e-04 1.000000000000000000e+00
-2.787500000000000089e+00 1.000000000000000048e-04 1.000000000000000048e-04 1.000000000000000000e+00
-2.786750000000000060e+00 1.000000000000000048e-04 1.000000000000000048e-04 1.000000000000000000e+00
-2.786000000000000032e+00 1.000000000000000048e-04 1.000000000000000048e-04 1.000000000000000000e+00
-2.785250000000000004e+00 1.000000000000000048e-04 1.000000000000000048e-04 1.000000000000000000e+00
-2.784499999999999975e+00 1.000000000000000048e-04 1.000000000000000048e-04 1.000000000000000000e+00
-2.783749999999999947e+00 1.000000000000000048e-04 1.000000000000000048e-04 1.000000000000000000e+00
-2.782999999999999918e+00 1.000000000000000048e-04 1.000000000000000048e-04 1.000000000000000000e+00
-2.782249999999999890e+00 1.000000000000000048e-04 1.000000000000000048e-04 1.000000000000000000e+00
-2.781499999999999861e+00 1.000000000000000048e-04 1.000000000000000048e-04 1.000000000000000000e+00
-2.780749999999999833e+00 1.000000000000000048e-04 1.000000000000000048e-04 1.000000000000000000e+00
-2.779999999999999805e+00 1.000000000000000048e-04 1.000000000000000048e-04 1.000000000000000000e+00
-2.779249999999999776e+00 1.000000000000000048e-04 1.000000000000000048e-04 1.000000000000000000e+00
-2.778499999999999748e+00 1.000000000000000048e-04 1.000000000000000048e-04 1.000000000000000000e+00
-2.777750000000000163e+00 1.000000000000000048e-04 1.000000000000000048e-04 1.000000000000000000e+00
-2.777000000000000135e+00 1.000000000000000048e-04 1.000000000000000048e-04 1.000000000000000000e+00
-2.776250000000000107e+00 1.000000000000000048e-04 1.000000000000000048e-04 1.000000000000000000e+00
-2.775500000000000078e+00 1.000000000000000048e-04 1.000000000000000048e-04 1.000000000000000000e+00
-2.774750000000000050e+00 1.000000000000000048e-04 1.000000000000000048e-04 1.000000000000000000e+00
-2.774000000000000021e+00 1.000000000000000048e-04 1.000000000000000048e-04 1.000000000000000000e+00
-2.773249999999999993e+00 1.000000000000000048e-04 1.000000000000000048e-04 1.000000000000000000e+00
-2.772499999999999964e+00 1.000000000000000048e-04 1.000000000000000048e-04 1.000000000000000000e+00
-2.771749999999999936e+00 1.000000000000000048e-04 1.000000000000000048e-04 1.000000000000000000e+00
-2.770999999999999908e+00 1.000000000000000048e-04 1.000000000000000048e-04 1.000000000000000000e+00
-2.770249999999999879e+00 1.000000000000000048e-04 1.000000000000000048e-04 1.000000000000000000e+00
-2.769499999999999851e+00 1.000000000000000048e-04 1.000000000000000048e-04 1.000000000000000000e+00
-2.768749999999999822e+00 1.000000000000000048e-04 1.000000000000000048e-04 1.000000000000000000e+00
-2.767999999999999794e+00 1.000000000000000048e-04 1.000000000000000048e-04 1.000000000000000000e+00
-2.767249999999999766e+00 1.000000000000000048e-04 1.000000000000000048e-04 1.000000000000000000e+00
-2.766499999999999737e+00 1.000000000000000048e-04 1.000000000000000048e-04 1.000000000000000000e+00
-2.765750000000000153e+00 1.000000000000000048e-04 1.000000000000000048e-04 1.000000000000000000e+00
-2.765000000000000124e+00 1.000000000000000048e-04 1.000000000000000048e-04 1.000000000000000000e+00
-2.764250000000000096e+00 1.000000000000000048e-04 1.000000000000000048e-04 1.000000000000000000e+00
-2.763500000000000068e+00 1.000000000000000048e-04 1.000000000000000048e-04 1.000000000000000000e+00
-2.762750000000000039e+00 1.000000000000000048e-04 1.000000000000000048e-04 1.000000000000000000e+00
-2.762000000000000011e+00 1.000000000000000048e-04 1.000000000000000048e-04 1.000000000000000000e+00
-2.761249999999999982e+00 1.000000000000000048e-04 1.000000000000000048e-04 1.000000000000000000e+00
-2.760499999999999954e+00 1.000000000000000048e-04 1.000000000000000048e-04 1.000000000000000000e+00
-2.759749999999999925e+00 1.000000000000000048e-04 1.000000000000000048e-04 1.000000000000000000e+00
-2.758999999999999897e+00 1.000000000000000048e-04 1.000000000000000048e-04 1.000000000000000000e+00
-2.758249999999999869e+00 1.000000000000000048e-04 1.000000000000000048e-04 1.000000000000000000e+00
-2.757499999999999840e+00 1.000000000000000048e-04 1.000000000000000048e-04 1.000000000000000000e+00
-2.756749999999999812e+00 1.000000000000000048e-04 1.000000000000000048e-04 1.000000000000000000e+00
-2.755999999999999783e+00 1.000000000000000048e-04 1.000000000000000048e-04 1.000000000000000000e+00
-2.755249999999999755e+00 1.000000000000000048e-04 1.000000000000000048e-04 1.000000000000000000e+00
-2.754500000000000171e+00 1.000000000000000048e-04 1.000000000000000048e-04 1.000000000000000000e+00
-2.753750000000000142e+00 1.000000000000000048e-04 1.000000000000000048e-04 1.000000000000000000e+00
-2.753000000000000114e+00 1.000000000000000048e-04 1.000000000000000048e-04 1.000000000000000000e+00
-2.752250000000000085e+00 1.000000000000000048e-04 1.000000000000000048e-04 1.000000000000000000e+00
-2.751500000000000057e+00 1.000000000000000048e-04 1.000000000000000048e-04 1.000000000000000000e+00
-2.750750000000000028e+00 1.000000000000000048e-04 1.000000000000000048e-04 1.000000000000000000e+00
-2.750000000000000000e+00 1.000000000000000048e-04 1.000000000000000048e-04 1.000000000000000000e+00
-2.749249999999999972e+00 1.000000000000000048e-04 1.000000000000000048e-04 1.000000000000000000e+00
-2.748499999999999943e+00 1.000000000000000048e-04 1.000000000000000048e-04 1.000000000000000000e+00
-2.747749999999999915e+00 1.000000000000000048e-04 1.000000000000000048e-04 1.000000000000000000e+00
-2.746999999999999886e+00 1.000000000000000048e-04 1.000000000000000048e-04 1.000000000000000000e+00
-2.746249999999999858e+00 1.000000000000000048e-04 1.000000000000000048e-04 1.000000000000000000e+00
-2.745499999999999829e+00 1.000000000000000048e-04 1.000000000000000048e-04 1.000000000000000000e+00
-2.744749999999999801e+00 1.000000000000000048e-04 1.000000000000000048e-04 1.000000000000000000e+00
-2.743999999999999773e+00 1.000000000000000048e-04 1.000000000000000048e-04 1.000000000000000000e+00
-2.743249999999999744e+00 1.000000000000000048e-04 1.000000000000000048e-04 1.000000000000000000e+00
-2.742500000000000160e+00 1.000000000000000048e-04 1.000000000000000048e-04 1.000000000000000000e+00
-2.741750000000000131e+00 1.000000000000000048e-04 1.000000000000000048e-04 1.000000000000000000e+00
-2.741000000000000103e+00 1.000000000000000048e-04 1.000000000000000048e-04 1.000000000000000000e+00
-2.740250000000000075e+00 1.000000000000000048e-04 1.000000000000000048e-04 1.000000000000000000e+00
-2.739500000000000046e+00 1.000000000000000048e-04 1.000000000000000048e-04 1.000000000000000000e+00
-2.738750000000000018e+00 1.000000000000000048e-04 1.000000000000000048e-04 1.000000000000000000e+00
-2.737999999999999989e+00 1.000000000000000048e-04 1.000000000000000048e-04 1.000000000000000000e+00
-2.737249999999999961e+00 1.000000000000000048e-04 1.000000000000000048e-04 1.000000000000000000e+00
-2.736499999999999932e+00 1.000000000000000048e-04 1.000000000000000048e-04 1.000000000000000000e+00
-2.735749999999999904e+00 1.000000000000000048e-04 1.000000000000000048e-04 1.000000000000000000e+00
-2.734999999999999876e+00 1.000000000000000048e-04 1.000000000000000048e-04 1.000000000000000000e+00
-2.734249999999999847e+00 1.000000000000000048e-04 1.000000000000000048e-04 1.000000000000000000e+00
-2.733499999999999819e+00 1.000000000000000048e-04 1.000000000000000048e-04 1.000000000000000000e+00
-2.732749999999999790e+00 1.000000000000000048e-04 1.000000000000000048e-04 1.000000000000000000e+00
-2.731999999999999762e+00 1.000000000000000048e-04 1.000000000000000048e-04 1.000000000000000000e+00
-2.731249999999999734e+00 1.000000000000000048e-04 1.000000000000000048e-04 1.000000000000000000e+00
-2.730500000000000149e+00 1.000000000000000048e-04 1.000000000000000048e-04 1.000000000000000000e+00
-2.729750000000000121e+00 1.000000000000000048e-04 1.000000000000000048e-04 1.000000000000000000e+00
-2.729000000000000092e+00 1.000000000000000048e-04 1.000000000000000048e-04 1.000000000000000000e+00
-2.728250000000000064e+00 1.000000000000000048e-04 1.000000000000000048e-04 1.000000000000000000e+00
-2.727500000000000036e+00 1.000000000000000048e-04 1.000000000000000048e-04 1.000000000000000000e+00
-2.726750000000000007e+00 1.000000000000000048e-04 1.000000000000000048e-04 1.000000000000000000e+00
-2.725999999999999979e+00 1.000000000000000048e-04 1.000000000000000048e-04 1.000000000000000000e+00
-2.725249999999999950e+00 1.000000000000000048e-04 1.000000000000000048e-04 1.000000000000000000e+00
-2.724499999999999922e+00 1.000000000000000048e-04 1.000000000000000048e-04 1.000000000000000000e+00
-2.723749999999999893e+00 1.000000000000000048e-04 1.000000000000000048e-04 1.000000000000000000e+00
-2.722999999999999865e+00 1.000000000000000048e-04 1.000000000000000048e-04 1.000000000000000000e+00
-2.722249999999999837e+00 1.000000000000000048e-04 1.000000000000000048e-04 1.000000000000000000e+00
-2.721499999999999808e+00 1.000000000000000048e-04 1.000000000000000048e-04 1.000000000000000000e+00
-2.720749999999999780e+00 1.000000000000000048e-04 1.000000000000000048e-04 1.000000000000000000e+00
-2.719999999999999751e+00 1.000000000000000048e-04 1.000000000000000048e-04 1.000000000000000000e+00
-2.719250000000000167e+00 1.000000000000000048e-04 1.000000000000000048e-04 1.000000000000000000e+00
-2.718500000000000139e+00 1.000000000000000048e-04 1.000000000000000048e-04 1.000000000000000000e+00
-2.717750000000000110e+00 1.000000000000000048e-04 1.000000000000000048e-04 1.000000000000000000e+00
-2.717000000000000082e+00 1.000000000000000048e-04 1.000000000000000048e-04 1.000000000000000000e+00
-2.716250000000000053e+00 1.000000000000000048e-04 1.000000000000000048e-04 1.000000000000000000e+00
-2.715500000000000025e+00 1.000000000000000048e-04 1.000000000000000048e-04 1.000000000000000000e+00
-2.714749999999999996e+00 1.000000000000000048e-04 1.000000000000000048e-04 1.000000000000000000e+00
-2.713999999999999968e+00 1.000000000000000048e-04 1.000000000000000048e-04 1.000000000000000000e+00
-2.713249999999999940e+00 1.000000000000000048e-04 1.000000000000000048e-04 1.000000000000000000e+00
-2.712499999999999911e+00 1.000000000000000048e-04 1.000000000000000048e-04 1.000000000000000000e+00
-2.711749999999999883e+00 1.000000000000000048e-04 1.000000000000000048e-04 1.000000000000000000e+00
-2.710999999999999854e+00 1.000000000000000048e-04 1.000000000000000048e-04 1.000000000000000000e+00
-2.710249999999999826e+00 1.000000000000000048e-04 1.000000000000000048e-04 1.000000000000000000e+00
-2.709499999999999797e+00 1.000000000000000048e-04 1.000000000000000048e-04 1.000000000000000000e+00
-2.708749999999999769e+00 1.000000000000000048e-04 1.000000000000000048e-04 1.000000000000000000e+00
-2.707999999999999741e+00 1.000000000000000048e-04 1.000000000000000048e-04 1.000000000000000000e+00
-2.707250000000000156e+00 1.000000000000000048e-04 1.000000000000000048e-04 1.000000000000000000e+00
-2.706500000000000128e+00 1.000000000000000048e-04 1.000000000000000048e-04 1.000000000000000000e+00
-2.705750000000000099e+00 1.000000000000000048e-04 1.000000000000000048e-04 1.000000000000000000e+00
-2.705000000000000071e+00 1.000000000000000048e-04 1.000000000000000048e-04 1.000000000000000000e+00
-2.704250000000000043e+00 1.000000000000000048e-04 1.000000000000000048e-04 1.000000000000000000e+00
-2.703500000000000014e+00 1.000000000000000048e-04 1.000000000000000048e-04 1.000000000000000000e+00
-2.702749999999999986e+00 1.000000000000000048e-04 1.000000000000000048e-04 1.000000000000000000e+00
-2.701999999999999957e+00 1.000000000000000048e-04 1.000000000000000048e-04 1.000000000000000000e+00
-2.701249999999999929e+00 1.000000000000000048e-04 1.000000000000000048e-04 1.000000000000000000e+00
-2.700499999999999901e+00 1.000000000000000048e-04 1.000000000000000048e-04 1.000000000000000000e+00
-2.699749999999999872e+00 1.000000000000000048e-04 1.000000000000000048e-04 1.000000000000000000e+00
-2.698999999999999844e+00 1.000000000000000048e-04 1.000000000000000048e-04 1.000000000000000000e+00
-2.698249999999999815e+00 1.000000000000000048e-04 1.000000000000000048e-04 1.000000000000000000e+00
-2.697499999999999787e+00 1.000000000000000048e-04 1.000000000000000048e-04 1.000000000000000000e+00
-2.696749999999999758e+00 1.000000000000000048e-04 1.000000000000000048e-04 1.000000000000000000e+00
-2.695999999999999730e+00 1.000000000000000048e-04 1.000000000000000048e-04 1.000000000000000000e+00
-2.695250000000000146e+00 1.000000000000000048e-04 1.000000000000000048e-04 1.000000000000000000e+00
-2.694500000000000117e+00 1.000000000000000048e-04 1.000000000000000048e-04 1.000000000000000000e+00
-2.693750000000000089e+00 1.000000000000000048e-04 1.000000000000000048e-04 1.000000000000000000e+00
-2.693000000000000060e+00 1.000000000000000048e-04 1.000000000000000048e-04 1.000000000000000000e+00
-2.692250000000000032e+00 1.000000000000000048e-04 1.000000000000000048e-04 1.000000000000000000e+00
-2.691500000000000004e+00 1.000000000000000048e-04 1.000000000000000048e-04 1.000000000000000000e+00
-2.690749999999999975e+00 1.000000000000000048e-04 1.000000000000000048e-04 1.000000000000000000e+00
-2.689999999999999947e+00 1.000000000000000048e-04 1.000000000000000048e-04 1.000000000000000000e+00
-2.689249999999999918e+00 1.000000000000000048e-04 1.000000000000000048e-04 1.000000000000000000e+00
-2.688499999999999890e+00 1.000000000000000048e-04 1.000000000000000048e-04 1.000000000000000000e+00
-2.687749999999999861e+00 1.000000000000000048e-04 1.000000000000000048e-04 1.000000000000000000e+00
-2.686999999999999833e+00 1.000000000000000048e-04 1.000000000000000048e-04 1.000000000000000000e+00
-2.686249999999999805e+00 1.000000000000000048e-04 1.000000000000000048e-04 1.000000000000000000e+00
-2.685499999999999776e+00 1.000000000000000048e-04 1.000000000000000048e-04 1.000000000000000000e+00
-2.684749999999999748e+00 1.000000000000000048e-04 1.000000000000000048e-04 1.000000000000000000e+00
-2.684000000000000163e+00 1.000000000000000048e-04 1.000000000000000048e-04 1.000000000000000000e+00
-2.683250000000000135e+00 1.000000000000000048e-04 1.000000000000000048e-04 1.000000000000000000e+00
-2.682500000000000107e+00 1.000000000000000048e-04 1.000000000000000048e-04 1.000000000000000000e+00
-2.681750000000000078e+00 1.000000000000000048e-04 1.000000000000000048e-04 1.000000000000000000e+00
-2.681000000000000050e+00 1.000000000000000048e-04 1.000000000000000048e-04 1.000000000000000000e+00
-2.680250000000000021e+00 1.000000000000000048e-04 1.000000000000000048e-04 1.000000000000000000e+00
-2.679499999999999993e+00 1.000000000000000048e-04 1.000000000000000048e-04 1.000000000000000000e+00
-2.678749999999999964e+00 1.000000000000000048e-04 1.000000000000000048e-04 1.000000000000000000e+00
-2.677999999999999936e+00 1.000000000000000048e-04 1.000000000000000048e-04 1.000000000000000000e+00
-2.677249999999999908e+00 1.000000000000000048e-04 1.000000000000000048e-04 1.000000000000000000e+00
-2.676499999999999879e+00 1.000000000000000048e-04 1.000000000000000048e-04 1.000000000000000000e+00
-2.675749999999999851e+00 1.000000000000000048e-04 1.000000000000000048e-04 1.000000000000000000e+00
-2.674999999999999822e+00 1.000000000000000048e-04 1.000000000000000048e-04 1.000000000000000000e+00
-2.674249999999999794e+00 1.000000000000000048e-04 1.000000000000000048e-04 1.000000000000000000e+00
-2.673499999999999766e+00 1.000000000000000048e-04 1.000000000000000048e-04 1.000000000000000000e+00
-2.672749999999999737e+00 1.000000000000000048e-04 1.000000000000000048e-04 1.000000000000000000e+00
-2.672000000000000153e+00 1.000000000000000048e-04 1.000000000000000048e-04 1.000000000000000000e+00
-2.671250000000000124e+00 1.000000000000000048e-04 1.000000000000000048e-04 1.000000000000000000e+00
-2.670500000000000096e+00 1.000000000000000048e-04 1.000000000000000048e-04 1.000000000000000000e+00
-2.669750000000000068e+00 1.000000000000000048e-04 1.000000000000000048e-04 1.000000000000000000e+00
-2.669000000000000039e+00 1.000000000000000048e-04 1.000000000000000048e-04 1.000000000000000000e+00
-2.668250000000000011e+00 1.000000000000000048e-04 1.000000000000000048e-04 1.000000000000000000e+00
-2.667499999999999982e+00 1.000000000000000048e-04 1.000000000000000048e-04 1.000000000000000000e+00
-2.666749999999999954e+00 1.000000000000000048e-04 1.000000000000000048e-04 1.000000000000000000e+00
-2.665999999999999925e+00 1.000000000000000048e-04 1.000000000000000048e-04 1.000000000000000000e+00
-2.665249999999999897e+00 1.000000000000000048e-04 1.000000000000000048e-04 1.000000000000000000e+00
-2.664499999999999869e+00 1.000000000000000048e-04 1.000000000000000048e-04 1.000000000000000000e+00
-2.663749999999999840e+00 1.000000000000000048e-04 1.000000000000000048e-04 1.000000000000000000e+00
-2.662999999999999812e+00 1.000000000000000048e-04 1.000000000000000048e-04 1.000000000000000000e+00
-2.662249999999999783e+00 1.000000000000000048e-04 1.000000000000000048e-04 1.000000000000000000e+00
-2.661499999999999755e+00 1.000000000000000048e-04 1.000000000000000048e-04 1.000000000000000000e+00
-2.660750000000000171e+00 1.000000000000000048e-04 1.000000000000000048e-04 1.000000000000000000e+00
-2.660000000000000142e+00 1.000000000000000048e-04 1.000000000000000048e-04 1.000000000000000000e+00
-2.659250000000000114e+00 1.000000000000000048e-04 1.000000000000000048e-04 1.000000000000000000e+00
-2.658500000000000085e+00 1.000000000000000048e-04 1.000000000000000048e-04 1.000000000000000000e+00
-2.657750000000000057e+00 1.000000000000000048e-04 1.000000000000000048e-04 1.000000000000000000e+00
-2.657000000000000028e+00 1.000000000000000048e-04 1.000000000000000048e-04 1.000000000000000000e+00
-2.656250000000000000e+00 1.000000000000000048e-04 1.000000000000000048e-04 1.000000000000000000e+00
-2.655499999999999972e+00 1.000000000000000048e-04 1.000000000000000048e-04 1.000000000000000000e+00
-2.654749999999999943e+00 1.000000000000000048e-04 1.000000000000000048e-04 1.000000000000000000e+00
-2.653999999999999915e+00 1.000000000000000048e-04 1.000000000000000048e-04 1.000000000000000000e+00
-2.653249999999999886e+00 1.000000000000000048e-04 1.000000000000000048e-04 1.000000000000000000e+00
-2.652499999999999858e+00 1.000000000000000048e-04 1.000000000000000048e-04 1.000000000000000000e+00
-2.651749999999999829e+00 1.000000000000000048e-04 1.000000000000000048e-04 1.000000000000000000e+00
-2.650999999999999801e+00 1.000000000000000048e-04 1.000000000000000048e-04 1.000000000000000000e+00
-2.650249999999999773e+00 1.000000000000000048e-04 1.000000000000000048e-04 1.000000000000000000e+00
-2.649499999999999744e+00 1.000000000000000048e-04 1.000000000000000048e-04 1.000000000000000000e+00
-2.648750000000000160e+00 1.000000000000000048e-04 1.000000000000000048e-04 1.000000000000000000e+00
-2.648000000000000131e+00 1.000000000000000048e-04 1.000000000000000048e-04 1.000000000000000000e+00
-2.647250000000000103e+00 1.000000000000000048e-04 1.000000000000000048e-04 1.000000000000000000e+00
-2.646500000000000075e+00 1.000000000000000048e-04 1.000000000000000048e-04 1.000000000000000000e+00
-2.645750000000000046e+00 1.000000000000000048e-04 1.000000000000000048e-04 1.000000000000000000e+00
-2.645000000000000018e+00 1.000000000000000048e-04 1.000000000000000048e-04 1.000000000000000000e+00
-2.644249999999999989e+00 1.000000000000000048e-04 1.000000000000000048e-04 1.000000000000000000e+00
-2.643499999999999961e+00 1.000000000000000048e-04 1.000000000000000048e-04 1.000000000000000000e+00
-2.642749999999999932e+00 1.000000000000000048e-04 1.000000000000000048e-04 1.000000000000000000e+00
-2.641999999999999904e+00 1.000000000000000048e-04 1.000000000000000048e-04 1.000000000000000000e+00
-2.641249999999999876e+00 1.000000000000000048e-04 1.000000000000000048e-04 1.000000000000000000e+00
-2.640499999999999847e+00 1.000000000000000048e-04 1.000000000000000048e-04 1.000000000000000000e+00
-2.639749999999999819e+00 1.000000000000000048e-04 1.000000000000000048e-04 1.000000000000000000e+00
-2.638999999999999790e+00 1.000000000000000048e-04 1.000000000000000048e-04 1.000000000000000000e+00
-2.638249999999999762e+00 1.000000000000000048e-04 1.000000000000000048e-04 1.000000000000000000e+00
-2.637499999999999734e+00 1.000000000000000048e-04 1.000000000000000048e-04 1.000000000000000000e+00
-2.636750000000000149e+00 1.000000000000000048e-04 1.000000000000000048e-04 1.000000000000000000e+00
-2.636000000000000121e+00 1.000000000000000048e-04 1.000000000000000048e-04 1.000000000000000000e+00
-2.635250000000000092e+00 1.000000000000000048e-04 1.000000000000000048e-04 1.000000000000000000e+00
-2.634500000000000064e+00 1.000000000000000048e-04 1.000000000000000048e-04 1.000000000000000000e+00
-2.633750000000000036e+00 1.000000000000000048e-04 1.000000000000000048e-04 1.000000000000000000e+00
-2.633000000000000007e+00 1.000000000000000048e-04 1.000000000000000048e-04 1.000000000000000000e+00
-2.632249999999999979e+00 1.000000000000000048e-04 1.000000000000000048e-04 1.000000000000000000e+00
-2.631499999999999950e+00 1.000000000000000048e-04 1.000000000000000048e-04 1.000000000000000000e+00
-2.630749999999999922e+00 1.000000000000000048e-04 1.000000000000000048e-04 1.000000000000000000e+00
-2.629999999999999893e+00 1.000000000000000048e-04 1.000000000000000048e-04 1.000000000000000000e+00
-2.629249999999999865e+00 1.000000000000000048e-04 1.000000000000000048e-04 1.000000000000000000e+00
-2.628499999999999837e+00 1.000000000000000048e-04 1.000000000000000048e-04 1.000000000000000000e+00
-2.627749999999999808e+00 1.000000000000000048e-04 1.000000000000000048e-04 1.000000000000000000e+00
-2.626999999999999780e+00 1.000000000000000048e-04 1.000000000000000048e-04 1.000000000000000000e+00
-2.626249999999999751e+00 1.000000000000000048e-04 1.000000000000000048e-04 1.000000000000000000e+00
-2.625500000000000167e+00 1.000000000000000048e-04 1.000000000000000048e-04 1.000000000000000000e+00
-2.624750000000000139e+00 1.000000000000000048e-04 1.000000000000000048e-04 1.000000000000000000e+00
-2.624000000000000110e+00 1.000000000000000048e-04 1.000000000000000048e-04 1.000000000000000000e+00
-2.623250000000000082e+00 1.000000000000000048e-04 1.000000000000000048e-04 1.000000000000000000e+00
-2.622500000000000053e+00 1.000000000000000048e-04 1.000000000000000048e-04 1.000000000000000000e+00
-2.621750000000000025e+00 1.000000000000000048e-04 1.000000000000000048e-04 1.000000000000000000e+00
-2.620999999999999996e+00 1.000000000000000048e-04 1.000000000000000048e-04 1.000000000000000000e+00
-2.620249999999999968e+00 1.000000000000000048e-04 1.000000000000000048e-04 1.000000000000000000e+00
-2.619499999999999940e+00 1.000000000000000048e-04 1.000000000000000048e-04 1.000000000000000000e+00
-2.618749999999999911e+00 1.000000000000000048e-04 1.000000000000000048e-04 1.000000000000000000e+00
-2.617999999999999883e+00 1.000000000000000048e-04 1.000000000000000048e-04 1.000000000000000000e+00
-2.617249999999999854e+00 1.000000000000000048e-04 1.000000000000000048e-04 1.000000000000000000e+00
-2.616499999999999826e+00 1.000000000000000048e-04 1.000000000000000048e-04 1.000000000000000000e+00
-2.615749999999999797e+00 1.000000000000000048e-04 1.000000000000000048e-04 1.000000000000000000e+00
-2.614999999999999769e+00 1.000000000000000048e-04 1.000000000000000048e-04 1.000000000000000000e+00
-2.614249999999999741e+00 1.000000000000000048e-04 1.000000000000000048e-04 1.000000000000000000e+00
-2.613500000000000156e+00 1.000000000000000048e-04 1.000000000000000048e-04 1.000000000000000000e+00
-2.612750000000000128e+00 1.000000000000000048e-04 1.000000000000000048e-04 1.000000000000000000e+00
-2.612000000000000099e+00 1.000000000000000048e-04 1.000000000000000048e-04 1.000000000000000000e+00
-2.611250000000000071e+00 1.000000000000000048e-04 1.000000000000000048e-04 1.000000000000000000e+00
-2.610500000000000043e+00 1.000000000000000048e-04 1.000000000000000048e-04 1.000000000000000000e+00
-2.609750000000000014e+00 1.000000000000000048e-04 1.000000000000000048e-04 1.000000000000000000e+00
-2.608999999999999986e+00 1.000000000000000048e-04 1.000000000000000048e-04 1.000000000000000000e+00
-2.608249999999999957e+00 1.000000000000000048e-04 1.000000000000000048e-04 1.000000000000000000e+00
-2.607499999999999929e+00 1.000000000000000048e-04 1.000000000000000048e-04 1.000000000000000000e+00
-2.606749999999999901e+00 1.000000000000000048e-04 1.000000000000000048e-04 1.000000000000000000e+00
-2.605999999999999872e+00 1.000000000000000048e-04 1.000000000000000048e-04 1.000000000000000000e+00
-2.605249999999999844e+00 1.000000000000000048e-04 1.000000000000000048e-04 1.000000000000000000e+00
-2.604499999999999815e+00 1.000000000000000048e-04 1.000000000000000048e-04 1.000000000000000000e+00
-2.603749999999999787e+00 1.000000000000000048e-04 1.000000000000000048e-04 1.000000000000000000e+00
-2.602999999999999758e+00 1.000000000000000048e-04 1.000000000000000048e-04 1.000000000000000000e+00
-2.602249999999999730e+00 1.000000000000000048e-04 1.000000000000000048e-04 1.000000000000000000e+00
-2.601500000000000146e+00 1.000000000000000048e-04 1.000000000000000048e-04 1.000000000000000000e+00
-2.600750000000000117e+00 1.000000000000000048e-04 1.000000000000000048e-04 1.000000000000000000e+00
-2.600000000000000089e+00 1.000000000000000048e-04 1.000000000000000048e-04 1.000000000000000000e+00
-2.599250000000000060e+00 1.000000000000000048e-04 1.000000000000000048e-04 1.000000000000000000e+00
-2.598500000000000032e+00 1.000000000000000048e-04 1.000000000000000048e-04 1.000000000000000000e+00
-2.597750000000000004e+00 1.000000000000000048e-04 1.000000000000000048e-04 1.000000000000000000e+00
-2.596999999999999975e+00 1.000000000000000048e-04 1.000000000000000048e-04 1.000000000000000000e+00
-2.596249999999999947e+00 1.000000000000000048e-04 1.000000000000000048e-04 1.000000000000000000e+00
-2.595499999999999918e+00 1.000000000000000048e-04 1.000000000000000048e-04 1.000000000000000000e+00
-2.594749999999999890e+00 1.000000000000000048e-04 1.000000000000000048e-04 1.000000000000000000e+00
-2.593999999999999861e+00 1.000000000000000048e-04 1.000000000000000048e-04 1.000000000000000000e+00
-2.593249999999999833e+00 1.000000000000000048e-04 1.000000000000000048e-04 1.000000000000000000e+00
-2.592499999999999805e+00 1.000000000000000048e-04 1.000000000000000048e-04 1.000000000000000000e+00
-2.591749999999999776e+00 1.000000000000000048e-04 1.000000000000000048e-04 1.000000000000000000e+00
-2.590999999999999748e+00 1.000000000000000048e-04 1.000000000000000048e-04 1.000000000000000000e+00
-2.590250000000000163e+00 1.000000000000000048e-04 1.000000000000000048e-04 1.000000000000000000e+00
-2.589500000000000135e+00 1.000000000000000048e-04 1.000000000000000048e-04 1.000000000000000000e+00
-2.588750000000000107e+00 1.000000000000000048e-04 1.000000000000000048e-04 1.000000000000000000e+00
-2.588000000000000078e+00 1.000000000000000048e-04 1.000000000000000048e-04 1.000000000000000000e+00
-2.587250000000000050e+00 1.000000000000000048e-04 1.000000000000000048e-04 1.000000000000000000e+00
-2.586500000000000021e+00 1.000000000000000048e-04 1.000000000000000048e-04 1.000000000000000000e+00
-2.585749999999999993e+00 1.000000000000000048e-04 1.000000000000000048e-04 1.000000000000000000e+00
-2.584999999999999964e+00 1.000000000000000048e-04 1.000000000000000048e-04 1.000000000000000000e+00
-2.584249999999999936e+00 1.000000000000000048e-04 1.000000000000000048e-04 1.000000000000000000e+00
-2.583499999999999908e+00 1.000000000000000048e-04 1.000000000000000048e-04 1.000000000000000000e+00
-2.582749999999999879e+00 1.000000000000000048e-04 1.000000000000000048e-04 1.000000000000000000e+00
-2.581999999999999851e+00 1.000000000000000048e-04 1.000000000000000048e-04 1.000000000000000000e+00
-2.581249999999999822e+00 1.000000000000000048e-04 1.000000000000000048e-04 1.000000000000000000e+00
-2.580499999999999794e+00 1.000000000000000048e-04 1.000000000000000048e-04 1.000000000000000000e+00
-2.579749999999999766e+00 1.000000000000000048e-04 1.000000000000000048e-04 1.000000000000000000e+00
-2.578999999999999737e+00 1.000000000000000048e-04 1.000000000000000048e-04 1.000000000000000000e+00
-2.578250000000000153e+00 1.000000000000000048e-04 1.000000000000000048e-04 1.000000000000000000e+00
-2.577500000000000124e+00 1.000000000000000048e-04 1.000000000000000048e-04 1.000000000000000000e+00
-2.576750000000000096e+00 1.000000000000000048e-04 1.000000000000000048e-04 1.000000000000000000e+00
-2.576000000000000068e+00 1.000000000000000048e-04 1.000000000000000048e-04 1.000000000000000000e+00
-2.575250000000000039e+00 1.000000000000000048e-04 1.000000000000000048e-04 1.000000000000000000e+00
-2.574500000000000011e+00 1.000000000000000048e-04 1.000000000000000048e-04 1.000000000000000000e+00
-2.573749999999999982e+00 1.000000000000000048e-04 1.000000000000000048e-04 1.000000000000000000e+00
-2.572999999999999954e+00 1.000000000000000048e-04 1.000000000000000048e-04 1.000000000000000000e+00
-2.572249999999999925e+00 1.000000000000000048e-04 1.000000000000000048e-04 1.000000000000000000e+00
-2.571499999999999897e+00 1.000000000000000048e-04 1.000000000000000048e-04 1.000000000000000000e+00
-2.570749999999999869e+00 1.000000000000000048e-04 1.000000000000000048e-04 1.000000000000000000e+00
-2.569999999999999840e+00 1.000000000000000048e-04 1.000000000000000048e-04 1.000000000000000000e+00
-2.569249999999999812e+00 1.000000000000000048e-04 1.000000000000000048e-04 1.000000000000000000e+00
-2.568499999999999783e+00 1.000000000000000048e-04 1.000000000000000048e-04 1.000000000000000000e+00
-2.567749999999999755e+00 1.000000000000000048e-04 1.000000000000000048e-04 1.000000000000000000e+00
-2.567000000000000171e+00 1.000000000000000048e-04 1.000000000000000048e-04 1.000000000000000000e+00
-2.566250000000000142e+00 1.000000000000000048e-04 1.000000000000000048e-04 1.000000000000000000e+00
-2.565500000000000114e+00 1.000000000000000048e-04 1.000000000000000048e-04 1.000000000000000000e+00
-2.564750000000000085e+00 1.000000000000000048e-04 1.000000000000000048e-04 1.000000000000000000e+00
-2.564000000000000057e+00 1.000000000000000048e-04 1.000000000000000048e-04 1.000000000000000000e+00
-2.563250000000000028e+00 1.000000000000000048e-04 1.000000000000000048e-04 1.000000000000000000e+00
-2.562500000000000000e+00 1.000000000000000048e-04 1.000000000000000048e-04 1.000000000000000000e+00
-2.561749999999999972e+00 1.000000000000000048e-04 1.000000000000000048e-04 1.000000000000000000e+00
-2.560999999999999943e+00 1.000000000000000048e-04 1.000000000000000048e-04 1.000000000000000000e+00
-2.560249999999999915e+00 1.000000000000000048e-04 1.000000000000000048e-04 1.000000000000000000e+00
-2.559499999999999886e+00 1.000000000000000048e-04 1.000000000000000048e-04 1.000000000000000000e+00
-2.558749999999999858e+00 1.000000000000000048e-04 1.000000000000000048e-04 1.000000000000000000e+00
-2.557999999999999829e+00 1.000000000000000048e-04 1.000000000000000048e-04 1.000000000000000000e+00
-2.557249999999999801e+00 1.000000000000000048e-04 1.000000000000000048e-04 1.000000000000000000e+00
-2.556499999999999773e+00 1.000000000000000048e-04 1.000000000000000048e-04 1.000000000000000000e+00
-2.555749999999999744e+00 1.000000000000000048e-04 1.000000000000000048e-04 1.000000000000000000e+00
-2.555000000000000160e+00 1.000000000000000048e-04 1.000000000000000048e-04 1.000000000000000000e+00
-2.554250000000000131e+00 1.000000000000000048e-04 1.000000000000000048e-04 1.000000000000000000e+00
-2.553500000000000103e+00 1.000000000000000048e-04 1.000000000000000048e-04 1.000000000000000000e+00
-2.552750000000000075e+00 1.000000000000000048e-04 1.000000000000000048e-04 1.000000000000000000e+00
-2.552000000000000046e+00 1.000000000000000048e-04 1.000000000000000048e-04 1.000000000000000000e+00
-2.551250000000000018e+00 1.000000000000000048e-04 1.000000000000000048e-04 1.000000000000000000e+00
-2.550499999999999989e+00 1.000000000000000048e-04 1.000000000000000048e-04 1.000000000000000000e+00
-2.549749999999999961e+00 1.000000000000000048e-04 1.000000000000000048e-04 1.000000000000000000e+00
-2.548999999999999932e+00 1.000000000000000048e-04 1.000000000000000048e-04 1.000000000000000000e+00
-2.548249999999999904e+00 1.000000000000000048e-04 1.000000000000000048e-04 1.000000000000000000e+00
-2.547499999999999876e+00 1.000000000000000048e-04 1.000000000000000048e-04 1.000000000000000000e+00
-2.546749999999999847e+00 1.000000000000000048e-04 1.000000000000000048e-04 1.000000000000000000e+00
-2.545999999999999819e+00 1.000000000000000048e-04 1.000000000000000048e-04 1.000000000000000000e+00
-2.545249999999999790e+00 1.000000000000000048e-04 1.000000000000000048e-04 1.000000000000000000e+00
-2.544499999999999762e+00 1.000000000000000048e-04 1.000000000000000048e-04 1.000000000000000000e+00
-2.543749999999999734e+00 1.000000000000000048e-04 1.000000000000000048e-04 1.000000000000000000e+00
-2.543000000000000149e+00 1.000000000000000048e-04 1.000000000000000048e-04 1.000000000000000000e+00
-2.542250000000000121e+00 1.000000000000000048e-04 1.000000000000000048e-04 1.000000000000000000e+00
-2.541500000000000092e+00 1.000000000000000048e-04 1.000000000000000048e-04 1.000000000000000000e+00
-2.540750000000000064e+00 1.000000000000000048e-04 1.000000000000000048e-04 1.000000000000000000e+00
-2.540000000000000036e+00 1.000000000000000048e-04 1.000000000000000048e-04 1.000000000000000000e+00
-2.539250000000000007e+00 1.000000000000000048e-04 1.000000000000000048e-04 1.000000000000000000e+00
-2.538499999999999979e+00 1.000000000000000048e-04 1.000000000000000048e-04 1.000000000000000000e+00
-2.537749999999999950e+00 1.000000000000000048e-04 1.000000000000000048e-04 1.000000000000000000e+00
-2.536999999999999922e+00 1.000000000000000048e-04 1.000000000000000048e-04 1.000000000000000000e+00
-2.536249999999999893e+00 1.000000000000000048e-04 1.000000000000000048e-04 1.000000000000000000e+00
-2.535499999999999865e+00 1.000000000000000048e-04 1.000000000000000048e-04 1.000000000000000000e+00
-2.534749999999999837e+00 1.000000000000000048e-04 1.000000000000000048e-04 1.000000000000000000e+00
-2.533999999999999808e+00 1.000000000000000048e-04 1.000000000000000048e-04 1.000000000000000000e+00
-2.533249999999999780e+00 1.000000000000000048e-04 1.000000000000000048e-04 1.000000000000000000e+00
-2.532499999999999751e+00 1.000000000000000048e-04 1.000000000000000048e-04 1.000000000000000000e+00
-2.531750000000000167e+00 1.000000000000000048e-04 1.000000000000000048e-04 1.000000000000000000e+00
-2.531000000000000139e+00 1.000000000000000048e-04 1.000000000000000048e-04 1.000000000000000000e+00
-2.530250000000000110e+00 1.000000000000000048e-04 1.000000000000000048e-04 1.000000000000000000e+00
-2.529500000000000082e+00 1.000000000000000048e-04 1.000000000000000048e-04 1.000000000000000000e+00
-2.528750000000000053e+00 1.000000000000000048e-04 1.000000000000000048e-04 1.000000000000000000e+00
-2.528000000000000025e+00 1.000000000000000048e-04 1.000000000000000048e-04 1.000000000000000000e+00
-2.527249999999999996e+00 1.000000000000000048e-04 1.000000000000000048e-04 1.000000000000000000e+00
-2.526499999999999968e+00 1.000000000000000048e-04 1.000000000000000048e-04 1.000000000000000000e+00
-2.525749999999999940e+00 1.000000000000000048e-04 1.000000000000000048e-04 1.000000000000000000e+00
-2.524999999999999911e+00 1.000000000000000048e-04 1.000000000000000048e-04 1.000000000000000000e+00
-2.524249999999999883e+00 1.000000000000000048e-04 1.000000000000000048e-04 1.000000000000000000e+00
-2.523499999999999854e+00 1.000000000000000048e-04 1.000000000000000048e-04 1.000000000000000000e+00
-2.522749999999999826e+00 1.000000000000000048e-04 1.000000000000000048e-04 1.000000000000000000e+00
-2.521999999999999797e+00 1.000000000000000048e-04 1.000000000000000048e-04 1.000000000000000000e+00
-2.521249999999999769e+00 1.000000000000000048e-04 1.000000000000000048e-04 1.000000000000000000e+00
-2.520499999999999741e+00 1.000000000000000048e-04 1.000000000000000048e-04 1.000000000000000000e+00
-2.519750000000000156e+00 1.000000000000000048e-04 1.000000000000000048e-04 1.000000000000000000e+00
-2.519000000000000128e+00 1.000000000000000048e-04 1.000000000000000048e-04 1.000000000000000000e+00
-2.518250000000000099e+00 1.000000000000000048e-04 1.000000000000000048e-04 1.000000000000000000e+00
-2.517500000000000071e+00 1.000000000000000048e-04 1.000000000000000048e-04 1.000000000000000000e+00
-2.516750000000000043e+00 1.000000000000000048e-04 1.000000000000000048e-04 1.000000000000000000e+00
-2.516000000000000014e+00 1.000000000000000048e-04 1.000000000000000048e-04 1.000000000000000000e+00
-2.515249999999999986e+00 1.000000000000000048e-04 1.000000000000000048e-04 1.000000000000000000e+00
-2.514499999999999957e+00 1.000000000000000048e-04 1.000000000000000048e-04 1.000000000000000000e+00
-2.513749999999999929e+00 1.000000000000000048e-04 1.000000000000000048e-04 1.000000000000000000e+00
-2.512999999999999901e+00 1.000000000000000048e-04 1.000000000000000048e-04 1.000000000000000000e+00
-2.512249999999999872e+00 1.000000000000000048e-04 1.000000000000000048e-04 1.000000000000000000e+00
-2.511499999999999844e+00 1.000000000000000048e-04 1.000000000000000048e-04 1.000000000000000000e+00
-2.510749999999999815e+00 1.000000000000000048e-04 1.000000000000000048e-04 1.000000000000000000e+00
-2.509999999999999787e+00 1.000000000000000048e-04 1.000000000000000048e-04 1.000000000000000000e+00
-2.509249999999999758e+00 1.000000000000000048e-04 1.000000000000000048e-04 1.000000000000000000e+00
-2.508499999999999730e+00 1.000000000000000048e-04 1.000000000000000048e-04 1.000000000000000000e+00
-2.507750000000000146e+00 1.000000000000000048e-04 1.000000000000000048e-04 1.000000000000000000e+00
-2.507000000000000117e+00 1.000000000000000048e-04 1.000000000000000048e-04 1.000000000000000000e+00
-2.506250000000000089e+00 1.000000000000000048e-04 1.000000000000000048e-04 1.000000000000000000e+00
-2.505500000000000060e+00 1.000000000000000048e-04 1.000000000000000048e-04 1.000000000000000000e+00
-2.504750000000000032e+00 1.000000000000000048e-04 1.000000000000000048e-04 1.000000000000000000e+00
-2.504000000000000004e+00 1.000000000000000048e-04 1.000000000000000048e-04 1.000000000000000000e+00
-2.503249999999999975e+00 1.000000000000000048e-04 1.000000000000000048e-04 1.000000000000000000e+00
-2.502499999999999947e+00 1.000000000000000048e-04 1.000000000000000048e-04 1.000000000000000000e+00
-2.501749999999999918e+00 1.000000000000000048e-04 1.000000000000000048e-04 1.000000000000000000e+00
-2.500999999999999890e+00 1.000000000000000048e-04 1.000000000000000048e-04 1.000000000000000000e+00
-2.500249999999999861e+00 1.000000000000000048e-04 1.000000000000000048e-04 1.000000000000000000e+00
-2.499499999999999833e+00 1.000000000000000048e-04 1.000000000000000048e-04 1.000000000000000000e+00
-2.498749999999999805e+00 1.000000000000000048e-04 1.000000000000000048e-04 1.000000000000000000e+00
-2.497999999999999776e+00 1.000000000000000048e-04 1.000000000000000048e-04 1.000000000000000000e+00
-2.497249999999999748e+00 1.000000000000000048e-04 1.000000000000000048e-04 1.000000000000000000e+00
-2.496500000000000163e+00 1.000000000000000048e-04 1.000000000000000048e-04 1.000000000000000000e+00
-2.495750000000000135e+00 1.000000000000000048e-04 1.000000000000000048e-04 1.000000000000000000e+00
-2.495000000000000107e+00 1.000000000000000048e-04 1.000000000000000048e-04 1.000000000000000000e+00
-2.494250000000000078e+00 1.000000000000000048e-04 1.000000000000000048e-04 1.000000000000000000e+00
-2.493500000000000050e+00 1.000000000000000048e-04 1.000000000000000048e-04 1.000000000000000000e+00
-2.492750000000000021e+00 1.000000000000000048e-04 1.000000000000000048e-04 1.000000000000000000e+00
-2.491999999999999993e+00 1.000000000000000048e-04 1.000000000000000048e-04 1.000000000000000000e+00
-2.491249999999999964e+00 1.000000000000000048e-04 1.000000000000000048e-04 1.000000000000000000e+00
-2.490499999999999936e+00 1.000000000000000048e-04 1.000000000000000048e-04 1.000000000000000000e+00
-2.489749999999999908e+00 1.000000000000000048e-04 1.000000000000000048e-04 1.000000000000000000e+00
-2.488999999999999879e+00 1.000000000000000048e-04 1.000000000000000048e-04 1.000000000000000000e+00
-2.488249999999999851e+00 1.000000000000000048e-04 1.000000000000000048e-04 1.000000000000000000e+00
-2.487499999999999822e+00 1.000000000000000048e-04 1.000000000000000048e-04 1.000000000000000000e+00
-2.486749999999999794e+00 1.000000000000000048e-04 1.000000000000000048e-04 1.000000000000000000e+00
-2.485999999999999766e+00 1.000000000000000048e-04 1.000000000000000048e-04 1.000000000000000000e+00
-2.485249999999999737e+00 1.000000000000000048e-04 1.000000000000000048e-04 1.000000000000000000e+00
-2.484500000000000153e+00 1.000000000000000048e-04 1.000000000000000048e-04 1.000000000000000000e+00
-2.483750000000000124e+00 1.000000000000000048e-04 1.000000000000000048e-04 1.000000000000000000e+00
-2.483000000000000096e+00 1.000000000000000048e-04 1.000000000000000048e-04 1.000000000000000000e+00
-2.482250000000000068e+00 1.000000000000000048e-04 1.000000000000000048e-04 1.000000000000000000e+00
-2.481500000000000039e+00 1.000000000000000048e-04 1.000000000000000048e-04 1.000000000000000000e+00
-2.480750000000000011e+00 1.000000000000000048e-04 1.000000000000000048e-04 1.000000000000000000e+00
-2.479999999999999982e+00 1.000000000000000048e-04 1.000000000000000048e-04 1.000000000000000000e+00
-2.479249999999999954e+00 1.000000000000000048e-04 1.000000000000000048e-04 1.000000000000000000e+00
-2.478499999999999925e+00 1.000000000000000048e-04 1.000000000000000048e-04 1.000000000000000000e+00
-2.477749999999999897e+00 1.000000000000000048e-04 1.000000000000000048e-04 1.000000000000000000e+00
-2.476999999999999869e+00 1.000000000000000048e-04 1.000000000000000048e-04 1.000000000000000000e+00
-2.476249999999999840e+00 1.000000000000000048e-04 1.000000000000000048e-04 1.000000000000000000e+00
-2.475499999999999812e+00 1.000000000000000048e-04 1.000000000000000048e-04 1.000000000000000000e+00
-2.474749999999999783e+00 1.000000000000000048e-04 1.000000000000000048e-04 1.000000000000000000e+00
-2.473999999999999755e+00 1.000000000000000048e-04 1.000000000000000048e-04 1.000000000000000000e+00
-2.473249999999999726e+00 1.000000000000000048e-04 1.000000000000000048e-04 1.000000000000000000e+00
-2.472500000000000142e+00 1.000000000000000048e-04 1.000000000000000048e-04 1.000000000000000000e+00
-2.471750000000000114e+00 1.000000000000000048e-04 1.000000000000000048e-04 1.000000000000000000e+00
-2.471000000000000085e+00 1.000000000000000048e-04 1.000000000000000048e-04 1.000000000000000000e+00
-2.470250000000000057e+00 1.000000000000000048e-04 1.000000000000000048e-04 1.000000000000000000e+00
-2.469500000000000028e+00 1.000000000000000048e-04 1.000000000000000048e-04 1.000000000000000000e+00
-2.468750000000000000e+00 1.000000000000000048e-04 1.000000000000000048e-04 1.000000000000000000e+00
-2.467999999999999972e+00 1.000000000000000048e-04 1.000000000000000048e-04 1.000000000000000000e+00
-2.467249999999999943e+00 1.000000000000000048e-04 1.000000000000000048e-04 1.000000000000000000e+00
-2.466499999999999915e+00 1.000000000000000048e-04 1.000000000000000048e-04 1.000000000000000000e+00
-2.465749999999999886e+00 1.000000000000000048e-04 1.000000000000000048e-04 1.000000000000000000e+00
-2.464999999999999858e+00 1.000000000000000048e-04 1.000000000000000048e-04 1.000000000000000000e+00
-2.464249999999999829e+00 1.000000000000000048e-04 1.000000000000000048e-04 1.000000000000000000e+00
-2.463499999999999801e+00 1.000000000000000048e-04 1.000000000000000048e-04 1.000000000000000000e+00
-2.462749999999999773e+00 1.000000000000000048e-04 1.000000000000000048e-04 1.000000000000000000e+00
-2.461999999999999744e+00 1.000000000000000048e-04 1.000000000000000048e-04 1.000000000000000000e+00
-2.461250000000000160e+00 1.000000000000000048e-04 1.000000000000000048e-04 1.000000000000000000e+00
-2.460500000000000131e+00 1.000000000000000048e-04 1.000000000000000048e-04 1.000000000000000000e+00
-2.459750000000000103e+00 1.000000000000000048e-04 1.000000000000000048e-04 1.000000000000000000e+00
-2.459000000000000075e+00 1.000000000000000048e-04 1.000000000000000048e-04 1.000000000000000000e+00
-2.458250000000000046e+00 1.000000000000000048e-04 1.000000000000000048e-04 1.000000000000000000e+00
-2.457500000000000018e+00 1.000000000000000048e-04 1.000000000000000048e-04 1.000000000000000000e+00
-2.456749999999999989e+00 1.000000000000000048e-04 1.000000000000000048e-04 1.000000000000000000e+00
-2.455999999999999961e+00 1.000000000000000048e-04 1.000000000000000048e-04 1.000000000000000000e+00
-2.455249999999999932e+00 1.000000000000000048e-04 1.000000000000000048e-04 1.000000000000000000e+00
-2.454499999999999904e+00 1.000000000000000048e-04 1.000000000000000048e-04 1.000000000000000000e+00
-2.453749999999999876e+00 1.000000000000000048e-04 1.000000000000000048e-04 1.000000000000000000e+00
-2.452999999999999847e+00 1.000000000000000048e-04 1.000000000000000048e-04 1.000000000000000000e+00
-2.452249999999999819e+00 1.000000000000000048e-04 1.000000000000000048e-04 1.000000000000000000e+00
-2.451499999999999790e+00 1.000000000000000048e-04 1.000000000000000048e-04 1.000000000000000000e+00
-2.450749999999999762e+00 1.000000000000000048e-04 1.000000000000000048e-04 1.000000000000000000e+00
-2.449999999999999734e+00 1.000000000000000048e-04 1.000000000000000048e-04 1.000000000000000000e+00
-2.449250000000000149e+00 1.000000000000000048e-04 1.000000000000000048e-04 1.000000000000000000e+00
-2.448500000000000121e+00 1.000000000000000048e-04 1.000000000000000048e-04 1.000000000000000000e+00
-2.447750000000000092e+00 1.000000000000000048e-04 1.000000000000000048e-04 1.000000000000000000e+00
-2.447000000000000064e+00 1.000000000000000048e-04 1.000000000000000048e-04 1.000000000000000000e+00
-2.446250000000000036e+00 1.000000000000000048e-04 1.000000000000000048e-04 1.000000000000000000e+00
-2.445500000000000007e+00 1.000000000000000048e-04 1.000000000000000048e-04 1.000000000000000000e+00
-2.444749999999999979e+00 1.000000000000000048e-04 1.000000000000000048e-04 1.000000000000000000e+00
-2.443999999999999950e+00 1.000000000000000048e-04 1.000000000000000048e-04 1.000000000000000000e+00
-2.443249999999999922e+00 1.000000000000000048e-04 1.000000000000000048e-04 1.000000000000000000e+00
-2.442499999999999893e+00 1.000000000000000048e-04 1.000000000000000048e-04 1.000000000000000000e+00
-2.441749999999999865e+00 1.000000000000000048e-04 1.000000000000000048e-04 1.000000000000000000e+00
-2.440999999999999837e+00 1.000000000000000048e-04 1.000000000000000048e-04 1.000000000000000000e+00
-2.440249999999999808e+00 1.000000000000000048e-04 1.000000000000000048e-04 1.000000000000000000e+00
-2.439499999999999780e+00 1.000000000000000048e-04 1.000000000000000048e-04 1.000000000000000000e+00
-2.438749999999999751e+00 1.000000000000000048e-04 1.000000000000000048e-04 1.000000000000000000e+00
-2.438000000000000167e+00 1.000000000000000048e-04 1.000000000000000048e-04 1.000000000000000000e+00
-2.437250000000000139e+00 1.000000000000000048e-04 1.000000000000000048e-04 1.000000000000000000e+00
-2.436500000000000110e+00 1.000000000000000048e-04 1.000000000000000048e-04 1.000000000000000000e+00
-2.435750000000000082e+00 1.000000000000000048e-04 1.000000000000000048e-04 1.000000000000000000e+00
-2.435000000000000053e+00 1.000000000000000048e-04 1.000000000000000048e-04 1.000000000000000000e+00
-2.434250000000000025e+00 1.000000000000000048e-04 1.000000000000000048e-04 1.000000000000000000e+00
-2.433499999999999996e+00 1.000000000000000048e-04 1.000000000000000048e-04 1.000000000000000000e+00
-2.432749999999999968e+00 1.000000000000000048e-04 1.000000000000000048e-04 1.000000000000000000e+00
-2.431999999999999940e+00 1.000000000000000048e-04 1.000000000000000048e-04 1.000000000000000000e+00
-2.431249999999999911e+00 1.000000000000000048e-04 1.000000000000000048e-04 1.000000000000000000e+00
-2.430499999999999883e+00 1.000000000000000048e-04 1.000000000000000048e-04 1.000000000000000000e+00
-2.429749999999999854e+00 1.000000000000000048e-04 1.000000000000000048e-04 1.000000000000000000e+00
-2.428999999999999826e+00 1.000000000000000048e-04 1.000000000000000048e-04 1.000000000000000000e+00
-2.428249999999999797e+00 1.000000000000000048e-04 1.000000000000000048e-04 1.000000000000000000e+00
-2.427499999999999769e+00 1.000000000000000048e-04 1.000000000000000048e-04 1.000000000000000000e+00
-2.426749999999999741e+00 1.000000000000000048e-04 1.000000000000000048e-04 1.000000000000000000e+00
-2.426000000000000156e+00 1.000000000000000048e-04 1.000000000000000048e-04 1.000000000000000000e+00
-2.425250000000000128e+00 1.000000000000000048e-04 1.000000000000000048e-04 1.000000000000000000e+00
-2.424500000000000099e+00 1.000000000000000048e-04 1.000000000000000048e-04 1.000000000000000000e+00
-2.423750000000000071e+00 1.000000000000000048e-04 1.000000000000000048e-04 1.000000000000000000e+00
-2.423000000000000043e+00 1.000000000000000048e-04 1.000000000000000048e-04 1.000000000000000000e+00
-2.422250000000000014e+00 1.000000000000000048e-04 1.000000000000000048e-04 1.000000000000000000e+00
-2.421499999999999986e+00 1.000000000000000048e-04 1.000000000000000048e-04 1.000000000000000000e+00
-2.420749999999999957e+00 1.000000000000000048e-04 1.000000000000000048e-04 1.000000000000000000e+00
-2.419999999999999929e+00 1.000000000000000048e-04 1.000000000000000048e-04 1.000000000000000000e+00
-2.419249999999999901e+00 1.000000000000000048e-04 1.000000000000000048e-04 1.000000000000000000e+00
-2.418499999999999872e+00 1.000000000000000048e-04 1.000000000000000048e-04 1.000000000000000000e+00
-2.417749999999999844e+00 1.000000000000000048e-04 1.000000000000000048e-04 1.000000000000000000e+00
-2.416999999999999815e+00 1.000000000000000048e-04 1.000000000000000048e-04 1.000000000000000000e+00
-2.416249999999999787e+00 1.000000000000000048e-04 1.000000000000000048e-04 1.000000000000000000e+00
-2.415499999999999758e+00 1.000000000000000048e-04 1.000000000000000048e-04 1.000000000000000000e+00
-2.414749999999999730e+00 1.000000000000000048e-04 1.000000000000000048e-04 1.000000000000000000e+00
-2.414000000000000146e+00 1.000000000000000048e-04 1.000000000000000048e-04 1.000000000000000000e+00
-2.413250000000000117e+00 1.000000000000000048e-04 1.000000000000000048e-04 1.000000000000000000e+00
-2.412500000000000089e+00 1.000000000000000048e-04 1.000000000000000048e-04 1.000000000000000000e+00
-2.411750000000000060e+00 1.000000000000000048e-04 1.000000000000000048e-04 1.000000000000000000e+00
-2.411000000000000032e+00 1.000000000000000048e-04 1.000000000000000048e-04 1.000000000000000000e+00
-2.410250000000000004e+00 1.000000000000000048e-04 1.000000000000000048e-04 1.000000000000000000e+00
-2.409499999999999975e+00 1.000000000000000048e-04 1.000000000000000048e-04 1.000000000000000000e+00
-2.408749999999999947e+00 1.000000000000000048e-04 1.000000000000000048e-04 1.000000000000000000e+00
-2.407999999999999918e+00 1.000000000000000048e-04 1.000000000000000048e-04 1.000000000000000000e+00
-2.407249999999999890e+00 1.000000000000000048e-04 1.000000000000000048e-04 1.000000000000000000e+00
-2.406499999999999861e+00 1.000000000000000048e-04 1.000000000000000048e-04 1.000000000000000000e+00
-2.405749999999999833e+00 1.000000000000000048e-04 1.000000000000000048e-04 1.000000000000000000e+00
-2.404999999999999805e+00 1.000000000000000048e-04 1.000000000000000048e-04 1.000000000000000000e+00
-2.404249999999999776e+00 1.000000000000000048e-04 1.000000000000000048e-04 1.000000000000000000e+00
-2.403499999999999748e+00 1.000000000000000048e-04 1.000000000000000048e-04 1.000000000000000000e+00
-2.402750000000000163e+00 1.000000000000000048e-04 1.000000000000000048e-04 1.000000000000000000e+00
-2.402000000000000135e+00 1.000000000000000048e-04 1.000000000000000048e-04 1.000000000000000000e+00
-2.401250000000000107e+00 1.000000000000000048e-04 1.000000000000000048e-04 1.000000000000000000e+00
-2.400500000000000078e+00 1.000000000000000048e-04 1.000000000000000048e-04 1.000000000000000000e+00
-2.399750000000000050e+00 1.000000000000000048e-04 1.000000000000000048e-04 1.000000000000000000e+00
-2.399000000000000021e+00 1.000000000000000048e-04 1.000000000000000048e-04 1.000000000000000000e+00
-2.398249999999999993e+00 1.000000000000000048e-04 1.000000000000000048e-04 1.000000000000000000e+00
-2.397499999999999964e+00 1.000000000000000048e-04 1.000000000000000048e-04 1.000000000000000000e+00
-2.396749999999999936e+00 1.000000000000000048e-04 1.000000000000000048e-04 1.000000000000000000e+00
-2.395999999999999908e+00 1.000000000000000048e-04 1.000000000000000048e-04 1.000000000000000000e+00
-2.395249999999999879e+00 1.000000000000000048e-04 1.000000000000000048e-04 1.000000000000000000e+00
-2.394499999999999851e+00 1.000000000000000048e-04 1.000000000000000048e-04 1.000000000000000000e+00
-2.393749999999999822e+00 1.000000000000000048e-04 1.000000000000000048e-04 1.000000000000000000e+00
-2.392999999999999794e+00 1.000000000000000048e-04 1.000000000000000048e-04 1.000000000000000000e+00
-2.392249999999999766e+00 1.000000000000000048e-04 1.000000000000000048e-04 1.000000000000000000e+00
-2.391499999999999737e+00 1.000000000000000048e-04 1.000000000000000048e-04 1.000000000000000000e+00
-2.390750000000000153e+00 1.000000000000000048e-04 1.000000000000000048e-04 1.000000000000000000e+00
-2.390000000000000124e+00 1.000000000000000048e-04 1.000000000000000048e-04 1.000000000000000000e+00
-2.389250000000000096e+00 1.000000000000000048e-04 1.000000000000000048e-04 1.000000000000000000e+00
-2.388500000000000068e+00 1.000000000000000048e-04 1.000000000000000048e-04 1.000000000000000000e+00
-2.387750000000000039e+00 1.000000000000000048e-04 1.000000000000000048e-04 1.000000000000000000e+00
-2.387000000000000011e+00 1.000000000000000048e-04 1.000000000000000048e-04 1.000000000000000000e+00
-2.386249999999999982e+00 1.000000000000000048e-04 1.000000000000000048e-04 1.000000000000000000e+00
-2.385499999999999954e+00 1.000000000000000048e-04 1.000000000000000048e-04 1.000000000000000000e+00
-2.384749999999999925e+00 1.000000000000000048e-04 1.000000000000000048e-04 1.000000000000000000e+00
-2.383999999999999897e+00 1.000000000000000048e-04 1.000000000000000048e-04 1.000000000000000000e+00
-2.383249999999999869e+00 1.000000000000000048e-04 1.000000000000000048e-04 1.000000000000000000e+00
-2.382499999999999840e+00 1.000000000000000048e-04 1.000000000000000048e-04 1.000000000000000000e+00
-2.381749999999999812e+00 1.000000000000000048e-04 1.000000000000000048e-04 1.000000000000000000e+00
-2.380999999999999783e+00 1.000000000000000048e-04 1.000000000000000048e-04 1.000000000000000000e+00
-2.380249999999999755e+00 1.000000000000000048e-04 1.000000000000000048e-04 1.000000000000000000e+00
-2.379499999999999726e+00 1.000000000000000048e-04 1.000000000000000048e-04 1.000000000000000000e+00
-2.378750000000000142e+00 1.000000000000000048e-04 1.000000000000000048e-04 1.000000000000000000e+00
-2.378000000000000114e+00 1.000000000000000048e-04 1.000000000000000048e-04 1.000000000000000000e+00
-2.377250000000000085e+00 1.000000000000000048e-04 1.000000000000000048e-04 1.000000000000000000e+00
-2.376500000000000057e+00 1.000000000000000048e-04 1.000000000000000048e-04 1.000000000000000000e+00
-2.375750000000000028e+00 1.000000000000000048e-04 1.000000000000000048e-04 1.000000000000000000e+00
-2.375000000000000000e+00 1.000000000000000048e-04 1.000000000000000048e-04 1.000000000000000000e+00
-2.374249999999999972e+00 1.000000000000000048e-04 1.000000000000000048e-04 1.000000000000000000e+00
-2.373499999999999943e+00 1.000000000000000048e-04 1.000000000000000048e-04 1.000000000000000000e+00
-2.372749999999999915e+00 1.000000000000000048e-04 1.000000000000000048e-04 1.000000000000000000e+00
-2.371999999999999886e+00 1.000000000000000048e-04 1.000000000000000048e-04 1.000000000000000000e+00
-2.371249999999999858e+00 1.000000000000000048e-04 1.000000000000000048e-04 1.000000000000000000e+00
-2.370499999999999829e+00 1.000000000000000048e-04 1.000000000000000048e-04 1.000000000000000000e+00
-2.369749999999999801e+00 1.000000000000000048e-04 1.000000000000000048e-04 1.000000000000000000e+00
-2.368999999999999773e+00 1.000000000000000048e-04 1.000000000000000048e-04 1.000000000000000000e+00
-2.368249999999999744e+00 1.000000000000000048e-04 1.000000000000000048e-04 1.000000000000000000e+00
-2.367500000000000160e+00 1.000000000000000048e-04 1.000000000000000048e-04 1.000000000000000000e+00
-2.366750000000000131e+00 1.000000000000000048e-04 1.000000000000000048e-04 1.000000000000000000e+00
-2.366000000000000103e+00 1.000000000000000048e-04 1.000000000000000048e-04 1.000000000000000000e+00
-2.365250000000000075e+00 1.000000000000000048e-04 1.000000000000000048e-04 1.000000000000000000e+00
-2.364500000000000046e+00 1.000000000000000048e-04 1.000000000000000048e-04 1.000000000000000000e+00
-2.363750000000000018e+00 1.000000000000000048e-04 1.000000000000000048e-04 1.000000000000000000e+00
-2.362999999999999989e+00 1.000000000000000048e-04 1.000000000000000048e-04 1.000000000000000000e+00
-2.362249999999999961e+00 1.000000000000000048e-04 1.000000000000000048e-04 1.000000000000000000e+00
-2.361499999999999932e+00 1.000000000000000048e-04 1.000000000000000048e-04 1.000000000000000000e+00
-2.360749999999999904e+00 1.000000000000000048e-04 1.000000000000000048e-04 1.000000000000000000e+00
-2.359999999999999876e+00 1.000000000000000048e-04 1.000000000000000048e-04 1.000000000000000000e+00
-2.359249999999999847e+00 1.000000000000000048e-04 1.000000000000000048e-04 1.000000000000000000e+00
-2.358499999999999819e+00 1.000000000000000048e-04 1.000000000000000048e-04 1.000000000000000000e+00
-2.357749999999999790e+00 1.000000000000000048e-04 1.000000000000000048e-04 1.000000000000000000e+00
-2.356999999999999762e+00 1.000000000000000048e-04 1.000000000000000048e-04 1.000000000000000000e+00
-2.356249999999999734e+00 1.000000000000000048e-04 1.000000000000000048e-04 1.000000000000000000e+00
-2.355500000000000149e+00 1.000000000000000048e-04 1.000000000000000048e-04 1.000000000000000000e+00
-2.354750000000000121e+00 1.000000000000000048e-04 1.000000000000000048e-04 1.000000000000000000e+00
-2.354000000000000092e+00 1.000000000000000048e-04 1.000000000000000048e-04 1.000000000000000000e+00
-2.353250000000000064e+00 1.000000000000000048e-04 1.000000000000000048e-04 1.000000000000000000e+00
-2.352500000000000036e+00 1.000000000000000048e-04 1.000000000000000048e-04 1.000000000000000000e+00
-2.351750000000000007e+00 1.000000000000000048e-04 1.000000000000000048e-04 1.000000000000000000e+00
-2.350999999999999979e+00 1.000000000000000048e-04 1.000000000000000048e-04 1.000000000000000000e+00
-2.350249999999999950e+00 1.000000000000000048e-04 1.000000000000000048e-04 1.000000000000000000e+00
-2.349499999999999922e+00 1.000000000000000048e-04 1.000000000000000048e-04 1.000000000000000000e+00
-2.348749999999999893e+00 1.000000000000000048e-04 1.000000000000000048e-04 1.000000000000000000e+00
-2.347999999999999865e+00 1.000000000000000048e-04 1.000000000000000048e-04 1.000000000000000000e+00
-2.347249999999999837e+00 1.000000000000000048e-04 1.000000000000000048e-04 1.000000000000000000e+00
-2.346499999999999808e+00 1.000000000000000048e-04 1.000000000000000048e-04 1.000000000000000000e+00
-2.345749999999999780e+00 1.000000000000000048e-04 1.000000000000000048e-04 1.000000000000000000e+00
-2.344999999999999751e+00 1.000000000000000048e-04 1.000000000000000048e-04 1.000000000000000000e+00
-2.344249999999999723e+00 1.000000000000000048e-04 1.000000000000000048e-04 1.000000000000000000e+00
-2.343500000000000139e+00 1.000000000000000048e-04 1.000000000000000048e-04 1.000000000000000000e+00
-2.342750000000000110e+00 1.000000000000000048e-04 1.000000000000000048e-04 1.000000000000000000e+00
-2.342000000000000082e+00 1.000000000000000048e-04 1.000000000000000048e-04 1.000000000000000000e+00
-2.341250000000000053e+00 1.000000000000000048e-04 1.000000000000000048e-04 1.000000000000000000e+00
-2.340500000000000025e+00 1.000000000000000048e-04 1.000000000000000048e-04 1.000000000000000000e+00
-2.339749999999999996e+00 1.000000000000000048e-04 1.000000000000000048e-04 1.000000000000000000e+00
-2.338999999999999968e+00 1.000000000000000048e-04 1.000000000000000048e-04 1.000000000000000000e+00
-2.338249999999999940e+00 1.000000000000000048e-04 1.000000000000000048e-04 1.000000000000000000e+00
-2.337499999999999911e+00 1.000000000000000048e-04 1.000000000000000048e-04 1.000000000000000000e+00
-2.336749999999999883e+00 1.000000000000000048e-04 1.000000000000000048e-04 1.000000000000000000e+00
-2.335999999999999854e+00 1.000000000000000048e-04 1.000000000000000048e-04 1.000000000000000000e+00
-2.335249999999999826e+00 1.000000000000000048e-04 1.000000000000000048e-04 1.000000000000000000e+00
-2.334499999999999797e+00 1.000000000000000048e-04 1.000000000000000048e-04 1.000000000000000000e+00
-2.333749999999999769e+00 1.000000000000000048e-04 1.000000000000000048e-04 1.000000000000000000e+00
-2.332999999999999741e+00 1.000000000000000048e-04 1.000000000000000048e-04 1.000000000000000000e+00
-2.332250000000000156e+00 1.000000000000000048e-04 1.000000000000000048e-04 1.000000000000000000e+00
-2.331500000000000128e+00 1.000000000000000048e-04 1.000000000000000048e-04 1.000000000000000000e+00
-2.330750000000000099e+00 1.000000000000000048e-04 1.000000000000000048e-04 1.000000000000000000e+00
-2.330000000000000071e+00 1.000000000000000048e-04 1.000000000000000048e-04 1.000000000000000000e+00
-2.329250000000000043e+00 1.000000000000000048e-04 1.000000000000000048e-04 1.000000000000000000e+00
-2.328500000000000014e+00 1.000000000000000048e-04 1.000000000000000048e-04 1.000000000000000000e+00
-2.327749999999999986e+00 1.000000000000000048e-04 1.000000000000000048e-04 1.000000000000000000e+00
-2.326999999999999957e+00 1.000000000000000048e-04 1.000000000000000048e-04 1.000000000000000000e+00
-2.326249999999999929e+00 1.000000000000000048e-04 1.000000000000000048e-04 1.000000000000000000e+00
-2.325499999999999901e+00 1.000000000000000048e-04 1.000000000000000048e-04 1.000000000000000000e+00
-2.324749999999999872e+00 1.000000000000000048e-04 1.000000000000000048e-04 1.000000000000000000e+00
-2.323999999999999844e+00 1.000000000000000048e-04 1.000000000000000048e-04 1.000000000000000000e+00
-2.323249999999999815e+00 1.000000000000000048e-04 1.000000000000000048e-04 1.000000000000000000e+00
-2.322499999999999787e+00 1.000000000000000048e-04 1.000000000000000048e-04 1.000000000000000000e+00
-2.321749999999999758e+00 1.000000000000000048e-04 1.000000000000000048e-04 1.000000000000000000e+00
-2.320999999999999730e+00 1.000000000000000048e-04 1.000000000000000048e-04 1.000000000000000000e+00
-2.320250000000000146e+00 1.000000000000000048e-04 1.000000000000000048e-04 1.000000000000000000e+00
-2.319500000000000117e+00 1.000000000000000048e-04 1.000000000000000048e-04 1.000000000000000000e+00
-2.318750000000000089e+00 1.000000000000000048e-04 1.000000000000000048e-04 1.000000000000000000e+00
-2.318000000000000060e+00 1.000000000000000048e-04 1.000000000000000048e-04 1.000000000000000000e+00
-2.317250000000000032e+00 1.000000000000000048e-04 1.000000000000000048e-04 1.000000000000000000e+00
-2.316500000000000004e+00 1.000000000000000048e-04 1.000000000000000048e-04 1.000000000000000000e+00
-2.315749999999999975e+00 1.000000000000000048e-04 1.000000000000000048e-04 1.000000000000000000e+00
-2.314999999999999947e+00 1.000000000000000048e-04 1.000000000000000048e-04 1.000000000000000000e+00
-2.314249999999999918e+00 1.000000000000000048e-04 1.000000000000000048e-04 1.000000000000000000e+00
-2.313499999999999890e+00 1.000000000000000048e-04 1.000000000000000048e-04 1.000000000000000000e+00
-2.312749999999999861e+00 1.000000000000000048e-04 1.000000000000000048e-04 1.000000000000000000e+00
-2.311999999999999833e+00 1.000000000000000048e-04 1.000000000000000048e-04 1.000000000000000000e+00
-2.311249999999999805e+00 1.000000000000000048e-04 1.000000000000000048e-04 1.000000000000000000e+00
-2.310499999999999776e+00 1.000000000000000048e-04 1.000000000000000048e-04 1.000000000000000000e+00
-2.309749999999999748e+00 1.000000000000000048e-04 1.000000000000000048e-04 1.000000000000000000e+00
-2.309000000000000163e+00 1.000000000000000048e-04 1.000000000000000048e-04 1.000000000000000000e+00
-2.308250000000000135e+00 1.000000000000000048e-04 1.000000000000000048e-04 1.000000000000000000e+00
-2.307500000000000107e+00 1.000000000000000048e-04 1.000000000000000048e-04 1.000000000000000000e+00
-2.306750000000000078e+00 1.000000000000000048e-04 1.000000000000000048e-04 1.000000000000000000e+00
-2.306000000000000050e+00 1.000000000000000048e-04 1.000000000000000048e-04 1.000000000000000000e+00
-2.305250000000000021e+00 1.000000000000000048e-04 1.000000000000000048e-04 1.000000000000000000e+00
-2.304499999999999993e+00 1.000000000000000048e-04 1.000000000000000048e-04 1.000000000000000000e+00
-2.303749999999999964e+00 1.000000000000000048e-04 1.000000000000000048e-04 1.000000000000000000e+00
-2.302999999999999936e+00 1.000000000000000048e-04 1.000000000000000048e-04 1.000000000000000000e+00
-2.302249999999999908e+00 1.000000000000000048e-04 1.000000000000000048e-04 1.000000000000000000e+00
-2.301499999999999879e+00 1.000000000000000048e-04 1.000000000000000048e-04 1.000000000000000000e+00
-2.300749999999999851e+00 1.000000000000000048e-04 1.000000000000000048e-04 1.000000000000000000e+00
-2.299999999999999822e+00 1.000000000000000048e-04 1.000000000000000048e-04 1.000000000000000000e+00
-2.299249999999999794e+00 1.000000000000000048e-04 1.000000000000000048e-04 1.000000000000000000e+00
-2.298499999999999766e+00 1.000000000000000048e-04 1.000000000000000048e-04 1.000000000000000000e+00
-2.297749999999999737e+00 1.000000000000000048e-04 1.000000000000000048e-04 1.000000000000000000e+00
-2.297000000000000153e+00 1.000000000000000048e-04 1.000000000000000048e-04 1.000000000000000000e+00
-2.296250000000000124e+00 1.000000000000000048e-04 1.000000000000000048e-04 1.000000000000000000e+00
-2.295500000000000096e+00 1.000000000000000048e-04 1.000000000000000048e-04 1.000000000000000000e+00
-2.294750000000000068e+00 1.000000000000000048e-04 1.000000000000000048e-04 1.000000000000000000e+00
-2.294000000000000039e+00 1.000000000000000048e-04 1.000000000000000048e-04 1.000000000000000000e+00
-2.293250000000000011e+00 1.000000000000000048e-04 1.000000000000000048e-04 1.000000000000000000e+00
-2.292499999999999982e+00 1.000000000000000048e-04 1.000000000000000048e-04 1.000000000000000000e+00
-2.291749999999999954e+00 1.000000000000000048e-04 1.000000000000000048e-04 1.000000000000000000e+00
-2.290999999999999925e+00 1.000000000000000048e-04 1.000000000000000048e-04 1.000000000000000000e+00
-2.290249999999999897e+00 1.000000000000000048e-04 1.000000000000000048e-04 1.000000000000000000e+00
-2.289499999999999869e+00 1.000000000000000048e-04 1.000000000000000048e-04 1.000000000000000000e+00
-2.288749999999999840e+00 1.000000000000000048e-04 1.000000000000000048e-04 1.000000000000000000e+00
-2.287999999999999812e+00 1.000000000000000048e-04 1.000000000000000048e-04 1.000000000000000000e+00
-2.287249999999999783e+00 1.000000000000000048e-04 1.000000000000000048e-04 1.000000000000000000e+00
-2.286499999999999755e+00 1.000000000000000048e-04 1.000000000000000048e-04 1.000000000000000000e+00
-2.285749999999999726e+00 1.000000000000000048e-04 1.000000000000000048e-04 1.000000000000000000e+00
-2.285000000000000142e+00 1.000000000000000048e-04 1.000000000000000048e-04 1.000000000000000000e+00
-2.284250000000000114e+00 1.000000000000000048e-04 1.000000000000000048e-04 1.000000000000000000e+00
-2.283500000000000085e+00 1.000000000000000048e-04 1.000000000000000048e-04 1.000000000000000000e+00
-2.282750000000000057e+00 1.000000000000000048e-04 1.000000000000000048e-04 1.000000000000000000e+00
-2.282000000000000028e+00 1.000000000000000048e-04 1.000000000000000048e-04 1.000000000000000000e+00
-2.281250000000000000e+00 1.000000000000000048e-04 1.000000000000000048e-04 1.000000000000000000e+00
-2.280499999999999972e+00 1.000000000000000048e-04 1.000000000000000048e-04 1.000000000000000000e+00
-2.279749999999999943e+00 1.000000000000000048e-04 1.000000000000000048e-04 1.000000000000000000e+00
-2.278999999999999915e+00 1.000000000000000048e-04 1.000000000000000048e-04 1.000000000000000000e+00
-2.278249999999999886e+00 1.000000000000000048e-04 1.000000000000000048e-04 1.000000000000000000e+00
-2.277499999999999858e+00 1.000000000000000048e-04 1.000000000000000048e-04 1.000000000000000000e+00
-2.276749999999999829e+00 1.000000000000000048e-04 1.000000000000000048e-04 1.000000000000000000e+00
-2.275999999999999801e+00 1.000000000000000048e-04 1.000000000000000048e-04 1.000000000000000000e+00
-2.275249999999999773e+00 1.000000000000000048e-04 1.000000000000000048e-04 1.000000000000000000e+00
-2.274499999999999744e+00 1.000000000000000048e-04 1.000000000000000048e-04 1.000000000000000000e+00
-2.273750000000000160e+00 1.000000000000000048e-04 1.000000000000000048e-04 1.000000000000000000e+00
-2.273000000000000131e+00 1.000000000000000048e-04 1.000000000000000048e-04 1.000000000000000000e+00
-2.272250000000000103e+00 1.000000000000000048e-04 1.000000000000000048e-04 1.000000000000000000e+00
-2.271500000000000075e+00 1.000000000000000048e-04 1.000000000000000048e-04 1.000000000000000000e+00
-2.270750000000000046e+00 1.000000000000000048e-04 1.000000000000000048e-04 1.000000000000000000e+00
-2.270000000000000018e+00 1.000000000000000048e-04 1.000000000000000048e-04 1.000000000000000000e+00
-2.269249999999999989e+00 1.000000000000000048e-04 1.000000000000000048e-04 1.000000000000000000e+00
-2.268499999999999961e+00 1.000000000000000048e-04 1.000000000000000048e-04 1.000000000000000000e+00
-2.267749999999999932e+00 1.000000000000000048e-04 1.000000000000000048e-04 1.000000000000000000e+00
-2.266999999999999904e+00 1.000000000000000048e-04 1.000000000000000048e-04 1.000000000000000000e+00
-2.266249999999999876e+00 1.000000000000000048e-04 1.000000000000000048e-04 1.000000000000000000e+00
-2.265499999999999847e+00 1.000000000000000048e-04 1.000000000000000048e-04 1.000000000000000000e+00
-2.264749999999999819e+00 1.000000000000000048e-04 1.000000000000000048e-04 1.000000000000000000e+00
-2.263999999999999790e+00 1.000000000000000048e-04 1.000000000000000048e-04 1.000000000000000000e+00
-2.263249999999999762e+00 1.000000000000000048e-04 1.000000000000000048e-04 1.000000000000000000e+00
-2.262499999999999734e+00 1.000000000000000048e-04 1.000000000000000048e-04 1.000000000000000000e+00
-2.261750000000000149e+00 1.000000000000000048e-04 1.000000000000000048e-04 1.000000000000000000e+00
-2.261000000000000121e+00 1.000000000000000048e-04 1.000000000000000048e-04 1.000000000000000000e+00
-2.260250000000000092e+00 1.000000000000000048e-04 1.000000000000000048e-04 1.000000000000000000e+00
-2.259500000000000064e+00 1.000000000000000048e-04 1.000000000000000048e-04 1.000000000000000000e+00
-2.258750000000000036e+00 1.000000000000000048e-04 1.000000000000000048e-04 1.000000000000000000e+00
-2.258000000000000007e+00 1.000000000000000048e-04 1.000000000000000048e-04 1.000000000000000000e+00
-2.257249999999999979e+00 1.000000000000000048e-04 1.000000000000000048e-04 1.000000000000000000e+00
-2.256499999999999950e+00 1.000000000000000048e-04 1.000000000000000048e-04 1.000000000000000000e+00
-2.255749999999999922e+00 1.000000000000000048e-04 1.000000000000000048e-04 1.000000000000000000e+00
-2.254999999999999893e+00 1.000000000000000048e-04 1.000000000000000048e-04 1.000000000000000000e+00
-2.254249999999999865e+00 1.000000000000000048e-04 1.000000000000000048e-04 1.000000000000000000e+00
-2.253499999999999837e+00 1.000000000000000048e-04 1.000000000000000048e-04 1.000000000000000000e+00
-2.252749999999999808e+00 1.000000000000000048e-04 1.000000000000000048e-04 1.000000000000000000e+00
-2.251999999999999780e+00 1.000000000000000048e-04 1.000000000000000048e-04 1.000000000000000000e+00
-2.251249999999999751e+00 1.000000000000000048e-04 1.000000000000000048e-04 1.000000000000000000e+00
-2.250499999999999723e+00 1.000000000000000048e-04 1.000000000000000048e-04 1.000000000000000000e+00
-2.249750000000000139e+00 1.000000000000000048e-04 1.000000000000000048e-04 1.000000000000000000e+00
-2.249000000000000110e+00 1.000000000000000048e-04 1.000000000000000048e-04 1.000000000000000000e+00
-2.248250000000000082e+00 1.000000000000000048e-04 1.000000000000000048e-04 1.000000000000000000e+00
-2.247500000000000053e+00 1.000000000000000048e-04 1.000000000000000048e-04 1.000000000000000000e+00
-2.246750000000000025e+00 1.000000000000000048e-04 1.000000000000000048e-04 1.000000000000000000e+00
-2.245999999999999996e+00 1.000000000000000048e-04 1.000000000000000048e-04 1.000000000000000000e+00
-2.245249999999999968e+00 1.000000000000000048e-04 1.000000000000000048e-04 1.000000000000000000e+00
-2.244499999999999940e+00 1.000000000000000048e-04 1.000000000000000048e-04 1.000000000000000000e+00
-2.243749999999999911e+00 1.000000000000000048e-04 1.000000000000000048e-04 1.000000000000000000e+00
-2.242999999999999883e+00 1.000000000000000048e-04 1.000000000000000048e-04 1.000000000000000000e+00
-2.242249999999999854e+00 1.000000000000000048e-04 1.000000000000000048e-04 1.000000000000000000e+00
-2.241499999999999826e+00 1.000000000000000048e-04 1.000000000000000048e-04 1.000000000000000000e+00
-2.240749999999999797e+00 1.000000000000000048e-04 1.000000000000000048e-04 1.000000000000000000e+00
-2.239999999999999769e+00 1.000000000000000048e-04 1.000000000000000048e-04 1.000000000000000000e+00
-2.239249999999999741e+00 1.000000000000000048e-04 1.000000000000000048e-04 1.000000000000000000e+00
-2.238500000000000156e+00 1.000000000000000048e-04 1.000000000000000048e-04 1.000000000000000000e+00
-2.237750000000000128e+00 1.000000000000000048e-04 1.000000000000000048e-04 1.000000000000000000e+00
-2.237000000000000099e+00 1.000000000000000048e-04 1.000000000000000048e-04 1.000000000000000000e+00
-2.236250000000000071e+00 1.000000000000000048e-04 1.000000000000000048e-04 1.000000000000000000e+00
-2.235500000000000043e+00 1.000000000000000048e-04 1.000000000000000048e-04 1.000000000000000000e+00
-2.234750000000000014e+00 1.000000000000000048e-04 1.000000000000000048e-04 1.000000000000000000e+00
-2.233999999999999986e+00 1.000000000000000048e-04 1.000000000000000048e-04 1.000000000000000000e+00
-2.233249999999999957e+00 1.000000000000000048e-04 1.000000000000000048e-04 1.000000000000000000e+00
-2.232499999999999929e+00 1.000000000000000048e-04 1.000000000000000048e-04 1.000000000000000000e+00
-2.231749999999999901e+00 1.000000000000000048e-04 1.000000000000000048e-04 1.000000000000000000e+00
-2.230999999999999872e+00 1.000000000000000048e-04 1.000000000000000048e-04 1.000000000000000000e+00
-2.230249999999999844e+00 1.000000000000000048e-04 1.000000000000000048e-04 1.000000000000000000e+00
-2.229499999999999815e+00 1.000000000000000048e-04 1.000000000000000048e-04 1.000000000000000000e+00
-2.228749999999999787e+00 1.000000000000000048e-04 1.000000000000000048e-04 1.000000000000000000e+00
-2.227999999999999758e+00 1.000000000000000048e-04 1.000000000000000048e-04 1.000000000000000000e+00
-2.227249999999999730e+00 1.000000000000000048e-04 1.000000000000000048e-04 1.000000000000000000e+00
-2.226500000000000146e+00 1.000000000000000048e-04 1.000000000000000048e-04 1.000000000000000000e+00
-2.225750000000000117e+00 1.000000000000000048e-04 1.000000000000000048e-04 1.000000000000000000e+00
-2.225000000000000089e+00 1.000000000000000048e-04 1.000000000000000048e-04 1.000000000000000000e+00
-2.224250000000000060e+00 1.000000000000000048e-04 1.000000000000000048e-04 1.000000000000000000e+00
-2.223500000000000032e+00 1.000000000000000048e-04 1.000000000000000048e-04 1.000000000000000000e+00
-2.222750000000000004e+00 1.000000000000000048e-04 1.000000000000000048e-04 1.000000000000000000e+00
-2.221999999999999975e+00 1.000000000000000048e-04 1.000000000000000048e-04 1.000000000000000000e+00
-2.221249999999999947e+00 1.000000000000000048e-04 1.000000000000000048e-04 1.000000000000000000e+00
-2.220499999999999918e+00 1.000000000000000048e-04 1.000000000000000048e-04 1.000000000000000000e+00
-2.219749999999999890e+00 1.000000000000000048e-04 1.000000000000000048e-04 1.000000000000000000e+00
-2.218999999999999861e+00 1.000000000000000048e-04 1.000000000000000048e-04 1.000000000000000000e+00
-2.218249999999999833e+00 1.000000000000000048e-04 1.000000000000000048e-04 1.000000000000000000e+00
-2.217499999999999805e+00 1.000000000000000048e-04 1.000000000000000048e-04 1.000000000000000000e+00
-2.216749999999999776e+00 1.000000000000000048e-04 1.000000000000000048e-04 1.000000000000000000e+00
-2.215999999999999748e+00 1.000000000000000048e-04 1.000000000000000048e-04 1.000000000000000000e+00
-2.215250000000000163e+00 1.000000000000000048e-04 1.000000000000000048e-04 1.000000000000000000e+00
-2.214500000000000135e+00 1.000000000000000048e-04 1.000000000000000048e-04 1.000000000000000000e+00
-2.213750000000000107e+00 1.000000000000000048e-04 1.000000000000000048e-04 1.000000000000000000e+00
-2.213000000000000078e+00 1.000000000000000048e-04 1.000000000000000048e-04 1.000000000000000000e+00
-2.212250000000000050e+00 1.000000000000000048e-04 1.000000000000000048e-04 1.000000000000000000e+00
-2.211500000000000021e+00 1.000000000000000048e-04 1.000000000000000048e-04 1.000000000000000000e+00
-2.210749999999999993e+00 1.000000000000000048e-04 1.000000000000000048e-04 1.000000000000000000e+00
-2.209999999999999964e+00 1.000000000000000048e-04 1.000000000000000048e-04 1.000000000000000000e+00
-2.209249999999999936e+00 1.000000000000000048e-04 1.000000000000000048e-04 1.000000000000000000e+00
-2.208499999999999908e+00 1.000000000000000048e-04 1.000000000000000048e-04 1.000000000000000000e+00
-2.207749999999999879e+00 1.000000000000000048e-04 1.000000000000000048e-04 1.000000000000000000e+00
-2.206999999999999851e+00 1.000000000000000048e-04 1.000000000000000048e-04 1.000000000000000000e+00
-2.206249999999999822e+00 1.000000000000000048e-04 1.000000000000000048e-04 1.000000000000000000e+00
-2.205499999999999794e+00 1.000000000000000048e-04 1.000000000000000048e-04 1.000000000000000000e+00
-2.204749999999999766e+00 1.000000000000000048e-04 1.000000000000000048e-04 1.000000000000000000e+00
-2.203999999999999737e+00 1.000000000000000048e-04 1.000000000000000048e-04 1.000000000000000000e+00
-2.203250000000000153e+00 1.000000000000000048e-04 1.000000000000000048e-04 1.000000000000000000e+00
-2.202500000000000124e+00 1.000000000000000048e-04 1.000000000000000048e-04 1.000000000000000000e+00
-2.201750000000000096e+00 1.000000000000000048e-04 1.000000000000000048e-04 1.000000000000000000e+00
-2.201000000000000068e+00 1.000000000000000048e-04 1.000000000000000048e-04 1.000000000000000000e+00
-2.200250000000000039e+00 1.000000000000000048e-04 1.000000000000000048e-04 1.000000000000000000e+00
-2.199500000000000011e+00 1.000000000000000048e-04 1.000000000000000048e-04 1.000000000000000000e+00
-2.198749999999999982e+00 1.000000000000000048e-04 1.000000000000000048e-04 1.000000000000000000e+00
-2.197999999999999954e+00 1.000000000000000048e-04 1.000000000000000048e-04 1.000000000000000000e+00
-2.197249999999999925e+00 1.000000000000000048e-04 1.000000000000000048e-04 1.000000000000000000e+00
-2.196499999999999897e+00 1.000000000000000048e-04 1.000000000000000048e-04 1.000000000000000000e+00
-2.195749999999999869e+00 1.000000000000000048e-04 1.000000000000000048e-04 1.000000000000000000e+00
-2.194999999999999840e+00 1.000000000000000048e-04 1.000000000000000048e-04 1.000000000000000000e+00
-2.194249999999999812e+00 1.000000000000000048e-04 1.000000000000000048e-04 1.000000000000000000e+00
-2.193499999999999783e+00 1.000000000000000048e-04 1.000000000000000048e-04 1.000000000000000000e+00
-2.192749999999999755e+00 1.000000000000000048e-04 1.000000000000000048e-04 1.000000000000000000e+00
-2.191999999999999726e+00 1.000000000000000048e-04 1.000000000000000048e-04 1.000000000000000000e+00
-2.191250000000000142e+00 1.000000000000000048e-04 1.000000000000000048e-04 1.000000000000000000e+00
-2.190500000000000114e+00 1.000000000000000048e-04 1.000000000000000048e-04 1.000000000000000000e+00
-2.189750000000000085e+00 1.000000000000000048e-04 1.000000000000000048e-04 1.000000000000000000e+00
-2.189000000000000057e+00 1.000000000000000048e-04 1.000000000000000048e-04 1.000000000000000000e+00
-2.188250000000000028e+00 1.000000000000000048e-04 1.000000000000000048e-04 1.000000000000000000e+00
-2.187500000000000000e+00 1.000000000000000048e-04 1.000000000000000048e-04 1.000000000000000000e+00
-2.186749999999999972e+00 1.000000000000000048e-04 1.000000000000000048e-04 1.000000000000000000e+00
-2.185999999999999943e+00 1.000000000000000048e-04 1.000000000000000048e-04 1.000000000000000000e+00
-2.185249999999999915e+00 1.000000000000000048e-04 1.000000000000000048e-04 1.000000000000000000e+00
-2.184499999999999886e+00 1.000000000000000048e-04 1.000000000000000048e-04 1.000000000000000000e+00
-2.183749999999999858e+00 1.000000000000000048e-04 1.000000000000000048e-04 1.000000000000000000e+00
-2.182999999999999829e+00 1.000000000000000048e-04 1.000000000000000048e-04 1.000000000000000000e+00
-2.182249999999999801e+00 1.000000000000000048e-04 1.000000000000000048e-04 1.000000000000000000e+00
-2.181499999999999773e+00 1.000000000000000048e-04 1.000000000000000048e-04 1.000000000000000000e+00
-2.180749999999999744e+00 1.000000000000000048e-04 1.000000000000000048e-04 1.000000000000000000e+00
-2.180000000000000160e+00 1.000000000000000048e-04 1.000000000000000048e-04 1.000000000000000000e+00
-2.179250000000000131e+00 1.000000000000000048e-04 1.000000000000000048e-04 1.000000000000000000e+00
-2.178500000000000103e+00 1.000000000000000048e-04 1.000000000000000048e-04 1.000000000000000000e+00
-2.177750000000000075e+00 1.000000000000000048e-04 1.000000000000000048e-04 1.000000000000000000e+00
-2.177000000000000046e+00 1.000000000000000048e-04 1.000000000000000048e-04 1.000000000000000000e+00
-2.176250000000000018e+00 1.000000000000000048e-04 1.000000000000000048e-04 1.000000000000000000e+00
-2.175499999999999989e+00 1.000000000000000048e-04 1.000000000000000048e-04 1.000000000000000000e+00
-2.174749999999999961e+00 1.000000000000000048e-04 1.000000000000000048e-04 1.000000000000000000e+00
-2.173999999999999932e+00 1.000000000000000048e-04 1.000000000000000048e-04 1.000000000000000000e+00
-2.173249999999999904e+00 1.000000000000000048e-04 1.000000000000000048e-04 1.000000000000000000e+00
-2.172499999999999876e+00 1.000000000000000048e-04 1.000000000000000048e-04 1.000000000000000000e+00
-2.171749999999999847e+00 1.000000000000000048e-04 1.000000000000000048e-04 1.000000000000000000e+00
-2.170999999999999819e+00 1.000000000000000048e-04 1.000000000000000048e-04 1.000000000000000000e+00
-2.170249999999999790e+00 1.000000000000000048e-04 1.000000000000000048e-04 1.000000000000000000e+00
-2.169499999999999762e+00 1.000000000000000048e-04 1.000000000000000048e-04 1.000000000000000000e+00
-2.168749999999999734e+00 1.000000000000000048e-04 1.000000000000000048e-04 1.000000000000000000e+00
-2.168000000000000149e+00 1.000000000000000048e-04 1.000000000000000048e-04 1.000000000000000000e+00
-2.167250000000000121e+00 1.000000000000000048e-04 1.000000000000000048e-04 1.000000000000000000e+00
-2.166500000000000092e+00 1.000000000000000048e-04 1.000000000000000048e-04 1.000000000000000000e+00
-2.165750000000000064e+00 1.000000000000000048e-04 1.000000000000000048e-04 1.000000000000000000e+00
-2.165000000000000036e+00 1.000000000000000048e-04 1.000000000000000048e-04 1.000000000000000000e+00
-2.164250000000000007e+00 1.000000000000000048e-04 1.000000000000000048e-04 1.000000000000000000e+00
-2.163499999999999979e+00 1.000000000000000048e-04 1.000000000000000048e-04 1.000000000000000000e+00
-2.162749999999999950e+00 1.000000000000000048e-04 1.000000000000000048e-04 1.000000000000000000e+00
-2.161999999999999922e+00 1.000000000000000048e-04 1.000000000000000048e-04 1.000000000000000000e+00
-2.161249999999999893e+00 1.000000000000000048e-04 1.000000000000000048e-04 1.000000000000000000e+00
-2.160499999999999865e+00 1.000000000000000048e-04 1.000000000000000048e-04 1.000000000000000000e+00
-2.159749999999999837e+00 1.000000000000000048e-04 1.000000000000000048e-04 1.000000000000000000e+00
-2.158999999999999808e+00 1.000000000000000048e-04 1.000000000000000048e-04 1.000000000000000000e+00
-2.158249999999999780e+00 1.000000000000000048e-04 1.000000000000000048e-04 1.000000000000000000e+00
-2.157499999999999751e+00 1.000000000000000048e-04 1.000000000000000048e-04 1.000000000000000000e+00
-2.156749999999999723e+00 1.000000000000000048e-04 1.000000000000000048e-04 1.000000000000000000e+00
-2.156000000000000139e+00 1.000000000000000048e-04 1.000000000000000048e-04 1.000000000000000000e+00
-2.155250000000000110e+00 1.000000000000000048e-04 1.000000000000000048e-04 1.000000000000000000e+00
-2.154500000000000082e+00 1.000000000000000048e-04 1.000000000000000048e-04 1.000000000000000000e+00
-2.153750000000000053e+00 1.000000000000000048e-04 1.000000000000000048e-04 1.000000000000000000e+00
-2.153000000000000025e+00 1.000000000000000048e-04 1.000000000000000048e-04 1.000000000000000000e+00
-2.152249999999999996e+00 1.000000000000000048e-04 1.000000000000000048e-04 1.000000000000000000e+00
-2.151499999999999968e+00 1.000000000000000048e-04 1.000000000000000048e-04 1.000000000000000000e+00
-2.150749999999999940e+00 1.000000000000000048e-04 1.000000000000000048e-04 1.000000000000000000e+00
-2.149999999999999911e+00 1.000000000000000048e-04 1.000000000000000048e-04 1.000000000000000000e+00
-2.149249999999999883e+00 1.000000000000000048e-04 1.000000000000000048e-04 1.000000000000000000e+00
-2.148499999999999854e+00 1.000000000000000048e-04 1.000000000000000048e-04 1.000000000000000000e+00
-2.147749999999999826e+00 1.000000000000000048e-04 1.000000000000000048e-04 1.000000000000000000e+00
-2.146999999999999797e+00 1.000000000000000048e-04 1.000000000000000048e-04 1.000000000000000000e+00
-2.146249999999999769e+00 1.000000000000000048e-04 1.000000000000000048e-04 1.000000000000000000e+00
-2.145499999999999741e+00 1.000000000000000048e-04 1.000000000000000048e-04 1.000000000000000000e+00
-2.144750000000000156e+00 1.000000000000000048e-04 1.000000000000000048e-04 1.000000000000000000e+00
-2.144000000000000128e+00 1.000000000000000048e-04 1.000000000000000048e-04 1.000000000000000000e+00
-2.143250000000000099e+00 1.000000000000000048e-04 1.000000000000000048e-04 1.000000000000000000e+00
-2.142500000000000071e+00 1.000000000000000048e-04 1.000000000000000048e-04 1.000000000000000000e+00
-2.141750000000000043e+00 1.000000000000000048e-04 1.000000000000000048e-04 1.000000000000000000e+00
-2.141000000000000014e+00 1.000000000000000048e-04 1.000000000000000048e-04 1.000000000000000000e+00
-2.140249999999999986e+00 1.000000000000000048e-04 1.000000000000000048e-04 1.000000000000000000e+00
-2.139499999999999957e+00 1.000000000000000048e-04 1.000000000000000048e-04 1.000000000000000000e+00
-2.138749999999999929e+00 1.000000000000000048e-04 1.000000000000000048e-04 1.000000000000000000e+00
-2.137999999999999901e+00 1.000000000000000048e-04 1.000000000000000048e-04 1.000000000000000000e+00
-2.137249999999999872e+00 1.000000000000000048e-04 1.000000000000000048e-04 1.000000000000000000e+00
-2.136499999999999844e+00 1.000000000000000048e-04 1.000000000000000048e-04 1.000000000000000000e+00
-2.135749999999999815e+00 1.000000000000000048e-04 1.000000000000000048e-04 1.000000000000000000e+00
-2.134999999999999787e+00 1.000000000000000048e-04 1.000000000000000048e-04 1.000000000000000000e+00
-2.134249999999999758e+00 1.000000000000000048e-04 1.000000000000000048e-04 1.000000000000000000e+00
-2.133499999999999730e+00 1.000000000000000048e-04 1.000000000000000048e-04 1.000000000000000000e+00
-2.132750000000000146e+00 1.000000000000000048e-04 1.000000000000000048e-04 1.000000000000000000e+00
-2.132000000000000117e+00 1.000000000000000048e-04 1.000000000000000048e-04 1.000000000000000000e+00
-2.131250000000000089e+00 1.000000000000000048e-04 1.000000000000000048e-04 1.000000000000000000e+00
-2.130500000000000060e+00 1.000000000000000048e-04 1.000000000000000048e-04 1.000000000000000000e+00
-2.129750000000000032e+00 1.000000000000000048e-04 1.000000000000000048e-04 1.000000000000000000e+00
-2.129000000000000004e+00 1.000000000000000048e-04 1.000000000000000048e-04 1.000000000000000000e+00
-2.128249999999999975e+00 1.000000000000000048e-04 1.000000000000000048e-04 1.000000000000000000e+00
-2.127499999999999947e+00 1.000000000000000048e-04 1.000000000000000048e-04 1.000000000000000000e+00
-2.126749999999999918e+00 1.000000000000000048e-04 1.000000000000000048e-04 1.000000000000000000e+00
-2.125999999999999890e+00 1.000000000000000048e-04 1.000000000000000048e-04 1.000000000000000000e+00
-2.125249999999999861e+00 1.000000000000000048e-04 1.000000000000000048e-04 1.000000000000000000e+00
-2.124499999999999833e+00 1.000000000000000048e-04 1.000000000000000048e-04 1.000000000000000000e+00
-2.123749999999999805e+00 1.000000000000000048e-04 1.000000000000000048e-04 1.000000000000000000e+00
-2.122999999999999776e+00 1.000000000000000048e-04 1.000000000000000048e-04 1.000000000000000000e+00
-2.122249999999999748e+00 1.000000000000000048e-04 1.000000000000000048e-04 1.000000000000000000e+00
-2.121499999999999719e+00 1.000000000000000048e-04 1.000000000000000048e-04 1.000000000000000000e+00
-2.120750000000000135e+00 1.000000000000000048e-04 1.000000000000000048e-04 1.000000000000000000e+00
-2.120000000000000107e+00 1.000000000000000048e-04 1.000000000000000048e-04 1.000000000000000000e+00
-2.119250000000000078e+00 1.000000000000000048e-04 1.000000000000000048e-04 1.000000000000000000e+00
-2.118500000000000050e+00 1.000000000000000048e-04 1.000000000000000048e-04 1.000000000000000000e+00
-2.117750000000000021e+00 1.000000000000000048e-04 1.000000000000000048e-04 1.000000000000000000e+00
-2.116999999999999993e+00 1.000000000000000048e-04 1.000000000000000048e-04 1.000000000000000000e+00
-2.116249999999999964e+00 1.000000000000000048e-04 1.000000000000000048e-04 1.000000000000000000e+00
-2.115499999999999936e+00 1.000000000000000048e-04 1.000000000000000048e-04 1.000000000000000000e+00
-2.114749999999999908e+00 1.000000000000000048e-04 1.000000000000000048e-04 1.000000000000000000e+00
-2.113999999999999879e+00 1.000000000000000048e-04 1.000000000000000048e-04 1.000000000000000000e+00
-2.113249999999999851e+00 1.000000000000000048e-04 1.000000000000000048e-04 1.000000000000000000e+00
-2.112499999999999822e+00 1.000000000000000048e-04 1.000000000000000048e-04 1.000000000000000000e+00
-2.111749999999999794e+00 1.000000000000000048e-04 1.000000000000000048e-04 1.000000000000000000e+00
-2.110999999999999766e+00 1.000000000000000048e-04 1.000000000000000048e-04 1.000000000000000000e+00
-2.110249999999999737e+00 1.000000000000000048e-04 1.000000000000000048e-04 1.000000000000000000e+00
-2.109500000000000153e+00 1.000000000000000048e-04 1.000000000000000048e-04 1.000000000000000000e+00
-2.108750000000000124e+00 1.000000000000000048e-04 1.000000000000000048e-04 1.000000000000000000e+00
-2.108000000000000096e+00 1.000000000000000048e-04 1.000000000000000048e-04 1.000000000000000000e+00
-2.107250000000000068e+00 1.000000000000000048e-04 1.000000000000000048e-04 1.000000000000000000e+00
-2.106500000000000039e+00 1.000000000000000048e-04 1.000000000000000048e-04 1.000000000000000000e+00
-2.105750000000000011e+00 1.000000000000000048e-04 1.000000000000000048e-04 1.000000000000000000e+00
-2.104999999999999982e+00 1.000000000000000048e-04 1.000000000000000048e-04 1.000000000000000000e+00
-2.104249999999999954e+00 1.000000000000000048e-04 1.000000000000000048e-04 1.000000000000000000e+00
-2.103499999999999925e+00 1.000000000000000048e-04 1.000000000000000048e-04 1.000000000000000000e+00
-2.102749999999999897e+00 1.000000000000000048e-04 1.000000000000000048e-04 1.000000000000000000e+00
-2.101999999999999869e+00 1.000000000000000048e-04 1.000000000000000048e-04 1.000000000000000000e+00
-2.101249999999999840e+00 1.000000000000000048e-04 1.000000000000000048e-04 1.000000000000000000e+00
-2.100499999999999812e+00 1.000000000000000048e-04 1.000000000000000048e-04 1.000000000000000000e+00
-2.099749999999999783e+00 1.000000000000000048e-04 1.000000000000000048e-04 1.000000000000000000e+00
-2.098999999999999755e+00 1.000000000000000048e-04 1.000000000000000048e-04 1.000000000000000000e+00
-2.098249999999999726e+00 1.000000000000000048e-04 1.000000000000000048e-04 1.000000000000000000e+00
-2.097500000000000142e+00 1.000000000000000048e-04 1.000000000000000048e-04 1.000000000000000000e+00
-2.096750000000000114e+00 1.000000000000000048e-04 1.000000000000000048e-04 1.000000000000000000e+00
-2.096000000000000085e+00 1.000000000000000048e-04 1.000000000000000048e-04 1.000000000000000000e+00
-2.095250000000000057e+00 1.000000000000000048e-04 1.000000000000000048e-04 1.000000000000000000e+00
-2.094500000000000028e+00 1.000000000000000048e-04 1.000000000000000048e-04 1.000000000000000000e+00
-2.093750000000000000e+00 1.000000000000000048e-04 1.000000000000000048e-04 1.000000000000000000e+00
-2.092999999999999972e+00 1.000000000000000048e-04 1.000000000000000048e-04 1.000000000000000000e+00
-2.092249999999999943e+00 1.000000000000000048e-04 1.000000000000000048e-04 1.000000000000000000e+00
-2.091499999999999915e+00 1.000000000000000048e-04 1.000000000000000048e-04 1.000000000000000000e+00
-2.090749999999999886e+00 1.000000000000000048e-04 1.000000000000000048e-04 1.000000000000000000e+00
-2.089999999999999858e+00 1.000000000000000048e-04 1.000000000000000048e-04 1.000000000000000000e+00
-2.089249999999999829e+00 1.000000000000000048e-04 1.000000000000000048e-04 1.000000000000000000e+00
-2.088499999999999801e+00 1.000000000000000048e-04 1.000000000000000048e-04 1.000000000000000000e+00
-2.087749999999999773e+00 1.000000000000000048e-04 1.000000000000000048e-04 1.000000000000000000e+00
-2.086999999999999744e+00 1.000000000000000048e-04 1.000000000000000048e-04 1.000000000000000000e+00
-2.086250000000000160e+00 1.000000000000000048e-04 1.000000000000000048e-04 1.000000000000000000e+00
-2.085500000000000131e+00 1.000000000000000048e-04 1.000000000000000048e-04 1.000000000000000000e+00
-2.084750000000000103e+00 1.000000000000000048e-04 1.000000000000000048e-04 1.000000000000000000e+00
-2.084000000000000075e+00 1.000000000000000048e-04 1.000000000000000048e-04 1.000000000000000000e+00
-2.083250000000000046e+00 1.000000000000000048e-04 1.000000000000000048e-04 1.000000000000000000e+00
-2.082500000000000018e+00 1.000000000000000048e-04 1.000000000000000048e-04 1.000000000000000000e+00
-2.081749999999999989e+00 1.000000000000000048e-04 1.000000000000000048e-04 1.000000000000000000e+00
-2.080999999999999961e+00 1.000000000000000048e-04 1.000000000000000048e-04 1.000000000000000000e+00
-2.080249999999999932e+00 1.000000000000000048e-04 1.000000000000000048e-04 1.000000000000000000e+00
-2.079499999999999904e+00 1.000000000000000048e-04 1.000000000000000048e-04 1.000000000000000000e+00
-2.078749999999999876e+00 1.000000000000000048e-04 1.000000000000000048e-04 1.000000000000000000e+00
-2.077999999999999847e+00 1.000000000000000048e-04 1.000000000000000048e-04 1.000000000000000000e+00
-2.077249999999999819e+00 1.000000000000000048e-04 1.000000000000000048e-04 1.000000000000000000e+00
-2.076499999999999790e+00 1.000000000000000048e-04 1.000000000000000048e-04 1.000000000000000000e+00
-2.075749999999999762e+00 1.000000000000000048e-04 1.000000000000000048e-04 1.000000000000000000e+00
-2.074999999999999734e+00 1.000000000000000048e-04 1.000000000000000048e-04 1.000000000000000000e+00
-2.074250000000000149e+00 1.000000000000000048e-04 1.000000000000000048e-04 1.000000000000000000e+00
-2.073500000000000121e+00 1.000000000000000048e-04 1.000000000000000048e-04 1.000000000000000000e+00
-2.072750000000000092e+00 1.000000000000000048e-04 1.000000000000000048e-04 1.000000000000000000e+00
-2.072000000000000064e+00 1.000000000000000048e-04 1.000000000000000048e-04 1.000000000000000000e+00
-2.071250000000000036e+00 1.000000000000000048e-04 1.000000000000000048e-04 1.000000000000000000e+00
-2.070500000000000007e+00 1.000000000000000048e-04 1.000000000000000048e-04 1.000000000000000000e+00
-2.069749999999999979e+00 1.000000000000000048e-04 1.000000000000000048e-04 1.000000000000000000e+00
-2.068999999999999950e+00 1.000000000000000048e-04 1.000000000000000048e-04 1.000000000000000000e+00
-2.068249999999999922e+00 1.000000000000000048e-04 1.000000000000000048e-04 1.000000000000000000e+00
-2.067499999999999893e+00 1.000000000000000048e-04 1.000000000000000048e-04 1.000000000000000000e+00
-2.066749999999999865e+00 1.000000000000000048e-04 1.000000000000000048e-04 1.000000000000000000e+00
-2.065999999999999837e+00 1.000000000000000048e-04 1.000000000000000048e-04 1.000000000000000000e+00
-2.065249999999999808e+00 1.000000000000000048e-04 1.000000000000000048e-04 1.000000000000000000e+00
-2.064499999999999780e+00 1.000000000000000048e-04 1.000000000000000048e-04 1.000000000000000000e+00
-2.063749999999999751e+00 1.000000000000000048e-04 1.000000000000000048e-04 1.000000000000000000e+00
-2.062999999999999723e+00 1.000000000000000048e-04 1.000000000000000048e-04 1.000000000000000000e+00
-2.062250000000000139e+00 1.000000000000000048e-04 1.000000000000000048e-04 1.000000000000000000e+00
-2.061500000000000110e+00 1.000000000000000048e-04 1.000000000000000048e-04 1.000000000000000000e+00
-2.060750000000000082e+00 1.000000000000000048e-04 1.000000000000000048e-04 1.000000000000000000e+00
-2.060000000000000053e+00 1.000000000000000048e-04 1.000000000000000048e-04 1.000000000000000000e+00
-2.059250000000000025e+00 1.000000000000000048e-04 1.000000000000000048e-04 1.000000000000000000e+00
-2.058499999999999996e+00 1.000000000000000048e-04 1.000000000000000048e-04 1.000000000000000000e+00
-2.057749999999999968e+00 1.000000000000000048e-04 1.000000000000000048e-04 1.000000000000000000e+00
-2.056999999999999940e+00 1.000000000000000048e-04 1.000000000000000048e-04 1.000000000000000000e+00
-2.056249999999999911e+00 1.000000000000000048e-04 1.000000000000000048e-04 1.000000000000000000e+00
-2.055499999999999883e+00 1.000000000000000048e-04 1.000000000000000048e-04 1.000000000000000000e+00
-2.054749999999999854e+00 1.000000000000000048e-04 1.000000000000000048e-04 1.000000000000000000e+00
-2.053999999999999826e+00 1.000000000000000048e-04 1.000000000000000048e-04 1.000000000000000000e+00
-2.053249999999999797e+00 1.000000000000000048e-04 1.000000000000000048e-04 1.000000000000000000e+00
-2.052499999999999769e+00 1.000000000000000048e-04 1.000000000000000048e-04 1.000000000000000000e+00
-2.051749999999999741e+00 1.000000000000000048e-04 1.000000000000000048e-04 1.000000000000000000e+00
-2.051000000000000156e+00 1.000000000000000048e-04 1.000000000000000048e-04 1.000000000000000000e+00
-2.050250000000000128e+00 1.000000000000000048e-04 1.000000000000000048e-04 1.000000000000000000e+00
-2.049500000000000099e+00 1.000000000000000048e-04 1.000000000000000048e-04 1.000000000000000000e+00
-2.048750000000000071e+00 1.000000000000000048e-04 1.000000000000000048e-04 1.000000000000000000e+00
-2.048000000000000043e+00 1.000000000000000048e-04 1.000000000000000048e-04 1.000000000000000000e+00
-2.047250000000000014e+00 1.000000000000000048e-04 1.000000000000000048e-04 1.000000000000000000e+00
-2.046499999999999986e+00 1.000000000000000048e-04 1.000000000000000048e-04 1.000000000000000000e+00
-2.045749999999999957e+00 1.000000000000000048e-04 1.000000000000000048e-04 1.000000000000000000e+00
-2.044999999999999929e+00 1.000000000000000048e-04 1.000000000000000048e-04 1.000000000000000000e+00
-2.044249999999999901e+00 1.000000000000000048e-04 1.000000000000000048e-04 1.000000000000000000e+00
-2.043499999999999872e+00 1.000000000000000048e-04 1.000000000000000048e-04 1.000000000000000000e+00
-2.042749999999999844e+00 1.000000000000000048e-04 1.000000000000000048e-04 1.000000000000000000e+00
-2.041999999999999815e+00 1.000000000000000048e-04 1.000000000000000048e-04 1.000000000000000000e+00
-2.041249999999999787e+00 1.000000000000000048e-04 1.000000000000000048e-04 1.000000000000000000e+00
-2.040499999999999758e+00 1.000000000000000048e-04 1.000000000000000048e-04 1.000000000000000000e+00
-2.039749999999999730e+00 1.000000000000000048e-04 1.000000000000000048e-04 1.000000000000000000e+00
-2.039000000000000146e+00 1.000000000000000048e-04 1.000000000000000048e-04 1.000000000000000000e+00
-2.038250000000000117e+00 1.000000000000000048e-04 1.000000000000000048e-04 1.000000000000000000e+00
-2.037500000000000089e+00 1.000000000000000048e-04 1.000000000000000048e-04 1.000000000000000000e+00
-2.036750000000000060e+00 1.000000000000000048e-04 1.000000000000000048e-04 1.000000000000000000e+00
-2.036000000000000032e+00 1.000000000000000048e-04 1.000000000000000048e-04 1.000000000000000000e+00
-2.035250000000000004e+00 1.000000000000000048e-04 1.000000000000000048e-04 1.000000000000000000e+00
-2.034499999999999975e+00 1.000000000000000048e-04 1.000000000000000048e-04 1.000000000000000000e+00
-2.033749999999999947e+00 1.000000000000000048e-04 1.000000000000000048e-04 1.000000000000000000e+00
-2.032999999999999918e+00 1.000000000000000048e-04 1.000000000000000048e-04 1.000000000000000000e+00
-2.032249999999999890e+00 1.000000000000000048e-04 1.000000000000000048e-04 1.000000000000000000e+00
-2.031499999999999861e+00 1.000000000000000048e-04 1.000000000000000048e-04 1.000000000000000000e+00
-2.030749999999999833e+00 1.000000000000000048e-04 1.000000000000000048e-04 1.000000000000000000e+00
-2.029999999999999805e+00 1.000000000000000048e-04 1.000000000000000048e-04 1.000000000000000000e+00
-2.029249999999999776e+00 1.000000000000000048e-04 1.000000000000000048e-04 1.000000000000000000e+00
-2.028499999999999748e+00 1.000000000000000048e-04 1.000000000000000048e-04 1.000000000000000000e+00
-2.027749999999999719e+00 1.000000000000000048e-04 1.000000000000000048e-04 1.000000000000000000e+00
-2.027000000000000135e+00 1.000000000000000048e-04 1.000000000000000048e-04 1.000000000000000000e+00
-2.026250000000000107e+00 1.000000000000000048e-04 1.000000000000000048e-04 1.000000000000000000e+00
-2.025500000000000078e+00 1.000000000000000048e-04 1.000000000000000048e-04 1.000000000000000000e+00
-2.024750000000000050e+00 1.000000000000000048e-04 1.000000000000000048e-04 1.000000000000000000e+00
-2.024000000000000021e+00 1.000000000000000048e-04 1.000000000000000048e-04 1.000000000000000000e+00
-2.023249999999999993e+00 1.000000000000000048e-04 1.000000000000000048e-04 1.000000000000000000e+00
-2.022499999999999964e+00 1.000000000000000048e-04 1.000000000000000048e-04 1.000000000000000000e+00
-2.021749999999999936e+00 1.000000000000000048e-04 1.000000000000000048e-04 1.000000000000000000e+00
-2.020999999999999908e+00 1.000000000000000048e-04 1.000000000000000048e-04 1.000000000000000000e+00
-2.020249999999999879e+00 1.000000000000000048e-04 1.000000000000000048e-04 1.000000000000000000e+00
-2.019499999999999851e+00 1.000000000000000048e-04 1.000000000000000048e-04 1.000000000000000000e+00
-2.018749999999999822e+00 1.000000000000000048e-04 1.000000000000000048e-04 1.000000000000000000e+00
-2.017999999999999794e+00 1.000000000000000048e-04 1.000000000000000048e-04 1.000000000000000000e+00
-2.017249999999999766e+00 1.000000000000000048e-04 1.000000000000000048e-04 1.000000000000000000e+00
-2.016499999999999737e+00 1.000000000000000048e-04 1.000000000000000048e-04 1.000000000000000000e+00
-2.015750000000000153e+00 1.000000000000000048e-04 1.000000000000000048e-04 1.000000000000000000e+00
-2.015000000000000124e+00 1.000000000000000048e-04 1.000000000000000048e-04 1.000000000000000000e+00
-2.014250000000000096e+00 1.000000000000000048e-04 1.000000000000000048e-04 1.000000000000000000e+00
-2.013500000000000068e+00 1.000000000000000048e-04 1.000000000000000048e-04 1.000000000000000000e+00
-2.012750000000000039e+00 1.000000000000000048e-04 1.000000000000000048e-04 1.000000000000000000e+00
-2.012000000000000011e+00 1.000000000000000048e-04 1.000000000000000048e-04 1.000000000000000000e+00
-2.011249999999999982e+00 1.000000000000000048e-04 1.000000000000000048e-04 1.000000000000000000e+00
-2.010499999999999954e+00 1.000000000000000048e-04 1.000000000000000048e-04 1.000000000000000000e+00
-2.009749999999999925e+00 1.000000000000000048e-04 1.000000000000000048e-04 1.000000000000000000e+00
-2.008999999999999897e+00 1.000000000000000048e-04 1.000000000000000048e-04 1.000000000000000000e+00
-2.008249999999999869e+00 1.000000000000000048e-04 1.000000000000000048e-04 1.000000000000000000e+00
-2.007499999999999840e+00 1.000000000000000048e-04 1.000000000000000048e-04 1.000000000000000000e+00
-2.006749999999999812e+00 1.000000000000000048e-04 1.000000000000000048e-04 1.000000000000000000e+00
-2.005999999999999783e+00 1.000000000000000048e-04 1.000000000000000048e-04 1.000000000000000000e+00
-2.005249999999999755e+00 1.000000000000000048e-04 1.000000000000000048e-04 1.000000000000000000e+00
-2.004499999999999726e+00 1.000000000000000048e-04 1.000000000000000048e-04 1.000000000000000000e+00
-2.003750000000000142e+00 1.000000000000000048e-04 1.000000000000000048e-04 1.000000000000000000e+00
-2.003000000000000114e+00 1.000000000000000048e-04 1.000000000000000048e-04 1.000000000000000000e+00
-2.002250000000000085e+00 1.000000000000000048e-04 1.000000000000000048e-04 1.000000000000000000e+00
-2.001500000000000057e+00 1.000000000000000048e-04 1.000000000000000048e-04 1.000000000000000000e+00
-2.000750000000000028e+00 1.000000000000000048e-04 1.000000000000000048e-04 1.000000000000000000e+00
-2.000000000000000000e+00 1.000000000000000048e-04 1.000000000000000048e-04 1.000000000000000000e+00
-1.999249999999999972e+00 1.000000000000000048e-04 1.000000000000000048e-04 1.000000000000000000e+00
-1.998499999999999943e+00 1.000000000000000048e-04 1.000000000000000048e-04 1.000000000000000000e+00
-1.997749999999999915e+00 1.000000000000000048e-04 1.000000000000000048e-04 1.000000000000000000e+00
-1.996999999999999886e+00 1.000000000000000048e-04 1.000000000000000048e-04 1.000000000000000000e+00
-1.996249999999999858e+00 1.000000000000000048e-04 1.000000000000000048e-04 1.000000000000000000e+00
-1.995499999999999829e+00 1.000000000000000048e-04 1.000000000000000048e-04 1.000000000000000000e+00
-1.994749999999999801e+00 1.000000000000000048e-04 1.000000000000000048e-04 1.000000000000000000e+00
-1.993999999999999773e+00 1.000000000000000048e-04 1.000000000000000048e-04 1.000000000000000000e+00
-1.993249999999999744e+00 1.000000000000000048e-04 1.000000000000000048e-04 1.000000000000000000e+00
-1.992499999999999716e+00 1.000000000000000048e-04 1.000000000000000048e-04 1.000000000000000000e+00
-1.991750000000000131e+00 1.000000000000000048e-04 1.000000000000000048e-04 1.000000000000000000e+00
-1.991000000000000103e+00 1.000000000000000048e-04 1.000000000000000048e-04 1.000000000000000000e+00
-1.990250000000000075e+00 1.000000000000000048e-04 1.000000000000000048e-04 1.000000000000000000e+00
-1.989500000000000046e+00 1.000000000000000048e-04 1.000000000000000048e-04 1.000000000000000000e+00
-1.988750000000000018e+00 1.000000000000000048e-04 1.000000000000000048e-04 1.000000000000000000e+00
-1.987999999999999989e+00 1.000000000000000048e-04 1.000000000000000048e-04 1.000000000000000000e+00
-1.987249999999999961e+00 1.000000000000000048e-04 1.000000000000000048e-04 1.000000000000000000e+00
-1.986499999999999932e+00 1.000000000000000048e-04 1.000000000000000048e-04 1.000000000000000000e+00
-1.985749999999999904e+00 1.000000000000000048e-04 1.000000000000000048e-04 1.000000000000000000e+00
-1.984999999999999876e+00 1.000000000000000048e-04 1.000000000000000048e-04 1.000000000000000000e+00
-1.984249999999999847e+00 1.000000000000000048e-04 1.000000000000000048e-04 1.000000000000000000e+00
-1.983499999999999819e+00 1.000000000000000048e-04 1.000000000000000048e-04 1.000000000000000000e+00
-1.982749999999999790e+00 1.000000000000000048e-04 1.000000000000000048e-04 1.000000000000000000e+00
-1.981999999999999762e+00 1.000000000000000048e-04 1.000000000000000048e-04 1.000000000000000000e+00
-1.981249999999999734e+00 1.000000000000000048e-04 1.000000000000000048e-04 1.000000000000000000e+00
-1.980500000000000149e+00 1.000000000000000048e-04 1.000000000000000048e-04 1.000000000000000000e+00
-1.979750000000000121e+00 1.000000000000000048e-04 1.000000000000000048e-04 1.000000000000000000e+00
-1.979000000000000092e+00 1.000000000000000048e-04 1.000000000000000048e-04 1.000000000000000000e+00
-1.978250000000000064e+00 1.000000000000000048e-04 1.000000000000000048e-04 1.000000000000000000e+00
-1.977500000000000036e+00 1.000000000000000048e-04 1.000000000000000048e-04 1.000000000000000000e+00
-1.976750000000000007e+00 1.000000000000000048e-04 1.000000000000000048e-04 1.000000000000000000e+00
-1.975999999999999979e+00 1.000000000000000048e-04 1.000000000000000048e-04 1.000000000000000000e+00
-1.975249999999999950e+00 1.000000000000000048e-04 1.000000000000000048e-04 1.000000000000000000e+00
-1.974499999999999922e+00 1.000000000000000048e-04 1.000000000000000048e-04 1.000000000000000000e+00
-1.973749999999999893e+00 1.000000000000000048e-04 1.000000000000000048e-04 1.000000000000000000e+00
-1.972999999999999865e+00 1.000000000000000048e-04 1.000000000000000048e-04 1.000000000000000000e+00
-1.972249999999999837e+00 1.000000000000000048e-04 1.000000000000000048e-04 1.000000000000000000e+00
-1.971499999999999808e+00 1.000000000000000048e-04 1.000000000000000048e-04 1.000000000000000000e+00
-1.970749999999999780e+00 1.000000000000000048e-04 1.000000000000000048e-04 1.000000000000000000e+00
-1.969999999999999751e+00 1.000000000000000048e-04 1.000000000000000048e-04 1.000000000000000000e+00
-1.969249999999999723e+00 1.000000000000000048e-04 1.000000000000000048e-04 1.000000000000000000e+00
-1.968500000000000139e+00 1.000000000000000048e-04 1.000000000000000048e-04 1.000000000000000000e+00
-1.967750000000000110e+00 1.000000000000000048e-04 1.000000000000000048e-04 1.000000000000000000e+00
-1.967000000000000082e+00 1.000000000000000048e-04 1.000000000000000048e-04 1.000000000000000000e+00
-1.966250000000000053e+00 1.000000000000000048e-04 1.000000000000000048e-04 1.000000000000000000e+00
-1.965500000000000025e+00 1.000000000000000048e-04 1.000000000000000048e-04 1.000000000000000000e+00
-1.964749999999999996e+00 1.000000000000000048e-04 1.000000000000000048e-04 1.000000000000000000e+00
-1.963999999999999968e+00 1.000000000000000048e-04 1.000000000000000048e-04 1.000000000000000000e+00
-1.963249999999999940e+00 1.000000000000000048e-04 1.000000000000000048e-04 1.000000000000000000e+00
-1.962499999999999911e+00 1.000000000000000048e-04 1.000000000000000048e-04 1.000000000000000000e+00
-1.961749999999999883e+00 1.000000000000000048e-04 1.000000000000000048e-04 1.000000000000000000e+00
-1.960999999999999854e+00 1.000000000000000048e-04 1.000000000000000048e-04 1.000000000000000000e+00
-1.960249999999999826e+00 1.000000000000000048e-04 1.000000000000000048e-04 1.000000000000000000e+00
-1.959499999999999797e+00 1.000000000000000048e-04 1.000000000000000048e-04 1.000000000000000000e+00
-1.958749999999999769e+00 1.000000000000000048e-04 1.000000000000000048e-04 1.000000000000000000e+00
-1.957999999999999741e+00 1.000000000000000048e-04 1.000000000000000048e-04 1.000000000000000000e+00
-1.957250000000000156e+00 1.000000000000000048e-04 1.000000000000000048e-04 1.000000000000000000e+00
-1.956500000000000128e+00 1.000000000000000048e-04 1.000000000000000048e-04 1.000000000000000000e+00
-1.955750000000000099e+00 1.000000000000000048e-04 1.000000000000000048e-04 1.000000000000000000e+00
-1.955000000000000071e+00 1.000000000000000048e-04 1.000000000000000048e-04 1.000000000000000000e+00
-1.954250000000000043e+00 1.000000000000000048e-04 1.000000000000000048e-04 1.000000000000000000e+00
-1.953500000000000014e+00 1.000000000000000048e-04 1.000000000000000048e-04 1.000000000000000000e+00
-1.952749999999999986e+00 1.000000000000000048e-04 1.000000000000000048e-04 1.000000000000000000e+00
-1.951999999999999957e+00 1.000000000000000048e-04 1.000000000000000048e-04 1.000000000000000000e+00
-1.951249999999999929e+00 1.000000000000000048e-04 1.000000000000000048e-04 1.000000000000000000e+00
-1.950499999999999901e+00 1.000000000000000048e-04 1.000000000000000048e-04 1.000000000000000000e+00
-1.949749999999999872e+00 1.000000000000000048e-04 1.000000000000000048e-04 1.000000000000000000e+00
-1.948999999999999844e+00 1.000000000000000048e-04 1.000000000000000048e-04 1.000000000000000000e+00
-1.948249999999999815e+00 1.000000000000000048e-04 1.000000000000000048e-04 1.000000000000000000e+00
-1.947499999999999787e+00 1.000000000000000048e-04 1.000000000000000048e-04 1.000000000000000000e+00
-1.946749999999999758e+00 1.000000000000000048e-04 1.000000000000000048e-04 1.000000000000000000e+00
-1.945999999999999730e+00 1.000000000000000048e-04 1.000000000000000048e-04 1.000000000000000000e+00
-1.945250000000000146e+00 1.000000000000000048e-04 1.000000000000000048e-04 1.000000000000000000e+00
-1.944500000000000117e+00 1.000000000000000048e-04 1.000000000000000048e-04 1.000000000000000000e+00
-1.943750000000000089e+00 1.000000000000000048e-04 1.000000000000000048e-04 1.000000000000000000e+00
-1.943000000000000060e+00 1.000000000000000048e-04 1.000000000000000048e-04 1.000000000000000000e+00
-1.942250000000000032e+00 1.000000000000000048e-04 1.000000000000000048e-04 1.000000000000000000e+00
-1.941500000000000004e+00 1.000000000000000048e-04 1.000000000000000048e-04 1.000000000000000000e+00
-1.940749999999999975e+00 1.000000000000000048e-04 1.000000000000000048e-04 1.000000000000000000e+00
-1.939999999999999947e+00 1.000000000000000048e-04 1.000000000000000048e-04 1.000000000000000000e+00
-1.939249999999999918e+00 1.000000000000000048e-04 1.000000000000000048e-04 1.000000000000000000e+00
-1.938499999999999890e+00 1.000000000000000048e-04 1.000000000000000048e-04 1.000000000000000000e+00
-1.937749999999999861e+00 1.000000000000000048e-04 1.000000000000000048e-04 1.000000000000000000e+00
-1.936999999999999833e+00 1.000000000000000048e-04 1.000000000000000048e-04 1.000000000000000000e+00
-1.936249999999999805e+00 1.000000000000000048e-04 1.000000000000000048e-04 1.000000000000000000e+00
-1.935499999999999776e+00 1.000000000000000048e-04 1.000000000000000048e-04 1.000000000000000000e+00
-1.934749999999999748e+00 1.000000000000000048e-04 1.000000000000000048e-04 1.000000000000000000e+00
-1.933999999999999719e+00 1.000000000000000048e-04 1.000000000000000048e-04 1.000000000000000000e+00
-1.933250000000000135e+00 1.000000000000000048e-04 1.000000000000000048e-04 1.000000000000000000e+00
-1.932500000000000107e+00 1.000000000000000048e-04 1.000000000000000048e-04 1.000000000000000000e+00
-1.931750000000000078e+00 1.000000000000000048e-04 1.000000000000000048e-04 1.000000000000000000e+00
-1.931000000000000050e+00 1.000000000000000048e-04 1.000000000000000048e-04 1.000000000000000000e+00
-1.930250000000000021e+00 1.000000000000000048e-04 1.000000000000000048e-04 1.000000000000000000e+00
-1.929499999999999993e+00 1.000000000000000048e-04 1.000000000000000048e-04 1.000000000000000000e+00
-1.928749999999999964e+00 1.000000000000000048e-04 1.000000000000000048e-04 1.000000000000000000e+00
-1.927999999999999936e+00 1.000000000000000048e-04 1.000000000000000048e-04 1.000000000000000000e+00
-1.927249999999999908e+00 1.000000000000000048e-04 1.000000000000000048e-04 1.000000000000000000e+00
-1.926499999999999879e+00 1.000000000000000048e-04 1.000000000000000048e-04 1.000000000000000000e+00
-1.925749999999999851e+00 1.000000000000000048e-04 1.000000000000000048e-04 1.000000000000000000e+00
-1.924999999999999822e+00 1.000000000000000048e-04 1.000000000000000048e-04 1.000000000000000000e+00
-1.924249999999999794e+00 1.000000000000000048e-04 1.000000000000000048e-04 1.000000000000000000e+00
-1.923499999999999766e+00 1.000000000000000048e-04 1.000000000000000048e-04 1.000000000000000000e+00
-1.922749999999999737e+00 1.000000000000000048e-04 1.000000000000000048e-04 1.000000000000000000e+00
-1.922000000000000153e+00 1.000000000000000048e-04 1.000000000000000048e-04 1.000000000000000000e+00
-1.921250000000000124e+00 1.000000000000000048e-04 1.000000000000000048e-04 1.000000000000000000e+00
-1.920500000000000096e+00 1.000000000000000048e-04 1.000000000000000048e-04 1.000000000000000000e+00
-1.919750000000000068e+00 1.000000000000000048e-04 1.000000000000000048e-04 1.000000000000000000e+00
-1.919000000000000039e+00 1.000000000000000048e-04 1.000000000000000048e-04 1.000000000000000000e+00
-1.918250000000000011e+00 1.000000000000000048e-04 1.000000000000000048e-04 1.000000000000000000e+00
-1.917499999999999982e+00 1.000000000000000048e-04 1.000000000000000048e-04 1.000000000000000000e+00
-1.916749999999999954e+00 1.000000000000000048e-04 1.000000000000000048e-04 1.000000000000000000e+00
-1.915999999999999925e+00 1.000000000000000048e-04 1.000000000000000048e-04 1.000000000000000000e+00
-1.915249999999999897e+00 1.000000000000000048e-04 1.000000000000000048e-04 1.000000000000000000e+00
-1.914499999999999869e+00 1.000000000000000048e-04 1.000000000000000048e-04 1.000000000000000000e+00
-1.913749999999999840e+00 1.000000000000000048e-04 1.000000000000000048e-04 1.000000000000000000e+00
-1.912999999999999812e+00 1.000000000000000048e-04 1.000000000000000048e-04 1.000000000000000000e+00
-1.912249999999999783e+00 1.000000000000000048e-04 1.000000000000000048e-04 1.000000000000000000e+00
-1.911499999999999755e+00 1.000000000000000048e-04 1.000000000000000048e-04 1.000000000000000000e+00
-1.910749999999999726e+00 1.000000000000000048e-04 1.000000000000000048e-04 1.000000000000000000e+00
-1.910000000000000142e+00 1.000000000000000048e-04 1.000000000000000048e-04 1.000000000000000000e+00
-1.909250000000000114e+00 1.000000000000000048e-04 1.000000000000000048e-04 1.000000000000000000e+00
-1.908500000000000085e+00 1.000000000000000048e-04 1.000000000000000048e-04 1.000000000000000000e+00
-1.907750000000000057e+00 1.000000000000000048e-04 1.000000000000000048e-04 1.000000000000000000e+00
-1.907000000000000028e+00 1.000000000000000048e-04 1.000000000000000048e-04 1.000000000000000000e+00
-1.906250000000000000e+00 1.000000000000000048e-04 1.000000000000000048e-04 1.000000000000000000e+00
-1.905499999999999972e+00 1.000000000000000048e-04 1.000000000000000048e-04 1.000000000000000000e+00
-1.904749999999999943e+00 1.000000000000000048e-04 1.000000000000000048e-04 1.000000000000000000e+00
-1.903999999999999915e+00 1.000000000000000048e-04 1.000000000000000048e-04 1.000000000000000000e+00
-1.903249999999999886e+00 1.000000000000000048e-04 1.000000000000000048e-04 1.000000000000000000e+00
-1.902499999999999858e+00 1.000000000000000048e-04 1.000000000000000048e-04 1.000000000000000000e+00
-1.901749999999999829e+00 1.000000000000000048e-04 1.000000000000000048e-04 1.000000000000000000e+00
-1.900999999999999801e+00 1.000000000000000048e-04 1.000000000000000048e-04 1.000000000000000000e+00
-1.900249999999999773e+00 1.000000000000000048e-04 1.000000000000000048e-04 1.000000000000000000e+00
-1.899499999999999744e+00 1.000000000000000048e-04 1.000000000000000048e-04 1.000000000000000000e+00
-1.898749999999999716e+00 1.000000000000000048e-04 1.000000000000000048e-04 1.000000000000000000e+00
-1.898000000000000131e+00 1.000000000000000048e-04 1.000000000000000048e-04 1.000000000000000000e+00
-1.897250000000000103e+00 1.000000000000000048e-04 1.000000000000000048e-04 1.000000000000000000e+00
-1.896500000000000075e+00 1.000000000000000048e-04 1.000000000000000048e-04 1.000000000000000000e+00
-1.895750000000000046e+00 1.000000000000000048e-04 1.000000000000000048e-04 1.000000000000000000e+00
-1.895000000000000018e+00 1.000000000000000048e-04 1.000000000000000048e-04 1.000000000000000000e+00
-1.894249999999999989e+00 1.000000000000000048e-04 1.000000000000000048e-04 1.000000000000000000e+00
-1.893499999999999961e+00 1.000000000000000048e-04 1.000000000000000048e-04 1.000000000000000000e+00
-1.892749999999999932e+00 1.000000000000000048e-04 1.000000000000000048e-04 1.000000000000000000e+00
-1.891999999999999904e+00 1.000000000000000048e-04 1.000000000000000048e-04 1.000000000000000000e+00
-1.891249999999999876e+00 1.000000000000000048e-04 1.000000000000000048e-04 1.000000000000000000e+00
-1.890499999999999847e+00 1.000000000000000048e-04 1.000000000000000048e-04 1.000000000000000000e+00
-1.889749999999999819e+00 1.000000000000000048e-04 1.000000000000000048e-04 1.000000000000000000e+00
-1.888999999999999790e+00 1.000000000000000048e-04 1.000000000000000048e-04 1.000000000000000000e+00
-1.888249999999999762e+00 1.000000000000000048e-04 1.000000000000000048e-04 1.000000000000000000e+00
-1.887499999999999734e+00 1.000000000000000048e-04 1.000000000000000048e-04 1.000000000000000000e+00
-1.886750000000000149e+00 1.000000000000000048e-04 1.000000000000000048e-04 1.000000000000000000e+00
-1.886000000000000121e+00 1.000000000000000048e-04 1.000000000000000048e-04 1.000000000000000000e+00
-1.885250000000000092e+00 1.000000000000000048e-04 1.000000000000000048e-04 1.000000000000000000e+00
-1.884500000000000064e+00 1.000000000000000048e-04 1.000000000000000048e-04 1.000000000000000000e+00
-1.883750000000000036e+00 1.000000000000000048e-04 1.000000000000000048e-04 1.000000000000000000e+00
-1.883000000000000007e+00 1.000000000000000048e-04 1.000000000000000048e-04 1.000000000000000000e+00
-1.882249999999999979e+00 1.000000000000000048e-04 1.000000000000000048e-04 1.000000000000000000e+00
-1.881499999999999950e+00 1.000000000000000048e-04 1.000000000000000048e-04 1.000000000000000000e+00
-1.880749999999999922e+00 1.000000000000000048e-04 1.000000000000000048e-04 1.000000000000000000e+00
-1.879999999999999893e+00 1.000000000000000048e-04 1.000000000000000048e-04 1.000000000000000000e+00
-1.879249999999999865e+00 1.000000000000000048e-04 1.000000000000000048e-04 1.000000000000000000e+00
-1.878499999999999837e+00 1.000000000000000048e-04 1.000000000000000048e-04 1.000000000000000000e+00
-1.877749999999999808e+00 1.000000000000000048e-04 1.000000000000000048e-04 1.000000000000000000e+00
-1.876999999999999780e+00 1.000000000000000048e-04 1.000000000000000048e-04 1.000000000000000000e+00
-1.876249999999999751e+00 1.000000000000000048e-04 1.000000000000000048e-04 1.000000000000000000e+00
-1.875499999999999723e+00 1.000000000000000048e-04 1.000000000000000048e-04 1.000000000000000000e+00
-1.874750000000000139e+00 1.000000000000000048e-04 1.000000000000000048e-04 1.000000000000000000e+00
-1.874000000000000110e+00 1.000000000000000048e-04 1.000000000000000048e-04 1.000000000000000000e+00
-1.873250000000000082e+00 1.000000000000000048e-04 1.000000000000000048e-04 1.000000000000000000e+00
-1.872500000000000053e+00 1.000000000000000048e-04 1.000000000000000048e-04 1.000000000000000000e+00
-1.871750000000000025e+00 1.000000000000000048e-04 1.000000000000000048e-04 1.000000000000000000e+00
-1.870999999999999996e+00 1.000000000000000048e-04 1.000000000000000048e-04 1.000000000000000000e+00
-1.870249999999999968e+00 1.000000000000000048e-04 1.000000000000000048e-04 1.000000000000000000e+00
-1.869499999999999940e+00 1.000000000000000048e-04 1.000000000000000048e-04 1.000000000000000000e+00
-1.868749999999999911e+00 1.000000000000000048e-04 1.000000000000000048e-04 1.000000000000000000e+00
-1.867999999999999883e+00 1.000000000000000048e-04 1.000000000000000048e-04 1.000000000000000000e+00
-1.867249999999999854e+00 1.000000000000000048e-04 1.000000000000000048e-04 1.000000000000000000e+00
-1.866499999999999826e+00 1.000000000000000048e-04 1.000000000000000048e-04 1.000000000000000000e+00
-1.865749999999999797e+00 1.000000000000000048e-04 1.000000000000000048e-04 1.000000000000000000e+00
-1.864999999999999769e+00 1.000000000000000048e-04 1.000000000000000048e-04 1.000000000000000000e+00
-1.864249999999999741e+00 1.000000000000000048e-04 1.000000000000000048e-04 1.000000000000000000e+00
-1.863500000000000156e+00 1.000000000000000048e-04 1.000000000000000048e-04 1.000000000000000000e+00
-1.862750000000000128e+00 1.000000000000000048e-04 1.000000000000000048e-04 1.000000000000000000e+00
-1.862000000000000099e+00 1.000000000000000048e-04 1.000000000000000048e-04 1.000000000000000000e+00
-1.861250000000000071e+00 1.000000000000000048e-04 1.000000000000000048e-04 1.000000000000000000e+00
-1.860500000000000043e+00 1.000000000000000048e-04 1.000000000000000048e-04 1.000000000000000000e+00
-1.859750000000000014e+00 1.000000000000000048e-04 1.000000000000000048e-04 1.000000000000000000e+00
-1.858999999999999986e+00 1.000000000000000048e-04 1.000000000000000048e-04 1.000000000000000000e+00
-1.858249999999999957e+00 1.000000000000000048e-04 1.000000000000000048e-04 1.000000000000000000e+00
-1.857499999999999929e+00 1.000000000000000048e-04 1.000000000000000048e-04 1.000000000000000000e+00
-1.856749999999999901e+00 1.000000000000000048e-04 1.000000000000000048e-04 1.000000000000000000e+00
-1.855999999999999872e+00 1.000000000000000048e-04 1.000000000000000048e-04 1.000000000000000000e+00
-1.855249999999999844e+00 1.000000000000000048e-04 1.000000000000000048e-04 1.000000000000000000e+00
-1.854499999999999815e+00 1.000000000000000048e-04 1.000000000000000048e-04 1.000000000000000000e+00
-1.853749999999999787e+00 1.000000000000000048e-04 1.000000000000000048e-04 1.000000000000000000e+00
-1.852999999999999758e+00 1.000000000000000048e-04 1.000000000000000048e-04 1.000000000000000000e+00
-1.852249999999999730e+00 1.000000000000000048e-04 1.000000000000000048e-04 1.000000000000000000e+00
-1.851500000000000146e+00 1.000000000000000048e-04 1.000000000000000048e-04 1.000000000000000000e+00
-1.850750000000000117e+00 1.000000000000000048e-04 1.000000000000000048e-04 1.000000000000000000e+00
-1.850000000000000089e+00 1.000000000000000048e-04 1.000000000000000048e-04 1.000000000000000000e+00
-1.849250000000000060e+00 1.000000000000000048e-04 1.000000000000000048e-04 1.000000000000000000e+00
-1.848500000000000032e+00 1.000000000000000048e-04 1.000000000000000048e-04 1.000000000000000000e+00
-1.847750000000000004e+00 1.000000000000000048e-04 1.000000000000000048e-04 1.000000000000000000e+00
-1.846999999999999975e+00 1.000000000000000048e-04 1.000000000000000048e-04 1.000000000000000000e+00
-1.846249999999999947e+00 1.000000000000000048e-04 1.000000000000000048e-04 1.000000000000000000e+00
-1.845499999999999918e+00 1.000000000000000048e-04 1.000000000000000048e-04 1.000000000000000000e+00
-1.844749999999999890e+00 1.000000000000000048e-04 1.000000000000000048e-04 1.000000000000000000e+00
-1.843999999999999861e+00 1.000000000000000048e-04 1.000000000000000048e-04 1.000000000000000000e+00
-1.843249999999999833e+00 1.000000000000000048e-04 1.000000000000000048e-04 1.000000000000000000e+00
-1.842499999999999805e+00 1.000000000000000048e-04 1.000000000000000048e-04 1.000000000000000000e+00
-1.841749999999999776e+00 1.000000000000000048e-04 1.000000000000000048e-04 1.000000000000000000e+00
-1.840999999999999748e+00 1.000000000000000048e-04 1.000000000000000048e-04 1.000000000000000000e+00
-1.840249999999999719e+00 1.000000000000000048e-04 1.000000000000000048e-04 1.000000000000000000e+00
-1.839500000000000135e+00 1.000000000000000048e-04 1.000000000000000048e-04 1.000000000000000000e+00
-1.838750000000000107e+00 1.000000000000000048e-04 1.000000000000000048e-04 1.000000000000000000e+00
-1.838000000000000078e+00 1.000000000000000048e-04 1.000000000000000048e-04 1.000000000000000000e+00
-1.837250000000000050e+00 1.000000000000000048e-04 1.000000000000000048e-04 1.000000000000000000e+00
-1.836500000000000021e+00 1.000000000000000048e-04 1.000000000000000048e-04 1.000000000000000000e+00
-1.835749999999999993e+00 1.000000000000000048e-04 1.000000000000000048e-04 1.000000000000000000e+00
-1.834999999999999964e+00 1.000000000000000048e-04 1.000000000000000048e-04 1.000000000000000000e+00
-1.834249999999999936e+00 1.000000000000000048e-04 1.000000000000000048e-04 1.000000000000000000e+00
-1.833499999999999908e+00 1.000000000000000048e-04 1.000000000000000048e-04 1.000000000000000000e+00
-1.832749999999999879e+00 1.000000000000000048e-04 1.000000000000000048e-04 1.000000000000000000e+00
-1.831999999999999851e+00 1.000000000000000048e-04 1.000000000000000048e-04 1.000000000000000000e+00
-1.831249999999999822e+00 1.000000000000000048e-04 1.000000000000000048e-04 1.000000000000000000e+00
-1.830499999999999794e+00 1.000000000000000048e-04 1.000000000000000048e-04 1.000000000000000000e+00
-1.829749999999999766e+00 1.000000000000000048e-04 1.000000000000000048e-04 1.000000000000000000e+00
-1.828999999999999737e+00 1.000000000000000048e-04 1.000000000000000048e-04 1.000000000000000000e+00
-1.828250000000000153e+00 1.000000000000000048e-04 1.000000000000000048e-04 1.000000000000000000e+00
-1.827500000000000124e+00 1.000000000000000048e-04 1.000000000000000048e-04 1.000000000000000000e+00
-1.826750000000000096e+00 1.000000000000000048e-04 1.000000000000000048e-04 1.000000000000000000e+00
-1.826000000000000068e+00 1.000000000000000048e-04 1.000000000000000048e-04 1.000000000000000000e+00
-1.825250000000000039e+00 1.000000000000000048e-04 1.000000000000000048e-04 1.000000000000000000e+00
-1.824500000000000011e+00 1.000000000000000048e-04 1.000000000000000048e-04 1.000000000000000000e+00
-1.823749999999999982e+00 1.000000000000000048e-04 1.000000000000000048e-04 1.000000000000000000e+00
-1.822999999999999954e+00 1.000000000000000048e-04 1.000000000000000048e-04 1.000000000000000000e+00
-1.822249999999999925e+00 1.000000000000000048e-04 1.000000000000000048e-04 1.000000000000000000e+00
-1.821499999999999897e+00 1.000000000000000048e-04 1.000000000000000048e-04 1.000000000000000000e+00
-1.820749999999999869e+00 1.000000000000000048e-04 1.000000000000000048e-04 1.000000000000000000e+00
-1.819999999999999840e+00 1.000000000000000048e-04 1.000000000000000048e-04 1.000000000000000000e+00
-1.819249999999999812e+00 1.000000000000000048e-04 1.000000000000000048e-04 1.000000000000000000e+00
-1.818499999999999783e+00 1.000000000000000048e-04 1.000000000000000048e-04 1.000000000000000000e+00
-1.817749999999999755e+00 1.000000000000000048e-04 1.000000000000000048e-04 1.000000000000000000e+00
-1.816999999999999726e+00 1.000000000000000048e-04 1.000000000000000048e-04 1.000000000000000000e+00
-1.816250000000000142e+00 1.000000000000000048e-04 1.000000000000000048e-04 1.000000000000000000e+00
-1.815500000000000114e+00 1.000000000000000048e-04 1.000000000000000048e-04 1.000000000000000000e+00
-1.814750000000000085e+00 1.000000000000000048e-04 1.000000000000000048e-04 1.000000000000000000e+00
-1.814000000000000057e+00 1.000000000000000048e-04 1.000000000000000048e-04 1.000000000000000000e+00
-1.813250000000000028e+00 1.000000000000000048e-04 1.000000000000000048e-04 1.000000000000000000e+00
-1.812500000000000000e+00 1.000000000000000048e-04 1.000000000000000048e-04 1.000000000000000000e+00
-1.811749999999999972e+00 1.000000000000000048e-04 1.000000000000000048e-04 1.000000000000000000e+00
-1.810999999999999943e+00 1.000000000000000048e-04 1.000000000000000048e-04 1.000000000000000000e+00
-1.810249999999999915e+00 1.000000000000000048e-04 1.000000000000000048e-04 1.000000000000000000e+00
-1.809499999999999886e+00 1.000000000000000048e-04 1.000000000000000048e-04 1.000000000000000000e+00
-1.808749999999999858e+00 1.000000000000000048e-04 1.000000000000000048e-04 1.000000000000000000e+00
-1.807999999999999829e+00 1.000000000000000048e-04 1.000000000000000048e-04 1.000000000000000000e+00
-1.807249999999999801e+00 1.000000000000000048e-04 1.000000000000000048e-04 1.000000000000000000e+00
-1.806499999999999773e+00 1.000000000000000048e-04 1.000000000000000048e-04 1.000000000000000000e+00
-1.805749999999999744e+00 1.000000000000000048e-04 1.000000000000000048e-04 1.000000000000000000e+00
-1.804999999999999716e+00 1.000000000000000048e-04 1.000000000000000048e-04 1.000000000000000000e+00
-1.804250000000000131e+00 1.000000000000000048e-04 1.000000000000000048e-04 1.000000000000000000e+00
-1.803500000000000103e+00 1.000000000000000048e-04 1.000000000000000048e-04 1.000000000000000000e+00
-1.802750000000000075e+00 1.000000000000000048e-04 1.000000000000000048e-04 1.000000000000000000e+00
-1.802000000000000046e+00 1.000000000000000048e-04 1.000000000000000048e-04 1.000000000000000000e+00
-1.801250000000000018e+00 1.000000000000000048e-04 1.000000000000000048e-04 1.000000000000000000e+00
-1.800499999999999989e+00 1.000000000000000048e-04 1.000000000000000048e-04 1.000000000000000000e+00
-1.799749999999999961e+00 1.000000000000000048e-04 1.000000000000000048e-04 1.000000000000000000e+00
-1.798999999999999932e+00 1.000000000000000048e-04 1.000000000000000048e-04 1.000000000000000000e+00
-1.798249999999999904e+00 1.000000000000000048e-04 1.000000000000000048e-04 1.000000000000000000e+00
-1.797499999999999876e+00 1.000000000000000048e-04 1.000000000000000048e-04 1.000000000000000000e+00
-1.796749999999999847e+00 1.000000000000000048e-04 1.000000000000000048e-04 1.000000000000000000e+00
-1.795999999999999819e+00 1.000000000000000048e-04 1.000000000000000048e-04 1.000000000000000000e+00
-1.795249999999999790e+00 1.000000000000000048e-04 1.000000000000000048e-04 1.000000000000000000e+00
-1.794499999999999762e+00 1.000000000000000048e-04 1.000000000000000048e-04 1.000000000000000000e+00
-1.793749999999999734e+00 1.000000000000000048e-04 1.000000000000000048e-04 1.000000000000000000e+00
-1.793000000000000149e+00 1.000000000000000048e-04 1.000000000000000048e-04 1.000000000000000000e+00
-1.792250000000000121e+00 1.000000000000000048e-04 1.000000000000000048e-04 1.000000000000000000e+00
-1.791500000000000092e+00 1.000000000000000048e-04 1.000000000000000048e-04 1.000000000000000000e+00
-1.790750000000000064e+00 1.000000000000000048e-04 1.000000000000000048e-04 1.000000000000000000e+00
-1.790000000000000036e+00 1.000000000000000048e-04 1.000000000000000048e-04 1.000000000000000000e+00
-1.789250000000000007e+00 1.000000000000000048e-04 1.000000000000000048e-04 1.000000000000000000e+00
-1.788499999999999979e+00 1.000000000000000048e-04 1.000000000000000048e-04 1.000000000000000000e+00
-1.787749999999999950e+00 1.000000000000000048e-04 1.000000000000000048e-04 1.000000000000000000e+00
-1.786999999999999922e+00 1.000000000000000048e-04 1.000000000000000048e-04 1.000000000000000000e+00
-1.786249999999999893e+00 1.000000000000000048e-04 1.000000000000000048e-04 1.000000000000000000e+00
-1.785499999999999865e+00 1.000000000000000048e-04 1.000000000000000048e-04 1.000000000000000000e+00
-1.784749999999999837e+00 1.000000000000000048e-04 1.000000000000000048e-04 1.000000000000000000e+00
-1.783999999999999808e+00 1.000000000000000048e-04 1.000000000000000048e-04 1.000000000000000000e+00
-1.783249999999999780e+00 1.000000000000000048e-04 1.000000000000000048e-04 1.000000000000000000e+00
-1.782499999999999751e+00 1.000000000000000048e-04 1.000000000000000048e-04 1.000000000000000000e+00
-1.781749999999999723e+00 1.000000000000000048e-04 1.000000000000000048e-04 1.000000000000000000e+00
-1.781000000000000139e+00 1.000000000000000048e-04 1.000000000000000048e-04 1.000000000000000000e+00
-1.780250000000000110e+00 1.000000000000000048e-04 1.000000000000000048e-04 1.000000000000000000e+00
-1.779500000000000082e+00 1.000000000000000048e-04 1.000000000000000048e-04 1.000000000000000000e+00
-1.778750000000000053e+00 1.000000000000000048e-04 1.000000000000000048e-04 1.000000000000000000e+00
-1.778000000000000025e+00 1.000000000000000048e-04 1.000000000000000048e-04 1.000000000000000000e+00
-1.777249999999999996e+00 1.000000000000000048e-04 1.000000000000000048e-04 1.000000000000000000e+00
-1.776499999999999968e+00 1.000000000000000048e-04 1.000000000000000048e-04 1.000000000000000000e+00
-1.775749999999999940e+00 1.000000000000000048e-04 1.000000000000000048e-04 1.000000000000000000e+00
-1.774999999999999911e+00 1.000000000000000048e-04 1.000000000000000048e-04 1.000000000000000000e+00
-1.774249999999999883e+00 1.000000000000000048e-04 1.000000000000000048e-04 1.000000000000000000e+00
-1.773499999999999854e+00 1.000000000000000048e-04 1.000000000000000048e-04 1.000000000000000000e+00
-1.772749999999999826e+00 1.000000000000000048e-04 1.000000000000000048e-04 1.000000000000000000e+00
-1.771999999999999797e+00 1.000000000000000048e-04 1.000000000000000048e-04 1.000000000000000000e+00
-1.771249999999999769e+00 1.000000000000000048e-04 1.000000000000000048e-04 1.000000000000000000e+00
-1.770499999999999741e+00 1.000000000000000048e-04 1.000000000000000048e-04 1.000000000000000000e+00
-1.769749999999999712e+00 1.000000000000000048e-04 1.000000000000000048e-04 1.000000000000000000e+00
-1.769000000000000128e+00 1.000000000000000048e-04 1.000000000000000048e-04 1.000000000000000000e+00
-1.768250000000000099e+00 1.000000000000000048e-04 1.000000000000000048e-04 1.000000000000000000e+00
-1.767500000000000071e+00 1.000000000000000048e-04 1.000000000000000048e-04 1.000000000000000000e+00
-1.766750000000000043e+00 1.000000000000000048e-04 1.000000000000000048e-04 1.000000000000000000e+00
-1.766000000000000014e+00 1.000000000000000048e-04 1.000000000000000048e-04 1.000000000000000000e+00
-1.765249999999999986e+00 1.000000000000000048e-04 1.000000000000000048e-04 1.000000000000000000e+00
-1.764499999999999957e+00 1.000000000000000048e-04 1.000000000000000048e-04 1.000000000000000000e+00
-1.763749999999999929e+00 1.000000000000000048e-04 1.000000000000000048e-04 1.000000000000000000e+00
-1.762999999999999901e+00 1.000000000000000048e-04 1.000000000000000048e-04 1.000000000000000000e+00
-1.762249999999999872e+00 1.000000000000000048e-04 1.000000000000000048e-04 1.000000000000000000e+00
-1.761499999999999844e+00 1.000000000000000048e-04 1.000000000000000048e-04 1.000000000000000000e+00
-1.760749999999999815e+00 1.000000000000000048e-04 1.000000000000000048e-04 1.000000000000000000e+00
-1.759999999999999787e+00 1.000000000000000048e-04 1.000000000000000048e-04 1.000000000000000000e+00
-1.759249999999999758e+00 1.000000000000000048e-04 1.000000000000000048e-04 1.000000000000000000e+00
-1.758499999999999730e+00 1.000000000000000048e-04 1.000000000000000048e-04 1.000000000000000000e+00
-1.757750000000000146e+00 1.000000000000000048e-04 1.000000000000000048e-04 1.000000000000000000e+00
-1.757000000000000117e+00 1.000000000000000048e-04 1.000000000000000048e-04 1.000000000000000000e+00
-1.756250000000000089e+00 1.000000000000000048e-04 1.000000000000000048e-04 1.000000000000000000e+00
-1.755500000000000060e+00 1.000000000000000048e-04 1.000000000000000048e-04 1.000000000000000000e+00
-1.754750000000000032e+00 1.000000000000000048e-04 1.000000000000000048e-04 1.000000000000000000e+00
-1.754000000000000004e+00 1.000000000000000048e-04 1.000000000000000048e-04 1.000000000000000000e+00
-1.753249999999999975e+00 1.000000000000000048e-04 1.000000000000000048e-04 1.000000000000000000e+00
-1.752499999999999947e+00 1.000000000000000048e-04 1.000000000000000048e-04 1.000000000000000000e+00
-1.751749999999999918e+00 1.000000000000000048e-04 1.000000000000000048e-04 1.000000000000000000e+00
-1.750999999999999890e+00 1.000000000000000048e-04 1.000000000000000048e-04 1.000000000000000000e+00
-1.750249999999999861e+00 1.000000000000000048e-04 1.000000000000000048e-04 1.000000000000000000e+00
-1.749499999999999833e+00 1.000000000000000048e-04 1.000000000000000048e-04 1.000000000000000000e+00
-1.748749999999999805e+00 1.000000000000000048e-04 1.000000000000000048e-04 1.000000000000000000e+00
-1.747999999999999776e+00 1.000000000000000048e-04 1.000000000000000048e-04 1.000000000000000000e+00
-1.747249999999999748e+00 1.000000000000000048e-04 1.000000000000000048e-04 1.000000000000000000e+00
-1.746499999999999719e+00 1.000000000000000048e-04 1.000000000000000048e-04 1.000000000000000000e+00
-1.745750000000000135e+00 1.000000000000000048e-04 1.000000000000000048e-04 1.000000000000000000e+00
-1.745000000000000107e+00 1.000000000000000048e-04 1.000000000000000048e-04 1.000000000000000000e+00
-1.744250000000000078e+00 1.000000000000000048e-04 1.000000000000000048e-04 1.000000000000000000e+00
-1.743500000000000050e+00 1.000000000000000048e-04 1.000000000000000048e-04 1.000000000000000000e+00
-1.742750000000000021e+00 1.000000000000000048e-04 1.000000000000000048e-04 1.000000000000000000e+00
-1.741999999999999993e+00 1.000000000000000048e-04 1.000000000000000048e-04 1.000000000000000000e+00
-1.741249999999999964e+00 1.000000000000000048e-04 1.000000000000000048e-04 1.000000000000000000e+00
-1.740499999999999936e+00 1.000000000000000048e-04 1.000000000000000048e-04 1.000000000000000000e+00
-1.739749999999999908e+00 1.000000000000000048e-04 1.000000000000000048e-04 1.000000000000000000e+00
-1.738999999999999879e+00 1.000000000000000048e-04 1.000000000000000048e-04 1.000000000000000000e+00
-1.738249999999999851e+00 1.000000000000000048e-04 1.000000000000000048e-04 1.000000000000000000e+00
-1.737499999999999822e+00 1.000000000000000048e-04 1.000000000000000048e-04 1.000000000000000000e+00
-1.736749999999999794e+00 1.000000000000000048e-04 1.000000000000000048e-04 1.000000000000000000e+00
-1.735999999999999766e+00 1.000000000000000048e-04 1.000000000000000048e-04 1.000000000000000000e+00
-1.735249999999999737e+00 1.000000000000000048e-04 1.000000000000000048e-04 1.000000000000000000e+00
-1.734500000000000153e+00 1.000000000000000048e-04 1.000000000000000048e-04 1.000000000000000000e+00
-1.733750000000000124e+00 1.000000000000000048e-04 1.000000000000000048e-04 1.000000000000000000e+00
-1.733000000000000096e+00 1.000000000000000048e-04 1.000000000000000048e-04 1.000000000000000000e+00
-1.732250000000000068e+00 1.000000000000000048e-04 1.000000000000000048e-04 1.000000000000000000e+00
-1.731500000000000039e+00 1.000000000000000048e-04 1.000000000000000048e-04 1.000000000000000000e+00
-1.730750000000000011e+00 1.000000000000000048e-04 1.000000000000000048e-04 1.000000000000000000e+00
-1.729999999999999982e+00 1.000000000000000048e-04 1.000000000000000048e-04 1.000000000000000000e+00
-1.729249999999999954e+00 1.000000000000000048e-04 1.000000000000000048e-04 1.000000000000000000e+00
-1.728499999999999925e+00 1.000000000000000048e-04 1.000000000000000048e-04 1.000000000000000000e+00
-1.727749999999999897e+00 1.000000000000000048e-04 1.000000000000000048e-04 1.000000000000000000e+00
-1.726999999999999869e+00 1.000000000000000048e-04 1.000000000000000048e-04 1.000000000000000000e+00
-1.726249999999999840e+00 1.000000000000000048e-04 1.000000000000000048e-04 1.000000000000000000e+00
-1.725499999999999812e+00 1.000000000000000048e-04 1.000000000000000048e-04 1.000000000000000000e+00
-1.724749999999999783e+00 1.000000000000000048e-04 1.000000000000000048e-04 1.000000000000000000e+00
-1.723999999999999755e+00 1.000000000000000048e-04 1.000000000000000048e-04 1.000000000000000000e+00
-1.723249999999999726e+00 1.000000000000000048e-04 1.000000000000000048e-04 1.000000000000000000e+00
-1.722500000000000142e+00 1.000000000000000048e-04 1.000000000000000048e-04 1.000000000000000000e+00
-1.721750000000000114e+00 1.000000000000000048e-04 1.000000000000000048e-04 1.000000000000000000e+00
-1.721000000000000085e+00 1.000000000000000048e-04 1.000000000000000048e-04 1.000000000000000000e+00
-1.720250000000000057e+00 1.000000000000000048e-04 1.000000000000000048e-04 1.000000000000000000e+00
-1.719500000000000028e+00 1.000000000000000048e-04 1.000000000000000048e-04 1.000000000000000000e+00
-1.718750000000000000e+00 1.000000000000000048e-04 1.000000000000000048e-04 1.000000000000000000e+00
-1.717999999999999972e+00 1.000000000000000048e-04 1.000000000000000048e-04 1.000000000000000000e+00
-1.717249999999999943e+00 1.000000000000000048e-04 1.000000000000000048e-04 1.000000000000000000e+00
-1.716499999999999915e+00 1.000000000000000048e-04 1.000000000000000048e-04 1.000000000000000000e+00
-1.715749999999999886e+00 1.000000000000000048e-04 1.000000000000000048e-04 1.000000000000000000e+00
-1.714999999999999858e+00 1.000000000000000048e-04 1.000000000000000048e-04 1.000000000000000000e+00
-1.714249999999999829e+00 1.000000000000000048e-04 1.000000000000000048e-04 1.000000000000000000e+00
-1.713499999999999801e+00 1.000000000000000048e-04 1.000000000000000048e-04 1.000000000000000000e+00
-1.712749999999999773e+00 1.000000000000000048e-04 1.000000000000000048e-04 1.000000000000000000e+00
-1.711999999999999744e+00 1.000000000000000048e-04 1.000000000000000048e-04 1.000000000000000000e+00
-1.711249999999999716e+00 1.000000000000000048e-04 1.000000000000000048e-04 1.000000000000000000e+00
-1.710500000000000131e+00 1.000000000000000048e-04 1.000000000000000048e-04 1.000000000000000000e+00
-1.709750000000000103e+00 1.000000000000000048e-04 1.000000000000000048e-04 1.000000000000000000e+00
-1.709000000000000075e+00 1.000000000000000048e-04 1.000000000000000048e-04 1.000000000000000000e+00
-1.708250000000000046e+00 1.000000000000000048e-04 1.000000000000000048e-04 1.000000000000000000e+00
-1.707500000000000018e+00 1.000000000000000048e-04 1.000000000000000048e-04 1.000000000000000000e+00
-1.706749999999999989e+00 1.000000000000000048e-04 1.000000000000000048e-04 1.000000000000000000e+00
-1.705999999999999961e+00 1.000000000000000048e-04 1.000000000000000048e-04 1.000000000000000000e+00
-1.705249999999999932e+00 1.000000000000000048e-04 1.000000000000000048e-04 1.000000000000000000e+00
-1.704499999999999904e+00 1.000000000000000048e-04 1.000000000000000048e-04 1.000000000000000000e+00
-1.703749999999999876e+00 1.000000000000000048e-04 1.000000000000000048e-04 1.000000000000000000e+00
-1.702999999999999847e+00 1.000000000000000048e-04 1.000000000000000048e-04 1.000000000000000000e+00
-1.702249999999999819e+00 1.000000000000000048e-04 1.000000000000000048e-04 1.000000000000000000e+00
-1.701499999999999790e+00 1.000000000000000048e-04 1.000000000000000048e-04 1.000000000000000000e+00
-1.700749999999999762e+00 1.000000000000000048e-04 1.000000000000000048e-04 1.000000000000000000e+00
-1.699999999999999734e+00 1.000000000000000048e-04 1.000000000000000048e-04 1.000000000000000000e+00
-1.699250000000000149e+00 1.000000000000000048e-04 1.000000000000000048e-04 1.000000000000000000e+00
-1.698500000000000121e+00 1.000000000000000048e-04 1.000000000000000048e-04 1.000000000000000000e+00
-1.697750000000000092e+00 1.000000000000000048e-04 1.000000000000000048e-04 1.000000000000000000e+00
-1.697000000000000064e+00 1.000000000000000048e-04 1.000000000000000048e-04 1.000000000000000000e+00
-1.696250000000000036e+00 1.000000000000000048e-04 1.000000000000000048e-04 1.000000000000000000e+00
-1.695500000000000007e+00 1.000000000000000048e-04 1.000000000000000048e-04 1.000000000000000000e+00
-1.694749999999999979e+00 1.000000000000000048e-04 1.000000000000000048e-04 1.000000000000000000e+00
-1.693999999999999950e+00 1.000000000000000048e-04 1.000000000000000048e-04 1.000000000000000000e+00
-1.693249999999999922e+00 1.000000000000000048e-04 1.000000000000000048e-04 1.000000000000000000e+00
-1.692499999999999893e+00 1.000000000000000048e-04 1.000000000000000048e-04 1.000000000000000000e+00
-1.691749999999999865e+00 1.000000000000000048e-04 1.000000000000000048e-04 1.000000000000000000e+00
-1.690999999999999837e+00 1.000000000000000048e-04 1.000000000000000048e-04 1.000000000000000000e+00
-1.690249999999999808e+00 1.000000000000000048e-04 1.000000000000000048e-04 1.000000000000000000e+00
-1.689499999999999780e+00 1.000000000000000048e-04 1.000000000000000048e-04 1.000000000000000000e+00
-1.688749999999999751e+00 1.000000000000000048e-04 1.000000000000000048e-04 1.000000000000000000e+00
-1.687999999999999723e+00 1.000000000000000048e-04 1.000000000000000048e-04 1.000000000000000000e+00
-1.687250000000000139e+00 1.000000000000000048e-04 1.000000000000000048e-04 1.000000000000000000e+00
-1.686500000000000110e+00 1.000000000000000048e-04 1.000000000000000048e-04 1.000000000000000000e+00
-1.685750000000000082e+00 1.000000000000000048e-04 1.000000000000000048e-04 1.000000000000000000e+00
-1.685000000000000053e+00 1.000000000000000048e-04 1.000000000000000048e-04 1.000000000000000000e+00
-1.684250000000000025e+00 1.000000000000000048e-04 1.000000000000000048e-04 1.000000000000000000e+00
-1.683499999999999996e+00 1.000000000000000048e-04 1.000000000000000048e-04 1.000000000000000000e+00
-1.682749999999999968e+00 1.000000000000000048e-04 1.000000000000000048e-04 1.000000000000000000e+00
-1.681999999999999940e+00 1.000000000000000048e-04 1.000000000000000048e-04 1.000000000000000000e+00
-1.681249999999999911e+00 1.000000000000000048e-04 1.000000000000000048e-04 1.000000000000000000e+00
-1.680499999999999883e+00 1.000000000000000048e-04 1.000000000000000048e-04 1.000000000000000000e+00
-1.679749999999999854e+00 1.000000000000000048e-04 1.000000000000000048e-04 1.000000000000000000e+00
-1.678999999999999826e+00 1.000000000000000048e-04 1.000000000000000048e-04 1.000000000000000000e+00
-1.678249999999999797e+00 1.000000000000000048e-04 1.000000000000000048e-04 1.000000000000000000e+00
-1.677499999999999769e+00 1.000000000000000048e-04 1.000000000000000048e-04 1.000000000000000000e+00
-1.676749999999999741e+00 1.000000000000000048e-04 1.000000000000000048e-04 1.000000000000000000e+00
-1.675999999999999712e+00 1.000000000000000048e-04 1.000000000000000048e-04 1.000000000000000000e+00
-1.675250000000000128e+00 1.000000000000000048e-04 1.000000000000000048e-04 1.000000000000000000e+00
-1.674500000000000099e+00 1.000000000000000048e-04 1.000000000000000048e-04 1.000000000000000000e+00
-1.673750000000000071e+00 1.000000000000000048e-04 1.000000000000000048e-04 1.000000000000000000e+00
-1.673000000000000043e+00 1.000000000000000048e-04 1.000000000000000048e-04 1.000000000000000000e+00
-1.672250000000000014e+00 1.000000000000000048e-04 1.000000000000000048e-04 1.000000000000000000e+00
-1.671499999999999986e+00 1.000000000000000048e-04 1.000000000000000048e-04 1.000000000000000000e+00
-1.670749999999999957e+00 1.000000000000000048e-04 1.000000000000000048e-04 1.000000000000000000e+00
-1.669999999999999929e+00 1.000000000000000048e-04 1.000000000000000048e-04 1.000000000000000000e+00
-1.669249999999999901e+00 1.000000000000000048e-04 1.000000000000000048e-04 1.000000000000000000e+00
-1.668499999999999872e+00 1.000000000000000048e-04 1.000000000000000048e-04 1.000000000000000000e+00
-1.667749999999999844e+00 1.000000000000000048e-04 1.000000000000000048e-04 1.000000000000000000e+00
-1.666999999999999815e+00 1.000000000000000048e-04 1.000000000000000048e-04 1.000000000000000000e+00
-1.666249999999999787e+00 1.000000000000000048e-04 1.000000000000000048e-04 1.000000000000000000e+00
-1.665499999999999758e+00 1.000000000000000048e-04 1.000000000000000048e-04 1.000000000000000000e+00
-1.664749999999999730e+00 1.000000000000000048e-04 1.000000000000000048e-04 1.000000000000000000e+00
-1.664000000000000146e+00 1.000000000000000048e-04 1.000000000000000048e-04 1.000000000000000000e+00
-1.663250000000000117e+00 1.000000000000000048e-04 1.000000000000000048e-04 1.000000000000000000e+00
-1.662500000000000089e+00 1.000000000000000048e-04 1.000000000000000048e-04 1.000000000000000000e+00
-1.661750000000000060e+00 1.000000000000000048e-04 1.000000000000000048e-04 1.000000000000000000e+00
-1.661000000000000032e+00 1.000000000000000048e-04 1.000000000000000048e-04 1.000000000000000000e+00
-1.660250000000000004e+00 1.000000000000000048e-04 1.000000000000000048e-04 1.000000000000000000e+00
-1.659499999999999975e+00 1.000000000000000048e-04 1.000000000000000048e-04 1.000000000000000000e+00
-1.658749999999999947e+00 1.000000000000000048e-04 1.000000000000000048e-04 1.000000000000000000e+00
-1.657999999999999918e+00 1.000000000000000048e-04 1.000000000000000048e-04 1.000000000000000000e+00
-1.657249999999999890e+00 1.000000000000000048e-04 1.000000000000000048e-04 1.000000000000000000e+00
-1.656499999999999861e+00 1.000000000000000048e-04 1.000000000000000048e-04 1.000000000000000000e+00
-1.655749999999999833e+00 1.000000000000000048e-04 1.000000000000000048e-04 1.000000000000000000e+00
-1.654999999999999805e+00 1.000000000000000048e-04 1.000000000000000048e-04 1.000000000000000000e+00
-1.654249999999999776e+00 1.000000000000000048e-04 1.000000000000000048e-04 1.000000000000000000e+00
-1.653499999999999748e+00 1.000000000000000048e-04 1.000000000000000048e-04 1.000000000000000000e+00
-1.652749999999999719e+00 1.000000000000000048e-04 1.000000000000000048e-04 1.000000000000000000e+00
-1.652000000000000135e+00 1.000000000000000048e-04 1.000000000000000048e-04 1.000000000000000000e+00
-1.651250000000000107e+00 1.000000000000000048e-04 1.000000000000000048e-04 1.000000000000000000e+00
-1.650500000000000078e+00 1.000000000000000048e-04 1.000000000000000048e-04 1.000000000000000000e+00
-1.649750000000000050e+00 1.000000000000000048e-04 1.000000000000000048e-04 1.000000000000000000e+00
-1.649000000000000021e+00 1.000000000000000048e-04 1.000000000000000048e-04 1.000000000000000000e+00
-1.648249999999999993e+00 1.000000000000000048e-04 1.000000000000000048e-04 1.000000000000000000e+00
-1.647499999999999964e+00 1.000000000000000048e-04 1.000000000000000048e-04 1.000000000000000000e+00
-1.646749999999999936e+00 1.000000000000000048e-04 1.000000000000000048e-04 1.000000000000000000e+00
-1.645999999999999908e+00 1.000000000000000048e-04 1.000000000000000048e-04 1.000000000000000000e+00
-1.645249999999999879e+00 1.000000000000000048e-04 1.000000000000000048e-04 1.000000000000000000e+00
-1.644499999999999851e+00 1.000000000000000048e-04 1.000000000000000048e-04 1.000000000000000000e+00
-1.643749999999999822e+00 1.000000000000000048e-04 1.000000000000000048e-04 1.000000000000000000e+00
-1.642999999999999794e+00 1.000000000000000048e-04 1.000000000000000048e-04 1.000000000000000000e+00
-1.642249999999999766e+00 1.000000000000000048e-04 1.000000000000000048e-04 1.000000000000000000e+00
-1.641499999999999737e+00 1.000000000000000048e-04 1.000000000000000048e-04 1.000000000000000000e+00
-1.640749999999999709e+00 1.000000000000000048e-04 1.000000000000000048e-04 1.000000000000000000e+00
-1.640000000000000124e+00 1.000000000000000048e-04 1.000000000000000048e-04 1.000000000000000000e+00
-1.639250000000000096e+00 1.000000000000000048e-04 1.000000000000000048e-04 1.000000000000000000e+00
-1.638500000000000068e+00 1.000000000000000048e-04 1.000000000000000048e-04 1.000000000000000000e+00
-1.637750000000000039e+00 1.000000000000000048e-04 1.000000000000000048e-04 1.000000000000000000e+00
-1.637000000000000011e+00 1.000000000000000048e-04 1.000000000000000048e-04 1.000000000000000000e+00
-1.636249999999999982e+00 1.000000000000000048e-04 1.000000000000000048e-04 1.000000000000000000e+00
-1.635499999999999954e+00 1.000000000000000048e-04 1.000000000000000048e-04 1.000000000000000000e+00
-1.634749999999999925e+00 1.000000000000000048e-04 1.000000000000000048e-04 1.000000000000000000e+00
-1.633999999999999897e+00 1.000000000000000048e-04 1.000000000000000048e-04 1.000000000000000000e+00
-1.633249999999999869e+00 1.000000000000000048e-04 1.000000000000000048e-04 1.000000000000000000e+00
-1.632499999999999840e+00 1.000000000000000048e-04 1.000000000000000048e-04 1.000000000000000000e+00
-1.631749999999999812e+00 1.000000000000000048e-04 1.000000000000000048e-04 1.000000000000000000e+00
-1.630999999999999783e+00 1.000000000000000048e-04 1.000000000000000048e-04 1.000000000000000000e+00
-1.630249999999999755e+00 1.000000000000000048e-04 1.000000000000000048e-04 1.000000000000000000e+00
-1.629499999999999726e+00 1.000000000000000048e-04 1.000000000000000048e-04 1.000000000000000000e+00
-1.628750000000000142e+00 1.000000000000000048e-04 1.000000000000000048e-04 1.000000000000000000e+00
-1.628000000000000114e+00 1.000000000000000048e-04 1.000000000000000048e-04 1.000000000000000000e+00
-1.627250000000000085e+00 1.000000000000000048e-04 1.000000000000000048e-04 1.000000000000000000e+00
-1.626500000000000057e+00 1.000000000000000048e-04 1.000000000000000048e-04 1.000000000000000000e+00
-1.625750000000000028e+00 1.000000000000000048e-04 1.000000000000000048e-04 1.000000000000000000e+00
-1.625000000000000000e+00 1.000000000000000048e-04 1.000000000000000048e-04 1.000000000000000000e+00
-1.624249999999999972e+00 1.000000000000000048e-04 1.000000000000000048e-04 1.000000000000000000e+00
-1.623499999999999943e+00 1.000000000000000048e-04 1.000000000000000048e-04 1.000000000000000000e+00
-1.622749999999999915e+00 1.000000000000000048e-04 1.000000000000000048e-04 1.000000000000000000e+00
-1.621999999999999886e+00 1.000000000000000048e-04 1.000000000000000048e-04 1.000000000000000000e+00
-1.621249999999999858e+00 1.000000000000000048e-04 1.000000000000000048e-04 1.000000000000000000e+00
-1.620499999999999829e+00 1.000000000000000048e-04 1.000000000000000048e-04 1.000000000000000000e+00
-1.619749999999999801e+00 1.000000000000000048e-04 1.000000000000000048e-04 1.000000000000000000e+00
-1.618999999999999773e+00 1.000000000000000048e-04 1.000000000000000048e-04 1.000000000000000000e+00
-1.618249999999999744e+00 1.000000000000000048e-04 1.000000000000000048e-04 1.000000000000000000e+00
-1.617499999999999716e+00 1.000000000000000048e-04 1.000000000000000048e-04 1.000000000000000000e+00
-1.616750000000000131e+00 1.000000000000000048e-04 1.000000000000000048e-04 1.000000000000000000e+00
-1.616000000000000103e+00 1.000000000000000048e-04 1.000000000000000048e-04 1.000000000000000000e+00
-1.615250000000000075e+00 1.000000000000000048e-04 1.000000000000000048e-04 1.000000000000000000e+00
-1.614500000000000046e+00 1.000000000000000048e-04 1.000000000000000048e-04 1.000000000000000000e+00
-1.613750000000000018e+00 1.000000000000000048e-04 1.000000000000000048e-04 1.000000000000000000e+00
-1.612999999999999989e+00 1.000000000000000048e-04 1.000000000000000048e-04 1.000000000000000000e+00
-1.612249999999999961e+00 1.000000000000000048e-04 1.000000000000000048e-04 1.000000000000000000e+00
-1.611499999999999932e+00 1.000000000000000048e-04 1.000000000000000048e-04 1.000000000000000000e+00
-1.610749999999999904e+00 1.000000000000000048e-04 1.000000000000000048e-04 1.000000000000000000e+00
-1.609999999999999876e+00 1.000000000000000048e-04 1.000000000000000048e-04 1.000000000000000000e+00
-1.609249999999999847e+00 1.000000000000000048e-04 1.000000000000000048e-04 1.000000000000000000e+00
-1.608499999999999819e+00 1.000000000000000048e-04 1.000000000000000048e-04 1.000000000000000000e+00
-1.607749999999999790e+00 1.000000000000000048e-04 1.000000000000000048e-04 1.000000000000000000e+00
-1.606999999999999762e+00 1.000000000000000048e-04 1.000000000000000048e-04 1.000000000000000000e+00
-1.606249999999999734e+00 1.000000000000000048e-04 1.000000000000000048e-04 1.000000000000000000e+00
-1.605500000000000149e+00 1.000000000000000048e-04 1.000000000000000048e-04 1.000000000000000000e+00
-1.604750000000000121e+00 1.000000000000000048e-04 1.000000000000000048e-04 1.000000000000000000e+00
-1.604000000000000092e+00 1.000000000000000048e-04 1.000000000000000048e-04 1.000000000000000000e+00
-1.603250000000000064e+00 1.000000000000000048e-04 1.000000000000000048e-04 1.000000000000000000e+00
-1.602500000000000036e+00 1.000000000000000048e-04 1.000000000000000048e-04 1.000000000000000000e+00
-1.601750000000000007e+00 1.000000000000000048e-04 1.000000000000000048e-04 1.000000000000000000e+00
-1.600999999999999979e+00 1.000000000000000048e-04 1.000000000000000048e-04 1.000000000000000000e+00
-1.600249999999999950e+00 1.000000000000000048e-04 1.000000000000000048e-04 1.000000000000000000e+00
-1.599499999999999922e+00 1.000000000000000048e-04 1.000000000000000048e-04 1.000000000000000000e+00
-1.598749999999999893e+00 1.000000000000000048e-04 1.000000000000000048e-04 1.000000000000000000e+00
-1.597999999999999865e+00 1.000000000000000048e-04 1.000000000000000048e-04 1.000000000000000000e+00
-1.597249999999999837e+00 1.000000000000000048e-04 1.000000000000000048e-04 1.000000000000000000e+00
-1.596499999999999808e+00 1.000000000000000048e-04 1.000000000000000048e-04 1.000000000000000000e+00
-1.595749999999999780e+00 1.000000000000000048e-04 1.000000000000000048e-04 1.000000000000000000e+00
-1.594999999999999751e+00 1.000000000000000048e-04 1.000000000000000048e-04 1.000000000000000000e+00
-1.594249999999999723e+00 1.000000000000000048e-04 1.000000000000000048e-04 1.000000000000000000e+00
-1.593500000000000139e+00 1.000000000000000048e-04 1.000000000000000048e-04 1.000000000000000000e+00
-1.592750000000000110e+00 1.000000000000000048e-04 1.000000000000000048e-04 1.000000000000000000e+00
-1.592000000000000082e+00 1.000000000000000048e-04 1.000000000000000048e-04 1.000000000000000000e+00
-1.591250000000000053e+00 1.000000000000000048e-04 1.000000000000000048e-04 1.000000000000000000e+00
-1.590500000000000025e+00 1.000000000000000048e-04 1.000000000000000048e-04 1.000000000000000000e+00
-1.589749999999999996e+00 1.000000000000000048e-04 1.000000000000000048e-04 1.000000000000000000e+00
-1.588999999999999968e+00 1.000000000000000048e-04 1.000000000000000048e-04 1.000000000000000000e+00
-1.588249999999999940e+00 1.000000000000000048e-04 1.000000000000000048e-04 1.000000000000000000e+00
-1.587499999999999911e+00 1.000000000000000048e-04 1.000000000000000048e-04 1.000000000000000000e+00
-1.586749999999999883e+00 1.000000000000000048e-04 1.000000000000000048e-04 1.000000000000000000e+00
-1.585999999999999854e+00 1.000000000000000048e-04 1.000000000000000048e-04 1.000000000000000000e+00
-1.585249999999999826e+00 1.000000000000000048e-04 1.000000000000000048e-04 1.000000000000000000e+00
-1.584499999999999797e+00 1.000000000000000048e-04 1.000000000000000048e-04 1.000000000000000000e+00
-1.583749999999999769e+00 1.000000000000000048e-04 1.000000000000000048e-04 1.000000000000000000e+00
-1.582999999999999741e+00 1.000000000000000048e-04 1.000000000000000048e-04 1.000000000000000000e+00
-1.582249999999999712e+00 1.000000000000000048e-04 1.000000000000000048e-04 1.000000000000000000e+00
-1.581500000000000128e+00 1.000000000000000048e-04 1.000000000000000048e-04 1.000000000000000000e+00
-1.580750000000000099e+00 1.000000000000000048e-04 1.000000000000000048e-04 1.000000000000000000e+00
-1.580000000000000071e+00 1.000000000000000048e-04 1.000000000000000048e-04 1.000000000000000000e+00
-1.579250000000000043e+00 1.000000000000000048e-04 1.000000000000000048e-04 1.000000000000000000e+00
-1.578500000000000014e+00 1.000000000000000048e-04 1.000000000000000048e-04 1.000000000000000000e+00
-1.577749999999999986e+00 1.000000000000000048e-04 1.000000000000000048e-04 1.000000000000000000e+00
-1.576999999999999957e+00 1.000000000000000048e-04 1.000000000000000048e-04 1.000000000000000000e+00
-1.576249999999999929e+00 1.000000000000000048e-04 1.000000000000000048e-04 1.000000000000000000e+00
-1.575499999999999901e+00 1.000000000000000048e-04 1.000000000000000048e-04 1.000000000000000000e+00
-1.574749999999999872e+00 1.000000000000000048e-04 1.000000000000000048e-04 1.000000000000000000e+00
-1.573999999999999844e+00 1.000000000000000048e-04 1.000000000000000048e-04 1.000000000000000000e+00
-1.573249999999999815e+00 1.000000000000000048e-04 1.000000000000000048e-04 1.000000000000000000e+00
-1.572499999999999787e+00 1.000000000000000048e-04 1.000000000000000048e-04 1.000000000000000000e+00
-1.571749999999999758e+00 1.000000000000000048e-04 1.000000000000000048e-04 1.000000000000000000e+00
-1.570999999999999730e+00 1.000000000000000048e-04 1.000000000000000048e-04 1.000000000000000000e+00
-1.570250000000000146e+00 1.000000000000000048e-04 1.000000000000000048e-04 1.000000000000000000e+00
-1.569500000000000117e+00 1.000000000000000048e-04 1.000000000000000048e-04 1.000000000000000000e+00
-1.568750000000000089e+00 1.000000000000000048e-04 1.000000000000000048e-04 1.000000000000000000e+00
-1.568000000000000060e+00 1.000000000000000048e-04 1.000000000000000048e-04 1.000000000000000000e+00
-1.567250000000000032e+00 1.000000000000000048e-04 1.000000000000000048e-04 1.000000000000000000e+00
-1.566500000000000004e+00 1.000000000000000048e-04 1.000000000000000048e-04 1.000000000000000000e+00
-1.565749999999999975e+00 1.000000000000000048e-04 1.000000000000000048e-04 1.000000000000000000e+00
-1.564999999999999947e+00 1.000000000000000048e-04 1.000000000000000048e-04 1.000000000000000000e+00
-1.564249999999999918e+00 1.000000000000000048e-04 1.000000000000000048e-04 1.000000000000000000e+00
-1.563499999999999890e+00 1.000000000000000048e-04 1.000000000000000048e-04 1.000000000000000000e+00
-1.562749999999999861e+00 1.000000000000000048e-04 1.000000000000000048e-04 1.000000000000000000e+00
-1.561999999999999833e+00 1.000000000000000048e-04 1.000000000000000048e-04 1.000000000000000000e+00
-1.561249999999999805e+00 1.000000000000000048e-04 1.000000000000000048e-04 1.000000000000000000e+00
-1.560499999999999776e+00 1.000000000000000048e-04 1.000000000000000048e-04 1.000000000000000000e+00
-1.559749999999999748e+00 1.000000000000000048e-04 1.000000000000000048e-04 1.000000000000000000e+00
-1.558999999999999719e+00 1.000000000000000048e-04 1.000000000000000048e-04 1.000000000000000000e+00
-1.558250000000000135e+00 1.000000000000000048e-04 1.000000000000000048e-04 1.000000000000000000e+00
-1.557500000000000107e+00 1.000000000000000048e-04 1.000000000000000048e-04 1.000000000000000000e+00
-1.556750000000000078e+00 1.000000000000000048e-04 1.000000000000000048e-04 1.000000000000000000e+00
-1.556000000000000050e+00 1.000000000000000048e-04 1.000000000000000048e-04 1.000000000000000000e+00
-1.555250000000000021e+00 1.000000000000000048e-04 1.000000000000000048e-04 1.000000000000000000e+00
-1.554499999999999993e+00 1.000000000000000048e-04 1.000000000000000048e-04 1.000000000000000000e+00
-1.553749999999999964e+00 1.000000000000000048e-04 1.000000000000000048e-04 1.000000000000000000e+00
-1.552999999999999936e+00 1.000000000000000048e-04 1.000000000000000048e-04 1.000000000000000000e+00
-1.552249999999999908e+00 1.000000000000000048e-04 1.000000000000000048e-04 1.000000000000000000e+00
-1.551499999999999879e+00 1.000000000000000048e-04 1.000000000000000048e-04 1.000000000000000000e+00
-1.550749999999999851e+00 1.000000000000000048e-04 1.000000000000000048e-04 1.000000000000000000e+00
-1.549999999999999822e+00 1.000000000000000048e-04 1.000000000000000048e-04 1.000000000000000000e+00
-1.549249999999999794e+00 1.000000000000000048e-04 1.000000000000000048e-04 1.000000000000000000e+00
-1.548499999999999766e+00 1.000000000000000048e-04 1.000000000000000048e-04 1.000000000000000000e+00
-1.547749999999999737e+00 1.000000000000000048e-04 1.000000000000000048e-04 1.000000000000000000e+00
-1.546999999999999709e+00 1.000000000000000048e-04 1.000000000000000048e-04 1.000000000000000000e+00
-1.546250000000000124e+00 1.000000000000000048e-04 1.000000000000000048e-04 1.000000000000000000e+00
-1.545500000000000096e+00 1.000000000000000048e-04 1.000000000000000048e-04 1.000000000000000000e+00
-1.544750000000000068e+00 1.000000000000000048e-04 1.000000000000000048e-04 1.000000000000000000e+00
-1.544000000000000039e+00 1.000000000000000048e-04 1.000000000000000048e-04 1.000000000000000000e+00
-1.543250000000000011e+00 1.000000000000000048e-04 1.000000000000000048e-04 1.000000000000000000e+00
-1.542499999999999982e+00 1.000000000000000048e-04 1.000000000000000048e-04 1.000000000000000000e+00
-1.541749999999999954e+00 1.000000000000000048e-04 1.000000000000000048e-04 1.000000000000000000e+00
-1.540999999999999925e+00 1.000000000000000048e-04 1.000000000000000048e-04 1.000000000000000000e+00
-1.540249999999999897e+00 1.000000000000000048e-04 1.000000000000000048e-04 1.000000000000000000e+00
-1.539499999999999869e+00 1.000000000000000048e-04 1.000000000000000048e-04 1.000000000000000000e+00
-1.538749999999999840e+00 1.000000000000000048e-04 1.000000000000000048e-04 1.000000000000000000e+00
-1.537999999999999812e+00 1.000000000000000048e-04 1.000000000000000048e-04 1.000000000000000000e+00
-1.537249999999999783e+00 1.000000000000000048e-04 1.000000000000000048e-04 1.000000000000000000e+00
-1.536499999999999755e+00 1.000000000000000048e-04 1.000000000000000048e-04 1.000000000000000000e+00
-1.535749999999999726e+00 1.000000000000000048e-04 1.000000000000000048e-04 1.000000000000000000e+00
-1.535000000000000142e+00 1.000000000000000048e-04 1.000000000000000048e-04 1.000000000000000000e+00
-1.534250000000000114e+00 1.000000000000000048e-04 1.000000000000000048e-04 1.000000000000000000e+00
-1.533500000000000085e+00 1.000000000000000048e-04 1.000000000000000048e-04 1.000000000000000000e+00
-1.532750000000000057e+00 1.000000000000000048e-04 1.000000000000000048e-04 1.000000000000000000e+00
-1.532000000000000028e+00 1.000000000000000048e-04 1.000000000000000048e-04 1.000000000000000000e+00
-1.531250000000000000e+00 1.000000000000000048e-04 1.000000000000000048e-04 1.000000000000000000e+00
-1.530499999999999972e+00 1.000000000000000048e-04 1.000000000000000048e-04 1.000000000000000000e+00
-1.529749999999999943e+00 1.000000000000000048e-04 1.000000000000000048e-04 1.000000000000000000e+00
-1.528999999999999915e+00 1.000000000000000048e-04 1.000000000000000048e-04 1.000000000000000000e+00
-1.528249999999999886e+00 1.000000000000000048e-04 1.000000000000000048e-04 1.000000000000000000e+00
-1.527499999999999858e+00 1.000000000000000048e-04 1.000000000000000048e-04 1.000000000000000000e+00
-1.526749999999999829e+00 1.000000000000000048e-04 1.000000000000000048e-04 1.000000000000000000e+00
-1.525999999999999801e+00 1.000000000000000048e-04 1.000000000000000048e-04 1.000000000000000000e+00
-1.525249999999999773e+00 1.000000000000000048e-04 1.000000000000000048e-04 1.000000000000000000e+00
-1.524499999999999744e+00 1.000000000000000048e-04 1.000000000000000048e-04 1.000000000000000000e+00
-1.523749999999999716e+00 1.000000000000000048e-04 1.000000000000000048e-04 1.000000000000000000e+00
-1.523000000000000131e+00 1.000000000000000048e-04 1.000000000000000048e-04 1.000000000000000000e+00
-1.522250000000000103e+00 1.000000000000000048e-04 1.000000000000000048e-04 1.000000000000000000e+00
-1.521500000000000075e+00 1.000000000000000048e-04 1.000000000000000048e-04 1.000000000000000000e+00
-1.520750000000000046e+00 1.000000000000000048e-04 1.000000000000000048e-04 1.000000000000000000e+00
-1.520000000000000018e+00 1.000000000000000048e-04 1.000000000000000048e-04 1.000000000000000000e+00
-1.519249999999999989e+00 1.000000000000000048e-04 1.000000000000000048e-04 1.000000000000000000e+00
-1.518499999999999961e+00 1.000000000000000048e-04 1.000000000000000048e-04 1.000000000000000000e+00
-1.517749999999999932e+00 1.000000000000000048e-04 1.000000000000000048e-04 1.000000000000000000e+00
-1.516999999999999904e+00 1.000000000000000048e-04 1.000000000000000048e-04 1.000000000000000000e+00
-1.516249999999999876e+00 1.000000000000000048e-04 1.000000000000000048e-04 1.000000000000000000e+00
-1.515499999999999847e+00 1.000000000000000048e-04 1.000000000000000048e-04 1.000000000000000000e+00
-1.514749999999999819e+00 1.000000000000000048e-04 1.000000000000000048e-04 1.000000000000000000e+00
-1.513999999999999790e+00 1.000000000000000048e-04 1.000000000000000048e-04 1.000000000000000000e+00
-1.513249999999999762e+00 1.000000000000000048e-04 1.000000000000000048e-04 1.000000000000000000e+00
-1.512499999999999734e+00 1.000000000000000048e-04 1.000000000000000048e-04 1.000000000000000000e+00
-1.511750000000000149e+00 1.000000000000000048e-04 1.000000000000000048e-04 1.000000000000000000e+00
-1.511000000000000121e+00 1.000000000000000048e-04 1.000000000000000048e-04 1.000000000000000000e+00
-1.510250000000000092e+00 1.000000000000000048e-04 1.000000000000000048e-04 1.000000000000000000e+00
-1.509500000000000064e+00 1.000000000000000048e-04 1.000000000000000048e-04 1.000000000000000000e+00
-1.508750000000000036e+00 1.000000000000000048e-04 1.000000000000000048e-04 1.000000000000000000e+00
-1.508000000000000007e+00 1.000000000000000048e-04 1.000000000000000048e-04 1.000000000000000000e+00
-1.507249999999999979e+00 1.000000000000000048e-04 1.000000000000000048e-04 1.000000000000000000e+00
-1.506499999999999950e+00 1.000000000000000048e-04 1.000000000000000048e-04 1.000000000000000000e+00
-1.505749999999999922e+00 1.000000000000000048e-04 1.000000000000000048e-04 1.000000000000000000e+00
-1.504999999999999893e+00 1.000000000000000048e-04 1.000000000000000048e-04 1.000000000000000000e+00
-1.504249999999999865e+00 1.000000000000000048e-04 1.000000000000000048e-04 1.000000000000000000e+00
-1.503499999999999837e+00 1.000000000000000048e-04 1.000000000000000048e-04 1.000000000000000000e+00
-1.502749999999999808e+00 1.000000000000000048e-04 1.000000000000000048e-04 1.000000000000000000e+00
-1.501999999999999780e+00 1.000000000000000048e-04 1.000000000000000048e-04 1.000000000000000000e+00
-1.501249999999999751e+00 1.000000000000000048e-04 1.000000000000000048e-04 1.000000000000000000e+00
-1.500499999999999723e+00 1.000000000000000048e-04 1.000000000000000048e-04 1.000000000000000000e+00
-1.499750000000000139e+00 1.000000000000000048e-04 1.000000000000000048e-04 1.000000000000000000e+00
-1.499000000000000110e+00 1.000000000000000048e-04 1.000000000000000048e-04 1.000000000000000000e+00
-1.498250000000000082e+00 1.000000000000000048e-04 1.000000000000000048e-04 1.000000000000000000e+00
-1.497500000000000053e+00 1.000000000000000048e-04 1.000000000000000048e-04 1.000000000000000000e+00
-1.496750000000000025e+00 1.000000000000000048e-04 1.000000000000000048e-04 1.000000000000000000e+00
-1.495999999999999996e+00 1.000000000000000048e-04 1.000000000000000048e-04 1.000000000000000000e+00
-1.495249999999999968e+00 1.000000000000000048e-04 1.000000000000000048e-04 1.000000000000000000e+00
-1.494499999999999940e+00 1.000000000000000048e-04 1.000000000000000048e-04 1.000000000000000000e+00
-1.493749999999999911e+00 1.000000000000000048e-04 1.000000000000000048e-04 1.000000000000000000e+00
-1.492999999999999883e+00 1.000000000000000048e-04 1.000000000000000048e-04 1.000000000000000000e+00
-1.492249999999999854e+00 1.000000000000000048e-04 1.000000000000000048e-04 1.000000000000000000e+00
-1.491499999999999826e+00 1.000000000000000048e-04 1.000000000000000048e-04 1.000000000000000000e+00
-1.490749999999999797e+00 1.000000000000000048e-04 1.000000000000000048e-04 1.000000000000000000e+00
-1.489999999999999769e+00 1.000000000000000048e-04 1.000000000000000048e-04 1.000000000000000000e+00
-1.489249999999999741e+00 1.000000000000000048e-04 1.000000000000000048e-04 1.000000000000000000e+00
-1.488499999999999712e+00 1.000000000000000048e-04 1.000000000000000048e-04 1.000000000000000000e+00
-1.487750000000000128e+00 1.000000000000000048e-04 1.000000000000000048e-04 1.000000000000000000e+00
-1.487000000000000099e+00 1.000000000000000048e-04 1.000000000000000048e-04 1.000000000000000000e+00
-1.486250000000000071e+00 1.000000000000000048e-04 1.000000000000000048e-04 1.000000000000000000e+00
-1.485500000000000043e+00 1.000000000000000048e-04 1.000000000000000048e-04 1.000000000000000000e+00
-1.484750000000000014e+00 1.000000000000000048e-04 1.000000000000000048e-04 1.000000000000000000e+00
-1.483999999999999986e+00 1.000000000000000048e-04 1.000000000000000048e-04 1.000000000000000000e+00
-1.483249999999999957e+00 1.000000000000000048e-04 1.000000000000000048e-04 1.000000000000000000e+00
-1.482499999999999929e+00 1.000000000000000048e-04 1.000000000000000048e-04 1.000000000000000000e+00
-1.481749999999999901e+00 1.000000000000000048e-04 1.000000000000000048e-04 1.000000000000000000e+00
-1.480999999999999872e+00 1.000000000000000048e-04 1.000000000000000048e-04 1.000000000000000000e+00
-1.480249999999999844e+00 1.000000000000000048e-04 1.000000000000000048e-04 1.000000000000000000e+00
-1.479499999999999815e+00 1.000000000000000048e-04 1.000000000000000048e-04 1.000000000000000000e+00
-1.478749999999999787e+00 1.000000000000000048e-04 1.000000000000000048e-04 1.000000000000000000e+00
-1.477999999999999758e+00 1.000000000000000048e-04 1.000000000000000048e-04 1.000000000000000000e+00
-1.477249999999999730e+00 1.000000000000000048e-04 1.000000000000000048e-04 1.000000000000000000e+00
-1.476500000000000146e+00 1.000000000000000048e-04 1.000000000000000048e-04 1.000000000000000000e+00
-1.475750000000000117e+00 1.000000000000000048e-04 1.000000000000000048e-04 1.000000000000000000e+00
-1.475000000000000089e+00 1.000000000000000048e-04 1.000000000000000048e-04 1.000000000000000000e+00
-1.474250000000000060e+00 1.000000000000000048e-04 1.000000000000000048e-04 1.000000000000000000e+00
-1.473500000000000032e+00 1.000000000000000048e-04 1.000000000000000048e-04 1.000000000000000000e+00
-1.472750000000000004e+00 1.000000000000000048e-04 1.000000000000000048e-04 1.000000000000000000e+00
-1.471999999999999975e+00 1.000000000000000048e-04 1.000000000000000048e-04 1.000000000000000000e+00
-1.471249999999999947e+00 1.000000000000000048e-04 1.000000000000000048e-04 1.000000000000000000e+00
-1.470499999999999918e+00 1.000000000000000048e-04 1.000000000000000048e-04 1.000000000000000000e+00
-1.469749999999999890e+00 1.000000000000000048e-04 1.000000000000000048e-04 1.000000000000000000e+00
-1.468999999999999861e+00 1.000000000000000048e-04 1.000000000000000048e-04 1.000000000000000000e+00
-1.468249999999999833e+00 1.000000000000000048e-04 1.000000000000000048e-04 1.000000000000000000e+00
-1.467499999999999805e+00 1.000000000000000048e-04 1.000000000000000048e-04 1.000000000000000000e+00
-1.466749999999999776e+00 1.000000000000000048e-04 1.000000000000000048e-04 1.000000000000000000e+00
-1.465999999999999748e+00 1.000000000000000048e-04 1.000000000000000048e-04 1.000000000000000000e+00
-1.465249999999999719e+00 1.000000000000000048e-04 1.000000000000000048e-04 1.000000000000000000e+00
-1.464500000000000135e+00 1.000000000000000048e-04 1.000000000000000048e-04 1.000000000000000000e+00
-1.463750000000000107e+00 1.000000000000000048e-04 1.000000000000000048e-04 1.000000000000000000e+00
-1.463000000000000078e+00 1.000000000000000048e-04 1.000000000000000048e-04 1.000000000000000000e+00
-1.462250000000000050e+00 1.000000000000000048e-04 1.000000000000000048e-04 1.000000000000000000e+00
-1.461500000000000021e+00 1.000000000000000048e-04 1.000000000000000048e-04 1.000000000000000000e+00
-1.460749999999999993e+00 1.000000000000000048e-04 1.000000000000000048e-04 1.000000000000000000e+00
-1.459999999999999964e+00 1.000000000000000048e-04 1.000000000000000048e-04 1.000000000000000000e+00
-1.459249999999999936e+00 1.000000000000000048e-04 1.000000000000000048e-04 1.000000000000000000e+00
-1.458499999999999908e+00 1.000000000000000048e-04 1.000000000000000048e-04 1.000000000000000000e+00
-1.457749999999999879e+00 1.000000000000000048e-04 1.000000000000000048e-04 1.000000000000000000e+00
-1.456999999999999851e+00 1.000000000000000048e-04 1.000000000000000048e-04 1.000000000000000000e+00
-1.456249999999999822e+00 1.000000000000000048e-04 1.000000000000000048e-04 1.000000000000000000e+00
-1.455499999999999794e+00 1.000000000000000048e-04 1.000000000000000048e-04 1.000000000000000000e+00
-1.454749999999999766e+00 1.000000000000000048e-04 1.000000000000000048e-04 1.000000000000000000e+00
-1.453999999999999737e+00 1.000000000000000048e-04 1.000000000000000048e-04 1.000000000000000000e+00
-1.453249999999999709e+00 1.000000000000000048e-04 1.000000000000000048e-04 1.000000000000000000e+00
-1.452500000000000124e+00 1.000000000000000048e-04 1.000000000000000048e-04 1.000000000000000000e+00
-1.451750000000000096e+00 1.000000000000000048e-04 1.000000000000000048e-04 1.000000000000000000e+00
-1.451000000000000068e+00 1.000000000000000048e-04 1.000000000000000048e-04 1.000000000000000000e+00
-1.450250000000000039e+00 1.000000000000000048e-04 1.000000000000000048e-04 1.000000000000000000e+00
-1.449500000000000011e+00 1.000000000000000048e-04 1.000000000000000048e-04 1.000000000000000000e+00
-1.448749999999999982e+00 1.000000000000000048e-04 1.000000000000000048e-04 1.000000000000000000e+00
-1.447999999999999954e+00 1.000000000000000048e-04 1.000000000000000048e-04 1.000000000000000000e+00
-1.447249999999999925e+00 1.000000000000000048e-04 1.000000000000000048e-04 1.000000000000000000e+00
-1.446499999999999897e+00 1.000000000000000048e-04 1.000000000000000048e-04 1.000000000000000000e+00
-1.445749999999999869e+00 1.000000000000000048e-04 1.000000000000000048e-04 1.000000000000000000e+00
-1.444999999999999840e+00 1.000000000000000048e-04 1.000000000000000048e-04 1.000000000000000000e+00
-1.444249999999999812e+00 1.000000000000000048e-04 1.000000000000000048e-04 1.000000000000000000e+00
-1.443499999999999783e+00 1.000000000000000048e-04 1.000000000000000048e-04 1.000000000000000000e+00
-1.442749999999999755e+00 1.000000000000000048e-04 1.000000000000000048e-04 1.000000000000000000e+00
-1.441999999999999726e+00 1.000000000000000048e-04 1.000000000000000048e-04 1.000000000000000000e+00
-1.441250000000000142e+00 1.000000000000000048e-04 1.000000000000000048e-04 1.000000000000000000e+00
-1.440500000000000114e+00 1.000000000000000048e-04 1.000000000000000048e-04 1.000000000000000000e+00
-1.439750000000000085e+00 1.000000000000000048e-04 1.000000000000000048e-04 1.000000000000000000e+00
-1.439000000000000057e+00 1.000000000000000048e-04 1.000000000000000048e-04 1.000000000000000000e+00
-1.438250000000000028e+00 1.000000000000000048e-04 1.000000000000000048e-04 1.000000000000000000e+00
-1.437500000000000000e+00 1.000000000000000048e-04 1.000000000000000048e-04 1.000000000000000000e+00
-1.436749999999999972e+00 1.000000000000000048e-04 1.000000000000000048e-04 1.000000000000000000e+00
-1.435999999999999943e+00 1.000000000000000048e-04 1.000000000000000048e-04 1.000000000000000000e+00
-1.435249999999999915e+00 1.000000000000000048e-04 1.000000000000000048e-04 1.000000000000000000e+00
-1.434499999999999886e+00 1.000000000000000048e-04 1.000000000000000048e-04 1.000000000000000000e+00
-1.433749999999999858e+00 1.000000000000000048e-04 1.000000000000000048e-04 1.000000000000000000e+00
-1.432999999999999829e+00 1.000000000000000048e-04 1.000000000000000048e-04 1.000000000000000000e+00
-1.432249999999999801e+00 1.000000000000000048e-04 1.000000000000000048e-04 1.000000000000000000e+00
-1.431499999999999773e+00 1.000000000000000048e-04 1.000000000000000048e-04 1.000000000000000000e+00
-1.430749999999999744e+00 1.000000000000000048e-04 1.000000000000000048e-04 1.000000000000000000e+00
-1.429999999999999716e+00 1.000000000000000048e-04 1.000000000000000048e-04 1.000000000000000000e+00
-1.429250000000000131e+00 1.000000000000000048e-04 1.000000000000000048e-04 1.000000000000000000e+00
-1.428500000000000103e+00 1.000000000000000048e-04 1.000000000000000048e-04 1.000000000000000000e+00
-1.427750000000000075e+00 1.000000000000000048e-04 1.000000000000000048e-04 1.000000000000000000e+00
-1.427000000000000046e+00 1.000000000000000048e-04 1.000000000000000048e-04 1.000000000000000000e+00
-1.426250000000000018e+00 1.000000000000000048e-04 1.000000000000000048e-04 1.000000000000000000e+00
-1.425499999999999989e+00 1.000000000000000048e-04 1.000000000000000048e-04 1.000000000000000000e+00
-1.424749999999999961e+00 1.000000000000000048e-04 1.000000000000000048e-04 1.000000000000000000e+00
-1.423999999999999932e+00 1.000000000000000048e-04 1.000000000000000048e-04 1.000000000000000000e+00
-1.423249999999999904e+00 1.000000000000000048e-04 1.000000000000000048e-04 1.000000000000000000e+00
-1.422499999999999876e+00 1.000000000000000048e-04 1.000000000000000048e-04 1.000000000000000000e+00
-1.421749999999999847e+00 1.000000000000000048e-04 1.000000000000000048e-04 1.000000000000000000e+00
-1.420999999999999819e+00 1.000000000000000048e-04 1.000000000000000048e-04 1.000000000000000000e+00
-1.420249999999999790e+00 1.000000000000000048e-04 1.000000000000000048e-04 1.000000000000000000e+00
-1.419499999999999762e+00 1.000000000000000048e-04 1.000000000000000048e-04 1.000000000000000000e+00
-1.418749999999999734e+00 1.000000000000000048e-04 1.000000000000000048e-04 1.000000000000000000e+00
-1.417999999999999705e+00 1.000000000000000048e-04 1.000000000000000048e-04 1.000000000000000000e+00
-1.417250000000000121e+00 1.000000000000000048e-04 1.000000000000000048e-04 1.000000000000000000e+00
-1.416500000000000092e+00 1.000000000000000048e-04 1.000000000000000048e-04 1.000000000000000000e+00
-1.415750000000000064e+00 1.000000000000000048e-04 1.000000000000000048e-04 1.000000000000000000e+00
-1.415000000000000036e+00 1.000000000000000048e-04 1.000000000000000048e-04 1.000000000000000000e+00
-1.414250000000000007e+00 1.000000000000000048e-04 1.000000000000000048e-04 1.000000000000000000e+00
-1.413499999999999979e+00 1.000000000000000048e-04 1.000000000000000048e-04 1.000000000000000000e+00
-1.412749999999999950e+00 1.000000000000000048e-04 1.000000000000000048e-04 1.000000000000000000e+00
-1.411999999999999922e+00 1.000000000000000048e-04 1.000000000000000048e-04 1.000000000000000000e+00
-1.411249999999999893e+00 1.000000000000000048e-04 1.000000000000000048e-04 1.000000000000000000e+00
-1.410499999999999865e+00 1.000000000000000048e-04 1.000000000000000048e-04 1.000000000000000000e+00
-1.409749999999999837e+00 1.000000000000000048e-04 1.000000000000000048e-04 1.000000000000000000e+00
-1.408999999999999808e+00 1.000000000000000048e-04 1.000000000000000048e-04 1.000000000000000000e+00
-1.408249999999999780e+00 1.000000000000000048e-04 1.000000000000000048e-04 1.000000000000000000e+00
-1.407499999999999751e+00 1.000000000000000048e-04 1.000000000000000048e-04 1.000000000000000000e+00
-1.406749999999999723e+00 1.000000000000000048e-04 1.000000000000000048e-04 1.000000000000000000e+00
-1.406000000000000139e+00 1.000000000000000048e-04 1.000000000000000048e-04 1.000000000000000000e+00
-1.405250000000000110e+00 1.000000000000000048e-04 1.000000000000000048e-04 1.000000000000000000e+00
-1.404500000000000082e+00 1.000000000000000048e-04 1.000000000000000048e-04 1.000000000000000000e+00
-1.403750000000000053e+00 1.000000000000000048e-04 1.000000000000000048e-04 1.000000000000000000e+00
-1.403000000000000025e+00 1.000000000000000048e-04 1.000000000000000048e-04 1.000000000000000000e+00
-1.402249999999999996e+00 1.000000000000000048e-04 1.000000000000000048e-04 1.000000000000000000e+00
-1.401499999999999968e+00 1.000000000000000048e-04 1.000000000000000048e-04 1.000000000000000000e+00
-1.400749999999999940e+00 1.000000000000000048e-04 1.000000000000000048e-04 1.000000000000000000e+00
-1.399999999999999911e+00 1.000000000000000048e-04 1.000000000000000048e-04 1.000000000000000000e+00
-1.399249999999999883e+00 1.000000000000000048e-04 1.000000000000000048e-04 1.000000000000000000e+00
-1.398499999999999854e+00 1.000000000000000048e-04 1.000000000000000048e-04 1.000000000000000000e+00
-1.397749999999999826e+00 1.000000000000000048e-04 1.000000000000000048e-04 1.000000000000000000e+00
-1.396999999999999797e+00 1.000000000000000048e-04 1.000000000000000048e-04 1.000000000000000000e+00
-1.396249999999999769e+00 1.000000000000000048e-04 1.000000000000000048e-04 1.000000000000000000e+00
-1.395499999999999741e+00 1.000000000000000048e-04 1.000000000000000048e-04 1.000000000000000000e+00
-1.394749999999999712e+00 1.000000000000000048e-04 1.000000000000000048e-04 1.000000000000000000e+00
-1.394000000000000128e+00 1.000000000000000048e-04 1.000000000000000048e-04 1.000000000000000000e+00
-1.393250000000000099e+00 1.000000000000000048e-04 1.000000000000000048e-04 1.000000000000000000e+00
-1.392500000000000071e+00 1.000000000000000048e-04 1.000000000000000048e-04 1.000000000000000000e+00
-1.391750000000000043e+00 1.000000000000000048e-04 1.000000000000000048e-04 1.000000000000000000e+00
-1.391000000000000014e+00 1.000000000000000048e-04 1.000000000000000048e-04 1.000000000000000000e+00
-1.390249999999999986e+00 1.000000000000000048e-04 1.000000000000000048e-04 1.000000000000000000e+00
-1.389499999999999957e+00 1.000000000000000048e-04 1.000000000000000048e-04 1.000000000000000000e+00
-1.388749999999999929e+00 1.000000000000000048e-04 1.000000000000000048e-04 1.000000000000000000e+00
-1.387999999999999901e+00 1.000000000000000048e-04 1.000000000000000048e-04 1.000000000000000000e+00
-1.387249999999999872e+00 1.000000000000000048e-04 1.000000000000000048e-04 1.000000000000000000e+00
-1.386499999999999844e+00 1.000000000000000048e-04 1.000000000000000048e-04 1.000000000000000000e+00
-1.385749999999999815e+00 1.000000000000000048e-04 1.000000000000000048e-04 1.000000000000000000e+00
-1.384999999999999787e+00 1.000000000000000048e-04 1.000000000000000048e-04 1.000000000000000000e+00
-1.384249999999999758e+00 1.000000000000000048e-04 1.000000000000000048e-04 1.000000000000000000e+00
-1.383499999999999730e+00 1.000000000000000048e-04 1.000000000000000048e-04 1.000000000000000000e+00
-1.382750000000000146e+00 1.000000000000000048e-04 1.000000000000000048e-04 1.000000000000000000e+00
-1.382000000000000117e+00 1.000000000000000048e-04 1.000000000000000048e-04 1.000000000000000000e+00
-1.381250000000000089e+00 1.000000000000000048e-04 1.000000000000000048e-04 1.000000000000000000e+00
-1.380500000000000060e+00 1.000000000000000048e-04 1.000000000000000048e-04 1.000000000000000000e+00
-1.379750000000000032e+00 1.000000000000000048e-04 1.000000000000000048e-04 1.000000000000000000e+00
-1.379000000000000004e+00 1.000000000000000048e-04 1.000000000000000048e-04 1.000000000000000000e+00
-1.378249999999999975e+00 1.000000000000000048e-04 1.000000000000000048e-04 1.000000000000000000e+00
-1.377499999999999947e+00 1.000000000000000048e-04 1.000000000000000048e-04 1.000000000000000000e+00
-1.376749999999999918e+00 1.000000000000000048e-04 1.000000000000000048e-04 1.000000000000000000e+00
-1.375999999999999890e+00 1.000000000000000048e-04 1.000000000000000048e-04 1.000000000000000000e+00
-1.375249999999999861e+00 1.000000000000000048e-04 1.000000000000000048e-04 1.000000000000000000e+00
-1.374499999999999833e+00 1.000000000000000048e-04 1.000000000000000048e-04 1.000000000000000000e+00
-1.373749999999999805e+00 1.000000000000000048e-04 1.000000000000000048e-04 1.000000000000000000e+00
-1.372999999999999776e+00 1.000000000000000048e-04 1.000000000000000048e-04 1.000000000000000000e+00
-1.372249999999999748e+00 1.000000000000000048e-04 1.000000000000000048e-04 1.000000000000000000e+00
-1.371499999999999719e+00 1.000000000000000048e-04 1.000000000000000048e-04 1.000000000000000000e+00
-1.370750000000000135e+00 1.000000000000000048e-04 1.000000000000000048e-04 1.000000000000000000e+00
-1.370000000000000107e+00 1.000000000000000048e-04 1.000000000000000048e-04 1.000000000000000000e+00
-1.369250000000000078e+00 1.000000000000000048e-04 1.000000000000000048e-04 1.000000000000000000e+00
-1.368500000000000050e+00 1.000000000000000048e-04 1.000000000000000048e-04 1.000000000000000000e+00
-1.367750000000000021e+00 1.000000000000000048e-04 1.000000000000000048e-04 1.000000000000000000e+00
-1.366999999999999993e+00 1.000000000000000048e-04 1.000000000000000048e-04 1.000000000000000000e+00
-1.366249999999999964e+00 1.000000000000000048e-04 1.000000000000000048e-04 1.000000000000000000e+00
-1.365499999999999936e+00 1.000000000000000048e-04 1.000000000000000048e-04 1.000000000000000000e+00
-1.364749999999999908e+00 1.000000000000000048e-04 1.000000000000000048e-04 1.000000000000000000e+00
-1.363999999999999879e+00 1.000000000000000048e-04 1.000000000000000048e-04 1.000000000000000000e+00
-1.363249999999999851e+00 1.000000000000000048e-04 1.000000000000000048e-04 1.000000000000000000e+00
-1.362499999999999822e+00 1.000000000000000048e-04 1.000000000000000048e-04 1.000000000000000000e+00
-1.361749999999999794e+00 1.000000000000000048e-04 1.000000000000000048e-04 1.000000000000000000e+00
-1.360999999999999766e+00 1.000000000000000048e-04 1.000000000000000048e-04 1.000000000000000000e+00
-1.360249999999999737e+00 1.000000000000000048e-04 1.000000000000000048e-04 1.000000000000000000e+00
-1.359499999999999709e+00 1.000000000000000048e-04 1.000000000000000048e-04 1.000000000000000000e+00
-1.358750000000000124e+00 1.000000000000000048e-04 1.000000000000000048e-04 1.000000000000000000e+00
-1.358000000000000096e+00 1.000000000000000048e-04 1.000000000000000048e-04 1.000000000000000000e+00
-1.357250000000000068e+00 1.000000000000000048e-04 1.000000000000000048e-04 1.000000000000000000e+00
-1.356500000000000039e+00 1.000000000000000048e-04 1.000000000000000048e-04 1.000000000000000000e+00
-1.355750000000000011e+00 1.000000000000000048e-04 1.000000000000000048e-04 1.000000000000000000e+00
-1.354999999999999982e+00 1.000000000000000048e-04 1.000000000000000048e-04 1.000000000000000000e+00
-1.354249999999999954e+00 1.000000000000000048e-04 1.000000000000000048e-04 1.000000000000000000e+00
-1.353499999999999925e+00 1.000000000000000048e-04 1.000000000000000048e-04 1.000000000000000000e+00
-1.352749999999999897e+00 1.000000000000000048e-04 1.000000000000000048e-04 1.000000000000000000e+00
-1.351999999999999869e+00 1.000000000000000048e-04 1.000000000000000048e-04 1.000000000000000000e+00
-1.351249999999999840e+00 1.000000000000000048e-04 1.000000000000000048e-04 1.000000000000000000e+00
-1.350499999999999812e+00 1.000000000000000048e-04 1.000000000000000048e-04 1.000000000000000000e+00
-1.349749999999999783e+00 1.000000000000000048e-04 1.000000000000000048e-04 1.000000000000000000e+00
-1.348999999999999755e+00 1.000000000000000048e-04 1.000000000000000048e-04 1.000000000000000000e+00
-1.348249999999999726e+00 1.000000000000000048e-04 1.000000000000000048e-04 1.000000000000000000e+00
-1.347500000000000142e+00 1.000000000000000048e-04 1.000000000000000048e-04 1.000000000000000000e+00
-1.346750000000000114e+00 1.000000000000000048e-04 1.000000000000000048e-04 1.000000000000000000e+00
-1.346000000000000085e+00 1.000000000000000048e-04 1.000000000000000048e-04 1.000000000000000000e+00
-1.345250000000000057e+00 1.000000000000000048e-04 1.000000000000000048e-04 1.000000000000000000e+00
-1.344500000000000028e+00 1.000000000000000048e-04 1.000000000000000048e-04 1.000000000000000000e+00
-1.343750000000000000e+00 1.000000000000000048e-04 1.000000000000000048e-04 1.000000000000000000e+00
-1.342999999999999972e+00 1.000000000000000048e-04 1.000000000000000048e-04 1.000000000000000000e+00
-1.342249999999999943e+00 1.000000000000000048e-04 1.000000000000000048e-04 1.000000000000000000e+00
-1.341499999999999915e+00 1.000000000000000048e-04 1.000000000000000048e-04 1.000000000000000000e+00
-1.340749999999999886e+00 1.000000000000000048e-04 1.000000000000000048e-04 1.000000000000000000e+00
-1.339999999999999858e+00 1.000000000000000048e-04 1.000000000000000048e-04 1.000000000000000000e+00
-1.339249999999999829e+00 1.000000000000000048e-04 1.000000000000000048e-04 1.000000000000000000e+00
-1.338499999999999801e+00 1.000000000000000048e-04 1.000000000000000048e-04 1.000000000000000000e+00
-1.337749999999999773e+00 1.000000000000000048e-04 1.000000000000000048e-04 1.000000000000000000e+00
-1.336999999999999744e+00 1.000000000000000048e-04 1.000000000000000048e-04 1.000000000000000000e+00
-1.336249999999999716e+00 1.000000000000000048e-04 1.000000000000000048e-04 1.000000000000000000e+00
-1.335500000000000131e+00 1.000000000000000048e-04 1.000000000000000048e-04 1.000000000000000000e+00
-1.334750000000000103e+00 1.000000000000000048e-04 1.000000000000000048e-04 1.000000000000000000e+00
-1.334000000000000075e+00 1.000000000000000048e-04 1.000000000000000048e-04 1.000000000000000000e+00
-1.333250000000000046e+00 1.000000000000000048e-04 1.000000000000000048e-04 1.000000000000000000e+00
-1.332500000000000018e+00 1.000000000000000048e-04 1.000000000000000048e-04 1.000000000000000000e+00
-1.331749999999999989e+00 1.000000000000000048e-04 1.000000000000000048e-04 1.000000000000000000e+00
-1.330999999999999961e+00 1.000000000000000048e-04 1.000000000000000048e-04 1.000000000000000000e+00
-1.330249999999999932e+00 1.000000000000000048e-04 1.000000000000000048e-04 1.000000000000000000e+00
-1.329499999999999904e+00 1.000000000000000048e-04 1.000000000000000048e-04 1.000000000000000000e+00
-1.328749999999999876e+00 1.000000000000000048e-04 1.000000000000000048e-04 1.000000000000000000e+00
-1.327999999999999847e+00 1.000000000000000048e-04 1.000000000000000048e-04 1.000000000000000000e+00
-1.327249999999999819e+00 1.000000000000000048e-04 1.000000000000000048e-04 1.000000000000000000e+00
-1.326499999999999790e+00 1.000000000000000048e-04 1.000000000000000048e-04 1.000000000000000000e+00
-1.325749999999999762e+00 1.000000000000000048e-04 1.000000000000000048e-04 1.000000000000000000e+00
-1.324999999999999734e+00 1.000000000000000048e-04 1.000000000000000048e-04 1.000000000000000000e+00
-1.324249999999999705e+00 1.000000000000000048e-04 1.000000000000000048e-04 1.000000000000000000e+00
-1.323500000000000121e+00 1.000000000000000048e-04 1.000000000000000048e-04 1.000000000000000000e+00
-1.322750000000000092e+00 1.000000000000000048e-04 1.000000000000000048e-04 1.000000000000000000e+00
-1.322000000000000064e+00 1.000000000000000048e-04 1.000000000000000048e-04 1.000000000000000000e+00
-1.321250000000000036e+00 1.000000000000000048e-04 1.000000000000000048e-04 1.000000000000000000e+00
-1.320500000000000007e+00 1.000000000000000048e-04 1.000000000000000048e-04 1.000000000000000000e+00
-1.319749999999999979e+00 1.000000000000000048e-04 1.000000000000000048e-04 1.000000000000000000e+00
-1.318999999999999950e+00 1.000000000000000048e-04 1.000000000000000048e-04 1.000000000000000000e+00
-1.318249999999999922e+00 1.000000000000000048e-04 1.000000000000000048e-04 1.000000000000000000e+00
-1.317499999999999893e+00 1.000000000000000048e-04 1.000000000000000048e-04 1.000000000000000000e+00
-1.316749999999999865e+00 1.000000000000000048e-04 1.000000000000000048e-04 1.000000000000000000e+00
-1.315999999999999837e+00 1.000000000000000048e-04 1.000000000000000048e-04 1.000000000000000000e+00
-1.315249999999999808e+00 1.000000000000000048e-04 1.000000000000000048e-04 1.000000000000000000e+00
-1.314499999999999780e+00 1.000000000000000048e-04 1.000000000000000048e-04 1.000000000000000000e+00
-1.313749999999999751e+00 1.000000000000000048e-04 1.000000000000000048e-04 1.000000000000000000e+00
-1.312999999999999723e+00 1.000000000000000048e-04 1.000000000000000048e-04 1.000000000000000000e+00
-1.312250000000000139e+00 1.000000000000000048e-04 1.000000000000000048e-04 1.000000000000000000e+00
-1.311500000000000110e+00 1.000000000000000048e-04 1.000000000000000048e-04 1.000000000000000000e+00
-1.310750000000000082e+00 1.000000000000000048e-04 1.000000000000000048e-04 1.000000000000000000e+00
-1.310000000000000053e+00 1.000000000000000048e-04 1.000000000000000048e-04 1.000000000000000000e+00
-1.309250000000000025e+00 1.000000000000000048e-04 1.000000000000000048e-04 1.000000000000000000e+00
-1.308499999999999996e+00 1.000000000000000048e-04 1.000000000000000048e-04 1.000000000000000000e+00
-1.307749999999999968e+00 1.000000000000000048e-04 1.000000000000000048e-04 1.000000000000000000e+00
-1.306999999999999940e+00 1.000000000000000048e-04 1.000000000000000048e-04 1.000000000000000000e+00
-1.306249999999999911e+00 1.000000000000000048e-04 1.000000000000000048e-04 1.000000000000000000e+00
-1.305499999999999883e+00 1.000000000000000048e-04 1.000000000000000048e-04 1.000000000000000000e+00
-1.304749999999999854e+00 1.000000000000000048e-04 1.000000000000000048e-04 1.000000000000000000e+00
-1.303999999999999826e+00 1.000000000000000048e-04 1.000000000000000048e-04 1.000000000000000000e+00
-1.303249999999999797e+00 1.000000000000000048e-04 1.000000000000000048e-04 1.000000000000000000e+00
-1.302499999999999769e+00 1.000000000000000048e-04 1.000000000000000048e-04 1.000000000000000000e+00
-1.301749999999999741e+00 1.000000000000000048e-04 1.000000000000000048e-04 1.000000000000000000e+00
-1.300999999999999712e+00 1.000000000000000048e-04 1.000000000000000048e-04 1.000000000000000000e+00
-1.300250000000000128e+00 1.000000000000000048e-04 1.000000000000000048e-04 1.000000000000000000e+00
-1.299500000000000099e+00 1.000000000000000048e-04 1.000000000000000048e-04 1.000000000000000000e+00
-1.298750000000000071e+00 1.000000000000000048e-04 1.000000000000000048e-04 1.000000000000000000e+00
-1.298000000000000043e+00 1.000000000000000048e-04 1.000000000000000048e-04 1.000000000000000000e+00
-1.297250000000000014e+00 1.000000000000000048e-04 1.000000000000000048e-04 1.000000000000000000e+00
-1.296499999999999986e+00 1.000000000000000048e-04 1.000000000000000048e-04 1.000000000000000000e+00
-1.295749999999999957e+00 1.000000000000000048e-04 1.000000000000000048e-04 1.000000000000000000e+00
-1.294999999999999929e+00 1.000000000000000048e-04 1.000000000000000048e-04 1.000000000000000000e+00
-1.294249999999999901e+00 1.000000000000000048e-04 1.000000000000000048e-04 1.000000000000000000e+00
-1.293499999999999872e+00 1.000000000000000048e-04 1.000000000000000048e-04 1.000000000000000000e+00
-1.292749999999999844e+00 1.000000000000000048e-04 1.000000000000000048e-04 1.000000000000000000e+00
-1.291999999999999815e+00 1.000000000000000048e-04 1.000000000000000048e-04 1.000000000000000000e+00
-1.291249999999999787e+00 1.000000000000000048e-04 1.000000000000000048e-04 1.000000000000000000e+00
-1.290499999999999758e+00 1.000000000000000048e-04 1.000000000000000048e-04 1.000000000000000000e+00
-1.289749999999999730e+00 1.000000000000000048e-04 1.000000000000000048e-04 1.000000000000000000e+00
-1.288999999999999702e+00 1.000000000000000048e-04 1.000000000000000048e-04 1.000000000000000000e+00
-1.288250000000000117e+00 1.000000000000000048e-04 1.000000000000000048e-04 1.000000000000000000e+00
-1.287500000000000089e+00 1.000000000000000048e-04 1.000000000000000048e-04 1.000000000000000000e+00
-1.286750000000000060e+00 1.000000000000000048e-04 1.000000000000000048e-04 1.000000000000000000e+00
-1.286000000000000032e+00 1.000000000000000048e-04 1.000000000000000048e-04 1.000000000000000000e+00
-1.285250000000000004e+00 1.000000000000000048e-04 1.000000000000000048e-04 1.000000000000000000e+00
-1.284499999999999975e+00 1.000000000000000048e-04 1.000000000000000048e-04 1.000000000000000000e+00
-1.283749999999999947e+00 1.000000000000000048e-04 1.000000000000000048e-04 1.000000000000000000e+00
-1.282999999999999918e+00 1.000000000000000048e-04 1.000000000000000048e-04 1.000000000000000000e+00
-1.282249999999999890e+00 1.000000000000000048e-04 1.000000000000000048e-04 1.000000000000000000e+00
-1.281499999999999861e+00 1.000000000000000048e-04 1.000000000000000048e-04 1.000000000000000000e+00
-1.280749999999999833e+00 1.000000000000000048e-04 1.000000000000000048e-04 1.000000000000000000e+00
-1.279999999999999805e+00 1.000000000000000048e-04 1.000000000000000048e-04 1.000000000000000000e+00
-1.279249999999999776e+00 1.000000000000000048e-04 1.000000000000000048e-04 1.000000000000000000e+00
-1.278499999999999748e+00 1.000000000000000048e-04 1.000000000000000048e-04 1.000000000000000000e+00
-1.277749999999999719e+00 1.000000000000000048e-04 1.000000000000000048e-04 1.000000000000000000e+00
-1.277000000000000135e+00 1.000000000000000048e-04 1.000000000000000048e-04 1.000000000000000000e+00
-1.276250000000000107e+00 1.000000000000000048e-04 1.000000000000000048e-04 1.000000000000000000e+00
-1.275500000000000078e+00 1.000000000000000048e-04 1.000000000000000048e-04 1.000000000000000000e+00
-1.274750000000000050e+00 1.000000000000000048e-04 1.000000000000000048e-04 1.000000000000000000e+00
-1.274000000000000021e+00 1.000000000000000048e-04 1.000000000000000048e-04 1.000000000000000000e+00
-1.273249999999999993e+00 1.000000000000000048e-04 1.000000000000000048e-04 1.000000000000000000e+00
-1.272499999999999964e+00 1.000000000000000048e-04 1.000000000000000048e-04 1.000000000000000000e+00
-1.271749999999999936e+00 1.000000000000000048e-04 1.000000000000000048e-04 1.000000000000000000e+00
-1.270999999999999908e+00 1.000000000000000048e-04 1.000000000000000048e-04 1.000000000000000000e+00
-1.270249999999999879e+00 1.000000000000000048e-04 1.000000000000000048e-04 1.000000000000000000e+00
-1.269499999999999851e+00 1.000000000000000048e-04 1.000000000000000048e-04 1.000000000000000000e+00
-1.268749999999999822e+00 1.000000000000000048e-04 1.000000000000000048e-04 1.000000000000000000e+00
-1.267999999999999794e+00 1.000000000000000048e-04 1.000000000000000048e-04 1.000000000000000000e+00
-1.267249999999999766e+00 1.000000000000000048e-04 1.000000000000000048e-04 1.000000000000000000e+00
-1.266499999999999737e+00 1.000000000000000048e-04 1.000000000000000048e-04 1.000000000000000000e+00
-1.265749999999999709e+00 1.000000000000000048e-04 1.000000000000000048e-04 1.000000000000000000e+00
-1.265000000000000124e+00 1.000000000000000048e-04 1.000000000000000048e-04 1.000000000000000000e+00
-1.264250000000000096e+00 1.000000000000000048e-04 1.000000000000000048e-04 1.000000000000000000e+00
-1.263500000000000068e+00 1.000000000000000048e-04 1.000000000000000048e-04 1.000000000000000000e+00
-1.262750000000000039e+00 1.000000000000000048e-04 1.000000000000000048e-04 1.000000000000000000e+00
-1.262000000000000011e+00 1.000000000000000048e-04 1.000000000000000048e-04 1.000000000000000000e+00
-1.261249999999999982e+00 1.000000000000000048e-04 1.000000000000000048e-04 1.000000000000000000e+00
-1.260499999999999954e+00 1.000000000000000048e-04 1.000000000000000048e-04 1.000000000000000000e+00
-1.259749999999999925e+00 1.000000000000000048e-04 1.000000000000000048e-04 1.000000000000000000e+00
-1.258999999999999897e+00 1.000000000000000048e-04 1.000000000000000048e-04 1.000000000000000000e+00
-1.258249999999999869e+00 1.000000000000000048e-04 1.000000000000000048e-04 1.000000000000000000e+00
-1.257499999999999840e+00 1.000000000000000048e-04 1.000000000000000048e-04 1.000000000000000000e+00
-1.256749999999999812e+00 1.000000000000000048e-04 1.000000000000000048e-04 1.000000000000000000e+00
-1.255999999999999783e+00 1.000000000000000048e-04 1.000000000000000048e-04 1.000000000000000000e+00
-1.255249999999999755e+00 1.000000000000000048e-04 1.000000000000000048e-04 1.000000000000000000e+00
-1.254499999999999726e+00 1.000000000000000048e-04 1.000000000000000048e-04 1.000000000000000000e+00
-1.253750000000000142e+00 1.000000000000000048e-04 1.000000000000000048e-04 1.000000000000000000e+00
-1.253000000000000114e+00 1.000000000000000048e-04 1.000000000000000048e-04 1.000000000000000000e+00
-1.252250000000000085e+00 1.000000000000000048e-04 1.000000000000000048e-04 1.000000000000000000e+00
-1.251500000000000057e+00 1.000000000000000048e-04 1.000000000000000048e-04 1.000000000000000000e+00
-1.250750000000000028e+00 1.000000000000000048e-04 1.000000000000000048e-04 1.000000000000000000e+00
-1.250000000000000000e+00 1.000000000000000048e-04 1.000000000000000048e-04 1.000000000000000000e+00
-1.249249999999999972e+00 1.000000000000000048e-04 1.000000000000000048e-04 1.000000000000000000e+00
-1.248499999999999943e+00 1.000000000000000048e-04 1.000000000000000048e-04 1.000000000000000000e+00
-1.247749999999999915e+00 1.000000000000000048e-04 1.000000000000000048e-04 1.000000000000000000e+00
-1.246999999999999886e+00 1.000000000000000048e-04 1.000000000000000048e-04 1.000000000000000000e+00
-1.246249999999999858e+00 1.000000000000000048e-04 1.000000000000000048e-04 1.000000000000000000e+00
-1.245499999999999829e+00 1.000000000000000048e-04 1.000000000000000048e-04 1.000000000000000000e+00
-1.244749999999999801e+00 1.000000000000000048e-04 1.000000000000000048e-04 1.000000000000000000e+00
-1.243999999999999773e+00 1.000000000000000048e-04 1.000000000000000048e-04 1.000000000000000000e+00
-1.243249999999999744e+00 1.000000000000000048e-04 1.000000000000000048e-04 1.000000000000000000e+00
-1.242499999999999716e+00 1.000000000000000048e-04 1.000000000000000048e-04 1.000000000000000000e+00
-1.241750000000000131e+00 1.000000000000000048e-04 1.000000000000000048e-04 1.000000000000000000e+00
-1.241000000000000103e+00 1.000000000000000048e-04 1.000000000000000048e-04 1.000000000000000000e+00
-1.240250000000000075e+00 1.000000000000000048e-04 1.000000000000000048e-04 1.000000000000000000e+00
-1.239500000000000046e+00 1.000000000000000048e-04 1.000000000000000048e-04 1.000000000000000000e+00
-1.238750000000000018e+00 1.000000000000000048e-04 1.000000000000000048e-04 1.000000000000000000e+00
-1.237999999999999989e+00 1.000000000000000048e-04 1.000000000000000048e-04 1.000000000000000000e+00
-1.237249999999999961e+00 1.000000000000000048e-04 1.000000000000000048e-04 1.000000000000000000e+00
-1.236499999999999932e+00 1.000000000000000048e-04 1.000000000000000048e-04 1.000000000000000000e+00
-1.235749999999999904e+00 1.000000000000000048e-04 1.000000000000000048e-04 1.000000000000000000e+00
-1.234999999999999876e+00 1.000000000000000048e-04 1.000000000000000048e-04 1.000000000000000000e+00
-1.234249999999999847e+00 1.000000000000000048e-04 1.000000000000000048e-04 1.000000000000000000e+00
-1.233499999999999819e+00 1.000000000000000048e-04 1.000000000000000048e-04 1.000000000000000000e+00
-1.232749999999999790e+00 1.000000000000000048e-04 1.000000000000000048e-04 1.000000000000000000e+00
-1.231999999999999762e+00 1.000000000000000048e-04 1.000000000000000048e-04 1.000000000000000000e+00
-1.231249999999999734e+00 1.000000000000000048e-04 1.000000000000000048e-04 1.000000000000000000e+00
-1.230499999999999705e+00 1.000000000000000048e-04 1.000000000000000048e-04 1.000000000000000000e+00
-1.229750000000000121e+00 1.000000000000000048e-04 1.000000000000000048e-04 1.000000000000000000e+00
-1.229000000000000092e+00 1.000000000000000048e-04 1.000000000000000048e-04 1.000000000000000000e+00
-1.228250000000000064e+00 1.000000000000000048e-04 1.000000000000000048e-04 1.000000000000000000e+00
-1.227500000000000036e+00 1.000000000000000048e-04 1.000000000000000048e-04 1.000000000000000000e+00
-1.226750000000000007e+00 1.000000000000000048e-04 1.000000000000000048e-04 1.000000000000000000e+00
-1.225999999999999979e+00 1.000000000000000048e-04 1.000000000000000048e-04 1.000000000000000000e+00
-1.225249999999999950e+00 1.000000000000000048e-04 1.000000000000000048e-04 1.000000000000000000e+00
-1.224499999999999922e+00 1.000000000000000048e-04 1.000000000000000048e-04 1.000000000000000000e+00
-1.223749999999999893e+00 1.000000000000000048e-04 1.000000000000000048e-04 1.000000000000000000e+00
-1.222999999999999865e+00 1.000000000000000048e-04 1.000000000000000048e-04 1.000000000000000000e+00
-1.222249999999999837e+00 1.000000000000000048e-04 1.000000000000000048e-04 1.000000000000000000e+00
-1.221499999999999808e+00 1.000000000000000048e-04 1.000000000000000048e-04 1.000000000000000000e+00
-1.220749999999999780e+00 1.000000000000000048e-04 1.000000000000000048e-04 1.000000000000000000e+00
-1.219999999999999751e+00 1.000000000000000048e-04 1.000000000000000048e-04 1.000000000000000000e+00
-1.219249999999999723e+00 1.000000000000000048e-04 1.000000000000000048e-04 1.000000000000000000e+00
-1.218500000000000139e+00 1.000000000000000048e-04 1.000000000000000048e-04 1.000000000000000000e+00
-1.217750000000000110e+00 1.000000000000000048e-04 1.000000000000000048e-04 1.000000000000000000e+00
-1.217000000000000082e+00 1.000000000000000048e-04 1.000000000000000048e-04 1.000000000000000000e+00
-1.216250000000000053e+00 1.000000000000000048e-04 1.000000000000000048e-04 1.000000000000000000e+00
-1.215500000000000025e+00 1.000000000000000048e-04 1.000000000000000048e-04 1.000000000000000000e+00
-1.214749999999999996e+00 1.000000000000000048e-04 1.000000000000000048e-04 1.000000000000000000e+00
-1.213999999999999968e+00 1.000000000000000048e-04 1.000000000000000048e-04 1.000000000000000000e+00
-1.213249999999999940e+00 1.000000000000000048e-04 1.000000000000000048e-04 1.000000000000000000e+00
-1.212499999999999911e+00 1.000000000000000048e-04 1.000000000000000048e-04 1.000000000000000000e+00
-1.211749999999999883e+00 1.000000000000000048e-04 1.000000000000000048e-04 1.000000000000000000e+00
-1.210999999999999854e+00 1.000000000000000048e-04 1.000000000000000048e-04 1.000000000000000000e+00
-1.210249999999999826e+00 1.000000000000000048e-04 1.000000000000000048e-04 1.000000000000000000e+00
-1.209499999999999797e+00 1.000000000000000048e-04 1.000000000000000048e-04 1.000000000000000000e+00
-1.208749999999999769e+00 1.000000000000000048e-04 1.000000000000000048e-04 1.000000000000000000e+00
-1.207999999999999741e+00 1.000000000000000048e-04 1.000000000000000048e-04 1.000000000000000000e+00
-1.207249999999999712e+00 1.000000000000000048e-04 1.000000000000000048e-04 1.000000000000000000e+00
-1.206500000000000128e+00 1.000000000000000048e-04 1.000000000000000048e-04 1.000000000000000000e+00
-1.205750000000000099e+00 1.000000000000000048e-04 1.000000000000000048e-04 1.000000000000000000e+00
-1.205000000000000071e+00 1.000000000000000048e-04 1.000000000000000048e-04 1.000000000000000000e+00
-1.204250000000000043e+00 1.000000000000000048e-04 1.000000000000000048e-04 1.000000000000000000e+00
-1.203500000000000014e+00 1.000000000000000048e-04 1.000000000000000048e-04 1.000000000000000000e+00
-1.202749999999999986e+00 1.000000000000000048e-04 1.000000000000000048e-04 1.000000000000000000e+00
-1.201999999999999957e+00 1.000000000000000048e-04 1.000000000000000048e-04 1.000000000000000000e+00
-1.201249999999999929e+00 1.000000000000000048e-04 1.000000000000000048e-04 1.000000000000000000e+00
-1.200499999999999901e+00 1.000000000000000048e-04 1.000000000000000048e-04 1.000000000000000000e+00
-1.199749999999999872e+00 1.000000000000000048e-04 1.000000000000000048e-04 1.000000000000000000e+00
-1.198999999999999844e+00 1.000000000000000048e-04 1.000000000000000048e-04 1.000000000000000000e+00
-1.198249999999999815e+00 1.000000000000000048e-04 1.000000000000000048e-04 1.000000000000000000e+00
-1.197499999999999787e+00 1.000000000000000048e-04 1.000000000000000048e-04 1.000000000000000000e+00
-1.196749999999999758e+00 1.000000000000000048e-04 1.000000000000000048e-04 1.000000000000000000e+00
-1.195999999999999730e+00 1.000000000000000048e-04 1.000000000000000048e-04 1.000000000000000000e+00
-1.195249999999999702e+00 1.000000000000000048e-04 1.000000000000000048e-04 1.000000000000000000e+00
-1.194500000000000117e+00 1.000000000000000048e-04 1.000000000000000048e-04 1.000000000000000000e+00
-1.193750000000000089e+00 1.000000000000000048e-04 1.000000000000000048e-04 1.000000000000000000e+00
-1.193000000000000060e+00 1.000000000000000048e-04 1.000000000000000048e-04 1.000000000000000000e+00
-1.192250000000000032e+00 1.000000000000000048e-04 1.000000000000000048e-04 1.000000000000000000e+00
-1.191500000000000004e+00 1.000000000000000048e-04 1.000000000000000048e-04 1.000000000000000000e+00
-1.190749999999999975e+00 1.000000000000000048e-04 1.000000000000000048e-04 1.000000000000000000e+00
-1.189999999999999947e+00 1.000000000000000048e-04 1.000000000000000048e-04 1.000000000000000000e+00
-1.189249999999999918e+00 1.000000000000000048e-04 1.000000000000000048e-04 1.000000000000000000e+00
-1.188499999999999890e+00 1.000000000000000048e-04 1.000000000000000048e-04 1.000000000000000000e+00
-1.187749999999999861e+00 1.000000000000000048e-04 1.000000000000000048e-04 1.000000000000000000e+00
-1.186999999999999833e+00 1.000000000000000048e-04 1.000000000000000048e-04 1.000000000000000000e+00
-1.186249999999999805e+00 1.000000000000000048e-04 1.000000000000000048e-04 1.000000000000000000e+00
-1.185499999999999776e+00 1.000000000000000048e-04 1.000000000000000048e-04 1.000000000000000000e+00
-1.184749999999999748e+00 1.000000000000000048e-04 1.000000000000000048e-04 1.000000000000000000e+00
-1.183999999999999719e+00 1.000000000000000048e-04 1.000000000000000048e-04 1.000000000000000000e+00
-1.183250000000000135e+00 1.000000000000000048e-04 1.000000000000000048e-04 1.000000000000000000e+00
-1.182500000000000107e+00 1.000000000000000048e-04 1.000000000000000048e-04 1.000000000000000000e+00
-1.181750000000000078e+00 1.000000000000000048e-04 1.000000000000000048e-04 1.000000000000000000e+00
-1.181000000000000050e+00 1.000000000000000048e-04 1.000000000000000048e-04 1.000000000000000000e+00
-1.180250000000000021e+00 1.000000000000000048e-04 1.000000000000000048e-04 1.000000000000000000e+00
-1.179499999999999993e+00 1.000000000000000048e-04 1.000000000000000048e-04 1.000000000000000000e+00
-1.178749999999999964e+00 1.000000000000000048e-04 1.000000000000000048e-04 1.000000000000000000e+00
-1.177999999999999936e+00 1.000000000000000048e-04 1.000000000000000048e-04 1.000000000000000000e+00
-1.177249999999999908e+00 1.000000000000000048e-04 1.000000000000000048e-04 1.000000000000000000e+00
-1.176499999999999879e+00 1.000000000000000048e-04 1.000000000000000048e-04 1.000000000000000000e+00
-1.175749999999999851e+00 1.000000000000000048e-04 1.000000000000000048e-04 1.000000000000000000e+00
-1.174999999999999822e+00 1.000000000000000048e-04 1.000000000000000048e-04 1.000000000000000000e+00
-1.174249999999999794e+00 1.000000000000000048e-04 1.000000000000000048e-04 1.000000000000000000e+00
-1.173499999999999766e+00 1.000000000000000048e-04 1.000000000000000048e-04 1.000000000000000000e+00
-1.172749999999999737e+00 1.000000000000000048e-04 1.000000000000000048e-04 1.000000000000000000e+00
-1.171999999999999709e+00 1.000000000000000048e-04 1.000000000000000048e-04 1.000000000000000000e+00
-1.171250000000000124e+00 1.000000000000000048e-04 1.000000000000000048e-04 1.000000000000000000e+00
-1.170500000000000096e+00 1.000000000000000048e-04 1.000000000000000048e-04 1.000000000000000000e+00
-1.169750000000000068e+00 1.000000000000000048e-04 1.000000000000000048e-04 1.000000000000000000e+00
-1.169000000000000039e+00 1.000000000000000048e-04 1.000000000000000048e-04 1.000000000000000000e+00
-1.168250000000000011e+00 1.000000000000000048e-04 1.000000000000000048e-04 1.000000000000000000e+00
-1.167499999999999982e+00 1.000000000000000048e-04 1.000000000000000048e-04 1.000000000000000000e+00
-1.166749999999999954e+00 1.000000000000000048e-04 1.000000000000000048e-04 1.000000000000000000e+00
-1.165999999999999925e+00 1.000000000000000048e-04 1.000000000000000048e-04 1.000000000000000000e+00
-1.165249999999999897e+00 1.000000000000000048e-04 1.000000000000000048e-04 1.000000000000000000e+00
-1.164499999999999869e+00 1.000000000000000048e-04 1.000000000000000048e-04 1.000000000000000000e+00
-1.163749999999999840e+00 1.000000000000000048e-04 1.000000000000000048e-04 1.000000000000000000e+00
-1.162999999999999812e+00 1.000000000000000048e-04 1.000000000000000048e-04 1.000000000000000000e+00
-1.162249999999999783e+00 1.000000000000000048e-04 1.000000000000000048e-04 1.000000000000000000e+00
-1.161499999999999755e+00 1.000000000000000048e-04 1.000000000000000048e-04 1.000000000000000000e+00
-1.160749999999999726e+00 1.000000000000000048e-04 1.000000000000000048e-04 1.000000000000000000e+00
-1.160000000000000142e+00 1.000000000000000048e-04 1.000000000000000048e-04 1.000000000000000000e+00
-1.159250000000000114e+00 1.000000000000000048e-04 1.000000000000000048e-04 1.000000000000000000e+00
-1.158500000000000085e+00 1.000000000000000048e-04 1.000000000000000048e-04 1.000000000000000000e+00
-1.157750000000000057e+00 1.000000000000000048e-04 1.000000000000000048e-04 1.000000000000000000e+00
-1.157000000000000028e+00 1.000000000000000048e-04 1.000000000000000048e-04 1.000000000000000000e+00
-1.156250000000000000e+00 1.000000000000000048e-04 1.000000000000000048e-04 1.000000000000000000e+00
-1.155499999999999972e+00 1.000000000000000048e-04 1.000000000000000048e-04 1.000000000000000000e+00
-1.154749999999999943e+00 1.000000000000000048e-04 1.000000000000000048e-04 1.000000000000000000e+00
-1.153999999999999915e+00 1.000000000000000048e-04 1.000000000000000048e-04 1.000000000000000000e+00
-1.153249999999999886e+00 1.000000000000000048e-04 1.000000000000000048e-04 1.000000000000000000e+00
-1.152499999999999858e+00 1.000000000000000048e-04 1.000000000000000048e-04 1.000000000000000000e+00
-1.151749999999999829e+00 1.000000000000000048e-04 1.000000000000000048e-04 1.000000000000000000e+00
-1.150999999999999801e+00 1.000000000000000048e-04 1.000000000000000048e-04 1.000000000000000000e+00
-1.150249999999999773e+00 1.000000000000000048e-04 1.000000000000000048e-04 1.000000000000000000e+00
-1.149499999999999744e+00 1.000000000000000048e-04 1.000000000000000048e-04 1.000000000000000000e+00
-1.148749999999999716e+00 1.000000000000000048e-04 1.000000000000000048e-04 1.000000000000000000e+00
-1.148000000000000131e+00 1.000000000000000048e-04 1.000000000000000048e-04 1.000000000000000000e+00
-1.147250000000000103e+00 1.000000000000000048e-04 1.000000000000000048e-04 1.000000000000000000e+00
-1.146500000000000075e+00 1.000000000000000048e-04 1.000000000000000048e-04 1.000000000000000000e+00
-1.145750000000000046e+00 1.000000000000000048e-04 1.000000000000000048e-04 1.000000000000000000e+00
-1.145000000000000018e+00 1.000000000000000048e-04 1.000000000000000048e-04 1.000000000000000000e+00
-1.144249999999999989e+00 1.000000000000000048e-04 1.000000000000000048e-04 1.000000000000000000e+00
-1.143499999999999961e+00 1.000000000000000048e-04 1.000000000000000048e-04 1.000000000000000000e+00
-1.142749999999999932e+00 1.000000000000000048e-04 1.000000000000000048e-04 1.000000000000000000e+00
-1.141999999999999904e+00 1.000000000000000048e-04 1.000000000000000048e-04 1.000000000000000000e+00
-1.141249999999999876e+00 1.000000000000000048e-04 1.000000000000000048e-04 1.000000000000000000e+00
-1.140499999999999847e+00 1.000000000000000048e-04 1.000000000000000048e-04 1.000000000000000000e+00
-1.139749999999999819e+00 1.000000000000000048e-04 1.000000000000000048e-04 1.000000000000000000e+00
-1.138999999999999790e+00 1.000000000000000048e-04 1.000000000000000048e-04 1.000000000000000000e+00
-1.138249999999999762e+00 1.000000000000000048e-04 1.000000000000000048e-04 1.000000000000000000e+00
-1.137499999999999734e+00 1.000000000000000048e-04 1.000000000000000048e-04 1.000000000000000000e+00
-1.136749999999999705e+00 1.000000000000000048e-04 1.000000000000000048e-04 1.000000000000000000e+00
-1.136000000000000121e+00 1.000000000000000048e-04 1.000000000000000048e-04 1.000000000000000000e+00
-1.135250000000000092e+00 1.000000000000000048e-04 1.000000000000000048e-04 1.000000000000000000e+00
-1.134500000000000064e+00 1.000000000000000048e-04 1.000000000000000048e-04 1.000000000000000000e+00
-1.133750000000000036e+00 1.000000000000000048e-04 1.000000000000000048e-04 1.000000000000000000e+00
-1.133000000000000007e+00 1.000000000000000048e-04 1.000000000000000048e-04 1.000000000000000000e+00
-1.132249999999999979e+00 1.000000000000000048e-04 1.000000000000000048e-04 1.000000000000000000e+00
-1.131499999999999950e+00 1.000000000000000048e-04 1.000000000000000048e-04 1.000000000000000000e+00
-1.130749999999999922e+00 1.000000000000000048e-04 1.000000000000000048e-04 1.000000000000000000e+00
-1.129999999999999893e+00 1.000000000000000048e-04 1.000000000000000048e-04 1.000000000000000000e+00
-1.129249999999999865e+00 1.000000000000000048e-04 1.000000000000000048e-04 1.000000000000000000e+00
-1.128499999999999837e+00 1.000000000000000048e-04 1.000000000000000048e-04 1.000000000000000000e+00
-1.127749999999999808e+00 1.000000000000000048e-04 1.000000000000000048e-04 1.000000000000000000e+00
-1.126999999999999780e+00 1.000000000000000048e-04 1.000000000000000048e-04 1.000000000000000000e+00
-1.126249999999999751e+00 1.000000000000000048e-04 1.000000000000000048e-04 1.000000000000000000e+00
-1.125499999999999723e+00 1.000000000000000048e-04 1.000000000000000048e-04 1.000000000000000000e+00
-1.124750000000000139e+00 1.000000000000000048e-04 1.000000000000000048e-04 1.000000000000000000e+00
-1.124000000000000110e+00 1.000000000000000048e-04 1.000000000000000048e-04 1.000000000000000000e+00
-1.123250000000000082e+00 1.000000000000000048e-04 1.000000000000000048e-04 1.000000000000000000e+00
-1.122500000000000053e+00 1.000000000000000048e-04 1.000000000000000048e-04 1.000000000000000000e+00
-1.121750000000000025e+00 1.000000000000000048e-04 1.000000000000000048e-04 1.000000000000000000e+00
-1.120999999999999996e+00 1.000000000000000048e-04 1.000000000000000048e-04 1.000000000000000000e+00
-1.120249999999999968e+00 1.000000000000000048e-04 1.000000000000000048e-04 1.000000000000000000e+00
-1.119499999999999940e+00 1.000000000000000048e-04 1.000000000000000048e-04 1.000000000000000000e+00
-1.118749999999999911e+00 1.000000000000000048e-04 1.000000000000000048e-04 1.000000000000000000e+00
-1.117999999999999883e+00 1.000000000000000048e-04 1.000000000000000048e-04 1.000000000000000000e+00
-1.117249999999999854e+00 1.000000000000000048e-04 1.000000000000000048e-04 1.000000000000000000e+00
-1.116499999999999826e+00 1.000000000000000048e-04 1.000000000000000048e-04 1.000000000000000000e+00
-1.115749999999999797e+00 1.000000000000000048e-04 1.000000000000000048e-04 1.000000000000000000e+00
-1.114999999999999769e+00 1.000000000000000048e-04 1.000000000000000048e-04 1.000000000000000000e+00
-1.114249999999999741e+00 1.000000000000000048e-04 1.000000000000000048e-04 1.000000000000000000e+00
-1.113499999999999712e+00 1.000000000000000048e-04 1.000000000000000048e-04 1.000000000000000000e+00
-1.112750000000000128e+00 1.000000000000000048e-04 1.000000000000000048e-04 1.000000000000000000e+00
-1.112000000000000099e+00 1.000000000000000048e-04 1.000000000000000048e-04 1.000000000000000000e+00
-1.111250000000000071e+00 1.000000000000000048e-04 1.000000000000000048e-04 1.000000000000000000e+00
-1.110500000000000043e+00 1.000000000000000048e-04 1.000000000000000048e-04 1.000000000000000000e+00
-1.109750000000000014e+00 1.000000000000000048e-04 1.000000000000000048e-04 1.000000000000000000e+00
-1.108999999999999986e+00 1.000000000000000048e-04 1.000000000000000048e-04 1.000000000000000000e+00
-1.108249999999999957e+00 1.000000000000000048e-04 1.000000000000000048e-04 1.000000000000000000e+00
-1.107499999999999929e+00 1.000000000000000048e-04 1.000000000000000048e-04 1.000000000000000000e+00
-1.106749999999999901e+00 1.000000000000000048e-04 1.000000000000000048e-04 1.000000000000000000e+00
-1.105999999999999872e+00 1.000000000000000048e-04 1.000000000000000048e-04 1.000000000000000000e+00
-1.105249999999999844e+00 1.000000000000000048e-04 1.000000000000000048e-04 1.000000000000000000e+00
-1.104499999999999815e+00 1.000000000000000048e-04 1.000000000000000048e-04 1.000000000000000000e+00
-1.103749999999999787e+00 1.000000000000000048e-04 1.000000000000000048e-04 1.000000000000000000e+00
-1.102999999999999758e+00 1.000000000000000048e-04 1.000000000000000048e-04 1.000000000000000000e+00
-1.102249999999999730e+00 1.000000000000000048e-04 1.000000000000000048e-04 1.000000000000000000e+00
-1.101499999999999702e+00 1.000000000000000048e-04 1.000000000000000048e-04 1.000000000000000000e+00
-1.100750000000000117e+00 1.000000000000000048e-04 1.000000000000000048e-04 1.000000000000000000e+00
-1.100000000000000089e+00 1.000000000000000048e-04 1.000000000000000048e-04 1.000000000000000000e+00
-1.099250000000000060e+00 1.000000000000000048e-04 1.000000000000000048e-04 1.000000000000000000e+00
-1.098500000000000032e+00 1.000000000000000048e-04 1.000000000000000048e-04 1.000000000000000000e+00
-1.097750000000000004e+00 1.000000000000000048e-04 1.000000000000000048e-04 1.000000000000000000e+00
-1.096999999999999975e+00 1.000000000000000048e-04 1.000000000000000048e-04 1.000000000000000000e+00
-1.096249999999999947e+00 1.000000000000000048e-04 1.000000000000000048e-04 1.000000000000000000e+00
-1.095499999999999918e+00 1.000000000000000048e-04 1.000000000000000048e-04 1.000000000000000000e+00
-1.094749999999999890e+00 1.000000000000000048e-04 1.000000000000000048e-04 1.000000000000000000e+00
-1.093999999999999861e+00 1.000000000000000048e-04 1.000000000000000048e-04 1.000000000000000000e+00
-1.093249999999999833e+00 1.000000000000000048e-04 1.000000000000000048e-04 1.000000000000000000e+00
-1.092499999999999805e+00 1.000000000000000048e-04 1.000000000000000048e-04 1.000000000000000000e+00
-1.091749999999999776e+00 1.000000000000000048e-04 1.000000000000000048e-04 1.000000000000000000e+00
-1.090999999999999748e+00 1.000000000000000048e-04 1.000000000000000048e-04 1.000000000000000000e+00
-1.090249999999999719e+00 1.000000000000000048e-04 1.000000000000000048e-04 1.000000000000000000e+00
-1.089500000000000135e+00 1.000000000000000048e-04 1.000000000000000048e-04 1.000000000000000000e+00
-1.088750000000000107e+00 1.000000000000000048e-04 1.000000000000000048e-04 1.000000000000000000e+00
-1.088000000000000078e+00 1.000000000000000048e-04 1.000000000000000048e-04 1.000000000000000000e+00
-1.087250000000000050e+00 1.000000000000000048e-04 1.000000000000000048e-04 1.000000000000000000e+00
-1.086500000000000021e+00 1.000000000000000048e-04 1.000000000000000048e-04 1.000000000000000000e+00
-1.085749999999999993e+00 1.000000000000000048e-04 1.000000000000000048e-04 1.000000000000000000e+00
-1.084999999999999964e+00 1.000000000000000048e-04 1.000000000000000048e-04 1.000000000000000000e+00
-1.084249999999999936e+00 1.000000000000000048e-04 1.000000000000000048e-04 1.000000000000000000e+00
-1.083499999999999908e+00 1.000000000000000048e-04 1.000000000000000048e-04 1.000000000000000000e+00
-1.082749999999999879e+00 1.000000000000000048e-04 1.000000000000000048e-04 1.000000000000000000e+00
-1.081999999999999851e+00 1.000000000000000048e-04 1.000000000000000048e-04 1.000000000000000000e+00
-1.081249999999999822e+00 1.000000000000000048e-04 1.000000000000000048e-04 1.000000000000000000e+00
-1.080499999999999794e+00 1.000000000000000048e-04 1.000000000000000048e-04 1.000000000000000000e+00
-1.079749999999999766e+00 1.000000000000000048e-04 1.000000000000000048e-04 1.000000000000000000e+00
-1.078999999999999737e+00 1.000000000000000048e-04 1.000000000000000048e-04 1.000000000000000000e+00
-1.078249999999999709e+00 1.000000000000000048e-04 1.000000000000000048e-04 1.000000000000000000e+00
-1.077500000000000124e+00 1.000000000000000048e-04 1.000000000000000048e-04 1.000000000000000000e+00
-1.076750000000000096e+00 1.000000000000000048e-04 1.000000000000000048e-04 1.000000000000000000e+00
-1.076000000000000068e+00 1.000000000000000048e-04 1.000000000000000048e-04 1.000000000000000000e+00
-1.075250000000000039e+00 1.000000000000000048e-04 1.000000000000000048e-04 1.000000000000000000e+00
-1.074500000000000011e+00 1.000000000000000048e-04 1.000000000000000048e-04 1.000000000000000000e+00
-1.073749999999999982e+00 1.000000000000000048e-04 1.000000000000000048e-04 1.000000000000000000e+00
-1.072999999999999954e+00 1.000000000000000048e-04 1.000000000000000048e-04 1.000000000000000000e+00
-1.072249999999999925e+00 1.000000000000000048e-04 1.000000000000000048e-04 1.000000000000000000e+00
-1.071499999999999897e+00 1.000000000000000048e-04 1.000000000000000048e-04 1.000000000000000000e+00
-1.070749999999999869e+00 1.000000000000000048e-04 1.000000000000000048e-04 1.000000000000000000e+00
-1.069999999999999840e+00 1.000000000000000048e-04 1.000000000000000048e-04 1.000000000000000000e+00
-1.069249999999999812e+00 1.000000000000000048e-04 1.000000000000000048e-04 1.000000000000000000e+00
-1.068499999999999783e+00 1.000000000000000048e-04 1.000000000000000048e-04 1.000000000000000000e+00
-1.067749999999999755e+00 1.000000000000000048e-04 1.000000000000000048e-04 1.000000000000000000e+00
-1.066999999999999726e+00 1.000000000000000048e-04 1.000000000000000048e-04 1.000000000000000000e+00
-1.066249999999999698e+00 1.000000000000000048e-04 1.000000000000000048e-04 1.000000000000000000e+00
-1.065500000000000114e+00 1.000000000000000048e-04 1.000000000000000048e-04 1.000000000000000000e+00
-1.064750000000000085e+00 1.000000000000000048e-04 1.000000000000000048e-04 1.000000000000000000e+00
-1.064000000000000057e+00 1.000000000000000048e-04 1.000000000000000048e-04 1.000000000000000000e+00
-1.063250000000000028e+00 1.000000000000000048e-04 1.000000000000000048e-04 1.000000000000000000e+00
-1.062500000000000000e+00 1.000000000000000048e-04 1.000000000000000048e-04 1.000000000000000000e+00
-1.061749999999999972e+00 1.000000000000000048e-04 1.000000000000000048e-04 1.000000000000000000e+00
-1.060999999999999943e+00 1.000000000000000048e-04 1.000000000000000048e-04 1.000000000000000000e+00
-1.060249999999999915e+00 1.000000000000000048e-04 1.000000000000000048e-04 1.000000000000000000e+00
-1.059499999999999886e+00 1.000000000000000048e-04 1.000000000000000048e-04 1.000000000000000000e+00
-1.058749999999999858e+00 1.000000000000000048e-04 1.000000000000000048e-04 1.000000000000000000e+00
-1.057999999999999829e+00 1.000000000000000048e-04 1.000000000000000048e-04 1.000000000000000000e+00
-1.057249999999999801e+00 1.000000000000000048e-04 1.000000000000000048e-04 1.000000000000000000e+00
-1.056499999999999773e+00 1.000000000000000048e-04 1.000000000000000048e-04 1.000000000000000000e+00
-1.055749999999999744e+00 1.000000000000000048e-04 1.000000000000000048e-04 1.000000000000000000e+00
-1.054999999999999716e+00 1.000000000000000048e-04 1.000000000000000048e-04 1.000000000000000000e+00
-1.054250000000000131e+00 1.000000000000000048e-04 1.000000000000000048e-04 1.000000000000000000e+00
-1.053500000000000103e+00 1.000000000000000048e-04 1.000000000000000048e-04 1.000000000000000000e+00
-1.052750000000000075e+00 1.000000000000000048e-04 1.000000000000000048e-04 1.000000000000000000e+00
-1.052000000000000046e+00 1.000000000000000048e-04 1.000000000000000048e-04 1.000000000000000000e+00
-1.051250000000000018e+00 1.000000000000000048e-04 1.000000000000000048e-04 1.000000000000000000e+00
-1.050499999999999989e+00 1.000000000000000048e-04 1.000000000000000048e-04 1.000000000000000000e+00
-1.049749999999999961e+00 1.000000000000000048e-04 1.000000000000000048e-04 1.000000000000000000e+00
-1.048999999999999932e+00 1.000000000000000048e-04 1.000000000000000048e-04 1.000000000000000000e+00
-1.048249999999999904e+00 1.000000000000000048e-04 1.000000000000000048e-04 1.000000000000000000e+00
-1.047499999999999876e+00 1.000000000000000048e-04 1.000000000000000048e-04 1.000000000000000000e+00
-1.046749999999999847e+00 1.000000000000000048e-04 1.000000000000000048e-04 1.000000000000000000e+00
-1.045999999999999819e+00 1.000000000000000048e-04 1.000000000000000048e-04 1.000000000000000000e+00
-1.045249999999999790e+00 1.000000000000000048e-04 1.000000000000000048e-04 1.000000000000000000e+00
-1.044499999999999762e+00 1.000000000000000048e-04 1.000000000000000048e-04 1.000000000000000000e+00
-1.043749999999999734e+00 1.000000000000000048e-04 1.000000000000000048e-04 1.000000000000000000e+00
-1.042999999999999705e+00 1.000000000000000048e-04 1.000000000000000048e-04 1.000000000000000000e+00
-1.042250000000000121e+00 1.000000000000000048e-04 1.000000000000000048e-04 1.000000000000000000e+00
-1.041500000000000092e+00 1.000000000000000048e-04 1.000000000000000048e-04 1.000000000000000000e+00
-1.040750000000000064e+00 1.000000000000000048e-04 1.000000000000000048e-04 1.000000000000000000e+00
-1.040000000000000036e+00 1.000000000000000048e-04 1.000000000000000048e-04 1.000000000000000000e+00
-1.039250000000000007e+00 1.000000000000000048e-04 1.000000000000000048e-04 1.000000000000000000e+00
-1.038499999999999979e+00 1.000000000000000048e-04 1.000000000000000048e-04 1.000000000000000000e+00
-1.037749999999999950e+00 1.000000000000000048e-04 1.000000000000000048e-04 1.000000000000000000e+00
-1.036999999999999922e+00 1.000000000000000048e-04 1.000000000000000048e-04 1.000000000000000000e+00
-1.036249999999999893e+00 1.000000000000000048e-04 1.000000000000000048e-04 1.000000000000000000e+00
-1.035499999999999865e+00 1.000000000000000048e-04 1.000000000000000048e-04 1.000000000000000000e+00
-1.034749999999999837e+00 1.000000000000000048e-04 1.000000000000000048e-04 1.000000000000000000e+00
-1.033999999999999808e+00 1.000000000000000048e-04 1.000000000000000048e-04 1.000000000000000000e+00
-1.033249999999999780e+00 1.000000000000000048e-04 1.000000000000000048e-04 1.000000000000000000e+00
-1.032499999999999751e+00 1.000000000000000048e-04 1.000000000000000048e-04 1.000000000000000000e+00
-1.031749999999999723e+00 1.000000000000000048e-04 1.000000000000000048e-04 1.000000000000000000e+00
-1.031000000000000139e+00 1.000000000000000048e-04 1.000000000000000048e-04 1.000000000000000000e+00
-1.030250000000000110e+00 1.000000000000000048e-04 1.000000000000000048e-04 1.000000000000000000e+00
-1.029500000000000082e+00 1.000000000000000048e-04 1.000000000000000048e-04 1.000000000000000000e+00
-1.028750000000000053e+00 1.000000000000000048e-04 1.000000000000000048e-04 1.000000000000000000e+00
-1.028000000000000025e+00 1.000000000000000048e-04 1.000000000000000048e-04 1.000000000000000000e+00
-1.027249999999999996e+00 1.000000000000000048e-04 1.000000000000000048e-04 1.000000000000000000e+00
-1.026499999999999968e+00 1.000000000000000048e-04 1.000000000000000048e-04 1.000000000000000000e+00
-1.025749999999999940e+00 1.000000000000000048e-04 1.000000000000000048e-04 1.000000000000000000e+00
-1.024999999999999911e+00 1.000000000000000048e-04 1.000000000000000048e-04 1.000000000000000000e+00
-1.024249999999999883e+00 1.000000000000000048e-04 1.000000000000000048e-04 1.000000000000000000e+00
-1.023499999999999854e+00 1.000000000000000048e-04 1.000000000000000048e-04 1.000000000000000000e+00
-1.022749999999999826e+00 1.000000000000000048e-04 1.000000000000000048e-04 1.000000000000000000e+00
-1.021999999999999797e+00 1.000000000000000048e-04 1.000000000000000048e-04 1.000000000000000000e+00
-1.021249999999999769e+00 1.000000000000000048e-04 1.000000000000000048e-04 1.000000000000000000e+00
-1.020499999999999741e+00 1.000000000000000048e-04 1.000000000000000048e-04 1.000000000000000000e+00
-1.019749999999999712e+00 1.000000000000000048e-04 1.000000000000000048e-04 1.000000000000000000e+00
-1.019000000000000128e+00 1.000000000000000048e-04 1.000000000000000048e-04 1.000000000000000000e+00
-1.018250000000000099e+00 1.000000000000000048e-04 1.000000000000000048e-04 1.000000000000000000e+00
-1.017500000000000071e+00 1.000000000000000048e-04 1.000000000000000048e-04 1.000000000000000000e+00
-1.016750000000000043e+00 1.000000000000000048e-04 1.000000000000000048e-04 1.000000000000000000e+00
-1.016000000000000014e+00 1.000000000000000048e-04 1.000000000000000048e-04 1.000000000000000000e+00
-1.015249999999999986e+00 1.000000000000000048e-04 1.000000000000000048e-04 1.000000000000000000e+00
-1.014499999999999957e+00 1.000000000000000048e-04 1.000000000000000048e-04 1.000000000000000000e+00
-1.013749999999999929e+00 1.000000000000000048e-04 1.000000000000000048e-04 1.000000000000000000e+00
-1.012999999999999901e+00 1.000000000000000048e-04 1.000000000000000048e-04 1.000000000000000000e+00
-1.012249999999999872e+00 1.000000000000000048e-04 1.000000000000000048e-04 1.000000000000000000e+00
-1.011499999999999844e+00 1.000000000000000048e-04 1.000000000000000048e-04 1.000000000000000000e+00
-1.010749999999999815e+00 1.000000000000000048e-04 1.000000000000000048e-04 1.000000000000000000e+00
-1.009999999999999787e+00 1.000000000000000048e-04 1.000000000000000048e-04 1.000000000000000000e+00
-1.009249999999999758e+00 1.000000000000000048e-04 1.000000000000000048e-04 1.000000000000000000e+00
-1.008499999999999730e+00 1.000000000000000048e-04 1.000000000000000048e-04 1.000000000000000000e+00
-1.007749999999999702e+00 1.000000000000000048e-04 1.000000000000000048e-04 1.000000000000000000e+00
-1.007000000000000117e+00 1.000000000000000048e-04 1.000000000000000048e-04 1.000000000000000000e+00
-1.006250000000000089e+00 1.000000000000000048e-04 1.000000000000000048e-04 1.000000000000000000e+00
-1.005500000000000060e+00 1.000000000000000048e-04 1.000000000000000048e-04 1.000000000000000000e+00
-1.004750000000000032e+00 1.000000000000000048e-04 1.000000000000000048e-04 1.000000000000000000e+00
-1.004000000000000004e+00 1.000000000000000048e-04 1.000000000000000048e-04 1.000000000000000000e+00
-1.003249999999999975e+00 1.000000000000000048e-04 1.000000000000000048e-04 1.000000000000000000e+00
-1.002499999999999947e+00 1.000000000000000048e-04 1.000000000000000048e-04 1.000000000000000000e+00
-1.001749999999999918e+00 1.000000000000000048e-04 1.000000000000000048e-04 1.000000000000000000e+00
-1.000999999999999890e+00 1.000000000000000048e-04 1.000000000000000048e-04 1.000000000000000000e+00
-1.000249999999999861e+00 1.000000000000000048e-04 1.000000000000000048e-04 1.000000000000000000e+00
-9.995000000000002771e-01 1.000000000000000048e-04 1.000000000000000048e-04 1.000000000000000000e+00
-9.987500000000002487e-01 1.000000000000000048e-04 1.000000000000000048e-04 1.000000000000000000e+00
-9.980000000000002203e-01 1.000000000000000048e-04 1.000000000000000048e-04 1.000000000000000000e+00
-9.972500000000001918e-01 1.000000000000000048e-04 1.000000000000000048e-04 1.000000000000000000e+00
-9.965000000000001634e-01 1.000000000000000048e-04 1.000000000000000048e-04 1.000000000000000000e+00
-9.957500000000001350e-01 1.000000000000000048e-04 1.000000000000000048e-04 1.000000000000000000e+00
-9.950000000000001066e-01 1.000000000000000048e-04 1.000000000000000048e-04 1.000000000000000000e+00
-9.942500000000000782e-01 1.000000000000000048e-04 1.000000000000000048e-04 1.000000000000000000e+00
-9.935000000000000497e-01 1.000000000000000048e-04 1.000000000000000048e-04 1.000000000000000000e+00
-9.927500000000000213e-01 1.000000000000000048e-04 1.000000000000000048e-04 1.000000000000000000e+00
-9.919999999999999929e-01 1.000000000000000048e-04 1.000000000000000048e-04 1.000000000000000000e+00
-9.912499999999999645e-01 1.000000000000000048e-04 1.000000000000000048e-04 1.000000000000000000e+00
-9.904999999999999361e-01 1.000000000000000048e-04 1.000000000000000048e-04 1.000000000000000000e+00
-9.897499999999999076e-01 1.000000000000000048e-04 1.000000000000000048e-04 1.000000000000000000e+00
-9.889999999999998792e-01 1.000000000000000048e-04 1.000000000000000048e-04 1.000000000000000000e+00
-9.882499999999998508e-01 1.000000000000000048e-04 1.000000000000000048e-04 1.000000000000000000e+00
-9.874999999999998224e-01 1.000000000000000048e-04 1.000000000000000048e-04 1.000000000000000000e+00
-9.867499999999997939e-01 1.000000000000000048e-04 1.000000000000000048e-04 1.000000000000000000e+00
-9.859999999999997655e-01 1.000000000000000048e-04 1.000000000000000048e-04 1.000000000000000000e+00
-9.852499999999997371e-01 1.000000000000000048e-04 1.000000000000000048e-04 1.000000000000000000e+00
-9.844999999999997087e-01 1.000000000000000048e-04 1.000000000000000048e-04 1.000000000000000000e+00
-9.837499999999996803e-01 1.000000000000000048e-04 1.000000000000000048e-04 1.000000000000000000e+00
-9.829999999999996518e-01 1.000000000000000048e-04 1.000000000000000048e-04 1.000000000000000000e+00
-9.822499999999996234e-01 1.000000000000000048e-04 1.000000000000000048e-04 1.000000000000000000e+00
-9.814999999999995950e-01 1.000000000000000048e-04 1.000000000000000048e-04 1.000000000000000000e+00
-9.807499999999995666e-01 1.000000000000000048e-04 1.000000000000000048e-04 1.000000000000000000e+00
-9.799999999999995381e-01 1.000000000000000048e-04 1.000000000000000048e-04 1.000000000000000000e+00
-9.792499999999995097e-01 1.000000000000000048e-04 1.000000000000000048e-04 1.000000000000000000e+00
-9.784999999999994813e-01 1.000000000000000048e-04 1.000000000000000048e-04 1.000000000000000000e+00
-9.777500000000003411e-01 1.000000000000000048e-04 1.000000000000000048e-04 1.000000000000000000e+00
-9.770000000000003126e-01 1.000000000000000048e-04 1.000000000000000048e-04 1.000000000000000000e+00
-9.762500000000002842e-01 1.000000000000000048e-04 1.000000000000000048e-04 1.000000000000000000e+00
-9.755000000000002558e-01 1.000000000000000048e-04 1.000000000000000048e-04 1.000000000000000000e+00
-9.747500000000002274e-01 1.000000000000000048e-04 1.000000000000000048e-04 1.000000000000000000e+00
-9.740000000000001990e-01 1.000000000000000048e-04 1.000000000000000048e-04 1.000000000000000000e+00
-9.732500000000001705e-01 1.000000000000000048e-04 1.000000000000000048e-04 1.000000000000000000e+00
-9.725000000000001421e-01 1.000000000000000048e-04 1.000000000000000048e-04 1.000000000000000000e+00
-9.717500000000001137e-01 1.000000000000000048e-04 1.000000000000000048e-04 1.000000000000000000e+00
-9.710000000000000853e-01 1.000000000000000048e-04 1.000000000000000048e-04 1.000000000000000000e+00
-9.702500000000000568e-01 1.000000000000000048e-04 1.000000000000000048e-04 1.000000000000000000e+00
-9.695000000000000284e-01 1.000000000000000048e-04 1.000000000000000048e-04 1.000000000000000000e+00
-9.687500000000000000e-01 1.000000000000000048e-04 1.000000000000000048e-04 1.000000000000000000e+00
-9.679999999999999716e-01 1.000000000000000048e-04 1.000000000000000048e-04 1.000000000000000000e+00
-9.672499999999999432e-01 1.000000000000000048e-04 1.000000000000000048e-04 1.000000000000000000e+00
-9.664999999999999147e-01 1.000000000000000048e-04 1.000000000000000048e-04 1.000000000000000000e+00
-9.657499999999998863e-01 1.000000000000000048e-04 1.000000000000000048e-04 1.000000000000000000e+00
-9.649999999999998579e-01 1.000000000000000048e-04 1.000000000000000048e-04 1.000000000000000000e+00
-9.642499999999998295e-01 1.000000000000000048e-04 1.000000000000000048e-04 1.000000000000000000e+00
-9.634999999999998010e-01 1.000000000000000048e-04 1.000000000000000048e-04 1.000000000000000000e+00
-9.627499999999997726e-01 1.000000000000000048e-04 1.000000000000000048e-04 1.000000000000000000e+00
-9.619999999999997442e-01 1.000000000000000048e-04 1.000000000000000048e-04 1.000000000000000000e+00
-9.612499999999997158e-01 1.000000000000000048e-04 1.000000000000000048e-04 1.000000000000000000e+00
-9.604999999999996874e-01 1.000000000000000048e-04 1.000000000000000048e-04 1.000000000000000000e+00
-9.597499999999996589e-01 1.000000000000000048e-04 1.000000000000000048e-04 1.000000000000000000e+00
-9.589999999999996305e-01 1.000000000000000048e-04 1.000000000000000048e-04 1.000000000000000000e+00
-9.582499999999996021e-01 1.000000000000000048e-04 1.000000000000000048e-04 1.000000000000000000e+00
-9.574999999999995737e-01 1.000000000000000048e-04 1.000000000000000048e-04 1.000000000000000000e+00
-9.567499999999995453e-01 1.000000000000000048e-04 1.000000000000000048e-04 1.000000000000000000e+00
-9.559999999999995168e-01 1.000000000000000048e-04 1.000000000000000048e-04 1.000000000000000000e+00
-9.552499999999994884e-01 1.000000000000000048e-04 1.000000000000000048e-04 1.000000000000000000e+00
-9.545000000000003482e-01 1.000000000000000048e-04 1.000000000000000048e-04 1.000000000000000000e+00
-9.537500000000003197e-01 1.000000000000000048e-04 1.000000000000000048e-04 1.000000000000000000e+00
-9.530000000000002913e-01 1.000000000000000048e-04 1.000000000000000048e-04 1.000000000000000000e+00
-9.522500000000002629e-01 1.000000000000000048e-04 1.000000000000000048e-04 1.000000000000000000e+00
-9.515000000000002345e-01 1.000000000000000048e-04 1.000000000000000048e-04 1.000000000000000000e+00
-9.507500000000002061e-01 1.000000000000000048e-04 1.000000000000000048e-04 1.000000000000000000e+00
-9.500000000000001776e-01 1.000000000000000048e-04 1.000000000000000048e-04 1.000000000000000000e+00
-9.492500000000001492e-01 1.000000000000000048e-04 1.000000000000000048e-04 1.000000000000000000e+00
-9.485000000000001208e-01 1.000000000000000048e-04 1.000000000000000048e-04 1.000000000000000000e+00
-9.477500000000000924e-01 1.000000000000000048e-04 1.000000000000000048e-04 1.000000000000000000e+00
-9.470000000000000639e-01 1.000000000000000048e-04 1.000000000000000048e-04 1.000000000000000000e+00
-9.462500000000000355e-01 1.000000000000000048e-04 1.000000000000000048e-04 1.000000000000000000e+00
-9.455000000000000071e-01 1.000000000000000048e-04 1.000000000000000048e-04 1.000000000000000000e+00
-9.447499999999999787e-01 1.000000000000000048e-04 1.000000000000000048e-04 1.000000000000000000e+00
-9.439999999999999503e-01 1.000000000000000048e-04 1.000000000000000048e-04 1.000000000000000000e+00
-9.432499999999999218e-01 1.000000000000000048e-04 1.000000000000000048e-04 1.000000000000000000e+00
-9.424999999999998934e-01 1.000000000000000048e-04 1.000000000000000048e-04 1.000000000000000000e+00
-9.417499999999998650e-01 1.000000000000000048e-04 1.000000000000000048e-04 1.000000000000000000e+00
-9.409999999999998366e-01 1.000000000000000048e-04 1.000000000000000048e-04 1.000000000000000000e+00
-9.402499999999998082e-01 1.000000000000000048e-04 1.000000000000000048e-04 1.000000000000000000e+00
-9.394999999999997797e-01 1.000000000000000048e-04 1.000000000000000048e-04 1.000000000000000000e+00
-9.387499999999997513e-01 1.000000000000000048e-04 1.000000000000000048e-04 1.000000000000000000e+00
-9.379999999999997229e-01 1.000000000000000048e-04 1.000000000000000048e-04 1.000000000000000000e+00
-9.372499999999996945e-01 1.000000000000000048e-04 1.000000000000000048e-04 1.000000000000000000e+00
-9.364999999999996660e-01 1.000000000000000048e-04 1.000000000000000048e-04 1.000000000000000000e+00
-9.357499999999996376e-01 1.000000000000000048e-04 1.000000000000000048e-04 1.000000000000000000e+00
-9.349999999999996092e-01 1.000000000000000048e-04 1.000000000000000048e-04 1.000000000000000000e+00
-9.342499999999995808e-01 1.000000000000000048e-04 1.000000000000000048e-04 1.000000000000000000e+00
-9.334999999999995524e-01 1.000000000000000048e-04 1.000000000000000048e-04 1.000000000000000000e+00
-9.327499999999995239e-01 1.000000000000000048e-04 1.000000000000000048e-04 1.000000000000000000e+00
-9.319999999999994955e-01 1.000000000000000048e-04 1.000000000000000048e-04 1.000000000000000000e+00
-9.312500000000003553e-01 1.000000000000000048e-04 1.000000000000000048e-04 1.000000000000000000e+00
-9.305000000000003268e-01 1.000000000000000048e-04 1.000000000000000048e-04 1.000000000000000000e+00
-9.297500000000002984e-01 1.000000000000000048e-04 1.000000000000000048e-04 1.000000000000000000e+00
-9.290000000000002700e-01 1.000000000000000048e-04 1.000000000000000048e-04 1.000000000000000000e+00
-9.282500000000002416e-01 1.000000000000000048e-04 1.000000000000000048e-04 1.000000000000000000e+00
-9.275000000000002132e-01 1.000000000000000048e-04 1.000000000000000048e-04 1.000000000000000000e+00
-9.267500000000001847e-01 1.000000000000000048e-04 1.000000000000000048e-04 1.000000000000000000e+00
-9.260000000000001563e-01 1.000000000000000048e-04 1.000000000000000048e-04 1.000000000000000000e+00
-9.252500000000001279e-01 1.000000000000000048e-04 1.000000000000000048e-04 1.000000000000000000e+00
-9.245000000000000995e-01 1.000000000000000048e-04 1.000000000000000048e-04 1.000000000000000000e+00
-9.237500000000000711e-01 1.000000000000000048e-04 1.000000000000000048e-04 1.000000000000000000e+00
-9.230000000000000426e-01 1.000000000000000048e-04 1.000000000000000048e-04 1.000000000000000000e+00
-9.222500000000000142e-01 1.000000000000000048e-04 1.000000000000000048e-04 1.000000000000000000e+00
-9.214999999999999858e-01 1.000000000000000048e-04 1.000000000000000048e-04 1.000000000000000000e+00
-9.207499999999999574e-01 1.000000000000000048e-04 1.000000000000000048e-04 1.000000000000000000e+00
-9.199999999999999289e-01 1.000000000000000048e-04 1.000000000000000048e-04 1.000000000000000000e+00
-9.192499999999999005e-01 1.000000000000000048e-04 1.000000000000000048e-04 1.000000000000000000e+00
-9.184999999999998721e-01 1.000000000000000048e-04 1.000000000000000048e-04 1.000000000000000000e+00
-9.177499999999998437e-01 1.000000000000000048e-04 1.000000000000000048e-04 1.000000000000000000e+00
-9.169999999999998153e-01 1.000000000000000048e-04 1.000000000000000048e-04 1.000000000000000000e+00
-9.162499999999997868e-01 1.000000000000000048e-04 1.000000000000000048e-04 1.000000000000000000e+00
-9.154999999999997584e-01 1.000000000000000048e-04 1.000000000000000048e-04 1.000000000000000000e+00
-9.147499999999997300e-01 1.000000000000000048e-04 1.000000000000000048e-04 1.000000000000000000e+00
-9.139999999999997016e-01 1.000000000000000048e-04 1.000000000000000048e-04 1.000000000000000000e+00
-9.132499999999996732e-01 1.000000000000000048e-04 1.000000000000000048e-04 1.000000000000000000e+00
-9.124999999999996447e-01 1.000000000000000048e-04 1.000000000000000048e-04 1.000000000000000000e+00
-9.117499999999996163e-01 1.000000000000000048e-04 1.000000000000000048e-04 1.000000000000000000e+00
-9.109999999999995879e-01 1.000000000000000048e-04 1.000000000000000048e-04 1.000000000000000000e+00
-9.102499999999995595e-01 1.000000000000000048e-04 1.000000000000000048e-04 1.000000000000000000e+00
-9.094999999999995310e-01 1.000000000000000048e-04 1.000000000000000048e-04 1.000000000000000000e+00
-9.087499999999995026e-01 1.000000000000000048e-04 1.000000000000000048e-04 1.000000000000000000e+00
-9.079999999999994742e-01 1.000000000000000048e-04 1.000000000000000048e-04 1.000000000000000000e+00
-9.072500000000003340e-01 1.000000000000000048e-04 1.000000000000000048e-04 1.000000000000000000e+00
-9.065000000000003055e-01 1.000000000000000048e-04 1.000000000000000048e-04 1.000000000000000000e+00
-9.057500000000002771e-01 1.000000000000000048e-04 1.000000000000000048e-04 1.000000000000000000e+00
-9.050000000000002487e-01 1.000000000000000048e-04 1.000000000000000048e-04 1.000000000000000000e+00
-9.042500000000002203e-01 1.000000000000000048e-04 1.000000000000000048e-04 1.000000000000000000e+00
-9.035000000000001918e-01 1.000000000000000048e-04 1.000000000000000048e-04 1.000000000000000000e+00
-9.027500000000001634e-01 1.000000000000000048e-04 1.000000000000000048e-04 1.000000000000000000e+00
-9.020000000000001350e-01 1.000000000000000048e-04 1.000000000000000048e-04 1.000000000000000000e+00
-9.012500000000001066e-01 1.000000000000000048e-04 1.000000000000000048e-04 1.000000000000000000e+00
-9.005000000000000782e-01 1.000000000000000048e-04 1.000000000000000048e-04 1.000000000000000000e+00
-8.997500000000000497e-01 1.000000000000000048e-04 1.000000000000000048e-04 1.000000000000000000e+00
-8.990000000000000213e-01 1.000000000000000048e-04 1.000000000000000048e-04 1.000000000000000000e+00
-8.982499999999999929e-01 1.000000000000000048e-04 1.000000000000000048e-04 1.000000000000000000e+00
-8.974999999999999645e-01 1.000000000000000048e-04 1.000000000000000048e-04 1.000000000000000000e+00
-8.967499999999999361e-01 1.000000000000000048e-04 1.000000000000000048e-04 1.000000000000000000e+00
-8.959999999999999076e-01 1.000000000000000048e-04 1.000000000000000048e-04 1.000000000000000000e+00
-8.952499999999998792e-01 1.000000000000000048e-04 1.000000000000000048e-04 1.000000000000000000e+00
-8.944999999999998508e-01 1.000000000000000048e-04 1.000000000000000048e-04 1.000000000000000000e+00
-8.937499999999998224e-01 1.000000000000000048e-04 1.000000000000000048e-04 1.000000000000000000e+00
-8.929999999999997939e-01 1.000000000000000048e-04 1.000000000000000048e-04 1.000000000000000000e+00
-8.922499999999997655e-01 1.000000000000000048e-04 1.000000000000000048e-04 1.000000000000000000e+00
-8.914999999999997371e-01 1.000000000000000048e-04 1.000000000000000048e-04 1.000000000000000000e+00
-8.907499999999997087e-01 1.000000000000000048e-04 1.000000000000000048e-04 1.000000000000000000e+00
-8.899999999999996803e-01 1.000000000000000048e-04 1.000000000000000048e-04 1.000000000000000000e+00
-8.892499999999996518e-01 1.000000000000000048e-04 1.000000000000000048e-04 1.000000000000000000e+00
-8.884999999999996234e-01 1.000000000000000048e-04 1.000000000000000048e-04 1.000000000000000000e+00
-8.877499999999995950e-01 1.000000000000000048e-04 1.000000000000000048e-04 1.000000000000000000e+00
-8.869999999999995666e-01 1.000000000000000048e-04 1.000000000000000048e-04 1.000000000000000000e+00
-8.862499999999995381e-01 1.000000000000000048e-04 1.000000000000000048e-04 1.000000000000000000e+00
-8.854999999999995097e-01 1.000000000000000048e-04 1.000000000000000048e-04 1.000000000000000000e+00
-8.847499999999994813e-01 1.000000000000000048e-04 1.000000000000000048e-04 1.000000000000000000e+00
-8.840000000000003411e-01 1.000000000000000048e-04 1.000000000000000048e-04 1.000000000000000000e+00
-8.832500000000003126e-01 1.000000000000000048e-04 1.000000000000000048e-04 1.000000000000000000e+00
-8.825000000000002842e-01 1.000000000000000048e-04 1.000000000000000048e-04 1.000000000000000000e+00
-8.817500000000002558e-01 1.000000000000000048e-04 1.000000000000000048e-04 1.000000000000000000e+00
-8.810000000000002274e-01 1.000000000000000048e-04 1.000000000000000048e-04 1.000000000000000000e+00
-8.802500000000001990e-01 1.000000000000000048e-04 1.000000000000000048e-04 1.000000000000000000e+00
-8.795000000000001705e-01 1.000000000000000048e-04 1.000000000000000048e-04 1.000000000000000000e+00
-8.787500000000001421e-01 1.000000000000000048e-04 1.000000000000000048e-04 1.000000000000000000e+00
-8.780000000000001137e-01 1.000000000000000048e-04 1.000000000000000048e-04 1.000000000000000000e+00
-8.772500000000000853e-01 1.000000000000000048e-04 1.000000000000000048e-04 1.000000000000000000e+00
-8.765000000000000568e-01 1.000000000000000048e-04 1.000000000000000048e-04 1.000000000000000000e+00
-8.757500000000000284e-01 1.000000000000000048e-04 1.000000000000000048e-04 1.000000000000000000e+00
-8.750000000000000000e-01 1.000000000000000048e-04 1.000000000000000048e-04 1.000000000000000000e+00
-8.742499999999999716e-01 1.000000000000000048e-04 1.000000000000000048e-04 1.000000000000000000e+00
-8.734999999999999432e-01 1.000000000000000048e-04 1.000000000000000048e-04 1.000000000000000000e+00
-8.727499999999999147e-01 1.000000000000000048e-04 1.000000000000000048e-04 1.000000000000000000e+00
-8.719999999999998863e-01 1.000000000000000048e-04 1.000000000000000048e-04 1.000000000000000000e+00
-8.712499999999998579e-01 1.000000000000000048e-04 1.000000000000000048e-04 1.000000000000000000e+00
-8.704999999999998295e-01 1.000000000000000048e-04 1.000000000000000048e-04 1.000000000000000000e+00
-8.697499999999998010e-01 1.000000000000000048e-04 1.000000000000000048e-04 1.000000000000000000e+00
-8.689999999999997726e-01 1.000000000000000048e-04 1.000000000000000048e-04 1.000000000000000000e+00
-8.682499999999997442e-01 1.000000000000000048e-04 1.000000000000000048e-04 1.000000000000000000e+00
-8.674999999999997158e-01 1.000000000000000048e-04 1.000000000000000048e-04 1.000000000000000000e+00
-8.667499999999996874e-01 1.000000000000000048e-04 1.000000000000000048e-04 1.000000000000000000e+00
-8.659999999999996589e-01 1.000000000000000048e-04 1.000000000000000048e-04 1.000000000000000000e+00
-8.652499999999996305e-01 1.000000000000000048e-04 1.000000000000000048e-04 1.000000000000000000e+00
-8.644999999999996021e-01 1.000000000000000048e-04 1.000000000000000048e-04 1.000000000000000000e+00
-8.637499999999995737e-01 1.000000000000000048e-04 1.000000000000000048e-04 1.000000000000000000e+00
-8.629999999999995453e-01 1.000000000000000048e-04 1.000000000000000048e-04 1.000000000000000000e+00
-8.622499999999995168e-01 1.000000000000000048e-04 1.000000000000000048e-04 1.000000000000000000e+00
-8.614999999999994884e-01 1.000000000000000048e-04 1.000000000000000048e-04 1.000000000000000000e+00
-8.607500000000003482e-01 1.000000000000000048e-04 1.000000000000000048e-04 1.000000000000000000e+00
-8.600000000000003197e-01 1.000000000000000048e-04 1.000000000000000048e-04 1.000000000000000000e+00
-8.592500000000002913e-01 1.000000000000000048e-04 1.000000000000000048e-04 1.000000000000000000e+00
-8.585000000000002629e-01 1.000000000000000048e-04 1.000000000000000048e-04 1.000000000000000000e+00
-8.577500000000002345e-01 1.000000000000000048e-04 1.000000000000000048e-04 1.000000000000000000e+00
-8.570000000000002061e-01 1.000000000000000048e-04 1.000000000000000048e-04 1.000000000000000000e+00
-8.562500000000001776e-01 1.000000000000000048e-04 1.000000000000000048e-04 1.000000000000000000e+00
-8.555000000000001492e-01 1.000000000000000048e-04 1.000000000000000048e-04 1.000000000000000000e+00
-8.547500000000001208e-01 1.000000000000000048e-04 1.000000000000000048e-04 1.000000000000000000e+00
-8.540000000000000924e-01 1.000000000000000048e-04 1.000000000000000048e-04 1.000000000000000000e+00
-8.532500000000000639e-01 1.000000000000000048e-04 1.000000000000000048e-04 1.000000000000000000e+00
-8.525000000000000355e-01 1.000000000000000048e-04 1.000000000000000048e-04 1.000000000000000000e+00
-8.517500000000000071e-01 1.000000000000000048e-04 1.000000000000000048e-04 1.000000000000000000e+00
-8.509999999999999787e-01 1.000000000000000048e-04 1.000000000000000048e-04 1.000000000000000000e+00
-8.502499999999999503e-01 1.000000000000000048e-04 1.000000000000000048e-04 1.000000000000000000e+00
-8.494999999999999218e-01 1.000000000000000048e-04 1.000000000000000048e-04 1.000000000000000000e+00
-8.487499999999998934e-01 1.000000000000000048e-04 1.000000000000000048e-04 1.000000000000000000e+00
-8.479999999999998650e-01 1.000000000000000048e-04 1.000000000000000048e-04 1.000000000000000000e+00
-8.472499999999998366e-01 1.000000000000000048e-04 1.000000000000000048e-04 1.000000000000000000e+00
-8.464999999999998082e-01 1.000000000000000048e-04 1.000000000000000048e-04 1.000000000000000000e+00
-8.457499999999997797e-01 1.000000000000000048e-04 1.000000000000000048e-04 1.000000000000000000e+00
-8.449999999999997513e-01 1.000000000000000048e-04 1.000000000000000048e-04 1.000000000000000000e+00
-8.442499999999997229e-01 1.000000000000000048e-04 1.000000000000000048e-04 1.000000000000000000e+00
-8.434999999999996945e-01 1.000000000000000048e-04 1.000000000000000048e-04 1.000000000000000000e+00
-8.427499999999996660e-01 1.000000000000000048e-04 1.000000000000000048e-04 1.000000000000000000e+00
-8.419999999999996376e-01 1.000000000000000048e-04 1.000000000000000048e-04 1.000000000000000000e+00
-8.412499999999996092e-01 1.000000000000000048e-04 1.000000000000000048e-04 1.000000000000000000e+00
-8.404999999999995808e-01 1.000000000000000048e-04 1.000000000000000048e-04 1.000000000000000000e+00
-8.397499999999995524e-01 1.000000000000000048e-04 1.000000000000000048e-04 1.000000000000000000e+00
-8.389999999999995239e-01 1.000000000000000048e-04 1.000000000000000048e-04 1.000000000000000000e+00
-8.382499999999994955e-01 1.000000000000000048e-04 1.000000000000000048e-04 1.000000000000000000e+00
-8.375000000000003553e-01 1.000000000000000048e-04 1.000000000000000048e-04 1.000000000000000000e+00
-8.367500000000003268e-01 1.000000000000000048e-04 1.000000000000000048e-04 1.000000000000000000e+00
-8.360000000000002984e-01 1.000000000000000048e-04 1.000000000000000048e-04 1.000000000000000000e+00
-8.352500000000002700e-01 1.000000000000000048e-04 1.000000000000000048e-04 1.000000000000000000e+00
-8.345000000000002416e-01 1.000000000000000048e-04 1.000000000000000048e-04 1.000000000000000000e+00
-8.337500000000002132e-01 1.000000000000000048e-04 1.000000000000000048e-04 1.000000000000000000e+00
-8.330000000000001847e-01 1.000000000000000048e-04 1.000000000000000048e-04 1.000000000000000000e+00
-8.322500000000001563e-01 1.000000000000000048e-04 1.000000000000000048e-04 1.000000000000000000e+00
-8.315000000000001279e-01 1.000000000000000048e-04 1.000000000000000048e-04 1.000000000000000000e+00
-8.307500000000000995e-01 1.000000000000000048e-04 1.000000000000000048e-04 1.000000000000000000e+00
-8.300000000000000711e-01 1.000000000000000048e-04 1.000000000000000048e-04 1.000000000000000000e+00
-8.292500000000000426e-01 1.000000000000000048e-04 1.000000000000000048e-04 1.000000000000000000e+00
-8.285000000000000142e-01 1.000000000000000048e-04 1.000000000000000048e-04 1.000000000000000000e+00
-8.277499999999999858e-01 1.000000000000000048e-04 1.000000000000000048e-04 1.000000000000000000e+00
-8.269999999999999574e-01 1.000000000000000048e-04 1.000000000000000048e-04 1.000000000000000000e+00
-8.262499999999999289e-01 1.000000000000000048e-04 1.000000000000000048e-04 1.000000000000000000e+00
-8.254999999999999005e-01 1.000000000000000048e-04 1.000000000000000048e-04 1.000000000000000000e+00
-8.247499999999998721e-01 1.000000000000000048e-04 1.000000000000000048e-04 1.000000000000000000e+00
-8.239999999999998437e-01 1.000000000000000048e-04 1.000000000000000048e-04 1.000000000000000000e+00
-8.232499999999998153e-01 1.000000000000000048e-04 1.000000000000000048e-04 1.000000000000000000e+00
-8.224999999999997868e-01 1.000000000000000048e-04 1.000000000000000048e-04 1.000000000000000000e+00
-8.217499999999997584e-01 1.000000000000000048e-04 1.000000000000000048e-04 1.000000000000000000e+00
-8.209999999999997300e-01 1.000000000000000048e-04 1.000000000000000048e-04 1.000000000000000000e+00
-8.202499999999997016e-01 1.000000000000000048e-04 1.000000000000000048e-04 1.000000000000000000e+00
-8.194999999999996732e-01 1.000000000000000048e-04 1.000000000000000048e-04 1.000000000000000000e+00
-8.187499999999996447e-01 1.000000000000000048e-04 1.000000000000000048e-04 1.000000000000000000e+00
-8.179999999999996163e-01 1.000000000000000048e-04 1.000000000000000048e-04 1.000000000000000000e+00
-8.172499999999995879e-01 1.000000000000000048e-04 1.000000000000000048e-04 1.000000000000000000e+00
-8.164999999999995595e-01 1.000000000000000048e-04 1.000000000000000048e-04 1.000000000000000000e+00
-8.157499999999995310e-01 1.000000000000000048e-04 1.000000000000000048e-04 1.000000000000000000e+00
-8.149999999999995026e-01 1.000000000000000048e-04 1.000000000000000048e-04 1.000000000000000000e+00
-8.142499999999994742e-01 1.000000000000000048e-04 1.000000000000000048e-04 1.000000000000000000e+00
-8.135000000000003340e-01 1.000000000000000048e-04 1.000000000000000048e-04 1.000000000000000000e+00
-8.127500000000003055e-01 1.000000000000000048e-04 1.000000000000000048e-04 1.000000000000000000e+00
-8.120000000000002771e-01 1.000000000000000048e-04 1.000000000000000048e-04 1.000000000000000000e+00
-8.112500000000002487e-01 1.000000000000000048e-04 1.000000000000000048e-04 1.000000000000000000e+00
-8.105000000000002203e-01 1.000000000000000048e-04 1.000000000000000048e-04 1.000000000000000000e+00
-8.097500000000001918e-01 1.000000000000000048e-04 1.000000000000000048e-04 1.000000000000000000e+00
-8.090000000000001634e-01 1.000000000000000048e-04 1.000000000000000048e-04 1.000000000000000000e+00
-8.082500000000001350e-01 1.000000000000000048e-04 1.000000000000000048e-04 1.000000000000000000e+00
-8.075000000000001066e-01 1.000000000000000048e-04 1.000000000000000048e-04 1.000000000000000000e+00
-8.067500000000000782e-01 1.000000000000000048e-04 1.000000000000000048e-04 1.000000000000000000e+00
-8.060000000000000497e-01 1.000000000000000048e-04 1.000000000000000048e-04 1.000000000000000000e+00
-8.052500000000000213e-01 1.000000000000000048e-04 1.000000000000000048e-04 1.000000000000000000e+00
-8.044999999999999929e-01 1.000000000000000048e-04 1.000000000000000048e-04 1.000000000000000000e+00
-8.037499999999999645e-01 1.000000000000000048e-04 1.000000000000000048e-04 1.000000000000000000e+00
-8.029999999999999361e-01 1.000000000000000048e-04 1.000000000000000048e-04 1.000000000000000000e+00
-8.022499999999999076e-01 1.000000000000000048e-04 1.000000000000000048e-04 1.000000000000000000e+00
-8.014999999999998792e-01 1.000000000000000048e-04 1.000000000000000048e-04 1.000000000000000000e+00
-8.007499999999998508e-01 1.000000000000000048e-04 1.000000000000000048e-04 1.000000000000000000e+00
-7.999999999999998224e-01 1.000000000000000048e-04 1.000000000000000048e-04 1.000000000000000000e+00
-7.992499999999997939e-01 1.000000000000000048e-04 1.000000000000000048e-04 1.000000000000000000e+00
-7.984999999999997655e-01 1.000000000000000048e-04 1.000000000000000048e-04 1.000000000000000000e+00
-7.977499999999997371e-01 1.000000000000000048e-04 1.000000000000000048e-04 1.000000000000000000e+00
-7.969999999999997087e-01 1.000000000000000048e-04 1.000000000000000048e-04 1.000000000000000000e+00
-7.962499999999996803e-01 1.000000000000000048e-04 1.000000000000000048e-04 1.000000000000000000e+00
-7.954999999999996518e-01 1.000000000000000048e-04 1.000000000000000048e-04 1.000000000000000000e+00
-7.947499999999996234e-01 1.000000000000000048e-04 1.000000000000000048e-04 1.000000000000000000e+00
-7.939999999999995950e-01 1.000000000000000048e-04 1.000000000000000048e-04 1.000000000000000000e+00
-7.932499999999995666e-01 1.000000000000000048e-04 1.000000000000000048e-04 1.000000000000000000e+00
-7.924999999999995381e-01 1.000000000000000048e-04 1.000000000000000048e-04 1.000000000000000000e+00
-7.917499999999995097e-01 1.000000000000000048e-04 1.000000000000000048e-04 1.000000000000000000e+00
-7.909999999999994813e-01 1.000000000000000048e-04 1.000000000000000048e-04 1.000000000000000000e+00
-7.902500000000003411e-01 1.000000000000000048e-04 1.000000000000000048e-04 1.000000000000000000e+00
-7.895000000000003126e-01 1.000000000000000048e-04 1.000000000000000048e-04 1.000000000000000000e+00
-7.887500000000002842e-01 1.000000000000000048e-04 1.000000000000000048e-04 1.000000000000000000e+00
-7.880000000000002558e-01 1.000000000000000048e-04 1.000000000000000048e-04 1.000000000000000000e+00
-7.872500000000002274e-01 1.000000000000000048e-04 1.000000000000000048e-04 1.000000000000000000e+00
-7.865000000000001990e-01 1.000000000000000048e-04 1.000000000000000048e-04 1.000000000000000000e+00
-7.857500000000001705e-01 1.000000000000000048e-04 1.000000000000000048e-04 1.000000000000000000e+00
-7.850000000000001421e-01 1.000000000000000048e-04 1.000000000000000048e-04 1.000000000000000000e+00
-7.842500000000001137e-01 1.000000000000000048e-04 1.000000000000000048e-04 1.000000000000000000e+00
-7.835000000000000853e-01 1.000000000000000048e-04 1.000000000000000048e-04 1.000000000000000000e+00
-7.827500000000000568e-01 1.000000000000000048e-04 1.000000000000000048e-04 1.000000000000000000e+00
-7.820000000000000284e-01 1.000000000000000048e-04 1.000000000000000048e-04 1.000000000000000000e+00
-7.812500000000000000e-01 1.000000000000000048e-04 1.000000000000000048e-04 1.000000000000000000e+00
-7.804999999999999716e-01 1.000000000000000048e-04 1.000000000000000048e-04 1.000000000000000000e+00
-7.797499999999999432e-01 1.000000000000000048e-04 1.000000000000000048e-04 1.000000000000000000e+00
-7.789999999999999147e-01 1.000000000000000048e-04 1.000000000000000048e-04 1.000000000000000000e+00
-7.782499999999998863e-01 1.000000000000000048e-04 1.000000000000000048e-04 1.000000000000000000e+00
-7.774999999999998579e-01 1.000000000000000048e-04 1.000000000000000048e-04 1.000000000000000000e+00
-7.767499999999998295e-01 1.000000000000000048e-04 1.000000000000000048e-04 1.000000000000000000e+00
-7.759999999999998010e-01 1.000000000000000048e-04 1.000000000000000048e-04 1.000000000000000000e+00
-7.752499999999997726e-01 1.000000000000000048e-04 1.000000000000000048e-04 1.000000000000000000e+00
-7.744999999999997442e-01 1.000000000000000048e-04 1.000000000000000048e-04 1.000000000000000000e+00
-7.737499999999997158e-01 1.000000000000000048e-04 1.000000000000000048e-04 1.000000000000000000e+00
-7.729999999999996874e-01 1.000000000000000048e-04 1.000000000000000048e-04 1.000000000000000000e+00
-7.722499999999996589e-01 1.000000000000000048e-04 1.000000000000000048e-04 1.000000000000000000e+00
-7.714999999999996305e-01 1.000000000000000048e-04 1.000000000000000048e-04 1.000000000000000000e+00
-7.707499999999996021e-01 1.000000000000000048e-04 1.000000000000000048e-04 1.000000000000000000e+00
-7.699999999999995737e-01 1.000000000000000048e-04 1.000000000000000048e-04 1.000000000000000000e+00
-7.692499999999995453e-01 1.000000000000000048e-04 1.000000000000000048e-04 1.000000000000000000e+00
-7.684999999999995168e-01 1.000000000000000048e-04 1.000000000000000048e-04 1.000000000000000000e+00
-7.677499999999994884e-01 1.000000000000000048e-04 1.000000000000000048e-04 1.000000000000000000e+00
-7.670000000000003482e-01 1.000000000000000048e-04 1.000000000000000048e-04 1.000000000000000000e+00
-7.662500000000003197e-01 1.000000000000000048e-04 1.000000000000000048e-04 1.000000000000000000e+00
-7.655000000000002913e-01 1.000000000000000048e-04 1.000000000000000048e-04 1.000000000000000000e+00
-7.647500000000002629e-01 1.000000000000000048e-04 1.000000000000000048e-04 1.000000000000000000e+00
-7.640000000000002345e-01 1.000000000000000048e-04 1.000000000000000048e-04 1.000000000000000000e+00
-7.632500000000002061e-01 1.000000000000000048e-04 1.000000000000000048e-04 1.000000000000000000e+00
-7.625000000000001776e-01 1.000000000000000048e-04 1.000000000000000048e-04 1.000000000000000000e+00
-7.617500000000001492e-01 1.000000000000000048e-04 1.000000000000000048e-04 1.000000000000000000e+00
-7.610000000000001208e-01 1.000000000000000048e-04 1.000000000000000048e-04 1.000000000000000000e+00
-7.602500000000000924e-01 1.000000000000000048e-04 1.000000000000000048e-04 1.000000000000000000e+00
-7.595000000000000639e-01 1.000000000000000048e-04 1.000000000000000048e-04 1.000000000000000000e+00
-7.587500000000000355e-01 1.000000000000000048e-04 1.000000000000000048e-04 1.000000000000000000e+00
-7.580000000000000071e-01 1.000000000000000048e-04 1.000000000000000048e-04 1.000000000000000000e+00
-7.572499999999999787e-01 1.000000000000000048e-04 1.000000000000000048e-04 1.000000000000000000e+00
-7.564999999999999503e-01 1.000000000000000048e-04 1.000000000000000048e-04 1.000000000000000000e+00
-7.557499999999999218e-01 1.000000000000000048e-04 1.000000000000000048e-04 1.000000000000000000e+00
-7.549999999999998934e-01 1.000000000000000048e-04 1.000000000000000048e-04 1.000000000000000000e+00
-7.542499999999998650e-01 1.000000000000000048e-04 1.000000000000000048e-04 1.000000000000000000e+00
-7.534999999999998366e-01 1.000000000000000048e-04 1.000000000000000048e-04 1.000000000000000000e+00
-7.527499999999998082e-01 1.000000000000000048e-04 1.000000000000000048e-04 1.000000000000000000e+00
-7.519999999999997797e-01 1.000000000000000048e-04 1.000000000000000048e-04 1.000000000000000000e+00
-7.512499999999997513e-01 1.000000000000000048e-04 1.000000000000000048e-04 1.000000000000000000e+00
-7.504999999999997229e-01 1.000000000000000048e-04 1.000000000000000048e-04 1.000000000000000000e+00
-7.497499999999996945e-01 1.000000000000000048e-04 1.000000000000000048e-04 1.000000000000000000e+00
-7.489999999999996660e-01 1.000000000000000048e-04 1.000000000000000048e-04 1.000000000000000000e+00
-7.482499999999996376e-01 1.000000000000000048e-04 1.000000000000000048e-04 1.000000000000000000e+00
-7.474999999999996092e-01 1.000000000000000048e-04 1.000000000000000048e-04 1.000000000000000000e+00
-7.467499999999995808e-01 1.000000000000000048e-04 1.000000000000000048e-04 1.000000000000000000e+00
-7.459999999999995524e-01 1.000000000000000048e-04 1.000000000000000048e-04 1.000000000000000000e+00
-7.452499999999995239e-01 1.000000000000000048e-04 1.000000000000000048e-04 1.000000000000000000e+00
-7.444999999999994955e-01 1.000000000000000048e-04 1.000000000000000048e-04 1.000000000000000000e+00
-7.437500000000003553e-01 1.000000000000000048e-04 1.000000000000000048e-04 1.000000000000000000e+00
-7.430000000000003268e-01 1.000000000000000048e-04 1.000000000000000048e-04 1.000000000000000000e+00
-7.422500000000002984e-01 1.000000000000000048e-04 1.000000000000000048e-04 1.000000000000000000e+00
-7.415000000000002700e-01 1.000000000000000048e-04 1.000000000000000048e-04 1.000000000000000000e+00
-7.407500000000002416e-01 1.000000000000000048e-04 1.000000000000000048e-04 1.000000000000000000e+00
-7.400000000000002132e-01 1.000000000000000048e-04 1.000000000000000048e-04 1.000000000000000000e+00
-7.392500000000001847e-01 1.000000000000000048e-04 1.000000000000000048e-04 1.000000000000000000e+00
-7.385000000000001563e-01 1.000000000000000048e-04 1.000000000000000048e-04 1.000000000000000000e+00
-7.377500000000001279e-01 1.000000000000000048e-04 1.000000000000000048e-04 1.000000000000000000e+00
-7.370000000000000995e-01 1.000000000000000048e-04 1.000000000000000048e-04 1.000000000000000000e+00
-7.362500000000000711e-01 1.000000000000000048e-04 1.000000000000000048e-04 1.000000000000000000e+00
-7.355000000000000426e-01 1.000000000000000048e-04 1.000000000000000048e-04 1.000000000000000000e+00
-7.347500000000000142e-01 1.000000000000000048e-04 1.000000000000000048e-04 1.000000000000000000e+00
-7.339999999999999858e-01 1.000000000000000048e-04 1.000000000000000048e-04 1.000000000000000000e+00
-7.332499999999999574e-01 1.000000000000000048e-04 1.000000000000000048e-04 1.000000000000000000e+00
-7.324999999999999289e-01 1.000000000000000048e-04 1.000000000000000048e-04 1.000000000000000000e+00
-7.317499999999999005e-01 1.000000000000000048e-04 1.000000000000000048e-04 1.000000000000000000e+00
-7.309999999999998721e-01 1.000000000000000048e-04 1.000000000000000048e-04 1.000000000000000000e+00
-7.302499999999998437e-01 1.000000000000000048e-04 1.000000000000000048e-04 1.000000000000000000e+00
-7.294999999999998153e-01 1.000000000000000048e-04 1.000000000000000048e-04 1.000000000000000000e+00
-7.287499999999997868e-01 1.000000000000000048e-04 1.000000000000000048e-04 1.000000000000000000e+00
-7.279999999999997584e-01 1.000000000000000048e-04 1.000000000000000048e-04 1.000000000000000000e+00
-7.272499999999997300e-01 1.000000000000000048e-04 1.000000000000000048e-04 1.000000000000000000e+00
-7.264999999999997016e-01 1.000000000000000048e-04 1.000000000000000048e-04 1.000000000000000000e+00
-7.257499999999996732e-01 1.000000000000000048e-04 1.000000000000000048e-04 1.000000000000000000e+00
-7.249999999999996447e-01 1.000000000000000048e-04 1.000000000000000048e-04 1.000000000000000000e+00
-7.242499999999996163e-01 1.000000000000000048e-04 1.000000000000000048e-04 1.000000000000000000e+00
-7.234999999999995879e-01 1.000000000000000048e-04 1.000000000000000048e-04 1.000000000000000000e+00
-7.227499999999995595e-01 1.000000000000000048e-04 1.000000000000000048e-04 1.000000000000000000e+00
-7.219999999999995310e-01 1.000000000000000048e-04 1.000000000000000048e-04 1.000000000000000000e+00
-7.212499999999995026e-01 1.000000000000000048e-04 1.000000000000000048e-04 1.000000000000000000e+00
-7.204999999999994742e-01 1.000000000000000048e-04 1.000000000000000048e-04 1.000000000000000000e+00
-7.197500000000003340e-01 1.000000000000000048e-04 1.000000000000000048e-04 1.000000000000000000e+00
-7.190000000000003055e-01 1.000000000000000048e-04 1.000000000000000048e-04 1.000000000000000000e+00
-7.182500000000002771e-01 1.000000000000000048e-04 1.000000000000000048e-04 1.000000000000000000e+00
-7.175000000000002487e-01 1.000000000000000048e-04 1.000000000000000048e-04 1.000000000000000000e+00
-7.167500000000002203e-01 1.000000000000000048e-04 1.000000000000000048e-04 1.000000000000000000e+00
-7.160000000000001918e-01 1.000000000000000048e-04 1.000000000000000048e-04 1.000000000000000000e+00
-7.152500000000001634e-01 1.000000000000000048e-04 1.000000000000000048e-04 1.000000000000000000e+00
-7.145000000000001350e-01 1.000000000000000048e-04 1.000000000000000048e-04 1.000000000000000000e+00
-7.137500000000001066e-01 1.000000000000000048e-04 1.000000000000000048e-04 1.000000000000000000e+00
-7.130000000000000782e-01 1.000000000000000048e-04 1.000000000000000048e-04 1.000000000000000000e+00
-7.122500000000000497e-01 1.000000000000000048e-04 1.000000000000000048e-04 1.000000000000000000e+00
-7.115000000000000213e-01 1.000000000000000048e-04 1.000000000000000048e-04 1.000000000000000000e+00
-7.107499999999999929e-01 1.000000000000000048e-04 1.000000000000000048e-04 1.000000000000000000e+00
-7.099999999999999645e-01 1.000000000000000048e-04 1.000000000000000048e-04 1.000000000000000000e+00
-7.092499999999999361e-01 1.000000000000000048e-04 1.000000000000000048e-04 1.000000000000000000e+00
-7.084999999999999076e-01 1.000000000000000048e-04 1.000000000000000048e-04 1.000000000000000000e+00
-7.077499999999998792e-01 1.000000000000000048e-04 1.000000000000000048e-04 1.000000000000000000e+00
-7.069999999999998508e-01 1.000000000000000048e-04 1.000000000000000048e-04 1.000000000000000000e+00
-7.062499999999998224e-01 1.000000000000000048e-04 1.000000000000000048e-04 1.000000000000000000e+00
-7.054999999999997939e-01 1.000000000000000048e-04 1.000000000000000048e-04 1.000000000000000000e+00
-7.047499999999997655e-01 1.000000000000000048e-04 1.000000000000000048e-04 1.000000000000000000e+00
-7.039999999999997371e-01 1.000000000000000048e-04 1.000000000000000048e-04 1.000000000000000000e+00
-7.032499999999997087e-01 1.000000000000000048e-04 1.000000000000000048e-04 1.000000000000000000e+00
-7.024999999999996803e-01 1.000000000000000048e-04 1.000000000000000048e-04 1.000000000000000000e+00
-7.017499999999996518e-01 1.000000000000000048e-04 1.000000000000000048e-04 1.000000000000000000e+00
-7.009999999999996234e-01 1.000000000000000048e-04 1.000000000000000048e-04 1.000000000000000000e+00
-7.002499999999995950e-01 1.000000000000000048e-04 1.000000000000000048e-04 1.000000000000000000e+00
-6.994999999999995666e-01 1.000000000000000048e-04 1.000000000000000048e-04 1.000000000000000000e+00
-6.987499999999995381e-01 1.000000000000000048e-04 1.000000000000000048e-04 1.000000000000000000e+00
-6.979999999999995097e-01 1.000000000000000048e-04 1.000000000000000048e-04 1.000000000000000000e+00
-6.972499999999994813e-01 1.000000000000000048e-04 1.000000000000000048e-04 1.000000000000000000e+00
-6.965000000000003411e-01 1.000000000000000048e-04 1.000000000000000048e-04 1.000000000000000000e+00
-6.957500000000003126e-01 1.000000000000000048e-04 1.000000000000000048e-04 1.000000000000000000e+00
-6.950000000000002842e-01 1.000000000000000048e-04 1.000000000000000048e-04 1.000000000000000000e+00
-6.942500000000002558e-01 1.000000000000000048e-04 1.000000000000000048e-04 1.000000000000000000e+00
-6.935000000000002274e-01 1.000000000000000048e-04 1.000000000000000048e-04 1.000000000000000000e+00
-6.927500000000001990e-01 1.000000000000000048e-04 1.000000000000000048e-04 1.000000000000000000e+00
-6.920000000000001705e-01 1.000000000000000048e-04 1.000000000000000048e-04 1.000000000000000000e+00
-6.912500000000001421e-01 1.000000000000000048e-04 1.488622288659773431e-04 1.000000000000000000e+00
-6.905000000000001137e-01 1.000000000000000048e-04 2.081342066297274171e-04 1.000000000000000000e+00
-6.897500000000000853e-01 1.000000000000000048e-04 2.676467698557590761e-04 1.000000000000000000e+00
-6.890000000000000568e-01 1.000000000000000048e-04 3.274004202583504072e-04 1.000000000000000000e+00
-6.882500000000000284e-01 1.000000000000000048e-04 3.873956594972131472e-04 1.000000000000000000e+00
-6.875000000000000000e-01 1.000000000000000048e-04 4.476329891736114557e-04 1.000000000000000000e+00
-6.867499999999999716e-01 1.000000000000000048e-04 5.081129108267694924e-04 1.000000000000000000e+00
-6.859999999999999432e-01 1.000000000000000048e-04 5.688359259296313190e-04 1.000000000000000000e+00
-6.852499999999999147e-01 1.000000000000000048e-04 6.298025358851734199e-04 1.000000000000000000e+00
-6.844999999999998863e-01 1.000000000000000048e-04 6.910132420225396834e-04 1.000000000000000000e+00
-6.837499999999998579e-01 1.000000000000000048e-04 7.524685455932024047e-04 1.000000000000000000e+00
-6.829999999999998295e-01 1.000000000000000048e-04 8.141689477668837341e-04 1.000000000000000000e+00
-6.822499999999998010e-01 1.000000000000000048e-04 8.761149496279157936e-04 1.000000000000000000e+00
-6.814999999999997726e-01 1.000000000000000048e-04 9.383070521711880376e-04 1.000000000000000000e+00
-6.807499999999997442e-01 1.000000000000000048e-04 1.000745756298233608e-03 1.000000000000000000e+00
-6.799999999999997158e-01 1.000000000000000048e-04 1.063431562813557576e-03 1.000000000000000000e+00
-6.792499999999996874e-01 1.000000000000000048e-04 1.126364972420539198e-03 1.000000000000000000e+00
-6.784999999999996589e-01 1.000000000000000048e-04 1.189546485717456583e-03 1.000000000000000000e+00
-6.777499999999996305e-01 1.000000000000000048e-04 1.252976603193864261e-03 1.000000000000000000e+00
-6.769999999999996021e-01 1.000000000000000048e-04 1.316655825226516153e-03 1.000000000000000000e+00
-6.762499999999995737e-01 1.000000000000000048e-04 1.380584652075417121e-03 1.000000000000000000e+00
-6.754999999999995453e-01 1.000000000000000048e-04 1.444763583880007878e-03 1.000000000000000000e+00
-6.747499999999995168e-01 1.000000000000000048e-04 1.509193120655178593e-03 1.000000000000000000e+00
-6.739999999999994884e-01 1.000000000000000048e-04 1.573873762287545525e-03 1.000000000000000000e+00
-6.732500000000003482e-01 1.000000000000000048e-04 1.638806008531182952e-03 1.000000000000000000e+00
-6.725000000000003197e-01 1.000000000000000048e-04 1.703990359004180178e-03 1.000000000000000000e+00
-6.717500000000002913e-01 1.000000000000000048e-04 1.769427313184204114e-03 1.000000000000000000e+00
-6.710000000000002629e-01 1.000000000000000048e-04 1.835117370404930727e-03 1.000000000000000000e+00
-6.702500000000002345e-01 1.000000000000000048e-04 1.901061029852101807e-03 1.000000000000000000e+00
-6.695000000000002061e-01 1.000000000000000048e-04 1.967258790559339287e-03 1.000000000000000000e+00
-6.687500000000001776e-01 1.000000000000000048e-04 2.033711151404654985e-03 1.000000000000000000e+00
-6.680000000000001492e-01 1.000000000000000048e-04 2.100418611106045705e-03 1.000000000000000000e+00
-6.672500000000001208e-01 1.000000000000000048e-04 2.167381668217883278e-03 1.000000000000000000e+00
-6.665000000000000924e-01 1.000000000000000048e-04 2.234600821126933156e-03 1.000000000000000000e+00
-6.657500000000000639e-01 1.000000000000000048e-04 2.302076568048310335e-03 1.000000000000000000e+00
-6.650000000000000355e-01 1.000000000000000048e-04 2.369809407021684217e-03 1.000000000000000000e+00
-6.642500000000000071e-01 1.000000000000000048e-04 2.437799835907291345e-03 1.000000000000000000e+00
-6.634999999999999787e-01 1.000000000000000048e-04 2.506048352381920388e-03 1.000000000000000000e+00
-6.627499999999999503e-01 1.000000000000000048e-04 2.574555453935113095e-03 1.000000000000000000e+00
-6.619999999999999218e-01 1.000000000000000048e-04 2.643321637865146245e-03 1.000000000000000000e+00
-6.612499999999998934e-01 1.000000000000000048e-04 2.712347401275100756e-03 1.000000000000000000e+00
-6.604999999999998650e-01 1.000000000000000048e-04 2.781633241068975481e-03 1.000000000000000000e+00
-6.597499999999998366e-01 1.000000000000000048e-04 2.851179653947751545e-03 1.000000000000000000e+00
-6.589999999999998082e-01 1.000000000000000048e-04 2.920987136405253735e-03 1.000000000000000000e+00
-6.582499999999997797e-01 1.000000000000000048e-04 2.991056184724593444e-03 1.000000000000000000e+00
-6.574999999999997513e-01 1.000000000000000048e-04 3.061387294973799775e-03 1.000000000000000000e+00
-6.567499999999997229e-01 1.000000000000000048e-04 3.131980963002339250e-03 1.000000000000000000e+00
-6.559999999999996945e-01 1.000000000000000048e-04 3.202837684436674916e-03 1.000000000000000000e+00
-6.552499999999996660e-01 1.000000000000000048e-04 3.273957954676755700e-03 1.000000000000000000e+00
-6.544999999999996376e-01 1.000000000000000048e-04 3.345342268891797130e-03 1.000000000000000000e+00
-6.537499999999996092e-01 1.000000000000000048e-04 3.416991122016541267e-03 1.000000000000000000e+00
-6.529999999999995808e-01 1.000000000000000048e-04 3.488905008747215236e-03 1.000000000000000000e+00
-6.522499999999995524e-01 1.000000000000000048e-04 3.561084423537554371e-03 1.000000000000000000e+00
-6.514999999999995239e-01 1.000000000000000048e-04 3.633529860594922074e-03 1.000000000000000000e+00
-6.507499999999994955e-01 1.000000000000000048e-04 3.706241813876398443e-03 1.000000000000000000e+00
-6.499999999999994671e-01 1.000000000000000048e-04 3.779220777084774368e-03 1.000000000000000000e+00
-6.492500000000003268e-01 1.000000000000000048e-04 3.852467243664605464e-03 1.000000000000000000e+00
-6.485000000000002984e-01 1.000000000000000048e-04 3.925981706798579128e-03 1.000000000000000000e+00
-6.477500000000002700e-01 1.000000000000000048e-04 3.999764659402972600e-03 1.000000000000000000e+00
-6.470000000000002416e-01 1.000000000000000048e-04 4.073816594124261142e-03 1.000000000000000000e+00
-6.462500000000002132e-01 1.000000000000000048e-04 4.148138003335007616e-03 1.000000000000000000e+00
-6.455000000000001847e-01 1.000000000000000048e-04 4.222729379129766362e-03 1.000000000000000000e+00
-6.447500000000001563e-01 1.000000000000000048e-04 4.297591213321467173e-03 1.000000000000000000e+00
-6.440000000000001279e-01 1.000000000000000048e-04 4.372723997437167817e-03 1.000000000000000000e+00
-6.432500000000000995e-01 1.000000000000000048e-04 4.448128222714456230e-03 1.000000000000000000e+00
-6.425000000000000711e-01 1.000000000000000048e-04 4.523804380097182221e-03 1.000000000000000000e+00
-6.417500000000000426e-01 1.000000000000000048e-04 4.599752960231766850e-03 1.000000000000000000e+00
-6.410000000000000142e-01 1.000000000000000048e-04 4.675974453463222977e-03 1.000000000000000000e+00
-6.402499999999999858e-01 1.000000000000000048e-04 4.752469349831122888e-03 1.000000000000000000e+00
-6.394999999999999574e-01 1.000000000000000048e-04 4.829238139065929365e-03 1.000000000000000000e+00
-6.387499999999999289e-01 1.000000000000000048e-04 4.906281310584723054e-03 1.000000000000000000e+00
-6.379999999999999005e-01 1.000000000000000048e-04 4.983599353487632409e-03 1.000000000000000000e+00
-6.372499999999998721e-01 1.000000000000000048e-04 5.061192756553738008e-03 1.000000000000000000e+00
-6.364999999999998437e-01 1.000000000000000048e-04 5.139062008237119984e-03 1.000000000000000000e+00
-6.357499999999998153e-01 1.000000000000000048e-04 5.217207596663065057e-03 1.000000000000000000e+00
-6.349999999999997868e-01 1.000000000000000048e-04 5.295630009624192891e-03 1.000000000000000000e+00
-6.342499999999997584e-01 1.000000000000000048e-04 5.374329734576278016e-03 1.000000000000000000e+00
-6.334999999999997300e-01 1.000000000000000048e-04 5.453307258634697979e-03 1.000000000000000000e+00
-6.327499999999997016e-01 1.000000000000000048e-04 5.532563068570273482e-03 1.000000000000000000e+00
-6.319999999999996732e-01 1.000000000000000048e-04 5.612097650805516168e-03 1.000000000000000000e+00
-6.312499999999996447e-01 1.000000000000000048e-04 5.691911491410670855e-03 1.000000000000000000e+00
-6.304999999999996163e-01 1.000000000000000048e-04 5.772005076099877459e-03 1.000000000000000000e+00
-6.297499999999995879e-01 1.000000000000000048e-04 5.852378890227115209e-03 1.000000000000000000e+00
-6.289999999999995595e-01 1.000000000000000048e-04 5.933033418782528504e-03 1.000000000000000000e+00
-6.282499999999995310e-01 1.000000000000000048e-04 6.013969146388486488e-03 1.000000000000000000e+00
-6.274999999999995026e-01 1.000000000000000048e-04 6.095186557295614871e-03 1.000000000000000000e+00
-6.267499999999994742e-01 1.000000000000000048e-04 6.176686135378900606e-03 1.000000000000000000e+00
-6.260000000000003340e-01 1.000000000000000048e-04 6.258468364133959634e-03 1.000000000000000000e+00
-6.252500000000003055e-01 1.000000000000000048e-04 6.340533726673219621e-03 1.000000000000000000e+00
-6.245000000000002771e-01 1.000000000000000048e-04 6.422882705721707185e-03 1.000000000000000000e+00
-6.237500000000002487e-01 1.000000000000000048e-04 6.505515783613515131e-03 1.000000000000000000e+00
-6.230000000000002203e-01 1.000000000000000048e-04 6.588433442287833404e-03 1.000000000000000000e+00
-6.222500000000001918e-01 1.000000000000000048e-04 6.671636163285081522e-03 1.000000000000000000e+00
-6.215000000000001634e-01 1.000000000000000048e-04 6.755124427742950806e-03 1.000000000000000000e+00
-6.207500000000001350e-01 1.000000000000000048e-04 6.838898716392812632e-03 1.000000000000000000e+00
-6.200000000000001066e-01 1.000000000000000048e-04 6.922959509555780613e-03 1.000000000000000000e+00
-6.192500000000000782e-01 1.000000000000000048e-04 7.007307287138496953e-03 1.000000000000000000e+00
-6.185000000000000497e-01 1.000000000000000048e-04 7.091942528630036831e-03 1.000000000000000000e+00
-6.177500000000000213e-01 1.000000000000000048e-04 7.176865713097361696e-03 1.000000000000000000e+00
-6.169999999999999929e-01 1.000000000000000048e-04 7.262077319181833336e-03 1.000000000000000000e+00
-6.162499999999999645e-01 1.000000000000000048e-04 7.347577825095423509e-03 1.000000000000000000e+00
-6.154999999999999361e-01 1.000000000000000048e-04 7.433367708616815152e-03 1.000000000000000000e+00
-6.147499999999999076e-01 1.000000000000000048e-04 7.519447447087406443e-03 1.000000000000000000e+00
-6.139999999999998792e-01 1.000000000000000048e-04 7.605817517407948911e-03 1.000000000000000000e+00
-6.132499999999998508e-01 1.000000000000000048e-04 7.692478396034207154e-03 1.000000000000000000e+00
-6.124999999999998224e-01 1.000000000000000048e-04 7.779430558973615163e-03 1.000000000000000000e+00
-6.117499999999997939e-01 1.000000000000000048e-04 7.866674481781143341e-03 1.000000000000000000e+00
-6.109999999999997655e-01 1.000000000000000048e-04 7.954210639555802168e-03 1.000000000000000000e+00
-6.102499999999997371e-01 1.000000000000000048e-04 8.042039506936589019e-03 1.000000000000000000e+00
-6.094999999999997087e-01 1.000000000000000048e-04 8.130161558098883412e-03 1.000000000000000000e+00
-6.087499999999996803e-01 1.000000000000000048e-04 8.218577266750584642e-03 1.000000000000000000e+00
-6.079999999999996518e-01 1.000000000000000048e-04 8.307287106128389068e-03 1.000000000000000000e+00
-6.072499999999996234e-01 1.000000000000000048e-04 8.396291548993966777e-03 1.000000000000000000e+00
-6.064999999999995950e-01 1.000000000000000048e-04 8.485591067630308265e-03 1.000000000000000000e+00
-6.057499999999995666e-01 1.000000000000000048e-04 8.575186133837935792e-03 1.000000000000000000e+00
-6.049999999999995381e-01 1.000000000000000048e-04 8.665077218930993322e-03 1.000000000000000000e+00
-6.042499999999995097e-01 1.000000000000000048e-04 8.755264793733792683e-03 1.000000000000000000e+00
-6.034999999999994813e-01 1.000000000000000048e-04 8.845749328576821974e-03 1.000000000000000000e+00
-6.027500000000003411e-01 1.000000000000000048e-04 8.936531293293088762e-03 1.000000000000000000e+00
-6.020000000000003126e-01 1.000000000000000048e-04 9.027611157214609008e-03 1.000000000000000000e+00
-6.012500000000002842e-01 1.000000000000000048e-04 9.118989389168368626e-03 1.000000000000000000e+00
-6.005000000000002558e-01 1.000000000000000048e-04 9.210666457472808932e-03 1.000000000000000000e+00
-5.997500000000002274e-01 1.000000000000000048e-04 9.302642829933949545e-03 1.000000000000000000e+00
-5.990000000000001990e-01 1.000000000000000048e-04 9.394918973841960563e-03 1.000000000000000000e+00
-5.982500000000001705e-01 1.000000000000000048e-04 9.487495355967242097e-03 1.000000000000000000e+00
-5.975000000000001421e-01 1.000000000000000048e-04 9.580372442556769202e-03 1.000000000000000000e+00
-5.967500000000001137e-01 1.000000000000000048e-04 9.673550699330525290e-03 1.000000000000000000e+00
-5.960000000000000853e-01 1.000000000000000048e-04 9.767030591477801962e-03 1.000000000000000000e+00
-5.952500000000000568e-01 1.000000000000000048e-04 9.860812583653330576e-03 1.000000000000000000e+00
-5.945000000000000284e-01 1.000000000000000048e-04 9.954897139973958517e-03 1.000000000000000000e+00
-5.937500000000000000e-01 1.000000000000000048e-04 1.004928472401473566e-02 1.000000000000000000e+00
-5.929999999999999716e-01 1.000000000000000048e-04 1.014397579880535298e-02 1.000000000000000000e+00
-5.922499999999999432e-01 1.000000000000000048e-04 1.023897082682658465e-02 1.000000000000000000e+00
-5.914999999999999147e-01 1.000000000000000048e-04 1.033427027000646641e-02 1.000000000000000000e+00
-5.907499999999998863e-01 1.000000000000000048e-04 1.042987458971696667e-02 1.000000000000000000e+00
-5.899999999999998579e-01 1.000000000000000048e-04 1.052578424677004867e-02 1.000000000000000000e+00
-5.892499999999998295e-01 1.000000000000000048e-04 1.062199970141426177e-02 1.000000000000000000e+00
-5.884999999999998010e-01 1.000000000000000048e-04 1.071852141333112449e-02 1.000000000000000000e+00
-5.877499999999997726e-01 1.000000000000000048e-04 1.081534984163140013e-02 1.000000000000000000e+00
-5.869999999999997442e-01 1.000000000000000048e-04 1.091248544485175914e-02 1.000000000000000000e+00
-5.862499999999997158e-01 1.000000000000000048e-04 1.100992868095092801e-02 1.000000000000000000e+00
-5.854999999999996874e-01 1.000000000000000048e-04 1.110768000730627016e-02 1.000000000000000000e+00
-5.847499999999996589e-01 1.000000000000000048e-04 1.120573988071028870e-02 1.000000000000000000e+00
-5.839999999999996305e-01 1.000000000000000048e-04 1.130410875736687429e-02 1.000000000000000000e+00
-5.832499999999996021e-01 1.000000000000000048e-04 1.140278709288795531e-02 1.000000000000000000e+00
-5.824999999999995737e-01 1.000000000000000048e-04 1.150177534228980815e-02 1.000000000000000000e+00
-5.817499999999995453e-01 1.000000000000000048e-04 1.160107395998966409e-02 1.000000000000000000e+00
-5.809999999999995168e-01 1.000000000000000048e-04 1.170068339980206810e-02 1.000000000000000000e+00
-5.802499999999994884e-01 1.000000000000000048e-04 1.180060411493541461e-02 1.000000000000000000e+00
-5.795000000000003482e-01 1.000000000000000048e-04 1.190083655798850060e-02 1.000000000000000000e+00
-5.787500000000003197e-01 1.000000000000000048e-04 1.200138118094715330e-02 1.000000000000000000e+00
-5.780000000000002913e-01 1.000000000000000048e-04 1.210223843518022473e-02 1.000000000000000000e+00
-5.772500000000002629e-01 1.000000000000000048e-04 1.220340877143670857e-02 1.000000000000000000e+00
-5.765000000000002345e-01 1.000000000000000048e-04 1.230489263984193421e-02 1.000000000000000000e+00
-5.757500000000002061e-01 1.000000000000000048e-04 1.240669048989433837e-02 1.000000000000000000e+00
-5.750000000000001776e-01 1.000000000000000048e-04 1.250880277046163142e-02 1.000000000000000000e+00
-5.742500000000001492e-01 1.000000000000000048e-04 1.261122992977781014e-02 1.000000000000000000e+00
-5.735000000000001208e-01 1.000000000000000048e-04 1.271397241543955996e-02 1.000000000000000000e+00
-5.727500000000000924e-01 1.000000000000000048e-04 1.281703067440261717e-02 1.000000000000000000e+00
-5.720000000000000639e-01 1.000000000000000048e-04 1.292040515297864303e-02 1.000000000000000000e+00
-5.712500000000000355e-01 1.000000000000000048e-04 1.302409629683173170e-02 1.000000000000000000e+00
-5.705000000000000071e-01 1.000000000000000048e-04 1.312810455097495818e-02 1.000000000000000000e+00
-5.697499999999999787e-01 1.000000000000000048e-04 1.323243035976703029e-02 1.000000000000000000e+00
-5.689999999999999503e-01 1.000000000000000048e-04 1.333707416690892329e-02 1.000000000000000000e+00
-5.682499999999999218e-01 1.000000000000000048e-04 1.344203641544054056e-02 1.000000000000000000e+00
-5.674999999999998934e-01 1.000000000000000048e-04 1.354731754773732394e-02 1.000000000000000000e+00
-5.667499999999998650e-01 1.000000000000000048e-04 1.365291800550685886e-02 1.000000000000000000e+00
-5.659999999999998366e-01 1.000000000000000048e-04 1.375883822978556277e-02 1.000000000000000000e+00
-5.652499999999998082e-01 1.000000000000000048e-04 1.386507866093563378e-02 1.000000000000000000e+00
-5.644999999999997797e-01 1.000000000000000048e-04 1.397163973864112320e-02 1.000000000000000000e+00
-5.637499999999997513e-01 1.000000000000000048e-04 1.407852190190535084e-02 1.000000000000000000e+00
-5.629999999999997229e-01 1.000000000000000048e-04 1.418572558904703310e-02 1.000000000000000000e+00
-5.622499999999996945e-01 1.000000000000000048e-04 1.429325123769727146e-02 1.000000000000000000e+00
-5.614999999999996660e-01 1.000000000000000048e-04 1.440109928479632248e-02 1.000000000000000000e+00
-5.607499999999996376e-01 1.000000000000000048e-04 1.450927016659014565e-02 1.000000000000000000e+00
-5.599999999999996092e-01 1.000000000000000048e-04 1.461776431862730173e-02 1.000000000000000000e+00
-5.592499999999995808e-01 1.000000000000000048e-04 1.472658217575568279e-02 1.000000000000000000e+00
-5.584999999999995524e-01 1.000000000000000048e-04 1.483572417211915725e-02 1.000000000000000000e+00
-5.577499999999995239e-01 1.000000000000000048e-04 1.494519074115459659e-02 1.000000000000000000e+00
-5.569999999999994955e-01 1.000000000000000048e-04 1.505498231558839023e-02 1.000000000000000000e+00
-5.562499999999994671e-01 1.000000000000000048e-04 1.516509932743347923e-02 1.000000000000000000e+00
-5.555000000000003268e-01 1.000000000000000048e-04 1.527554220798583995e-02 1.000000000000000000e+00
-5.547500000000002984e-01 1.000000000000000048e-04 1.538631138782207627e-02 1.000000000000000000e+00
-5.540000000000002700e-01 1.000000000000000048e-04 1.549740729679518862e-02 1.000000000000000000e+00
-5.532500000000002416e-01 1.000000000000000048e-04 1.560883036403203777e-02 1.000000000000000000e+00
-5.525000000000002132e-01 1.000000000000000048e-04 1.572058101793030391e-02 1.000000000000000000e+00
-5.517500000000001847e-01 1.000000000000000048e-04 1.583265968615506225e-02 1.000000000000000000e+00
-5.510000000000001563e-01 1.000000000000000048e-04 1.594506679563565885e-02 1.000000000000000000e+00
-5.502500000000001279e-01 1.000000000000000048e-04 1.605780277256282570e-02 1.000000000000000000e+00
-5.495000000000000995e-01 1.000000000000000048e-04 1.617086804238551667e-02 1.000000000000000000e+00
-5.487500000000000711e-01 1.000000000000000048e-04 1.628426302980765655e-02 1.000000000000000000e+00
-5.480000000000000426e-01 1.000000000000000048e-04 1.639798815878526494e-02 1.000000000000000000e+00
-5.472500000000000142e-01 1.000000000000000048e-04 1.651204385252324353e-02 1.000000000000000000e+00
-5.464999999999999858e-01 1.000000000000000048e-04 1.662643053347249295e-02 1.000000000000000000e+00
-5.457499999999999574e-01 1.000000000000000048e-04 1.674114862332669665e-02 1.000000000000000000e+00
-5.449999999999999289e-01 1.000000000000000048e-04 1.685619854301931980e-02 1.000000000000000000e+00
-5.442499999999999005e-01 1.000000000000000048e-04 1.697158071272086843e-02 1.000000000000000000e+00
-5.434999999999998721e-01 1.000000000000000048e-04 1.708729555183556570e-02 1.000000000000000000e+00
-5.427499999999998437e-01 1.000000000000000048e-04 1.720334347899839245e-02 1.000000000000000000e+00
-5.419999999999998153e-01 1.000000000000000048e-04 1.731972491207231166e-02 1.000000000000000000e+00
-5.412499999999997868e-01 1.000000000000000048e-04 1.743644026814511819e-02 1.000000000000000000e+00
-5.404999999999997584e-01 1.000000000000000048e-04 1.755348996352656954e-02 1.000000000000000000e+00
-5.397499999999997300e-01 1.000000000000000048e-04 1.767087441374548193e-02 1.000000000000000000e+00
-5.389999999999997016e-01 1.000000000000000048e-04 1.778859403354672228e-02 1.000000000000000000e+00
-5.382499999999996732e-01 1.000000000000000048e-04 1.790664923688825572e-02 1.000000000000000000e+00
-5.374999999999996447e-01 1.000000000000000048e-04 1.802504043693844288e-02 1.000000000000000000e+00
-5.367499999999996163e-01 1.000000000000000048e-04 1.814376804607295904e-02 1.000000000000000000e+00
-5.359999999999995879e-01 1.000000000000000048e-04 1.826283247587196998e-02 1.000000000000000000e+00
-5.352499999999995595e-01 1.000000000000000048e-04 1.838223413711728357e-02 1.000000000000000000e+00
-5.344999999999995310e-01 1.000000000000000048e-04 1.850197343978955342e-02 1.000000000000000000e+00
-5.337499999999995026e-01 1.000000000000000048e-04 1.862205079306537489e-02 1.000000000000000000e+00
-5.329999999999994742e-01 1.000000000000000048e-04 1.874246660531442982e-02 1.000000000000000000e+00
-5.322500000000003340e-01 1.000000000000000048e-04 1.886322128409658253e-02 1.000000000000000000e+00
-5.315000000000003055e-01 1.000000000000000048e-04 1.898431523615971839e-02 1.000000000000000000e+00
-5.307500000000002771e-01 1.000000000000000048e-04 1.910574886743600376e-02 1.000000000000000000e+00
-5.300000000000002487e-01 1.000000000000000048e-04 1.922752258303970369e-02 1.000000000000000000e+00
-5.292500000000002203e-01 1.000000000000000048e-04 1.934963678726428493e-02 1.000000000000000000e+00
-5.285000000000001918e-01 1.000000000000000048e-04 1.947209188357972715e-02 1.000000000000000000e+00
-5.277500000000001634e-01 1.000000000000000048e-04 1.959488827462977506e-02 1.000000000000000000e+00
-5.270000000000001350e-01 1.000000000000000048e-04 1.971802636222907967e-02 1.000000000000000000e+00
-5.262500000000001066e-01 1.000000000000000048e-04 1.984150654736072800e-02 1.000000000000000000e+00
-5.255000000000000782e-01 1.000000000000000048e-04 1.996532923017341199e-02 1.000000000000000000e+00
-5.247500000000000497e-01 1.000000000000000048e-04 2.008949480997879872e-02 1.000000000000000000e+00
-5.240000000000000213e-01 1.000000000000000048e-04 2.021400368524879296e-02 1.000000000000000000e+00
-5.232499999999999929e-01 1.000000000000000048e-04 2.033885625361302532e-02 1.000000000000000000e+00
-5.224999999999999645e-01 1.000000000000000048e-04 2.046405291185606976e-02 1.000000000000000000e+00
-5.217499999999999361e-01 1.000000000000000048e-04 2.058959405591495595e-02 1.000000000000000000e+00
-5.209999999999999076e-01 1.000000000000000048e-04 2.071548008087648052e-02 1.000000000000000000e+00
-5.202499999999998792e-01 1.000000000000000048e-04 2.084171138097463613e-02 1.000000000000000000e+00
-5.194999999999998508e-01 1.000000000000000048e-04 2.096828834958800597e-02 1.000000000000000000e+00
-5.187499999999998224e-01 1.000000000000000048e-04 2.109521137923742184e-02 1.000000000000000000e+00
-5.179999999999997939e-01 1.000000000000000048e-04 2.122248086158286945e-02 1.000000000000000000e+00
-5.172499999999997655e-01 1.000000000000000048e-04 2.135009718742168078e-02 1.000000000000000000e+00
-5.164999999999997371e-01 1.000000000000000048e-04 2.147806074668544632e-02 1.000000000000000000e+00
-5.157499999999997087e-01 1.000000000000000048e-04 2.160637192843773216e-02 1.000000000000000000e+00
-5.149999999999996803e-01 1.000000000000000048e-04 2.173503112087158545e-02 1.000000000000000000e+00
-5.142499999999996518e-01 1.000000000000000048e-04 2.186403871130707111e-02 1.000000000000000000e+00
-5.134999999999996234e-01 1.000000000000000048e-04 2.199339508618866623e-02 1.000000000000000000e+00
-5.127499999999995950e-01 1.000000000000000048e-04 2.212310063108310562e-02 1.000000000000000000e+00
-5.119999999999995666e-01 1.000000000000000048e-04 2.225315573067660965e-02 1.000000000000000000e+00
-5.112499999999995381e-01 1.000000000000000048e-04 2.238356076877269507e-02 1.000000000000000000e+00
-5.104999999999995097e-01 1.000000000000000048e-04 2.251431612828966311e-02 1.000000000000000000e+00
-5.097499999999994813e-01 1.000000000000000048e-04 2.264542219125834782e-02 1.000000000000000000e+00
-5.090000000000003411e-01 1.000000000000000048e-04 2.277687933881938562e-02 1.000000000000000000e+00
-5.082500000000003126e-01 1.000000000000000048e-04 2.290868795122157769e-02 1.000000000000000000e+00
-5.075000000000002842e-01 1.000000000000000048e-04 2.304084840781875712e-02 1.000000000000000000e+00
-5.067500000000002558e-01 1.000000000000000048e-04 2.317336108706777656e-02 1.000000000000000000e+00
-5.060000000000002274e-01 1.000000000000000048e-04 2.330622636652631904e-02 1.000000000000000000e+00
-5.052500000000001990e-01 1.000000000000000048e-04 2.343944462285049365e-02 1.000000000000000000e+00
-5.045000000000001705e-01 1.000000000000000048e-04 2.357301623179253180e-02 1.000000000000000000e+00
-5.037500000000001421e-01 1.000000000000000048e-04 2.370694156819846965e-02 1.000000000000000000e+00
-5.030000000000001137e-01 1.000000000000000048e-04 2.384122100600611499e-02 1.000000000000000000e+00
-5.022500000000000853e-01 1.000000000000000048e-04 2.397585491824254234e-02 1.000000000000000000e+00
-5.015000000000000568e-01 1.000000000000000048e-04 2.411084367702199735e-02 1.000000000000000000e+00
-5.007500000000000284e-01 1.000000000000000048e-04 2.424618765354384295e-02 1.000000000000000000e+00
-5.000000000000000000e-01 1.000000000000000048e-04 2.438188721808993639e-02 1.000000000000000000e+00
-4.992499999999999716e-01 1.000000000000000048e-04 2.451794274002301252e-02 1.000000000000000000e+00
-4.984999999999999432e-01 1.000000000000000048e-04 2.465435458778409555e-02 1.000000000000000000e+00
-4.977499999999999147e-01 1.000000000000000048e-04 2.479112312889054578e-02 1.000000000000000000e+00
-4.969999999999998863e-01 1.000000000000000048e-04 2.492824872993382179e-02 1.000000000000000000e+00
-4.962499999999998579e-01 1.000000000000000048e-04 2.506573175657760347e-02 1.000000000000000000e+00
-4.954999999999998295e-01 1.000000000000000048e-04 2.520357257355533565e-02 1.000000000000000000e+00
-4.947499999999998010e-01 1.000000000000000048e-04 2.534177154466846216e-02 1.000000000000000000e+00
-4.939999999999997726e-01 1.000000000000000048e-04 2.548032903278424008e-02 1.000000000000000000e+00
-4.932499999999997442e-01 1.000000000000000048e-04 2.561924539983368929e-02 1.000000000000000000e+00
-4.924999999999997158e-01 1.000000000000000048e-04 2.575852100680944834e-02 1.000000000000000000e+00
-4.917499999999996874e-01 1.000000000000000048e-04 2.589815621376408139e-02 1.000000000000000000e+00
-4.909999999999996589e-01 1.000000000000000048e-04 2.603815137980775365e-02 1.000000000000000000e+00
-4.902499999999996305e-01 1.000000000000000048e-04 2.617850686310634056e-02 1.000000000000000000e+00
-4.894999999999996021e-01 1.000000000000000048e-04 2.631922302087949528e-02 1.000000000000000000e+00
-4.887499999999995737e-01 1.000000000000000048e-04 2.646030020939880295e-02 1.000000000000000000e+00
-4.879999999999995453e-01 1.000000000000000048e-04 2.660173878398558109e-02 1.000000000000000000e+00
-4.872499999999995168e-01 1.000000000000000048e-04 2.674353909900913789e-02 1.000000000000000000e+00
-4.864999999999994884e-01 1.000000000000000048e-04 2.688570150788485366e-02 1.000000000000000000e+00
-4.857500000000003482e-01 1.000000000000000048e-04 2.702822636307214768e-02 1.000000000000000000e+00
-4.850000000000003197e-01 1.000000000000000048e-04 2.717111401607319107e-02 1.000000000000000000e+00
-4.842500000000002913e-01 1.000000000000000048e-04 2.731436481743009306e-02 1.000000000000000000e+00
-4.835000000000002629e-01 1.000000000000000048e-04 2.745797911672375261e-02 1.000000000000000000e+00
-4.827500000000002345e-01 1.000000000000000048e-04 2.760195726257188426e-02 1.000000000000000000e+00
-4.820000000000002061e-01 1.000000000000000048e-04 2.774629960262708570e-02 1.000000000000000000e+00
-4.812500000000001776e-01 1.000000000000000048e-04 2.789100648357521750e-02 1.000000000000000000e+00
-4.805000000000001492e-01 1.000000000000000048e-04 2.803607825113351923e-02 1.000000000000000000e+00
-4.797500000000001208e-01 1.000000000000000048e-04 2.818151525004896490e-02 1.000000000000000000e+00
-4.790000000000000924e-01 1.000000000000000048e-04 2.832731782409630278e-02 1.000000000000000000e+00
-4.782500000000000639e-01 1.000000000000000048e-04 2.847348631607653571e-02 1.000000000000000000e+00
-4.775000000000000355e-01 1.000000000000000048e-04 2.862002106781533564e-02 1.000000000000000000e+00
-4.767500000000000071e-01 1.000000000000000048e-04 2.876692242016092027e-02 1.000000000000000000e+00
-4.759999999999999787e-01 1.000000000000000048e-04 2.891419071298277285e-02 1.000000000000000000e+00
-4.752499999999999503e-01 1.000000000000000048e-04 2.906182628516977909e-02 1.000000000000000000e+00
-4.744999999999999218e-01 1.000000000000000048e-04 2.920982947462875956e-02 1.000000000000000000e+00
-4.737499999999998934e-01 1.000000000000000048e-04 2.935820061828263092e-02 1.000000000000000000e+00
-4.729999999999998650e-01 1.000000000000000048e-04 2.950694005206900422e-02 1.000000000000000000e+00
-4.722499999999998366e-01 1.000000000000000048e-04 2.965604811093851267e-02 1.000000000000000000e+00
-4.714999999999998082e-01 1.000000000000000048e-04 2.980552512885318098e-02 1.000000000000000000e+00
-4.707499999999997797e-01 1.000000000000000048e-04 2.995537143878493347e-02 1.000000000000000000e+00
-4.699999999999997513e-01 1.000000000000000048e-04 3.010558737271407104e-02 1.000000000000000000e+00
-4.692499999999997229e-01 1.000000000000000048e-04 3.025617326162769946e-02 1.000000000000000000e+00
-4.684999999999996945e-01 1.000000000000000048e-04 3.040712943551833816e-02 1.000000000000000000e+00
-4.677499999999996660e-01 1.000000000000000048e-04 3.055845622338222364e-02 1.000000000000000000e+00
-4.669999999999996376e-01 1.000000000000000048e-04 3.071015395321804661e-02 1.000000000000000000e+00
-4.662499999999996092e-01 1.000000000000000048e-04 3.086222295202538379e-02 1.000000000000000000e+00
-4.654999999999995808e-01 1.000000000000000048e-04 3.101466354580333790e-02 1.000000000000000000e+00
-4.647499999999995524e-01 1.000000000000000048e-04 3.116747605954896250e-02 1.000000000000000000e+00
-4.639999999999995239e-01 1.000000000000000048e-04 3.132066081725615875e-02 1.000000000000000000e+00
-4.632499999999994955e-01 1.000000000000000048e-04 3.147421814191390943e-02 1.000000000000000000e+00
-4.624999999999994671e-01 1.000000000000000048e-04 3.162814835550531445e-02 1.000000000000000000e+00
-4.617500000000003268e-01 1.000000000000000048e-04 3.178245177900568263e-02 1.000000000000000000e+00
-4.610000000000002984e-01 1.000000000000000048e-04 3.193712873238211541e-02 1.000000000000000000e+00
-4.602500000000002700e-01 1.000000000000000048e-04 3.209217953459109207e-02 1.000000000000000000e+00
-4.595000000000002416e-01 1.000000000000000048e-04 3.224760450357809505e-02 1.000000000000000000e+00
-4.587500000000002132e-01 1.000000000000000048e-04 3.240340395627561848e-02 1.000000000000000000e+00
-4.580000000000001847e-01 1.000000000000000048e-04 3.255957820860238411e-02 1.000000000000000000e+00
-4.572500000000001563e-01 1.000000000000000048e-04 3.271612757546191880e-02 1.000000000000000000e+00
-4.565000000000001279e-01 1.000000000000000048e-04 3.287305237074134023e-02 1.000000000000000000e+00
-4.557500000000000995e-01 1.000000000000000048e-04 3.303035290731021895e-02 1.000000000000000000e+00
-4.550000000000000711e-01 1.000000000000000048e-04 3.318802949701912114e-02 1.000000000000000000e+00
-4.542500000000000426e-01 1.000000000000000048e-04 3.334608245069886623e-02 1.000000000000000000e+00
-4.535000000000000142e-01 1.000000000000000048e-04 3.350451207815890314e-02 1.000000000000000000e+00
-4.527499999999999858e-01 1.000000000000000048e-04 3.366331868818653317e-02 1.000000000000000000e+00
-4.519999999999999574e-01 1.000000000000000048e-04 3.382250258854557767e-02 1.000000000000000000e+00
-4.512499999999999289e-01 1.000000000000000048e-04 3.398206408597535810e-02 1.000000000000000000e+00
-4.504999999999999005e-01 1.000000000000000048e-04 3.414200348618949554e-02 1.000000000000000000e+00
-4.497499999999998721e-01 1.000000000000000048e-04 3.430232109387506417e-02 1.000000000000000000e+00
-4.489999999999998437e-01 1.000000000000000048e-04 3.446301721269129370e-02 1.000000000000000000e+00
-4.482499999999998153e-01 1.000000000000000048e-04 3.462409214526864648e-02 1.000000000000000000e+00
-4.474999999999997868e-01 1.000000000000000048e-04 3.478554619320780444e-02 1.000000000000000000e+00
-4.467499999999997584e-01 1.000000000000000048e-04 3.494737965707862132e-02 1.000000000000000000e+00
-4.459999999999997300e-01 1.000000000000000048e-04 3.510959283641913037e-02 1.000000000000000000e+00
-4.452499999999997016e-01 1.000000000000000048e-04 3.527218602973464234e-02 1.000000000000000000e+00
-4.444999999999996732e-01 1.000000000000000048e-04 3.543515953449682954e-02 1.000000000000000000e+00
-4.437499999999996447e-01 1.000000000000000048e-04 3.559851364714259475e-02 1.000000000000000000e+00
-4.429999999999996163e-01 1.000000000000000048e-04 3.576224866307325945e-02 1.000000000000000000e+00
-4.422499999999995879e-01 1.000000000000000048e-04 3.592636487665383516e-02 1.000000000000000000e+00
-4.414999999999995595e-01 1.000000000000000048e-04 3.609086258121191326e-02 1.000000000000000000e+00
-4.407499999999995310e-01 1.000000000000000048e-04 3.625574206903689478e-02 1.000000000000000000e+00
-4.399999999999995026e-01 1.000000000000000048e-04 3.642100363137908831e-02 1.000000000000000000e+00
-4.392499999999994742e-01 1.000000000000000048e-04 3.658664755844907857e-02 1.000000000000000000e+00
-4.385000000000003340e-01 1.000000000000000048e-04 3.675267413941628314e-02 1.000000000000000000e+00
-4.377500000000003055e-01 1.000000000000000048e-04 3.691908366240956307e-02 1.000000000000000000e+00
-4.370000000000002771e-01 1.000000000000000048e-04 3.708587641451466244e-02 1.000000000000000000e+00
-4.362500000000002487e-01 1.000000000000000048e-04 3.725305268177475648e-02 1.000000000000000000e+00
-4.355000000000002203e-01 1.000000000000000048e-04 3.742061274918906388e-02 1.000000000000000000e+00
-4.347500000000001918e-01 1.000000000000000048e-04 3.758855690071242345e-02 1.000000000000000000e+00
-4.340000000000001634e-01 1.000000000000000048e-04 3.775688541925452391e-02 1.000000000000000000e+00
-4.332500000000001350e-01 1.000000000000000048e-04 3.792559858667916839e-02 1.000000000000000000e+00
-4.325000000000001066e-01 1.000000000000000048e-04 3.809469668380353891e-02 1.000000000000000000e+00
-4.317500000000000782e-01 1.000000000000000048e-04 3.826417999039780776e-02 1.000000000000000000e+00
-4.310000000000000497e-01 1.000000000000000048e-04 3.843404878518411755e-02 1.000000000000000000e+00
-4.302500000000000213e-01 1.000000000000000048e-04 3.860430334583640766e-02 1.000000000000000000e+00
-4.294999999999999929e-01 1.000000000000000048e-04 3.877494394897936653e-02 1.000000000000000000e+00
-4.287499999999999645e-01 1.000000000000000048e-04 3.894597087018816101e-02 1.000000000000000000e+00
-4.279999999999999361e-01 1.000000000000000048e-04 3.911738438398778411e-02 1.000000000000000000e+00
-4.272499999999999076e-01 1.000000000000000048e-04 3.928918476385246522e-02 1.000000000000000000e+00
-4.264999999999998792e-01 1.000000000000000048e-04 3.946137228220525373e-02 1.000000000000000000e+00
-4.257499999999998508e-01 1.000000000000000048e-04 3.963394721041732516e-02 1.000000000000000000e+00
-4.249999999999998224e-01 1.000000000000000048e-04 3.980690981880759260e-02 1.000000000000000000e+00
-4.242499999999997939e-01 1.000000000000000048e-04 3.998026037664233201e-02 1.000000000000000000e+00
-4.234999999999997655e-01 1.000000000000000048e-04 4.015399915213450910e-02 1.000000000000000000e+00
-4.227499999999997371e-01 1.000000000000000048e-04 4.032812641244357815e-02 1.000000000000000000e+00
-4.219999999999997087e-01 1.000000000000000048e-04 4.050264242367472567e-02 1.000000000000000000e+00
-4.212499999999996803e-01 1.000000000000000048e-04 4.067754745087891893e-02 1.000000000000000000e+00
-4.204999999999996518e-01 1.000000000000000048e-04 4.085284175805203172e-02 1.000000000000000000e+00
-4.197499999999996234e-01 1.000000000000000048e-04 4.102852560813487204e-02 1.000000000000000000e+00
-4.189999999999995950e-01 1.000000000000000048e-04 4.120459926301257847e-02 1.000000000000000000e+00
-4.182499999999995666e-01 1.000000000000000048e-04 4.138106298351439810e-02 1.000000000000000000e+00
-4.174999999999995381e-01 1.000000000000000048e-04 4.155791702941328408e-02 1.000000000000000000e+00
-4.167499999999995097e-01 1.000000000000000048e-04 4.173516165942579154e-02 1.000000000000000000e+00
-4.159999999999994813e-01 1.000000000000000048e-04 4.191279713121146000e-02 1.000000000000000000e+00
-4.152500000000003411e-01 1.000000000000000048e-04 4.209082370137261914e-02 1.000000000000000000e+00
-4.145000000000003126e-01 1.000000000000000048e-04 4.226924162545493691e-02 1.000000000000000000e+00
-4.137500000000002842e-01 1.000000000000000048e-04 4.244805115794582362e-02 1.000000000000000000e+00
-4.130000000000002558e-01 1.000000000000000048e-04 4.262725255227506338e-02 1.000000000000000000e+00
-4.122500000000002274e-01 1.000000000000000048e-04 4.280684606081449489e-02 1.000000000000000000e+00
-4.115000000000001990e-01 1.000000000000000048e-04 4.298683193487790044e-02 1.000000000000000000e+00
-4.107500000000001705e-01 1.000000000000000048e-04 4.316721042472052017e-02 1.000000000000000000e+00
-4.100000000000001421e-01 1.000000000000000048e-04 4.334798177953935044e-02 1.000000000000000000e+00
-4.092500000000001137e-01 1.000000000000000048e-04 4.352914624747259570e-02 1.000000000000000000e+00
-4.085000000000000853e-01 1.000000000000000048e-04 4.371070407559982801e-02 1.000000000000000000e+00
-4.077500000000000568e-01 1.000000000000000048e-04 4.389265550994193854e-02 1.000000000000000000e+00
-4.070000000000000284e-01 1.000000000000000048e-04 4.407500079546074895e-02 1.000000000000000000e+00
-4.062500000000000000e-01 1.000000000000000048e-04 4.425774017605917793e-02 1.000000000000000000e+00
-4.054999999999999716e-01 1.000000000000000048e-04 4.444087389458126897e-02 1.000000000000000000e+00
-4.047499999999999432e-01 1.000000000000000048e-04 4.462440219281201687e-02 1.000000000000000000e+00
-4.039999999999999147e-01 1.000000000000000048e-04 4.480832531147744408e-02 1.000000000000000000e+00
-4.032499999999998863e-01 1.000000000000000048e-04 4.499264349024444110e-02 1.000000000000000000e+00
-4.024999999999998579e-01 1.000000000000000048e-04 4.517735696772105097e-02 1.000000000000000000e+00
-4.017499999999998295e-01 1.000000000000000048e-04 4.536246598145637215e-02 1.000000000000000000e+00
-4.009999999999998010e-01 1.000000000000000048e-04 4.554797076794064176e-02 1.000000000000000000e+00
-4.002499999999997726e-01 1.000000000000000048e-04 4.573387156260534658e-02 1.000000000000000000e+00
-3.994999999999997442e-01 1.000000000000000048e-04 4.592016859982318150e-02 1.000000000000000000e+00
-3.987499999999997158e-01 1.000000000000000048e-04 4.610686211290831310e-02 1.000000000000000000e+00
-3.979999999999996874e-01 1.000000000000000048e-04 4.629395233411660870e-02 1.000000000000000000e+00
-3.972499999999996589e-01 1.000000000000000048e-04 4.648143949464540042e-02 1.000000000000000000e+00
-3.964999999999996305e-01 1.000000000000000048e-04 4.666932382463405415e-02 1.000000000000000000e+00
-3.957499999999996021e-01 1.000000000000000048e-04 4.685760555316387244e-02 1.000000000000000000e+00
-3.949999999999995737e-01 1.000000000000000048e-04 4.704628490825858017e-02 1.000000000000000000e+00
-3.942499999999995453e-01 1.000000000000000048e-04 4.723536211688419972e-02 1.000000000000000000e+00
-3.934999999999995168e-01 1.000000000000000048e-04 4.742483740494955052e-02 1.000000000000000000e+00
-3.927499999999994884e-01 1.000000000000000048e-04 4.761471099730628376e-02 1.000000000000000000e+00
-3.919999999999994600e-01 1.000000000000000048e-04 4.780498311774938197e-02 1.000000000000000000e+00
-3.912500000000003197e-01 1.000000000000000048e-04 4.799565398901701335e-02 1.000000000000000000e+00
-3.905000000000002913e-01 1.000000000000000048e-04 4.818672383279189175e-02 1.000000000000000000e+00
-3.897500000000002629e-01 1.000000000000000048e-04 4.837819286970012483e-02 1.000000000000000000e+00
-3.890000000000002345e-01 1.000000000000000048e-04 4.857006131931249776e-02 1.000000000000000000e+00
-3.882500000000002061e-01 1.000000000000000048e-04 4.876232940014452871e-02 1.000000000000000000e+00
-3.875000000000001776e-01 1.000000000000000048e-04 4.895499732965692685e-02 1.000000000000000000e+00
-3.867500000000001492e-01 1.000000000000000048e-04 4.914806532425607111e-02 1.000000000000000000e+00
-3.860000000000001208e-01 1.000000000000000048e-04 4.934153359929399629e-02 1.000000000000000000e+00
-3.852500000000000924e-01 1.000000000000000048e-04 4.953540236906948946e-02 1.000000000000000000e+00
-3.845000000000000639e-01 1.000000000000000048e-04 4.972967184682777070e-02 1.000000000000000000e+00
-3.837500000000000355e-01 1.000000000000000048e-04 4.992434224476142296e-02 1.000000000000000000e+00
-3.830000000000000071e-01 1.000000000000000048e-04 5.011941377401080838e-02 1.000000000000000000e+00
-3.822499999999999787e-01 1.000000000000000048e-04 5.031488664466443606e-02 1.000000000000000000e+00
-3.814999999999999503e-01 1.000000000000000048e-04 5.051076106575951713e-02 1.000000000000000000e+00
-3.807499999999999218e-01 1.000000000000000048e-04 5.070703724528234646e-02 1.000000000000000000e+00
-3.799999999999998934e-01 1.000000000000000048e-04 5.090371539016906588e-02 1.000000000000000000e+00
-3.792499999999998650e-01 1.000000000000000048e-04 5.110079570630614992e-02 1.000000000000000000e+00
-3.784999999999998366e-01 1.000000000000000048e-04 5.129827839853083604e-02 1.000000000000000000e+00
-3.777499999999998082e-01 1.000000000000000048e-04 5.149616367063170053e-02 1.000000000000000000e+00
-3.769999999999997797e-01 1.000000000000000048e-04 5.169445172534962302e-02 1.000000000000000000e+00
-3.762499999999997513e-01 1.000000000000000048e-04 5.189314276437781426e-02 1.000000000000000000e+00
-3.754999999999997229e-01 1.000000000000000048e-04 5.209223698836293326e-02 1.000000000000000000e+00
-3.747499999999996945e-01 1.000000000000000048e-04 5.229173459690546200e-02 1.000000000000000000e+00
-3.739999999999996660e-01 1.000000000000000048e-04 5.249163578856062135e-02 1.000000000000000000e+00
-3.732499999999996376e-01 1.000000000000000048e-04 5.269194076083863476e-02 1.000000000000000000e+00
-3.724999999999996092e-01 1.000000000000000048e-04 5.289264971020585238e-02 1.000000000000000000e+00
-3.717499999999995808e-01 1.000000000000000048e-04 5.309376283208513958e-02 1.000000000000000000e+00
-3.709999999999995524e-01 1.000000000000000048e-04 5.329528032085696643e-02 1.000000000000000000e+00
-3.702499999999995239e-01 1.000000000000000048e-04 5.349720236985969907e-02 1.000000000000000000e+00
-3.694999999999994955e-01 1.000000000000000048e-04 5.369952917139067528e-02 1.000000000000000000e+00
-3.687499999999994671e-01 1.000000000000000048e-04 5.390226091670684283e-02 1.000000000000000000e+00
-3.680000000000003268e-01 1.000000000000000048e-04 5.410539779602546728e-02 1.000000000000000000e+00
-3.672500000000002984e-01 1.000000000000000048e-04 5.430893999852570014e-02 1.000000000000000000e+00
-3.665000000000002700e-01 1.000000000000000048e-04 5.451288771234791969e-02 1.000000000000000000e+00
-3.657500000000002416e-01 1.000000000000000048e-04 5.471724112459584732e-02 1.000000000000000000e+00
-3.650000000000002132e-01 1.000000000000000048e-04 5.492200042133681126e-02 1.000000000000000000e+00
-3.642500000000001847e-01 1.000000000000000048e-04 5.512716578760291919e-02 1.000000000000000000e+00
-3.635000000000001563e-01 1.000000000000000048e-04 5.533273740739155094e-02 1.000000000000000000e+00
-3.627500000000001279e-01 1.000000000000000048e-04 5.553871546366675321e-02 1.000000000000000000e+00
-3.620000000000000995e-01 1.000000000000000048e-04 5.574510013835966282e-02 1.000000000000000000e+00
-3.612500000000000711e-01 1.000000000000000048e-04 5.595189161236980430e-02 1.000000000000000000e+00
-3.605000000000000426e-01 1.000000000000000048e-04 5.615909006556580457e-02 1.000000000000000000e+00
-3.597500000000000142e-01 1.000000000000000048e-04 5.636669567678648241e-02 1.000000000000000000e+00
-3.589999999999999858e-01 1.000000000000000048e-04 5.657470862384179205e-02 1.000000000000000000e+00
-3.582499999999999574e-01 1.000000000000000048e-04 5.678312908351384330e-02 1.000000000000000000e+00
-3.574999999999999289e-01 1.000000000000000048e-04 5.699195723155765086e-02 1.000000000000000000e+00
-3.567499999999999005e-01 1.000000000000000048e-04 5.720119324270266092e-02 1.000000000000000000e+00
-3.559999999999998721e-01 1.000000000000000048e-04 5.741083729065326463e-02 1.000000000000000000e+00
-3.552499999999998437e-01 1.000000000000000048e-04 5.762088954809029689e-02 1.000000000000000000e+00
-3.544999999999998153e-01 1.000000000000000048e-04 5.783135018667171640e-02 1.000000000000000000e+00
-3.537499999999997868e-01 1.000000000000000048e-04 5.804221937703388928e-02 1.000000000000000000e+00
-3.529999999999997584e-01 1.000000000000000048e-04 5.825349728879267164e-02 1.000000000000000000e+00
-3.522499999999997300e-01 1.000000000000000048e-04 5.846518409054453358e-02 1.000000000000000000e+00
-3.514999999999997016e-01 1.000000000000000048e-04 5.867727994986760703e-02 1.000000000000000000e+00
-3.507499999999996732e-01 1.000000000000000048e-04 5.888978503332296943e-02 1.000000000000000000e+00
-3.499999999999996447e-01 1.000000000000000048e-04 5.910269950645543474e-02 1.000000000000000000e+00
-3.492499999999996163e-01 1.000000000000000048e-04 5.931602353379524656e-02 1.000000000000000000e+00
-3.484999999999995879e-01 1.000000000000000048e-04 5.952975727885906343e-02 1.000000000000000000e+00
-3.477499999999995595e-01 1.000000000000000048e-04 5.974390090415074989e-02 1.000000000000000000e+00
-3.469999999999995310e-01 1.000000000000000048e-04 5.995845457116330546e-02 1.000000000000000000e+00
-3.462499999999995026e-01 1.000000000000000048e-04 6.017341844037962101e-02 1.000000000000000000e+00
-3.454999999999994742e-01 1.000000000000000048e-04 6.038879267127356815e-02 1.000000000000000000e+00
-3.447500000000003340e-01 1.000000000000000048e-04 6.060457742231165762e-02 1.000000000000000000e+00
-3.440000000000003055e-01 1.000000000000000048e-04 6.082077285095471852e-02 1.000000000000000000e+00
-3.432500000000002771e-01 1.000000000000000048e-04 6.103737911365780811e-02 1.000000000000000000e+00
-3.425000000000002487e-01 1.000000000000000048e-04 6.125439636587282771e-02 1.000000000000000000e+00
-3.417500000000002203e-01 1.000000000000000048e-04 6.147182476204911261e-02 1.000000000000000000e+00
-3.410000000000001918e-01 1.000000000000000048e-04 6.168966445563502793e-02 1.000000000000000000e+00
-3.402500000000001634e-01 1.000000000000000048e-04 6.190791559907948827e-02 1.000000000000000000e+00
-3.395000000000001350e-01 1.000000000000000048e-04 6.212657834383276262e-02 1.000000000000000000e+00
-3.387500000000001066e-01 1.000000000000000048e-04 6.234565284034847971e-02 1.000000000000000000e+00
-3.380000000000000782e-01 1.000000000000000048e-04 6.256513923808450228e-02 1.000000000000000000e+00
-3.372500000000000497e-01 1.000000000000000048e-04 6.278503768550469655e-02 1.000000000000000000e+00
-3.365000000000000213e-01 1.000000000000000048e-04 6.300534833008006319e-02 1.000000000000000000e+00
-3.357499999999999929e-01 1.000000000000000048e-04 6.322607131829040272e-02 1.000000000000000000e+00
-3.349999999999999645e-01 1.000000000000000048e-04 6.344720679562550203e-02 1.000000000000000000e+00
-3.342499999999999361e-01 1.000000000000000048e-04 6.366875490658684134e-02 1.000000000000000000e+00
-3.334999999999999076e-01 1.000000000000000048e-04 6.389071579468887097e-02 1.000000000000000000e+00
-3.327499999999998792e-01 1.000000000000000048e-04 6.411308960246056565e-02 1.000000000000000000e+00
-3.319999999999998508e-01 1.000000000000000048e-04 6.433587647144688171e-02 1.000000000000000000e+00
-3.312499999999998224e-01 1.000000000000000048e-04 6.455907654221042236e-02 1.000000000000000000e+00
-3.304999999999997939e-01 1.000000000000000048e-04 6.478268995433265898e-02 1.000000000000000000e+00
-3.297499999999997655e-01 1.000000000000000048e-04 6.500671684641577686e-02 1.000000000000000000e+00
-3.289999999999997371e-01 1.000000000000000048e-04 6.523115735608396581e-02 1.000000000000000000e+00
-3.282499999999997087e-01 1.000000000000000048e-04 6.545601161998521045e-02 1.000000000000000000e+00
-3.274999999999996803e-01 1.000000000000000048e-04 6.568127977379260851e-02 1.000000000000000000e+00
-3.267499999999996518e-01 1.000000000000000048e-04 6.590696195220623055e-02 1.000000000000000000e+00
-3.259999999999996234e-01 1.000000000000000048e-04 6.613305828895450766e-02 1.000000000000000000e+00
-3.252499999999995950e-01 1.000000000000000048e-04 6.635956891679592462e-02 1.000000000000000000e+00
-3.244999999999995666e-01 1.000000000000000048e-04 6.658649396752068517e-02 1.000000000000000000e+00
-3.237499999999995381e-01 1.000000000000000048e-04 6.681383357195223860e-02 1.000000000000000000e+00
-3.229999999999995097e-01 1.000000000000000048e-04 6.704158785994898673e-02 1.000000000000000000e+00
-3.222499999999994813e-01 1.000000000000000048e-04 6.726975696040603248e-02 1.000000000000000000e+00
-3.215000000000003411e-01 1.000000000000000048e-04 6.749834100125652603e-02 1.000000000000000000e+00
-3.207500000000003126e-01 1.000000000000000048e-04 6.772734010947423222e-02 1.000000000000000000e+00
-3.200000000000002842e-01 1.000000000000000048e-04 6.795675441107404402e-02 1.000000000000000000e+00
-3.192500000000002558e-01 1.000000000000000048e-04 6.818658403111438338e-02 1.000000000000000000e+00
-3.185000000000002274e-01 1.000000000000000048e-04 6.841682909369876942e-02 1.000000000000000000e+00
-3.177500000000001990e-01 1.000000000000000048e-04 6.864748972197767807e-02 1.000000000000000000e+00
-3.170000000000001705e-01 1.000000000000000048e-04 6.887856603815019352e-02 1.000000000000000000e+00
-3.162500000000001421e-01 1.000000000000000048e-04 6.911005816346567354e-02 1.000000000000000000e+00
-3.155000000000001137e-01 1.000000000000000048e-04 6.934196621822587281e-02 1.000000000000000000e+00
-3.147500000000000853e-01 1.000000000000000048e-04 6.957429032178626127e-02 1.000000000000000000e+00
-3.140000000000000568e-01 1.000000000000000048e-04 6.980703059255800869e-02 1.000000000000000000e+00
-3.132500000000000284e-01 1.000000000000000048e-04 7.004018714801010792e-02 1.000000000000000000e+00
-3.125000000000000000e-01 1.000000000000000048e-04 7.027376010467069334e-02 1.000000000000000000e+00
-3.117499999999999716e-01 1.000000000000000048e-04 7.050774957812924737e-02 1.000000000000000000e+00
-3.109999999999999432e-01 1.000000000000000048e-04 7.074215568303818258e-02 1.000000000000000000e+00
-3.102499999999999147e-01 1.000000000000000048e-04 7.097697853311493721e-02 1.000000000000000000e+00
-3.094999999999998863e-01 1.000000000000000048e-04 7.121221824114375154e-02 1.000000000000000000e+00
-3.087499999999998579e-01 1.000000000000000048e-04 7.144787491897738874e-02 1.000000000000000000e+00
-3.079999999999998295e-01 1.000000000000000048e-04 7.168394867753934141e-02 1.000000000000000000e+00
-3.072499999999998010e-01 1.000000000000000048e-04 7.192043962682546920e-02 1.000000000000000000e+00
-3.064999999999997726e-01 1.000000000000000048e-04 7.215734787590605270e-02 1.000000000000000000e+00
-3.057499999999997442e-01 1.000000000000000048e-04 7.239467353292766694e-02 1.000000000000000000e+00
-3.049999999999997158e-01 1.000000000000000048e-04 7.263241670511512427e-02 1.000000000000000000e+00
-3.042499999999996874e-01 1.000000000000000048e-04 7.287057749877354218e-02 1.000000000000000000e+00
-3.034999999999996589e-01 1.000000000000000048e-04 7.310915601929006413e-02 1.000000000000000000e+00
-3.027499999999996305e-01 1.000000000000000048e-04 7.334815237113598285e-02 1.000000000000000000e+00
-3.019999999999996021e-01 1.000000000000000048e-04 7.358756665786887752e-02 1.000000000000000000e+00
-3.012499999999995737e-01 1.000000000000000048e-04 7.382739898213411256e-02 1.000000000000000000e+00
-3.004999999999995453e-01 1.000000000000000048e-04 7.406764944566750219e-02 1.000000000000000000e+00
-2.997499999999995168e-01 1.000000000000000048e-04 7.430831814929685086e-02 1.000000000000000000e+00
-2.989999999999994884e-01 1.000000000000000048e-04 7.454940519294413204e-02 1.000000000000000000e+00
-2.982499999999994600e-01 1.000000000000000048e-04 7.479091067562744499e-02 1.000000000000000000e+00
-2.975000000000003197e-01 1.000000000000000048e-04 7.503283469546309647e-02 1.000000000000000000e+00
-2.967500000000002913e-01 1.000000000000000048e-04 7.527517734966823748e-02 1.000000000000000000e+00
-2.960000000000002629e-01 1.000000000000000048e-04 7.551793873456173756e-02 1.000000000000000000e+00
-2.952500000000002345e-01 1.000000000000000048e-04 7.576111894556718240e-02 1.000000000000000000e+00
-2.945000000000002061e-01 1.000000000000000048e-04 7.600471807721460860e-02 1.000000000000000000e+00
-2.937500000000001776e-01 1.000000000000000048e-04 7.624873622314291832e-02 1.000000000000000000e+00
-2.930000000000001492e-01 1.000000000000000048e-04 7.649317347610144757e-02 1.000000000000000000e+00
-2.922500000000001208e-01 1.000000000000000048e-04 7.673802992795270006e-02 1.000000000000000000e+00
-2.915000000000000924e-01 1.000000000000000048e-04 7.698330566967405419e-02 1.000000000000000000e+00
-2.907500000000000639e-01 1.000000000000000048e-04 7.722900079136003904e-02 1.000000000000000000e+00
-2.900000000000000355e-01 1.000000000000000048e-04 7.747511538222461025e-02 1.000000000000000000e+00
-2.892500000000000071e-01 1.000000000000000048e-04 7.772164953060300974e-02 1.000000000000000000e+00
-2.884999999999999787e-01 1.000000000000000048e-04 7.796860332395420812e-02 1.000000000000000000e+00
-2.877499999999999503e-01 1.000000000000000048e-04 7.821597684886291701e-02 1.000000000000000000e+00
-2.869999999999999218e-01 1.000000000000000048e-04 7.846377019104212869e-02 1.000000000000000000e+00
-2.862499999999998934e-01 1.000000000000000048e-04 7.871198343533451769e-02 1.000000000000000000e+00
-2.854999999999998650e-01 1.000000000000000048e-04 7.896061666571579929e-02 1.000000000000000000e+00
-2.847499999999998366e-01 1.000000000000000048e-04 7.920966996529578419e-02 1.000000000000000000e+00
-2.839999999999998082e-01 1.000000000000000048e-04 7.945914341632151490e-02 1.000000000000000000e+00
-2.832499999999997797e-01 1.000000000000000048e-04 7.970903710017902821e-02 1.000000000000000000e+00
-2.824999999999997513e-01 1.000000000000000048e-04 7.995935109739547852e-02 1.000000000000000000e+00
-2.817499999999997229e-01 1.000000000000000048e-04 8.021008548764201052e-02 1.000000000000000000e+00
-2.809999999999996945e-01 1.000000000000000048e-04 8.046124034973541062e-02 1.000000000000000000e+00
-2.802499999999996660e-01 1.000000000000000048e-04 8.071281576164060501e-02 1.000000000000000000e+00
-2.794999999999996376e-01 1.000000000000000048e-04 8.096481180047315762e-02 1.000000000000000000e+00
-2.787499999999996092e-01 1.000000000000000048e-04 8.121722854250107426e-02 1.000000000000000000e+00
-2.779999999999995808e-01 1.000000000000000048e-04 8.147006606314753652e-02 1.000000000000000000e+00
-2.772499999999995524e-01 1.000000000000000048e-04 8.172332443699301119e-02 1.000000000000000000e+00
-2.764999999999995239e-01 1.000000000000000048e-04 8.197700373777776217e-02 1.000000000000000000e+00
-2.757499999999994955e-01 1.000000000000000048e-04 8.223110403840386273e-02 1.000000000000000000e+00
-2.749999999999994671e-01 1.000000000000000048e-04 8.248562541093781841e-02 1.000000000000000000e+00
-2.742500000000003268e-01 1.000000000000000048e-04 8.274056792661232951e-02 1.000000000000000000e+00
-2.735000000000002984e-01 1.000000000000000048e-04 8.299593165583016297e-02 1.000000000000000000e+00
-2.727500000000002700e-01 1.000000000000000048e-04 8.325171666816472138e-02 1.000000000000000000e+00
-2.720000000000002416e-01 1.000000000000000048e-04 8.350792303236309611e-02 1.000000000000000000e+00
-2.712500000000002132e-01 1.000000000000000048e-04 8.376455081634874567e-02 1.000000000000000000e+00
-2.705000000000001847e-01 1.000000000000000048e-04 8.402160008722360518e-02 1.000000000000000000e+00
-2.697500000000001563e-01 1.000000000000000048e-04 8.427907091127045947e-02 1.000000000000000000e+00
-2.690000000000001279e-01 1.000000000000000048e-04 8.453696335395545491e-02 1.000000000000000000e+00
-2.682500000000000995e-01 1.000000000000000048e-04 8.479527747993050035e-02 1.000000000000000000e+00
-2.675000000000000711e-01 1.000000000000000048e-04 8.505401335303558463e-02 1.000000000000000000e+00
-2.667500000000000426e-01 1.000000000000000048e-04 8.531317103630137177e-02 1.000000000000000000e+00
-2.660000000000000142e-01 1.000000000000000048e-04 8.557275059195128264e-02 1.000000000000000000e+00
-2.652499999999999858e-01 1.000000000000000048e-04 8.583275208140456192e-02 1.000000000000000000e+00
-2.644999999999999574e-01 1.000000000000000048e-04 8.609317556527794346e-02 1.000000000000000000e+00
-2.637499999999999289e-01 1.000000000000000048e-04 8.635402110338881443e-02 1.000000000000000000e+00
-2.629999999999999005e-01 1.000000000000000048e-04 8.661528875475738021e-02 1.000000000000000000e+00
-2.622499999999998721e-01 1.000000000000000048e-04 8.687697857760892650e-02 1.000000000000000000e+00
-2.614999999999998437e-01 1.000000000000000048e-04 8.713909062937658101e-02 1.000000000000000000e+00
-2.607499999999998153e-01 1.000000000000000048e-04 8.740162496670393633e-02 1.000000000000000000e+00
-2.599999999999997868e-01 1.000000000000000048e-04 8.766458164544704834e-02 1.000000000000000000e+00
-2.592499999999997584e-01 1.000000000000000048e-04 8.792796072067743385e-02 1.000000000000000000e+00
-2.584999999999997300e-01 1.000000000000000048e-04 8.819176224668427710e-02 1.000000000000000000e+00
-2.577499999999997016e-01 1.000000000000000048e-04 8.845598627697705274e-02 1.000000000000000000e+00
-2.569999999999996732e-01 1.000000000000000048e-04 8.872063286428809314e-02 1.000000000000000000e+00
-2.562499999999996447e-01 1.000000000000000048e-04 8.898570206057487830e-02 1.000000000000000000e+00
-2.554999999999996163e-01 1.000000000000000048e-04 8.925119391702303340e-02 1.000000000000000000e+00
-2.547499999999995879e-01 1.000000000000000048e-04 8.951710848404843823e-02 1.000000000000000000e+00
-2.539999999999995595e-01 1.000000000000000048e-04 8.978344581129985014e-02 1.000000000000000000e+00
-2.532499999999995310e-01 1.000000000000000048e-04 9.005020594766173503e-02 1.000000000000000000e+00
-2.524999999999995026e-01 1.000000000000000048e-04 9.031738894125641848e-02 1.000000000000000000e+00
-2.517499999999994742e-01 1.000000000000000048e-04 9.058499483944711106e-02 1.000000000000000000e+00
-2.510000000000003340e-01 1.000000000000000048e-04 9.085302368883968471e-02 1.000000000000000000e+00
-2.502500000000003055e-01 1.000000000000000048e-04 9.112147553528694710e-02 1.000000000000000000e+00
-2.495000000000002771e-01 1.000000000000000048e-04 9.139035042388915508e-02 1.000000000000000000e+00
-2.487500000000002487e-01 1.000000000000000048e-04 9.165964839899752581e-02 1.000000000000000000e+00
-2.480000000000002203e-01 1.000000000000000048e-04 9.192936950421747022e-02 1.000000000000000000e+00
-2.472500000000001918e-01 1.000000000000000048e-04 9.219951378240995310e-02 1.000000000000000000e+00
-2.465000000000001634e-01 1.000000000000000048e-04 9.247008127569522618e-02 1.000000000000000000e+00
-2.457500000000001350e-01 1.000000000000000048e-04 9.274107202545463224e-02 1.000000000000000000e+00
-2.450000000000001066e-01 1.000000000000000048e-04 9.301248607233375543e-02 1.000000000000000000e+00
-2.442500000000000782e-01 1.000000000000000048e-04 9.328432345624487754e-02 1.000000000000000000e+00
-2.435000000000000497e-01 1.000000000000000048e-04 9.355658421636940669e-02 1.000000000000000000e+00
-2.427500000000000213e-01 1.000000000000000048e-04 9.382926839116072226e-02 1.000000000000000000e+00
-2.419999999999999929e-01 1.000000000000000048e-04 9.410237601834708920e-02 1.000000000000000000e+00
-2.412499999999999645e-01 1.000000000000000048e-04 9.437590713493348993e-02 1.000000000000000000e+00
-2.404999999999999361e-01 1.000000000000000048e-04 9.464986177720544069e-02 1.000000000000000000e+00
-2.397499999999999076e-01 1.000000000000000048e-04 9.492423998073055980e-02 1.000000000000000000e+00
-2.389999999999998792e-01 1.000000000000000048e-04 9.519904178036182885e-02 1.000000000000000000e+00
-2.382499999999998508e-01 1.000000000000000048e-04 9.547426721024016016e-02 1.000000000000000000e+00
-2.374999999999998224e-01 1.000000000000000048e-04 9.574991630379711682e-02 1.000000000000000000e+00
-2.367499999999997939e-01 1.000000000000000048e-04 9.602598909375741065e-02 1.000000000000000000e+00
-2.359999999999997655e-01 1.000000000000000048e-04 9.630248561214169167e-02 1.000000000000000000e+00
-2.352499999999997371e-01 1.000000000000000048e-04 9.657940589026936529e-02 1.000000000000000000e+00
-2.344999999999997087e-01 1.000000000000000048e-04 9.685674995876120130e-02 1.000000000000000000e+00
-2.337499999999996803e-01 1.000000000000000048e-04 9.713451784754184581e-02 1.000000000000000000e+00
-2.329999999999996518e-01 1.000000000000000048e-04 9.741270958584290207e-02 1.000000000000000000e+00
-2.322499999999996234e-01 1.000000000000000048e-04 9.769132520220531746e-02 1.000000000000000000e+00
-2.314999999999995950e-01 1.000000000000000048e-04 9.797036472448225619e-02 1.000000000000000000e+00
-2.307499999999995666e-01 1.000000000000000048e-04 9.824982817984166672e-02 1.000000000000000000e+00
-2.299999999999995381e-01 1.000000000000000048e-04 9.852971559476944585e-02 1.000000000000000000e+00
-2.292499999999995097e-01 1.000000000000000048e-04 9.881002699507154818e-02 1.000000000000000000e+00
-2.284999999999994813e-01 1.000000000000000048e-04 9.909076240587703921e-02 1.000000000000000000e+00
-2.277500000000003411e-01 1.000000000000000048e-04 9.937192185164067659e-02 1.000000000000000000e+00
-2.270000000000003126e-01 1.000000000000000048e-04 9.965350535614654615e-02 1.000000000000000000e+00
-2.262500000000002842e-01 1.000000000000000048e-04 9.993551294250929695e-02 1.000000000000000000e+00
-2.255000000000002558e-01 1.000000000000000048e-04 1.002179446331777357e-01 1.000000000000000000e+00
-2.247500000000002274e-01 1.000000000000000048e-04 1.005008004499377272e-01 1.000000000000000000e+00
-2.240000000000001990e-01 1.000000000000000048e-04 1.007840804139145119e-01 1.000000000000000000e+00
-2.232500000000001705e-01 1.000000000000000048e-04 1.010677845455757867e-01 1.000000000000000000e+00
-2.225000000000001421e-01 1.000000000000000048e-04 1.013519128647343837e-01 1.000000000000000000e+00
-2.217500000000001137e-01 1.000000000000000048e-04 1.016364653905507953e-01 1.000000000000000000e+00
-2.210000000000000853e-01 1.000000000000000048e-04 1.019214421415365057e-01 1.000000000000000000e+00
-2.202500000000000568e-01 1.000000000000000048e-04 1.022068431355561136e-01 1.000000000000000000e+00
-2.195000000000000284e-01 1.000000000000000048e-04 1.024926683898305657e-01 1.000000000000000000e+00
-2.187500000000000000e-01 1.000000000000000048e-04 1.027789179209398357e-01 1.000000000000000000e+00
-2.179999999999999716e-01 1.000000000000000048e-04 1.030655917448255049e-01 1.000000000000000000e+00
-2.172499999999999432e-01 1.000000000000000048e-04 1.033526898767938990e-01 1.000000000000000000e+00
-2.164999999999999147e-01 1.000000000000000048e-04 1.036402123315185719e-01 1.000000000000000000e+00
-2.157499999999998863e-01 1.000000000000000048e-04 1.039281591230432622e-01 1.000000000000000000e+00
-2.149999999999998579e-01 1.000000000000000048e-04 1.042165302647847097e-01 1.000000000000000000e+00
-2.142499999999998295e-01 1.000000000000000048e-04 1.045053257695353899e-01 1.000000000000000000e+00
-2.134999999999998010e-01 1.000000000000000048e-04 1.047945456494661781e-01 1.000000000000000000e+00
-2.127499999999997726e-01 1.000000000000000048e-04 1.050841899161296250e-01 1.000000000000000000e+00
-2.119999999999997442e-01 1.000000000000000048e-04 1.053742585804620518e-01 1.000000000000000000e+00
-2.112499999999997158e-01 1.000000000000000048e-04 1.056647516527870756e-01 1.000000000000000000e+00
-2.104999999999996874e-01 1.000000000000000048e-04 1.059556691428181069e-01 1.000000000000000000e+00
-2.097499999999996589e-01 1.000000000000000048e-04 1.062470110596609313e-01 1.000000000000000000e+00
-2.089999999999996305e-01 1.000000000000000048e-04 1.065387774118170955e-01 1.000000000000000000e+00
-2.082499999999996021e-01 1.000000000000000048e-04 1.068309682071860306e-01 1.000000000000000000e+00
-2.074999999999995737e-01 1.000000000000000048e-04 1.071235834530686881e-01 1.000000000000000000e+00
-2.067499999999995453e-01 1.000000000000000048e-04 1.074166231561695661e-01 1.000000000000000000e+00
-2.059999999999995168e-01 1.000000000000000048e-04 1.077100873226000538e-01 1.000000000000000000e+00
-2.052499999999994884e-01 1.000000000000000048e-04 1.080039759578812486e-01 1.000000000000000000e+00
-2.044999999999994600e-01 1.000000000000000048e-04 1.082982890669463572e-01 1.000000000000000000e+00
-2.037500000000003197e-01 1.000000000000000048e-04 1.085930266541437761e-01 1.000000000000000000e+00
-2.030000000000002913e-01 1.000000000000000048e-04 1.088881887232408530e-01 1.000000000000000000e+00
-2.022500000000002629e-01 1.000000000000000048e-04 1.091837752774248993e-01 1.000000000000000000e+00
-2.015000000000002345e-01 1.000000000000000048e-04 1.094797863193073401e-01 1.000000000000000000e+00
-2.007500000000002061e-01 1.000000000000000048e-04 1.097762218509261145e-01 1.000000000000000000e+00
-2.000000000000001776e-01 1.000000000000000048e-04 1.100730818737488403e-01 1.000000000000000000e+00
-1.992500000000001492e-01 1.000000000000000048e-04 1.103703663886750896e-01 1.000000000000000000e+00
-1.985000000000001208e-01 1.000000000000000048e-04 1.106680753960398861e-01 1.000000000000000000e+00
-1.977500000000000924e-01 1.000000000000000048e-04 1.109662088956161335e-01 1.000000000000000000e+00
-1.970000000000000639e-01 1.000000000000000048e-04 1.112647668866177109e-01 1.000000000000000000e+00
-1.962500000000000355e-01 1.000000000000000048e-04 1.115637493677019698e-01 1.000000000000000000e+00
-1.955000000000000071e-01 1.000000000000000048e-04 1.118631563369729826e-01 1.000000000000000000e+00
-1.947499999999999787e-01 1.000000000000000048e-04 1.121629877919842200e-01 1.000000000000000000e+00
-1.939999999999999503e-01 1.000000000000000048e-04 1.124632437297414800e-01 1.000000000000000000e+00
-1.932499999999999218e-01 1.000000000000000048e-04 1.127639241467054687e-01 1.000000000000000000e+00
-1.924999999999998934e-01 1.000000000000000048e-04 1.130650290387951867e-01 1.000000000000000000e+00
-1.917499999999998650e-01 1.000000000000000048e-04 1.133665584013903022e-01 1.000000000000000000e+00
-1.909999999999998366e-01 1.000000000000000048e-04 1.136685122293340788e-01 1.000000000000000000e+00
-1.902499999999998082e-01 1.000000000000000048e-04 1.139708905169367487e-01 1.000000000000000000e+00
-1.894999999999997797e-01 1.000000000000000048e-04 1.142736932579774822e-01 1.000000000000000000e+00
-1.887499999999997513e-01 1.000000000000000048e-04 1.145769204457081636e-01 1.000000000000000000e+00
-1.879999999999997229e-01 1.000000000000000048e-04 1.148805720728555274e-01 1.000000000000000000e+00
-1.872499999999996945e-01 1.000000000000000048e-04 1.151846481316245174e-01 1.000000000000000000e+00
-1.864999999999996660e-01 1.000000000000000048e-04 1.154891486137008816e-01 1.000000000000000000e+00
-1.857499999999996376e-01 1.000000000000000048e-04 1.157940735102541141e-01 1.000000000000000000e+00
-1.849999999999996092e-01 1.000000000000000048e-04 1.160994228119406058e-01 1.000000000000000000e+00
-1.842499999999995808e-01 1.000000000000000048e-04 1.164051965089056978e-01 1.000000000000000000e+00
-1.834999999999995524e-01 1.000000000000000048e-04 1.167113945907875538e-01 1.000000000000000000e+00
-1.827499999999995239e-01 1.000000000000000048e-04 1.170180170467193387e-01 1.000000000000000000e+00
-1.819999999999994955e-01 1.000000000000000048e-04 1.173250638653323547e-01 1.000000000000000000e+00
-1.812499999999994671e-01 1.000000000000000048e-04 1.176325350347588727e-01 1.000000000000000000e+00
-1.805000000000003268e-01 1.000000000000000048e-04 1.179404305426345750e-01 1.000000000000000000e+00
-1.797500000000002984e-01 1.000000000000000048e-04 1.182487503761030373e-01 1.000000000000000000e+00
-1.790000000000002700e-01 1.000000000000000048e-04 1.185574945218160758e-01 1.000000000000000000e+00
-1.782500000000002416e-01 1.000000000000000048e-04 1.188666629659384938e-01 1.000000000000000000e+00
-1.775000000000002132e-01 1.000000000000000048e-04 1.191762556941504680e-01 1.000000000000000000e+00
-1.767500000000001847e-01 1.000000000000000048e-04 1.194862726916499363e-01 1.000000000000000000e+00
-1.760000000000001563e-01 1.000000000000000048e-04 1.197967139431563161e-01 1.000000000000000000e+00
-1.752500000000001279e-01 1.000000000000000048e-04 1.201075794329126561e-01 1.000000000000000000e+00
-1.745000000000000995e-01 1.000000000000000048e-04 1.204188691446887172e-01 1.000000000000000000e+00
-1.737500000000000711e-01 1.000000000000000048e-04 1.207305830617840942e-01 1.000000000000000000e+00
-1.730000000000000426e-01 1.000000000000000048e-04 1.210427211670306868e-01 1.000000000000000000e+00
-1.722500000000000142e-01 1.000000000000000048e-04 1.213552834427957944e-01 1.000000000000000000e+00
-1.714999999999999858e-01 1.000000000000000048e-04 1.216682698709849603e-01 1.000000000000000000e+00
-1.707499999999999574e-01 1.000000000000000048e-04 1.219816804330447341e-01 1.000000000000000000e+00
-1.699999999999999289e-01 1.000000000000000048e-04 1.222955151099657245e-01 1.000000000000000000e+00
-1.692499999999999005e-01 1.000000000000000048e-04 1.226097738822851252e-01 1.000000000000000000e+00
-1.684999999999998721e-01 1.000000000000000048e-04 1.229244567300900592e-01 1.000000000000000000e+00
-1.677499999999998437e-01 1.000000000000000048e-04 1.232395636330197858e-01 1.000000000000000000e+00
-1.669999999999998153e-01 1.000000000000000048e-04 1.235550945702694192e-01 1.000000000000000000e+00
-1.662499999999997868e-01 1.000000000000000048e-04 1.238710495205918721e-01 1.000000000000000000e+00
-1.654999999999997584e-01 1.000000000000000048e-04 1.241874284623013941e-01 1.000000000000000000e+00
-1.647499999999997300e-01 1.000000000000000048e-04 1.245042313732761807e-01 1.000000000000000000e+00
-1.639999999999997016e-01 1.000000000000000048e-04 1.248214582309610243e-01 1.000000000000000000e+00
-1.632499999999996732e-01 1.000000000000000048e-04 1.251391090123704641e-01 1.000000000000000000e+00
-1.624999999999996447e-01 1.000000000000000048e-04 1.254571836940916452e-01 1.000000000000000000e+00
-1.617499999999996163e-01 1.000000000000000048e-04 1.257756822522869689e-01 1.000000000000000000e+00
-1.609999999999995879e-01 1.000000000000000048e-04 1.260946046626968964e-01 1.000000000000000000e+00
-1.602499999999995595e-01 1.000000000000000048e-04 1.264139509006431128e-01 1.000000000000000000e+00
-1.594999999999995310e-01 1.000000000000000048e-04 1.267337209410313026e-01 1.000000000000000000e+00
-1.587499999999995026e-01 1.000000000000000048e-04 1.270539147583535367e-01 1.000000000000000000e+00
-1.579999999999994742e-01 1.000000000000000048e-04 1.273745323266916585e-01 1.000000000000000000e+00
-1.572500000000003340e-01 1.000000000000000048e-04 1.276955736197196711e-01 1.000000000000000000e+00
-1.565000000000003055e-01 1.000000000000000048e-04 1.280170386107075675e-01 1.000000000000000000e+00
-1.557500000000002771e-01 1.000000000000000048e-04 1.283389272725226904e-01 1.000000000000000000e+00
-1.550000000000002487e-01 1.000000000000000048e-04 1.286612395776334516e-01 1.000000000000000000e+00
-1.542500000000002203e-01 1.000000000000000048e-04 1.289839754981121633e-01 1.000000000000000000e+00
-1.535000000000001918e-01 1.000000000000000048e-04 1.293071350056375912e-01 1.000000000000000000e+00
-1.527500000000001634e-01 1.000000000000000048e-04 1.296307180714978968e-01 1.000000000000000000e+00
-1.520000000000001350e-01 1.000000000000000048e-04 1.299547246665936073e-01 1.000000000000000000e+00
-1.512500000000001066e-01 1.000000000000000048e-04 1.302791547614402801e-01 1.000000000000000000e+00
-1.505000000000000782e-01 1.000000000000000048e-04 1.306040083261712503e-01 1.000000000000000000e+00
-1.497500000000000497e-01 1.000000000000000048e-04 1.309292853305406290e-01 1.000000000000000000e+00
-1.490000000000000213e-01 1.000000000000000048e-04 1.312549857439260781e-01 1.000000000000000000e+00
-1.482499999999999929e-01 1.000000000000000048e-04 1.315811095353314752e-01 1.000000000000000000e+00
-1.474999999999999645e-01 1.000000000000000048e-04 1.319076566733899947e-01 1.000000000000000000e+00
-1.467499999999999361e-01 1.000000000000000048e-04 1.322346271263666051e-01 1.000000000000000000e+00
-1.459999999999999076e-01 1.000000000000000048e-04 1.325620208621612339e-01 1.000000000000000000e+00
-1.452499999999998792e-01 1.000000000000000048e-04 1.328898378483111820e-01 1.000000000000000000e+00
-1.444999999999998508e-01 1.000000000000000048e-04 1.332180780519943153e-01 1.000000000000000000e+00
-1.437499999999998224e-01 1.000000000000000048e-04 1.335467414400313968e-01 1.000000000000000000e+00
-1.429999999999997939e-01 1.000000000000000048e-04 1.338758279788894723e-01 1.000000000000000000e+00
-1.422499999999997655e-01 1.000000000000000048e-04 1.342053376346841465e-01 1.000000000000000000e+00
-1.414999999999997371e-01 1.000000000000000048e-04 1.345352703731825805e-01 1.000000000000000000e+00
-1.407499999999997087e-01 1.000000000000000048e-04 1.348656261598062955e-01 1.000000000000000000e+00
-1.399999999999996803e-01 1.000000000000000048e-04 1.351964049596340312e-01 1.000000000000000000e+00
-1.392499999999996518e-01 1.000000000000000048e-04 1.355276067374042437e-01 1.000000000000000000e+00
-1.384999999999996234e-01 1.000000000000000048e-04 1.358592314575183813e-01 1.000000000000000000e+00
-1.377499999999995950e-01 1.000000000000000048e-04 1.361912790840430765e-01 1.000000000000000000e+00
-1.369999999999995666e-01 1.000000000000000048e-04 1.365237495807132551e-01 1.000000000000000000e+00
-1.362499999999995381e-01 1.000000000000000048e-04 1.368566429109349392e-01 1.000000000000000000e+00
-1.354999999999995097e-01 1.000000000000000048e-04 1.371899590377877176e-01 1.000000000000000000e+00
-1.347499999999994813e-01 1.000000000000000048e-04 1.375236979240280766e-01 1.000000000000000000e+00
-1.340000000000003411e-01 1.000000000000000048e-04 1.378578595320910372e-01 1.000000000000000000e+00
-1.332500000000003126e-01 1.000000000000000048e-04 1.381924438240950126e-01 1.000000000000000000e+00
-1.325000000000002842e-01 1.000000000000000048e-04 1.385274507618420858e-01 1.000000000000000000e+00
-1.317500000000002558e-01 1.000000000000000048e-04 1.388628803068222561e-01 1.000000000000000000e+00
-1.310000000000002274e-01 1.000000000000000048e-04 1.391987324202157150e-01 1.000000000000000000e+00
-1.302500000000001990e-01 1.000000000000000048e-04 1.395350070628958716e-01 1.000000000000000000e+00
-1.295000000000001705e-01 1.000000000000000048e-04 1.398717041954317675e-01 1.000000000000000000e+00
-1.287500000000001421e-01 1.000000000000000048e-04 1.402088237780911295e-01 1.000000000000000000e+00
-1.280000000000001137e-01 1.000000000000000048e-04 1.405463657708426461e-01 1.000000000000000000e+00
-1.272500000000000853e-01 1.000000000000000048e-04 1.408843301333593256e-01 1.000000000000000000e+00
-1.265000000000000568e-01 1.000000000000000048e-04 1.412227168250206610e-01 1.000000000000000000e+00
-1.257500000000000284e-01 1.000000000000000048e-04 1.415615258049156278e-01 1.000000000000000000e+00
-1.250000000000000000e-01 1.000000000000000048e-04 1.419007570318453759e-01 1.000000000000000000e+00
-1.242499999999999716e-01 1.000000000000000048e-04 1.422404104643258393e-01 1.000000000000000000e+00
-1.234999999999999432e-01 1.000000000000000048e-04 1.425804860605904556e-01 1.000000000000000000e+00
-1.227499999999999147e-01 1.000000000000000048e-04 1.429209837785931914e-01 1.000000000000000000e+00
-1.219999999999998863e-01 1.000000000000000048e-04 1.432619035760107629e-01 1.000000000000000000e+00
-1.212499999999998579e-01 1.000000000000000048e-04 1.436032454102455225e-01 1.000000000000000000e+00
-1.204999999999998295e-01 1.000000000000000048e-04 1.439450092384282620e-01 1.000000000000000000e+00
-1.197499999999998010e-01 1.000000000000000048e-04 1.442871950174207663e-01 1.000000000000000000e+00
-1.189999999999997726e-01 1.000000000000000048e-04 1.446298027038186718e-01 1.000000000000000000e+00
-1.182499999999997442e-01 1.000000000000000048e-04 1.449728322539537151e-01 1.000000000000000000e+00
-1.174999999999997158e-01 1.000000000000000048e-04 1.453162836238972022e-01 1.000000000000000000e+00
-1.167499999999996874e-01 1.000000000000000048e-04 1.456601567694616184e-01 1.000000000000000000e+00
-1.159999999999996589e-01 1.000000000000000048e-04 1.460044516462043196e-01 1.000000000000000000e+00
-1.152499999999996305e-01 1.000000000000000048e-04 1.463491682094295865e-01 1.000000000000000000e+00
-1.144999999999996021e-01 1.000000000000000048e-04 1.466943064141913999e-01 1.000000000000000000e+00
-1.137499999999995737e-01 1.000000000000000048e-04 1.470398662152960778e-01 1.000000000000000000e+00
-1.129999999999995453e-01 1.000000000000000048e-04 1.473858475673051893e-01 1.000000000000000000e+00
-1.122499999999995168e-01 1.000000000000000048e-04 1.477322504245376922e-01 1.000000000000000000e+00
-1.114999999999994884e-01 1.000000000000000048e-04 1.480790747410730412e-01 1.000000000000000000e+00
-1.107499999999994600e-01 1.000000000000000048e-04 1.484263204707538253e-01 1.000000000000000000e+00
-1.100000000000003197e-01 1.000000000000000048e-04 1.487739875671874046e-01 1.000000000000000000e+00
-1.092500000000002913e-01 1.000000000000000048e-04 1.491220759837507681e-01 1.000000000000000000e+00
-1.085000000000002629e-01 1.000000000000000048e-04 1.494705856735906446e-01 1.000000000000000000e+00
-1.077500000000002345e-01 1.000000000000000048e-04 1.498195165896274161e-01 1.000000000000000000e+00
-1.070000000000002061e-01 1.000000000000000048e-04 1.501688686845576437e-01 1.000000000000000000e+00
-1.062500000000001776e-01 1.000000000000000048e-04 1.505186419108564544e-01 1.000000000000000000e+00
-1.055000000000001492e-01 1.000000000000000048e-04 1.508688362207802891e-01 1.000000000000000000e+00
-1.047500000000001208e-01 1.000000000000000048e-04 1.512194515663694838e-01 1.000000000000000000e+00
-1.040000000000000924e-01 1.000000000000000048e-04 1.515704878994507121e-01 1.000000000000000000e+00
-1.032500000000000639e-01 1.000000000000000048e-04 1.519219451716398162e-01 1.000000000000000000e+00
-1.025000000000000355e-01 1.000000000000000048e-04 1.522738233343440273e-01 1.000000000000000000e+00
-1.017500000000000071e-01 1.000000000000000048e-04 1.526261223387651855e-01 1.000000000000000000e+00
-1.009999999999999787e-01 1.000000000000000048e-04 1.529788421359014050e-01 1.000000000000000000e+00
-1.002499999999999503e-01 1.000000000000000048e-04 1.533319826765502936e-01 1.000000000000000000e+00
-9.949999999999992184e-02 1.000000000000000048e-04 1.536855439113115340e-01 1.000000000000000000e+00
-9.874999999999989342e-02 1.000000000000000048e-04 1.540395257905890491e-01 1.000000000000000000e+00
-9.799999999999986500e-02 1.000000000000000048e-04 1.543939282645937772e-01 1.000000000000000000e+00
-9.724999999999983658e-02 1.000000000000000048e-04 1.547487512833460865e-01 1.000000000000000000e+00
-9.649999999999980815e-02 1.000000000000000048e-04 1.551039947966787180e-01 1.000000000000000000e+00
-9.574999999999977973e-02 1.000000000000000048e-04 1.554596587542385888e-01 1.000000000000000000e+00
-9.499999999999975131e-02 1.000000000000000048e-04 1.558157431054901787e-01 1.000000000000000000e+00
-9.424999999999972289e-02 1.000000000000000048e-04 1.561722477997171954e-01 1.000000000000000000e+00
-9.349999999999969447e-02 1.000000000000000048e-04 1.565291727860258497e-01 1.000000000000000000e+00
-9.274999999999966604e-02 1.000000000000000048e-04 1.568865180133467707e-01 1.000000000000000000e+00
-9.199999999999963762e-02 1.000000000000000048e-04 1.572442834304378922e-01 1.000000000000000000e+00
-9.124999999999960920e-02 1.000000000000000048e-04 1.576024689858868677e-01 1.000000000000000000e+00
-9.049999999999958078e-02 1.000000000000000048e-04 1.579610746281133460e-01 1.000000000000000000e+00
-8.974999999999955236e-02 1.000000000000000048e-04 1.583201003053717748e-01 1.000000000000000000e+00
-8.899999999999952394e-02 1.000000000000000048e-04 1.586795459657538709e-01 1.000000000000000000e+00
-8.824999999999949551e-02 1.000000000000000048e-04 1.590394115571905631e-01 1.000000000000000000e+00
-8.749999999999946709e-02 1.000000000000000048e-04 1.593996970274551561e-01 1.000000000000000000e+00
-8.675000000000032685e-02 1.000000000000000048e-04 1.597604023241650240e-01 1.000000000000000000e+00
-8.600000000000029843e-02 1.000000000000000048e-04 1.601215273947858841e-01 1.000000000000000000e+00
-8.525000000000027001e-02 1.000000000000000048e-04 1.604830721866314647e-01 1.000000000000000000e+00
-8.450000000000024158e-02 1.000000000000000048e-04 1.608450366468679726e-01 1.000000000000000000e+00
-8.375000000000021316e-02 1.000000000000000048e-04 1.612074207225159261e-01 1.000000000000000000e+00
-8.300000000000018474e-02 1.000000000000000048e-04 1.615702243604526245e-01 1.000000000000000000e+00
-8.225000000000015632e-02 1.000000000000000048e-04 1.619334475074144519e-01 1.000000000000000000e+00
-8.150000000000012790e-02 1.000000000000000048e-04 1.622970901099996255e-01 1.000000000000000000e+00
-8.075000000000009948e-02 1.000000000000000048e-04 1.626611521146702766e-01 1.000000000000000000e+00
-8.000000000000007105e-02 1.000000000000000048e-04 1.630256334677551433e-01 1.000000000000000000e+00
-7.925000000000004263e-02 1.000000000000000048e-04 1.633905341154515412e-01 1.000000000000000000e+00
-7.850000000000001421e-02 1.000000000000000048e-04 1.637558540038282495e-01 1.000000000000000000e+00
-7.774999999999998579e-02 1.000000000000000048e-04 1.641215930788277322e-01 1.000000000000000000e+00
-7.699999999999995737e-02 1.000000000000000048e-04 1.644877512862684410e-01 1.000000000000000000e+00
-7.624999999999992895e-02 1.000000000000000048e-04 1.648543285718471196e-01 1.000000000000000000e+00
-7.549999999999990052e-02 1.000000000000000048e-04 1.652213248811414403e-01 1.000000000000000000e+00
-7.474999999999987210e-02 1.000000000000000048e-04 1.655887401596121411e-01 1.000000000000000000e+00
-7.399999999999984368e-02 1.000000000000000048e-04 1.659565743526056347e-01 1.000000000000000000e+00
-7.324999999999981526e-02 1.000000000000000048e-04 1.663248274053559517e-01 1.000000000000000000e+00
-7.249999999999978684e-02 1.000000000000000048e-04 1.666934992629874879e-01 1.000000000000000000e+00
-7.174999999999975842e-02 1.000000000000000048e-04 1.670625898705172807e-01 1.000000000000000000e+00
-7.099999999999972999e-02 1.000000000000000048e-04 1.674320991728569796e-01 1.000000000000000000e+00
-7.024999999999970157e-02 1.000000000000000048e-04 1.678020271148157605e-01 1.000000000000000000e+00
-6.949999999999967315e-02 1.000000000000000048e-04 1.681723736411021297e-01 1.000000000000000000e+00
-6.874999999999964473e-02 1.000000000000000048e-04 1.685431386963264222e-01 1.000000000000000000e+00
-6.799999999999961631e-02 1.000000000000000048e-04 1.689143222250031884e-01 1.000000000000000000e+00
-6.724999999999958789e-02 1.000000000000000048e-04 1.692859241715536367e-01 1.000000000000000000e+00
-6.649999999999955946e-02 1.000000000000000048e-04 1.696579444803074932e-01 1.000000000000000000e+00
-6.574999999999953104e-02 1.000000000000000048e-04 1.700303830955054440e-01 1.000000000000000000e+00
-6.499999999999950262e-02 1.000000000000000048e-04 1.704032399613017446e-01 1.000000000000000000e+00
-6.424999999999947420e-02 1.000000000000000048e-04 1.707765150217661621e-01 1.000000000000000000e+00
-6.350000000000033396e-02 1.000000000000000048e-04 1.711502082208858633e-01 1.000000000000000000e+00
-6.275000000000030553e-02 1.000000000000000048e-04 1.715243195025693834e-01 1.000000000000000000e+00
-6.200000000000027711e-02 1.000000000000000048e-04 1.718988488106463763e-01 1.000000000000000000e+00
-6.125000000000024869e-02 1.000000000000000048e-04 1.722737960888718334e-01 1.000000000000000000e+00
-6.050000000000022027e-02 1.000000000000000048e-04 1.726491612809269716e-01 1.000000000000000000e+00
-5.975000000000019185e-02 1.000000000000000048e-04 1.730249443304227863e-01 1.000000000000000000e+00
-5.900000000000016342e-02 1.000000000000000048e-04 1.734011451809011894e-01 1.000000000000000000e+00
-5.825000000000013500e-02 1.000000000000000048e-04 1.737777637758378679e-01 1.000000000000000000e+00
-5.750000000000010658e-02 1.000000000000000048e-04 1.741548000586440048e-01 1.000000000000000000e+00
-5.675000000000007816e-02 1.000000000000000048e-04 1.745322539726690270e-01 1.000000000000000000e+00
-5.600000000000004974e-02 1.000000000000000048e-04 1.749101254612023815e-01 1.000000000000000000e+00
-5.525000000000002132e-02 1.000000000000000048e-04 1.752884144674758393e-01 1.000000000000000000e+00
-5.449999999999999289e-02 1.000000000000000048e-04 1.756671209346658824e-01 1.000000000000000000e+00
-5.374999999999996447e-02 1.000000000000000048e-04 1.760462448058953411e-01 1.000000000000000000e+00
-5.299999999999993605e-02 1.000000000000000048e-04 1.764257860242364473e-01 1.000000000000000000e+00
-5.224999999999990763e-02 1.000000000000000048e-04 1.768057445327121668e-01 1.000000000000000000e+00
-5.149999999999987921e-02 1.000000000000000048e-04 1.771861202742986419e-01 1.000000000000000000e+00
-5.074999999999985079e-02 1.000000000000000048e-04 1.775669131919275501e-01 1.000000000000000000e+00
-4.999999999999982236e-02 1.000000000000000048e-04 1.779481232284878534e-01 1.000000000000000000e+00
-4.924999999999979394e-02 1.000000000000000048e-04 1.783297503268284068e-01 1.000000000000000000e+00
-4.849999999999976552e-02 1.000000000000000048e-04 1.787117944297596794e-01 1.000000000000000000e+00
-4.774999999999973710e-02 1.000000000000000048e-04 1.790942554800558362e-01 1.000000000000000000e+00
-4.699999999999970868e-02 1.000000000000000048e-04 1.794771334204575131e-01 1.000000000000000000e+00
-4.624999999999968026e-02 1.000000000000000048e-04 1.798604281936730387e-01 1.000000000000000000e+00
-4.549999999999965183e-02 1.000000000000000048e-04 1.802441397423810432e-01 1.000000000000000000e+00
-4.474999999999962341e-02 1.000000000000000048e-04 1.806282680092324566e-01 1.000000000000000000e+00
-4.399999999999959499e-02 1.000000000000000048e-04 1.810128129368526462e-01 1.000000000000000000e+00
-4.324999999999956657e-02 1.000000000000000048e-04 1.813977744678434145e-01 1.000000000000000000e+00
-4.249999999999953815e-02 1.000000000000000048e-04 1.817831525447850261e-01 1.000000000000000000e+00
-4.174999999999950973e-02 1.000000000000000048e-04 1.821689471102382329e-01 1.000000000000000000e+00
-4.099999999999948130e-02 1.000000000000000048e-04 1.825551581067466900e-01 1.000000000000000000e+00
-4.024999999999945288e-02 1.000000000000000048e-04 1.829417854768385088e-01 1.000000000000000000e+00
-3.950000000000031264e-02 1.000000000000000048e-04 1.833288291630281452e-01 1.000000000000000000e+00
-3.875000000000028422e-02 1.000000000000000048e-04 1.837162891078202576e-01 1.000000000000000000e+00
-3.800000000000025580e-02 1.000000000000000048e-04 1.841041652537086792e-01 1.000000000000000000e+00
-3.725000000000022737e-02 1.000000000000000048e-04 1.844924575431807767e-01 1.000000000000000000e+00
-3.650000000000019895e-02 1.000000000000000048e-04 1.848811659187185041e-01 1.000000000000000000e+00
-3.575000000000017053e-02 1.000000000000000048e-04 1.852702903228007070e-01 1.000000000000000000e+00
-3.500000000000014211e-02 1.000000000000000048e-04 1.856598306979050650e-01 1.000000000000000000e+00
-3.425000000000011369e-02 1.000000000000000048e-04 1.860497869865101184e-01 1.000000000000000000e+00
-3.350000000000008527e-02 1.000000000000000048e-04 1.864401591310967943e-01 1.000000000000000000e+00
-3.275000000000005684e-02 1.000000000000000048e-04 1.868309470741511824e-01 1.000000000000000000e+00
-3.200000000000002842e-02 1.000000000000000048e-04 1.872221507581659505e-01 1.000000000000000000e+00
-3.125000000000000000e-02 1.000000000000000048e-04 1.876137701256424539e-01 1.000000000000000000e+00
-3.049999999999997158e-02 1.000000000000000048e-04 1.880058051190923729e-01 1.000000000000000000e+00
-2.974999999999994316e-02 1.000000000000000048e-04 1.883982556810402664e-01 1.000000000000000000e+00
-2.899999999999991473e-02 1.000000000000000048e-04 1.887911217540251818e-01 1.000000000000000000e+00
-2.824999999999988631e-02 1.000000000000000048e-04 1.891844032806022924e-01 1.000000000000000000e+00
-2.749999999999985789e-02 1.000000000000000048e-04 1.895781002033453122e-01 1.000000000000000000e+00
-2.674999999999982947e-02 1.000000000000000048e-04 1.899722124648482446e-01 1.000000000000000000e+00
-2.599999999999980105e-02 1.000000000000000048e-04 1.903667400077269367e-01 1.000000000000000000e+00
-2.524999999999977263e-02 1.000000000000000048e-04 1.907616827746216048e-01 1.000000000000000000e+00
-2.449999999999974420e-02 1.000000000000000048e-04 1.911570407081982226e-01 1.000000000000000000e+00
-2.374999999999971578e-02 1.000000000000000048e-04 1.915528137511504359e-01 1.000000000000000000e+00
-2.299999999999968736e-02 1.000000000000000048e-04 1.919490018462019221e-01 1.000000000000000000e+00
-2.224999999999965894e-02 1.000000000000000048e-04 1.923456049361074727e-01 1.000000000000000000e+00
-2.149999999999963052e-02 1.000000000000000048e-04 1.927426229636555466e-01 1.000000000000000000e+00
-2.074999999999960210e-02 1.000000000000000048e-04 1.931400558716697136e-01 1.000000000000000000e+00
-1.999999999999957367e-02 1.000000000000000048e-04 1.935379036030106803e-01 1.000000000000000000e+00
-1.924999999999954525e-02 1.000000000000000048e-04 1.939361661005782056e-01 1.000000000000000000e+00
-1.849999999999951683e-02 1.000000000000000048e-04 1.943348433073123771e-01 1.000000000000000000e+00
-1.774999999999948841e-02 1.000000000000000048e-04 1.947339351661960816e-01 1.000000000000000000e+00
-1.699999999999945999e-02 1.000000000000000048e-04 1.951334416202567534e-01 1.000000000000000000e+00
-1.625000000000031974e-02 1.000000000000000048e-04 1.955333626125672630e-01 1.000000000000000000e+00
-1.550000000000029132e-02 1.000000000000000048e-04 1.959336980862498578e-01 1.000000000000000000e+00
-1.475000000000026290e-02 1.000000000000000048e-04 1.963344479844750523e-01 1.000000000000000000e+00
-1.400000000000023448e-02 1.000000000000000048e-04 1.967356122504655969e-01 1.000000000000000000e+00
-1.325000000000020606e-02 1.000000000000000048e-04 1.971371908274972828e-01 1.000000000000000000e+00
-1.250000000000017764e-02 1.000000000000000048e-04 1.975391836589010797e-01 1.000000000000000000e+00
-1.175000000000014921e-02 1.000000000000000048e-04 1.979415906880647169e-01 1.000000000000000000e+00
-1.100000000000012079e-02 1.000000000000000048e-04 1.983444118584345162e-01 1.000000000000000000e+00
-1.025000000000009237e-02 1.000000000000000048e-04 1.987476471135167233e-01 1.000000000000000000e+00
-9.500000000000063949e-03 1.000000000000000048e-04 1.991512963968802563e-01 1.000000000000000000e+00
-8.750000000000035527e-03 1.000000000000000048e-04 1.995553596521571493e-01 1.000000000000000000e+00
-8.000000000000007105e-03 1.000000000000000048e-04 1.999598368230451340e-01 1.000000000000000000e+00
-7.249999999999978684e-03 1.000000000000000048e-04 2.003647278533091936e-01 1.000000000000000000e+00
-6.499999999999950262e-03 1.000000000000000048e-04 2.007700326867828400e-01 1.000000000000000000e+00
-5.749999999999921840e-03 1.000000000000000048e-04 2.011757512673705006e-01 1.000000000000000000e+00
-4.999999999999893419e-03 1.000000000000000048e-04 2.015818835390483788e-01 1.000000000000000000e+00
-4.249999999999864997e-03 1.000000000000000048e-04 2.019884294458670349e-01 1.000000000000000000e+00
-3.499999999999836575e-03 1.000000000000000048e-04 2.023953889319522470e-01 1.000000000000000000e+00
-2.749999999999808153e-03 1.000000000000000048e-04 2.028027619415069260e-01 1.000000000000000000e+00
-1.999999999999779732e-03 1.000000000000000048e-04 2.032105484188132527e-01 1.000000000000000000e+00
-1.249999999999751310e-03 1.000000000000000048e-04 2.036187483082334271e-01 1.000000000000000000e+00
-4.999999999997228883e-04 1.000000000000000048e-04 2.040273615542121111e-01 1.000000000000000000e+00
2.500000000003055334e-04 1.000000000000000048e-04 2.044363881012775941e-01 1.000000000000000000e+00
1.000000000000333955e-03 1.000000000000000048e-04 2.048458278940435418e-01 1.000000000000000000e+00
1.750000000000362377e-03 1.000000000000000048e-04 2.052556808772106056e-01 1.000000000000000000e+00
2.500000000000390799e-03 1.000000000000000048e-04 2.056659469955677555e-01 1.000000000000000000e+00
3.250000000000419220e-03 1.000000000000000048e-04 2.060766261939946664e-01 1.000000000000000000e+00
4.000000000000447642e-03 1.000000000000000048e-04 2.064877184174622737e-01 1.000000000000000000e+00
4.750000000000476064e-03 1.000000000000000048e-04 2.068992236110350214e-01 1.000000000000000000e+00
5.500000000000504485e-03 1.000000000000000048e-04 2.073111417198722217e-01 1.000000000000000000e+00
6.250000000000532907e-03 1.000000000000000048e-04 2.077234726892295824e-01 1.000000000000000000e+00
6.999999999999673150e-03 1.000000000000000048e-04 2.081362164644605939e-01 1.000000000000000000e+00
7.749999999999701572e-03 1.000000000000000048e-04 2.085493729910193605e-01 1.000000000000000000e+00
8.499999999999729994e-03 1.000000000000000048e-04 2.089629422144597959e-01 1.000000000000000000e+00
9.249999999999758415e-03 1.000000000000000048e-04 2.093769240804388421e-01 1.000000000000000000e+00
9.999999999999786837e-03 1.000000000000000048e-04 2.097913185347176357e-01 1.000000000000000000e+00
1.074999999999981526e-02 1.000000000000000048e-04 2.102061255231627845e-01 1.000000000000000000e+00
1.149999999999984368e-02 1.000000000000000048e-04 2.106213449917481995e-01 1.000000000000000000e+00
1.224999999999987210e-02 1.000000000000000048e-04 2.110369768865564821e-01 1.000000000000000000e+00
1.299999999999990052e-02 1.000000000000000048e-04 2.114530211537799520e-01 1.000000000000000000e+00
1.374999999999992895e-02 1.000000000000000048e-04 2.118694777397228945e-01 1.000000000000000000e+00
1.449999999999995737e-02 1.000000000000000048e-04 2.122863465908025049e-01 1.000000000000000000e+00
1.524999999999998579e-02 1.000000000000000048e-04 2.127036276535504700e-01 1.000000000000000000e+00
1.600000000000001421e-02 1.000000000000000048e-04 2.131213208746144672e-01 1.000000000000000000e+00
1.675000000000004263e-02 1.000000000000000048e-04 2.135394262007595523e-01 1.000000000000000000e+00
1.750000000000007105e-02 1.000000000000000048e-04 2.139579435788695194e-01 1.000000000000000000e+00
1.825000000000009948e-02 1.000000000000000048e-04 2.143768729559487607e-01 1.000000000000000000e+00
1.900000000000012790e-02 1.000000000000000048e-04 2.147962142791229045e-01 1.000000000000000000e+00
1.975000000000015632e-02 1.000000000000000048e-04 2.152159674956411750e-01 1.000000000000000000e+00
2.050000000000018474e-02 1.000000000000000048e-04 2.156361325528769191e-01 1.000000000000000000e+00
2.125000000000021316e-02 1.000000000000000048e-04 2.160567093983293274e-01 1.000000000000000000e+00
2.200000000000024158e-02 1.000000000000000048e-04 2.164776979796251555e-01 1.000000000000000000e+00
2.275000000000027001e-02 1.000000000000000048e-04 2.168990982445198057e-01 1.000000000000000000e+00
2.350000000000029843e-02 1.000000000000000048e-04 2.173209101408983546e-01 1.000000000000000000e+00
2.425000000000032685e-02 1.000000000000000048e-04 2.177431336167776899e-01 1.000000000000000000e+00
2.500000000000035527e-02 1.000000000000000048e-04 2.181657686203070379e-01 1.000000000000000000e+00
2.575000000000038369e-02 1.000000000000000048e-04 2.185888150997699064e-01 1.000000000000000000e+00
2.650000000000041211e-02 1.000000000000000048e-04 2.190122730035853893e-01 1.000000000000000000e+00
2.725000000000044054e-02 1.000000000000000048e-04 2.194361422803090544e-01 1.000000000000000000e+00
2.800000000000046896e-02 1.000000000000000048e-04 2.198604228786344705e-01 1.000000000000000000e+00
2.875000000000049738e-02 1.000000000000000048e-04 2.202851147473950943e-01 1.000000000000000000e+00
2.950000000000052580e-02 1.000000000000000048e-04 2.207102178355642430e-01 1.000000000000000000e+00
3.024999999999966604e-02 1.000000000000000048e-04 2.211357320922574810e-01 1.000000000000000000e+00
3.099999999999969447e-02 1.000000000000000048e-04 2.215616574667348126e-01 1.000000000000000000e+00
3.174999999999972289e-02 1.000000000000000048e-04 2.219879939083989895e-01 1.000000000000000000e+00
3.249999999999975131e-02 1.000000000000000048e-04 2.224147413667995898e-01 1.000000000000000000e+00
3.324999999999977973e-02 1.000000000000000048e-04 2.228418997916329081e-01 1.000000000000000000e+00
3.399999999999980815e-02 1.000000000000000048e-04 2.232694691327436198e-01 1.000000000000000000e+00
3.474999999999983658e-02 1.000000000000000048e-04 2.236974493401261421e-01 1.000000000000000000e+00
3.549999999999986500e-02 1.000000000000000048e-04 2.241258403639253272e-01 1.000000000000000000e+00
3.624999999999989342e-02 1.000000000000000048e-04 2.245546421544384053e-01 1.000000000000000000e+00
3.699999999999992184e-02 1.000000000000000048e-04 2.249838546621155400e-01 1.000000000000000000e+00
3.774999999999995026e-02 1.000000000000000048e-04 2.254134778375618819e-01 1.000000000000000000e+00
3.849999999999997868e-02 1.000000000000000048e-04 2.258435116315372915e-01 1.000000000000000000e+00
3.925000000000000711e-02 1.000000000000000048e-04 2.262739559949596135e-01 1.000000000000000000e+00
4.000000000000003553e-02 1.000000000000000048e-04 2.267048108789039285e-01 1.000000000000000000e+00
4.075000000000006395e-02 1.000000000000000048e-04 2.271360762346048556e-01 1.000000000000000000e+00
4.150000000000009237e-02 1.000000000000000048e-04 2.275677520134570808e-01 1.000000000000000000e+00
4.225000000000012079e-02 1.000000000000000048e-04 2.279998381670173269e-01 1.000000000000000000e+00
4.300000000000014921e-02 1.000000000000000048e-04 2.284323346470047145e-01 1.000000000000000000e+00
4.375000000000017764e-02 1.000000000000000048e-04 2.288652414053020945e-01 1.000000000000000000e+00
4.450000000000020606e-02 1.000000000000000048e-04 2.292985583939575467e-01 1.000000000000000000e+00
4.525000000000023448e-02 1.000000000000000048e-04 2.297322855651852402e-01 1.000000000000000000e+00
4.600000000000026290e-02 1.000000000000000048e-04 2.301664228713662663e-01 1.000000000000000000e+00
4.675000000000029132e-02 1.000000000000000048e-04 2.306009702650504978e-01 1.000000000000000000e+00
4.750000000000031974e-02 1.000000000000000048e-04 2.310359276989568111e-01 1.000000000000000000e+00
4.825000000000034817e-02 1.000000000000000048e-04 2.314712951259749463e-01 1.000000000000000000e+00
4.900000000000037659e-02 1.000000000000000048e-04 2.319070724991661725e-01 1.000000000000000000e+00
4.975000000000040501e-02 1.000000000000000048e-04 2.323432597717642600e-01 1.000000000000000000e+00
5.050000000000043343e-02 1.000000000000000048e-04 2.327798568971770621e-01 1.000000000000000000e+00
5.125000000000046185e-02 1.000000000000000048e-04 2.332168638289870144e-01 1.000000000000000000e+00
5.200000000000049027e-02 1.000000000000000048e-04 2.336542805209524676e-01 1.000000000000000000e+00
5.275000000000051870e-02 1.000000000000000048e-04 2.340921069270088528e-01 1.000000000000000000e+00
5.350000000000054712e-02 1.000000000000000048e-04 2.345303430012693757e-01 1.000000000000000000e+00
5.424999999999968736e-02 1.000000000000000048e-04 2.349689886980257936e-01 1.000000000000000000e+00
5.499999999999971578e-02 1.000000000000000048e-04 2.354080439717515238e-01 1.000000000000000000e+00
5.574999999999974420e-02 1.000000000000000048e-04 2.358475087770991463e-01 1.000000000000000000e+00
5.649999999999977263e-02 1.000000000000000048e-04 2.362873830689038723e-01 1.000000000000000000e+00
5.724999999999980105e-02 1.000000000000000048e-04 2.367276668021844610e-01 1.000000000000000000e+00
5.799999999999982947e-02 1.000000000000000048e-04 2.371683599321429969e-01 1.000000000000000000e+00
5.874999999999985789e-02 1.000000000000000048e-04 2.376094624141667222e-01 1.000000000000000000e+00
5.949999999999988631e-02 1.000000000000000048e-04 2.380509742038290077e-01 1.000000000000000000e+00
6.024999999999991473e-02 1.000000000000000048e-04 2.384928952568901306e-01 1.000000000000000000e+00
6.099999999999994316e-02 1.000000000000000048e-04 2.389352255292978289e-01 1.000000000000000000e+00
6.174999999999997158e-02 1.000000000000000048e-04 2.393779649771892726e-01 1.000000000000000000e+00
6.250000000000000000e-02 1.000000000000000048e-04 2.398211135568907304e-01 1.000000000000000000e+00
6.325000000000002842e-02 1.000000000000000048e-04 2.402646712249197902e-01 1.000000000000000000e+00
6.400000000000005684e-02 1.000000000000000048e-04 2.407086379379851648e-01 1.000000000000000000e+00
6.475000000000008527e-02 1.000000000000000048e-04 2.411530136529880797e-01 1.000000000000000000e+00
6.550000000000011369e-02 1.000000000000000048e-04 2.415977983270235774e-01 1.000000000000000000e+00
6.625000000000014211e-02 1.000000000000000048e-04 2.420429919173807121e-01 1.000000000000000000e+00
6.700000000000017053e-02 1.000000000000000048e-04 2.424885943815435763e-01 1.000000000000000000e+00
6.775000000000019895e-02 1.000000000000000048e-04 2.429346056771926610e-01 1.000000000000000000e+00
6.850000000000022737e-02 1.000000000000000048e-04 2.433810257622051332e-01 1.000000000000000000e+00
6.925000000000025580e-02 1.000000000000000048e-04 2.438278545946563625e-01 1.000000000000000000e+00
7.000000000000028422e-02 1.000000000000000048e-04 2.442750921328198654e-01 1.000000000000000000e+00
7.075000000000031264e-02 1.000000000000000048e-04 2.447227383351688323e-01 1.000000000000000000e+00
7.150000000000034106e-02 1.000000000000000048e-04 2.451707931603770985e-01 1.000000000000000000e+00
7.225000000000036948e-02 1.000000000000000048e-04 2.456192565673192274e-01 1.000000000000000000e+00
7.300000000000039790e-02 1.000000000000000048e-04 2.460681285150721764e-01 1.000000000000000000e+00
7.375000000000042633e-02 1.000000000000000048e-04 2.465174089629154630e-01 1.000000000000000000e+00
7.450000000000045475e-02 1.000000000000000048e-04 2.469670978703320252e-01 1.000000000000000000e+00
7.525000000000048317e-02 1.000000000000000048e-04 2.474171951970096650e-01 1.000000000000000000e+00
7.600000000000051159e-02 1.000000000000000048e-04 2.478677009028410205e-01 1.000000000000000000e+00
7.675000000000054001e-02 1.000000000000000048e-04 2.483186149479251759e-01 1.000000000000000000e+00
7.749999999999968026e-02 1.000000000000000048e-04 2.487699372925666064e-01 1.000000000000000000e+00
7.824999999999970868e-02 1.000000000000000048e-04 2.492216678972798138e-01 1.000000000000000000e+00
7.899999999999973710e-02 1.000000000000000048e-04 2.496738067227851354e-01 1.000000000000000000e+00
7.974999999999976552e-02 1.000000000000000048e-04 2.501263537300131845e-01 1.000000000000000000e+00
8.049999999999979394e-02 1.000000000000000048e-04 2.505793088801039903e-01 1.000000000000000000e+00
8.124999999999982236e-02 1.000000000000000048e-04 2.510326721344078305e-01 1.000000000000000000e+00
8.199999999999985079e-02 1.000000000000000048e-04 2.514864434544863969e-01 1.000000000000000000e+00
8.274999999999987921e-02 1.000000000000000048e-04 2.519406228021137117e-01 1.000000000000000000e+00
8.349999999999990763e-02 1.000000000000000048e-04 2.523952101392756275e-01 1.000000000000000000e+00
8.424999999999993605e-02 1.000000000000000048e-04 2.528502054281719924e-01 1.000000000000000000e+00
8.499999999999996447e-02 1.000000000000000048e-04 2.533056086312163169e-01 1.000000000000000000e+00
8.574999999999999289e-02 1.000000000000000048e-04 2.537614197110368841e-01 1.000000000000000000e+00
8.650000000000002132e-02 1.000000000000000048e-04 2.542176386304774716e-01 1.000000000000000000e+00
8.725000000000004974e-02 1.000000000000000048e-04 2.546742653525977396e-01 1.000000000000000000e+00
8.800000000000007816e-02 1.000000000000000048e-04 2.551312998406738419e-01 1.000000000000000000e+00
8.875000000000010658e-02 1.000000000000000048e-04 2.555887420581998692e-01 1.000000000000000000e+00
8.950000000000013500e-02 1.000000000000000048e-04 2.560465919688874603e-01 1.000000000000000000e+00
9.025000000000016342e-02 1.000000000000000048e-04 2.565048495366668568e-01 1.000000000000000000e+00
9.100000000000019185e-02 1.000000000000000048e-04 2.569635147256877916e-01 1.000000000000000000e+00
9.175000000000022027e-02 1.000000000000000048e-04 2.574225875003195441e-01 1.000000000000000000e+00
9.250000000000024869e-02 1.000000000000000048e-04 2.578820678251521614e-01 1.000000000000000000e+00
9.325000000000027711e-02 1.000000000000000048e-04 2.583419556649965698e-01 1.000000000000000000e+00
9.400000000000030553e-02 1.000000000000000048e-04 2.588022509848854624e-01 1.000000000000000000e+00
9.475000000000033396e-02 1.000000000000000048e-04 2.592629537500737991e-01 1.000000000000000000e+00
9.550000000000036238e-02 1.000000000000000048e-04 2.597240639260391393e-01 1.000000000000000000e+00
9.625000000000039080e-02 1.000000000000000048e-04 2.601855814784827525e-01 1.000000000000000000e+00
9.700000000000041922e-02 1.000000000000000048e-04 2.606475063733296182e-01 1.000000000000000000e+00
9.775000000000044764e-02 1.000000000000000048e-04 2.611098385767294805e-01 1.000000000000000000e+00
9.850000000000047606e-02 1.000000000000000048e-04 2.615725780550565704e-01 1.000000000000000000e+00
9.925000000000050449e-02 1.000000000000000048e-04 2.620357247749116048e-01 1.000000000000000000e+00
1.000000000000005329e-01 1.000000000000000048e-04 2.624992787031205643e-01 1.000000000000000000e+00
1.007499999999996732e-01 1.000000000000000048e-04 2.629632398067361376e-01 1.000000000000000000e+00
1.014999999999997016e-01 1.000000000000000048e-04 2.634276080530392194e-01 1.000000000000000000e+00
1.022499999999997300e-01 1.000000000000000048e-04 2.638923834095373011e-01 1.000000000000000000e+00
1.029999999999997584e-01 1.000000000000000048e-04 2.643575658439661913e-01 1.000000000000000000e+00
1.037499999999997868e-01 1.000000000000000048e-04 2.648231553242905156e-01 1.000000000000000000e+00
1.044999999999998153e-01 1.000000000000000048e-04 2.652891518187038278e-01 1.000000000000000000e+00
1.052499999999998437e-01 1.000000000000000048e-04 2.657555552956293865e-01 1.000000000000000000e+00
1.059999999999998721e-01 1.000000000000000048e-04 2.662223657237206553e-01 1.000000000000000000e+00
1.067499999999999005e-01 1.000000000000000048e-04 2.666895830718616356e-01 1.000000000000000000e+00
1.074999999999999289e-01 1.000000000000000048e-04 2.671572073091667554e-01 1.000000000000000000e+00
1.082499999999999574e-01 1.000000000000000048e-04 2.676252384049822020e-01 1.000000000000000000e+00
1.089999999999999858e-01 1.000000000000000048e-04 2.680936763288864766e-01 1.000000000000000000e+00
1.097500000000000142e-01 1.000000000000000048e-04 2.685625210506894511e-01 1.000000000000000000e+00
1.105000000000000426e-01 1.000000000000000048e-04 2.690317725404341997e-01 1.000000000000000000e+00
1.112500000000000711e-01 1.000000000000000048e-04 2.695014307683968324e-01 1.000000000000000000e+00
1.120000000000000995e-01 1.000000000000000048e-04 2.699714957050869391e-01 1.000000000000000000e+00
1.127500000000001279e-01 1.000000000000000048e-04 2.704419673212477560e-01 1.000000000000000000e+00
1.135000000000001563e-01 1.000000000000000048e-04 2.709128455878571651e-01 1.000000000000000000e+00
1.142500000000001847e-01 1.000000000000000048e-04 2.713841304761273610e-01 1.000000000000000000e+00
1.150000000000002132e-01 1.000000000000000048e-04 2.718558219575057944e-01 1.000000000000000000e+00
1.157500000000002416e-01 1.000000000000000048e-04 2.723279200036752279e-01 1.000000000000000000e+00
1.165000000000002700e-01 1.000000000000000048e-04 2.728004245865539579e-01 1.000000000000000000e+00
1.172500000000002984e-01 1.000000000000000048e-04 2.732733356782964251e-01 1.000000000000000000e+00
1.180000000000003268e-01 1.000000000000000048e-04 2.737466532512938255e-01 1.000000000000000000e+00
1.187500000000003553e-01 1.000000000000000048e-04 2.742203772781737214e-01 1.000000000000000000e+00
1.195000000000003837e-01 1.000000000000000048e-04 2.746945077318008188e-01 1.000000000000000000e+00
1.202500000000004121e-01 1.000000000000000048e-04 2.751690445852773559e-01 1.000000000000000000e+00
1.210000000000004405e-01 1.000000000000000048e-04 2.756439878119428255e-01 1.000000000000000000e+00
1.217500000000004690e-01 1.000000000000000048e-04 2.761193373853753075e-01 1.000000000000000000e+00
1.225000000000004974e-01 1.000000000000000048e-04 2.765950932793908579e-01 1.000000000000000000e+00
1.232500000000005258e-01 1.000000000000000048e-04 2.770712554680438422e-01 1.000000000000000000e+00
1.239999999999996660e-01 1.000000000000000048e-04 2.775478239256275459e-01 1.000000000000000000e+00
1.247499999999996945e-01 1.000000000000000048e-04 2.780247986266753402e-01 1.000000000000000000e+00
1.254999999999997229e-01 1.000000000000000048e-04 2.785021795459587390e-01 1.000000000000000000e+00
1.262499999999997513e-01 1.000000000000000048e-04 2.789799666584892868e-01 1.000000000000000000e+00
1.269999999999997797e-01 1.000000000000000048e-04 2.794581599395181692e-01 1.000000000000000000e+00
1.277499999999998082e-01 1.000000000000000048e-04 2.799367593645370467e-01 1.000000000000000000e+00
1.284999999999998366e-01 1.000000000000000048e-04 2.804157649092778315e-01 1.000000000000000000e+00
1.292499999999998650e-01 1.000000000000000048e-04 2.808951765497128550e-01 1.000000000000000000e+00
1.299999999999998934e-01 1.000000000000000048e-04 2.813749942620551447e-01 1.000000000000000000e+00
1.307499999999999218e-01 1.000000000000000048e-04 2.818552180227588133e-01 1.000000000000000000e+00
1.314999999999999503e-01 1.000000000000000048e-04 2.823358478085191692e-01 1.000000000000000000e+00
1.322499999999999787e-01 1.000000000000000048e-04 2.828168835962728278e-01 1.000000000000000000e+00
1.330000000000000071e-01 1.000000000000000048e-04 2.832983253631979337e-01 1.000000000000000000e+00
1.337500000000000355e-01 1.000000000000000048e-04 2.837801730867144379e-01 1.000000000000000000e+00
1.345000000000000639e-01 1.000000000000000048e-04 2.842624267444838759e-01 1.000000000000000000e+00
1.352500000000000924e-01 1.000000000000000048e-04 2.847450863144102562e-01 1.000000000000000000e+00
1.360000000000001208e-01 1.000000000000000048e-04 2.852281517746395600e-01 1.000000000000000000e+00
1.367500000000001492e-01 1.000000000000000048e-04 2.857116231035598530e-01 1.000000000000000000e+00
1.375000000000001776e-01 1.000000000000000048e-04 2.861955002798022840e-01 1.000000000000000000e+00
1.382500000000002061e-01 1.000000000000000048e-04 2.866797832822400860e-01 1.000000000000000000e+00
1.390000000000002345e-01 1.000000000000000048e-04 2.871644720899893533e-01 1.000000000000000000e+00
1.397500000000002629e-01 1.000000000000000048e-04 2.876495666824089859e-01 1.000000000000000000e+00
1.405000000000002913e-01 1.000000000000000048e-04 2.881350670391010227e-01 1.000000000000000000e+00
1.412500000000003197e-01 1.000000000000000048e-04 2.886209731399104750e-01 1.000000000000000000e+00
1.420000000000003482e-01 1.000000000000000048e-04 2.891072849649253818e-01 1.000000000000000000e+00
1.427500000000003766e-01 1.000000000000000048e-04 2.895940024944770319e-01 1.000000000000000000e+00
1.435000000000004050e-01 1.000000000000000048e-04 2.900811257091399087e-01 1.000000000000000000e+00
1.442500000000004334e-01 1.000000000000000048e-04 2.905686545897321338e-01 1.000000000000000000e+00
1.450000000000004619e-01 1.000000000000000048e-04 2.910565891173151898e-01 1.000000000000000000e+00
1.457500000000004903e-01 1.000000000000000048e-04 2.915449292731938091e-01 1.000000000000000000e+00
1.465000000000005187e-01 1.000000000000000048e-04 2.920336750389164737e-01 1.000000000000000000e+00
1.472500000000005471e-01 1.000000000000000048e-04 2.925228263962749709e-01 1.000000000000000000e+00
1.479999999999996874e-01 1.000000000000000048e-04 2.930123833273043932e-01 1.000000000000000000e+00
1.487499999999997158e-01 1.000000000000000048e-04 2.935023458142851926e-01 1.000000000000000000e+00
1.494999999999997442e-01 1.000000000000000048e-04 2.939927138397396278e-01 1.000000000000000000e+00
1.502499999999997726e-01 1.000000000000000048e-04 2.944834873864338176e-01 1.000000000000000000e+00
1.509999999999998010e-01 1.000000000000000048e-04 2.949746664373781302e-01 1.000000000000000000e+00
1.517499999999998295e-01 1.000000000000000048e-04 2.954662509758261835e-01 1.000000000000000000e+00
1.524999999999998579e-01 1.000000000000000048e-04 2.959582409852752893e-01 1.000000000000000000e+00
1.532499999999998863e-01 1.000000000000000048e-04 2.964506364494666202e-01 1.000000000000000000e+00
1.539999999999999147e-01 1.000000000000000048e-04 2.969434373523845427e-01 1.000000000000000000e+00
1.547499999999999432e-01 1.000000000000000048e-04 2.974366436782570067e-01 1.000000000000000000e+00
1.554999999999999716e-01 1.000000000000000048e-04 2.979302554115556556e-01 1.000000000000000000e+00
1.562500000000000000e-01 1.000000000000000048e-04 2.984242725369953830e-01 1.000000000000000000e+00
1.570000000000000284e-01 1.000000000000000048e-04 2.989186950395347764e-01 1.000000000000000000e+00
1.577500000000000568e-01 1.000000000000000048e-04 2.994135229043753954e-01 1.000000000000000000e+00
1.585000000000000853e-01 1.000000000000000048e-04 2.999087561169621052e-01 1.000000000000000000e+00
1.592500000000001137e-01 1.000000000000000048e-04 3.004043946629829098e-01 1.000000000000000000e+00
1.600000000000001421e-01 1.000000000000000048e-04 3.009004385283692296e-01 1.000000000000000000e+00
1.607500000000001705e-01 1.000000000000000048e-04 3.013968876992949020e-01 1.000000000000000000e+00
1.615000000000001990e-01 1.000000000000000048e-04 3.018937421621770145e-01 1.000000000000000000e+00
1.622500000000002274e-01 1.000000000000000048e-04 3.023910019036754604e-01 1.000000000000000000e+00
1.630000000000002558e-01 1.000000000000000048e-04 3.028886669106923279e-01 1.000000000000000000e+00
1.637500000000002842e-01 1.000000000000000048e-04 3.033867371703727334e-01 1.000000000000000000e+00
1.645000000000003126e-01 1.000000000000000048e-04 3.038852126701040990e-01 1.000000000000000000e+00
1.652500000000003411e-01 1.000000000000000048e-04 3.043840933975157648e-01 1.000000000000000000e+00
1.660000000000003695e-01 1.000000000000000048e-04 3.048833793404793213e-01 1.000000000000000000e+00
1.667500000000003979e-01 1.000000000000000048e-04 3.053830704871087209e-01 1.000000000000000000e+00
1.675000000000004263e-01 1.000000000000000048e-04 3.058831668257590009e-01 1.000000000000000000e+00
1.682500000000004547e-01 1.000000000000000048e-04 3.063836683450272824e-01 1.000000000000000000e+00
1.690000000000004832e-01 1.000000000000000048e-04 3.068845750337519385e-01 1.000000000000000000e+00
1.697500000000005116e-01 1.000000000000000048e-04 3.073858868810126488e-01 1.000000000000000000e+00
1.705000000000005400e-01 1.000000000000000048e-04 3.078876038761303446e-01 1.000000000000000000e+00
1.712499999999996803e-01 1.000000000000000048e-04 3.083897260086656544e-01 1.000000000000000000e+00
1.719999999999997087e-01 1.000000000000000048e-04 3.088922532684224009e-01 1.000000000000000000e+00
1.727499999999997371e-01 1.000000000000000048e-04 3.093951856454425497e-01 1.000000000000000000e+00
1.734999999999997655e-01 1.000000000000000048e-04 3.098985231300089294e-01 1.000000000000000000e+00
1.742499999999997939e-01 1.000000000000000048e-04 3.104022657126445650e-01 1.000000000000000000e+00
1.749999999999998224e-01 1.000000000000000048e-04 3.109064133841121791e-01 1.000000000000000000e+00
1.757499999999998508e-01 1.000000000000000048e-04 3.114109661354140801e-01 1.000000000000000000e+00
1.764999999999998792e-01 1.000000000000000048e-04 3.119159239577915521e-01 1.000000000000000000e+00
1.772499999999999076e-01 1.000000000000000048e-04 3.124212868427251322e-01 1.000000000000000000e+00
1.779999999999999361e-01 1.000000000000000048e-04 3.129270547819343329e-01 1.000000000000000000e+00
1.787499999999999645e-01 1.000000000000000048e-04 3.134332277673765321e-01 1.000000000000000000e+00
1.794999999999999929e-01 1.000000000000000048e-04 3.139398057912480278e-01 1.000000000000000000e+00
1.802500000000000213e-01 1.000000000000000048e-04 3.144467888459824279e-01 1.000000000000000000e+00
1.810000000000000497e-01 1.000000000000000048e-04 3.149541769242514277e-01 1.000000000000000000e+00
1.817500000000000782e-01 1.000000000000000048e-04 3.154619700189637554e-01 1.000000000000000000e+00
1.825000000000001066e-01 1.000000000000000048e-04 3.159701681232653936e-01 1.000000000000000000e+00
1.832500000000001350e-01 1.000000000000000048e-04 3.164787712305387468e-01 1.000000000000000000e+00
1.840000000000001634e-01 1.000000000000000048e-04 3.169877793344027528e-01 1.000000000000000000e+00
1.847500000000001918e-01 1.000000000000000048e-04 3.174971924287125491e-01 1.000000000000000000e+00
1.855000000000002203e-01 1.000000000000000048e-04 3.180070105075588627e-01 1.000000000000000000e+00
1.862500000000002487e-01 1.000000000000000048e-04 3.185172335652678988e-01 1.000000000000000000e+00
1.870000000000002771e-01 1.000000000000000048e-04 3.190278615964005082e-01 1.000000000000000000e+00
1.877500000000003055e-01 1.000000000000000048e-04 3.195388945957529092e-01 1.000000000000000000e+00
1.885000000000003340e-01 1.000000000000000048e-04 3.200503325583551328e-01 1.000000000000000000e+00
1.892500000000003624e-01 1.000000000000000048e-04 3.205621754794713008e-01 1.000000000000000000e+00
1.900000000000003908e-01 1.000000000000000048e-04 3.210744233545989035e-01 1.000000000000000000e+00
1.907500000000004192e-01 1.000000000000000048e-04 3.215870761794690225e-01 1.000000000000000000e+00
1.915000000000004476e-01 1.000000000000000048e-04 3.221001339500453864e-01 1.000000000000000000e+00
1.922500000000004761e-01 1.000000000000000048e-04 3.226135966625237605e-01 1.000000000000000000e+00
1.930000000000005045e-01 1.000000000000000048e-04 3.231274643133323909e-01 1.000000000000000000e+00
1.937500000000005329e-01 1.000000000000000048e-04 3.236417368991307275e-01 1.000000000000000000e+00
1.944999999999996732e-01 1.000000000000000048e-04 3.241564144168091466e-01 1.000000000000000000e+00
1.952499999999997016e-01 1.000000000000000048e-04 3.246714968634901721e-01 1.000000000000000000e+00
1.959999999999997300e-01 1.000000000000000048e-04 3.251869842365252561e-01 1.000000000000000000e+00
1.967499999999997584e-01 1.000000000000000048e-04 3.257028765334957776e-01 1.000000000000000000e+00
1.974999999999997868e-01 1.000000000000000048e-04 3.262191737522128210e-01 1.000000000000000000e+00
1.982499999999998153e-01 1.000000000000000048e-04 3.267358758907165095e-01 1.000000000000000000e+00
1.989999999999998437e-01 1.000000000000000048e-04 3.272529829472753393e-01 1.000000000000000000e+00
1.997499999999998721e-01 1.000000000000000048e-04 3.277704949203858464e-01 1.000000000000000000e+00
2.004999999999999005e-01 1.000000000000000048e-04 3.282884118087718295e-01 1.000000000000000000e+00
2.012499999999999289e-01 1.000000000000000048e-04 3.288067336113847383e-01 1.000000000000000000e+00
2.019999999999999574e-01 1.000000000000000048e-04 3.293254603274023418e-01 1.000000000000000000e+00
2.027499999999999858e-01 1.000000000000000048e-04 3.298445919562280615e-01 1.000000000000000000e+00
2.035000000000000142e-01 1.000000000000000048e-04 3.303641284974915826e-01 1.000000000000000000e+00
2.042500000000000426e-01 1.000000000000000048e-04 3.308840699510470773e-01 1.000000000000000000e+00
2.050000000000000711e-01 1.000000000000000048e-04 3.314044163169736490e-01 1.000000000000000000e+00
2.057500000000000995e-01 1.000000000000000048e-04 3.319251675955744996e-01 1.000000000000000000e+00
2.065000000000001279e-01 1.000000000000000048e-04 3.324463237873756527e-01 1.000000000000000000e+00
2.072500000000001563e-01 1.000000000000000048e-04 3.329678848931266755e-01 1.000000000000000000e+00
2.080000000000001847e-01 1.000000000000000048e-04 3.334898509137997347e-01 1.000000000000000000e+00
2.087500000000002132e-01 1.000000000000000048e-04 3.340122218505882090e-01 1.000000000000000000e+00
2.095000000000002416e-01 1.000000000000000048e-04 3.345349977049071888e-01 1.000000000000000000e+00
2.102500000000002700e-01 1.000000000000000048e-04 3.350581784783921990e-01 1.000000000000000000e+00
2.110000000000002984e-01 1.000000000000000048e-04 3.355817641728994771e-01 1.000000000000000000e+00
2.117500000000003268e-01 1.000000000000000048e-04 3.361057547905041964e-01 1.000000000000000000e+00
2.125000000000003553e-01 1.000000000000000048e-04 3.366301503335010215e-01 1.000000000000000000e+00
2.132500000000003837e-01 1.000000000000000048e-04 3.371549508044023868e-01 1.000000000000000000e+00
2.140000000000004121e-01 1.000000000000000048e-04 3.376801562059394968e-01 1.000000000000000000e+00
2.147500000000004405e-01 1.000000000000000048e-04 3.382057665410596048e-01 1.000000000000000000e+00
2.155000000000004690e-01 1.000000000000000048e-04 3.387317818129275127e-01 1.000000000000000000e+00
2.162500000000004974e-01 1.000000000000000048e-04 3.392582020249235164e-01 1.000000000000000000e+00
2.170000000000005258e-01 1.000000000000000048e-04 3.397850271806432398e-01 1.000000000000000000e+00
2.177499999999996660e-01 1.000000000000000048e-04 3.403122572838965243e-01 1.000000000000000000e+00
2.184999999999996945e-01 1.000000000000000048e-04 3.408398923387090385e-01 1.000000000000000000e+00
2.192499999999997229e-01 1.000000000000000048e-04 3.413679323493177264e-01 1.000000000000000000e+00
2.199999999999997513e-01 1.000000000000000048e-04 3.418963773201735834e-01 1.000000000000000000e+00
2.207499999999997797e-01 1.000000000000000048e-04 3.424252272559391019e-01 1.000000000000000000e+00
2.214999999999998082e-01 1.000000000000000048e-04 3.429544821614884942e-01 1.000000000000000000e+00
2.222499999999998366e-01 1.000000000000000048e-04 3.434841420419063041e-01 1.000000000000000000e+00
2.229999999999998650e-01 1.000000000000000048e-04 3.440142069024876292e-01 1.000000000000000000e+00
2.237499999999998934e-01 1.000000000000000048e-04 3.445446767487369000e-01 1.000000000000000000e+00
2.244999999999999218e-01 1.000000000000000048e-04 3.450755515863668244e-01 1.000000000000000000e+00
2.252499999999999503e-01 1.000000000000000048e-04 3.456068314212984993e-01 1.000000000000000000e+00
2.259999999999999787e-01 1.000000000000000048e-04 3.461385162596599119e-01 1.000000000000000000e+00
2.267500000000000071e-01 1.000000000000000048e-04 3.466706061077860501e-01 1.000000000000000000e+00
2.275000000000000355e-01 1.000000000000000048e-04 3.472031009722172934e-01 1.000000000000000000e+00
2.282500000000000639e-01 1.000000000000000048e-04 3.477360008596995788e-01 1.000000000000000000e+00
2.290000000000000924e-01 1.000000000000000048e-04 3.482693057771825140e-01 1.000000000000000000e+00
2.297500000000001208e-01 1.000000000000000048e-04 3.488030157318199875e-01 1.000000000000000000e+00
2.305000000000001492e-01 1.000000000000000048e-04 3.493371307309685037e-01 1.000000000000000000e+00
2.312500000000001776e-01 1.000000000000000048e-04 3.498716507821868493e-01 1.000000000000000000e+00
2.320000000000002061e-01 1.000000000000000048e-04 3.504065758932346508e-01 1.000000000000000000e+00
2.327500000000002345e-01 1.000000000000000048e-04 3.509419060720725958e-01 1.000000000000000000e+00
2.335000000000002629e-01 1.000000000000000048e-04 3.514776413268610455e-01 1.000000000000000000e+00
2.342500000000002913e-01 1.000000000000000048e-04 3.520137816659593688e-01 1.000000000000000000e+00
2.350000000000003197e-01 1.000000000000000048e-04 3.525503270979253312e-01 1.000000000000000000e+00
2.357500000000003482e-01 1.000000000000000048e-04 3.530872776315136519e-01 1.000000000000000000e+00
2.365000000000003766e-01 1.000000000000000048e-04 3.536246332756762256e-01 1.000000000000000000e+00
2.372500000000004050e-01 1.000000000000000048e-04 3.541623940395602355e-01 1.000000000000000000e+00
2.380000000000004334e-01 1.000000000000000048e-04 3.547005599325084857e-01 1.000000000000000000e+00
2.387500000000004619e-01 1.000000000000000048e-04 3.552391309640572925e-01 1.000000000000000000e+00
2.395000000000004903e-01 1.000000000000000048e-04 3.557781071439368170e-01 1.000000000000000000e+00
2.402500000000005187e-01 1.000000000000000048e-04 3.563174884820696220e-01 1.000000000000000000e+00
2.410000000000005471e-01 1.000000000000000048e-04 3.568572749885696171e-01 1.000000000000000000e+00
2.417499999999996874e-01 1.000000000000000048e-04 3.573974666737414485e-01 1.000000000000000000e+00
2.424999999999997158e-01 1.000000000000000048e-04 3.579380635480809425e-01 1.000000000000000000e+00
2.432499999999997442e-01 1.000000000000000048e-04 3.584790656222717753e-01 1.000000000000000000e+00
2.439999999999997726e-01 1.000000000000000048e-04 3.590204729071860279e-01 1.000000000000000000e+00
2.447499999999998010e-01 1.000000000000000048e-04 3.595622854138834645e-01 1.000000000000000000e+00
2.454999999999998295e-01 1.000000000000000048e-04 3.601045031536097563e-01 1.000000000000000000e+00
2.462499999999998579e-01 1.000000000000000048e-04 3.606471261377968140e-01 1.000000000000000000e+00
2.469999999999998863e-01 1.000000000000000048e-04 3.611901543780609014e-01 1.000000000000000000e+00
2.477499999999999147e-01 1.000000000000000048e-04 3.617335878862021903e-01 1.000000000000000000e+00
2.484999999999999432e-01 1.000000000000000048e-04 3.622774266742030402e-01 1.000000000000000000e+00
2.492499999999999716e-01 1.000000000000000048e-04 3.628216707542288311e-01 1.000000000000000000e+00
2.500000000000000000e-01 1.000000000000000048e-04 3.633663201386252428e-01 1.000000000000000000e+00
