-5.000000000000000000e+00 1.000000000000000048e-04 1.000000000000000048e-04 1.000000000000000000e+00
-4.999249999999999972e+00 1.000000000000000048e-04 1.000000000000000048e-04 1.000000000000000000e+00
-4.998499999999999943e+00 1.000000000000000048e-04 1.000000000000000048e-04 1.000000000000000000e+00
-4.997749999999999915e+00 1.000000000000000048e-04 1.000000000000000048e-04 1.000000000000000000e+00
-4.996999999999999886e+00 1.000000000000000048e-04 1.000000000000000048e-04 1.000000000000000000e+00
-4.996249999999999858e+00 1.000000000000000048e-04 1.000000000000000048e-04 1.000000000000000000e+00
-4.995499999999999829e+00 1.000000000000000048e-04 1.000000000000000048e-04 1.000000000000000000e+00
-4.994749999999999801e+00 1.000000000000000048e-04 1.000000000000000048e-04 1.000000000000000000e+00
-4.993999999999999773e+00 1.000000000000000048e-04 1.000000000000000048e-04 1.000000000000000000e+00
-4.993249999999999744e+00 1.000000000000000048e-04 1.000000000000000048e-04 1.000000000000000000e+00
-4.992499999999999716e+00 1.000000000000000048e-04 1.000000000000000048e-04 1.000000000000000000e+00
-4.991749999999999687e+00 1.000000000000000048e-04 1.000000000000000048e-04 1.000000000000000000e+00
-4.990999999999999659e+00 1.000000000000000048e-04 1.000000000000000048e-04 1.000000000000000000e+00
-4.990249999999999631e+00 1.000000000000000048e-04 1.000000000000000048e-04 1.000000000000000000e+00
-4.989499999999999602e+00 1.000000000000000048e-04 1.000000000000000048e-04 1.000000000000000000e+00
-4.988749999999999574e+00 1.000000000000000048e-04 1.000000000000000048e-04 1.000000000000000000e+00
-4.988000000000000433e+00 1.000000000000000048e-04 1.000000000000000048e-04 1.000000000000000000e+00
-4.987250000000000405e+00 1.000000000000000048e-04 1.000000000000000048e-04 1.000000000000000000e+00
-4.986500000000000377e+00 1.000000000000000048e-04 1.000000000000000048e-04 1.000000000000000000e+00
-4.985750000000000348e+00 1.000000000000000048e-04 1.000000000000000048e-04 1.000000000000000000e+00
-4.985000000000000320e+00 1.000000000000000048e-04 1.000000000000000048e-04 1.000000000000000000e+00
-4.984250000000000291e+00 1.000000000000000048e-04 1.000000000000000048e-04 1.000000000000000000e+00
-4.983500000000000263e+00 1.000000000000000048e-04 1.000000000000000048e-04 1.000000000000000000e+00
-4.982750000000000234e+00 1.000000000000000048e-04 1.000000000000000048e-04 1.000000000000000000e+00
-4.982000000000000206e+00 1.000000000000000048e-04 1.000000000000000048e-04 1.000000000000000000e+00
-4.981250000000000178e+00 1.000000000000000048e-04 1.000000000000000048e-04 1.000000000000000000e+00
-4.980500000000000149e+00 1.000000000000000048e-04 1.000000000000000048e-04 1.000000000000000000e+00
-4.979750000000000121e+00 1.000000000000000048e-04 1.000000000000000048e-04 1.000000000000000000e+00
-4.979000000000000092e+00 1.000000000000000048e-04 1.000000000000000048e-04 1.000000000000000000e+00
-4.978250000000000064e+00 1.000000000000000048e-04 1.000000000000000048e-04 1.000000000000000000e+00
-4.977500000000000036e+00 1.000000000000000048e-04 1.000000000000000048e-04 1.000000000000000000e+00
-4.976750000000000007e+00 1.000000000000000048e-04 1.000000000000000048e-04 1.000000000000000000e+00
-4.975999999999999979e+00 1.000000000000000048e-04 1.000000000000000048e-04 1.000000000000000000e+00
-4.975249999999999950e+00 1.000000000000000048e-04 1.000000000000000048e-04 1.000000000000000000e+00
-4.974499999999999922e+00 1.000000000000000048e-04 1.000000000000000048e-04 1.000000000000000000e+00
-4.973749999999999893e+00 1.000000000000000048e-04 1.000000000000000048e-04 1.000000000000000000e+00
-4.972999999999999865e+00 1.000000000000000048e-04 1.000000000000000048e-04 1.000000000000000000e+00
-4.972249999999999837e+00 1.000000000000000048e-04 1.000000000000000048e-04 1.000000000000000000e+00
-4.971499999999999808e+00 1.000000000000000048e-04 1.000000000000000048e-04 1.000000000000000000e+00
-4.970749999999999780e+00 1.000000000000000048e-04 1.000000000000000048e-04 1.000000000000000000e+00
-4.969999999999999751e+00 1.000000000000000048e-04 1.000000000000000048e-04 1.000000000000000000e+00
-4.969249999999999723e+00 1.000000000000000048e-04 1.000000000000000048e-04 1.000000000000000000e+00
-4.968499999999999694e+00 1.000000000000000048e-04 1.000000000000000048e-04 1.000000000000000000e+00
-4.967749999999999666e+00 1.000000000000000048e-04 1.000000000000000048e-04 1.000000000000000000e+00
-4.966999999999999638e+00 1.000000000000000048e-04 1.000000000000000048e-04 1.000000000000000000e+00
-4.966249999999999609e+00 1.000000000000000048e-04 1.000000000000000048e-04 1.000000000000000000e+00
-4.965499999999999581e+00 1.000000000000000048e-04 1.000000000000000048e-04 1.000000000000000000e+00
-4.964750000000000441e+00 1.000000000000000048e-04 1.000000000000000048e-04 1.000000000000000000e+00
-4.964000000000000412e+00 1.000000000000000048e-04 1.000000000000000048e-04 1.000000000000000000e+00
-4.963250000000000384e+00 1.000000000000000048e-04 1.000000000000000048e-04 1.000000000000000000e+00
-4.962500000000000355e+00 1.000000000000000048e-04 1.000000000000000048e-04 1.000000000000000000e+00
-4.961750000000000327e+00 1.000000000000000048e-04 1.000000000000000048e-04 1.000000000000000000e+00
-4.961000000000000298e+00 1.000000000000000048e-04 1.000000000000000048e-04 1.000000000000000000e+00
-4.960250000000000270e+00 1.000000000000000048e-04 1.000000000000000048e-04 1.000000000000000000e+00
-4.959500000000000242e+00 1.000000000000000048e-04 1.000000000000000048e-04 1.000000000000000000e+00
-4.958750000000000213e+00 1.000000000000000048e-04 1.000000000000000048e-04 1.000000000000000000e+00
-4.958000000000000185e+00 1.000000000000000048e-04 1.000000000000000048e-04 1.000000000000000000e+00
-4.957250000000000156e+00 1.000000000000000048e-04 1.000000000000000048e-04 1.000000000000000000e+00
-4.956500000000000128e+00 1.000000000000000048e-04 1.000000000000000048e-04 1.000000000000000000e+00
-4.955750000000000099e+00 1.000000000000000048e-04 1.000000000000000048e-04 1.000000000000000000e+00
-4.955000000000000071e+00 1.000000000000000048e-04 1.000000000000000048e-04 1.000000000000000000e+00
-4.954250000000000043e+00 1.000000000000000048e-04 1.000000000000000048e-04 1.000000000000000000e+00
-4.953500000000000014e+00 1.000000000000000048e-04 1.000000000000000048e-04 1.000000000000000000e+00
-4.952749999999999986e+00 1.000000000000000048e-04 1.000000000000000048e-04 1.000000000000000000e+00
-4.951999999999999957e+00 1.000000000000000048e-04 1.000000000000000048e-04 1.000000000000000000e+00
-4.951249999999999929e+00 1.000000000000000048e-04 1.000000000000000048e-04 1.000000000000000000e+00
-4.950499999999999901e+00 1.000000000000000048e-04 1.000000000000000048e-04 1.000000000000000000e+00
-4.949749999999999872e+00 1.000000000000000048e-04 1.000000000000000048e-04 1.000000000000000000e+00
-4.948999999999999844e+00 1.000000000000000048e-04 1.000000000000000048e-04 1.000000000000000000e+00
-4.948249999999999815e+00 1.000000000000000048e-04 1.000000000000000048e-04 1.000000000000000000e+00
-4.947499999999999787e+00 1.000000000000000048e-04 1.000000000000000048e-04 1.000000000000000000e+00
-4.946749999999999758e+00 1.000000000000000048e-04 1.000000000000000048e-04 1.000000000000000000e+00
-4.945999999999999730e+00 1.000000000000000048e-04 1.000000000000000048e-04 1.000000000000000000e+00
-4.945249999999999702e+00 1.000000000000000048e-04 1.000000000000000048e-04 1.000000000000000000e+00
-4.944499999999999673e+00 1.000000000000000048e-04 1.000000000000000048e-04 1.000000000000000000e+00
-4.943749999999999645e+00 1.000000000000000048e-04 1.000000000000000048e-04 1.000000000000000000e+00
-4.942999999999999616e+00 1.000000000000000048e-04 1.000000000000000048e-04 1.000000000000000000e+00
-4.942249999999999588e+00 1.000000000000000048e-04 1.000000000000000048e-04 1.000000000000000000e+00
-4.941499999999999559e+00 1.000000000000000048e-04 1.000000000000000048e-04 1.000000000000000000e+00
-4.940750000000000419e+00 1.000000000000000048e-04 1.000000000000000048e-04 1.000000000000000000e+00
-4.940000000000000391e+00 1.000000000000000048e-04 1.000000000000000048e-04 1.000000000000000000e+00
-4.939250000000000362e+00 1.000000000000000048e-04 1.000000000000000048e-04 1.000000000000000000e+00
-4.938500000000000334e+00 1.000000000000000048e-04 1.000000000000000048e-04 1.000000000000000000e+00
-4.937750000000000306e+00 1.000000000000000048e-04 1.000000000000000048e-04 1.000000000000000000e+00
-4.937000000000000277e+00 1.000000000000000048e-04 1.000000000000000048e-04 1.000000000000000000e+00
-4.936250000000000249e+00 1.000000000000000048e-04 1.000000000000000048e-04 1.000000000000000000e+00
-4.935500000000000220e+00 1.000000000000000048e-04 1.000000000000000048e-04 1.000000000000000000e+00
-4.934750000000000192e+00 1.000000000000000048e-04 1.000000000000000048e-04 1.000000000000000000e+00
-4.934000000000000163e+00 1.000000000000000048e-04 1.000000000000000048e-04 1.000000000000000000e+00
-4.933250000000000135e+00 1.000000000000000048e-04 1.000000000000000048e-04 1.000000000000000000e+00
-4.932500000000000107e+00 1.000000000000000048e-04 1.000000000000000048e-04 1.000000000000000000e+00
-4.931750000000000078e+00 1.000000000000000048e-04 1.000000000000000048e-04 1.000000000000000000e+00
-4.931000000000000050e+00 1.000000000000000048e-04 1.000000000000000048e-04 1.000000000000000000e+00
-4.930250000000000021e+00 1.000000000000000048e-04 1.000000000000000048e-04 1.000000000000000000e+00
-4.929499999999999993e+00 1.000000000000000048e-04 1.000000000000000048e-04 1.000000000000000000e+00
-4.928749999999999964e+00 1.000000000000000048e-04 1.000000000000000048e-04 1.000000000000000000e+00
-4.927999999999999936e+00 1.000000000000000048e-04 1.000000000000000048e-04 1.000000000000000000e+00
-4.927249999999999908e+00 1.000000000000000048e-04 1.000000000000000048e-04 1.000000000000000000e+00
-4.926499999999999879e+00 1.000000000000000048e-04 1.000000000000000048e-04 1.000000000000000000e+00
-4.925749999999999851e+00 1.000000000000000048e-04 1.000000000000000048e-04 1.000000000000000000e+00
-4.924999999999999822e+00 1.000000000000000048e-04 1.000000000000000048e-04 1.000000000000000000e+00
-4.924249999999999794e+00 1.000000000000000048e-04 1.000000000000000048e-04 1.000000000000000000e+00
-4.923499999999999766e+00 1.000000000000000048e-04 1.000000000000000048e-04 1.000000000000000000e+00
-4.922749999999999737e+00 1.000000000000000048e-04 1.000000000000000048e-04 1.000000000000000000e+00
-4.921999999999999709e+00 1.000000000000000048e-04 1.000000000000000048e-04 1.000000000000000000e+00
-4.921249999999999680e+00 1.000000000000000048e-04 1.000000000000000048e-04 1.000000000000000000e+00
-4.920499999999999652e+00 1.000000000000000048e-04 1.000000000000000048e-04 1.000000000000000000e+00
-4.919749999999999623e+00 1.000000000000000048e-04 1.000000000000000048e-04 1.000000000000000000e+00
-4.918999999999999595e+00 1.000000000000000048e-04 1.000000000000000048e-04 1.000000000000000000e+00
-4.918249999999999567e+00 1.000000000000000048e-04 1.000000000000000048e-04 1.000000000000000000e+00
-4.917500000000000426e+00 1.000000000000000048e-04 1.000000000000000048e-04 1.000000000000000000e+00
-4.916750000000000398e+00 1.000000000000000048e-04 1.000000000000000048e-04 1.000000000000000000e+00
-4.916000000000000369e+00 1.000000000000000048e-04 1.000000000000000048e-04 1.000000000000000000e+00
-4.915250000000000341e+00 1.000000000000000048e-04 1.000000000000000048e-04 1.000000000000000000e+00
-4.914500000000000313e+00 1.000000000000000048e-04 1.000000000000000048e-04 1.000000000000000000e+00
-4.913750000000000284e+00 1.000000000000000048e-04 1.000000000000000048e-04 1.000000000000000000e+00
-4.913000000000000256e+00 1.000000000000000048e-04 1.000000000000000048e-04 1.000000000000000000e+00
-4.912250000000000227e+00 1.000000000000000048e-04 1.000000000000000048e-04 1.000000000000000000e+00
-4.911500000000000199e+00 1.000000000000000048e-04 1.000000000000000048e-04 1.000000000000000000e+00
-4.910750000000000171e+00 1.000000000000000048e-04 1.000000000000000048e-04 1.000000000000000000e+00
-4.910000000000000142e+00 1.000000000000000048e-04 1.000000000000000048e-04 1.000000000000000000e+00
-4.909250000000000114e+00 1.000000000000000048e-04 1.000000000000000048e-04 1.000000000000000000e+00
-4.908500000000000085e+00 1.000000000000000048e-04 1.000000000000000048e-04 1.000000000000000000e+00
-4.907750000000000057e+00 1.000000000000000048e-04 1.000000000000000048e-04 1.000000000000000000e+00
-4.907000000000000028e+00 1.000000000000000048e-04 1.000000000000000048e-04 1.000000000000000000e+00
-4.906250000000000000e+00 1.000000000000000048e-04 1.000000000000000048e-04 1.000000000000000000e+00
-4.905499999999999972e+00 1.000000000000000048e-04 1.000000000000000048e-04 1.000000000000000000e+00
-4.904749999999999943e+00 1.000000000000000048e-04 1.000000000000000048e-04 1.000000000000000000e+00
-4.903999999999999915e+00 1.000000000000000048e-04 1.000000000000000048e-04 1.000000000000000000e+00
-4.903249999999999886e+00 1.000000000000000048e-04 1.000000000000000048e-04 1.000000000000000000e+00
-4.902499999999999858e+00 1.000000000000000048e-04 1.000000000000000048e-04 1.000000000000000000e+00
-4.901749999999999829e+00 1.000000000000000048e-04 1.000000000000000048e-04 1.000000000000000000e+00
-4.900999999999999801e+00 1.000000000000000048e-04 1.000000000000000048e-04 1.000000000000000000e+00
-4.900249999999999773e+00 1.000000000000000048e-04 1.000000000000000048e-04 1.000000000000000000e+00
-4.899499999999999744e+00 1.000000000000000048e-04 1.000000000000000048e-04 1.000000000000000000e+00
-4.898749999999999716e+00 1.000000000000000048e-04 1.000000000000000048e-04 1.000000000000000000e+00
-4.897999999999999687e+00 1.000000000000000048e-04 1.000000000000000048e-04 1.000000000000000000e+00
-4.897249999999999659e+00 1.000000000000000048e-04 1.000000000000000048e-04 1.000000000000000000e+00
-4.896499999999999631e+00 1.000000000000000048e-04 1.000000000000000048e-04 1.000000000000000000e+00
-4.895749999999999602e+00 1.000000000000000048e-04 1.000000000000000048e-04 1.000000000000000000e+00
-4.894999999999999574e+00 1.000000000000000048e-04 1.000000000000000048e-04 1.000000000000000000e+00
-4.894250000000000433e+00 1.000000000000000048e-04 1.000000000000000048e-04 1.000000000000000000e+00
-4.893500000000000405e+00 1.000000000000000048e-04 1.000000000000000048e-04 1.000000000000000000e+00
-4.892750000000000377e+00 1.000000000000000048e-04 1.000000000000000048e-04 1.000000000000000000e+00
-4.892000000000000348e+00 1.000000000000000048e-04 1.000000000000000048e-04 1.000000000000000000e+00
-4.891250000000000320e+00 1.000000000000000048e-04 1.000000000000000048e-04 1.000000000000000000e+00
-4.890500000000000291e+00 1.000000000000000048e-04 1.000000000000000048e-04 1.000000000000000000e+00
-4.889750000000000263e+00 1.000000000000000048e-04 1.000000000000000048e-04 1.000000000000000000e+00
-4.889000000000000234e+00 1.000000000000000048e-04 1.000000000000000048e-04 1.000000000000000000e+00
-4.888250000000000206e+00 1.000000000000000048e-04 1.000000000000000048e-04 1.000000000000000000e+00
-4.887500000000000178e+00 1.000000000000000048e-04 1.000000000000000048e-04 1.000000000000000000e+00
-4.886750000000000149e+00 1.000000000000000048e-04 1.000000000000000048e-04 1.000000000000000000e+00
-4.886000000000000121e+00 1.000000000000000048e-04 1.000000000000000048e-04 1.000000000000000000e+00
-4.885250000000000092e+00 1.000000000000000048e-04 1.000000000000000048e-04 1.000000000000000000e+00
-4.884500000000000064e+00 1.000000000000000048e-04 1.000000000000000048e-04 1.000000000000000000e+00
-4.883750000000000036e+00 1.000000000000000048e-04 1.000000000000000048e-04 1.000000000000000000e+00
-4.883000000000000007e+00 1.000000000000000048e-04 1.000000000000000048e-04 1.000000000000000000e+00
-4.882249999999999979e+00 1.000000000000000048e-04 1.000000000000000048e-04 1.000000000000000000e+00
-4.881499999999999950e+00 1.000000000000000048e-04 1.000000000000000048e-04 1.000000000000000000e+00
-4.880749999999999922e+00 1.000000000000000048e-04 1.000000000000000048e-04 1.000000000000000000e+00
-4.879999999999999893e+00 1.000000000000000048e-04 1.000000000000000048e-04 1.000000000000000000e+00
-4.879249999999999865e+00 1.000000000000000048e-04 1.000000000000000048e-04 1.000000000000000000e+00
-4.878499999999999837e+00 1.000000000000000048e-04 1.000000000000000048e-04 1.000000000000000000e+00
-4.877749999999999808e+00 1.000000000000000048e-04 1.000000000000000048e-04 1.000000000000000000e+00
-4.876999999999999780e+00 1.000000000000000048e-04 1.000000000000000048e-04 1.000000000000000000e+00
-4.876249999999999751e+00 1.000000000000000048e-04 1.000000000000000048e-04 1.000000000000000000e+00
-4.875499999999999723e+00 1.000000000000000048e-04 1.000000000000000048e-04 1.000000000000000000e+00
-4.874749999999999694e+00 1.000000000000000048e-04 1.000000000000000048e-04 1.000000000000000000e+00
-4.873999999999999666e+00 1.000000000000000048e-04 1.000000000000000048e-04 1.000000000000000000e+00
-4.873249999999999638e+00 1.000000000000000048e-04 1.000000000000000048e-04 1.000000000000000000e+00
-4.872499999999999609e+00 1.000000000000000048e-04 1.000000000000000048e-04 1.000000000000000000e+00
-4.871749999999999581e+00 1.000000000000000048e-04 1.000000000000000048e-04 1.000000000000000000e+00
-4.871000000000000441e+00 1.000000000000000048e-04 1.000000000000000048e-04 1.000000000000000000e+00
-4.870250000000000412e+00 1.000000000000000048e-04 1.000000000000000048e-04 1.000000000000000000e+00
-4.869500000000000384e+00 1.000000000000000048e-04 1.000000000000000048e-04 1.000000000000000000e+00
-4.868750000000000355e+00 1.000000000000000048e-04 1.000000000000000048e-04 1.000000000000000000e+00
-4.868000000000000327e+00 1.000000000000000048e-04 1.000000000000000048e-04 1.000000000000000000e+00
-4.867250000000000298e+00 1.000000000000000048e-04 1.000000000000000048e-04 1.000000000000000000e+00
-4.866500000000000270e+00 1.000000000000000048e-04 1.000000000000000048e-04 1.000000000000000000e+00
-4.865750000000000242e+00 1.000000000000000048e-04 1.000000000000000048e-04 1.000000000000000000e+00
-4.865000000000000213e+00 1.000000000000000048e-04 1.000000000000000048e-04 1.000000000000000000e+00
-4.864250000000000185e+00 1.000000000000000048e-04 1.000000000000000048e-04 1.000000000000000000e+00
-4.863500000000000156e+00 1.000000000000000048e-04 1.000000000000000048e-04 1.000000000000000000e+00
-4.862750000000000128e+00 1.000000000000000048e-04 1.000000000000000048e-04 1.000000000000000000e+00
-4.862000000000000099e+00 1.000000000000000048e-04 1.000000000000000048e-04 1.000000000000000000e+00
-4.861250000000000071e+00 1.000000000000000048e-04 1.000000000000000048e-04 1.000000000000000000e+00
-4.860500000000000043e+00 1.000000000000000048e-04 1.000000000000000048e-04 1.000000000000000000e+00
-4.859750000000000014e+00 1.000000000000000048e-04 1.000000000000000048e-04 1.000000000000000000e+00
-4.858999999999999986e+00 1.000000000000000048e-04 1.000000000000000048e-04 1.000000000000000000e+00
-4.858249999999999957e+00 1.000000000000000048e-04 1.000000000000000048e-04 1.000000000000000000e+00
-4.857499999999999929e+00 1.000000000000000048e-04 1.000000000000000048e-04 1.000000000000000000e+00
-4.856749999999999901e+00 1.000000000000000048e-04 1.000000000000000048e-04 1.000000000000000000e+00
-4.855999999999999872e+00 1.000000000000000048e-04 1.000000000000000048e-04 1.000000000000000000e+00
-4.855249999999999844e+00 1.000000000000000048e-04 1.000000000000000048e-04 1.000000000000000000e+00
-4.854499999999999815e+00 1.000000000000000048e-04 1.000000000000000048e-04 1.000000000000000000e+00
-4.853749999999999787e+00 1.000000000000000048e-04 1.000000000000000048e-04 1.000000000000000000e+00
-4.852999999999999758e+00 1.000000000000000048e-04 1.000000000000000048e-04 1.000000000000000000e+00
-4.852249999999999730e+00 1.000000000000000048e-04 1.000000000000000048e-04 1.000000000000000000e+00
-4.851499999999999702e+00 1.000000000000000048e-04 1.000000000000000048e-04 1.000000000000000000e+00
-4.850749999999999673e+00 1.000000000000000048e-04 1.000000000000000048e-04 1.000000000000000000e+00
-4.849999999999999645e+00 1.000000000000000048e-04 1.000000000000000048e-04 1.000000000000000000e+00
-4.849249999999999616e+00 1.000000000000000048e-04 1.000000000000000048e-04 1.000000000000000000e+00
-4.848499999999999588e+00 1.000000000000000048e-04 1.000000000000000048e-04 1.000000000000000000e+00
-4.847749999999999559e+00 1.000000000000000048e-04 1.000000000000000048e-04 1.000000000000000000e+00
-4.847000000000000419e+00 1.000000000000000048e-04 1.000000000000000048e-04 1.000000000000000000e+00
-4.846250000000000391e+00 1.000000000000000048e-04 1.000000000000000048e-04 1.000000000000000000e+00
-4.845500000000000362e+00 1.000000000000000048e-04 1.000000000000000048e-04 1.000000000000000000e+00
-4.844750000000000334e+00 1.000000000000000048e-04 1.000000000000000048e-04 1.000000000000000000e+00
-4.844000000000000306e+00 1.000000000000000048e-04 1.000000000000000048e-04 1.000000000000000000e+00
-4.843250000000000277e+00 1.000000000000000048e-04 1.000000000000000048e-04 1.000000000000000000e+00
-4.842500000000000249e+00 1.000000000000000048e-04 1.000000000000000048e-04 1.000000000000000000e+00
-4.841750000000000220e+00 1.000000000000000048e-04 1.000000000000000048e-04 1.000000000000000000e+00
-4.841000000000000192e+00 1.000000000000000048e-04 1.000000000000000048e-04 1.000000000000000000e+00
-4.840250000000000163e+00 1.000000000000000048e-04 1.000000000000000048e-04 1.000000000000000000e+00
-4.839500000000000135e+00 1.000000000000000048e-04 1.000000000000000048e-04 1.000000000000000000e+00
-4.838750000000000107e+00 1.000000000000000048e-04 1.000000000000000048e-04 1.000000000000000000e+00
-4.838000000000000078e+00 1.000000000000000048e-04 1.000000000000000048e-04 1.000000000000000000e+00
-4.837250000000000050e+00 1.000000000000000048e-04 1.000000000000000048e-04 1.000000000000000000e+00
-4.836500000000000021e+00 1.000000000000000048e-04 1.000000000000000048e-04 1.000000000000000000e+00
-4.835749999999999993e+00 1.000000000000000048e-04 1.000000000000000048e-04 1.000000000000000000e+00
-4.834999999999999964e+00 1.000000000000000048e-04 1.000000000000000048e-04 1.000000000000000000e+00
-4.834249999999999936e+00 1.000000000000000048e-04 1.000000000000000048e-04 1.000000000000000000e+00
-4.833499999999999908e+00 1.000000000000000048e-04 1.000000000000000048e-04 1.000000000000000000e+00
-4.832749999999999879e+00 1.000000000000000048e-04 1.000000000000000048e-04 1.000000000000000000e+00
-4.831999999999999851e+00 1.000000000000000048e-04 1.000000000000000048e-04 1.000000000000000000e+00
-4.831249999999999822e+00 1.000000000000000048e-04 1.000000000000000048e-04 1.000000000000000000e+00
-4.830499999999999794e+00 1.000000000000000048e-04 1.000000000000000048e-04 1.000000000000000000e+00
-4.829749999999999766e+00 1.000000000000000048e-04 1.000000000000000048e-04 1.000000000000000000e+00
-4.828999999999999737e+00 1.000000000000000048e-04 1.000000000000000048e-04 1.000000000000000000e+00
-4.828249999999999709e+00 1.000000000000000048e-04 1.000000000000000048e-04 1.000000000000000000e+00
-4.827499999999999680e+00 1.000000000000000048e-04 1.000000000000000048e-04 1.000000000000000000e+00
-4.826749999999999652e+00 1.000000000000000048e-04 1.000000000000000048e-04 1.000000000000000000e+00
-4.825999999999999623e+00 1.000000000000000048e-04 1.000000000000000048e-04 1.000000000000000000e+00
-4.825249999999999595e+00 1.000000000000000048e-04 1.000000000000000048e-04 1.000000000000000000e+00
-4.824499999999999567e+00 1.000000000000000048e-04 1.000000000000000048e-04 1.000000000000000000e+00
-4.823750000000000426e+00 1.000000000000000048e-04 1.000000000000000048e-04 1.000000000000000000e+00
-4.823000000000000398e+00 1.000000000000000048e-04 1.000000000000000048e-04 1.000000000000000000e+00
-4.822250000000000369e+00 1.000000000000000048e-04 1.000000000000000048e-04 1.000000000000000000e+00
-4.821500000000000341e+00 1.000000000000000048e-04 1.000000000000000048e-04 1.000000000000000000e+00
-4.820750000000000313e+00 1.000000000000000048e-04 1.000000000000000048e-04 1.000000000000000000e+00
-4.820000000000000284e+00 1.000000000000000048e-04 1.000000000000000048e-04 1.000000000000000000e+00
-4.819250000000000256e+00 1.000000000000000048e-04 1.000000000000000048e-04 1.000000000000000000e+00
-4.818500000000000227e+00 1.000000000000000048e-04 1.000000000000000048e-04 1.000000000000000000e+00
-4.817750000000000199e+00 1.000000000000000048e-04 1.000000000000000048e-04 1.000000000000000000e+00
-4.817000000000000171e+00 1.000000000000000048e-04 1.000000000000000048e-04 1.000000000000000000e+00
-4.816250000000000142e+00 1.000000000000000048e-04 1.000000000000000048e-04 1.000000000000000000e+00
-4.815500000000000114e+00 1.000000000000000048e-04 1.000000000000000048e-04 1.000000000000000000e+00
-4.814750000000000085e+00 1.000000000000000048e-04 1.000000000000000048e-04 1.000000000000000000e+00
-4.814000000000000057e+00 1.000000000000000048e-04 1.000000000000000048e-04 1.000000000000000000e+00
-4.813250000000000028e+00 1.000000000000000048e-04 1.000000000000000048e-04 1.000000000000000000e+00
-4.812500000000000000e+00 1.000000000000000048e-04 1.000000000000000048e-04 1.000000000000000000e+00
-4.811749999999999972e+00 1.000000000000000048e-04 1.000000000000000048e-04 1.000000000000000000e+00
-4.810999999999999943e+00 1.000000000000000048e-04 1.000000000000000048e-04 1.000000000000000000e+00
-4.810249999999999915e+00 1.000000000000000048e-04 1.000000000000000048e-04 1.000000000000000000e+00
-4.809499999999999886e+00 1.000000000000000048e-04 1.000000000000000048e-04 1.000000000000000000e+00
-4.808749999999999858e+00 1.000000000000000048e-04 1.000000000000000048e-04 1.000000000000000000e+00
-4.807999999999999829e+00 1.000000000000000048e-04 1.000000000000000048e-04 1.000000000000000000e+00
-4.807249999999999801e+00 1.000000000000000048e-04 1.000000000000000048e-04 1.000000000000000000e+00
-4.806499999999999773e+00 1.000000000000000048e-04 1.000000000000000048e-04 1.000000000000000000e+00
-4.805749999999999744e+00 1.000000000000000048e-04 1.000000000000000048e-04 1.000000000000000000e+00
-4.804999999999999716e+00 1.000000000000000048e-04 1.000000000000000048e-04 1.000000000000000000e+00
-4.804249999999999687e+00 1.000000000000000048e-04 1.000000000000000048e-04 1.000000000000000000e+00
-4.803499999999999659e+00 1.000000000000000048e-04 1.000000000000000048e-04 1.000000000000000000e+00
-4.802749999999999631e+00 1.000000000000000048e-04 1.000000000000000048e-04 1.000000000000000000e+00
-4.801999999999999602e+00 1.000000000000000048e-04 1.000000000000000048e-04 1.000000000000000000e+00
-4.801249999999999574e+00 1.000000000000000048e-04 1.000000000000000048e-04 1.000000000000000000e+00
-4.800499999999999545e+00 1.000000000000000048e-04 1.000000000000000048e-04 1.000000000000000000e+00
-4.799750000000000405e+00 1.000000000000000048e-04 1.000000000000000048e-04 1.000000000000000000e+00
-4.799000000000000377e+00 1.000000000000000048e-04 1.000000000000000048e-04 1.000000000000000000e+00
-4.798250000000000348e+00 1.000000000000000048e-04 1.000000000000000048e-04 1.000000000000000000e+00
-4.797500000000000320e+00 1.000000000000000048e-04 1.000000000000000048e-04 1.000000000000000000e+00
-4.796750000000000291e+00 1.000000000000000048e-04 1.000000000000000048e-04 1.000000000000000000e+00
-4.796000000000000263e+00 1.000000000000000048e-04 1.000000000000000048e-04 1.000000000000000000e+00
-4.795250000000000234e+00 1.000000000000000048e-04 1.000000000000000048e-04 1.000000000000000000e+00
-4.794500000000000206e+00 1.000000000000000048e-04 1.000000000000000048e-04 1.000000000000000000e+00
-4.793750000000000178e+00 1.000000000000000048e-04 1.000000000000000048e-04 1.000000000000000000e+00
-4.793000000000000149e+00 1.000000000000000048e-04 1.000000000000000048e-04 1.000000000000000000e+00
-4.792250000000000121e+00 1.000000000000000048e-04 1.000000000000000048e-04 1.000000000000000000e+00
-4.791500000000000092e+00 1.000000000000000048e-04 1.000000000000000048e-04 1.000000000000000000e+00
-4.790750000000000064e+00 1.000000000000000048e-04 1.000000000000000048e-04 1.000000000000000000e+00
-4.790000000000000036e+00 1.000000000000000048e-04 1.000000000000000048e-04 1.000000000000000000e+00
-4.789250000000000007e+00 1.000000000000000048e-04 1.000000000000000048e-04 1.000000000000000000e+00
-4.788499999999999979e+00 1.000000000000000048e-04 1.000000000000000048e-04 1.000000000000000000e+00
-4.787749999999999950e+00 1.000000000000000048e-04 1.000000000000000048e-04 1.000000000000000000e+00
-4.786999999999999922e+00 1.000000000000000048e-04 1.000000000000000048e-04 1.000000000000000000e+00
-4.786249999999999893e+00 1.000000000000000048e-04 1.000000000000000048e-04 1.000000000000000000e+00
-4.785499999999999865e+00 1.000000000000000048e-04 1.000000000000000048e-04 1.000000000000000000e+00
-4.784749999999999837e+00 1.000000000000000048e-04 1.000000000000000048e-04 1.000000000000000000e+00
-4.783999999999999808e+00 1.000000000000000048e-04 1.000000000000000048e-04 1.000000000000000000e+00
-4.783249999999999780e+00 1.000000000000000048e-04 1.000000000000000048e-04 1.000000000000000000e+00
-4.782499999999999751e+00 1.000000000000000048e-04 1.000000000000000048e-04 1.000000000000000000e+00
-4.781749999999999723e+00 1.000000000000000048e-04 1.000000000000000048e-04 1.000000000000000000e+00
-4.780999999999999694e+00 1.000000000000000048e-04 1.000000000000000048e-04 1.000000000000000000e+00
-4.780249999999999666e+00 1.000000000000000048e-04 1.000000000000000048e-04 1.000000000000000000e+00
-4.779499999999999638e+00 1.000000000000000048e-04 1.000000000000000048e-04 1.000000000000000000e+00
-4.778749999999999609e+00 1.000000000000000048e-04 1.000000000000000048e-04 1.000000000000000000e+00
-4.777999999999999581e+00 1.000000000000000048e-04 1.000000000000000048e-04 1.000000000000000000e+00
-4.777250000000000441e+00 1.000000000000000048e-04 1.000000000000000048e-04 1.000000000000000000e+00
-4.776500000000000412e+00 1.000000000000000048e-04 1.000000000000000048e-04 1.000000000000000000e+00
-4.775750000000000384e+00 1.000000000000000048e-04 1.000000000000000048e-04 1.000000000000000000e+00
-4.775000000000000355e+00 1.000000000000000048e-04 1.000000000000000048e-04 1.000000000000000000e+00
-4.774250000000000327e+00 1.000000000000000048e-04 1.000000000000000048e-04 1.000000000000000000e+00
-4.773500000000000298e+00 1.000000000000000048e-04 1.000000000000000048e-04 1.000000000000000000e+00
-4.772750000000000270e+00 1.000000000000000048e-04 1.000000000000000048e-04 1.000000000000000000e+00
-4.772000000000000242e+00 1.000000000000000048e-04 1.000000000000000048e-04 1.000000000000000000e+00
-4.771250000000000213e+00 1.000000000000000048e-04 1.000000000000000048e-04 1.000000000000000000e+00
-4.770500000000000185e+00 1.000000000000000048e-04 1.000000000000000048e-04 1.000000000000000000e+00
-4.769750000000000156e+00 1.000000000000000048e-04 1.000000000000000048e-04 1.000000000000000000e+00
-4.769000000000000128e+00 1.000000000000000048e-04 1.000000000000000048e-04 1.000000000000000000e+00
-4.768250000000000099e+00 1.000000000000000048e-04 1.000000000000000048e-04 1.000000000000000000e+00
-4.767500000000000071e+00 1.000000000000000048e-04 1.000000000000000048e-04 1.000000000000000000e+00
-4.766750000000000043e+00 1.000000000000000048e-04 1.000000000000000048e-04 1.000000000000000000e+00
-4.766000000000000014e+00 1.000000000000000048e-04 1.000000000000000048e-04 1.000000000000000000e+00
-4.765249999999999986e+00 1.000000000000000048e-04 1.000000000000000048e-04 1.000000000000000000e+00
-4.764499999999999957e+00 1.000000000000000048e-04 1.000000000000000048e-04 1.000000000000000000e+00
-4.763749999999999929e+00 1.000000000000000048e-04 1.000000000000000048e-04 1.000000000000000000e+00
-4.762999999999999901e+00 1.000000000000000048e-04 1.000000000000000048e-04 1.000000000000000000e+00
-4.762249999999999872e+00 1.000000000000000048e-04 1.000000000000000048e-04 1.000000000000000000e+00
-4.761499999999999844e+00 1.000000000000000048e-04 1.000000000000000048e-04 1.000000000000000000e+00
-4.760749999999999815e+00 1.000000000000000048e-04 1.000000000000000048e-04 1.000000000000000000e+00
-4.759999999999999787e+00 1.000000000000000048e-04 1.000000000000000048e-04 1.000000000000000000e+00
-4.759249999999999758e+00 1.000000000000000048e-04 1.000000000000000048e-04 1.000000000000000000e+00
-4.758499999999999730e+00 1.000000000000000048e-04 1.000000000000000048e-04 1.000000000000000000e+00
-4.757749999999999702e+00 1.000000000000000048e-04 1.000000000000000048e-04 1.000000000000000000e+00
-4.756999999999999673e+00 1.000000000000000048e-04 1.000000000000000048e-04 1.000000000000000000e+00
-4.756249999999999645e+00 1.000000000000000048e-04 1.000000000000000048e-04 1.000000000000000000e+00
-4.755499999999999616e+00 1.000000000000000048e-04 1.000000000000000048e-04 1.000000000000000000e+00
-4.754749999999999588e+00 1.000000000000000048e-04 1.000000000000000048e-04 1.000000000000000000e+00
-4.753999999999999559e+00 1.000000000000000048e-04 1.000000000000000048e-04 1.000000000000000000e+00
-4.753250000000000419e+00 1.000000000000000048e-04 1.000000000000000048e-04 1.000000000000000000e+00
-4.752500000000000391e+00 1.000000000000000048e-04 1.000000000000000048e-04 1.000000000000000000e+00
-4.751750000000000362e+00 1.000000000000000048e-04 1.000000000000000048e-04 1.000000000000000000e+00
-4.751000000000000334e+00 1.000000000000000048e-04 1.000000000000000048e-04 1.000000000000000000e+00
-4.750250000000000306e+00 1.000000000000000048e-04 1.000000000000000048e-04 1.000000000000000000e+00
-4.749500000000000277e+00 1.000000000000000048e-04 1.000000000000000048e-04 1.000000000000000000e+00
-4.748750000000000249e+00 1.000000000000000048e-04 1.000000000000000048e-04 1.000000000000000000e+00
-4.748000000000000220e+00 1.000000000000000048e-04 1.000000000000000048e-04 1.000000000000000000e+00
-4.747250000000000192e+00 1.000000000000000048e-04 1.000000000000000048e-04 1.000000000000000000e+00
-4.746500000000000163e+00 1.000000000000000048e-04 1.000000000000000048e-04 1.000000000000000000e+00
-4.745750000000000135e+00 1.000000000000000048e-04 1.000000000000000048e-04 1.000000000000000000e+00
-4.745000000000000107e+00 1.000000000000000048e-04 1.000000000000000048e-04 1.000000000000000000e+00
-4.744250000000000078e+00 1.000000000000000048e-04 1.000000000000000048e-04 1.000000000000000000e+00
-4.743500000000000050e+00 1.000000000000000048e-04 1.000000000000000048e-04 1.000000000000000000e+00
-4.742750000000000021e+00 1.000000000000000048e-04 1.000000000000000048e-04 1.000000000000000000e+00
-4.741999999999999993e+00 1.000000000000000048e-04 1.000000000000000048e-04 1.000000000000000000e+00
-4.741249999999999964e+00 1.000000000000000048e-04 1.000000000000000048e-04 1.000000000000000000e+00
-4.740499999999999936e+00 1.000000000000000048e-04 1.000000000000000048e-04 1.000000000000000000e+00
-4.739749999999999908e+00 1.000000000000000048e-04 1.000000000000000048e-04 1.000000000000000000e+00
-4.738999999999999879e+00 1.000000000000000048e-04 1.000000000000000048e-04 1.000000000000000000e+00
-4.738249999999999851e+00 1.000000000000000048e-04 1.000000000000000048e-04 1.000000000000000000e+00
-4.737499999999999822e+00 1.000000000000000048e-04 1.000000000000000048e-04 1.000000000000000000e+00
-4.736749999999999794e+00 1.000000000000000048e-04 1.000000000000000048e-04 1.000000000000000000e+00
-4.735999999999999766e+00 1.000000000000000048e-04 1.000000000000000048e-04 1.000000000000000000e+00
-4.735249999999999737e+00 1.000000000000000048e-04 1.000000000000000048e-04 1.000000000000000000e+00
-4.734499999999999709e+00 1.000000000000000048e-04 1.000000000000000048e-04 1.000000000000000000e+00
-4.733749999999999680e+00 1.000000000000000048e-04 1.000000000000000048e-04 1.000000000000000000e+00
-4.732999999999999652e+00 1.000000000000000048e-04 1.000000000000000048e-04 1.000000000000000000e+00
-4.732249999999999623e+00 1.000000000000000048e-04 1.000000000000000048e-04 1.000000000000000000e+00
-4.731499999999999595e+00 1.000000000000000048e-04 1.000000000000000048e-04 1.000000000000000000e+00
-4.730750000000000455e+00 1.000000000000000048e-04 1.000000000000000048e-04 1.000000000000000000e+00
-4.730000000000000426e+00 1.000000000000000048e-04 1.000000000000000048e-04 1.000000000000000000e+00
-4.729250000000000398e+00 1.000000000000000048e-04 1.000000000000000048e-04 1.000000000000000000e+00
-4.728500000000000369e+00 1.000000000000000048e-04 1.000000000000000048e-04 1.000000000000000000e+00
-4.727750000000000341e+00 1.000000000000000048e-04 1.000000000000000048e-04 1.000000000000000000e+00
-4.727000000000000313e+00 1.000000000000000048e-04 1.000000000000000048e-04 1.000000000000000000e+00
-4.726250000000000284e+00 1.000000000000000048e-04 1.000000000000000048e-04 1.000000000000000000e+00
-4.725500000000000256e+00 1.000000000000000048e-04 1.000000000000000048e-04 1.000000000000000000e+00
-4.724750000000000227e+00 1.000000000000000048e-04 1.000000000000000048e-04 1.000000000000000000e+00
-4.724000000000000199e+00 1.000000000000000048e-04 1.000000000000000048e-04 1.000000000000000000e+00
-4.723250000000000171e+00 1.000000000000000048e-04 1.000000000000000048e-04 1.000000000000000000e+00
-4.722500000000000142e+00 1.000000000000000048e-04 1.000000000000000048e-04 1.000000000000000000e+00
-4.721750000000000114e+00 1.000000000000000048e-04 1.000000000000000048e-04 1.000000000000000000e+00
-4.721000000000000085e+00 1.000000000000000048e-04 1.000000000000000048e-04 1.000000000000000000e+00
-4.720250000000000057e+00 1.000000000000000048e-04 1.000000000000000048e-04 1.000000000000000000e+00
-4.719500000000000028e+00 1.000000000000000048e-04 1.000000000000000048e-04 1.000000000000000000e+00
-4.718750000000000000e+00 1.000000000000000048e-04 1.000000000000000048e-04 1.000000000000000000e+00
-4.717999999999999972e+00 1.000000000000000048e-04 1.000000000000000048e-04 1.000000000000000000e+00
-4.717249999999999943e+00 1.000000000000000048e-04 1.000000000000000048e-04 1.000000000000000000e+00
-4.716499999999999915e+00 1.000000000000000048e-04 1.000000000000000048e-04 1.000000000000000000e+00
-4.715749999999999886e+00 1.000000000000000048e-04 1.000000000000000048e-04 1.000000000000000000e+00
-4.714999999999999858e+00 1.000000000000000048e-04 1.000000000000000048e-04 1.000000000000000000e+00
-4.714249999999999829e+00 1.000000000000000048e-04 1.000000000000000048e-04 1.000000000000000000e+00
-4.713499999999999801e+00 1.000000000000000048e-04 1.000000000000000048e-04 1.000000000000000000e+00
-4.712749999999999773e+00 1.000000000000000048e-04 1.000000000000000048e-04 1.000000000000000000e+00
-4.711999999999999744e+00 1.000000000000000048e-04 1.000000000000000048e-04 1.000000000000000000e+00
-4.711249999999999716e+00 1.000000000000000048e-04 1.000000000000000048e-04 1.000000000000000000e+00
-4.710499999999999687e+00 1.000000000000000048e-04 1.000000000000000048e-04 1.000000000000000000e+00
-4.709749999999999659e+00 1.000000000000000048e-04 1.000000000000000048e-04 1.000000000000000000e+00
-4.708999999999999631e+00 1.000000000000000048e-04 1.000000000000000048e-04 1.000000000000000000e+00
-4.708249999999999602e+00 1.000000000000000048e-04 1.000000000000000048e-04 1.000000000000000000e+00
-4.707499999999999574e+00 1.000000000000000048e-04 1.000000000000000048e-04 1.000000000000000000e+00
-4.706749999999999545e+00 1.000000000000000048e-04 1.000000000000000048e-04 1.000000000000000000e+00
-4.706000000000000405e+00 1.000000000000000048e-04 1.000000000000000048e-04 1.000000000000000000e+00
-4.705250000000000377e+00 1.000000000000000048e-04 1.000000000000000048e-04 1.000000000000000000e+00
-4.704500000000000348e+00 1.000000000000000048e-04 1.000000000000000048e-04 1.000000000000000000e+00
-4.703750000000000320e+00 1.000000000000000048e-04 1.000000000000000048e-04 1.000000000000000000e+00
-4.703000000000000291e+00 1.000000000000000048e-04 1.000000000000000048e-04 1.000000000000000000e+00
-4.702250000000000263e+00 1.000000000000000048e-04 1.000000000000000048e-04 1.000000000000000000e+00
-4.701500000000000234e+00 1.000000000000000048e-04 1.000000000000000048e-04 1.000000000000000000e+00
-4.700750000000000206e+00 1.000000000000000048e-04 1.000000000000000048e-04 1.000000000000000000e+00
-4.700000000000000178e+00 1.000000000000000048e-04 1.000000000000000048e-04 1.000000000000000000e+00
-4.699250000000000149e+00 1.000000000000000048e-04 1.000000000000000048e-04 1.000000000000000000e+00
-4.698500000000000121e+00 1.000000000000000048e-04 1.000000000000000048e-04 1.000000000000000000e+00
-4.697750000000000092e+00 1.000000000000000048e-04 1.000000000000000048e-04 1.000000000000000000e+00
-4.697000000000000064e+00 1.000000000000000048e-04 1.000000000000000048e-04 1.000000000000000000e+00
-4.696250000000000036e+00 1.000000000000000048e-04 1.000000000000000048e-04 1.000000000000000000e+00
-4.695500000000000007e+00 1.000000000000000048e-04 1.000000000000000048e-04 1.000000000000000000e+00
-4.694749999999999979e+00 1.000000000000000048e-04 1.000000000000000048e-04 1.000000000000000000e+00
-4.693999999999999950e+00 1.000000000000000048e-04 1.000000000000000048e-04 1.000000000000000000e+00
-4.693249999999999922e+00 1.000000000000000048e-04 1.000000000000000048e-04 1.000000000000000000e+00
-4.692499999999999893e+00 1.000000000000000048e-04 1.000000000000000048e-04 1.000000000000000000e+00
-4.691749999999999865e+00 1.000000000000000048e-04 1.000000000000000048e-04 1.000000000000000000e+00
-4.690999999999999837e+00 1.000000000000000048e-04 1.000000000000000048e-04 1.000000000000000000e+00
-4.690249999999999808e+00 1.000000000000000048e-04 1.000000000000000048e-04 1.000000000000000000e+00
-4.689499999999999780e+00 1.000000000000000048e-04 1.000000000000000048e-04 1.000000000000000000e+00
-4.688749999999999751e+00 1.000000000000000048e-04 1.000000000000000048e-04 1.000000000000000000e+00
-4.687999999999999723e+00 1.000000000000000048e-04 1.000000000000000048e-04 1.000000000000000000e+00
-4.687249999999999694e+00 1.000000000000000048e-04 1.000000000000000048e-04 1.000000000000000000e+00
-4.686499999999999666e+00 1.000000000000000048e-04 1.000000000000000048e-04 1.000000000000000000e+00
-4.685749999999999638e+00 1.000000000000000048e-04 1.000000000000000048e-04 1.000000000000000000e+00
-4.684999999999999609e+00 1.000000000000000048e-04 1.000000000000000048e-04 1.000000000000000000e+00
-4.684249999999999581e+00 1.000000000000000048e-04 1.000000000000000048e-04 1.000000000000000000e+00
-4.683500000000000441e+00 1.000000000000000048e-04 1.000000000000000048e-04 1.000000000000000000e+00
-4.682750000000000412e+00 1.000000000000000048e-04 1.000000000000000048e-04 1.000000000000000000e+00
-4.682000000000000384e+00 1.000000000000000048e-04 1.000000000000000048e-04 1.000000000000000000e+00
-4.681250000000000355e+00 1.000000000000000048e-04 1.000000000000000048e-04 1.000000000000000000e+00
-4.680500000000000327e+00 1.000000000000000048e-04 1.000000000000000048e-04 1.000000000000000000e+00
-4.679750000000000298e+00 1.000000000000000048e-04 1.000000000000000048e-04 1.000000000000000000e+00
-4.679000000000000270e+00 1.000000000000000048e-04 1.000000000000000048e-04 1.000000000000000000e+00
-4.678250000000000242e+00 1.000000000000000048e-04 1.000000000000000048e-04 1.000000000000000000e+00
-4.677500000000000213e+00 1.000000000000000048e-04 1.000000000000000048e-04 1.000000000000000000e+00
-4.676750000000000185e+00 1.000000000000000048e-04 1.000000000000000048e-04 1.000000000000000000e+00
-4.676000000000000156e+00 1.000000000000000048e-04 1.000000000000000048e-04 1.000000000000000000e+00
-4.675250000000000128e+00 1.000000000000000048e-04 1.000000000000000048e-04 1.000000000000000000e+00
-4.674500000000000099e+00 1.000000000000000048e-04 1.000000000000000048e-04 1.000000000000000000e+00
-4.673750000000000071e+00 1.000000000000000048e-04 1.000000000000000048e-04 1.000000000000000000e+00
-4.673000000000000043e+00 1.000000000000000048e-04 1.000000000000000048e-04 1.000000000000000000e+00
-4.672250000000000014e+00 1.000000000000000048e-04 1.000000000000000048e-04 1.000000000000000000e+00
-4.671499999999999986e+00 1.000000000000000048e-04 1.000000000000000048e-04 1.000000000000000000e+00
-4.670749999999999957e+00 1.000000000000000048e-04 1.000000000000000048e-04 1.000000000000000000e+00
-4.669999999999999929e+00 1.000000000000000048e-04 1.000000000000000048e-04 1.000000000000000000e+00
-4.669249999999999901e+00 1.000000000000000048e-04 1.000000000000000048e-04 1.000000000000000000e+00
-4.668499999999999872e+00 1.000000000000000048e-04 1.000000000000000048e-04 1.000000000000000000e+00
-4.667749999999999844e+00 1.000000000000000048e-04 1.000000000000000048e-04 1.000000000000000000e+00
-4.666999999999999815e+00 1.000000000000000048e-04 1.000000000000000048e-04 1.000000000000000000e+00
-4.666249999999999787e+00 1.000000000000000048e-04 1.000000000000000048e-04 1.000000000000000000e+00
-4.665499999999999758e+00 1.000000000000000048e-04 1.000000000000000048e-04 1.000000000000000000e+00
-4.664749999999999730e+00 1.000000000000000048e-04 1.000000000000000048e-04 1.000000000000000000e+00
-4.663999999999999702e+00 1.000000000000000048e-04 1.000000000000000048e-04 1.000000000000000000e+00
-4.663249999999999673e+00 1.000000000000000048e-04 1.000000000000000048e-04 1.000000000000000000e+00
-4.662499999999999645e+00 1.000000000000000048e-04 1.000000000000000048e-04 1.000000000000000000e+00
-4.661749999999999616e+00 1.000000000000000048e-04 1.000000000000000048e-04 1.000000000000000000e+00
-4.660999999999999588e+00 1.000000000000000048e-04 1.000000000000000048e-04 1.000000000000000000e+00
-4.660249999999999559e+00 1.000000000000000048e-04 1.000000000000000048e-04 1.000000000000000000e+00
-4.659499999999999531e+00 1.000000000000000048e-04 1.000000000000000048e-04 1.000000000000000000e+00
-4.658750000000000391e+00 1.000000000000000048e-04 1.000000000000000048e-04 1.000000000000000000e+00
-4.658000000000000362e+00 1.000000000000000048e-04 1.000000000000000048e-04 1.000000000000000000e+00
-4.657250000000000334e+00 1.000000000000000048e-04 1.000000000000000048e-04 1.000000000000000000e+00
-4.656500000000000306e+00 1.000000000000000048e-04 1.000000000000000048e-04 1.000000000000000000e+00
-4.655750000000000277e+00 1.000000000000000048e-04 1.000000000000000048e-04 1.000000000000000000e+00
-4.655000000000000249e+00 1.000000000000000048e-04 1.000000000000000048e-04 1.000000000000000000e+00
-4.654250000000000220e+00 1.000000000000000048e-04 1.000000000000000048e-04 1.000000000000000000e+00
-4.653500000000000192e+00 1.000000000000000048e-04 1.000000000000000048e-04 1.000000000000000000e+00
-4.652750000000000163e+00 1.000000000000000048e-04 1.000000000000000048e-04 1.000000000000000000e+00
-4.652000000000000135e+00 1.000000000000000048e-04 1.000000000000000048e-04 1.000000000000000000e+00
-4.651250000000000107e+00 1.000000000000000048e-04 1.000000000000000048e-04 1.000000000000000000e+00
-4.650500000000000078e+00 1.000000000000000048e-04 1.000000000000000048e-04 1.000000000000000000e+00
-4.649750000000000050e+00 1.000000000000000048e-04 1.000000000000000048e-04 1.000000000000000000e+00
-4.649000000000000021e+00 1.000000000000000048e-04 1.000000000000000048e-04 1.000000000000000000e+00
-4.648249999999999993e+00 1.000000000000000048e-04 1.000000000000000048e-04 1.000000000000000000e+00
-4.647499999999999964e+00 1.000000000000000048e-04 1.000000000000000048e-04 1.000000000000000000e+00
-4.646749999999999936e+00 1.000000000000000048e-04 1.000000000000000048e-04 1.000000000000000000e+00
-4.645999999999999908e+00 1.000000000000000048e-04 1.000000000000000048e-04 1.000000000000000000e+00
-4.645249999999999879e+00 1.000000000000000048e-04 1.000000000000000048e-04 1.000000000000000000e+00
-4.644499999999999851e+00 1.000000000000000048e-04 1.000000000000000048e-04 1.000000000000000000e+00
-4.643749999999999822e+00 1.000000000000000048e-04 1.000000000000000048e-04 1.000000000000000000e+00
-4.642999999999999794e+00 1.000000000000000048e-04 1.000000000000000048e-04 1.000000000000000000e+00
-4.642249999999999766e+00 1.000000000000000048e-04 1.000000000000000048e-04 1.000000000000000000e+00
-4.641499999999999737e+00 1.000000000000000048e-04 1.000000000000000048e-04 1.000000000000000000e+00
-4.640749999999999709e+00 1.000000000000000048e-04 1.000000000000000048e-04 1.000000000000000000e+00
-4.639999999999999680e+00 1.000000000000000048e-04 1.000000000000000048e-04 1.000000000000000000e+00
-4.639249999999999652e+00 1.000000000000000048e-04 1.000000000000000048e-04 1.000000000000000000e+00
-4.638499999999999623e+00 1.000000000000000048e-04 1.000000000000000048e-04 1.000000000000000000e+00
-4.637749999999999595e+00 1.000000000000000048e-04 1.000000000000000048e-04 1.000000000000000000e+00
-4.637000000000000455e+00 1.000000000000000048e-04 1.000000000000000048e-04 1.000000000000000000e+00
-4.636250000000000426e+00 1.000000000000000048e-04 1.000000000000000048e-04 1.000000000000000000e+00
-4.635500000000000398e+00 1.000000000000000048e-04 1.000000000000000048e-04 1.000000000000000000e+00
-4.634750000000000369e+00 1.000000000000000048e-04 1.000000000000000048e-04 1.000000000000000000e+00
-4.634000000000000341e+00 1.000000000000000048e-04 1.000000000000000048e-04 1.000000000000000000e+00
-4.633250000000000313e+00 1.000000000000000048e-04 1.000000000000000048e-04 1.000000000000000000e+00
-4.632500000000000284e+00 1.000000000000000048e-04 1.000000000000000048e-04 1.000000000000000000e+00
-4.631750000000000256e+00 1.000000000000000048e-04 1.000000000000000048e-04 1.000000000000000000e+00
-4.631000000000000227e+00 1.000000000000000048e-04 1.000000000000000048e-04 1.000000000000000000e+00
-4.630250000000000199e+00 1.000000000000000048e-04 1.000000000000000048e-04 1.000000000000000000e+00
-4.629500000000000171e+00 1.000000000000000048e-04 1.000000000000000048e-04 1.000000000000000000e+00
-4.628750000000000142e+00 1.000000000000000048e-04 1.000000000000000048e-04 1.000000000000000000e+00
-4.628000000000000114e+00 1.000000000000000048e-04 1.000000000000000048e-04 1.000000000000000000e+00
-4.627250000000000085e+00 1.000000000000000048e-04 1.000000000000000048e-04 1.000000000000000000e+00
-4.626500000000000057e+00 1.000000000000000048e-04 1.000000000000000048e-04 1.000000000000000000e+00
-4.625750000000000028e+00 1.000000000000000048e-04 1.000000000000000048e-04 1.000000000000000000e+00
-4.625000000000000000e+00 1.000000000000000048e-04 1.000000000000000048e-04 1.000000000000000000e+00
-4.624249999999999972e+00 1.000000000000000048e-04 1.000000000000000048e-04 1.000000000000000000e+00
-4.623499999999999943e+00 1.000000000000000048e-04 1.000000000000000048e-04 1.000000000000000000e+00
-4.622749999999999915e+00 1.000000000000000048e-04 1.000000000000000048e-04 1.000000000000000000e+00
-4.621999999999999886e+00 1.000000000000000048e-04 1.000000000000000048e-04 1.000000000000000000e+00
-4.621249999999999858e+00 1.000000000000000048e-04 1.000000000000000048e-04 1.000000000000000000e+00
-4.620499999999999829e+00 1.000000000000000048e-04 1.000000000000000048e-04 1.000000000000000000e+00
-4.619749999999999801e+00 1.000000000000000048e-04 1.000000000000000048e-04 1.000000000000000000e+00
-4.618999999999999773e+00 1.000000000000000048e-04 1.000000000000000048e-04 1.000000000000000000e+00
-4.618249999999999744e+00 1.000000000000000048e-04 1.000000000000000048e-04 1.000000000000000000e+00
-4.617499999999999716e+00 1.000000000000000048e-04 1.000000000000000048e-04 1.000000000000000000e+00
-4.616749999999999687e+00 1.000000000000000048e-04 1.000000000000000048e-04 1.000000000000000000e+00
-4.615999999999999659e+00 1.000000000000000048e-04 1.000000000000000048e-04 1.000000000000000000e+00
-4.615249999999999631e+00 1.000000000000000048e-04 1.000000000000000048e-04 1.000000000000000000e+00
-4.614499999999999602e+00 1.000000000000000048e-04 1.000000000000000048e-04 1.000000000000000000e+00
-4.613749999999999574e+00 1.000000000000000048e-04 1.000000000000000048e-04 1.000000000000000000e+00
-4.612999999999999545e+00 1.000000000000000048e-04 1.000000000000000048e-04 1.000000000000000000e+00
-4.612250000000000405e+00 1.000000000000000048e-04 1.000000000000000048e-04 1.000000000000000000e+00
-4.611500000000000377e+00 1.000000000000000048e-04 1.000000000000000048e-04 1.000000000000000000e+00
-4.610750000000000348e+00 1.000000000000000048e-04 1.000000000000000048e-04 1.000000000000000000e+00
-4.610000000000000320e+00 1.000000000000000048e-04 1.000000000000000048e-04 1.000000000000000000e+00
-4.609250000000000291e+00 1.000000000000000048e-04 1.000000000000000048e-04 1.000000000000000000e+00
-4.608500000000000263e+00 1.000000000000000048e-04 1.000000000000000048e-04 1.000000000000000000e+00
-4.607750000000000234e+00 1.000000000000000048e-04 1.000000000000000048e-04 1.000000000000000000e+00
-4.607000000000000206e+00 1.000000000000000048e-04 1.000000000000000048e-04 1.000000000000000000e+00
-4.606250000000000178e+00 1.000000000000000048e-04 1.000000000000000048e-04 1.000000000000000000e+00
-4.605500000000000149e+00 1.000000000000000048e-04 1.000000000000000048e-04 1.000000000000000000e+00
-4.604750000000000121e+00 1.000000000000000048e-04 1.000000000000000048e-04 1.000000000000000000e+00
-4.604000000000000092e+00 1.000000000000000048e-04 1.000000000000000048e-04 1.000000000000000000e+00
-4.603250000000000064e+00 1.000000000000000048e-04 1.000000000000000048e-04 1.000000000000000000e+00
-4.602500000000000036e+00 1.000000000000000048e-04 1.000000000000000048e-04 1.000000000000000000e+00
-4.601750000000000007e+00 1.000000000000000048e-04 1.000000000000000048e-04 1.000000000000000000e+00
-4.600999999999999979e+00 1.000000000000000048e-04 1.000000000000000048e-04 1.000000000000000000e+00
-4.600249999999999950e+00 1.000000000000000048e-04 1.000000000000000048e-04 1.000000000000000000e+00
-4.599499999999999922e+00 1.000000000000000048e-04 1.000000000000000048e-04 1.000000000000000000e+00
-4.598749999999999893e+00 1.000000000000000048e-04 1.000000000000000048e-04 1.000000000000000000e+00
-4.597999999999999865e+00 1.000000000000000048e-04 1.000000000000000048e-04 1.000000000000000000e+00
-4.597249999999999837e+00 1.000000000000000048e-04 1.000000000000000048e-04 1.000000000000000000e+00
-4.596499999999999808e+00 1.000000000000000048e-04 1.000000000000000048e-04 1.000000000000000000e+00
-4.595749999999999780e+00 1.000000000000000048e-04 1.000000000000000048e-04 1.000000000000000000e+00
-4.594999999999999751e+00 1.000000000000000048e-04 1.000000000000000048e-04 1.000000000000000000e+00
-4.594249999999999723e+00 1.000000000000000048e-04 1.000000000000000048e-04 1.000000000000000000e+00
-4.593499999999999694e+00 1.000000000000000048e-04 1.000000000000000048e-04 1.000000000000000000e+00
-4.592749999999999666e+00 1.000000000000000048e-04 1.000000000000000048e-04 1.000000000000000000e+00
-4.591999999999999638e+00 1.000000000000000048e-04 1.000000000000000048e-04 1.000000000000000000e+00
-4.591249999999999609e+00 1.000000000000000048e-04 1.000000000000000048e-04 1.000000000000000000e+00
-4.590499999999999581e+00 1.000000000000000048e-04 1.000000000000000048e-04 1.000000000000000000e+00
-4.589750000000000441e+00 1.000000000000000048e-04 1.000000000000000048e-04 1.000000000000000000e+00
-4.589000000000000412e+00 1.000000000000000048e-04 1.000000000000000048e-04 1.000000000000000000e+00
-4.588250000000000384e+00 1.000000000000000048e-04 1.000000000000000048e-04 1.000000000000000000e+00
-4.587500000000000355e+00 1.000000000000000048e-04 1.000000000000000048e-04 1.000000000000000000e+00
-4.586750000000000327e+00 1.000000000000000048e-04 1.000000000000000048e-04 1.000000000000000000e+00
-4.586000000000000298e+00 1.000000000000000048e-04 1.000000000000000048e-04 1.000000000000000000e+00
-4.585250000000000270e+00 1.000000000000000048e-04 1.000000000000000048e-04 1.000000000000000000e+00
-4.584500000000000242e+00 1.000000000000000048e-04 1.000000000000000048e-04 1.000000000000000000e+00
-4.583750000000000213e+00 1.000000000000000048e-04 1.000000000000000048e-04 1.000000000000000000e+00
-4.583000000000000185e+00 1.000000000000000048e-04 1.000000000000000048e-04 1.000000000000000000e+00
-4.582250000000000156e+00 1.000000000000000048e-04 1.000000000000000048e-04 1.000000000000000000e+00
-4.581500000000000128e+00 1.000000000000000048e-04 1.000000000000000048e-04 1.000000000000000000e+00
-4.580750000000000099e+00 1.000000000000000048e-04 1.000000000000000048e-04 1.000000000000000000e+00
-4.580000000000000071e+00 1.000000000000000048e-04 1.000000000000000048e-04 1.000000000000000000e+00
-4.579250000000000043e+00 1.000000000000000048e-04 1.000000000000000048e-04 1.000000000000000000e+00
-4.578500000000000014e+00 1.000000000000000048e-04 1.000000000000000048e-04 1.000000000000000000e+00
-4.577749999999999986e+00 1.000000000000000048e-04 1.000000000000000048e-04 1.000000000000000000e+00
-4.576999999999999957e+00 1.000000000000000048e-04 1.000000000000000048e-04 1.000000000000000000e+00
-4.576249999999999929e+00 1.000000000000000048e-04 1.000000000000000048e-04 1.000000000000000000e+00
-4.575499999999999901e+00 1.000000000000000048e-04 1.000000000000000048e-04 1.000000000000000000e+00
-4.574749999999999872e+00 1.000000000000000048e-04 1.000000000000000048e-04 1.000000000000000000e+00
-4.573999999999999844e+00 1.000000000000000048e-04 1.000000000000000048e-04 1.000000000000000000e+00
-4.573249999999999815e+00 1.000000000000000048e-04 1.000000000000000048e-04 1.000000000000000000e+00
-4.572499999999999787e+00 1.000000000000000048e-04 1.000000000000000048e-04 1.000000000000000000e+00
-4.571749999999999758e+00 1.000000000000000048e-04 1.000000000000000048e-04 1.000000000000000000e+00
-4.570999999999999730e+00 1.000000000000000048e-04 1.000000000000000048e-04 1.000000000000000000e+00
-4.570249999999999702e+00 1.000000000000000048e-04 1.000000000000000048e-04 1.000000000000000000e+00
-4.569499999999999673e+00 1.000000000000000048e-04 1.000000000000000048e-04 1.000000000000000000e+00
-4.568749999999999645e+00 1.000000000000000048e-04 1.000000000000000048e-04 1.000000000000000000e+00
-4.567999999999999616e+00 1.000000000000000048e-04 1.000000000000000048e-04 1.000000000000000000e+00
-4.567249999999999588e+00 1.000000000000000048e-04 1.000000000000000048e-04 1.000000000000000000e+00
-4.566499999999999559e+00 1.000000000000000048e-04 1.000000000000000048e-04 1.000000000000000000e+00
-4.565749999999999531e+00 1.000000000000000048e-04 1.000000000000000048e-04 1.000000000000000000e+00
-4.565000000000000391e+00 1.000000000000000048e-04 1.000000000000000048e-04 1.000000000000000000e+00
-4.564250000000000362e+00 1.000000000000000048e-04 1.000000000000000048e-04 1.000000000000000000e+00
-4.563500000000000334e+00 1.000000000000000048e-04 1.000000000000000048e-04 1.000000000000000000e+00
-4.562750000000000306e+00 1.000000000000000048e-04 1.000000000000000048e-04 1.000000000000000000e+00
-4.562000000000000277e+00 1.000000000000000048e-04 1.000000000000000048e-04 1.000000000000000000e+00
-4.561250000000000249e+00 1.000000000000000048e-04 1.000000000000000048e-04 1.000000000000000000e+00
-4.560500000000000220e+00 1.000000000000000048e-04 1.000000000000000048e-04 1.000000000000000000e+00
-4.559750000000000192e+00 1.000000000000000048e-04 1.000000000000000048e-04 1.000000000000000000e+00
-4.559000000000000163e+00 1.000000000000000048e-04 1.000000000000000048e-04 1.000000000000000000e+00
-4.558250000000000135e+00 1.000000000000000048e-04 1.000000000000000048e-04 1.000000000000000000e+00
-4.557500000000000107e+00 1.000000000000000048e-04 1.000000000000000048e-04 1.000000000000000000e+00
-4.556750000000000078e+00 1.000000000000000048e-04 1.000000000000000048e-04 1.000000000000000000e+00
-4.556000000000000050e+00 1.000000000000000048e-04 1.000000000000000048e-04 1.000000000000000000e+00
-4.555250000000000021e+00 1.000000000000000048e-04 1.000000000000000048e-04 1.000000000000000000e+00
-4.554499999999999993e+00 1.000000000000000048e-04 1.000000000000000048e-04 1.000000000000000000e+00
-4.553749999999999964e+00 1.000000000000000048e-04 1.000000000000000048e-04 1.000000000000000000e+00
-4.552999999999999936e+00 1.000000000000000048e-04 1.000000000000000048e-04 1.000000000000000000e+00
-4.552249999999999908e+00 1.000000000000000048e-04 1.000000000000000048e-04 1.000000000000000000e+00
-4.551499999999999879e+00 1.000000000000000048e-04 1.000000000000000048e-04 1.000000000000000000e+00
-4.550749999999999851e+00 1.000000000000000048e-04 1.000000000000000048e-04 1.000000000000000000e+00
-4.549999999999999822e+00 1.000000000000000048e-04 1.000000000000000048e-04 1.000000000000000000e+00
-4.549249999999999794e+00 1.000000000000000048e-04 1.000000000000000048e-04 1.000000000000000000e+00
-4.548499999999999766e+00 1.000000000000000048e-04 1.000000000000000048e-04 1.000000000000000000e+00
-4.547749999999999737e+00 1.000000000000000048e-04 1.000000000000000048e-04 1.000000000000000000e+00
-4.546999999999999709e+00 1.000000000000000048e-04 1.000000000000000048e-04 1.000000000000000000e+00
-4.546249999999999680e+00 1.000000000000000048e-04 1.000000000000000048e-04 1.000000000000000000e+00
-4.545499999999999652e+00 1.000000000000000048e-04 1.000000000000000048e-04 1.000000000000000000e+00
-4.544749999999999623e+00 1.000000000000000048e-04 1.000000000000000048e-04 1.000000000000000000e+00
-4.543999999999999595e+00 1.000000000000000048e-04 1.000000000000000048e-04 1.000000000000000000e+00
-4.543250000000000455e+00 1.000000000000000048e-04 1.000000000000000048e-04 1.000000000000000000e+00
-4.542500000000000426e+00 1.000000000000000048e-04 1.000000000000000048e-04 1.000000000000000000e+00
-4.541750000000000398e+00 1.000000000000000048e-04 1.000000000000000048e-04 1.000000000000000000e+00
-4.541000000000000369e+00 1.000000000000000048e-04 1.000000000000000048e-04 1.000000000000000000e+00
-4.540250000000000341e+00 1.000000000000000048e-04 1.000000000000000048e-04 1.000000000000000000e+00
-4.539500000000000313e+00 1.000000000000000048e-04 1.000000000000000048e-04 1.000000000000000000e+00
-4.538750000000000284e+00 1.000000000000000048e-04 1.000000000000000048e-04 1.000000000000000000e+00
-4.538000000000000256e+00 1.000000000000000048e-04 1.000000000000000048e-04 1.000000000000000000e+00
-4.537250000000000227e+00 1.000000000000000048e-04 1.000000000000000048e-04 1.000000000000000000e+00
-4.536500000000000199e+00 1.000000000000000048e-04 1.000000000000000048e-04 1.000000000000000000e+00
-4.535750000000000171e+00 1.000000000000000048e-04 1.000000000000000048e-04 1.000000000000000000e+00
-4.535000000000000142e+00 1.000000000000000048e-04 1.000000000000000048e-04 1.000000000000000000e+00
-4.534250000000000114e+00 1.000000000000000048e-04 1.000000000000000048e-04 1.000000000000000000e+00
-4.533500000000000085e+00 1.000000000000000048e-04 1.000000000000000048e-04 1.000000000000000000e+00
-4.532750000000000057e+00 1.000000000000000048e-04 1.000000000000000048e-04 1.000000000000000000e+00
-4.532000000000000028e+00 1.000000000000000048e-04 1.000000000000000048e-04 1.000000000000000000e+00
-4.531250000000000000e+00 1.000000000000000048e-04 1.000000000000000048e-04 1.000000000000000000e+00
-4.530499999999999972e+00 1.000000000000000048e-04 1.000000000000000048e-04 1.000000000000000000e+00
-4.529749999999999943e+00 1.000000000000000048e-04 1.000000000000000048e-04 1.000000000000000000e+00
-4.528999999999999915e+00 1.000000000000000048e-04 1.000000000000000048e-04 1.000000000000000000e+00
-4.528249999999999886e+00 1.000000000000000048e-04 1.000000000000000048e-04 1.000000000000000000e+00
-4.527499999999999858e+00 1.000000000000000048e-04 1.000000000000000048e-04 1.000000000000000000e+00
-4.526749999999999829e+00 1.000000000000000048e-04 1.000000000000000048e-04 1.000000000000000000e+00
-4.525999999999999801e+00 1.000000000000000048e-04 1.000000000000000048e-04 1.000000000000000000e+00
-4.525249999999999773e+00 1.000000000000000048e-04 1.000000000000000048e-04 1.000000000000000000e+00
-4.524499999999999744e+00 1.000000000000000048e-04 1.000000000000000048e-04 1.000000000000000000e+00
-4.523749999999999716e+00 1.000000000000000048e-04 1.000000000000000048e-04 1.000000000000000000e+00
-4.522999999999999687e+00 1.000000000000000048e-04 1.000000000000000048e-04 1.000000000000000000e+00
-4.522249999999999659e+00 1.000000000000000048e-04 1.000000000000000048e-04 1.000000000000000000e+00
-4.521499999999999631e+00 1.000000000000000048e-04 1.000000000000000048e-04 1.000000000000000000e+00
-4.520749999999999602e+00 1.000000000000000048e-04 1.000000000000000048e-04 1.000000000000000000e+00
-4.519999999999999574e+00 1.000000000000000048e-04 1.000000000000000048e-04 1.000000000000000000e+00
-4.519249999999999545e+00 1.000000000000000048e-04 1.000000000000000048e-04 1.000000000000000000e+00
-4.518500000000000405e+00 1.000000000000000048e-04 1.000000000000000048e-04 1.000000000000000000e+00
-4.517750000000000377e+00 1.000000000000000048e-04 1.000000000000000048e-04 1.000000000000000000e+00
-4.517000000000000348e+00 1.000000000000000048e-04 1.000000000000000048e-04 1.000000000000000000e+00
-4.516250000000000320e+00 1.000000000000000048e-04 1.000000000000000048e-04 1.000000000000000000e+00
-4.515500000000000291e+00 1.000000000000000048e-04 1.000000000000000048e-04 1.000000000000000000e+00
-4.514750000000000263e+00 1.000000000000000048e-04 1.000000000000000048e-04 1.000000000000000000e+00
-4.514000000000000234e+00 1.000000000000000048e-04 1.000000000000000048e-04 1.000000000000000000e+00
-4.513250000000000206e+00 1.000000000000000048e-04 1.000000000000000048e-04 1.000000000000000000e+00
-4.512500000000000178e+00 1.000000000000000048e-04 1.000000000000000048e-04 1.000000000000000000e+00
-4.511750000000000149e+00 1.000000000000000048e-04 1.000000000000000048e-04 1.000000000000000000e+00
-4.511000000000000121e+00 1.000000000000000048e-04 1.000000000000000048e-04 1.000000000000000000e+00
-4.510250000000000092e+00 1.000000000000000048e-04 1.000000000000000048e-04 1.000000000000000000e+00
-4.509500000000000064e+00 1.000000000000000048e-04 1.000000000000000048e-04 1.000000000000000000e+00
-4.508750000000000036e+00 1.000000000000000048e-04 1.000000000000000048e-04 1.000000000000000000e+00
-4.508000000000000007e+00 1.000000000000000048e-04 1.000000000000000048e-04 1.000000000000000000e+00
-4.507249999999999979e+00 1.000000000000000048e-04 1.000000000000000048e-04 1.000000000000000000e+00
-4.506499999999999950e+00 1.000000000000000048e-04 1.000000000000000048e-04 1.000000000000000000e+00
-4.505749999999999922e+00 1.000000000000000048e-04 1.000000000000000048e-04 1.000000000000000000e+00
-4.504999999999999893e+00 1.000000000000000048e-04 1.000000000000000048e-04 1.000000000000000000e+00
-4.504249999999999865e+00 1.000000000000000048e-04 1.000000000000000048e-04 1.000000000000000000e+00
-4.503499999999999837e+00 1.000000000000000048e-04 1.000000000000000048e-04 1.000000000000000000e+00
-4.502749999999999808e+00 1.000000000000000048e-04 1.000000000000000048e-04 1.000000000000000000e+00
-4.501999999999999780e+00 1.000000000000000048e-04 1.000000000000000048e-04 1.000000000000000000e+00
-4.501249999999999751e+00 1.000000000000000048e-04 1.000000000000000048e-04 1.000000000000000000e+00
-4.500499999999999723e+00 1.000000000000000048e-04 1.000000000000000048e-04 1.000000000000000000e+00
-4.499749999999999694e+00 1.000000000000000048e-04 1.000000000000000048e-04 1.000000000000000000e+00
-4.498999999999999666e+00 1.000000000000000048e-04 1.000000000000000048e-04 1.000000000000000000e+00
-4.498249999999999638e+00 1.000000000000000048e-04 1.000000000000000048e-04 1.000000000000000000e+00
-4.497499999999999609e+00 1.000000000000000048e-04 1.000000000000000048e-04 1.000000000000000000e+00
-4.496750000000000469e+00 1.000000000000000048e-04 1.000000000000000048e-04 1.000000000000000000e+00
-4.496000000000000441e+00 1.000000000000000048e-04 1.000000000000000048e-04 1.000000000000000000e+00
-4.495250000000000412e+00 1.000000000000000048e-04 1.000000000000000048e-04 1.000000000000000000e+00
-4.494500000000000384e+00 1.000000000000000048e-04 1.000000000000000048e-04 1.000000000000000000e+00
-4.493750000000000355e+00 1.000000000000000048e-04 1.000000000000000048e-04 1.000000000000000000e+00
-4.493000000000000327e+00 1.000000000000000048e-04 1.000000000000000048e-04 1.000000000000000000e+00
-4.492250000000000298e+00 1.000000000000000048e-04 1.000000000000000048e-04 1.000000000000000000e+00
-4.491500000000000270e+00 1.000000000000000048e-04 1.000000000000000048e-04 1.000000000000000000e+00
-4.490750000000000242e+00 1.000000000000000048e-04 1.000000000000000048e-04 1.000000000000000000e+00
-4.490000000000000213e+00 1.000000000000000048e-04 1.000000000000000048e-04 1.000000000000000000e+00
-4.489250000000000185e+00 1.000000000000000048e-04 1.000000000000000048e-04 1.000000000000000000e+00
-4.488500000000000156e+00 1.000000000000000048e-04 1.000000000000000048e-04 1.000000000000000000e+00
-4.487750000000000128e+00 1.000000000000000048e-04 1.000000000000000048e-04 1.000000000000000000e+00
-4.487000000000000099e+00 1.000000000000000048e-04 1.000000000000000048e-04 1.000000000000000000e+00
-4.486250000000000071e+00 1.000000000000000048e-04 1.000000000000000048e-04 1.000000000000000000e+00
-4.485500000000000043e+00 1.000000000000000048e-04 1.000000000000000048e-04 1.000000000000000000e+00
-4.484750000000000014e+00 1.000000000000000048e-04 1.000000000000000048e-04 1.000000000000000000e+00
-4.483999999999999986e+00 1.000000000000000048e-04 1.000000000000000048e-04 1.000000000000000000e+00
-4.483249999999999957e+00 1.000000000000000048e-04 1.000000000000000048e-04 1.000000000000000000e+00
-4.482499999999999929e+00 1.000000000000000048e-04 1.000000000000000048e-04 1.000000000000000000e+00
-4.481749999999999901e+00 1.000000000000000048e-04 1.000000000000000048e-04 1.000000000000000000e+00
-4.480999999999999872e+00 1.000000000000000048e-04 1.000000000000000048e-04 1.000000000000000000e+00
-4.480249999999999844e+00 1.000000000000000048e-04 1.000000000000000048e-04 1.000000000000000000e+00
-4.479499999999999815e+00 1.000000000000000048e-04 1.000000000000000048e-04 1.000000000000000000e+00
-4.478749999999999787e+00 1.000000000000000048e-04 1.000000000000000048e-04 1.000000000000000000e+00
-4.477999999999999758e+00 1.000000000000000048e-04 1.000000000000000048e-04 1.000000000000000000e+00
-4.477249999999999730e+00 1.000000000000000048e-04 1.000000000000000048e-04 1.000000000000000000e+00
-4.476499999999999702e+00 1.000000000000000048e-04 1.000000000000000048e-04 1.000000000000000000e+00
-4.475749999999999673e+00 1.000000000000000048e-04 1.000000000000000048e-04 1.000000000000000000e+00
-4.474999999999999645e+00 1.000000000000000048e-04 1.000000000000000048e-04 1.000000000000000000e+00
-4.474249999999999616e+00 1.000000000000000048e-04 1.000000000000000048e-04 1.000000000000000000e+00
-4.473499999999999588e+00 1.000000000000000048e-04 1.000000000000000048e-04 1.000000000000000000e+00
-4.472749999999999559e+00 1.000000000000000048e-04 1.000000000000000048e-04 1.000000000000000000e+00
-4.471999999999999531e+00 1.000000000000000048e-04 1.000000000000000048e-04 1.000000000000000000e+00
-4.471249999999999503e+00 1.000000000000000048e-04 1.000000000000000048e-04 1.000000000000000000e+00
-4.470500000000000362e+00 1.000000000000000048e-04 1.000000000000000048e-04 1.000000000000000000e+00
-4.469750000000000334e+00 1.000000000000000048e-04 1.000000000000000048e-04 1.000000000000000000e+00
-4.469000000000000306e+00 1.000000000000000048e-04 1.000000000000000048e-04 1.000000000000000000e+00
-4.468250000000000277e+00 1.000000000000000048e-04 1.000000000000000048e-04 1.000000000000000000e+00
-4.467500000000000249e+00 1.000000000000000048e-04 1.000000000000000048e-04 1.000000000000000000e+00
-4.466750000000000220e+00 1.000000000000000048e-04 1.000000000000000048e-04 1.000000000000000000e+00
-4.466000000000000192e+00 1.000000000000000048e-04 1.000000000000000048e-04 1.000000000000000000e+00
-4.465250000000000163e+00 1.000000000000000048e-04 1.000000000000000048e-04 1.000000000000000000e+00
-4.464500000000000135e+00 1.000000000000000048e-04 1.000000000000000048e-04 1.000000000000000000e+00
-4.463750000000000107e+00 1.000000000000000048e-04 1.000000000000000048e-04 1.000000000000000000e+00
-4.463000000000000078e+00 1.000000000000000048e-04 1.000000000000000048e-04 1.000000000000000000e+00
-4.462250000000000050e+00 1.000000000000000048e-04 1.000000000000000048e-04 1.000000000000000000e+00
-4.461500000000000021e+00 1.000000000000000048e-04 1.000000000000000048e-04 1.000000000000000000e+00
-4.460749999999999993e+00 1.000000000000000048e-04 1.000000000000000048e-04 1.000000000000000000e+00
-4.459999999999999964e+00 1.000000000000000048e-04 1.000000000000000048e-04 1.000000000000000000e+00
-4.459249999999999936e+00 1.000000000000000048e-04 1.000000000000000048e-04 1.000000000000000000e+00
-4.458499999999999908e+00 1.000000000000000048e-04 1.000000000000000048e-04 1.000000000000000000e+00
-4.457749999999999879e+00 1.000000000000000048e-04 1.000000000000000048e-04 1.000000000000000000e+00
-4.456999999999999851e+00 1.000000000000000048e-04 1.000000000000000048e-04 1.000000000000000000e+00
-4.456249999999999822e+00 1.000000000000000048e-04 1.000000000000000048e-04 1.000000000000000000e+00
-4.455499999999999794e+00 1.000000000000000048e-04 1.000000000000000048e-04 1.000000000000000000e+00
-4.454749999999999766e+00 1.000000000000000048e-04 1.000000000000000048e-04 1.000000000000000000e+00
-4.453999999999999737e+00 1.000000000000000048e-04 1.000000000000000048e-04 1.000000000000000000e+00
-4.453249999999999709e+00 1.000000000000000048e-04 1.000000000000000048e-04 1.000000000000000000e+00
-4.452499999999999680e+00 1.000000000000000048e-04 1.000000000000000048e-04 1.000000000000000000e+00
-4.451749999999999652e+00 1.000000000000000048e-04 1.000000000000000048e-04 1.000000000000000000e+00
-4.450999999999999623e+00 1.000000000000000048e-04 1.000000000000000048e-04 1.000000000000000000e+00
-4.450250000000000483e+00 1.000000000000000048e-04 1.000000000000000048e-04 1.000000000000000000e+00
-4.449500000000000455e+00 1.000000000000000048e-04 1.000000000000000048e-04 1.000000000000000000e+00
-4.448750000000000426e+00 1.000000000000000048e-04 1.000000000000000048e-04 1.000000000000000000e+00
-4.448000000000000398e+00 1.000000000000000048e-04 1.000000000000000048e-04 1.000000000000000000e+00
-4.447250000000000369e+00 1.000000000000000048e-04 1.000000000000000048e-04 1.000000000000000000e+00
-4.446500000000000341e+00 1.000000000000000048e-04 1.000000000000000048e-04 1.000000000000000000e+00
-4.445750000000000313e+00 1.000000000000000048e-04 1.000000000000000048e-04 1.000000000000000000e+00
-4.445000000000000284e+00 1.000000000000000048e-04 1.000000000000000048e-04 1.000000000000000000e+00
-4.444250000000000256e+00 1.000000000000000048e-04 1.000000000000000048e-04 1.000000000000000000e+00
-4.443500000000000227e+00 1.000000000000000048e-04 1.000000000000000048e-04 1.000000000000000000e+00
-4.442750000000000199e+00 1.000000000000000048e-04 1.000000000000000048e-04 1.000000000000000000e+00
-4.442000000000000171e+00 1.000000000000000048e-04 1.000000000000000048e-04 1.000000000000000000e+00
-4.441250000000000142e+00 1.000000000000000048e-04 1.000000000000000048e-04 1.000000000000000000e+00
-4.440500000000000114e+00 1.000000000000000048e-04 1.000000000000000048e-04 1.000000000000000000e+00
-4.439750000000000085e+00 1.000000000000000048e-04 1.000000000000000048e-04 1.000000000000000000e+00
-4.439000000000000057e+00 1.000000000000000048e-04 1.000000000000000048e-04 1.000000000000000000e+00
-4.438250000000000028e+00 1.000000000000000048e-04 1.000000000000000048e-04 1.000000000000000000e+00
-4.437500000000000000e+00 1.000000000000000048e-04 1.000000000000000048e-04 1.000000000000000000e+00
-4.436749999999999972e+00 1.000000000000000048e-04 1.000000000000000048e-04 1.000000000000000000e+00
-4.435999999999999943e+00 1.000000000000000048e-04 1.000000000000000048e-04 1.000000000000000000e+00
-4.435249999999999915e+00 1.000000000000000048e-04 1.000000000000000048e-04 1.000000000000000000e+00
-4.434499999999999886e+00 1.000000000000000048e-04 1.000000000000000048e-04 1.000000000000000000e+00
-4.433749999999999858e+00 1.000000000000000048e-04 1.000000000000000048e-04 1.000000000000000000e+00
-4.432999999999999829e+00 1.000000000000000048e-04 1.000000000000000048e-04 1.000000000000000000e+00
-4.432249999999999801e+00 1.000000000000000048e-04 1.000000000000000048e-04 1.000000000000000000e+00
-4.431499999999999773e+00 1.000000000000000048e-04 1.000000000000000048e-04 1.000000000000000000e+00
-4.430749999999999744e+00 1.000000000000000048e-04 1.000000000000000048e-04 1.000000000000000000e+00
-4.429999999999999716e+00 1.000000000000000048e-04 1.000000000000000048e-04 1.000000000000000000e+00
-4.429249999999999687e+00 1.000000000000000048e-04 1.000000000000000048e-04 1.000000000000000000e+00
-4.428499999999999659e+00 1.000000000000000048e-04 1.000000000000000048e-04 1.000000000000000000e+00
-4.427749999999999631e+00 1.000000000000000048e-04 1.000000000000000048e-04 1.000000000000000000e+00
-4.426999999999999602e+00 1.000000000000000048e-04 1.000000000000000048e-04 1.000000000000000000e+00
-4.426249999999999574e+00 1.000000000000000048e-04 1.000000000000000048e-04 1.000000000000000000e+00
-4.425499999999999545e+00 1.000000000000000048e-04 1.000000000000000048e-04 1.000000000000000000e+00
-4.424749999999999517e+00 1.000000000000000048e-04 1.000000000000000048e-04 1.000000000000000000e+00
-4.423999999999999488e+00 1.000000000000000048e-04 1.000000000000000048e-04 1.000000000000000000e+00
-4.423250000000000348e+00 1.000000000000000048e-04 1.000000000000000048e-04 1.000000000000000000e+00
-4.422500000000000320e+00 1.000000000000000048e-04 1.000000000000000048e-04 1.000000000000000000e+00
-4.421750000000000291e+00 1.000000000000000048e-04 1.000000000000000048e-04 1.000000000000000000e+00
-4.421000000000000263e+00 1.000000000000000048e-04 1.000000000000000048e-04 1.000000000000000000e+00
-4.420250000000000234e+00 1.000000000000000048e-04 1.000000000000000048e-04 1.000000000000000000e+00
-4.419500000000000206e+00 1.000000000000000048e-04 1.000000000000000048e-04 1.000000000000000000e+00
-4.418750000000000178e+00 1.000000000000000048e-04 1.000000000000000048e-04 1.000000000000000000e+00
-4.418000000000000149e+00 1.000000000000000048e-04 1.000000000000000048e-04 1.000000000000000000e+00
-4.417250000000000121e+00 1.000000000000000048e-04 1.000000000000000048e-04 1.000000000000000000e+00
-4.416500000000000092e+00 1.000000000000000048e-04 1.000000000000000048e-04 1.000000000000000000e+00
-4.415750000000000064e+00 1.000000000000000048e-04 1.000000000000000048e-04 1.000000000000000000e+00
-4.415000000000000036e+00 1.000000000000000048e-04 1.000000000000000048e-04 1.000000000000000000e+00
-4.414250000000000007e+00 1.000000000000000048e-04 1.000000000000000048e-04 1.000000000000000000e+00
-4.413499999999999979e+00 1.000000000000000048e-04 1.000000000000000048e-04 1.000000000000000000e+00
-4.412749999999999950e+00 1.000000000000000048e-04 1.000000000000000048e-04 1.000000000000000000e+00
-4.411999999999999922e+00 1.000000000000000048e-04 1.000000000000000048e-04 1.000000000000000000e+00
-4.411249999999999893e+00 1.000000000000000048e-04 1.000000000000000048e-04 1.000000000000000000e+00
-4.410499999999999865e+00 1.000000000000000048e-04 1.000000000000000048e-04 1.000000000000000000e+00
-4.409749999999999837e+00 1.000000000000000048e-04 1.000000000000000048e-04 1.000000000000000000e+00
-4.408999999999999808e+00 1.000000000000000048e-04 1.000000000000000048e-04 1.000000000000000000e+00
-4.408249999999999780e+00 1.000000000000000048e-04 1.000000000000000048e-04 1.000000000000000000e+00
-4.407499999999999751e+00 1.000000000000000048e-04 1.000000000000000048e-04 1.000000000000000000e+00
-4.406749999999999723e+00 1.000000000000000048e-04 1.000000000000000048e-04 1.000000000000000000e+00
-4.405999999999999694e+00 1.000000000000000048e-04 1.000000000000000048e-04 1.000000000000000000e+00
-4.405249999999999666e+00 1.000000000000000048e-04 1.000000000000000048e-04 1.000000000000000000e+00
-4.404499999999999638e+00 1.000000000000000048e-04 1.000000000000000048e-04 1.000000000000000000e+00
-4.403749999999999609e+00 1.000000000000000048e-04 1.000000000000000048e-04 1.000000000000000000e+00
-4.403000000000000469e+00 1.000000000000000048e-04 1.000000000000000048e-04 1.000000000000000000e+00
-4.402250000000000441e+00 1.000000000000000048e-04 1.000000000000000048e-04 1.000000000000000000e+00
-4.401500000000000412e+00 1.000000000000000048e-04 1.000000000000000048e-04 1.000000000000000000e+00
-4.400750000000000384e+00 1.000000000000000048e-04 1.000000000000000048e-04 1.000000000000000000e+00
-4.400000000000000355e+00 1.000000000000000048e-04 1.000000000000000048e-04 1.000000000000000000e+00
-4.399250000000000327e+00 1.000000000000000048e-04 1.000000000000000048e-04 1.000000000000000000e+00
-4.398500000000000298e+00 1.000000000000000048e-04 1.000000000000000048e-04 1.000000000000000000e+00
-4.397750000000000270e+00 1.000000000000000048e-04 1.000000000000000048e-04 1.000000000000000000e+00
-4.397000000000000242e+00 1.000000000000000048e-04 1.000000000000000048e-04 1.000000000000000000e+00
-4.396250000000000213e+00 1.000000000000000048e-04 1.000000000000000048e-04 1.000000000000000000e+00
-4.395500000000000185e+00 1.000000000000000048e-04 1.000000000000000048e-04 1.000000000000000000e+00
-4.394750000000000156e+00 1.000000000000000048e-04 1.000000000000000048e-04 1.000000000000000000e+00
-4.394000000000000128e+00 1.000000000000000048e-04 1.000000000000000048e-04 1.000000000000000000e+00
-4.393250000000000099e+00 1.000000000000000048e-04 1.000000000000000048e-04 1.000000000000000000e+00
-4.392500000000000071e+00 1.000000000000000048e-04 1.000000000000000048e-04 1.000000000000000000e+00
-4.391750000000000043e+00 1.000000000000000048e-04 1.000000000000000048e-04 1.000000000000000000e+00
-4.391000000000000014e+00 1.000000000000000048e-04 1.000000000000000048e-04 1.000000000000000000e+00
-4.390249999999999986e+00 1.000000000000000048e-04 1.000000000000000048e-04 1.000000000000000000e+00
-4.389499999999999957e+00 1.000000000000000048e-04 1.000000000000000048e-04 1.000000000000000000e+00
-4.388749999999999929e+00 1.000000000000000048e-04 1.000000000000000048e-04 1.000000000000000000e+00
-4.387999999999999901e+00 1.000000000000000048e-04 1.000000000000000048e-04 1.000000000000000000e+00
-4.387249999999999872e+00 1.000000000000000048e-04 1.000000000000000048e-04 1.000000000000000000e+00
-4.386499999999999844e+00 1.000000000000000048e-04 1.000000000000000048e-04 1.000000000000000000e+00
-4.385749999999999815e+00 1.000000000000000048e-04 1.000000000000000048e-04 1.000000000000000000e+00
-4.384999999999999787e+00 1.000000000000000048e-04 1.000000000000000048e-04 1.000000000000000000e+00
-4.384249999999999758e+00 1.000000000000000048e-04 1.000000000000000048e-04 1.000000000000000000e+00
-4.383499999999999730e+00 1.000000000000000048e-04 1.000000000000000048e-04 1.000000000000000000e+00
-4.382749999999999702e+00 1.000000000000000048e-04 1.000000000000000048e-04 1.000000000000000000e+00
-4.381999999999999673e+00 1.000000000000000048e-04 1.000000000000000048e-04 1.000000000000000000e+00
-4.381249999999999645e+00 1.000000000000000048e-04 1.000000000000000048e-04 1.000000000000000000e+00
-4.380499999999999616e+00 1.000000000000000048e-04 1.000000000000000048e-04 1.000000000000000000e+00
-4.379749999999999588e+00 1.000000000000000048e-04 1.000000000000000048e-04 1.000000000000000000e+00
-4.378999999999999559e+00 1.000000000000000048e-04 1.000000000000000048e-04 1.000000000000000000e+00
-4.378249999999999531e+00 1.000000000000000048e-04 1.000000000000000048e-04 1.000000000000000000e+00
-4.377499999999999503e+00 1.000000000000000048e-04 1.000000000000000048e-04 1.000000000000000000e+00
-4.376750000000000362e+00 1.000000000000000048e-04 1.000000000000000048e-04 1.000000000000000000e+00
-4.376000000000000334e+00 1.000000000000000048e-04 1.000000000000000048e-04 1.000000000000000000e+00
-4.375250000000000306e+00 1.000000000000000048e-04 1.000000000000000048e-04 1.000000000000000000e+00
-4.374500000000000277e+00 1.000000000000000048e-04 1.000000000000000048e-04 1.000000000000000000e+00
-4.373750000000000249e+00 1.000000000000000048e-04 1.000000000000000048e-04 1.000000000000000000e+00
-4.373000000000000220e+00 1.000000000000000048e-04 1.000000000000000048e-04 1.000000000000000000e+00
-4.372250000000000192e+00 1.000000000000000048e-04 1.000000000000000048e-04 1.000000000000000000e+00
-4.371500000000000163e+00 1.000000000000000048e-04 1.000000000000000048e-04 1.000000000000000000e+00
-4.370750000000000135e+00 1.000000000000000048e-04 1.000000000000000048e-04 1.000000000000000000e+00
-4.370000000000000107e+00 1.000000000000000048e-04 1.000000000000000048e-04 1.000000000000000000e+00
-4.369250000000000078e+00 1.000000000000000048e-04 1.000000000000000048e-04 1.000000000000000000e+00
-4.368500000000000050e+00 1.000000000000000048e-04 1.000000000000000048e-04 1.000000000000000000e+00
-4.367750000000000021e+00 1.000000000000000048e-04 1.000000000000000048e-04 1.000000000000000000e+00
-4.366999999999999993e+00 1.000000000000000048e-04 1.000000000000000048e-04 1.000000000000000000e+00
-4.366249999999999964e+00 1.000000000000000048e-04 1.000000000000000048e-04 1.000000000000000000e+00
-4.365499999999999936e+00 1.000000000000000048e-04 1.000000000000000048e-04 1.000000000000000000e+00
-4.364749999999999908e+00 1.000000000000000048e-04 1.000000000000000048e-04 1.000000000000000000e+00
-4.363999999999999879e+00 1.000000000000000048e-04 1.000000000000000048e-04 1.000000000000000000e+00
-4.363249999999999851e+00 1.000000000000000048e-04 1.000000000000000048e-04 1.000000000000000000e+00
-4.362499999999999822e+00 1.000000000000000048e-04 1.000000000000000048e-04 1.000000000000000000e+00
-4.361749999999999794e+00 1.000000000000000048e-04 1.000000000000000048e-04 1.000000000000000000e+00
-4.360999999999999766e+00 1.000000000000000048e-04 1.000000000000000048e-04 1.000000000000000000e+00
-4.360249999999999737e+00 1.000000000000000048e-04 1.000000000000000048e-04 1.000000000000000000e+00
-4.359499999999999709e+00 1.000000000000000048e-04 1.000000000000000048e-04 1.000000000000000000e+00
-4.358749999999999680e+00 1.000000000000000048e-04 1.000000000000000048e-04 1.000000000000000000e+00
-4.357999999999999652e+00 1.000000000000000048e-04 1.000000000000000048e-04 1.000000000000000000e+00
-4.357249999999999623e+00 1.000000000000000048e-04 1.000000000000000048e-04 1.000000000000000000e+00
-4.356500000000000483e+00 1.000000000000000048e-04 1.000000000000000048e-04 1.000000000000000000e+00
-4.355750000000000455e+00 1.000000000000000048e-04 1.000000000000000048e-04 1.000000000000000000e+00
-4.355000000000000426e+00 1.000000000000000048e-04 1.000000000000000048e-04 1.000000000000000000e+00
-4.354250000000000398e+00 1.000000000000000048e-04 1.000000000000000048e-04 1.000000000000000000e+00
-4.353500000000000369e+00 1.000000000000000048e-04 1.000000000000000048e-04 1.000000000000000000e+00
-4.352750000000000341e+00 1.000000000000000048e-04 1.000000000000000048e-04 1.000000000000000000e+00
-4.352000000000000313e+00 1.000000000000000048e-04 1.000000000000000048e-04 1.000000000000000000e+00
-4.351250000000000284e+00 1.000000000000000048e-04 1.000000000000000048e-04 1.000000000000000000e+00
-4.350500000000000256e+00 1.000000000000000048e-04 1.000000000000000048e-04 1.000000000000000000e+00
-4.349750000000000227e+00 1.000000000000000048e-04 1.000000000000000048e-04 1.000000000000000000e+00
-4.349000000000000199e+00 1.000000000000000048e-04 1.000000000000000048e-04 1.000000000000000000e+00
-4.348250000000000171e+00 1.000000000000000048e-04 1.000000000000000048e-04 1.000000000000000000e+00
-4.347500000000000142e+00 1.000000000000000048e-04 1.000000000000000048e-04 1.000000000000000000e+00
-4.346750000000000114e+00 1.000000000000000048e-04 1.000000000000000048e-04 1.000000000000000000e+00
-4.346000000000000085e+00 1.000000000000000048e-04 1.000000000000000048e-04 1.000000000000000000e+00
-4.345250000000000057e+00 1.000000000000000048e-04 1.000000000000000048e-04 1.000000000000000000e+00
-4.344500000000000028e+00 1.000000000000000048e-04 1.000000000000000048e-04 1.000000000000000000e+00
-4.343750000000000000e+00 1.000000000000000048e-04 1.000000000000000048e-04 1.000000000000000000e+00
-4.342999999999999972e+00 1.000000000000000048e-04 1.000000000000000048e-04 1.000000000000000000e+00
-4.342249999999999943e+00 1.000000000000000048e-04 1.000000000000000048e-04 1.000000000000000000e+00
-4.341499999999999915e+00 1.000000000000000048e-04 1.000000000000000048e-04 1.000000000000000000e+00
-4.340749999999999886e+00 1.000000000000000048e-04 1.000000000000000048e-04 1.000000000000000000e+00
-4.339999999999999858e+00 1.000000000000000048e-04 1.000000000000000048e-04 1.000000000000000000e+00
-4.339249999999999829e+00 1.000000000000000048e-04 1.000000000000000048e-04 1.000000000000000000e+00
-4.338499999999999801e+00 1.000000000000000048e-04 1.000000000000000048e-04 1.000000000000000000e+00
-4.337749999999999773e+00 1.000000000000000048e-04 1.000000000000000048e-04 1.000000000000000000e+00
-4.336999999999999744e+00 1.000000000000000048e-04 1.000000000000000048e-04 1.000000000000000000e+00
-4.336249999999999716e+00 1.000000000000000048e-04 1.000000000000000048e-04 1.000000000000000000e+00
-4.335499999999999687e+00 1.000000000000000048e-04 1.000000000000000048e-04 1.000000000000000000e+00
-4.334749999999999659e+00 1.000000000000000048e-04 1.000000000000000048e-04 1.000000000000000000e+00
-4.333999999999999631e+00 1.000000000000000048e-04 1.000000000000000048e-04 1.000000000000000000e+00
-4.333249999999999602e+00 1.000000000000000048e-04 1.000000000000000048e-04 1.000000000000000000e+00
-4.332499999999999574e+00 1.000000000000000048e-04 1.000000000000000048e-04 1.000000000000000000e+00
-4.331749999999999545e+00 1.000000000000000048e-04 1.000000000000000048e-04 1.000000000000000000e+00
-4.330999999999999517e+00 1.000000000000000048e-04 1.000000000000000048e-04 1.000000000000000000e+00
-4.330249999999999488e+00 1.000000000000000048e-04 1.000000000000000048e-04 1.000000000000000000e+00
-4.329500000000000348e+00 1.000000000000000048e-04 1.000000000000000048e-04 1.000000000000000000e+00
-4.328750000000000320e+00 1.000000000000000048e-04 1.000000000000000048e-04 1.000000000000000000e+00
-4.328000000000000291e+00 1.000000000000000048e-04 1.000000000000000048e-04 1.000000000000000000e+00
-4.327250000000000263e+00 1.000000000000000048e-04 1.000000000000000048e-04 1.000000000000000000e+00
-4.326500000000000234e+00 1.000000000000000048e-04 1.000000000000000048e-04 1.000000000000000000e+00
-4.325750000000000206e+00 1.000000000000000048e-04 1.000000000000000048e-04 1.000000000000000000e+00
-4.325000000000000178e+00 1.000000000000000048e-04 1.000000000000000048e-04 1.000000000000000000e+00
-4.324250000000000149e+00 1.000000000000000048e-04 1.000000000000000048e-04 1.000000000000000000e+00
-4.323500000000000121e+00 1.000000000000000048e-04 1.000000000000000048e-04 1.000000000000000000e+00
-4.322750000000000092e+00 1.000000000000000048e-04 1.000000000000000048e-04 1.000000000000000000e+00
-4.322000000000000064e+00 1.000000000000000048e-04 1.000000000000000048e-04 1.000000000000000000e+00
-4.321250000000000036e+00 1.000000000000000048e-04 1.000000000000000048e-04 1.000000000000000000e+00
-4.320500000000000007e+00 1.000000000000000048e-04 1.000000000000000048e-04 1.000000000000000000e+00
-4.319749999999999979e+00 1.000000000000000048e-04 1.000000000000000048e-04 1.000000000000000000e+00
-4.318999999999999950e+00 1.000000000000000048e-04 1.000000000000000048e-04 1.000000000000000000e+00
-4.318249999999999922e+00 1.000000000000000048e-04 1.000000000000000048e-04 1.000000000000000000e+00
-4.317499999999999893e+00 1.000000000000000048e-04 1.000000000000000048e-04 1.000000000000000000e+00
-4.316749999999999865e+00 1.000000000000000048e-04 1.000000000000000048e-04 1.000000000000000000e+00
-4.315999999999999837e+00 1.000000000000000048e-04 1.000000000000000048e-04 1.000000000000000000e+00
-4.315249999999999808e+00 1.000000000000000048e-04 1.000000000000000048e-04 1.000000000000000000e+00
-4.314499999999999780e+00 1.000000000000000048e-04 1.000000000000000048e-04 1.000000000000000000e+00
-4.313749999999999751e+00 1.000000000000000048e-04 1.000000000000000048e-04 1.000000000000000000e+00
-4.312999999999999723e+00 1.000000000000000048e-04 1.000000000000000048e-04 1.000000000000000000e+00
-4.312249999999999694e+00 1.000000000000000048e-04 1.000000000000000048e-04 1.000000000000000000e+00
-4.311499999999999666e+00 1.000000000000000048e-04 1.000000000000000048e-04 1.000000000000000000e+00
-4.310749999999999638e+00 1.000000000000000048e-04 1.000000000000000048e-04 1.000000000000000000e+00
-4.309999999999999609e+00 1.000000000000000048e-04 1.000000000000000048e-04 1.000000000000000000e+00
-4.309250000000000469e+00 1.000000000000000048e-04 1.000000000000000048e-04 1.000000000000000000e+00
-4.308500000000000441e+00 1.000000000000000048e-04 1.000000000000000048e-04 1.000000000000000000e+00
-4.307750000000000412e+00 1.000000000000000048e-04 1.000000000000000048e-04 1.000000000000000000e+00
-4.307000000000000384e+00 1.000000000000000048e-04 1.000000000000000048e-04 1.000000000000000000e+00
-4.306250000000000355e+00 1.000000000000000048e-04 1.000000000000000048e-04 1.000000000000000000e+00
-4.305500000000000327e+00 1.000000000000000048e-04 1.000000000000000048e-04 1.000000000000000000e+00
-4.304750000000000298e+00 1.000000000000000048e-04 1.000000000000000048e-04 1.000000000000000000e+00
-4.304000000000000270e+00 1.000000000000000048e-04 1.000000000000000048e-04 1.000000000000000000e+00
-4.303250000000000242e+00 1.000000000000000048e-04 1.000000000000000048e-04 1.000000000000000000e+00
-4.302500000000000213e+00 1.000000000000000048e-04 1.000000000000000048e-04 1.000000000000000000e+00
-4.301750000000000185e+00 1.000000000000000048e-04 1.000000000000000048e-04 1.000000000000000000e+00
-4.301000000000000156e+00 1.000000000000000048e-04 1.000000000000000048e-04 1.000000000000000000e+00
-4.300250000000000128e+00 1.000000000000000048e-04 1.000000000000000048e-04 1.000000000000000000e+00
-4.299500000000000099e+00 1.000000000000000048e-04 1.000000000000000048e-04 1.000000000000000000e+00
-4.298750000000000071e+00 1.000000000000000048e-04 1.000000000000000048e-04 1.000000000000000000e+00
-4.298000000000000043e+00 1.000000000000000048e-04 1.000000000000000048e-04 1.000000000000000000e+00
-4.297250000000000014e+00 1.000000000000000048e-04 1.000000000000000048e-04 1.000000000000000000e+00
-4.296499999999999986e+00 1.000000000000000048e-04 1.000000000000000048e-04 1.000000000000000000e+00
-4.295749999999999957e+00 1.000000000000000048e-04 1.000000000000000048e-04 1.000000000000000000e+00
-4.294999999999999929e+00 1.000000000000000048e-04 1.000000000000000048e-04 1.000000000000000000e+00
-4.294249999999999901e+00 1.000000000000000048e-04 1.000000000000000048e-04 1.000000000000000000e+00
-4.293499999999999872e+00 1.000000000000000048e-04 1.000000000000000048e-04 1.000000000000000000e+00
-4.292749999999999844e+00 1.000000000000000048e-04 1.000000000000000048e-04 1.000000000000000000e+00
-4.291999999999999815e+00 1.000000000000000048e-04 1.000000000000000048e-04 1.000000000000000000e+00
-4.291249999999999787e+00 1.000000000000000048e-04 1.000000000000000048e-04 1.000000000000000000e+00
-4.290499999999999758e+00 1.000000000000000048e-04 1.000000000000000048e-04 1.000000000000000000e+00
-4.289749999999999730e+00 1.000000000000000048e-04 1.000000000000000048e-04 1.000000000000000000e+00
-4.288999999999999702e+00 1.000000000000000048e-04 1.000000000000000048e-04 1.000000000000000000e+00
-4.288249999999999673e+00 1.000000000000000048e-04 1.000000000000000048e-04 1.000000000000000000e+00
-4.287499999999999645e+00 1.000000000000000048e-04 1.000000000000000048e-04 1.000000000000000000e+00
-4.286749999999999616e+00 1.000000000000000048e-04 1.000000000000000048e-04 1.000000000000000000e+00
-4.285999999999999588e+00 1.000000000000000048e-04 1.000000000000000048e-04 1.000000000000000000e+00
-4.285249999999999559e+00 1.000000000000000048e-04 1.000000000000000048e-04 1.000000000000000000e+00
-4.284499999999999531e+00 1.000000000000000048e-04 1.000000000000000048e-04 1.000000000000000000e+00
-4.283749999999999503e+00 1.000000000000000048e-04 1.000000000000000048e-04 1.000000000000000000e+00
-4.283000000000000362e+00 1.000000000000000048e-04 1.000000000000000048e-04 1.000000000000000000e+00
-4.282250000000000334e+00 1.000000000000000048e-04 1.000000000000000048e-04 1.000000000000000000e+00
-4.281500000000000306e+00 1.000000000000000048e-04 1.000000000000000048e-04 1.000000000000000000e+00
-4.280750000000000277e+00 1.000000000000000048e-04 1.000000000000000048e-04 1.000000000000000000e+00
-4.280000000000000249e+00 1.000000000000000048e-04 1.000000000000000048e-04 1.000000000000000000e+00
-4.279250000000000220e+00 1.000000000000000048e-04 1.000000000000000048e-04 1.000000000000000000e+00
-4.278500000000000192e+00 1.000000000000000048e-04 1.000000000000000048e-04 1.000000000000000000e+00
-4.277750000000000163e+00 1.000000000000000048e-04 1.000000000000000048e-04 1.000000000000000000e+00
-4.277000000000000135e+00 1.000000000000000048e-04 1.000000000000000048e-04 1.000000000000000000e+00
-4.276250000000000107e+00 1.000000000000000048e-04 1.000000000000000048e-04 1.000000000000000000e+00
-4.275500000000000078e+00 1.000000000000000048e-04 1.000000000000000048e-04 1.000000000000000000e+00
-4.274750000000000050e+00 1.000000000000000048e-04 1.000000000000000048e-04 1.000000000000000000e+00
-4.274000000000000021e+00 1.000000000000000048e-04 1.000000000000000048e-04 1.000000000000000000e+00
-4.273249999999999993e+00 1.000000000000000048e-04 1.000000000000000048e-04 1.000000000000000000e+00
-4.272499999999999964e+00 1.000000000000000048e-04 1.000000000000000048e-04 1.000000000000000000e+00
-4.271749999999999936e+00 1.000000000000000048e-04 1.000000000000000048e-04 1.000000000000000000e+00
-4.270999999999999908e+00 1.000000000000000048e-04 1.000000000000000048e-04 1.000000000000000000e+00
-4.270249999999999879e+00 1.000000000000000048e-04 1.000000000000000048e-04 1.000000000000000000e+00
-4.269499999999999851e+00 1.000000000000000048e-04 1.000000000000000048e-04 1.000000000000000000e+00
-4.268749999999999822e+00 1.000000000000000048e-04 1.000000000000000048e-04 1.000000000000000000e+00
-4.267999999999999794e+00 1.000000000000000048e-04 1.000000000000000048e-04 1.000000000000000000e+00
-4.267249999999999766e+00 1.000000000000000048e-04 1.000000000000000048e-04 1.000000000000000000e+00
-4.266499999999999737e+00 1.000000000000000048e-04 1.000000000000000048e-04 1.000000000000000000e+00
-4.265749999999999709e+00 1.000000000000000048e-04 1.000000000000000048e-04 1.000000000000000000e+00
-4.264999999999999680e+00 1.000000000000000048e-04 1.000000000000000048e-04 1.000000000000000000e+00
-4.264249999999999652e+00 1.000000000000000048e-04 1.000000000000000048e-04 1.000000000000000000e+00
-4.263499999999999623e+00 1.000000000000000048e-04 1.000000000000000048e-04 1.000000000000000000e+00
-4.262750000000000483e+00 1.000000000000000048e-04 1.000000000000000048e-04 1.000000000000000000e+00
-4.262000000000000455e+00 1.000000000000000048e-04 1.000000000000000048e-04 1.000000000000000000e+00
-4.261250000000000426e+00 1.000000000000000048e-04 1.000000000000000048e-04 1.000000000000000000e+00
-4.260500000000000398e+00 1.000000000000000048e-04 1.000000000000000048e-04 1.000000000000000000e+00
-4.259750000000000369e+00 1.000000000000000048e-04 1.000000000000000048e-04 1.000000000000000000e+00
-4.259000000000000341e+00 1.000000000000000048e-04 1.000000000000000048e-04 1.000000000000000000e+00
-4.258250000000000313e+00 1.000000000000000048e-04 1.000000000000000048e-04 1.000000000000000000e+00
-4.257500000000000284e+00 1.000000000000000048e-04 1.000000000000000048e-04 1.000000000000000000e+00
-4.256750000000000256e+00 1.000000000000000048e-04 1.000000000000000048e-04 1.000000000000000000e+00
-4.256000000000000227e+00 1.000000000000000048e-04 1.000000000000000048e-04 1.000000000000000000e+00
-4.255250000000000199e+00 1.000000000000000048e-04 1.000000000000000048e-04 1.000000000000000000e+00
-4.254500000000000171e+00 1.000000000000000048e-04 1.000000000000000048e-04 1.000000000000000000e+00
-4.253750000000000142e+00 1.000000000000000048e-04 1.000000000000000048e-04 1.000000000000000000e+00
-4.253000000000000114e+00 1.000000000000000048e-04 1.000000000000000048e-04 1.000000000000000000e+00
-4.252250000000000085e+00 1.000000000000000048e-04 1.000000000000000048e-04 1.000000000000000000e+00
-4.251500000000000057e+00 1.000000000000000048e-04 1.000000000000000048e-04 1.000000000000000000e+00
-4.250750000000000028e+00 1.000000000000000048e-04 1.000000000000000048e-04 1.000000000000000000e+00
-4.250000000000000000e+00 1.000000000000000048e-04 1.000000000000000048e-04 1.000000000000000000e+00
-4.249249999999999972e+00 1.000000000000000048e-04 1.000000000000000048e-04 1.000000000000000000e+00
-4.248499999999999943e+00 1.000000000000000048e-04 1.000000000000000048e-04 1.000000000000000000e+00
-4.247749999999999915e+00 1.000000000000000048e-04 1.000000000000000048e-04 1.000000000000000000e+00
-4.246999999999999886e+00 1.000000000000000048e-04 1.000000000000000048e-04 1.000000000000000000e+00
-4.246249999999999858e+00 1.000000000000000048e-04 1.000000000000000048e-04 1.000000000000000000e+00
-4.245499999999999829e+00 1.000000000000000048e-04 1.000000000000000048e-04 1.000000000000000000e+00
-4.244749999999999801e+00 1.000000000000000048e-04 1.000000000000000048e-04 1.000000000000000000e+00
-4.243999999999999773e+00 1.000000000000000048e-04 1.000000000000000048e-04 1.000000000000000000e+00
-4.243249999999999744e+00 1.000000000000000048e-04 1.000000000000000048e-04 1.000000000000000000e+00
-4.242499999999999716e+00 1.000000000000000048e-04 1.000000000000000048e-04 1.000000000000000000e+00
-4.241749999999999687e+00 1.000000000000000048e-04 1.000000000000000048e-04 1.000000000000000000e+00
-4.240999999999999659e+00 1.000000000000000048e-04 1.000000000000000048e-04 1.000000000000000000e+00
-4.240249999999999631e+00 1.000000000000000048e-04 1.000000000000000048e-04 1.000000000000000000e+00
-4.239499999999999602e+00 1.000000000000000048e-04 1.000000000000000048e-04 1.000000000000000000e+00
-4.238749999999999574e+00 1.000000000000000048e-04 1.000000000000000048e-04 1.000000000000000000e+00
-4.237999999999999545e+00 1.000000000000000048e-04 1.000000000000000048e-04 1.000000000000000000e+00
-4.237249999999999517e+00 1.000000000000000048e-04 1.000000000000000048e-04 1.000000000000000000e+00
-4.236499999999999488e+00 1.000000000000000048e-04 1.000000000000000048e-04 1.000000000000000000e+00
-4.235750000000000348e+00 1.000000000000000048e-04 1.000000000000000048e-04 1.000000000000000000e+00
-4.235000000000000320e+00 1.000000000000000048e-04 1.000000000000000048e-04 1.000000000000000000e+00
-4.234250000000000291e+00 1.000000000000000048e-04 1.000000000000000048e-04 1.000000000000000000e+00
-4.233500000000000263e+00 1.000000000000000048e-04 1.000000000000000048e-04 1.000000000000000000e+00
-4.232750000000000234e+00 1.000000000000000048e-04 1.000000000000000048e-04 1.000000000000000000e+00
-4.232000000000000206e+00 1.000000000000000048e-04 1.000000000000000048e-04 1.000000000000000000e+00
-4.231250000000000178e+00 1.000000000000000048e-04 1.000000000000000048e-04 1.000000000000000000e+00
-4.230500000000000149e+00 1.000000000000000048e-04 1.000000000000000048e-04 1.000000000000000000e+00
-4.229750000000000121e+00 1.000000000000000048e-04 1.000000000000000048e-04 1.000000000000000000e+00
-4.229000000000000092e+00 1.000000000000000048e-04 1.000000000000000048e-04 1.000000000000000000e+00
-4.228250000000000064e+00 1.000000000000000048e-04 1.000000000000000048e-04 1.000000000000000000e+00
-4.227500000000000036e+00 1.000000000000000048e-04 1.000000000000000048e-04 1.000000000000000000e+00
-4.226750000000000007e+00 1.000000000000000048e-04 1.000000000000000048e-04 1.000000000000000000e+00
-4.225999999999999979e+00 1.000000000000000048e-04 1.000000000000000048e-04 1.000000000000000000e+00
-4.225249999999999950e+00 1.000000000000000048e-04 1.000000000000000048e-04 1.000000000000000000e+00
-4.224499999999999922e+00 1.000000000000000048e-04 1.000000000000000048e-04 1.000000000000000000e+00
-4.223749999999999893e+00 1.000000000000000048e-04 1.000000000000000048e-04 1.000000000000000000e+00
-4.222999999999999865e+00 1.000000000000000048e-04 1.000000000000000048e-04 1.000000000000000000e+00
-4.222249999999999837e+00 1.000000000000000048e-04 1.000000000000000048e-04 1.000000000000000000e+00
-4.221499999999999808e+00 1.000000000000000048e-04 1.000000000000000048e-04 1.000000000000000000e+00
-4.220749999999999780e+00 1.000000000000000048e-04 1.000000000000000048e-04 1.000000000000000000e+00
-4.219999999999999751e+00 1.000000000000000048e-04 1.000000000000000048e-04 1.000000000000000000e+00
-4.219249999999999723e+00 1.000000000000000048e-04 1.000000000000000048e-04 1.000000000000000000e+00
-4.218499999999999694e+00 1.000000000000000048e-04 1.000000000000000048e-04 1.000000000000000000e+00
-4.217749999999999666e+00 1.000000000000000048e-04 1.000000000000000048e-04 1.000000000000000000e+00
-4.216999999999999638e+00 1.000000000000000048e-04 1.000000000000000048e-04 1.000000000000000000e+00
-4.216249999999999609e+00 1.000000000000000048e-04 1.000000000000000048e-04 1.000000000000000000e+00
-4.215500000000000469e+00 1.000000000000000048e-04 1.000000000000000048e-04 1.000000000000000000e+00
-4.214750000000000441e+00 1.000000000000000048e-04 1.000000000000000048e-04 1.000000000000000000e+00
-4.214000000000000412e+00 1.000000000000000048e-04 1.000000000000000048e-04 1.000000000000000000e+00
-4.213250000000000384e+00 1.000000000000000048e-04 1.000000000000000048e-04 1.000000000000000000e+00
-4.212500000000000355e+00 1.000000000000000048e-04 1.000000000000000048e-04 1.000000000000000000e+00
-4.211750000000000327e+00 1.000000000000000048e-04 1.000000000000000048e-04 1.000000000000000000e+00
-4.211000000000000298e+00 1.000000000000000048e-04 1.000000000000000048e-04 1.000000000000000000e+00
-4.210250000000000270e+00 1.000000000000000048e-04 1.000000000000000048e-04 1.000000000000000000e+00
-4.209500000000000242e+00 1.000000000000000048e-04 1.000000000000000048e-04 1.000000000000000000e+00
-4.208750000000000213e+00 1.000000000000000048e-04 1.000000000000000048e-04 1.000000000000000000e+00
-4.208000000000000185e+00 1.000000000000000048e-04 1.000000000000000048e-04 1.000000000000000000e+00
-4.207250000000000156e+00 1.000000000000000048e-04 1.000000000000000048e-04 1.000000000000000000e+00
-4.206500000000000128e+00 1.000000000000000048e-04 1.000000000000000048e-04 1.000000000000000000e+00
-4.205750000000000099e+00 1.000000000000000048e-04 1.000000000000000048e-04 1.000000000000000000e+00
-4.205000000000000071e+00 1.000000000000000048e-04 1.000000000000000048e-04 1.000000000000000000e+00
-4.204250000000000043e+00 1.000000000000000048e-04 1.000000000000000048e-04 1.000000000000000000e+00
-4.203500000000000014e+00 1.000000000000000048e-04 1.000000000000000048e-04 1.000000000000000000e+00
-4.202749999999999986e+00 1.000000000000000048e-04 1.000000000000000048e-04 1.000000000000000000e+00
-4.201999999999999957e+00 1.000000000000000048e-04 1.000000000000000048e-04 1.000000000000000000e+00
-4.201249999999999929e+00 1.000000000000000048e-04 1.000000000000000048e-04 1.000000000000000000e+00
-4.200499999999999901e+00 1.000000000000000048e-04 1.000000000000000048e-04 1.000000000000000000e+00
-4.199749999999999872e+00 1.000000000000000048e-04 1.000000000000000048e-04 1.000000000000000000e+00
-4.198999999999999844e+00 1.000000000000000048e-04 1.000000000000000048e-04 1.000000000000000000e+00
-4.198249999999999815e+00 1.000000000000000048e-04 1.000000000000000048e-04 1.000000000000000000e+00
-4.197499999999999787e+00 1.000000000000000048e-04 1.000000000000000048e-04 1.000000000000000000e+00
-4.196749999999999758e+00 1.000000000000000048e-04 1.000000000000000048e-04 1.000000000000000000e+00
-4.195999999999999730e+00 1.000000000000000048e-04 1.000000000000000048e-04 1.000000000000000000e+00
-4.195249999999999702e+00 1.000000000000000048e-04 1.000000000000000048e-04 1.000000000000000000e+00
-4.194499999999999673e+00 1.000000000000000048e-04 1.000000000000000048e-04 1.000000000000000000e+00
-4.193749999999999645e+00 1.000000000000000048e-04 1.000000000000000048e-04 1.000000000000000000e+00
-4.192999999999999616e+00 1.000000000000000048e-04 1.000000000000000048e-04 1.000000000000000000e+00
-4.192249999999999588e+00 1.000000000000000048e-04 1.000000000000000048e-04 1.000000000000000000e+00
-4.191499999999999559e+00 1.000000000000000048e-04 1.000000000000000048e-04 1.000000000000000000e+00
-4.190749999999999531e+00 1.000000000000000048e-04 1.000000000000000048e-04 1.000000000000000000e+00
-4.189999999999999503e+00 1.000000000000000048e-04 1.000000000000000048e-04 1.000000000000000000e+00
-4.189250000000000362e+00 1.000000000000000048e-04 1.000000000000000048e-04 1.000000000000000000e+00
-4.188500000000000334e+00 1.000000000000000048e-04 1.000000000000000048e-04 1.000000000000000000e+00
-4.187750000000000306e+00 1.000000000000000048e-04 1.000000000000000048e-04 1.000000000000000000e+00
-4.187000000000000277e+00 1.000000000000000048e-04 1.000000000000000048e-04 1.000000000000000000e+00
-4.186250000000000249e+00 1.000000000000000048e-04 1.000000000000000048e-04 1.000000000000000000e+00
-4.185500000000000220e+00 1.000000000000000048e-04 1.000000000000000048e-04 1.000000000000000000e+00
-4.184750000000000192e+00 1.000000000000000048e-04 1.000000000000000048e-04 1.000000000000000000e+00
-4.184000000000000163e+00 1.000000000000000048e-04 1.000000000000000048e-04 1.000000000000000000e+00
-4.183250000000000135e+00 1.000000000000000048e-04 1.000000000000000048e-04 1.000000000000000000e+00
-4.182500000000000107e+00 1.000000000000000048e-04 1.000000000000000048e-04 1.000000000000000000e+00
-4.181750000000000078e+00 1.000000000000000048e-04 1.000000000000000048e-04 1.000000000000000000e+00
-4.181000000000000050e+00 1.000000000000000048e-04 1.000000000000000048e-04 1.000000000000000000e+00
-4.180250000000000021e+00 1.000000000000000048e-04 1.000000000000000048e-04 1.000000000000000000e+00
-4.179499999999999993e+00 1.000000000000000048e-04 1.000000000000000048e-04 1.000000000000000000e+00
-4.178749999999999964e+00 1.000000000000000048e-04 1.000000000000000048e-04 1.000000000000000000e+00
-4.177999999999999936e+00 1.000000000000000048e-04 1.000000000000000048e-04 1.000000000000000000e+00
-4.177249999999999908e+00 1.000000000000000048e-04 1.000000000000000048e-04 1.000000000000000000e+00
-4.176499999999999879e+00 1.000000000000000048e-04 1.000000000000000048e-04 1.000000000000000000e+00
-4.175749999999999851e+00 1.000000000000000048e-04 1.000000000000000048e-04 1.000000000000000000e+00
-4.174999999999999822e+00 1.000000000000000048e-04 1.000000000000000048e-04 1.000000000000000000e+00
-4.174249999999999794e+00 1.000000000000000048e-04 1.000000000000000048e-04 1.000000000000000000e+00
-4.173499999999999766e+00 1.000000000000000048e-04 1.000055365185057859e-04 1.000000000000000000e+00
-4.172749999999999737e+00 1.000000000000000048e-04 1.001631167118021928e-04 1.000000000000000000e+00
-4.171999999999999709e+00 1.000000000000000048e-04 1.003209451234640713e-04 1.000000000000000000e+00
-4.171249999999999680e+00 1.000000000000000048e-04 1.004790221442199139e-04 1.000000000000000000e+00
-4.170499999999999652e+00 1.000000000000000048e-04 1.006373481654125758e-04 1.000000000000000000e+00
-4.169749999999999623e+00 1.000000000000000048e-04 1.007959235789999128e-04 1.000000000000000000e+00
-4.168999999999999595e+00 1.000000000000000048e-04 1.009547487775560681e-04 1.000000000000000000e+00
-4.168250000000000455e+00 1.000000000000000048e-04 1.011138241542720823e-04 1.000000000000000000e+00
-4.167500000000000426e+00 1.000000000000000048e-04 1.012731501029576285e-04 1.000000000000000000e+00
-4.166750000000000398e+00 1.000000000000000048e-04 1.014327270180410116e-04 1.000000000000000000e+00
-4.166000000000000369e+00 1.000000000000000048e-04 1.015925552945705921e-04 1.000000000000000000e+00
-4.165250000000000341e+00 1.000000000000000048e-04 1.017526353282157883e-04 1.000000000000000000e+00
-4.164500000000000313e+00 1.000000000000000048e-04 1.019129675152680121e-04 1.000000000000000000e+00
-4.163750000000000284e+00 1.000000000000000048e-04 1.020735522526416441e-04 1.000000000000000000e+00
-4.163000000000000256e+00 1.000000000000000048e-04 1.022343899378749690e-04 1.000000000000000000e+00
-4.162250000000000227e+00 1.000000000000000048e-04 1.023954809691311383e-04 1.000000000000000000e+00
-4.161500000000000199e+00 1.000000000000000048e-04 1.025568257451993755e-04 1.000000000000000000e+00
-4.160750000000000171e+00 1.000000000000000048e-04 1.027184246654954514e-04 1.000000000000000000e+00
-4.160000000000000142e+00 1.000000000000000048e-04 1.028802781300633233e-04 1.000000000000000000e+00
-4.159250000000000114e+00 1.000000000000000048e-04 1.030423865395755419e-04 1.000000000000000000e+00
-4.158500000000000085e+00 1.000000000000000048e-04 1.032047502953345794e-04 1.000000000000000000e+00
-4.157750000000000057e+00 1.000000000000000048e-04 1.033673697992737374e-04 1.000000000000000000e+00
-4.157000000000000028e+00 1.000000000000000048e-04 1.035302454539581093e-04 1.000000000000000000e+00
-4.156250000000000000e+00 1.000000000000000048e-04 1.036933776625855152e-04 1.000000000000000000e+00
-4.155499999999999972e+00 1.000000000000000048e-04 1.038567668289875457e-04 1.000000000000000000e+00
-4.154749999999999943e+00 1.000000000000000048e-04 1.040204133576307273e-04 1.000000000000000000e+00
-4.153999999999999915e+00 1.000000000000000048e-04 1.041843176536170644e-04 1.000000000000000000e+00
-4.153249999999999886e+00 1.000000000000000048e-04 1.043484801226856386e-04 1.000000000000000000e+00
-4.152499999999999858e+00 1.000000000000000048e-04 1.045129011712131104e-04 1.000000000000000000e+00
-4.151749999999999829e+00 1.000000000000000048e-04 1.046775812062150060e-04 1.000000000000000000e+00
-4.150999999999999801e+00 1.000000000000000048e-04 1.048425206353464635e-04 1.000000000000000000e+00
-4.150249999999999773e+00 1.000000000000000048e-04 1.050077198669034927e-04 1.000000000000000000e+00
-4.149499999999999744e+00 1.000000000000000048e-04 1.051731793098239240e-04 1.000000000000000000e+00
-4.148749999999999716e+00 1.000000000000000048e-04 1.053388993736882894e-04 1.000000000000000000e+00
-4.147999999999999687e+00 1.000000000000000048e-04 1.055048804687208793e-04 1.000000000000000000e+00
-4.147249999999999659e+00 1.000000000000000048e-04 1.056711230057907864e-04 1.000000000000000000e+00
-4.146499999999999631e+00 1.000000000000000048e-04 1.058376273964129898e-04 1.000000000000000000e+00
-4.145749999999999602e+00 1.000000000000000048e-04 1.060043940527492220e-04 1.000000000000000000e+00
-4.144999999999999574e+00 1.000000000000000048e-04 1.061714233876090403e-04 1.000000000000000000e+00
-4.144249999999999545e+00 1.000000000000000048e-04 1.063387158144508829e-04 1.000000000000000000e+00
-4.143499999999999517e+00 1.000000000000000048e-04 1.065062717473830458e-04 1.000000000000000000e+00
-4.142749999999999488e+00 1.000000000000000048e-04 1.066740916011646169e-04 1.000000000000000000e+00
-4.142000000000000348e+00 1.000000000000000048e-04 1.068421757912065608e-04 1.000000000000000000e+00
-4.141250000000000320e+00 1.000000000000000048e-04 1.070105247335731554e-04 1.000000000000000000e+00
-4.140500000000000291e+00 1.000000000000000048e-04 1.071791388449821000e-04 1.000000000000000000e+00
-4.139750000000000263e+00 1.000000000000000048e-04 1.073480185428064398e-04 1.000000000000000000e+00
-4.139000000000000234e+00 1.000000000000000048e-04 1.075171642450749727e-04 1.000000000000000000e+00
-4.138250000000000206e+00 1.000000000000000048e-04 1.076865763704736587e-04 1.000000000000000000e+00
-4.137500000000000178e+00 1.000000000000000048e-04 1.078562553383464600e-04 1.000000000000000000e+00
-4.136750000000000149e+00 1.000000000000000048e-04 1.080262015686963303e-04 1.000000000000000000e+00
-4.136000000000000121e+00 1.000000000000000048e-04 1.081964154821866519e-04 1.000000000000000000e+00
-4.135250000000000092e+00 1.000000000000000048e-04 1.083668975001416144e-04 1.000000000000000000e+00
-4.134500000000000064e+00 1.000000000000000048e-04 1.085376480445478145e-04 1.000000000000000000e+00
-4.133750000000000036e+00 1.000000000000000048e-04 1.087086675380549060e-04 1.000000000000000000e+00
-4.133000000000000007e+00 1.000000000000000048e-04 1.088799564039769963e-04 1.000000000000000000e+00
-4.132249999999999979e+00 1.000000000000000048e-04 1.090515150662933373e-04 1.000000000000000000e+00
-4.131499999999999950e+00 1.000000000000000048e-04 1.092233439496496667e-04 1.000000000000000000e+00
-4.130749999999999922e+00 1.000000000000000048e-04 1.093954434793590897e-04 1.000000000000000000e+00
-4.129999999999999893e+00 1.000000000000000048e-04 1.095678140814029729e-04 1.000000000000000000e+00
-4.129249999999999865e+00 1.000000000000000048e-04 1.097404561824323946e-04 1.000000000000000000e+00
-4.128499999999999837e+00 1.000000000000000048e-04 1.099133702097689308e-04 1.000000000000000000e+00
-4.127749999999999808e+00 1.000000000000000048e-04 1.100865565914056039e-04 1.000000000000000000e+00
-4.126999999999999780e+00 1.000000000000000048e-04 1.102600157560082651e-04 1.000000000000000000e+00
-4.126249999999999751e+00 1.000000000000000048e-04 1.104337481329162990e-04 1.000000000000000000e+00
-4.125499999999999723e+00 1.000000000000000048e-04 1.106077541521439250e-04 1.000000000000000000e+00
-4.124749999999999694e+00 1.000000000000000048e-04 1.107820342443812132e-04 1.000000000000000000e+00
-4.123999999999999666e+00 1.000000000000000048e-04 1.109565888409949522e-04 1.000000000000000000e+00
-4.123249999999999638e+00 1.000000000000000048e-04 1.111314183740300040e-04 1.000000000000000000e+00
-4.122499999999999609e+00 1.000000000000000048e-04 1.113065232762101717e-04 1.000000000000000000e+00
-4.121750000000000469e+00 1.000000000000000048e-04 1.114819039809389855e-04 1.000000000000000000e+00
-4.121000000000000441e+00 1.000000000000000048e-04 1.116575609223019114e-04 1.000000000000000000e+00
-4.120250000000000412e+00 1.000000000000000048e-04 1.118334945350658367e-04 1.000000000000000000e+00
-4.119500000000000384e+00 1.000000000000000048e-04 1.120097052546812380e-04 1.000000000000000000e+00
-4.118750000000000355e+00 1.000000000000000048e-04 1.121861935172828049e-04 1.000000000000000000e+00
-4.118000000000000327e+00 1.000000000000000048e-04 1.123629597596905648e-04 1.000000000000000000e+00
-4.117250000000000298e+00 1.000000000000000048e-04 1.125400044194111972e-04 1.000000000000000000e+00
-4.116500000000000270e+00 1.000000000000000048e-04 1.127173279346389015e-04 1.000000000000000000e+00
-4.115750000000000242e+00 1.000000000000000048e-04 1.128949307442563319e-04 1.000000000000000000e+00
-4.115000000000000213e+00 1.000000000000000048e-04 1.130728132878359798e-04 1.000000000000000000e+00
-4.114250000000000185e+00 1.000000000000000048e-04 1.132509760056410545e-04 1.000000000000000000e+00
-4.113500000000000156e+00 1.000000000000000048e-04 1.134294193386267577e-04 1.000000000000000000e+00
-4.112750000000000128e+00 1.000000000000000048e-04 1.136081437284410824e-04 1.000000000000000000e+00
-4.112000000000000099e+00 1.000000000000000048e-04 1.137871496174261687e-04 1.000000000000000000e+00
-4.111250000000000071e+00 1.000000000000000048e-04 1.139664374486191436e-04 1.000000000000000000e+00
-4.110500000000000043e+00 1.000000000000000048e-04 1.141460076657534769e-04 1.000000000000000000e+00
-4.109750000000000014e+00 1.000000000000000048e-04 1.143258607132599834e-04 1.000000000000000000e+00
-4.108999999999999986e+00 1.000000000000000048e-04 1.145059970362676362e-04 1.000000000000000000e+00
-4.108249999999999957e+00 1.000000000000000048e-04 1.146864170806052207e-04 1.000000000000000000e+00
-4.107499999999999929e+00 1.000000000000000048e-04 1.148671212928018080e-04 1.000000000000000000e+00
-4.106749999999999901e+00 1.000000000000000048e-04 1.150481101200882193e-04 1.000000000000000000e+00
-4.105999999999999872e+00 1.000000000000000048e-04 1.152293840103982996e-04 1.000000000000000000e+00
-4.105249999999999844e+00 1.000000000000000048e-04 1.154109434123694057e-04 1.000000000000000000e+00
-4.104499999999999815e+00 1.000000000000000048e-04 1.155927887753441675e-04 1.000000000000000000e+00
-4.103749999999999787e+00 1.000000000000000048e-04 1.157749205493711935e-04 1.000000000000000000e+00
-4.102999999999999758e+00 1.000000000000000048e-04 1.159573391852062360e-04 1.000000000000000000e+00
-4.102249999999999730e+00 1.000000000000000048e-04 1.161400451343134511e-04 1.000000000000000000e+00
-4.101499999999999702e+00 1.000000000000000048e-04 1.163230388488663346e-04 1.000000000000000000e+00
-4.100749999999999673e+00 1.000000000000000048e-04 1.165063207817489273e-04 1.000000000000000000e+00
-4.099999999999999645e+00 1.000000000000000048e-04 1.166898913865569272e-04 1.000000000000000000e+00
-4.099249999999999616e+00 1.000000000000000048e-04 1.168737511175986916e-04 1.000000000000000000e+00
-4.098499999999999588e+00 1.000000000000000048e-04 1.170579004298966878e-04 1.000000000000000000e+00
-4.097749999999999559e+00 1.000000000000000048e-04 1.172423397791880754e-04 1.000000000000000000e+00
-4.096999999999999531e+00 1.000000000000000048e-04 1.174270696219262381e-04 1.000000000000000000e+00
-4.096249999999999503e+00 1.000000000000000048e-04 1.176120904152818948e-04 1.000000000000000000e+00
-4.095500000000000362e+00 1.000000000000000048e-04 1.177974026171436689e-04 1.000000000000000000e+00
-4.094750000000000334e+00 1.000000000000000048e-04 1.179830066861204871e-04 1.000000000000000000e+00
-4.094000000000000306e+00 1.000000000000000048e-04 1.181689030815412269e-04 1.000000000000000000e+00
-4.093250000000000277e+00 1.000000000000000048e-04 1.183550922634566684e-04 1.000000000000000000e+00
-4.092500000000000249e+00 1.000000000000000048e-04 1.185415746926403885e-04 1.000000000000000000e+00
-4.091750000000000220e+00 1.000000000000000048e-04 1.187283508305899944e-04 1.000000000000000000e+00
-4.091000000000000192e+00 1.000000000000000048e-04 1.189154211395283974e-04 1.000000000000000000e+00
-4.090250000000000163e+00 1.000000000000000048e-04 1.191027860824045312e-04 1.000000000000000000e+00
-4.089500000000000135e+00 1.000000000000000048e-04 1.192904461228948293e-04 1.000000000000000000e+00
-4.088750000000000107e+00 1.000000000000000048e-04 1.194784017254042004e-04 1.000000000000000000e+00
-4.088000000000000078e+00 1.000000000000000048e-04 1.196666533550673977e-04 1.000000000000000000e+00
-4.087250000000000050e+00 1.000000000000000048e-04 1.198552014777498723e-04 1.000000000000000000e+00
-4.086500000000000021e+00 1.000000000000000048e-04 1.200440465600490338e-04 1.000000000000000000e+00
-4.085749999999999993e+00 1.000000000000000048e-04 1.202331890692954699e-04 1.000000000000000000e+00
-4.084999999999999964e+00 1.000000000000000048e-04 1.204226294735540715e-04 1.000000000000000000e+00
-4.084249999999999936e+00 1.000000000000000048e-04 1.206123682416248996e-04 1.000000000000000000e+00
-4.083499999999999908e+00 1.000000000000000048e-04 1.208024058430448800e-04 1.000000000000000000e+00
-4.082749999999999879e+00 1.000000000000000048e-04 1.209927427480885615e-04 1.000000000000000000e+00
-4.081999999999999851e+00 1.000000000000000048e-04 1.211833794277692551e-04 1.000000000000000000e+00
-4.081249999999999822e+00 1.000000000000000048e-04 1.213743163538404156e-04 1.000000000000000000e+00
-4.080499999999999794e+00 1.000000000000000048e-04 1.215655539987966452e-04 1.000000000000000000e+00
-4.079749999999999766e+00 1.000000000000000048e-04 1.217570928358749669e-04 1.000000000000000000e+00
-4.078999999999999737e+00 1.000000000000000048e-04 1.219489333390558547e-04 1.000000000000000000e+00
-4.078249999999999709e+00 1.000000000000000048e-04 1.221410759830643584e-04 1.000000000000000000e+00
-4.077499999999999680e+00 1.000000000000000048e-04 1.223335212433716217e-04 1.000000000000000000e+00
-4.076749999999999652e+00 1.000000000000000048e-04 1.225262695961955187e-04 1.000000000000000000e+00
-4.075999999999999623e+00 1.000000000000000048e-04 1.227193215185024163e-04 1.000000000000000000e+00
-4.075249999999999595e+00 1.000000000000000048e-04 1.229126774880077294e-04 1.000000000000000000e+00
-4.074500000000000455e+00 1.000000000000000048e-04 1.231063379831772765e-04 1.000000000000000000e+00
-4.073750000000000426e+00 1.000000000000000048e-04 1.233003034832293936e-04 1.000000000000000000e+00
-4.073000000000000398e+00 1.000000000000000048e-04 1.234945744681345276e-04 1.000000000000000000e+00
-4.072250000000000369e+00 1.000000000000000048e-04 1.236891514186172427e-04 1.000000000000000000e+00
-4.071500000000000341e+00 1.000000000000000048e-04 1.238840348161576288e-04 1.000000000000000000e+00
-4.070750000000000313e+00 1.000000000000000048e-04 1.240792251429919529e-04 1.000000000000000000e+00
-4.070000000000000284e+00 1.000000000000000048e-04 1.242747228821142040e-04 1.000000000000000000e+00
-4.069250000000000256e+00 1.000000000000000048e-04 1.244705285172772850e-04 1.000000000000000000e+00
-4.068500000000000227e+00 1.000000000000000048e-04 1.246666425329937184e-04 1.000000000000000000e+00
-4.067750000000000199e+00 1.000000000000000048e-04 1.248630654145376515e-04 1.000000000000000000e+00
-4.067000000000000171e+00 1.000000000000000048e-04 1.250597976479452358e-04 1.000000000000000000e+00
-4.066250000000000142e+00 1.000000000000000048e-04 1.252568397200163350e-04 1.000000000000000000e+00
-4.065500000000000114e+00 1.000000000000000048e-04 1.254541921183155006e-04 1.000000000000000000e+00
-4.064750000000000085e+00 1.000000000000000048e-04 1.256518553311733000e-04 1.000000000000000000e+00
-4.064000000000000057e+00 1.000000000000000048e-04 1.258498298476874006e-04 1.000000000000000000e+00
-4.063250000000000028e+00 1.000000000000000048e-04 1.260481161577238171e-04 1.000000000000000000e+00
-4.062500000000000000e+00 1.000000000000000048e-04 1.262467147519181847e-04 1.000000000000000000e+00
-4.061749999999999972e+00 1.000000000000000048e-04 1.264456261216766815e-04 1.000000000000000000e+00
-4.060999999999999943e+00 1.000000000000000048e-04 1.266448507591778167e-04 1.000000000000000000e+00
-4.060249999999999915e+00 1.000000000000000048e-04 1.268443891573729190e-04 1.000000000000000000e+00
-4.059499999999999886e+00 1.000000000000000048e-04 1.270442418099878982e-04 1.000000000000000000e+00
-4.058749999999999858e+00 1.000000000000000048e-04 1.272444092115241124e-04 1.000000000000000000e+00
-4.057999999999999829e+00 1.000000000000000048e-04 1.274448918572599948e-04 1.000000000000000000e+00
-4.057249999999999801e+00 1.000000000000000048e-04 1.276456902432516224e-04 1.000000000000000000e+00
-4.056499999999999773e+00 1.000000000000000048e-04 1.278468048663345595e-04 1.000000000000000000e+00
-4.055749999999999744e+00 1.000000000000000048e-04 1.280482362241248603e-04 1.000000000000000000e+00
-4.054999999999999716e+00 1.000000000000000048e-04 1.282499848150201263e-04 1.000000000000000000e+00
-4.054249999999999687e+00 1.000000000000000048e-04 1.284520511382009425e-04 1.000000000000000000e+00
-4.053499999999999659e+00 1.000000000000000048e-04 1.286544356936320703e-04 1.000000000000000000e+00
-4.052749999999999631e+00 1.000000000000000048e-04 1.288571389820634776e-04 1.000000000000000000e+00
-4.051999999999999602e+00 1.000000000000000048e-04 1.290601615050318562e-04 1.000000000000000000e+00
-4.051249999999999574e+00 1.000000000000000048e-04 1.292635037648617337e-04 1.000000000000000000e+00
-4.050499999999999545e+00 1.000000000000000048e-04 1.294671662646665843e-04 1.000000000000000000e+00
-4.049749999999999517e+00 1.000000000000000048e-04 1.296711495083502656e-04 1.000000000000000000e+00
-4.048999999999999488e+00 1.000000000000000048e-04 1.298754540006081030e-04 1.000000000000000000e+00
-4.048250000000000348e+00 1.000000000000000048e-04 1.300800802469279462e-04 1.000000000000000000e+00
-4.047500000000000320e+00 1.000000000000000048e-04 1.302850287535924198e-04 1.000000000000000000e+00
-4.046750000000000291e+00 1.000000000000000048e-04 1.304903000276786784e-04 1.000000000000000000e+00
-4.046000000000000263e+00 1.000000000000000048e-04 1.306958945770605757e-04 1.000000000000000000e+00
-4.045250000000000234e+00 1.000000000000000048e-04 1.309018129104096942e-04 1.000000000000000000e+00
-4.044500000000000206e+00 1.000000000000000048e-04 1.311080555371966735e-04 1.000000000000000000e+00
-4.043750000000000178e+00 1.000000000000000048e-04 1.313146229676923212e-04 1.000000000000000000e+00
-4.043000000000000149e+00 1.000000000000000048e-04 1.315215157129689147e-04 1.000000000000000000e+00
-4.042250000000000121e+00 1.000000000000000048e-04 1.317287342849015556e-04 1.000000000000000000e+00
-4.041500000000000092e+00 1.000000000000000048e-04 1.319362791961694171e-04 1.000000000000000000e+00
-4.040750000000000064e+00 1.000000000000000048e-04 1.321441509602567740e-04 1.000000000000000000e+00
-4.040000000000000036e+00 1.000000000000000048e-04 1.323523500914544659e-04 1.000000000000000000e+00
-4.039250000000000007e+00 1.000000000000000048e-04 1.325608771048611715e-04 1.000000000000000000e+00
-4.038499999999999979e+00 1.000000000000000048e-04 1.327697325163845201e-04 1.000000000000000000e+00
-4.037749999999999950e+00 1.000000000000000048e-04 1.329789168427426089e-04 1.000000000000000000e+00
-4.036999999999999922e+00 1.000000000000000048e-04 1.331884306014650336e-04 1.000000000000000000e+00
-4.036249999999999893e+00 1.000000000000000048e-04 1.333982743108941889e-04 1.000000000000000000e+00
-4.035499999999999865e+00 1.000000000000000048e-04 1.336084484901867056e-04 1.000000000000000000e+00
-4.034749999999999837e+00 1.000000000000000048e-04 1.338189536593144800e-04 1.000000000000000000e+00
-4.033999999999999808e+00 1.000000000000000048e-04 1.340297903390662466e-04 1.000000000000000000e+00
-4.033249999999999780e+00 1.000000000000000048e-04 1.342409590510485265e-04 1.000000000000000000e+00
-4.032499999999999751e+00 1.000000000000000048e-04 1.344524603176872534e-04 1.000000000000000000e+00
-4.031749999999999723e+00 1.000000000000000048e-04 1.346642946622286958e-04 1.000000000000000000e+00
-4.030999999999999694e+00 1.000000000000000048e-04 1.348764626087410828e-04 1.000000000000000000e+00
-4.030249999999999666e+00 1.000000000000000048e-04 1.350889646821155530e-04 1.000000000000000000e+00
-4.029499999999999638e+00 1.000000000000000048e-04 1.353018014080678349e-04 1.000000000000000000e+00
-4.028749999999999609e+00 1.000000000000000048e-04 1.355149733131391144e-04 1.000000000000000000e+00
-4.028000000000000469e+00 1.000000000000000048e-04 1.357284809246974170e-04 1.000000000000000000e+00
-4.027250000000000441e+00 1.000000000000000048e-04 1.359423247709397493e-04 1.000000000000000000e+00
-4.026500000000000412e+00 1.000000000000000048e-04 1.361565053808918007e-04 1.000000000000000000e+00
-4.025750000000000384e+00 1.000000000000000048e-04 1.363710232844105453e-04 1.000000000000000000e+00
-4.025000000000000355e+00 1.000000000000000048e-04 1.365858790121849743e-04 1.000000000000000000e+00
-4.024250000000000327e+00 1.000000000000000048e-04 1.368010730957375048e-04 1.000000000000000000e+00
-4.023500000000000298e+00 1.000000000000000048e-04 1.370166060674254710e-04 1.000000000000000000e+00
-4.022750000000000270e+00 1.000000000000000048e-04 1.372324784604419645e-04 1.000000000000000000e+00
-4.022000000000000242e+00 1.000000000000000048e-04 1.374486908088177583e-04 1.000000000000000000e+00
-4.021250000000000213e+00 1.000000000000000048e-04 1.376652436474220392e-04 1.000000000000000000e+00
-4.020500000000000185e+00 1.000000000000000048e-04 1.378821375119642777e-04 1.000000000000000000e+00
-4.019750000000000156e+00 1.000000000000000048e-04 1.380993729389949328e-04 1.000000000000000000e+00
-4.019000000000000128e+00 1.000000000000000048e-04 1.383169504659072951e-04 1.000000000000000000e+00
-4.018250000000000099e+00 1.000000000000000048e-04 1.385348706309384899e-04 1.000000000000000000e+00
-4.017500000000000071e+00 1.000000000000000048e-04 1.387531339731709406e-04 1.000000000000000000e+00
-4.016750000000000043e+00 1.000000000000000048e-04 1.389717410325335615e-04 1.000000000000000000e+00
-4.016000000000000014e+00 1.000000000000000048e-04 1.391906923498033842e-04 1.000000000000000000e+00
-4.015249999999999986e+00 1.000000000000000048e-04 1.394099884666064244e-04 1.000000000000000000e+00
-4.014499999999999957e+00 1.000000000000000048e-04 1.396296299254193632e-04 1.000000000000000000e+00
-4.013749999999999929e+00 1.000000000000000048e-04 1.398496172695708748e-04 1.000000000000000000e+00
-4.012999999999999901e+00 1.000000000000000048e-04 1.400699510432425752e-04 1.000000000000000000e+00
-4.012249999999999872e+00 1.000000000000000048e-04 1.402906317914710008e-04 1.000000000000000000e+00
-4.011499999999999844e+00 1.000000000000000048e-04 1.405116600601481779e-04 1.000000000000000000e+00
-4.010749999999999815e+00 1.000000000000000048e-04 1.407330363960238181e-04 1.000000000000000000e+00
-4.009999999999999787e+00 1.000000000000000048e-04 1.409547613467058058e-04 1.000000000000000000e+00
-4.009249999999999758e+00 1.000000000000000048e-04 1.411768354606622589e-04 1.000000000000000000e+00
-4.008499999999999730e+00 1.000000000000000048e-04 1.413992592872222870e-04 1.000000000000000000e+00
-4.007749999999999702e+00 1.000000000000000048e-04 1.416220333765776996e-04 1.000000000000000000e+00
-4.006999999999999673e+00 1.000000000000000048e-04 1.418451582797843340e-04 1.000000000000000000e+00
-4.006249999999999645e+00 1.000000000000000048e-04 1.420686345487633291e-04 1.000000000000000000e+00
-4.005499999999999616e+00 1.000000000000000048e-04 1.422924627363024539e-04 1.000000000000000000e+00
-4.004749999999999588e+00 1.000000000000000048e-04 1.425166433960574624e-04 1.000000000000000000e+00
-4.003999999999999559e+00 1.000000000000000048e-04 1.427411770825535303e-04 1.000000000000000000e+00
-4.003249999999999531e+00 1.000000000000000048e-04 1.429660643511865292e-04 1.000000000000000000e+00
-4.002499999999999503e+00 1.000000000000000048e-04 1.431913057582246253e-04 1.000000000000000000e+00
-4.001750000000000362e+00 1.000000000000000048e-04 1.434169018608087405e-04 1.000000000000000000e+00
-4.001000000000000334e+00 1.000000000000000048e-04 1.436428532169559678e-04 1.000000000000000000e+00
-4.000250000000000306e+00 1.000000000000000048e-04 1.438691603855584051e-04 1.000000000000000000e+00
-3.999500000000000277e+00 1.000000000000000048e-04 1.440958239263861920e-04 1.000000000000000000e+00
-3.998750000000000249e+00 1.000000000000000048e-04 1.443228444000882406e-04 1.000000000000000000e+00
-3.998000000000000220e+00 1.000000000000000048e-04 1.445502223681939167e-04 1.000000000000000000e+00
-3.997250000000000192e+00 1.000000000000000048e-04 1.447779583931142592e-04 1.000000000000000000e+00
-3.996500000000000163e+00 1.000000000000000048e-04 1.450060530381432544e-04 1.000000000000000000e+00
-3.995750000000000135e+00 1.000000000000000048e-04 1.452345068674595430e-04 1.000000000000000000e+00
-3.995000000000000107e+00 1.000000000000000048e-04 1.454633204461275049e-04 1.000000000000000000e+00
-3.994250000000000078e+00 1.000000000000000048e-04 1.456924943400986683e-04 1.000000000000000000e+00
-3.993500000000000050e+00 1.000000000000000048e-04 1.459220291162132549e-04 1.000000000000000000e+00
-3.992750000000000021e+00 1.000000000000000048e-04 1.461519253422015351e-04 1.000000000000000000e+00
-3.991999999999999993e+00 1.000000000000000048e-04 1.463821835866850206e-04 1.000000000000000000e+00
-3.991249999999999964e+00 1.000000000000000048e-04 1.466128044191780905e-04 1.000000000000000000e+00
-3.990499999999999936e+00 1.000000000000000048e-04 1.468437884100894282e-04 1.000000000000000000e+00
-3.989749999999999908e+00 1.000000000000000048e-04 1.470751361307229971e-04 1.000000000000000000e+00
-3.988999999999999879e+00 1.000000000000000048e-04 1.473068481532800462e-04 1.000000000000000000e+00
-3.988249999999999851e+00 1.000000000000000048e-04 1.475389250508600048e-04 1.000000000000000000e+00
-3.987499999999999822e+00 1.000000000000000048e-04 1.477713673974621899e-04 1.000000000000000000e+00
-3.986749999999999794e+00 1.000000000000000048e-04 1.480041757679871075e-04 1.000000000000000000e+00
-3.985999999999999766e+00 1.000000000000000048e-04 1.482373507382378345e-04 1.000000000000000000e+00
-3.985249999999999737e+00 1.000000000000000048e-04 1.484708928849214830e-04 1.000000000000000000e+00
-3.984499999999999709e+00 1.000000000000000048e-04 1.487048027856505280e-04 1.000000000000000000e+00
-3.983749999999999680e+00 1.000000000000000048e-04 1.489390810189444609e-04 1.000000000000000000e+00
-3.982999999999999652e+00 1.000000000000000048e-04 1.491737281642308466e-04 1.000000000000000000e+00
-3.982250000000000068e+00 1.000000000000000048e-04 1.494087448018468958e-04 1.000000000000000000e+00
-3.981500000000000039e+00 1.000000000000000048e-04 1.496441315130412806e-04 1.000000000000000000e+00
-3.980750000000000011e+00 1.000000000000000048e-04 1.498798888799748939e-04 1.000000000000000000e+00
-3.979999999999999982e+00 1.000000000000000048e-04 1.501160174857225839e-04 1.000000000000000000e+00
-3.979249999999999954e+00 1.000000000000000048e-04 1.503525179142746449e-04 1.000000000000000000e+00
-3.978499999999999925e+00 1.000000000000000048e-04 1.505893907505382538e-04 1.000000000000000000e+00
-3.977749999999999897e+00 1.000000000000000048e-04 1.508266365803387983e-04 1.000000000000000000e+00
-3.976999999999999869e+00 1.000000000000000048e-04 1.510642559904212866e-04 1.000000000000000000e+00
-3.976250000000000284e+00 1.000000000000000048e-04 1.513022495684517835e-04 1.000000000000000000e+00
-3.975500000000000256e+00 1.000000000000000048e-04 1.515406179030193623e-04 1.000000000000000000e+00
-3.974750000000000227e+00 1.000000000000000048e-04 1.517793615836365384e-04 1.000000000000000000e+00
-3.974000000000000199e+00 1.000000000000000048e-04 1.520184812007416004e-04 1.000000000000000000e+00
-3.973250000000000171e+00 1.000000000000000048e-04 1.522579773456996129e-04 1.000000000000000000e+00
-3.972500000000000142e+00 1.000000000000000048e-04 1.524978506108040969e-04 1.000000000000000000e+00
-3.971750000000000114e+00 1.000000000000000048e-04 1.527381015892783039e-04 1.000000000000000000e+00
-3.971000000000000085e+00 1.000000000000000048e-04 1.529787308752765984e-04 1.000000000000000000e+00
-3.970250000000000057e+00 1.000000000000000048e-04 1.532197390638863007e-04 1.000000000000000000e+00
-3.969500000000000028e+00 1.000000000000000048e-04 1.534611267511288527e-04 1.000000000000000000e+00
-3.968750000000000000e+00 1.000000000000000048e-04 1.537028945339612542e-04 1.000000000000000000e+00
-3.967999999999999972e+00 1.000000000000000048e-04 1.539450430102774455e-04 1.000000000000000000e+00
-3.967249999999999943e+00 1.000000000000000048e-04 1.541875727789102589e-04 1.000000000000000000e+00
-3.966499999999999915e+00 1.000000000000000048e-04 1.544304844396323403e-04 1.000000000000000000e+00
-3.965749999999999886e+00 1.000000000000000048e-04 1.546737785931577482e-04 1.000000000000000000e+00
-3.964999999999999858e+00 1.000000000000000048e-04 1.549174558411437429e-04 1.000000000000000000e+00
-3.964249999999999829e+00 1.000000000000000048e-04 1.551615167861918163e-04 1.000000000000000000e+00
-3.963499999999999801e+00 1.000000000000000048e-04 1.554059620318494267e-04 1.000000000000000000e+00
-3.962749999999999773e+00 1.000000000000000048e-04 1.556507921826115709e-04 1.000000000000000000e+00
-3.961999999999999744e+00 1.000000000000000048e-04 1.558960078439218955e-04 1.000000000000000000e+00
-3.961249999999999716e+00 1.000000000000000048e-04 1.561416096221746215e-04 1.000000000000000000e+00
-3.960499999999999687e+00 1.000000000000000048e-04 1.563875981247156281e-04 1.000000000000000000e+00
-3.959749999999999659e+00 1.000000000000000048e-04 1.566339739598441064e-04 1.000000000000000000e+00
-3.959000000000000075e+00 1.000000000000000048e-04 1.568807377368140776e-04 1.000000000000000000e+00
-3.958250000000000046e+00 1.000000000000000048e-04 1.571278900658362623e-04 1.000000000000000000e+00
-3.957500000000000018e+00 1.000000000000000048e-04 1.573754315580787051e-04 1.000000000000000000e+00
-3.956749999999999989e+00 1.000000000000000048e-04 1.576233628256689962e-04 1.000000000000000000e+00
-3.955999999999999961e+00 1.000000000000000048e-04 1.578716844816953292e-04 1.000000000000000000e+00
-3.955249999999999932e+00 1.000000000000000048e-04 1.581203971402084252e-04 1.000000000000000000e+00
-3.954499999999999904e+00 1.000000000000000048e-04 1.583695014162226711e-04 1.000000000000000000e+00
-3.953749999999999876e+00 1.000000000000000048e-04 1.586189979257178549e-04 1.000000000000000000e+00
-3.953000000000000291e+00 1.000000000000000048e-04 1.588688872856403847e-04 1.000000000000000000e+00
-3.952250000000000263e+00 1.000000000000000048e-04 1.591191701139055119e-04 1.000000000000000000e+00
-3.951500000000000234e+00 1.000000000000000048e-04 1.593698470293977915e-04 1.000000000000000000e+00
-3.950750000000000206e+00 1.000000000000000048e-04 1.596209186519733866e-04 1.000000000000000000e+00
-3.950000000000000178e+00 1.000000000000000048e-04 1.598723856024612605e-04 1.000000000000000000e+00
-3.949250000000000149e+00 1.000000000000000048e-04 1.601242485026649386e-04 1.000000000000000000e+00
-3.948500000000000121e+00 1.000000000000000048e-04 1.603765079753635930e-04 1.000000000000000000e+00
-3.947750000000000092e+00 1.000000000000000048e-04 1.606291646443140750e-04 1.000000000000000000e+00
-3.947000000000000064e+00 1.000000000000000048e-04 1.608822191342521349e-04 1.000000000000000000e+00
-3.946250000000000036e+00 1.000000000000000048e-04 1.611356720708940484e-04 1.000000000000000000e+00
-3.945500000000000007e+00 1.000000000000000048e-04 1.613895240809381886e-04 1.000000000000000000e+00
-3.944749999999999979e+00 1.000000000000000048e-04 1.616437757920663812e-04 1.000000000000000000e+00
-3.943999999999999950e+00 1.000000000000000048e-04 1.618984278329455853e-04 1.000000000000000000e+00
-3.943249999999999922e+00 1.000000000000000048e-04 1.621534808332294650e-04 1.000000000000000000e+00
-3.942499999999999893e+00 1.000000000000000048e-04 1.624089354235599351e-04 1.000000000000000000e+00
-3.941749999999999865e+00 1.000000000000000048e-04 1.626647922355685155e-04 1.000000000000000000e+00
-3.940999999999999837e+00 1.000000000000000048e-04 1.629210519018779583e-04 1.000000000000000000e+00
-3.940249999999999808e+00 1.000000000000000048e-04 1.631777150561041986e-04 1.000000000000000000e+00
-3.939499999999999780e+00 1.000000000000000048e-04 1.634347823328570872e-04 1.000000000000000000e+00
-3.938749999999999751e+00 1.000000000000000048e-04 1.636922543677427208e-04 1.000000000000000000e+00
-3.937999999999999723e+00 1.000000000000000048e-04 1.639501317973646080e-04 1.000000000000000000e+00
-3.937249999999999694e+00 1.000000000000000048e-04 1.642084152593252142e-04 1.000000000000000000e+00
-3.936499999999999666e+00 1.000000000000000048e-04 1.644671053922278320e-04 1.000000000000000000e+00
-3.935750000000000082e+00 1.000000000000000048e-04 1.647262028356776919e-04 1.000000000000000000e+00
-3.935000000000000053e+00 1.000000000000000048e-04 1.649857082302839961e-04 1.000000000000000000e+00
-3.934250000000000025e+00 1.000000000000000048e-04 1.652456222176611103e-04 1.000000000000000000e+00
-3.933499999999999996e+00 1.000000000000000048e-04 1.655059454404302717e-04 1.000000000000000000e+00
-3.932749999999999968e+00 1.000000000000000048e-04 1.657666785422212425e-04 1.000000000000000000e+00
-3.931999999999999940e+00 1.000000000000000048e-04 1.660278221676736378e-04 1.000000000000000000e+00
-3.931249999999999911e+00 1.000000000000000048e-04 1.662893769624390942e-04 1.000000000000000000e+00
-3.930499999999999883e+00 1.000000000000000048e-04 1.665513435731818929e-04 1.000000000000000000e+00
-3.929750000000000298e+00 1.000000000000000048e-04 1.668137226475813997e-04 1.000000000000000000e+00
-3.929000000000000270e+00 1.000000000000000048e-04 1.670765148343334469e-04 1.000000000000000000e+00
-3.928250000000000242e+00 1.000000000000000048e-04 1.673397207831515260e-04 1.000000000000000000e+00
-3.927500000000000213e+00 1.000000000000000048e-04 1.676033411447689291e-04 1.000000000000000000e+00
-3.926750000000000185e+00 1.000000000000000048e-04 1.678673765709397519e-04 1.000000000000000000e+00
-3.926000000000000156e+00 1.000000000000000048e-04 1.681318277144411158e-04 1.000000000000000000e+00
-3.925250000000000128e+00 1.000000000000000048e-04 1.683966952290743072e-04 1.000000000000000000e+00
-3.924500000000000099e+00 1.000000000000000048e-04 1.686619797696665383e-04 1.000000000000000000e+00
-3.923750000000000071e+00 1.000000000000000048e-04 1.689276819920724928e-04 1.000000000000000000e+00
-3.923000000000000043e+00 1.000000000000000048e-04 1.691938025531762504e-04 1.000000000000000000e+00
-3.922250000000000014e+00 1.000000000000000048e-04 1.694603421108922348e-04 1.000000000000000000e+00
-3.921499999999999986e+00 1.000000000000000048e-04 1.697273013241674369e-04 1.000000000000000000e+00
-3.920749999999999957e+00 1.000000000000000048e-04 1.699946808529829328e-04 1.000000000000000000e+00
-3.919999999999999929e+00 1.000000000000000048e-04 1.702624813583550215e-04 1.000000000000000000e+00
-3.919249999999999901e+00 1.000000000000000048e-04 1.705307035023374753e-04 1.000000000000000000e+00
-3.918499999999999872e+00 1.000000000000000048e-04 1.707993479480228135e-04 1.000000000000000000e+00
-3.917749999999999844e+00 1.000000000000000048e-04 1.710684153595437660e-04 1.000000000000000000e+00
-3.916999999999999815e+00 1.000000000000000048e-04 1.713379064020754418e-04 1.000000000000000000e+00
-3.916249999999999787e+00 1.000000000000000048e-04 1.716078217418365217e-04 1.000000000000000000e+00
-3.915499999999999758e+00 1.000000000000000048e-04 1.718781620460909385e-04 1.000000000000000000e+00
-3.914749999999999730e+00 1.000000000000000048e-04 1.721489279831494765e-04 1.000000000000000000e+00
-3.913999999999999702e+00 1.000000000000000048e-04 1.724201202223719128e-04 1.000000000000000000e+00
-3.913249999999999673e+00 1.000000000000000048e-04 1.726917394341676406e-04 1.000000000000000000e+00
-3.912499999999999645e+00 1.000000000000000048e-04 1.729637862899984066e-04 1.000000000000000000e+00
-3.911750000000000060e+00 1.000000000000000048e-04 1.732362614623790434e-04 1.000000000000000000e+00
-3.911000000000000032e+00 1.000000000000000048e-04 1.735091656248802065e-04 1.000000000000000000e+00
-3.910250000000000004e+00 1.000000000000000048e-04 1.737824994521285375e-04 1.000000000000000000e+00
-3.909499999999999975e+00 1.000000000000000048e-04 1.740562636198097265e-04 1.000000000000000000e+00
-3.908749999999999947e+00 1.000000000000000048e-04 1.743304588046692169e-04 1.000000000000000000e+00
-3.907999999999999918e+00 1.000000000000000048e-04 1.746050856845142115e-04 1.000000000000000000e+00
-3.907249999999999890e+00 1.000000000000000048e-04 1.748801449382155425e-04 1.000000000000000000e+00
-3.906500000000000306e+00 1.000000000000000048e-04 1.751556372457089455e-04 1.000000000000000000e+00
-3.905750000000000277e+00 1.000000000000000048e-04 1.754315632879970650e-04 1.000000000000000000e+00
-3.905000000000000249e+00 1.000000000000000048e-04 1.757079237471506476e-04 1.000000000000000000e+00
-3.904250000000000220e+00 1.000000000000000048e-04 1.759847193063108182e-04 1.000000000000000000e+00
-3.903500000000000192e+00 1.000000000000000048e-04 1.762619506496902191e-04 1.000000000000000000e+00
-3.902750000000000163e+00 1.000000000000000048e-04 1.765396184625750691e-04 1.000000000000000000e+00
-3.902000000000000135e+00 1.000000000000000048e-04 1.768177234313264925e-04 1.000000000000000000e+00
-3.901250000000000107e+00 1.000000000000000048e-04 1.770962662433825244e-04 1.000000000000000000e+00
-3.900500000000000078e+00 1.000000000000000048e-04 1.773752475872596287e-04 1.000000000000000000e+00
-3.899750000000000050e+00 1.000000000000000048e-04 1.776546681525543786e-04 1.000000000000000000e+00
-3.899000000000000021e+00 1.000000000000000048e-04 1.779345286299450829e-04 1.000000000000000000e+00
-3.898249999999999993e+00 1.000000000000000048e-04 1.782148297111937375e-04 1.000000000000000000e+00
-3.897499999999999964e+00 1.000000000000000048e-04 1.784955720891473810e-04 1.000000000000000000e+00
-3.896749999999999936e+00 1.000000000000000048e-04 1.787767564577400728e-04 1.000000000000000000e+00
-3.895999999999999908e+00 1.000000000000000048e-04 1.790583835119943031e-04 1.000000000000000000e+00
-3.895249999999999879e+00 1.000000000000000048e-04 1.793404539480229710e-04 1.000000000000000000e+00
-3.894499999999999851e+00 1.000000000000000048e-04 1.796229684630309303e-04 1.000000000000000000e+00
-3.893749999999999822e+00 1.000000000000000048e-04 1.799059277553168045e-04 1.000000000000000000e+00
-3.892999999999999794e+00 1.000000000000000048e-04 1.801893325242744245e-04 1.000000000000000000e+00
-3.892249999999999766e+00 1.000000000000000048e-04 1.804731834703949959e-04 1.000000000000000000e+00
-3.891499999999999737e+00 1.000000000000000048e-04 1.807574812952682383e-04 1.000000000000000000e+00
-3.890749999999999709e+00 1.000000000000000048e-04 1.810422267015848242e-04 1.000000000000000000e+00
-3.889999999999999680e+00 1.000000000000000048e-04 1.813274203931373551e-04 1.000000000000000000e+00
-3.889249999999999652e+00 1.000000000000000048e-04 1.816130630748224485e-04 1.000000000000000000e+00
-3.888500000000000068e+00 1.000000000000000048e-04 1.818991554526422827e-04 1.000000000000000000e+00
-3.887750000000000039e+00 1.000000000000000048e-04 1.821856982337072262e-04 1.000000000000000000e+00
-3.887000000000000011e+00 1.000000000000000048e-04 1.824726921262358377e-04 1.000000000000000000e+00
-3.886249999999999982e+00 1.000000000000000048e-04 1.827601378395580644e-04 1.000000000000000000e+00
-3.885499999999999954e+00 1.000000000000000048e-04 1.830480360841164075e-04 1.000000000000000000e+00
-3.884749999999999925e+00 1.000000000000000048e-04 1.833363875714676301e-04 1.000000000000000000e+00
-3.883999999999999897e+00 1.000000000000000048e-04 1.836251930142848167e-04 1.000000000000000000e+00
-3.883249999999999869e+00 1.000000000000000048e-04 1.839144531263585934e-04 1.000000000000000000e+00
-3.882500000000000284e+00 1.000000000000000048e-04 1.842041686225991332e-04 1.000000000000000000e+00
-3.881750000000000256e+00 1.000000000000000048e-04 1.844943402190386773e-04 1.000000000000000000e+00
-3.881000000000000227e+00 1.000000000000000048e-04 1.847849686328315890e-04 1.000000000000000000e+00
-3.880250000000000199e+00 1.000000000000000048e-04 1.850760545822576874e-04 1.000000000000000000e+00
-3.879500000000000171e+00 1.000000000000000048e-04 1.853675987867230070e-04 1.000000000000000000e+00
-3.878750000000000142e+00 1.000000000000000048e-04 1.856596019667621281e-04 1.000000000000000000e+00
-3.878000000000000114e+00 1.000000000000000048e-04 1.859520648440398034e-04 1.000000000000000000e+00
-3.877250000000000085e+00 1.000000000000000048e-04 1.862449881413524486e-04 1.000000000000000000e+00
-3.876500000000000057e+00 1.000000000000000048e-04 1.865383725826302841e-04 1.000000000000000000e+00
-3.875750000000000028e+00 1.000000000000000048e-04 1.868322188929390692e-04 1.000000000000000000e+00
-3.875000000000000000e+00 1.000000000000000048e-04 1.871265277984812952e-04 1.000000000000000000e+00
-3.874249999999999972e+00 1.000000000000000048e-04 1.874213000265987055e-04 1.000000000000000000e+00
-3.873499999999999943e+00 1.000000000000000048e-04 1.877165363057739500e-04 1.000000000000000000e+00
-3.872749999999999915e+00 1.000000000000000048e-04 1.880122373656318581e-04 1.000000000000000000e+00
-3.871999999999999886e+00 1.000000000000000048e-04 1.883084039369416619e-04 1.000000000000000000e+00
-3.871249999999999858e+00 1.000000000000000048e-04 1.886050367516187848e-04 1.000000000000000000e+00
-3.870499999999999829e+00 1.000000000000000048e-04 1.889021365427263053e-04 1.000000000000000000e+00
-3.869749999999999801e+00 1.000000000000000048e-04 1.891997040444772611e-04 1.000000000000000000e+00
-3.868999999999999773e+00 1.000000000000000048e-04 1.894977399922358685e-04 1.000000000000000000e+00
-3.868249999999999744e+00 1.000000000000000048e-04 1.897962451225196909e-04 1.000000000000000000e+00
-3.867499999999999716e+00 1.000000000000000048e-04 1.900952201730014281e-04 1.000000000000000000e+00
-3.866749999999999687e+00 1.000000000000000048e-04 1.903946658825104879e-04 1.000000000000000000e+00
-3.865999999999999659e+00 1.000000000000000048e-04 1.906945829910349920e-04 1.000000000000000000e+00
-3.865250000000000075e+00 1.000000000000000048e-04 1.909949722397234024e-04 1.000000000000000000e+00
-3.864500000000000046e+00 1.000000000000000048e-04 1.912958343708869610e-04 1.000000000000000000e+00
-3.863750000000000018e+00 1.000000000000000048e-04 1.915971701280003126e-04 1.000000000000000000e+00
-3.862999999999999989e+00 1.000000000000000048e-04 1.918989802557044598e-04 1.000000000000000000e+00
-3.862249999999999961e+00 1.000000000000000048e-04 1.922012654998079553e-04 1.000000000000000000e+00
-3.861499999999999932e+00 1.000000000000000048e-04 1.925040266072888535e-04 1.000000000000000000e+00
-3.860749999999999904e+00 1.000000000000000048e-04 1.928072643262967437e-04 1.000000000000000000e+00
-3.859999999999999876e+00 1.000000000000000048e-04 1.931109794061543759e-04 1.000000000000000000e+00
-3.859250000000000291e+00 1.000000000000000048e-04 1.934151725973590977e-04 1.000000000000000000e+00
-3.858500000000000263e+00 1.000000000000000048e-04 1.937198446515859716e-04 1.000000000000000000e+00
-3.857750000000000234e+00 1.000000000000000048e-04 1.940249963216880995e-04 1.000000000000000000e+00
-3.857000000000000206e+00 1.000000000000000048e-04 1.943306283616992797e-04 1.000000000000000000e+00
-3.856250000000000178e+00 1.000000000000000048e-04 1.946367415268356602e-04 1.000000000000000000e+00
-3.855500000000000149e+00 1.000000000000000048e-04 1.949433365734977170e-04 1.000000000000000000e+00
-3.854750000000000121e+00 1.000000000000000048e-04 1.952504142592719621e-04 1.000000000000000000e+00
-3.854000000000000092e+00 1.000000000000000048e-04 1.955579753429325968e-04 1.000000000000000000e+00
-3.853250000000000064e+00 1.000000000000000048e-04 1.958660205844440052e-04 1.000000000000000000e+00
-3.852500000000000036e+00 1.000000000000000048e-04 1.961745507449618386e-04 1.000000000000000000e+00
-3.851750000000000007e+00 1.000000000000000048e-04 1.964835665868354549e-04 1.000000000000000000e+00
-3.850999999999999979e+00 1.000000000000000048e-04 1.967930688736093281e-04 1.000000000000000000e+00
-3.850249999999999950e+00 1.000000000000000048e-04 1.971030583700254335e-04 1.000000000000000000e+00
-3.849499999999999922e+00 1.000000000000000048e-04 1.974135358420245486e-04 1.000000000000000000e+00
-3.848749999999999893e+00 1.000000000000000048e-04 1.977245020567486929e-04 1.000000000000000000e+00
-3.847999999999999865e+00 1.000000000000000048e-04 1.980359577825424827e-04 1.000000000000000000e+00
-3.847249999999999837e+00 1.000000000000000048e-04 1.983479037889551374e-04 1.000000000000000000e+00
-3.846499999999999808e+00 1.000000000000000048e-04 1.986603408467428101e-04 1.000000000000000000e+00
-3.845749999999999780e+00 1.000000000000000048e-04 1.989732697278696720e-04 1.000000000000000000e+00
-3.844999999999999751e+00 1.000000000000000048e-04 1.992866912055106770e-04 1.000000000000000000e+00
-3.844249999999999723e+00 1.000000000000000048e-04 1.996006060540528087e-04 1.000000000000000000e+00
-3.843499999999999694e+00 1.000000000000000048e-04 1.999150150490968964e-04 1.000000000000000000e+00
-3.842749999999999666e+00 1.000000000000000048e-04 2.002299189674602712e-04 1.000000000000000000e+00
-3.842000000000000082e+00 1.000000000000000048e-04 2.005453185871776064e-04 1.000000000000000000e+00
-3.841250000000000053e+00 1.000000000000000048e-04 2.008612146875042787e-04 1.000000000000000000e+00
-3.840500000000000025e+00 1.000000000000000048e-04 2.011776080489165034e-04 1.000000000000000000e+00
-3.839749999999999996e+00 1.000000000000000048e-04 2.014944994531145059e-04 1.000000000000000000e+00
-3.838999999999999968e+00 1.000000000000000048e-04 2.018118896830237955e-04 1.000000000000000000e+00
-3.838249999999999940e+00 1.000000000000000048e-04 2.021297795227976050e-04 1.000000000000000000e+00
-3.837499999999999911e+00 1.000000000000000048e-04 2.024481697578183002e-04 1.000000000000000000e+00
-3.836749999999999883e+00 1.000000000000000048e-04 2.027670611746996293e-04 1.000000000000000000e+00
-3.836000000000000298e+00 1.000000000000000048e-04 2.030864545612882412e-04 1.000000000000000000e+00
-3.835250000000000270e+00 1.000000000000000048e-04 2.034063507066665583e-04 1.000000000000000000e+00
-3.834500000000000242e+00 1.000000000000000048e-04 2.037267504011534272e-04 1.000000000000000000e+00
-3.833750000000000213e+00 1.000000000000000048e-04 2.040476544363068563e-04 1.000000000000000000e+00
-3.833000000000000185e+00 1.000000000000000048e-04 2.043690636049256962e-04 1.000000000000000000e+00
-3.832250000000000156e+00 1.000000000000000048e-04 2.046909787010516729e-04 1.000000000000000000e+00
-3.831500000000000128e+00 1.000000000000000048e-04 2.050134005199712032e-04 1.000000000000000000e+00
-3.830750000000000099e+00 1.000000000000000048e-04 2.053363298582175367e-04 1.000000000000000000e+00
-3.830000000000000071e+00 1.000000000000000048e-04 2.056597675135724088e-04 1.000000000000000000e+00
-3.829250000000000043e+00 1.000000000000000048e-04 2.059837142850683448e-04 1.000000000000000000e+00
-3.828500000000000014e+00 1.000000000000000048e-04 2.063081709729902319e-04 1.000000000000000000e+00
-3.827749999999999986e+00 1.000000000000000048e-04 2.066331383788775960e-04 1.000000000000000000e+00
-3.826999999999999957e+00 1.000000000000000048e-04 2.069586173055262281e-04 1.000000000000000000e+00
-3.826249999999999929e+00 1.000000000000000048e-04 2.072846085569906237e-04 1.000000000000000000e+00
-3.825499999999999901e+00 1.000000000000000048e-04 2.076111129385853381e-04 1.000000000000000000e+00
-3.824749999999999872e+00 1.000000000000000048e-04 2.079381312568875614e-04 1.000000000000000000e+00
-3.823999999999999844e+00 1.000000000000000048e-04 2.082656643197384734e-04 1.000000000000000000e+00
-3.823249999999999815e+00 1.000000000000000048e-04 2.085937129362456838e-04 1.000000000000000000e+00
-3.822499999999999787e+00 1.000000000000000048e-04 2.089222779167851558e-04 1.000000000000000000e+00
-3.821749999999999758e+00 1.000000000000000048e-04 2.092513600730029687e-04 1.000000000000000000e+00
-3.820999999999999730e+00 1.000000000000000048e-04 2.095809602178174585e-04 1.000000000000000000e+00
-3.820249999999999702e+00 1.000000000000000048e-04 2.099110791654208990e-04 1.000000000000000000e+00
-3.819499999999999673e+00 1.000000000000000048e-04 2.102417177312820764e-04 1.000000000000000000e+00
-3.818749999999999645e+00 1.000000000000000048e-04 2.105728767321479429e-04 1.000000000000000000e+00
-3.818000000000000060e+00 1.000000000000000048e-04 2.109045569860450804e-04 1.000000000000000000e+00
-3.817250000000000032e+00 1.000000000000000048e-04 2.112367593122830883e-04 1.000000000000000000e+00
-3.816500000000000004e+00 1.000000000000000048e-04 2.115694845314550177e-04 1.000000000000000000e+00
-3.815749999999999975e+00 1.000000000000000048e-04 2.119027334654403525e-04 1.000000000000000000e+00
-3.814999999999999947e+00 1.000000000000000048e-04 2.122365069374065004e-04 1.000000000000000000e+00
-3.814249999999999918e+00 1.000000000000000048e-04 2.125708057718115034e-04 1.000000000000000000e+00
-3.813499999999999890e+00 1.000000000000000048e-04 2.129056307944049051e-04 1.000000000000000000e+00
-3.812750000000000306e+00 1.000000000000000048e-04 2.132409828322308408e-04 1.000000000000000000e+00
-3.812000000000000277e+00 1.000000000000000048e-04 2.135768627136299888e-04 1.000000000000000000e+00
-3.811250000000000249e+00 1.000000000000000048e-04 2.139132712682405735e-04 1.000000000000000000e+00
-3.810500000000000220e+00 1.000000000000000048e-04 2.142502093270014284e-04 1.000000000000000000e+00
-3.809750000000000192e+00 1.000000000000000048e-04 2.145876777221534864e-04 1.000000000000000000e+00
-3.809000000000000163e+00 1.000000000000000048e-04 2.149256772872421657e-04 1.000000000000000000e+00
-3.808250000000000135e+00 1.000000000000000048e-04 2.152642088571191852e-04 1.000000000000000000e+00
-3.807500000000000107e+00 1.000000000000000048e-04 2.156032732679444893e-04 1.000000000000000000e+00
-3.806750000000000078e+00 1.000000000000000048e-04 2.159428713571884977e-04 1.000000000000000000e+00
-3.806000000000000050e+00 1.000000000000000048e-04 2.162830039636341652e-04 1.000000000000000000e+00
-3.805250000000000021e+00 1.000000000000000048e-04 2.166236719273787977e-04 1.000000000000000000e+00
-3.804499999999999993e+00 1.000000000000000048e-04 2.169648760898363563e-04 1.000000000000000000e+00
-3.803749999999999964e+00 1.000000000000000048e-04 2.173066172937392732e-04 1.000000000000000000e+00
-3.802999999999999936e+00 1.000000000000000048e-04 2.176488963831408371e-04 1.000000000000000000e+00
-3.802249999999999908e+00 1.000000000000000048e-04 2.179917142034168464e-04 1.000000000000000000e+00
-3.801499999999999879e+00 1.000000000000000048e-04 2.183350716012677777e-04 1.000000000000000000e+00
-3.800749999999999851e+00 1.000000000000000048e-04 2.186789694247213338e-04 1.000000000000000000e+00
-3.799999999999999822e+00 1.000000000000000048e-04 2.190234085231336904e-04 1.000000000000000000e+00
-3.799249999999999794e+00 1.000000000000000048e-04 2.193683897471921794e-04 1.000000000000000000e+00
-3.798499999999999766e+00 1.000000000000000048e-04 2.197139139489171595e-04 1.000000000000000000e+00
-3.797749999999999737e+00 1.000000000000000048e-04 2.200599819816639944e-04 1.000000000000000000e+00
-3.796999999999999709e+00 1.000000000000000048e-04 2.204065947001254656e-04 1.000000000000000000e+00
-3.796249999999999680e+00 1.000000000000000048e-04 2.207537529603334524e-04 1.000000000000000000e+00
-3.795499999999999652e+00 1.000000000000000048e-04 2.211014576196612365e-04 1.000000000000000000e+00
-3.794750000000000068e+00 1.000000000000000048e-04 2.214497095368253175e-04 1.000000000000000000e+00
-3.794000000000000039e+00 1.000000000000000048e-04 2.217985095718884487e-04 1.000000000000000000e+00
-3.793250000000000011e+00 1.000000000000000048e-04 2.221478585862603694e-04 1.000000000000000000e+00
-3.792499999999999982e+00 1.000000000000000048e-04 2.224977574427006231e-04 1.000000000000000000e+00
-3.791749999999999954e+00 1.000000000000000048e-04 2.228482070053208622e-04 1.000000000000000000e+00
-3.790999999999999925e+00 1.000000000000000048e-04 2.231992081395864466e-04 1.000000000000000000e+00
-3.790249999999999897e+00 1.000000000000000048e-04 2.235507617123189106e-04 1.000000000000000000e+00
-3.789499999999999869e+00 1.000000000000000048e-04 2.239028685916979143e-04 1.000000000000000000e+00
-3.788750000000000284e+00 1.000000000000000048e-04 2.242555296472633036e-04 1.000000000000000000e+00
-3.788000000000000256e+00 1.000000000000000048e-04 2.246087457499176311e-04 1.000000000000000000e+00
-3.787250000000000227e+00 1.000000000000000048e-04 2.249625177719277822e-04 1.000000000000000000e+00
-3.786500000000000199e+00 1.000000000000000048e-04 2.253168465869271708e-04 1.000000000000000000e+00
-3.785750000000000171e+00 1.000000000000000048e-04 2.256717330699181245e-04 1.000000000000000000e+00
-3.785000000000000142e+00 1.000000000000000048e-04 2.260271780972739715e-04 1.000000000000000000e+00
-3.784250000000000114e+00 1.000000000000000048e-04 2.263831825467407756e-04 1.000000000000000000e+00
-3.783500000000000085e+00 1.000000000000000048e-04 2.267397472974400736e-04 1.000000000000000000e+00
-3.782750000000000057e+00 1.000000000000000048e-04 2.270968732298705019e-04 1.000000000000000000e+00
-3.782000000000000028e+00 1.000000000000000048e-04 2.274545612259104793e-04 1.000000000000000000e+00
-3.781250000000000000e+00 1.000000000000000048e-04 2.278128121688196444e-04 1.000000000000000000e+00
-3.780499999999999972e+00 1.000000000000000048e-04 2.281716269432417280e-04 1.000000000000000000e+00
-3.779749999999999943e+00 1.000000000000000048e-04 2.285310064352061256e-04 1.000000000000000000e+00
-3.778999999999999915e+00 1.000000000000000048e-04 2.288909515321305805e-04 1.000000000000000000e+00
-3.778249999999999886e+00 1.000000000000000048e-04 2.292514631228228378e-04 1.000000000000000000e+00
-3.777499999999999858e+00 1.000000000000000048e-04 2.296125420974830559e-04 1.000000000000000000e+00
-3.776749999999999829e+00 1.000000000000000048e-04 2.299741893477062196e-04 1.000000000000000000e+00
-3.775999999999999801e+00 1.000000000000000048e-04 2.303364057664837117e-04 1.000000000000000000e+00
-3.775249999999999773e+00 1.000000000000000048e-04 2.306991922482060781e-04 1.000000000000000000e+00
-3.774499999999999744e+00 1.000000000000000048e-04 2.310625496886648163e-04 1.000000000000000000e+00
-3.773749999999999716e+00 1.000000000000000048e-04 2.314264789850548152e-04 1.000000000000000000e+00
-3.772999999999999687e+00 1.000000000000000048e-04 2.317909810359763067e-04 1.000000000000000000e+00
-3.772249999999999659e+00 1.000000000000000048e-04 2.321560567414372505e-04 1.000000000000000000e+00
-3.771500000000000075e+00 1.000000000000000048e-04 2.325217070028552050e-04 1.000000000000000000e+00
-3.770750000000000046e+00 1.000000000000000048e-04 2.328879327230604980e-04 1.000000000000000000e+00
-3.770000000000000018e+00 1.000000000000000048e-04 2.332547348062968774e-04 1.000000000000000000e+00
-3.769249999999999989e+00 1.000000000000000048e-04 2.336221141582247370e-04 1.000000000000000000e+00
-3.768499999999999961e+00 1.000000000000000048e-04 2.339900716859233116e-04 1.000000000000000000e+00
-3.767749999999999932e+00 1.000000000000000048e-04 2.343586082978924663e-04 1.000000000000000000e+00
-3.766999999999999904e+00 1.000000000000000048e-04 2.347277249040552710e-04 1.000000000000000000e+00
-3.766249999999999876e+00 1.000000000000000048e-04 2.350974224157599524e-04 1.000000000000000000e+00
-3.765500000000000291e+00 1.000000000000000048e-04 2.354677017457821979e-04 1.000000000000000000e+00
-3.764750000000000263e+00 1.000000000000000048e-04 2.358385638083277302e-04 1.000000000000000000e+00
-3.764000000000000234e+00 1.000000000000000048e-04 2.362100095190339342e-04 1.000000000000000000e+00
-3.763250000000000206e+00 1.000000000000000048e-04 2.365820397949722686e-04 1.000000000000000000e+00
-3.762500000000000178e+00 1.000000000000000048e-04 2.369546555546507604e-04 1.000000000000000000e+00
-3.761750000000000149e+00 1.000000000000000048e-04 2.373278577180160641e-04 1.000000000000000000e+00
-3.761000000000000121e+00 1.000000000000000048e-04 2.377016472064555764e-04 1.000000000000000000e+00
-3.760250000000000092e+00 1.000000000000000048e-04 2.380760249427999299e-04 1.000000000000000000e+00
-3.759500000000000064e+00 1.000000000000000048e-04 2.384509918513252153e-04 1.000000000000000000e+00
-3.758750000000000036e+00 1.000000000000000048e-04 2.388265488577547707e-04 1.000000000000000000e+00
-3.758000000000000007e+00 1.000000000000000048e-04 2.392026968892621628e-04 1.000000000000000000e+00
-3.757249999999999979e+00 1.000000000000000048e-04 2.395794368744729493e-04 1.000000000000000000e+00
-3.756499999999999950e+00 1.000000000000000048e-04 2.399567697434670636e-04 1.000000000000000000e+00
-3.755749999999999922e+00 1.000000000000000048e-04 2.403346964277809834e-04 1.000000000000000000e+00
-3.754999999999999893e+00 1.000000000000000048e-04 2.407132178604102514e-04 1.000000000000000000e+00
-3.754249999999999865e+00 1.000000000000000048e-04 2.410923349758114273e-04 1.000000000000000000e+00
-3.753499999999999837e+00 1.000000000000000048e-04 2.414720487099047161e-04 1.000000000000000000e+00
-3.752749999999999808e+00 1.000000000000000048e-04 2.418523600000758121e-04 1.000000000000000000e+00
-3.751999999999999780e+00 1.000000000000000048e-04 2.422332697851788260e-04 1.000000000000000000e+00
-3.751249999999999751e+00 1.000000000000000048e-04 2.426147790055374230e-04 1.000000000000000000e+00
-3.750499999999999723e+00 1.000000000000000048e-04 2.429968886029486991e-04 1.000000000000000000e+00
-3.749749999999999694e+00 1.000000000000000048e-04 2.433795995206839943e-04 1.000000000000000000e+00
-3.748999999999999666e+00 1.000000000000000048e-04 2.437629127034921992e-04 1.000000000000000000e+00
-3.748250000000000082e+00 1.000000000000000048e-04 2.441468290976011105e-04 1.000000000000000000e+00
-3.747500000000000053e+00 1.000000000000000048e-04 2.445313496507212797e-04 1.000000000000000000e+00
-3.746750000000000025e+00 1.000000000000000048e-04 2.449164753120464740e-04 1.000000000000000000e+00
-3.745999999999999996e+00 1.000000000000000048e-04 2.453022070322569831e-04 1.000000000000000000e+00
-3.745249999999999968e+00 1.000000000000000048e-04 2.456885457635219774e-04 1.000000000000000000e+00
-3.744499999999999940e+00 1.000000000000000048e-04 2.460754924595015677e-04 1.000000000000000000e+00
-3.743749999999999911e+00 1.000000000000000048e-04 2.464630480753491910e-04 1.000000000000000000e+00
-3.742999999999999883e+00 1.000000000000000048e-04 2.468512135677137782e-04 1.000000000000000000e+00
-3.742250000000000298e+00 1.000000000000000048e-04 2.472399898947422485e-04 1.000000000000000000e+00
-3.741500000000000270e+00 1.000000000000000048e-04 2.476293780160824360e-04 1.000000000000000000e+00
-3.740750000000000242e+00 1.000000000000000048e-04 2.480193788928840119e-04 1.000000000000000000e+00
-3.740000000000000213e+00 1.000000000000000048e-04 2.484099934878018453e-04 1.000000000000000000e+00
-3.739250000000000185e+00 1.000000000000000048e-04 2.488012227649983883e-04 1.000000000000000000e+00
-3.738500000000000156e+00 1.000000000000000048e-04 2.491930676901453565e-04 1.000000000000000000e+00
-3.737750000000000128e+00 1.000000000000000048e-04 2.495855292304268195e-04 1.000000000000000000e+00
-3.737000000000000099e+00 1.000000000000000048e-04 2.499786083545411518e-04 1.000000000000000000e+00
-3.736250000000000071e+00 1.000000000000000048e-04 2.503723060327030930e-04 1.000000000000000000e+00
-3.735500000000000043e+00 1.000000000000000048e-04 2.507666232366468381e-04 1.000000000000000000e+00
-3.734750000000000014e+00 1.000000000000000048e-04 2.511615609396278801e-04 1.000000000000000000e+00
-3.733999999999999986e+00 1.000000000000000048e-04 2.515571201164255042e-04 1.000000000000000000e+00
-3.733249999999999957e+00 1.000000000000000048e-04 2.519533017433452809e-04 1.000000000000000000e+00
-3.732499999999999929e+00 1.000000000000000048e-04 2.523501067982210724e-04 1.000000000000000000e+00
-3.731749999999999901e+00 1.000000000000000048e-04 2.527475362604177968e-04 1.000000000000000000e+00
-3.730999999999999872e+00 1.000000000000000048e-04 2.531455911108338678e-04 1.000000000000000000e+00
-3.730249999999999844e+00 1.000000000000000048e-04 2.535442723319029836e-04 1.000000000000000000e+00
-3.729499999999999815e+00 1.000000000000000048e-04 2.539435809075972169e-04 1.000000000000000000e+00
-3.728749999999999787e+00 1.000000000000000048e-04 2.543435178234291290e-04 1.000000000000000000e+00
-3.727999999999999758e+00 1.000000000000000048e-04 2.547440840664538298e-04 1.000000000000000000e+00
-3.727249999999999730e+00 1.000000000000000048e-04 2.551452806252718511e-04 1.000000000000000000e+00
-3.726499999999999702e+00 1.000000000000000048e-04 2.555471084900316943e-04 1.000000000000000000e+00
-3.725749999999999673e+00 1.000000000000000048e-04 2.559495686524313482e-04 1.000000000000000000e+00
-3.724999999999999645e+00 1.000000000000000048e-04 2.563526621057217046e-04 1.000000000000000000e+00
-3.724250000000000060e+00 1.000000000000000048e-04 2.567563898447080759e-04 1.000000000000000000e+00
-3.723500000000000032e+00 1.000000000000000048e-04 2.571607528657539354e-04 1.000000000000000000e+00
-3.722750000000000004e+00 1.000000000000000048e-04 2.575657521667817852e-04 1.000000000000000000e+00
-3.721999999999999975e+00 1.000000000000000048e-04 2.579713887472763001e-04 1.000000000000000000e+00
-3.721249999999999947e+00 1.000000000000000048e-04 2.583776636082869295e-04 1.000000000000000000e+00
-3.720499999999999918e+00 1.000000000000000048e-04 2.587845777524303372e-04 1.000000000000000000e+00
-3.719749999999999890e+00 1.000000000000000048e-04 2.591921321838919190e-04 1.000000000000000000e+00
-3.719000000000000306e+00 1.000000000000000048e-04 2.596003279084295977e-04 1.000000000000000000e+00
-3.718250000000000277e+00 1.000000000000000048e-04 2.600091659333757200e-04 1.000000000000000000e+00
-3.717500000000000249e+00 1.000000000000000048e-04 2.604186472676388460e-04 1.000000000000000000e+00
-3.716750000000000220e+00 1.000000000000000048e-04 2.608287729217072183e-04 1.000000000000000000e+00
-3.716000000000000192e+00 1.000000000000000048e-04 2.612395439076504425e-04 1.000000000000000000e+00
-3.715250000000000163e+00 1.000000000000000048e-04 2.616509612391225230e-04 1.000000000000000000e+00
-3.714500000000000135e+00 1.000000000000000048e-04 2.620630259313639775e-04 1.000000000000000000e+00
-3.713750000000000107e+00 1.000000000000000048e-04 2.624757390012043301e-04 1.000000000000000000e+00
-3.713000000000000078e+00 1.000000000000000048e-04 2.628891014670646053e-04 1.000000000000000000e+00
-3.712250000000000050e+00 1.000000000000000048e-04 2.633031143489600388e-04 1.000000000000000000e+00
-3.711500000000000021e+00 1.000000000000000048e-04 2.637177786685021368e-04 1.000000000000000000e+00
-3.710749999999999993e+00 1.000000000000000048e-04 2.641330954489014412e-04 1.000000000000000000e+00
-3.709999999999999964e+00 1.000000000000000048e-04 2.645490657149701316e-04 1.000000000000000000e+00
-3.709249999999999936e+00 1.000000000000000048e-04 2.649656904931241394e-04 1.000000000000000000e+00
-3.708499999999999908e+00 1.000000000000000048e-04 2.653829708113856958e-04 1.000000000000000000e+00
-3.707749999999999879e+00 1.000000000000000048e-04 2.658009076993863131e-04 1.000000000000000000e+00
-3.706999999999999851e+00 1.000000000000000048e-04 2.662195021883686282e-04 1.000000000000000000e+00
-3.706249999999999822e+00 1.000000000000000048e-04 2.666387553111893298e-04 1.000000000000000000e+00
-3.705499999999999794e+00 1.000000000000000048e-04 2.670586681023216519e-04 1.000000000000000000e+00
-3.704749999999999766e+00 1.000000000000000048e-04 2.674792415978575967e-04 1.000000000000000000e+00
-3.703999999999999737e+00 1.000000000000000048e-04 2.679004768355108617e-04 1.000000000000000000e+00
-3.703249999999999709e+00 1.000000000000000048e-04 2.683223748546186287e-04 1.000000000000000000e+00
-3.702499999999999680e+00 1.000000000000000048e-04 2.687449366961453044e-04 1.000000000000000000e+00
-3.701749999999999652e+00 1.000000000000000048e-04 2.691681634026838214e-04 1.000000000000000000e+00
-3.701000000000000068e+00 1.000000000000000048e-04 2.695920560184586197e-04 1.000000000000000000e+00
-3.700250000000000039e+00 1.000000000000000048e-04 2.700166155893289534e-04 1.000000000000000000e+00
-3.699500000000000011e+00 1.000000000000000048e-04 2.704418431627898670e-04 1.000000000000000000e+00
-3.698749999999999982e+00 1.000000000000000048e-04 2.708677397879760977e-04 1.000000000000000000e+00
-3.697999999999999954e+00 1.000000000000000048e-04 2.712943065156638110e-04 1.000000000000000000e+00
-3.697249999999999925e+00 1.000000000000000048e-04 2.717215443982738524e-04 1.000000000000000000e+00
-3.696499999999999897e+00 1.000000000000000048e-04 2.721494544898732122e-04 1.000000000000000000e+00
-3.695749999999999869e+00 1.000000000000000048e-04 2.725780378461791441e-04 1.000000000000000000e+00
-3.695000000000000284e+00 1.000000000000000048e-04 2.730072955245598171e-04 1.000000000000000000e+00
-3.694250000000000256e+00 1.000000000000000048e-04 2.734372285840393018e-04 1.000000000000000000e+00
-3.693500000000000227e+00 1.000000000000000048e-04 2.738678380852972998e-04 1.000000000000000000e+00
-3.692750000000000199e+00 1.000000000000000048e-04 2.742991250906744020e-04 1.000000000000000000e+00
-3.692000000000000171e+00 1.000000000000000048e-04 2.747310906641725224e-04 1.000000000000000000e+00
-3.691250000000000142e+00 1.000000000000000048e-04 2.751637358714588552e-04 1.000000000000000000e+00
-3.690500000000000114e+00 1.000000000000000048e-04 2.755970617798678265e-04 1.000000000000000000e+00
-3.689750000000000085e+00 1.000000000000000048e-04 2.760310694584040218e-04 1.000000000000000000e+00
-3.689000000000000057e+00 1.000000000000000048e-04 2.764657599777445708e-04 1.000000000000000000e+00
-3.688250000000000028e+00 1.000000000000000048e-04 2.769011344102414790e-04 1.000000000000000000e+00
-3.687500000000000000e+00 1.000000000000000048e-04 2.773371938299252050e-04 1.000000000000000000e+00
-3.686749999999999972e+00 1.000000000000000048e-04 2.777739393125059080e-04 1.000000000000000000e+00
-3.685999999999999943e+00 1.000000000000000048e-04 2.782113719353772959e-04 1.000000000000000000e+00
-3.685249999999999915e+00 1.000000000000000048e-04 2.786494927776181438e-04 1.000000000000000000e+00
-3.684499999999999886e+00 1.000000000000000048e-04 2.790883029199960888e-04 1.000000000000000000e+00
-3.683749999999999858e+00 1.000000000000000048e-04 2.795278034449689302e-04 1.000000000000000000e+00
-3.682999999999999829e+00 1.000000000000000048e-04 2.799679954366886422e-04 1.000000000000000000e+00
-3.682249999999999801e+00 1.000000000000000048e-04 2.804088799810027823e-04 1.000000000000000000e+00
-3.681499999999999773e+00 1.000000000000000048e-04 2.808504581654580699e-04 1.000000000000000000e+00
-3.680749999999999744e+00 1.000000000000000048e-04 2.812927310793020665e-04 1.000000000000000000e+00
-3.679999999999999716e+00 1.000000000000000048e-04 2.817356998134869163e-04 1.000000000000000000e+00
-3.679249999999999687e+00 1.000000000000000048e-04 2.821793654606711351e-04 1.000000000000000000e+00
-3.678499999999999659e+00 1.000000000000000048e-04 2.826237291152224290e-04 1.000000000000000000e+00
-3.677750000000000075e+00 1.000000000000000048e-04 2.830687918732205681e-04 1.000000000000000000e+00
-3.677000000000000046e+00 1.000000000000000048e-04 2.835145548324605842e-04 1.000000000000000000e+00
-3.676250000000000018e+00 1.000000000000000048e-04 2.839610190924539098e-04 1.000000000000000000e+00
-3.675499999999999989e+00 1.000000000000000048e-04 2.844081857544321725e-04 1.000000000000000000e+00
-3.674749999999999961e+00 1.000000000000000048e-04 2.848560559213498514e-04 1.000000000000000000e+00
-3.673999999999999932e+00 1.000000000000000048e-04 2.853046306978866079e-04 1.000000000000000000e+00
-3.673249999999999904e+00 1.000000000000000048e-04 2.857539111904499967e-04 1.000000000000000000e+00
-3.672499999999999876e+00 1.000000000000000048e-04 2.862038985071781757e-04 1.000000000000000000e+00
-3.671750000000000291e+00 1.000000000000000048e-04 2.866545937579427256e-04 1.000000000000000000e+00
-3.671000000000000263e+00 1.000000000000000048e-04 2.871059980543516849e-04 1.000000000000000000e+00
-3.670250000000000234e+00 1.000000000000000048e-04 2.875581125097511769e-04 1.000000000000000000e+00
-3.669500000000000206e+00 1.000000000000000048e-04 2.880109382392291497e-04 1.000000000000000000e+00
-3.668750000000000178e+00 1.000000000000000048e-04 2.884644763596173824e-04 1.000000000000000000e+00
-3.668000000000000149e+00 1.000000000000000048e-04 2.889187279894947372e-04 1.000000000000000000e+00
-3.667250000000000121e+00 1.000000000000000048e-04 2.893736942491894910e-04 1.000000000000000000e+00
-3.666500000000000092e+00 1.000000000000000048e-04 2.898293762607822622e-04 1.000000000000000000e+00
-3.665750000000000064e+00 1.000000000000000048e-04 2.902857751481085049e-04 1.000000000000000000e+00
-3.665000000000000036e+00 1.000000000000000048e-04 2.907428920367615441e-04 1.000000000000000000e+00
-3.664250000000000007e+00 1.000000000000000048e-04 2.912007280540952867e-04 1.000000000000000000e+00
-3.663499999999999979e+00 1.000000000000000048e-04 2.916592843292262270e-04 1.000000000000000000e+00
-3.662749999999999950e+00 1.000000000000000048e-04 2.921185619930374042e-04 1.000000000000000000e+00
-3.661999999999999922e+00 1.000000000000000048e-04 2.925785621781801910e-04 1.000000000000000000e+00
-3.661249999999999893e+00 1.000000000000000048e-04 2.930392860190771673e-04 1.000000000000000000e+00
-3.660499999999999865e+00 1.000000000000000048e-04 2.935007346519253181e-04 1.000000000000000000e+00
-3.659749999999999837e+00 1.000000000000000048e-04 2.939629092146986899e-04 1.000000000000000000e+00
-3.658999999999999808e+00 1.000000000000000048e-04 2.944258108471504510e-04 1.000000000000000000e+00
-3.658249999999999780e+00 1.000000000000000048e-04 2.948894406908166314e-04 1.000000000000000000e+00
-3.657499999999999751e+00 1.000000000000000048e-04 2.953537998890179666e-04 1.000000000000000000e+00
-3.656749999999999723e+00 1.000000000000000048e-04 2.958188895868636920e-04 1.000000000000000000e+00
-3.655999999999999694e+00 1.000000000000000048e-04 2.962847109312531689e-04 1.000000000000000000e+00
-3.655249999999999666e+00 1.000000000000000048e-04 2.967512650708798425e-04 1.000000000000000000e+00
-3.654500000000000082e+00 1.000000000000000048e-04 2.972185531562324340e-04 1.000000000000000000e+00
-3.653750000000000053e+00 1.000000000000000048e-04 2.976865763396003076e-04 1.000000000000000000e+00
-3.653000000000000025e+00 1.000000000000000048e-04 2.981553357750733619e-04 1.000000000000000000e+00
-3.652249999999999996e+00 1.000000000000000048e-04 2.986248326185465840e-04 1.000000000000000000e+00
-3.651499999999999968e+00 1.000000000000000048e-04 2.990950680277222715e-04 1.000000000000000000e+00
-3.650749999999999940e+00 1.000000000000000048e-04 2.995660431621131230e-04 1.000000000000000000e+00
-3.649999999999999911e+00 1.000000000000000048e-04 3.000377591830447315e-04 1.000000000000000000e+00
-3.649249999999999883e+00 1.000000000000000048e-04 3.005102172536586202e-04 1.000000000000000000e+00
-3.648500000000000298e+00 1.000000000000000048e-04 3.009834185389148446e-04 1.000000000000000000e+00
-3.647750000000000270e+00 1.000000000000000048e-04 3.014573642055956245e-04 1.000000000000000000e+00
-3.647000000000000242e+00 1.000000000000000048e-04 3.019320554223067538e-04 1.000000000000000000e+00
-3.646250000000000213e+00 1.000000000000000048e-04 3.024074933594812862e-04 1.000000000000000000e+00
-3.645500000000000185e+00 1.000000000000000048e-04 3.028836791893822463e-04 1.000000000000000000e+00
-3.644750000000000156e+00 1.000000000000000048e-04 3.033606140861060444e-04 1.000000000000000000e+00
-3.644000000000000128e+00 1.000000000000000048e-04 3.038382992255842657e-04 1.000000000000000000e+00
-3.643250000000000099e+00 1.000000000000000048e-04 3.043167357855866518e-04 1.000000000000000000e+00
-3.642500000000000071e+00 1.000000000000000048e-04 3.047959249457251663e-04 1.000000000000000000e+00
-3.641750000000000043e+00 1.000000000000000048e-04 3.052758678874554587e-04 1.000000000000000000e+00
-3.641000000000000014e+00 1.000000000000000048e-04 3.057565657940801711e-04 1.000000000000000000e+00
-3.640249999999999986e+00 1.000000000000000048e-04 3.062380198507522991e-04 1.000000000000000000e+00
-3.639499999999999957e+00 1.000000000000000048e-04 3.067202312444773063e-04 1.000000000000000000e+00
-3.638749999999999929e+00 1.000000000000000048e-04 3.072032011641164851e-04 1.000000000000000000e+00
-3.637999999999999901e+00 1.000000000000000048e-04 3.076869308003895047e-04 1.000000000000000000e+00
-3.637249999999999872e+00 1.000000000000000048e-04 3.081714213458777718e-04 1.000000000000000000e+00
-3.636499999999999844e+00 1.000000000000000048e-04 3.086566739950267623e-04 1.000000000000000000e+00
-3.635749999999999815e+00 1.000000000000000048e-04 3.091426899441494357e-04 1.000000000000000000e+00
-3.634999999999999787e+00 1.000000000000000048e-04 3.096294703914284044e-04 1.000000000000000000e+00
-3.634249999999999758e+00 1.000000000000000048e-04 3.101170165369197818e-04 1.000000000000000000e+00
-3.633499999999999730e+00 1.000000000000000048e-04 3.106053295825551884e-04 1.000000000000000000e+00
-3.632749999999999702e+00 1.000000000000000048e-04 3.110944107321453843e-04 1.000000000000000000e+00
-3.631999999999999673e+00 1.000000000000000048e-04 3.115842611913827078e-04 1.000000000000000000e+00
-3.631249999999999645e+00 1.000000000000000048e-04 3.120748821678442204e-04 1.000000000000000000e+00
-3.630500000000000060e+00 1.000000000000000048e-04 3.125662748709939829e-04 1.000000000000000000e+00
-3.629750000000000032e+00 1.000000000000000048e-04 3.130584405121879894e-04 1.000000000000000000e+00
-3.629000000000000004e+00 1.000000000000000048e-04 3.135513803046741121e-04 1.000000000000000000e+00
-3.628249999999999975e+00 1.000000000000000048e-04 3.140450954635974688e-04 1.000000000000000000e+00
-3.627499999999999947e+00 1.000000000000000048e-04 3.145395872060018864e-04 1.000000000000000000e+00
-3.626749999999999918e+00 1.000000000000000048e-04 3.150348567508339664e-04 1.000000000000000000e+00
-3.625999999999999890e+00 1.000000000000000048e-04 3.155309053189453081e-04 1.000000000000000000e+00
-3.625249999999999861e+00 1.000000000000000048e-04 3.160277341330953809e-04 1.000000000000000000e+00
-3.624500000000000277e+00 1.000000000000000048e-04 3.165253444179548861e-04 1.000000000000000000e+00
-3.623750000000000249e+00 1.000000000000000048e-04 3.170237374001091718e-04 1.000000000000000000e+00
-3.623000000000000220e+00 1.000000000000000048e-04 3.175229143080599134e-04 1.000000000000000000e+00
-3.622250000000000192e+00 1.000000000000000048e-04 3.180228763722287998e-04 1.000000000000000000e+00
-3.621500000000000163e+00 1.000000000000000048e-04 3.185236248249609489e-04 1.000000000000000000e+00
-3.620750000000000135e+00 1.000000000000000048e-04 3.190251609005269676e-04 1.000000000000000000e+00
-3.620000000000000107e+00 1.000000000000000048e-04 3.195274858351264207e-04 1.000000000000000000e+00
-3.619250000000000078e+00 1.000000000000000048e-04 3.200306008668913553e-04 1.000000000000000000e+00
-3.618500000000000050e+00 1.000000000000000048e-04 3.205345072358879266e-04 1.000000000000000000e+00
-3.617750000000000021e+00 1.000000000000000048e-04 3.210392061841206806e-04 1.000000000000000000e+00
-3.616999999999999993e+00 1.000000000000000048e-04 3.215446989555350481e-04 1.000000000000000000e+00
-3.616249999999999964e+00 1.000000000000000048e-04 3.220509867960203798e-04 1.000000000000000000e+00
-3.615499999999999936e+00 1.000000000000000048e-04 3.225580709534127660e-04 1.000000000000000000e+00
-3.614749999999999908e+00 1.000000000000000048e-04 3.230659526774985052e-04 1.000000000000000000e+00
-3.613999999999999879e+00 1.000000000000000048e-04 3.235746332200164360e-04 1.000000000000000000e+00
-3.613249999999999851e+00 1.000000000000000048e-04 3.240841138346620023e-04 1.000000000000000000e+00
-3.612499999999999822e+00 1.000000000000000048e-04 3.245943957770889882e-04 1.000000000000000000e+00
-3.611749999999999794e+00 1.000000000000000048e-04 3.251054803049139089e-04 1.000000000000000000e+00
-3.610999999999999766e+00 1.000000000000000048e-04 3.256173686777178540e-04 1.000000000000000000e+00
-3.610249999999999737e+00 1.000000000000000048e-04 3.261300621570502821e-04 1.000000000000000000e+00
-3.609499999999999709e+00 1.000000000000000048e-04 3.266435620064317858e-04 1.000000000000000000e+00
-3.608749999999999680e+00 1.000000000000000048e-04 3.271578694913571811e-04 1.000000000000000000e+00
-3.607999999999999652e+00 1.000000000000000048e-04 3.276729858792986521e-04 1.000000000000000000e+00
-3.607250000000000068e+00 1.000000000000000048e-04 3.281889124397084612e-04 1.000000000000000000e+00
-3.606500000000000039e+00 1.000000000000000048e-04 3.287056504440227442e-04 1.000000000000000000e+00
-3.605750000000000011e+00 1.000000000000000048e-04 3.292232011656640034e-04 1.000000000000000000e+00
-3.604999999999999982e+00 1.000000000000000048e-04 3.297415658800440354e-04 1.000000000000000000e+00
-3.604249999999999954e+00 1.000000000000000048e-04 3.302607458645672920e-04 1.000000000000000000e+00
-3.603499999999999925e+00 1.000000000000000048e-04 3.307807423986343495e-04 1.000000000000000000e+00
-3.602749999999999897e+00 1.000000000000000048e-04 3.313015567636444026e-04 1.000000000000000000e+00
-3.601999999999999869e+00 1.000000000000000048e-04 3.318231902429982999e-04 1.000000000000000000e+00
-3.601250000000000284e+00 1.000000000000000048e-04 3.323456441221021222e-04 1.000000000000000000e+00
-3.600500000000000256e+00 1.000000000000000048e-04 3.328689196883704887e-04 1.000000000000000000e+00
-3.599750000000000227e+00 1.000000000000000048e-04 3.333930182312287260e-04 1.000000000000000000e+00
-3.599000000000000199e+00 1.000000000000000048e-04 3.339179410421166082e-04 1.000000000000000000e+00
-3.598250000000000171e+00 1.000000000000000048e-04 3.344436894144912301e-04 1.000000000000000000e+00
-3.597500000000000142e+00 1.000000000000000048e-04 3.349702646438306396e-04 1.000000000000000000e+00
-3.596750000000000114e+00 1.000000000000000048e-04 3.354976680276363309e-04 1.000000000000000000e+00
-3.596000000000000085e+00 1.000000000000000048e-04 3.360259008654368769e-04 1.000000000000000000e+00
-3.595250000000000057e+00 1.000000000000000048e-04 3.365549644587904768e-04 1.000000000000000000e+00
-3.594500000000000028e+00 1.000000000000000048e-04 3.370848601112886428e-04 1.000000000000000000e+00
-3.593750000000000000e+00 1.000000000000000048e-04 3.376155891285594524e-04 1.000000000000000000e+00
-3.592999999999999972e+00 1.000000000000000048e-04 3.381471528182697708e-04 1.000000000000000000e+00
-3.592249999999999943e+00 1.000000000000000048e-04 3.386795524901295884e-04 1.000000000000000000e+00
-3.591499999999999915e+00 1.000000000000000048e-04 3.392127894558944596e-04 1.000000000000000000e+00
-3.590749999999999886e+00 1.000000000000000048e-04 3.397468650293686472e-04 1.000000000000000000e+00
-3.589999999999999858e+00 1.000000000000000048e-04 3.402817805264090798e-04 1.000000000000000000e+00
-3.589249999999999829e+00 1.000000000000000048e-04 3.408175372649271408e-04 1.000000000000000000e+00
-3.588499999999999801e+00 1.000000000000000048e-04 3.413541365648931677e-04 1.000000000000000000e+00
-3.587749999999999773e+00 1.000000000000000048e-04 3.418915797483391083e-04 1.000000000000000000e+00
-3.586999999999999744e+00 1.000000000000000048e-04 3.424298681393611230e-04 1.000000000000000000e+00
-3.586249999999999716e+00 1.000000000000000048e-04 3.429690030641246263e-04 1.000000000000000000e+00
-3.585499999999999687e+00 1.000000000000000048e-04 3.435089858508649373e-04 1.000000000000000000e+00
-3.584749999999999659e+00 1.000000000000000048e-04 3.440498178298924295e-04 1.000000000000000000e+00
-3.584000000000000075e+00 1.000000000000000048e-04 3.445915003335946994e-04 1.000000000000000000e+00
-3.583250000000000046e+00 1.000000000000000048e-04 3.451340346964408491e-04 1.000000000000000000e+00
-3.582500000000000018e+00 1.000000000000000048e-04 3.456774222549836547e-04 1.000000000000000000e+00
-3.581749999999999989e+00 1.000000000000000048e-04 3.462216643478629812e-04 1.000000000000000000e+00
-3.580999999999999961e+00 1.000000000000000048e-04 3.467667623158093610e-04 1.000000000000000000e+00
-3.580249999999999932e+00 1.000000000000000048e-04 3.473127175016470290e-04 1.000000000000000000e+00
-3.579499999999999904e+00 1.000000000000000048e-04 3.478595312502971758e-04 1.000000000000000000e+00
-3.578749999999999876e+00 1.000000000000000048e-04 3.484072049087814709e-04 1.000000000000000000e+00
-3.578000000000000291e+00 1.000000000000000048e-04 3.489557398262243398e-04 1.000000000000000000e+00
-3.577250000000000263e+00 1.000000000000000048e-04 3.495051373538580054e-04 1.000000000000000000e+00
-3.576500000000000234e+00 1.000000000000000048e-04 3.500553988450239517e-04 1.000000000000000000e+00
-3.575750000000000206e+00 1.000000000000000048e-04 3.506065256551769353e-04 1.000000000000000000e+00
-3.575000000000000178e+00 1.000000000000000048e-04 3.511585191418884551e-04 1.000000000000000000e+00
-3.574250000000000149e+00 1.000000000000000048e-04 3.517113806648495709e-04 1.000000000000000000e+00
-3.573500000000000121e+00 1.000000000000000048e-04 3.522651115858744814e-04 1.000000000000000000e+00
-3.572750000000000092e+00 1.000000000000000048e-04 3.528197132689038311e-04 1.000000000000000000e+00
-3.572000000000000064e+00 1.000000000000000048e-04 3.533751870800078002e-04 1.000000000000000000e+00
-3.571250000000000036e+00 1.000000000000000048e-04 3.539315343873895739e-04 1.000000000000000000e+00
-3.570500000000000007e+00 1.000000000000000048e-04 3.544887565613884326e-04 1.000000000000000000e+00
-3.569749999999999979e+00 1.000000000000000048e-04 3.550468549744832214e-04 1.000000000000000000e+00
-3.568999999999999950e+00 1.000000000000000048e-04 3.556058310012959276e-04 1.000000000000000000e+00
-3.568249999999999922e+00 1.000000000000000048e-04 3.561656860185941206e-04 1.000000000000000000e+00
-3.567499999999999893e+00 1.000000000000000048e-04 3.567264214052952341e-04 1.000000000000000000e+00
-3.566749999999999865e+00 1.000000000000000048e-04 3.572880385424696023e-04 1.000000000000000000e+00
-3.565999999999999837e+00 1.000000000000000048e-04 3.578505388133432241e-04 1.000000000000000000e+00
-3.565249999999999808e+00 1.000000000000000048e-04 3.584139236033017208e-04 1.000000000000000000e+00
-3.564499999999999780e+00 1.000000000000000048e-04 3.589781942998939682e-04 1.000000000000000000e+00
-3.563749999999999751e+00 1.000000000000000048e-04 3.595433522928341563e-04 1.000000000000000000e+00
-3.562999999999999723e+00 1.000000000000000048e-04 3.601093989740067770e-04 1.000000000000000000e+00
-3.562249999999999694e+00 1.000000000000000048e-04 3.606763357374685752e-04 1.000000000000000000e+00
-3.561499999999999666e+00 1.000000000000000048e-04 3.612441639794527234e-04 1.000000000000000000e+00
-3.560749999999999638e+00 1.000000000000000048e-04 3.618128850983720743e-04 1.000000000000000000e+00
-3.560000000000000053e+00 1.000000000000000048e-04 3.623825004948215455e-04 1.000000000000000000e+00
-3.559250000000000025e+00 1.000000000000000048e-04 3.629530115715840833e-04 1.000000000000000000e+00
-3.558499999999999996e+00 1.000000000000000048e-04 3.635244197336308250e-04 1.000000000000000000e+00
-3.557749999999999968e+00 1.000000000000000048e-04 3.640967263881265199e-04 1.000000000000000000e+00
-3.556999999999999940e+00 1.000000000000000048e-04 3.646699329444322399e-04 1.000000000000000000e+00
-3.556249999999999911e+00 1.000000000000000048e-04 3.652440408141089030e-04 1.000000000000000000e+00
-3.555499999999999883e+00 1.000000000000000048e-04 3.658190514109207971e-04 1.000000000000000000e+00
-3.554750000000000298e+00 1.000000000000000048e-04 3.663949661508383989e-04 1.000000000000000000e+00
-3.554000000000000270e+00 1.000000000000000048e-04 3.669717864520435240e-04 1.000000000000000000e+00
-3.553250000000000242e+00 1.000000000000000048e-04 3.675495137349299771e-04 1.000000000000000000e+00
-3.552500000000000213e+00 1.000000000000000048e-04 3.681281494221090816e-04 1.000000000000000000e+00
-3.551750000000000185e+00 1.000000000000000048e-04 3.687076949384127697e-04 1.000000000000000000e+00
-3.551000000000000156e+00 1.000000000000000048e-04 3.692881517108960216e-04 1.000000000000000000e+00
-3.550250000000000128e+00 1.000000000000000048e-04 3.698695211688417445e-04 1.000000000000000000e+00
-3.549500000000000099e+00 1.000000000000000048e-04 3.704518047437629414e-04 1.000000000000000000e+00
-3.548750000000000071e+00 1.000000000000000048e-04 3.710350038694069388e-04 1.000000000000000000e+00
-3.548000000000000043e+00 1.000000000000000048e-04 3.716191199817583685e-04 1.000000000000000000e+00
-3.547250000000000014e+00 1.000000000000000048e-04 3.722041545190433423e-04 1.000000000000000000e+00
-3.546499999999999986e+00 1.000000000000000048e-04 3.727901089217317823e-04 1.000000000000000000e+00
-3.545749999999999957e+00 1.000000000000000048e-04 3.733769846325421917e-04 1.000000000000000000e+00
-3.544999999999999929e+00 1.000000000000000048e-04 3.739647830964437690e-04 1.000000000000000000e+00
-3.544249999999999901e+00 1.000000000000000048e-04 3.745535057606608534e-04 1.000000000000000000e+00
-3.543499999999999872e+00 1.000000000000000048e-04 3.751431540746763939e-04 1.000000000000000000e+00
-3.542749999999999844e+00 1.000000000000000048e-04 3.757337294902346058e-04 1.000000000000000000e+00
-3.541999999999999815e+00 1.000000000000000048e-04 3.763252334613460121e-04 1.000000000000000000e+00
-3.541249999999999787e+00 1.000000000000000048e-04 3.769176674442886905e-04 1.000000000000000000e+00
-3.540499999999999758e+00 1.000000000000000048e-04 3.775110328976139114e-04 1.000000000000000000e+00
-3.539749999999999730e+00 1.000000000000000048e-04 3.781053312821485769e-04 1.000000000000000000e+00
-3.538999999999999702e+00 1.000000000000000048e-04 3.787005640609989615e-04 1.000000000000000000e+00
-3.538249999999999673e+00 1.000000000000000048e-04 3.792967326995538564e-04 1.000000000000000000e+00
-3.537499999999999645e+00 1.000000000000000048e-04 3.798938386654890690e-04 1.000000000000000000e+00
-3.536750000000000060e+00 1.000000000000000048e-04 3.804918834287693741e-04 1.000000000000000000e+00
-3.536000000000000032e+00 1.000000000000000048e-04 3.810908684616546942e-04 1.000000000000000000e+00
-3.535250000000000004e+00 1.000000000000000048e-04 3.816907952387001536e-04 1.000000000000000000e+00
-3.534499999999999975e+00 1.000000000000000048e-04 3.822916652367625836e-04 1.000000000000000000e+00
-3.533749999999999947e+00 1.000000000000000048e-04 3.828934799350023114e-04 1.000000000000000000e+00
-3.532999999999999918e+00 1.000000000000000048e-04 3.834962408148871716e-04 1.000000000000000000e+00
-3.532249999999999890e+00 1.000000000000000048e-04 3.840999493601973311e-04 1.000000000000000000e+00
-3.531499999999999861e+00 1.000000000000000048e-04 3.847046070570262649e-04 1.000000000000000000e+00
-3.530750000000000277e+00 1.000000000000000048e-04 3.853102153937867187e-04 1.000000000000000000e+00
-3.530000000000000249e+00 1.000000000000000048e-04 3.859167758612133117e-04 1.000000000000000000e+00
-3.529250000000000220e+00 1.000000000000000048e-04 3.865242899523662766e-04 1.000000000000000000e+00
-3.528500000000000192e+00 1.000000000000000048e-04 3.871327591626343330e-04 1.000000000000000000e+00
-3.527750000000000163e+00 1.000000000000000048e-04 3.877421849897395661e-04 1.000000000000000000e+00
-3.527000000000000135e+00 1.000000000000000048e-04 3.883525689337399747e-04 1.000000000000000000e+00
-3.526250000000000107e+00 1.000000000000000048e-04 3.889639124970336996e-04 1.000000000000000000e+00
-3.525500000000000078e+00 1.000000000000000048e-04 3.895762171843624388e-04 1.000000000000000000e+00
-3.524750000000000050e+00 1.000000000000000048e-04 3.901894845028144290e-04 1.000000000000000000e+00
-3.524000000000000021e+00 1.000000000000000048e-04 3.908037159618297585e-04 1.000000000000000000e+00
-3.523249999999999993e+00 1.000000000000000048e-04 3.914189130732021555e-04 1.000000000000000000e+00
-3.522499999999999964e+00 1.000000000000000048e-04 3.920350773510833256e-04 1.000000000000000000e+00
-3.521749999999999936e+00 1.000000000000000048e-04 3.926522103119868545e-04 1.000000000000000000e+00
-3.520999999999999908e+00 1.000000000000000048e-04 3.932703134747918944e-04 1.000000000000000000e+00
-3.520249999999999879e+00 1.000000000000000048e-04 3.938893883607459830e-04 1.000000000000000000e+00
-3.519499999999999851e+00 1.000000000000000048e-04 3.945094364934697054e-04 1.000000000000000000e+00
-3.518749999999999822e+00 1.000000000000000048e-04 3.951304593989598928e-04 1.000000000000000000e+00
-3.517999999999999794e+00 1.000000000000000048e-04 3.957524586055929830e-04 1.000000000000000000e+00
-3.517249999999999766e+00 1.000000000000000048e-04 3.963754356441294121e-04 1.000000000000000000e+00
-3.516499999999999737e+00 1.000000000000000048e-04 3.969993920477166496e-04 1.000000000000000000e+00
-3.515749999999999709e+00 1.000000000000000048e-04 3.976243293518933191e-04 1.000000000000000000e+00
-3.514999999999999680e+00 1.000000000000000048e-04 3.982502490945925584e-04 1.000000000000000000e+00
-3.514249999999999652e+00 1.000000000000000048e-04 3.988771528161457608e-04 1.000000000000000000e+00
-3.513500000000000068e+00 1.000000000000000048e-04 3.995050420592863153e-04 1.000000000000000000e+00
-3.512750000000000039e+00 1.000000000000000048e-04 4.001339183691543771e-04 1.000000000000000000e+00
-3.512000000000000011e+00 1.000000000000000048e-04 4.007637832932980601e-04 1.000000000000000000e+00
-3.511249999999999982e+00 1.000000000000000048e-04 4.013946383816798338e-04 1.000000000000000000e+00
-3.510499999999999954e+00 1.000000000000000048e-04 4.020264851866782582e-04 1.000000000000000000e+00
-3.509749999999999925e+00 1.000000000000000048e-04 4.026593252630930250e-04 1.000000000000000000e+00
-3.508999999999999897e+00 1.000000000000000048e-04 4.032931601681478853e-04 1.000000000000000000e+00
-3.508249999999999869e+00 1.000000000000000048e-04 4.039279914614949318e-04 1.000000000000000000e+00
-3.507500000000000284e+00 1.000000000000000048e-04 4.045638207052175265e-04 1.000000000000000000e+00
-3.506750000000000256e+00 1.000000000000000048e-04 4.052006494638359926e-04 1.000000000000000000e+00
-3.506000000000000227e+00 1.000000000000000048e-04 4.058384793043086445e-04 1.000000000000000000e+00
-3.505250000000000199e+00 1.000000000000000048e-04 4.064773117960376967e-04 1.000000000000000000e+00
-3.504500000000000171e+00 1.000000000000000048e-04 4.071171485108714865e-04 1.000000000000000000e+00
-3.503750000000000142e+00 1.000000000000000048e-04 4.077579910231098406e-04 1.000000000000000000e+00
-3.503000000000000114e+00 1.000000000000000048e-04 4.083998409095064607e-04 1.000000000000000000e+00
-3.502250000000000085e+00 1.000000000000000048e-04 4.090426997492733140e-04 1.000000000000000000e+00
-3.501500000000000057e+00 1.000000000000000048e-04 4.096865691240848080e-04 1.000000000000000000e+00
-3.500750000000000028e+00 1.000000000000000048e-04 4.103314506180806088e-04 1.000000000000000000e+00
-3.500000000000000000e+00 1.000000000000000048e-04 4.109773458178703578e-04 1.000000000000000000e+00
-3.499249999999999972e+00 1.000000000000000048e-04 4.116242563125367075e-04 1.000000000000000000e+00
-3.498499999999999943e+00 1.000000000000000048e-04 4.122721836936400373e-04 1.000000000000000000e+00
-3.497749999999999915e+00 1.000000000000000048e-04 4.129211295552214899e-04 1.000000000000000000e+00
-3.496999999999999886e+00 1.000000000000000048e-04 4.135710954938069824e-04 1.000000000000000000e+00
-3.496249999999999858e+00 1.000000000000000048e-04 4.142220831084112722e-04 1.000000000000000000e+00
-3.495499999999999829e+00 1.000000000000000048e-04 4.148740940005416432e-04 1.000000000000000000e+00
-3.494749999999999801e+00 1.000000000000000048e-04 4.155271297742017009e-04 1.000000000000000000e+00
-3.493999999999999773e+00 1.000000000000000048e-04 4.161811920358951663e-04 1.000000000000000000e+00
-3.493249999999999744e+00 1.000000000000000048e-04 4.168362823946301053e-04 1.000000000000000000e+00
-3.492499999999999716e+00 1.000000000000000048e-04 4.174924024619223973e-04 1.000000000000000000e+00
-3.491749999999999687e+00 1.000000000000000048e-04 4.181495538517993136e-04 1.000000000000000000e+00
-3.490999999999999659e+00 1.000000000000000048e-04 4.188077381808043417e-04 1.000000000000000000e+00
-3.490250000000000075e+00 1.000000000000000048e-04 4.194669570680001130e-04 1.000000000000000000e+00
-3.489500000000000046e+00 1.000000000000000048e-04 4.201272121349732816e-04 1.000000000000000000e+00
-3.488750000000000018e+00 1.000000000000000048e-04 4.207885050058370719e-04 1.000000000000000000e+00
-3.487999999999999989e+00 1.000000000000000048e-04 4.214508373072364290e-04 1.000000000000000000e+00
-3.487249999999999961e+00 1.000000000000000048e-04 4.221142106683509459e-04 1.000000000000000000e+00
-3.486499999999999932e+00 1.000000000000000048e-04 4.227786267208996336e-04 1.000000000000000000e+00
-3.485749999999999904e+00 1.000000000000000048e-04 4.234440870991442287e-04 1.000000000000000000e+00
-3.484999999999999876e+00 1.000000000000000048e-04 4.241105934398933667e-04 1.000000000000000000e+00
-3.484250000000000291e+00 1.000000000000000048e-04 4.247781473825058352e-04 1.000000000000000000e+00
-3.483500000000000263e+00 1.000000000000000048e-04 4.254467505688964827e-04 1.000000000000000000e+00
-3.482750000000000234e+00 1.000000000000000048e-04 4.261164046435377906e-04 1.000000000000000000e+00
-3.482000000000000206e+00 1.000000000000000048e-04 4.267871112534648063e-04 1.000000000000000000e+00
-3.481250000000000178e+00 1.000000000000000048e-04 4.274588720482791005e-04 1.000000000000000000e+00
-3.480500000000000149e+00 1.000000000000000048e-04 4.281316886801530500e-04 1.000000000000000000e+00
-3.479750000000000121e+00 1.000000000000000048e-04 4.288055628038334698e-04 1.000000000000000000e+00
-3.479000000000000092e+00 1.000000000000000048e-04 4.294804960766448109e-04 1.000000000000000000e+00
-3.478250000000000064e+00 1.000000000000000048e-04 4.301564901584948534e-04 1.000000000000000000e+00
-3.477500000000000036e+00 1.000000000000000048e-04 4.308335467118768738e-04 1.000000000000000000e+00
-3.476750000000000007e+00 1.000000000000000048e-04 4.315116674018751211e-04 1.000000000000000000e+00
-3.475999999999999979e+00 1.000000000000000048e-04 4.321908538961677978e-04 1.000000000000000000e+00
-3.475249999999999950e+00 1.000000000000000048e-04 4.328711078650315054e-04 1.000000000000000000e+00
-3.474499999999999922e+00 1.000000000000000048e-04 4.335524309813449306e-04 1.000000000000000000e+00
-3.473749999999999893e+00 1.000000000000000048e-04 4.342348249205931279e-04 1.000000000000000000e+00
-3.472999999999999865e+00 1.000000000000000048e-04 4.349182913608720192e-04 1.000000000000000000e+00
-3.472249999999999837e+00 1.000000000000000048e-04 4.356028319828909954e-04 1.000000000000000000e+00
-3.471499999999999808e+00 1.000000000000000048e-04 4.362884484699783923e-04 1.000000000000000000e+00
-3.470749999999999780e+00 1.000000000000000048e-04 4.369751425080846885e-04 1.000000000000000000e+00
-3.469999999999999751e+00 1.000000000000000048e-04 4.376629157857866797e-04 1.000000000000000000e+00
-3.469249999999999723e+00 1.000000000000000048e-04 4.383517699942921409e-04 1.000000000000000000e+00
-3.468499999999999694e+00 1.000000000000000048e-04 4.390417068274425909e-04 1.000000000000000000e+00
-3.467749999999999666e+00 1.000000000000000048e-04 4.397327279817187678e-04 1.000000000000000000e+00
-3.466999999999999638e+00 1.000000000000000048e-04 4.404248351562437187e-04 1.000000000000000000e+00
-3.466250000000000053e+00 1.000000000000000048e-04 4.411180300527867029e-04 1.000000000000000000e+00
-3.465500000000000025e+00 1.000000000000000048e-04 4.418123143757694262e-04 1.000000000000000000e+00
-3.464749999999999996e+00 1.000000000000000048e-04 4.425076898322665830e-04 1.000000000000000000e+00
-3.463999999999999968e+00 1.000000000000000048e-04 4.432041581320127948e-04 1.000000000000000000e+00
-3.463249999999999940e+00 1.000000000000000048e-04 4.439017209874049959e-04 1.000000000000000000e+00
-3.462499999999999911e+00 1.000000000000000048e-04 4.446003801135083424e-04 1.000000000000000000e+00
-3.461749999999999883e+00 1.000000000000000048e-04 4.453001372280578378e-04 1.000000000000000000e+00
-3.461000000000000298e+00 1.000000000000000048e-04 4.460009940514645136e-04 1.000000000000000000e+00
-3.460250000000000270e+00 1.000000000000000048e-04 4.467029523068198745e-04 1.000000000000000000e+00
-3.459500000000000242e+00 1.000000000000000048e-04 4.474060137198970365e-04 1.000000000000000000e+00
-3.458750000000000213e+00 1.000000000000000048e-04 4.481101800191581537e-04 1.000000000000000000e+00
-3.458000000000000185e+00 1.000000000000000048e-04 4.488154529357565869e-04 1.000000000000000000e+00
-3.457250000000000156e+00 1.000000000000000048e-04 4.495218342035421622e-04 1.000000000000000000e+00
-3.456500000000000128e+00 1.000000000000000048e-04 4.502293255590643145e-04 1.000000000000000000e+00
-3.455750000000000099e+00 1.000000000000000048e-04 4.509379287415769128e-04 1.000000000000000000e+00
-3.455000000000000071e+00 1.000000000000000048e-04 4.516476454930425967e-04 1.000000000000000000e+00
-3.454250000000000043e+00 1.000000000000000048e-04 4.523584775581361919e-04 1.000000000000000000e+00
-3.453500000000000014e+00 1.000000000000000048e-04 4.530704266842496973e-04 1.000000000000000000e+00
-3.452749999999999986e+00 1.000000000000000048e-04 4.537834946214953750e-04 1.000000000000000000e+00
-3.451999999999999957e+00 1.000000000000000048e-04 4.544976831227112799e-04 1.000000000000000000e+00
-3.451249999999999929e+00 1.000000000000000048e-04 4.552129939434649457e-04 1.000000000000000000e+00
-3.450499999999999901e+00 1.000000000000000048e-04 4.559294288420561499e-04 1.000000000000000000e+00
-3.449749999999999872e+00 1.000000000000000048e-04 4.566469895795239610e-04 1.000000000000000000e+00
-3.448999999999999844e+00 1.000000000000000048e-04 4.573656779196482564e-04 1.000000000000000000e+00
-3.448249999999999815e+00 1.000000000000000048e-04 4.580854956289559564e-04 1.000000000000000000e+00
-3.447499999999999787e+00 1.000000000000000048e-04 4.588064444767238435e-04 1.000000000000000000e+00
-3.446749999999999758e+00 1.000000000000000048e-04 4.595285262349826818e-04 1.000000000000000000e+00
-3.445999999999999730e+00 1.000000000000000048e-04 4.602517426785234520e-04 1.000000000000000000e+00
-3.445249999999999702e+00 1.000000000000000048e-04 4.609760955848990309e-04 1.000000000000000000e+00
-3.444499999999999673e+00 1.000000000000000048e-04 4.617015867344303722e-04 1.000000000000000000e+00
-3.443749999999999645e+00 1.000000000000000048e-04 4.624282179102096502e-04 1.000000000000000000e+00
-3.443000000000000060e+00 1.000000000000000048e-04 4.631559908981040547e-04 1.000000000000000000e+00
-3.442250000000000032e+00 1.000000000000000048e-04 4.638849074867631094e-04 1.000000000000000000e+00
-3.441500000000000004e+00 1.000000000000000048e-04 4.646149694676184006e-04 1.000000000000000000e+00
-3.440749999999999975e+00 1.000000000000000048e-04 4.653461786348916550e-04 1.000000000000000000e+00
-3.439999999999999947e+00 1.000000000000000048e-04 4.660785367855964194e-04 1.000000000000000000e+00
-3.439249999999999918e+00 1.000000000000000048e-04 4.668120457195442416e-04 1.000000000000000000e+00
-3.438499999999999890e+00 1.000000000000000048e-04 4.675467072393481392e-04 1.000000000000000000e+00
-3.437749999999999861e+00 1.000000000000000048e-04 4.682825231504262860e-04 1.000000000000000000e+00
-3.437000000000000277e+00 1.000000000000000048e-04 4.690194952610075418e-04 1.000000000000000000e+00
-3.436250000000000249e+00 1.000000000000000048e-04 4.697576253821359512e-04 1.000000000000000000e+00
-3.435500000000000220e+00 1.000000000000000048e-04 4.704969153276730210e-04 1.000000000000000000e+00
-3.434750000000000192e+00 1.000000000000000048e-04 4.712373669143037373e-04 1.000000000000000000e+00
-3.434000000000000163e+00 1.000000000000000048e-04 4.719789819615412274e-04 1.000000000000000000e+00
-3.433250000000000135e+00 1.000000000000000048e-04 4.727217622917293622e-04 1.000000000000000000e+00
-3.432500000000000107e+00 1.000000000000000048e-04 4.734657097300491529e-04 1.000000000000000000e+00
-3.431750000000000078e+00 1.000000000000000048e-04 4.742108261045211901e-04 1.000000000000000000e+00
-3.431000000000000050e+00 1.000000000000000048e-04 4.749571132460117702e-04 1.000000000000000000e+00
-3.430250000000000021e+00 1.000000000000000048e-04 4.757045729882359306e-04 1.000000000000000000e+00
-3.429499999999999993e+00 1.000000000000000048e-04 4.764532071677623831e-04 1.000000000000000000e+00
-3.428749999999999964e+00 1.000000000000000048e-04 4.772030176240180132e-04 1.000000000000000000e+00
-3.427999999999999936e+00 1.000000000000000048e-04 4.779540061992917292e-04 1.000000000000000000e+00
-3.427249999999999908e+00 1.000000000000000048e-04 4.787061747387397204e-04 1.000000000000000000e+00
-3.426499999999999879e+00 1.000000000000000048e-04 4.794595250903888181e-04 1.000000000000000000e+00
-3.425749999999999851e+00 1.000000000000000048e-04 4.802140591051415374e-04 1.000000000000000000e+00
-3.424999999999999822e+00 1.000000000000000048e-04 4.809697786367811184e-04 1.000000000000000000e+00
-3.424249999999999794e+00 1.000000000000000048e-04 4.817266855419741829e-04 1.000000000000000000e+00
-3.423499999999999766e+00 1.000000000000000048e-04 4.824847816802768055e-04 1.000000000000000000e+00
-3.422749999999999737e+00 1.000000000000000048e-04 4.832440689141384170e-04 1.000000000000000000e+00
-3.421999999999999709e+00 1.000000000000000048e-04 4.840045491089057616e-04 1.000000000000000000e+00
-3.421249999999999680e+00 1.000000000000000048e-04 4.847662241328279387e-04 1.000000000000000000e+00
-3.420499999999999652e+00 1.000000000000000048e-04 4.855290958570607392e-04 1.000000000000000000e+00
-3.419750000000000068e+00 1.000000000000000048e-04 4.862931661556709828e-04 1.000000000000000000e+00
-3.419000000000000039e+00 1.000000000000000048e-04 4.870584369056419390e-04 1.000000000000000000e+00
-3.418250000000000011e+00 1.000000000000000048e-04 4.878249099868751156e-04 1.000000000000000000e+00
-3.417499999999999982e+00 1.000000000000000048e-04 4.885925872821979569e-04 1.000000000000000000e+00
-3.416749999999999954e+00 1.000000000000000048e-04 4.893614706773662289e-04 1.000000000000000000e+00
-3.415999999999999925e+00 1.000000000000000048e-04 4.901315620610700906e-04 1.000000000000000000e+00
-3.415249999999999897e+00 1.000000000000000048e-04 4.909028633249361544e-04 1.000000000000000000e+00
-3.414499999999999869e+00 1.000000000000000048e-04 4.916753763635350752e-04 1.000000000000000000e+00
-3.413750000000000284e+00 1.000000000000000048e-04 4.924491030743830683e-04 1.000000000000000000e+00
-3.413000000000000256e+00 1.000000000000000048e-04 4.932240453579500410e-04 1.000000000000000000e+00
-3.412250000000000227e+00 1.000000000000000048e-04 4.940002051176601346e-04 1.000000000000000000e+00
-3.411500000000000199e+00 1.000000000000000048e-04 4.947775842598986637e-04 1.000000000000000000e+00
-3.410750000000000171e+00 1.000000000000000048e-04 4.955561846940158017e-04 1.000000000000000000e+00
-3.410000000000000142e+00 1.000000000000000048e-04 4.963360083323322194e-04 1.000000000000000000e+00
-3.409250000000000114e+00 1.000000000000000048e-04 4.971170570901423374e-04 1.000000000000000000e+00
-3.408500000000000085e+00 1.000000000000000048e-04 4.978993328857188793e-04 1.000000000000000000e+00
-3.407750000000000057e+00 1.000000000000000048e-04 4.986828376403191609e-04 1.000000000000000000e+00
-3.407000000000000028e+00 1.000000000000000048e-04 4.994675732781873661e-04 1.000000000000000000e+00
-3.406250000000000000e+00 1.000000000000000048e-04 5.002535417265611614e-04 1.000000000000000000e+00
-3.405499999999999972e+00 1.000000000000000048e-04 5.010407449156746226e-04 1.000000000000000000e+00
-3.404749999999999943e+00 1.000000000000000048e-04 5.018291847787635478e-04 1.000000000000000000e+00
-3.403999999999999915e+00 1.000000000000000048e-04 5.026188632520710948e-04 1.000000000000000000e+00
-3.403249999999999886e+00 1.000000000000000048e-04 5.034097822748499502e-04 1.000000000000000000e+00
-3.402499999999999858e+00 1.000000000000000048e-04 5.042019437893695928e-04 1.000000000000000000e+00
-3.401749999999999829e+00 1.000000000000000048e-04 5.049953497409187878e-04 1.000000000000000000e+00
-3.400999999999999801e+00 1.000000000000000048e-04 5.057900020778118748e-04 1.000000000000000000e+00
-3.400249999999999773e+00 1.000000000000000048e-04 5.065859027513920209e-04 1.000000000000000000e+00
-3.399499999999999744e+00 1.000000000000000048e-04 5.073830537160371832e-04 1.000000000000000000e+00
-3.398749999999999716e+00 1.000000000000000048e-04 5.081814569291629282e-04 1.000000000000000000e+00
-3.397999999999999687e+00 1.000000000000000048e-04 5.089811143512301293e-04 1.000000000000000000e+00
-3.397249999999999659e+00 1.000000000000000048e-04 5.097820279457457261e-04 1.000000000000000000e+00
-3.396500000000000075e+00 1.000000000000000048e-04 5.105841996792698798e-04 1.000000000000000000e+00
-3.395750000000000046e+00 1.000000000000000048e-04 5.113876315214223702e-04 1.000000000000000000e+00
-3.395000000000000018e+00 1.000000000000000048e-04 5.121923254448818366e-04 1.000000000000000000e+00
-3.394249999999999989e+00 1.000000000000000048e-04 5.129982834253960780e-04 1.000000000000000000e+00
-3.393499999999999961e+00 1.000000000000000048e-04 5.138055074417831368e-04 1.000000000000000000e+00
-3.392749999999999932e+00 1.000000000000000048e-04 5.146139994759378047e-04 1.000000000000000000e+00
-3.391999999999999904e+00 1.000000000000000048e-04 5.154237615128361757e-04 1.000000000000000000e+00
-3.391249999999999876e+00 1.000000000000000048e-04 5.162347955405390074e-04 1.000000000000000000e+00
-3.390500000000000291e+00 1.000000000000000048e-04 5.170471035501977928e-04 1.000000000000000000e+00
-3.389750000000000263e+00 1.000000000000000048e-04 5.178606875360605060e-04 1.000000000000000000e+00
-3.389000000000000234e+00 1.000000000000000048e-04 5.186755494954731205e-04 1.000000000000000000e+00
-3.388250000000000206e+00 1.000000000000000048e-04 5.194916914288868733e-04 1.000000000000000000e+00
-3.387500000000000178e+00 1.000000000000000048e-04 5.203091153398629268e-04 1.000000000000000000e+00
-3.386750000000000149e+00 1.000000000000000048e-04 5.211278232350758386e-04 1.000000000000000000e+00
-3.386000000000000121e+00 1.000000000000000048e-04 5.219478171243194155e-04 1.000000000000000000e+00
-3.385250000000000092e+00 1.000000000000000048e-04 5.227690990205113766e-04 1.000000000000000000e+00
-3.384500000000000064e+00 1.000000000000000048e-04 5.235916709396971468e-04 1.000000000000000000e+00
-3.383750000000000036e+00 1.000000000000000048e-04 5.244155349010560380e-04 1.000000000000000000e+00
-3.383000000000000007e+00 1.000000000000000048e-04 5.252406929269055847e-04 1.000000000000000000e+00
-3.382249999999999979e+00 1.000000000000000048e-04 5.260671470427058819e-04 1.000000000000000000e+00
-3.381499999999999950e+00 1.000000000000000048e-04 5.268948992770644633e-04 1.000000000000000000e+00
-3.380749999999999922e+00 1.000000000000000048e-04 5.277239516617417223e-04 1.000000000000000000e+00
-3.379999999999999893e+00 1.000000000000000048e-04 5.285543062316552495e-04 1.000000000000000000e+00
-3.379249999999999865e+00 1.000000000000000048e-04 5.293859650248850359e-04 1.000000000000000000e+00
-3.378499999999999837e+00 1.000000000000000048e-04 5.302189300826781358e-04 1.000000000000000000e+00
-3.377749999999999808e+00 1.000000000000000048e-04 5.310532034494525695e-04 1.000000000000000000e+00
-3.376999999999999780e+00 1.000000000000000048e-04 5.318887871728042623e-04 1.000000000000000000e+00
-3.376249999999999751e+00 1.000000000000000048e-04 5.327256833035099717e-04 1.000000000000000000e+00
-3.375499999999999723e+00 1.000000000000000048e-04 5.335638938955331425e-04 1.000000000000000000e+00
-3.374749999999999694e+00 1.000000000000000048e-04 5.344034210060284599e-04 1.000000000000000000e+00
-3.373999999999999666e+00 1.000000000000000048e-04 5.352442666953469456e-04 1.000000000000000000e+00
-3.373249999999999638e+00 1.000000000000000048e-04 5.360864330270405115e-04 1.000000000000000000e+00
-3.372500000000000053e+00 1.000000000000000048e-04 5.369299220678671637e-04 1.000000000000000000e+00
-3.371750000000000025e+00 1.000000000000000048e-04 5.377747358877965319e-04 1.000000000000000000e+00
-3.370999999999999996e+00 1.000000000000000048e-04 5.386208765600129051e-04 1.000000000000000000e+00
-3.370249999999999968e+00 1.000000000000000048e-04 5.394683461609220626e-04 1.000000000000000000e+00
-3.369499999999999940e+00 1.000000000000000048e-04 5.403171467701551765e-04 1.000000000000000000e+00
-3.368749999999999911e+00 1.000000000000000048e-04 5.411672804705739076e-04 1.000000000000000000e+00
-3.367999999999999883e+00 1.000000000000000048e-04 5.420187493482759352e-04 1.000000000000000000e+00
-3.367250000000000298e+00 1.000000000000000048e-04 5.428715554925983176e-04 1.000000000000000000e+00
-3.366500000000000270e+00 1.000000000000000048e-04 5.437257009961258408e-04 1.000000000000000000e+00
-3.365750000000000242e+00 1.000000000000000048e-04 5.445811879546915606e-04 1.000000000000000000e+00
-3.365000000000000213e+00 1.000000000000000048e-04 5.454380184673847170e-04 1.000000000000000000e+00
-3.364250000000000185e+00 1.000000000000000048e-04 5.462961946365551798e-04 1.000000000000000000e+00
-3.363500000000000156e+00 1.000000000000000048e-04 5.471557185678174598e-04 1.000000000000000000e+00
-3.362750000000000128e+00 1.000000000000000048e-04 5.480165923700572143e-04 1.000000000000000000e+00
-3.362000000000000099e+00 1.000000000000000048e-04 5.488788181554354753e-04 1.000000000000000000e+00
-3.361250000000000071e+00 1.000000000000000048e-04 5.497423980393925528e-04 1.000000000000000000e+00
-3.360500000000000043e+00 1.000000000000000048e-04 5.506073341406556238e-04 1.000000000000000000e+00
-3.359750000000000014e+00 1.000000000000000048e-04 5.514736285812413350e-04 1.000000000000000000e+00
-3.358999999999999986e+00 1.000000000000000048e-04 5.523412834864619824e-04 1.000000000000000000e+00
-3.358249999999999957e+00 1.000000000000000048e-04 5.532103009849308238e-04 1.000000000000000000e+00
-3.357499999999999929e+00 1.000000000000000048e-04 5.540806832085657654e-04 1.000000000000000000e+00
-3.356749999999999901e+00 1.000000000000000048e-04 5.549524322925963003e-04 1.000000000000000000e+00
-3.355999999999999872e+00 1.000000000000000048e-04 5.558255503755668700e-04 1.000000000000000000e+00
-3.355249999999999844e+00 1.000000000000000048e-04 5.567000395993427185e-04 1.000000000000000000e+00
-3.354499999999999815e+00 1.000000000000000048e-04 5.575759021091154224e-04 1.000000000000000000e+00
-3.353749999999999787e+00 1.000000000000000048e-04 5.584531400534066851e-04 1.000000000000000000e+00
-3.352999999999999758e+00 1.000000000000000048e-04 5.593317555840750591e-04 1.000000000000000000e+00
-3.352249999999999730e+00 1.000000000000000048e-04 5.602117508563191984e-04 1.000000000000000000e+00
-3.351499999999999702e+00 1.000000000000000048e-04 5.610931280286849060e-04 1.000000000000000000e+00
-3.350749999999999673e+00 1.000000000000000048e-04 5.619758892630684951e-04 1.000000000000000000e+00
-3.349999999999999645e+00 1.000000000000000048e-04 5.628600367247234022e-04 1.000000000000000000e+00
-3.349250000000000060e+00 1.000000000000000048e-04 5.637455725822634401e-04 1.000000000000000000e+00
-3.348500000000000032e+00 1.000000000000000048e-04 5.646324990076712546e-04 1.000000000000000000e+00
-3.347750000000000004e+00 1.000000000000000048e-04 5.655208181762989752e-04 1.000000000000000000e+00
-3.346999999999999975e+00 1.000000000000000048e-04 5.664105322668775387e-04 1.000000000000000000e+00
-3.346249999999999947e+00 1.000000000000000048e-04 5.673016434615187498e-04 1.000000000000000000e+00
-3.345499999999999918e+00 1.000000000000000048e-04 5.681941539457222197e-04 1.000000000000000000e+00
-3.344749999999999890e+00 1.000000000000000048e-04 5.690880659083803533e-04 1.000000000000000000e+00
-3.343999999999999861e+00 1.000000000000000048e-04 5.699833815417826863e-04 1.000000000000000000e+00
-3.343250000000000277e+00 1.000000000000000048e-04 5.708801030416217398e-04 1.000000000000000000e+00
-3.342500000000000249e+00 1.000000000000000048e-04 5.717782326069990916e-04 1.000000000000000000e+00
-3.341750000000000220e+00 1.000000000000000048e-04 5.726777724404283039e-04 1.000000000000000000e+00
-3.341000000000000192e+00 1.000000000000000048e-04 5.735787247478416452e-04 1.000000000000000000e+00
-3.340250000000000163e+00 1.000000000000000048e-04 5.744810917385955113e-04 1.000000000000000000e+00
-3.339500000000000135e+00 1.000000000000000048e-04 5.753848756254751956e-04 1.000000000000000000e+00
-3.338750000000000107e+00 1.000000000000000048e-04 5.762900786247000936e-04 1.000000000000000000e+00
-3.338000000000000078e+00 1.000000000000000048e-04 5.771967029559285818e-04 1.000000000000000000e+00
-3.337250000000000050e+00 1.000000000000000048e-04 5.781047508422644142e-04 1.000000000000000000e+00
-3.336500000000000021e+00 1.000000000000000048e-04 5.790142245102608424e-04 1.000000000000000000e+00
-3.335749999999999993e+00 1.000000000000000048e-04 5.799251261899264704e-04 1.000000000000000000e+00
-3.334999999999999964e+00 1.000000000000000048e-04 5.808374581147301334e-04 1.000000000000000000e+00
-3.334249999999999936e+00 1.000000000000000048e-04 5.817512225216071864e-04 1.000000000000000000e+00
-3.333499999999999908e+00 1.000000000000000048e-04 5.826664216509628647e-04 1.000000000000000000e+00
-3.332749999999999879e+00 1.000000000000000048e-04 5.835830577466795486e-04 1.000000000000000000e+00
-3.331999999999999851e+00 1.000000000000000048e-04 5.845011330561216420e-04 1.000000000000000000e+00
-3.331249999999999822e+00 1.000000000000000048e-04 5.854206498301390421e-04 1.000000000000000000e+00
-3.330499999999999794e+00 1.000000000000000048e-04 5.863416103230755958e-04 1.000000000000000000e+00
-3.329749999999999766e+00 1.000000000000000048e-04 5.872640167927719191e-04 1.000000000000000000e+00
-3.328999999999999737e+00 1.000000000000000048e-04 5.881878715005716849e-04 1.000000000000000000e+00
-3.328249999999999709e+00 1.000000000000000048e-04 5.891131767113269363e-04 1.000000000000000000e+00
-3.327499999999999680e+00 1.000000000000000048e-04 5.900399346934032899e-04 1.000000000000000000e+00
-3.326749999999999652e+00 1.000000000000000048e-04 5.909681477186854662e-04 1.000000000000000000e+00
-3.326000000000000068e+00 1.000000000000000048e-04 5.918978180625823846e-04 1.000000000000000000e+00
-3.325250000000000039e+00 1.000000000000000048e-04 5.928289480040334521e-04 1.000000000000000000e+00
-3.324500000000000011e+00 1.000000000000000048e-04 5.937615398255127915e-04 1.000000000000000000e+00
-3.323749999999999982e+00 1.000000000000000048e-04 5.946955958130346626e-04 1.000000000000000000e+00
-3.322999999999999954e+00 1.000000000000000048e-04 5.956311182561597507e-04 1.000000000000000000e+00
-3.322249999999999925e+00 1.000000000000000048e-04 5.965681094479999367e-04 1.000000000000000000e+00
-3.321499999999999897e+00 1.000000000000000048e-04 5.975065716852238267e-04 1.000000000000000000e+00
-3.320749999999999869e+00 1.000000000000000048e-04 5.984465072680624984e-04 1.000000000000000000e+00
-3.320000000000000284e+00 1.000000000000000048e-04 5.993879185003141629e-04 1.000000000000000000e+00
-3.319250000000000256e+00 1.000000000000000048e-04 6.003308076893512125e-04 1.000000000000000000e+00
-3.318500000000000227e+00 1.000000000000000048e-04 6.012751771461233644e-04 1.000000000000000000e+00
-3.317750000000000199e+00 1.000000000000000048e-04 6.022210291851650332e-04 1.000000000000000000e+00
-3.317000000000000171e+00 1.000000000000000048e-04 6.031683661245995599e-04 1.000000000000000000e+00
-3.316250000000000142e+00 1.000000000000000048e-04 6.041171902861457166e-04 1.000000000000000000e+00
-3.315500000000000114e+00 1.000000000000000048e-04 6.050675039951222602e-04 1.000000000000000000e+00
-3.314750000000000085e+00 1.000000000000000048e-04 6.060193095804540043e-04 1.000000000000000000e+00
-3.314000000000000057e+00 1.000000000000000048e-04 6.069726093746774563e-04 1.000000000000000000e+00
-3.313250000000000028e+00 1.000000000000000048e-04 6.079274057139458058e-04 1.000000000000000000e+00
-3.312500000000000000e+00 1.000000000000000048e-04 6.088837009380345614e-04 1.000000000000000000e+00
-3.311749999999999972e+00 1.000000000000000048e-04 6.098414973903470808e-04 1.000000000000000000e+00
-3.310999999999999943e+00 1.000000000000000048e-04 6.108007974179207504e-04 1.000000000000000000e+00
-3.310249999999999915e+00 1.000000000000000048e-04 6.117616033714312141e-04 1.000000000000000000e+00
-3.309499999999999886e+00 1.000000000000000048e-04 6.127239176051988779e-04 1.000000000000000000e+00
-3.308749999999999858e+00 1.000000000000000048e-04 6.136877424771946567e-04 1.000000000000000000e+00
-3.307999999999999829e+00 1.000000000000000048e-04 6.146530803490453951e-04 1.000000000000000000e+00
-3.307249999999999801e+00 1.000000000000000048e-04 6.156199335860380959e-04 1.000000000000000000e+00
-3.306499999999999773e+00 1.000000000000000048e-04 6.165883045571270756e-04 1.000000000000000000e+00
-3.305749999999999744e+00 1.000000000000000048e-04 6.175581956349394941e-04 1.000000000000000000e+00
-3.304999999999999716e+00 1.000000000000000048e-04 6.185296091957800165e-04 1.000000000000000000e+00
-3.304249999999999687e+00 1.000000000000000048e-04 6.195025476196369934e-04 1.000000000000000000e+00
-3.303499999999999659e+00 1.000000000000000048e-04 6.204770132901882068e-04 1.000000000000000000e+00
-3.302750000000000075e+00 1.000000000000000048e-04 6.214530085948054240e-04 1.000000000000000000e+00
-3.302000000000000046e+00 1.000000000000000048e-04 6.224305359245630711e-04 1.000000000000000000e+00
-3.301250000000000018e+00 1.000000000000000048e-04 6.234095976742393174e-04 1.000000000000000000e+00
-3.300499999999999989e+00 1.000000000000000048e-04 6.243901962423251822e-04 1.000000000000000000e+00
-3.299749999999999961e+00 1.000000000000000048e-04 6.253723340310286555e-04 1.000000000000000000e+00
-3.298999999999999932e+00 1.000000000000000048e-04 6.263560134462814195e-04 1.000000000000000000e+00
-3.298249999999999904e+00 1.000000000000000048e-04 6.273412368977430769e-04 1.000000000000000000e+00
-3.297499999999999876e+00 1.000000000000000048e-04 6.283280067988083074e-04 1.000000000000000000e+00
-3.296750000000000291e+00 1.000000000000000048e-04 6.293163255666109866e-04 1.000000000000000000e+00
-3.296000000000000263e+00 1.000000000000000048e-04 6.303061956220325354e-04 1.000000000000000000e+00
-3.295250000000000234e+00 1.000000000000000048e-04 6.312976193897044128e-04 1.000000000000000000e+00
-3.294500000000000206e+00 1.000000000000000048e-04 6.322905992980150554e-04 1.000000000000000000e+00
-3.293750000000000178e+00 1.000000000000000048e-04 6.332851377791175749e-04 1.000000000000000000e+00
-3.293000000000000149e+00 1.000000000000000048e-04 6.342812372689317097e-04 1.000000000000000000e+00
-3.292250000000000121e+00 1.000000000000000048e-04 6.352789002071523904e-04 1.000000000000000000e+00
-3.291500000000000092e+00 1.000000000000000048e-04 6.362781290372553772e-04 1.000000000000000000e+00
-3.290750000000000064e+00 1.000000000000000048e-04 6.372789262065017054e-04 1.000000000000000000e+00
-3.290000000000000036e+00 1.000000000000000048e-04 6.382812941659434317e-04 1.000000000000000000e+00
-3.289250000000000007e+00 1.000000000000000048e-04 6.392852353704311149e-04 1.000000000000000000e+00
-3.288499999999999979e+00 1.000000000000000048e-04 6.402907522786182616e-04 1.000000000000000000e+00
-3.287749999999999950e+00 1.000000000000000048e-04 6.412978473529667468e-04 1.000000000000000000e+00
-3.286999999999999922e+00 1.000000000000000048e-04 6.423065230597540783e-04 1.000000000000000000e+00
-3.286249999999999893e+00 1.000000000000000048e-04 6.433167818690778417e-04 1.000000000000000000e+00
-3.285499999999999865e+00 1.000000000000000048e-04 6.443286262548623142e-04 1.000000000000000000e+00
-3.284749999999999837e+00 1.000000000000000048e-04 6.453420586948633436e-04 1.000000000000000000e+00
-3.283999999999999808e+00 1.000000000000000048e-04 6.463570816706760459e-04 1.000000000000000000e+00
-3.283249999999999780e+00 1.000000000000000048e-04 6.473736976677381665e-04 1.000000000000000000e+00
-3.282499999999999751e+00 1.000000000000000048e-04 6.483919091753379948e-04 1.000000000000000000e+00
-3.281749999999999723e+00 1.000000000000000048e-04 6.494117186866187009e-04 1.000000000000000000e+00
-3.280999999999999694e+00 1.000000000000000048e-04 6.504331286985861422e-04 1.000000000000000000e+00
-3.280249999999999666e+00 1.000000000000000048e-04 6.514561417121121157e-04 1.000000000000000000e+00
-3.279499999999999638e+00 1.000000000000000048e-04 6.524807602319424894e-04 1.000000000000000000e+00
-3.278750000000000053e+00 1.000000000000000048e-04 6.535069867667017566e-04 1.000000000000000000e+00
-3.278000000000000025e+00 1.000000000000000048e-04 6.545348238289001907e-04 1.000000000000000000e+00
-3.277249999999999996e+00 1.000000000000000048e-04 6.555642739349382912e-04 1.000000000000000000e+00
-3.276499999999999968e+00 1.000000000000000048e-04 6.565953396051131801e-04 1.000000000000000000e+00
-3.275749999999999940e+00 1.000000000000000048e-04 6.576280233636255411e-04 1.000000000000000000e+00
-3.274999999999999911e+00 1.000000000000000048e-04 6.586623277385840643e-04 1.000000000000000000e+00
-3.274249999999999883e+00 1.000000000000000048e-04 6.596982552620122772e-04 1.000000000000000000e+00
-3.273499999999999854e+00 1.000000000000000048e-04 6.607358084698543993e-04 1.000000000000000000e+00
-3.272750000000000270e+00 1.000000000000000048e-04 6.617749899019798954e-04 1.000000000000000000e+00
-3.272000000000000242e+00 1.000000000000000048e-04 6.628158021021942096e-04 1.000000000000000000e+00
-3.271250000000000213e+00 1.000000000000000048e-04 6.638582476182374641e-04 1.000000000000000000e+00
-3.270500000000000185e+00 1.000000000000000048e-04 6.649023290017959517e-04 1.000000000000000000e+00
-3.269750000000000156e+00 1.000000000000000048e-04 6.659480488085062558e-04 1.000000000000000000e+00
-3.269000000000000128e+00 1.000000000000000048e-04 6.669954095979615388e-04 1.000000000000000000e+00
-3.268250000000000099e+00 1.000000000000000048e-04 6.680444139337168548e-04 1.000000000000000000e+00
-3.267500000000000071e+00 1.000000000000000048e-04 6.690950643832968472e-04 1.000000000000000000e+00
-3.266750000000000043e+00 1.000000000000000048e-04 6.701473635181992182e-04 1.000000000000000000e+00
-3.266000000000000014e+00 1.000000000000000048e-04 6.712013139139032941e-04 1.000000000000000000e+00
-3.265249999999999986e+00 1.000000000000000048e-04 6.722569181498752296e-04 1.000000000000000000e+00
-3.264499999999999957e+00 1.000000000000000048e-04 6.733141788095724526e-04 1.000000000000000000e+00
-3.263749999999999929e+00 1.000000000000000048e-04 6.743730984804523383e-04 1.000000000000000000e+00
-3.262999999999999901e+00 1.000000000000000048e-04 6.754336797539771961e-04 1.000000000000000000e+00
-3.262249999999999872e+00 1.000000000000000048e-04 6.764959252256190405e-04 1.000000000000000000e+00
-3.261499999999999844e+00 1.000000000000000048e-04 6.775598374948675054e-04 1.000000000000000000e+00
-3.260749999999999815e+00 1.000000000000000048e-04 6.786254191652358074e-04 1.000000000000000000e+00
-3.259999999999999787e+00 1.000000000000000048e-04 6.796926728442658416e-04 1.000000000000000000e+00
-3.259249999999999758e+00 1.000000000000000048e-04 6.807616011435344699e-04 1.000000000000000000e+00
-3.258499999999999730e+00 1.000000000000000048e-04 6.818322066786604600e-04 1.000000000000000000e+00
-3.257749999999999702e+00 1.000000000000000048e-04 6.829044920693101229e-04 1.000000000000000000e+00
-3.256999999999999673e+00 1.000000000000000048e-04 6.839784599392029511e-04 1.000000000000000000e+00
-3.256249999999999645e+00 1.000000000000000048e-04 6.850541129161189912e-04 1.000000000000000000e+00
-3.255500000000000060e+00 1.000000000000000048e-04 6.861314536319033973e-04 1.000000000000000000e+00
-3.254750000000000032e+00 1.000000000000000048e-04 6.872104847224748880e-04 1.000000000000000000e+00
-3.254000000000000004e+00 1.000000000000000048e-04 6.882912088278300830e-04 1.000000000000000000e+00
-3.253249999999999975e+00 1.000000000000000048e-04 6.893736285920489242e-04 1.000000000000000000e+00
-3.252499999999999947e+00 1.000000000000000048e-04 6.904577466633034580e-04 1.000000000000000000e+00
-3.251749999999999918e+00 1.000000000000000048e-04 6.915435656938620631e-04 1.000000000000000000e+00
-3.250999999999999890e+00 1.000000000000000048e-04 6.926310883400964985e-04 1.000000000000000000e+00
-3.250249999999999861e+00 1.000000000000000048e-04 6.937203172624885165e-04 1.000000000000000000e+00
-3.249500000000000277e+00 1.000000000000000048e-04 6.948112551256334412e-04 1.000000000000000000e+00
-3.248750000000000249e+00 1.000000000000000048e-04 6.959039045982514434e-04 1.000000000000000000e+00
-3.248000000000000220e+00 1.000000000000000048e-04 6.969982683531890594e-04 1.000000000000000000e+00
-3.247250000000000192e+00 1.000000000000000048e-04 6.980943490674269966e-04 1.000000000000000000e+00
-3.246500000000000163e+00 1.000000000000000048e-04 6.991921494220871810e-04 1.000000000000000000e+00
-3.245750000000000135e+00 1.000000000000000048e-04 7.002916721024389371e-04 1.000000000000000000e+00
-3.245000000000000107e+00 1.000000000000000048e-04 7.013929197979035420e-04 1.000000000000000000e+00
-3.244250000000000078e+00 1.000000000000000048e-04 7.024958952020633317e-04 1.000000000000000000e+00
-3.243500000000000050e+00 1.000000000000000048e-04 7.036006010126653887e-04 1.000000000000000000e+00
-3.242750000000000021e+00 1.000000000000000048e-04 7.047070399316291301e-04 1.000000000000000000e+00
-3.241999999999999993e+00 1.000000000000000048e-04 7.058152146650523802e-04 1.000000000000000000e+00
-3.241249999999999964e+00 1.000000000000000048e-04 7.069251279232186339e-04 1.000000000000000000e+00
-3.240499999999999936e+00 1.000000000000000048e-04 7.080367824206012855e-04 1.000000000000000000e+00
-3.239749999999999908e+00 1.000000000000000048e-04 7.091501808758725192e-04 1.000000000000000000e+00
-3.238999999999999879e+00 1.000000000000000048e-04 7.102653260119069951e-04 1.000000000000000000e+00
-3.238249999999999851e+00 1.000000000000000048e-04 7.113822205557907398e-04 1.000000000000000000e+00
-3.237499999999999822e+00 1.000000000000000048e-04 7.125008672388261338e-04 1.000000000000000000e+00
-3.236749999999999794e+00 1.000000000000000048e-04 7.136212687965381996e-04 1.000000000000000000e+00
-3.235999999999999766e+00 1.000000000000000048e-04 7.147434279686819747e-04 1.000000000000000000e+00
-3.235249999999999737e+00 1.000000000000000048e-04 7.158673474992477154e-04 1.000000000000000000e+00
-3.234499999999999709e+00 1.000000000000000048e-04 7.169930301364682698e-04 1.000000000000000000e+00
-3.233749999999999680e+00 1.000000000000000048e-04 7.181204786328250402e-04 1.000000000000000000e+00
-3.232999999999999652e+00 1.000000000000000048e-04 7.192496957450542723e-04 1.000000000000000000e+00
-3.232250000000000068e+00 1.000000000000000048e-04 7.203806842341543186e-04 1.000000000000000000e+00
-3.231500000000000039e+00 1.000000000000000048e-04 7.215134468653914938e-04 1.000000000000000000e+00
-3.230750000000000011e+00 1.000000000000000048e-04 7.226479864083065795e-04 1.000000000000000000e+00
-3.229999999999999982e+00 1.000000000000000048e-04 7.237843056367203537e-04 1.000000000000000000e+00
-3.229249999999999954e+00 1.000000000000000048e-04 7.249224073287424816e-04 1.000000000000000000e+00
-3.228499999999999925e+00 1.000000000000000048e-04 7.260622942667752013e-04 1.000000000000000000e+00
-3.227749999999999897e+00 1.000000000000000048e-04 7.272039692375223234e-04 1.000000000000000000e+00
-3.226999999999999869e+00 1.000000000000000048e-04 7.283474350319934587e-04 1.000000000000000000e+00
-3.226250000000000284e+00 1.000000000000000048e-04 7.294926944455122587e-04 1.000000000000000000e+00
-3.225500000000000256e+00 1.000000000000000048e-04 7.306397502777232456e-04 1.000000000000000000e+00
-3.224750000000000227e+00 1.000000000000000048e-04 7.317886053325964747e-04 1.000000000000000000e+00
-3.224000000000000199e+00 1.000000000000000048e-04 7.329392624184345815e-04 1.000000000000000000e+00
-3.223250000000000171e+00 1.000000000000000048e-04 7.340917243478809135e-04 1.000000000000000000e+00
-3.222500000000000142e+00 1.000000000000000048e-04 7.352459939379247340e-04 1.000000000000000000e+00
-3.221750000000000114e+00 1.000000000000000048e-04 7.364020740099069687e-04 1.000000000000000000e+00
-3.221000000000000085e+00 1.000000000000000048e-04 7.375599673895301802e-04 1.000000000000000000e+00
-3.220250000000000057e+00 1.000000000000000048e-04 7.387196769068607363e-04 1.000000000000000000e+00
-3.219500000000000028e+00 1.000000000000000048e-04 7.398812053963383512e-04 1.000000000000000000e+00
-3.218750000000000000e+00 1.000000000000000048e-04 7.410445556967825906e-04 1.000000000000000000e+00
-3.217999999999999972e+00 1.000000000000000048e-04 7.422097306513979675e-04 1.000000000000000000e+00
-3.217249999999999943e+00 1.000000000000000048e-04 7.433767331077813147e-04 1.000000000000000000e+00
-3.216499999999999915e+00 1.000000000000000048e-04 7.445455659179301333e-04 1.000000000000000000e+00
-3.215749999999999886e+00 1.000000000000000048e-04 7.457162319382450860e-04 1.000000000000000000e+00
-3.214999999999999858e+00 1.000000000000000048e-04 7.468887340295412734e-04 1.000000000000000000e+00
-3.214249999999999829e+00 1.000000000000000048e-04 7.480630750570525702e-04 1.000000000000000000e+00
-3.213499999999999801e+00 1.000000000000000048e-04 7.492392578904376972e-04 1.000000000000000000e+00
-3.212749999999999773e+00 1.000000000000000048e-04 7.504172854037888946e-04 1.000000000000000000e+00
-3.211999999999999744e+00 1.000000000000000048e-04 7.515971604756372347e-04 1.000000000000000000e+00
-3.211249999999999716e+00 1.000000000000000048e-04 7.527788859889591273e-04 1.000000000000000000e+00
-3.210499999999999687e+00 1.000000000000000048e-04 7.539624648311843425e-04 1.000000000000000000e+00
-3.209749999999999659e+00 1.000000000000000048e-04 7.551478998942013233e-04 1.000000000000000000e+00
-3.208999999999999631e+00 1.000000000000000048e-04 7.563351940743651006e-04 1.000000000000000000e+00
-3.208250000000000046e+00 1.000000000000000048e-04 7.575243502725026055e-04 1.000000000000000000e+00
-3.207500000000000018e+00 1.000000000000000048e-04 7.587153713939227525e-04 1.000000000000000000e+00
-3.206749999999999989e+00 1.000000000000000048e-04 7.599082603484180656e-04 1.000000000000000000e+00
-3.205999999999999961e+00 1.000000000000000048e-04 7.611030200502753038e-04 1.000000000000000000e+00
-3.205249999999999932e+00 1.000000000000000048e-04 7.622996534182810988e-04 1.000000000000000000e+00
-3.204499999999999904e+00 1.000000000000000048e-04 7.634981633757291107e-04 1.000000000000000000e+00
-3.203749999999999876e+00 1.000000000000000048e-04 7.646985528504255574e-04 1.000000000000000000e+00
-3.203000000000000291e+00 1.000000000000000048e-04 7.659008247746978883e-04 1.000000000000000000e+00
-3.202250000000000263e+00 1.000000000000000048e-04 7.671049820854016149e-04 1.000000000000000000e+00
-3.201500000000000234e+00 1.000000000000000048e-04 7.683110277239243221e-04 1.000000000000000000e+00
-3.200750000000000206e+00 1.000000000000000048e-04 7.695189646361951007e-04 1.000000000000000000e+00
-3.200000000000000178e+00 1.000000000000000048e-04 7.707287957726915951e-04 1.000000000000000000e+00
-3.199250000000000149e+00 1.000000000000000048e-04 7.719405240884448819e-04 1.000000000000000000e+00
-3.198500000000000121e+00 1.000000000000000048e-04 7.731541525430483605e-04 1.000000000000000000e+00
-3.197750000000000092e+00 1.000000000000000048e-04 7.743696841006638245e-04 1.000000000000000000e+00
-3.197000000000000064e+00 1.000000000000000048e-04 7.755871217300276416e-04 1.000000000000000000e+00
-3.196250000000000036e+00 1.000000000000000048e-04 7.768064684044586688e-04 1.000000000000000000e+00
-3.195500000000000007e+00 1.000000000000000048e-04 7.780277271018649736e-04 1.000000000000000000e+00
-3.194749999999999979e+00 1.000000000000000048e-04 7.792509008047507736e-04 1.000000000000000000e+00
-3.193999999999999950e+00 1.000000000000000048e-04 7.804759925002228331e-04 1.000000000000000000e+00
-3.193249999999999922e+00 1.000000000000000048e-04 7.817030051799984860e-04 1.000000000000000000e+00
-3.192499999999999893e+00 1.000000000000000048e-04 7.829319418404107316e-04 1.000000000000000000e+00
-3.191749999999999865e+00 1.000000000000000048e-04 7.841628054824181012e-04 1.000000000000000000e+00
-3.190999999999999837e+00 1.000000000000000048e-04 7.853955991116082355e-04 1.000000000000000000e+00
-3.190249999999999808e+00 1.000000000000000048e-04 7.866303257382075342e-04 1.000000000000000000e+00
-3.189499999999999780e+00 1.000000000000000048e-04 7.878669883770869024e-04 1.000000000000000000e+00
-3.188749999999999751e+00 1.000000000000000048e-04 7.891055900477694481e-04 1.000000000000000000e+00
-3.187999999999999723e+00 1.000000000000000048e-04 7.903461337744367710e-04 1.000000000000000000e+00
-3.187249999999999694e+00 1.000000000000000048e-04 7.915886225859360094e-04 1.000000000000000000e+00
-3.186499999999999666e+00 1.000000000000000048e-04 7.928330595157877551e-04 1.000000000000000000e+00
-3.185749999999999638e+00 1.000000000000000048e-04 7.940794476021920166e-04 1.000000000000000000e+00
-3.185000000000000053e+00 1.000000000000000048e-04 7.953277898880361336e-04 1.000000000000000000e+00
-3.184250000000000025e+00 1.000000000000000048e-04 7.965780894209021495e-04 1.000000000000000000e+00
-3.183499999999999996e+00 1.000000000000000048e-04 7.978303492530720159e-04 1.000000000000000000e+00
-3.182749999999999968e+00 1.000000000000000048e-04 7.990845724415365911e-04 1.000000000000000000e+00
-3.181999999999999940e+00 1.000000000000000048e-04 8.003407620480020371e-04 1.000000000000000000e+00
-3.181249999999999911e+00 1.000000000000000048e-04 8.015989211388968669e-04 1.000000000000000000e+00
-3.180499999999999883e+00 1.000000000000000048e-04 8.028590527853791004e-04 1.000000000000000000e+00
-3.179749999999999854e+00 1.000000000000000048e-04 8.041211600633434197e-04 1.000000000000000000e+00
-3.179000000000000270e+00 1.000000000000000048e-04 8.053852460534284335e-04 1.000000000000000000e+00
-3.178250000000000242e+00 1.000000000000000048e-04 8.066513138410241583e-04 1.000000000000000000e+00
-3.177500000000000213e+00 1.000000000000000048e-04 8.079193665162783065e-04 1.000000000000000000e+00
-3.176750000000000185e+00 1.000000000000000048e-04 8.091894071741038757e-04 1.000000000000000000e+00
-3.176000000000000156e+00 1.000000000000000048e-04 8.104614389141861965e-04 1.000000000000000000e+00
-3.175250000000000128e+00 1.000000000000000048e-04 8.117354648409909551e-04 1.000000000000000000e+00
-3.174500000000000099e+00 1.000000000000000048e-04 8.130114880637702652e-04 1.000000000000000000e+00
-3.173750000000000071e+00 1.000000000000000048e-04 8.142895116965700401e-04 1.000000000000000000e+00
-3.173000000000000043e+00 1.000000000000000048e-04 8.155695388582382332e-04 1.000000000000000000e+00
-3.172250000000000014e+00 1.000000000000000048e-04 8.168515726724309093e-04 1.000000000000000000e+00
-3.171499999999999986e+00 1.000000000000000048e-04 8.181356162676203759e-04 1.000000000000000000e+00
-3.170749999999999957e+00 1.000000000000000048e-04 8.194216727771010383e-04 1.000000000000000000e+00
-3.169999999999999929e+00 1.000000000000000048e-04 8.207097453389986148e-04 1.000000000000000000e+00
-3.169249999999999901e+00 1.000000000000000048e-04 8.219998370962762089e-04 1.000000000000000000e+00
-3.168499999999999872e+00 1.000000000000000048e-04 8.232919511967414644e-04 1.000000000000000000e+00
-3.167749999999999844e+00 1.000000000000000048e-04 8.245860907930548057e-04 1.000000000000000000e+00
-3.166999999999999815e+00 1.000000000000000048e-04 8.258822590427351840e-04 1.000000000000000000e+00
-3.166249999999999787e+00 1.000000000000000048e-04 8.271804591081691844e-04 1.000000000000000000e+00
-3.165499999999999758e+00 1.000000000000000048e-04 8.284806941566170979e-04 1.000000000000000000e+00
-3.164749999999999730e+00 1.000000000000000048e-04 8.297829673602213777e-04 1.000000000000000000e+00
-3.163999999999999702e+00 1.000000000000000048e-04 8.310872818960122772e-04 1.000000000000000000e+00
-3.163249999999999673e+00 1.000000000000000048e-04 8.323936409459168489e-04 1.000000000000000000e+00
-3.162499999999999645e+00 1.000000000000000048e-04 8.337020476967652331e-04 1.000000000000000000e+00
-3.161750000000000060e+00 1.000000000000000048e-04 8.350125053402983550e-04 1.000000000000000000e+00
-3.161000000000000032e+00 1.000000000000000048e-04 8.363250170731773578e-04 1.000000000000000000e+00
-3.160250000000000004e+00 1.000000000000000048e-04 8.376395860969866386e-04 1.000000000000000000e+00
-3.159499999999999975e+00 1.000000000000000048e-04 8.389562156182452319e-04 1.000000000000000000e+00
-3.158749999999999947e+00 1.000000000000000048e-04 8.402749088484117975e-04 1.000000000000000000e+00
-3.157999999999999918e+00 1.000000000000000048e-04 8.415956690038934023e-04 1.000000000000000000e+00
-3.157249999999999890e+00 1.000000000000000048e-04 8.429184993060524593e-04 1.000000000000000000e+00
-3.156499999999999861e+00 1.000000000000000048e-04 8.442434029812142084e-04 1.000000000000000000e+00
-3.155750000000000277e+00 1.000000000000000048e-04 8.455703832606735471e-04 1.000000000000000000e+00
-3.155000000000000249e+00 1.000000000000000048e-04 8.468994433807057638e-04 1.000000000000000000e+00
-3.154250000000000220e+00 1.000000000000000048e-04 8.482305865825685983e-04 1.000000000000000000e+00
-3.153500000000000192e+00 1.000000000000000048e-04 8.495638161125137339e-04 1.000000000000000000e+00
-3.152750000000000163e+00 1.000000000000000048e-04 8.508991352217925436e-04 1.000000000000000000e+00
-3.152000000000000135e+00 1.000000000000000048e-04 8.522365471666653062e-04 1.000000000000000000e+00
-3.151250000000000107e+00 1.000000000000000048e-04 8.535760552084064104e-04 1.000000000000000000e+00
-3.150500000000000078e+00 1.000000000000000048e-04 8.549176626133144375e-04 1.000000000000000000e+00
-3.149750000000000050e+00 1.000000000000000048e-04 8.562613726527171492e-04 1.000000000000000000e+00
-3.149000000000000021e+00 1.000000000000000048e-04 8.576071886029808114e-04 1.000000000000000000e+00
-3.148249999999999993e+00 1.000000000000000048e-04 8.589551137455177839e-04 1.000000000000000000e+00
-3.147499999999999964e+00 1.000000000000000048e-04 8.603051513667925917e-04 1.000000000000000000e+00
-3.146749999999999936e+00 1.000000000000000048e-04 8.616573047583314660e-04 1.000000000000000000e+00
-3.145999999999999908e+00 1.000000000000000048e-04 8.630115772167278737e-04 1.000000000000000000e+00
-3.145249999999999879e+00 1.000000000000000048e-04 8.643679720436522754e-04 1.000000000000000000e+00
-3.144499999999999851e+00 1.000000000000000048e-04 8.657264925458581966e-04 1.000000000000000000e+00
-3.143749999999999822e+00 1.000000000000000048e-04 8.670871420351907929e-04 1.000000000000000000e+00
-3.142999999999999794e+00 1.000000000000000048e-04 8.684499238285929221e-04 1.000000000000000000e+00
-3.142249999999999766e+00 1.000000000000000048e-04 8.698148412481156600e-04 1.000000000000000000e+00
-3.141499999999999737e+00 1.000000000000000048e-04 8.711818976209228550e-04 1.000000000000000000e+00
-3.140749999999999709e+00 1.000000000000000048e-04 8.725510962793012106e-04 1.000000000000000000e+00
-3.139999999999999680e+00 1.000000000000000048e-04 8.739224405606665740e-04 1.000000000000000000e+00
-3.139249999999999652e+00 1.000000000000000048e-04 8.752959338075718505e-04 1.000000000000000000e+00
-3.138500000000000068e+00 1.000000000000000048e-04 8.766715793677139429e-04 1.000000000000000000e+00
-3.137750000000000039e+00 1.000000000000000048e-04 8.780493805939456773e-04 1.000000000000000000e+00
-3.137000000000000011e+00 1.000000000000000048e-04 8.794293408442780801e-04 1.000000000000000000e+00
-3.136249999999999982e+00 1.000000000000000048e-04 8.808114634818894851e-04 1.000000000000000000e+00
-3.135499999999999954e+00 1.000000000000000048e-04 8.821957518751356170e-04 1.000000000000000000e+00
-3.134749999999999925e+00 1.000000000000000048e-04 8.835822093975552287e-04 1.000000000000000000e+00
-3.133999999999999897e+00 1.000000000000000048e-04 8.849708394278794259e-04 1.000000000000000000e+00
-3.133249999999999869e+00 1.000000000000000048e-04 8.863616453500371964e-04 1.000000000000000000e+00
-3.132500000000000284e+00 1.000000000000000048e-04 8.877546305531656013e-04 1.000000000000000000e+00
-3.131750000000000256e+00 1.000000000000000048e-04 8.891497984316171482e-04 1.000000000000000000e+00
-3.131000000000000227e+00 1.000000000000000048e-04 8.905471523849653199e-04 1.000000000000000000e+00
-3.130250000000000199e+00 1.000000000000000048e-04 8.919466958180158507e-04 1.000000000000000000e+00
-3.129500000000000171e+00 1.000000000000000048e-04 8.933484321408113882e-04 1.000000000000000000e+00
-3.128750000000000142e+00 1.000000000000000048e-04 8.947523647686416847e-04 1.000000000000000000e+00
-3.128000000000000114e+00 1.000000000000000048e-04 8.961584971220505364e-04 1.000000000000000000e+00
-3.127250000000000085e+00 1.000000000000000048e-04 8.975668326268438062e-04 1.000000000000000000e+00
-3.126500000000000057e+00 1.000000000000000048e-04 8.989773747140965797e-04 1.000000000000000000e+00
-3.125750000000000028e+00 1.000000000000000048e-04 9.003901268201619469e-04 1.000000000000000000e+00
-3.125000000000000000e+00 1.000000000000000048e-04 9.018050923866798929e-04 1.000000000000000000e+00
-3.124249999999999972e+00 1.000000000000000048e-04 9.032222748605819602e-04 1.000000000000000000e+00
-3.123499999999999943e+00 1.000000000000000048e-04 9.046416776941028489e-04 1.000000000000000000e+00
-3.122749999999999915e+00 1.000000000000000048e-04 9.060633043447861639e-04 1.000000000000000000e+00
-3.121999999999999886e+00 1.000000000000000048e-04 9.074871582754923290e-04 1.000000000000000000e+00
-3.121249999999999858e+00 1.000000000000000048e-04 9.089132429544088867e-04 1.000000000000000000e+00
-3.120499999999999829e+00 1.000000000000000048e-04 9.103415618550549440e-04 1.000000000000000000e+00
-3.119749999999999801e+00 1.000000000000000048e-04 9.117721184562919056e-04 1.000000000000000000e+00
-3.118999999999999773e+00 1.000000000000000048e-04 9.132049162423299792e-04 1.000000000000000000e+00
-3.118249999999999744e+00 1.000000000000000048e-04 9.146399587027382585e-04 1.000000000000000000e+00
-3.117499999999999716e+00 1.000000000000000048e-04 9.160772493324493854e-04 1.000000000000000000e+00
-3.116749999999999687e+00 1.000000000000000048e-04 9.175167916317703920e-04 1.000000000000000000e+00
-3.115999999999999659e+00 1.000000000000000048e-04 9.189585891063889889e-04 1.000000000000000000e+00
-3.115249999999999631e+00 1.000000000000000048e-04 9.204026452673847326e-04 1.000000000000000000e+00
-3.114500000000000046e+00 1.000000000000000048e-04 9.218489636312306515e-04 1.000000000000000000e+00
-3.113750000000000018e+00 1.000000000000000048e-04 9.232975477198110273e-04 1.000000000000000000e+00
-3.112999999999999989e+00 1.000000000000000048e-04 9.247484010604195516e-04 1.000000000000000000e+00
-3.112249999999999961e+00 1.000000000000000048e-04 9.262015271857728781e-04 1.000000000000000000e+00
-3.111499999999999932e+00 1.000000000000000048e-04 9.276569296340189718e-04 1.000000000000000000e+00
-3.110749999999999904e+00 1.000000000000000048e-04 9.291146119487418784e-04 1.000000000000000000e+00
-3.109999999999999876e+00 1.000000000000000048e-04 9.305745776789739769e-04 1.000000000000000000e+00
-3.109250000000000291e+00 1.000000000000000048e-04 9.320368303791998817e-04 1.000000000000000000e+00
-3.108500000000000263e+00 1.000000000000000048e-04 9.335013736093699960e-04 1.000000000000000000e+00
-3.107750000000000234e+00 1.000000000000000048e-04 9.349682109349027881e-04 1.000000000000000000e+00
-3.107000000000000206e+00 1.000000000000000048e-04 9.364373459266961755e-04 1.000000000000000000e+00
-3.106250000000000178e+00 1.000000000000000048e-04 9.379087821611356568e-04 1.000000000000000000e+00
-3.105500000000000149e+00 1.000000000000000048e-04 9.393825232201024429e-04 1.000000000000000000e+00
-3.104750000000000121e+00 1.000000000000000048e-04 9.408585726909805044e-04 1.000000000000000000e+00
-3.104000000000000092e+00 1.000000000000000048e-04 9.423369341666654620e-04 1.000000000000000000e+00
-3.103250000000000064e+00 1.000000000000000048e-04 9.438176112455747783e-04 1.000000000000000000e+00
-3.102500000000000036e+00 1.000000000000000048e-04 9.453006075316519857e-04 1.000000000000000000e+00
-3.101750000000000007e+00 1.000000000000000048e-04 9.467859266343781792e-04 1.000000000000000000e+00
-3.100999999999999979e+00 1.000000000000000048e-04 9.482735721687797145e-04 1.000000000000000000e+00
-3.100249999999999950e+00 1.000000000000000048e-04 9.497635477554354716e-04 1.000000000000000000e+00
-3.099499999999999922e+00 1.000000000000000048e-04 9.512558570204858541e-04 1.000000000000000000e+00
-3.098749999999999893e+00 1.000000000000000048e-04 9.527505035956414627e-04 1.000000000000000000e+00
-3.097999999999999865e+00 1.000000000000000048e-04 9.542474911181900339e-04 1.000000000000000000e+00
-3.097249999999999837e+00 1.000000000000000048e-04 9.557468232310070656e-04 1.000000000000000000e+00
-3.096499999999999808e+00 1.000000000000000048e-04 9.572485035825613461e-04 1.000000000000000000e+00
-3.095749999999999780e+00 1.000000000000000048e-04 9.587525358269262301e-04 1.000000000000000000e+00
-3.094999999999999751e+00 1.000000000000000048e-04 9.602589236237850595e-04 1.000000000000000000e+00
-3.094249999999999723e+00 1.000000000000000048e-04 9.617676706384426562e-04 1.000000000000000000e+00
-3.093499999999999694e+00 1.000000000000000048e-04 9.632787805418304176e-04 1.000000000000000000e+00
-3.092749999999999666e+00 1.000000000000000048e-04 9.647922570105179176e-04 1.000000000000000000e+00
-3.091999999999999638e+00 1.000000000000000048e-04 9.663081037267186530e-04 1.000000000000000000e+00
-3.091250000000000053e+00 1.000000000000000048e-04 9.678263243782994759e-04 1.000000000000000000e+00
-3.090500000000000025e+00 1.000000000000000048e-04 9.693469226587916529e-04 1.000000000000000000e+00
-3.089749999999999996e+00 1.000000000000000048e-04 9.708699022673946593e-04 1.000000000000000000e+00
-3.088999999999999968e+00 1.000000000000000048e-04 9.723952669089862624e-04 1.000000000000000000e+00
-3.088249999999999940e+00 1.000000000000000048e-04 9.739230202941335807e-04 1.000000000000000000e+00
-3.087499999999999911e+00 1.000000000000000048e-04 9.754531661390975286e-04 1.000000000000000000e+00
-3.086749999999999883e+00 1.000000000000000048e-04 9.769857081658457187e-04 1.000000000000000000e+00
-3.085999999999999854e+00 1.000000000000000048e-04 9.785206501020560395e-04 1.000000000000000000e+00
-3.085250000000000270e+00 1.000000000000000048e-04 9.800579956811294492e-04 1.000000000000000000e+00
-3.084500000000000242e+00 1.000000000000000048e-04 9.815977486421973482e-04 1.000000000000000000e+00
-3.083750000000000213e+00 1.000000000000000048e-04 9.831399127301280842e-04 1.000000000000000000e+00
-3.083000000000000185e+00 1.000000000000000048e-04 9.846844916955375775e-04 1.000000000000000000e+00
-3.082250000000000156e+00 1.000000000000000048e-04 9.862314892947969102e-04 1.000000000000000000e+00
-3.081500000000000128e+00 1.000000000000000048e-04 9.877809092900427350e-04 1.000000000000000000e+00
-3.080750000000000099e+00 1.000000000000000048e-04 9.893327554491833462e-04 1.000000000000000000e+00
-3.080000000000000071e+00 1.000000000000000048e-04 9.908870315459082211e-04 1.000000000000000000e+00
-3.079250000000000043e+00 1.000000000000000048e-04 9.924437413596979944e-04 1.000000000000000000e+00
-3.078500000000000014e+00 1.000000000000000048e-04 9.940028886758309635e-04 1.000000000000000000e+00
-3.077749999999999986e+00 1.000000000000000048e-04 9.955644772853928463e-04 1.000000000000000000e+00
-3.076999999999999957e+00 1.000000000000000048e-04 9.971285109852854548e-04 1.000000000000000000e+00
-3.076249999999999929e+00 1.000000000000000048e-04 9.986949935782358026e-04 1.000000000000000000e+00
-3.075499999999999901e+00 1.000000000000000048e-04 1.000263928872803043e-03 1.000000000000000000e+00
-3.074749999999999872e+00 1.000000000000000048e-04 1.001835320683389097e-03 1.000000000000000000e+00
-3.073999999999999844e+00 1.000000000000000048e-04 1.003409172830246670e-03 1.000000000000000000e+00
-3.073249999999999815e+00 1.000000000000000048e-04 1.004985489139487501e-03 1.000000000000000000e+00
-3.072499999999999787e+00 1.000000000000000048e-04 1.006564273443091460e-03 1.000000000000000000e+00
-3.071749999999999758e+00 1.000000000000000048e-04 1.008145529578915230e-03 1.000000000000000000e+00
-3.070999999999999730e+00 1.000000000000000048e-04 1.009729261390702060e-03 1.000000000000000000e+00
-3.070249999999999702e+00 1.000000000000000048e-04 1.011315472728088055e-03 1.000000000000000000e+00
-3.069499999999999673e+00 1.000000000000000048e-04 1.012904167446613884e-03 1.000000000000000000e+00
-3.068749999999999645e+00 1.000000000000000048e-04 1.014495349407731504e-03 1.000000000000000000e+00
-3.068000000000000060e+00 1.000000000000000048e-04 1.016089022478812616e-03 1.000000000000000000e+00
-3.067250000000000032e+00 1.000000000000000048e-04 1.017685190533162108e-03 1.000000000000000000e+00
-3.066500000000000004e+00 1.000000000000000048e-04 1.019283857450019141e-03 1.000000000000000000e+00
-3.065749999999999975e+00 1.000000000000000048e-04 1.020885027114572761e-03 1.000000000000000000e+00
-3.064999999999999947e+00 1.000000000000000048e-04 1.022488703417966669e-03 1.000000000000000000e+00
-3.064249999999999918e+00 1.000000000000000048e-04 1.024094890257310495e-03 1.000000000000000000e+00
-3.063499999999999890e+00 1.000000000000000048e-04 1.025703591535686958e-03 1.000000000000000000e+00
-3.062749999999999861e+00 1.000000000000000048e-04 1.027314811162162488e-03 1.000000000000000000e+00
-3.062000000000000277e+00 1.000000000000000048e-04 1.028928553051792648e-03 1.000000000000000000e+00
-3.061250000000000249e+00 1.000000000000000048e-04 1.030544821125638395e-03 1.000000000000000000e+00
-3.060500000000000220e+00 1.000000000000000048e-04 1.032163619310766086e-03 1.000000000000000000e+00
-3.059750000000000192e+00 1.000000000000000048e-04 1.033784951540261347e-03 1.000000000000000000e+00
-3.059000000000000163e+00 1.000000000000000048e-04 1.035408821753237753e-03 1.000000000000000000e+00
-3.058250000000000135e+00 1.000000000000000048e-04 1.037035233894845502e-03 1.000000000000000000e+00
-3.057500000000000107e+00 1.000000000000000048e-04 1.038664191916278783e-03 1.000000000000000000e+00
-3.056750000000000078e+00 1.000000000000000048e-04 1.040295699774787487e-03 1.000000000000000000e+00
-3.056000000000000050e+00 1.000000000000000048e-04 1.041929761433683932e-03 1.000000000000000000e+00
-3.055250000000000021e+00 1.000000000000000048e-04 1.043566380862353269e-03 1.000000000000000000e+00
-3.054499999999999993e+00 1.000000000000000048e-04 1.045205562036261937e-03 1.000000000000000000e+00
-3.053749999999999964e+00 1.000000000000000048e-04 1.046847308936966993e-03 1.000000000000000000e+00
-3.052999999999999936e+00 1.000000000000000048e-04 1.048491625552123259e-03 1.000000000000000000e+00
-3.052249999999999908e+00 1.000000000000000048e-04 1.050138515875496991e-03 1.000000000000000000e+00
-3.051499999999999879e+00 1.000000000000000048e-04 1.051787983906969344e-03 1.000000000000000000e+00
-3.050749999999999851e+00 1.000000000000000048e-04 1.053440033652549603e-03 1.000000000000000000e+00
-3.049999999999999822e+00 1.000000000000000048e-04 1.055094669124382765e-03 1.000000000000000000e+00
-3.049249999999999794e+00 1.000000000000000048e-04 1.056751894340758223e-03 1.000000000000000000e+00
-3.048499999999999766e+00 1.000000000000000048e-04 1.058411713326119080e-03 1.000000000000000000e+00
-3.047749999999999737e+00 1.000000000000000048e-04 1.060074130111072783e-03 1.000000000000000000e+00
-3.046999999999999709e+00 1.000000000000000048e-04 1.061739148732397621e-03 1.000000000000000000e+00
-3.046249999999999680e+00 1.000000000000000048e-04 1.063406773233055306e-03 1.000000000000000000e+00
-3.045499999999999652e+00 1.000000000000000048e-04 1.065077007662195308e-03 1.000000000000000000e+00
-3.044750000000000068e+00 1.000000000000000048e-04 1.066749856075169386e-03 1.000000000000000000e+00
-3.044000000000000039e+00 1.000000000000000048e-04 1.068425322533538523e-03 1.000000000000000000e+00
-3.043250000000000011e+00 1.000000000000000048e-04 1.070103411105080083e-03 1.000000000000000000e+00
-3.042499999999999982e+00 1.000000000000000048e-04 1.071784125863800606e-03 1.000000000000000000e+00
-3.041749999999999954e+00 1.000000000000000048e-04 1.073467470889941881e-03 1.000000000000000000e+00
-3.040999999999999925e+00 1.000000000000000048e-04 1.075153450269992648e-03 1.000000000000000000e+00
-3.040249999999999897e+00 1.000000000000000048e-04 1.076842068096696631e-03 1.000000000000000000e+00
-3.039499999999999869e+00 1.000000000000000048e-04 1.078533328469062722e-03 1.000000000000000000e+00
-3.038750000000000284e+00 1.000000000000000048e-04 1.080227235492370623e-03 1.000000000000000000e+00
-3.038000000000000256e+00 1.000000000000000048e-04 1.081923793278189491e-03 1.000000000000000000e+00
-3.037250000000000227e+00 1.000000000000000048e-04 1.083623005944374471e-03 1.000000000000000000e+00
-3.036500000000000199e+00 1.000000000000000048e-04 1.085324877615085563e-03 1.000000000000000000e+00
-3.035750000000000171e+00 1.000000000000000048e-04 1.087029412420793687e-03 1.000000000000000000e+00
-3.035000000000000142e+00 1.000000000000000048e-04 1.088736614498289580e-03 1.000000000000000000e+00
-3.034250000000000114e+00 1.000000000000000048e-04 1.090446487990694201e-03 1.000000000000000000e+00
-3.033500000000000085e+00 1.000000000000000048e-04 1.092159037047468273e-03 1.000000000000000000e+00
-3.032750000000000057e+00 1.000000000000000048e-04 1.093874265824419656e-03 1.000000000000000000e+00
-3.032000000000000028e+00 1.000000000000000048e-04 1.095592178483715705e-03 1.000000000000000000e+00
-3.031250000000000000e+00 1.000000000000000048e-04 1.097312779193890860e-03 1.000000000000000000e+00
-3.030499999999999972e+00 1.000000000000000048e-04 1.099036072129855757e-03 1.000000000000000000e+00
-3.029749999999999943e+00 1.000000000000000048e-04 1.100762061472908499e-03 1.000000000000000000e+00
-3.028999999999999915e+00 1.000000000000000048e-04 1.102490751410742462e-03 1.000000000000000000e+00
-3.028249999999999886e+00 1.000000000000000048e-04 1.104222146137455842e-03 1.000000000000000000e+00
-3.027499999999999858e+00 1.000000000000000048e-04 1.105956249853562706e-03 1.000000000000000000e+00
-3.026749999999999829e+00 1.000000000000000048e-04 1.107693066765999936e-03 1.000000000000000000e+00
-3.025999999999999801e+00 1.000000000000000048e-04 1.109432601088139155e-03 1.000000000000000000e+00
-3.025249999999999773e+00 1.000000000000000048e-04 1.111174857039795615e-03 1.000000000000000000e+00
-3.024499999999999744e+00 1.000000000000000048e-04 1.112919838847236656e-03 1.000000000000000000e+00
-3.023749999999999716e+00 1.000000000000000048e-04 1.114667550743191678e-03 1.000000000000000000e+00
-3.022999999999999687e+00 1.000000000000000048e-04 1.116417996966863422e-03 1.000000000000000000e+00
-3.022249999999999659e+00 1.000000000000000048e-04 1.118171181763934902e-03 1.000000000000000000e+00
-3.021499999999999631e+00 1.000000000000000048e-04 1.119927109386581335e-03 1.000000000000000000e+00
-3.020750000000000046e+00 1.000000000000000048e-04 1.121685784093476215e-03 1.000000000000000000e+00
-3.020000000000000018e+00 1.000000000000000048e-04 1.123447210149807786e-03 1.000000000000000000e+00
-3.019249999999999989e+00 1.000000000000000048e-04 1.125211391827280784e-03 1.000000000000000000e+00
-3.018499999999999961e+00 1.000000000000000048e-04 1.126978333404130093e-03 1.000000000000000000e+00
-3.017749999999999932e+00 1.000000000000000048e-04 1.128748039165131372e-03 1.000000000000000000e+00
-3.016999999999999904e+00 1.000000000000000048e-04 1.130520513401607344e-03 1.000000000000000000e+00
-3.016249999999999876e+00 1.000000000000000048e-04 1.132295760411440588e-03 1.000000000000000000e+00
-3.015500000000000291e+00 1.000000000000000048e-04 1.134073784499079829e-03 1.000000000000000000e+00
-3.014750000000000263e+00 1.000000000000000048e-04 1.135854589975557067e-03 1.000000000000000000e+00
-3.014000000000000234e+00 1.000000000000000048e-04 1.137638181158487144e-03 1.000000000000000000e+00
-3.013250000000000206e+00 1.000000000000000048e-04 1.139424562372083789e-03 1.000000000000000000e+00
-3.012500000000000178e+00 1.000000000000000048e-04 1.141213737947168513e-03 1.000000000000000000e+00
-3.011750000000000149e+00 1.000000000000000048e-04 1.143005712221179491e-03 1.000000000000000000e+00
-3.011000000000000121e+00 1.000000000000000048e-04 1.144800489538181547e-03 1.000000000000000000e+00
-3.010250000000000092e+00 1.000000000000000048e-04 1.146598074248876770e-03 1.000000000000000000e+00
-3.009500000000000064e+00 1.000000000000000048e-04 1.148398470710613409e-03 1.000000000000000000e+00
-3.008750000000000036e+00 1.000000000000000048e-04 1.150201683287395199e-03 1.000000000000000000e+00
-3.008000000000000007e+00 1.000000000000000048e-04 1.152007716349892196e-03 1.000000000000000000e+00
-3.007249999999999979e+00 1.000000000000000048e-04 1.153816574275451411e-03 1.000000000000000000e+00
-3.006499999999999950e+00 1.000000000000000048e-04 1.155628261448105260e-03 1.000000000000000000e+00
-3.005749999999999922e+00 1.000000000000000048e-04 1.157442782258580240e-03 1.000000000000000000e+00
-3.004999999999999893e+00 1.000000000000000048e-04 1.159260141104310375e-03 1.000000000000000000e+00
-3.004249999999999865e+00 1.000000000000000048e-04 1.161080342389443718e-03 1.000000000000000000e+00
-3.003499999999999837e+00 1.000000000000000048e-04 1.162903390524854712e-03 1.000000000000000000e+00
-3.002749999999999808e+00 1.000000000000000048e-04 1.164729289928152214e-03 1.000000000000000000e+00
-3.001999999999999780e+00 1.000000000000000048e-04 1.166558045023691204e-03 1.000000000000000000e+00
-3.001249999999999751e+00 1.000000000000000048e-04 1.168389660242580156e-03 1.000000000000000000e+00
-3.000499999999999723e+00 1.000000000000000048e-04 1.170224140022694701e-03 1.000000000000000000e+00
-2.999750000000000139e+00 1.000000000000000048e-04 1.172061488808683266e-03 1.000000000000000000e+00
-2.999000000000000110e+00 1.000000000000000048e-04 1.173901711051982249e-03 1.000000000000000000e+00
-2.998250000000000082e+00 1.000000000000000048e-04 1.175744811210821441e-03 1.000000000000000000e+00
-2.997500000000000053e+00 1.000000000000000048e-04 1.177590793750235305e-03 1.000000000000000000e+00
-2.996750000000000025e+00 1.000000000000000048e-04 1.179439663142074247e-03 1.000000000000000000e+00
-2.995999999999999996e+00 1.000000000000000048e-04 1.181291423865013512e-03 1.000000000000000000e+00
-2.995249999999999968e+00 1.000000000000000048e-04 1.183146080404564888e-03 1.000000000000000000e+00
-2.994499999999999940e+00 1.000000000000000048e-04 1.185003637253082562e-03 1.000000000000000000e+00
-2.993749999999999911e+00 1.000000000000000048e-04 1.186864098909779820e-03 1.000000000000000000e+00
-2.992999999999999883e+00 1.000000000000000048e-04 1.188727469880732296e-03 1.000000000000000000e+00
-2.992249999999999854e+00 1.000000000000000048e-04 1.190593754678893369e-03 1.000000000000000000e+00
-2.991499999999999826e+00 1.000000000000000048e-04 1.192462957824101319e-03 1.000000000000000000e+00
-2.990749999999999797e+00 1.000000000000000048e-04 1.194335083843089951e-03 1.000000000000000000e+00
-2.989999999999999769e+00 1.000000000000000048e-04 1.196210137269501390e-03 1.000000000000000000e+00
-2.989249999999999741e+00 1.000000000000000048e-04 1.198088122643890634e-03 1.000000000000000000e+00
-2.988500000000000156e+00 1.000000000000000048e-04 1.199969044513740733e-03 1.000000000000000000e+00
-2.987750000000000128e+00 1.000000000000000048e-04 1.201852907433473196e-03 1.000000000000000000e+00
-2.987000000000000099e+00 1.000000000000000048e-04 1.203739715964454067e-03 1.000000000000000000e+00
-2.986250000000000071e+00 1.000000000000000048e-04 1.205629474675006712e-03 1.000000000000000000e+00
-2.985500000000000043e+00 1.000000000000000048e-04 1.207522188140422448e-03 1.000000000000000000e+00
-2.984750000000000014e+00 1.000000000000000048e-04 1.209417860942970302e-03 1.000000000000000000e+00
-2.983999999999999986e+00 1.000000000000000048e-04 1.211316497671906115e-03 1.000000000000000000e+00
-2.983249999999999957e+00 1.000000000000000048e-04 1.213218102923484904e-03 1.000000000000000000e+00
-2.982499999999999929e+00 1.000000000000000048e-04 1.215122681300969971e-03 1.000000000000000000e+00
-2.981749999999999901e+00 1.000000000000000048e-04 1.217030237414643739e-03 1.000000000000000000e+00
-2.980999999999999872e+00 1.000000000000000048e-04 1.218940775881815347e-03 1.000000000000000000e+00
-2.980249999999999844e+00 1.000000000000000048e-04 1.220854301326836913e-03 1.000000000000000000e+00
-2.979499999999999815e+00 1.000000000000000048e-04 1.222770818381107866e-03 1.000000000000000000e+00
-2.978749999999999787e+00 1.000000000000000048e-04 1.224690331683088397e-03 1.000000000000000000e+00
-2.977999999999999758e+00 1.000000000000000048e-04 1.226612845878309642e-03 1.000000000000000000e+00
-2.977250000000000174e+00 1.000000000000000048e-04 1.228538365619382799e-03 1.000000000000000000e+00
-2.976500000000000146e+00 1.000000000000000048e-04 1.230466895566011479e-03 1.000000000000000000e+00
-2.975750000000000117e+00 1.000000000000000048e-04 1.232398440385000602e-03 1.000000000000000000e+00
-2.975000000000000089e+00 1.000000000000000048e-04 1.234333004750266805e-03 1.000000000000000000e+00
-2.974250000000000060e+00 1.000000000000000048e-04 1.236270593342849279e-03 1.000000000000000000e+00
-2.973500000000000032e+00 1.000000000000000048e-04 1.238211210850921054e-03 1.000000000000000000e+00
-2.972750000000000004e+00 1.000000000000000048e-04 1.240154861969798529e-03 1.000000000000000000e+00
-2.971999999999999975e+00 1.000000000000000048e-04 1.242101551401952539e-03 1.000000000000000000e+00
-2.971249999999999947e+00 1.000000000000000048e-04 1.244051283857016809e-03 1.000000000000000000e+00
-2.970499999999999918e+00 1.000000000000000048e-04 1.246004064051801832e-03 1.000000000000000000e+00
-2.969749999999999890e+00 1.000000000000000048e-04 1.247959896710303974e-03 1.000000000000000000e+00
-2.968999999999999861e+00 1.000000000000000048e-04 1.249918786563714371e-03 1.000000000000000000e+00
-2.968249999999999833e+00 1.000000000000000048e-04 1.251880738350431279e-03 1.000000000000000000e+00
-2.967499999999999805e+00 1.000000000000000048e-04 1.253845756816072228e-03 1.000000000000000000e+00
-2.966749999999999776e+00 1.000000000000000048e-04 1.255813846713479216e-03 1.000000000000000000e+00
-2.965999999999999748e+00 1.000000000000000048e-04 1.257785012802736498e-03 1.000000000000000000e+00
-2.965250000000000163e+00 1.000000000000000048e-04 1.259759259851173400e-03 1.000000000000000000e+00
-2.964500000000000135e+00 1.000000000000000048e-04 1.261736592633383404e-03 1.000000000000000000e+00
-2.963750000000000107e+00 1.000000000000000048e-04 1.263717015931228697e-03 1.000000000000000000e+00
-2.963000000000000078e+00 1.000000000000000048e-04 1.265700534533851021e-03 1.000000000000000000e+00
-2.962250000000000050e+00 1.000000000000000048e-04 1.267687153237685976e-03 1.000000000000000000e+00
-2.961500000000000021e+00 1.000000000000000048e-04 1.269676876846469746e-03 1.000000000000000000e+00
-2.960749999999999993e+00 1.000000000000000048e-04 1.271669710171253846e-03 1.000000000000000000e+00
-2.959999999999999964e+00 1.000000000000000048e-04 1.273665658030412274e-03 1.000000000000000000e+00
-2.959249999999999936e+00 1.000000000000000048e-04 1.275664725249654307e-03 1.000000000000000000e+00
-2.958499999999999908e+00 1.000000000000000048e-04 1.277666916662034691e-03 1.000000000000000000e+00
-2.957749999999999879e+00 1.000000000000000048e-04 1.279672237107962966e-03 1.000000000000000000e+00
-2.956999999999999851e+00 1.000000000000000048e-04 1.281680691435217994e-03 1.000000000000000000e+00
-2.956249999999999822e+00 1.000000000000000048e-04 1.283692284498954466e-03 1.000000000000000000e+00
-2.955499999999999794e+00 1.000000000000000048e-04 1.285707021161716992e-03 1.000000000000000000e+00
-2.954749999999999766e+00 1.000000000000000048e-04 1.287724906293447697e-03 1.000000000000000000e+00
-2.953999999999999737e+00 1.000000000000000048e-04 1.289745944771501828e-03 1.000000000000000000e+00
-2.953250000000000153e+00 1.000000000000000048e-04 1.291770141480652308e-03 1.000000000000000000e+00
-2.952500000000000124e+00 1.000000000000000048e-04 1.293797501313106871e-03 1.000000000000000000e+00
-2.951750000000000096e+00 1.000000000000000048e-04 1.295828029168515213e-03 1.000000000000000000e+00
-2.951000000000000068e+00 1.000000000000000048e-04 1.297861729953979837e-03 1.000000000000000000e+00
-2.950250000000000039e+00 1.000000000000000048e-04 1.299898608584068842e-03 1.000000000000000000e+00
-2.949500000000000011e+00 1.000000000000000048e-04 1.301938669980825906e-03 1.000000000000000000e+00
-2.948749999999999982e+00 1.000000000000000048e-04 1.303981919073779819e-03 1.000000000000000000e+00
-2.947999999999999954e+00 1.000000000000000048e-04 1.306028360799959664e-03 1.000000000000000000e+00
-2.947249999999999925e+00 1.000000000000000048e-04 1.308078000103899156e-03 1.000000000000000000e+00
-2.946499999999999897e+00 1.000000000000000048e-04 1.310130841937655940e-03 1.000000000000000000e+00
-2.945749999999999869e+00 1.000000000000000048e-04 1.312186891260813107e-03 1.000000000000000000e+00
-2.944999999999999840e+00 1.000000000000000048e-04 1.314246153040499144e-03 1.000000000000000000e+00
-2.944249999999999812e+00 1.000000000000000048e-04 1.316308632251394009e-03 1.000000000000000000e+00
-2.943499999999999783e+00 1.000000000000000048e-04 1.318374333875740184e-03 1.000000000000000000e+00
-2.942749999999999755e+00 1.000000000000000048e-04 1.320443262903354389e-03 1.000000000000000000e+00
-2.942000000000000171e+00 1.000000000000000048e-04 1.322515424331640373e-03 1.000000000000000000e+00
-2.941250000000000142e+00 1.000000000000000048e-04 1.324590823165599108e-03 1.000000000000000000e+00
-2.940500000000000114e+00 1.000000000000000048e-04 1.326669464417837676e-03 1.000000000000000000e+00
-2.939750000000000085e+00 1.000000000000000048e-04 1.328751353108582499e-03 1.000000000000000000e+00
-2.939000000000000057e+00 1.000000000000000048e-04 1.330836494265691915e-03 1.000000000000000000e+00
-2.938250000000000028e+00 1.000000000000000048e-04 1.332924892924662466e-03 1.000000000000000000e+00
-2.937500000000000000e+00 1.000000000000000048e-04 1.335016554128644730e-03 1.000000000000000000e+00
-2.936749999999999972e+00 1.000000000000000048e-04 1.337111482928452855e-03 1.000000000000000000e+00
-2.935999999999999943e+00 1.000000000000000048e-04 1.339209684382575843e-03 1.000000000000000000e+00
-2.935249999999999915e+00 1.000000000000000048e-04 1.341311163557188388e-03 1.000000000000000000e+00
-2.934499999999999886e+00 1.000000000000000048e-04 1.343415925526162151e-03 1.000000000000000000e+00
-2.933749999999999858e+00 1.000000000000000048e-04 1.345523975371077470e-03 1.000000000000000000e+00
-2.932999999999999829e+00 1.000000000000000048e-04 1.347635318181235721e-03 1.000000000000000000e+00
-2.932249999999999801e+00 1.000000000000000048e-04 1.349749959053665174e-03 1.000000000000000000e+00
-2.931499999999999773e+00 1.000000000000000048e-04 1.351867903093141154e-03 1.000000000000000000e+00
-2.930749999999999744e+00 1.000000000000000048e-04 1.353989155412190165e-03 1.000000000000000000e+00
-2.930000000000000160e+00 1.000000000000000048e-04 1.356113721131101601e-03 1.000000000000000000e+00
-2.929250000000000131e+00 1.000000000000000048e-04 1.358241605377946606e-03 1.000000000000000000e+00
-2.928500000000000103e+00 1.000000000000000048e-04 1.360372813288578077e-03 1.000000000000000000e+00
-2.927750000000000075e+00 1.000000000000000048e-04 1.362507350006651047e-03 1.000000000000000000e+00
-2.927000000000000046e+00 1.000000000000000048e-04 1.364645220683629191e-03 1.000000000000000000e+00
-2.926250000000000018e+00 1.000000000000000048e-04 1.366786430478798700e-03 1.000000000000000000e+00
-2.925499999999999989e+00 1.000000000000000048e-04 1.368930984559278479e-03 1.000000000000000000e+00
-2.924749999999999961e+00 1.000000000000000048e-04 1.371078888100031850e-03 1.000000000000000000e+00
-2.923999999999999932e+00 1.000000000000000048e-04 1.373230146283877613e-03 1.000000000000000000e+00
-2.923249999999999904e+00 1.000000000000000048e-04 1.375384764301503275e-03 1.000000000000000000e+00
-2.922499999999999876e+00 1.000000000000000048e-04 1.377542747351473721e-03 1.000000000000000000e+00
-2.921749999999999847e+00 1.000000000000000048e-04 1.379704100640243361e-03 1.000000000000000000e+00
-2.920999999999999819e+00 1.000000000000000048e-04 1.381868829382171303e-03 1.000000000000000000e+00
-2.920249999999999790e+00 1.000000000000000048e-04 1.384036938799527647e-03 1.000000000000000000e+00
-2.919499999999999762e+00 1.000000000000000048e-04 1.386208434122507141e-03 1.000000000000000000e+00
-2.918750000000000178e+00 1.000000000000000048e-04 1.388383320589240679e-03 1.000000000000000000e+00
-2.918000000000000149e+00 1.000000000000000048e-04 1.390561603445809608e-03 1.000000000000000000e+00
-2.917250000000000121e+00 1.000000000000000048e-04 1.392743287946252668e-03 1.000000000000000000e+00
-2.916500000000000092e+00 1.000000000000000048e-04 1.394928379352579654e-03 1.000000000000000000e+00
-2.915750000000000064e+00 1.000000000000000048e-04 1.397116882934782258e-03 1.000000000000000000e+00
-2.915000000000000036e+00 1.000000000000000048e-04 1.399308803970848595e-03 1.000000000000000000e+00
-2.914250000000000007e+00 1.000000000000000048e-04 1.401504147746770578e-03 1.000000000000000000e+00
-2.913499999999999979e+00 1.000000000000000048e-04 1.403702919556558664e-03 1.000000000000000000e+00
-2.912749999999999950e+00 1.000000000000000048e-04 1.405905124702253126e-03 1.000000000000000000e+00
-2.911999999999999922e+00 1.000000000000000048e-04 1.408110768493932947e-03 1.000000000000000000e+00
-2.911249999999999893e+00 1.000000000000000048e-04 1.410319856249731430e-03 1.000000000000000000e+00
-2.910499999999999865e+00 1.000000000000000048e-04 1.412532393295846175e-03 1.000000000000000000e+00
-2.909749999999999837e+00 1.000000000000000048e-04 1.414748384966549701e-03 1.000000000000000000e+00
-2.908999999999999808e+00 1.000000000000000048e-04 1.416967836604202894e-03 1.000000000000000000e+00
-2.908249999999999780e+00 1.000000000000000048e-04 1.419190753559266063e-03 1.000000000000000000e+00
-2.907499999999999751e+00 1.000000000000000048e-04 1.421417141190311085e-03 1.000000000000000000e+00
-2.906750000000000167e+00 1.000000000000000048e-04 1.423647004864030509e-03 1.000000000000000000e+00
-2.906000000000000139e+00 1.000000000000000048e-04 1.425880349955256426e-03 1.000000000000000000e+00
-2.905250000000000110e+00 1.000000000000000048e-04 1.428117181846963717e-03 1.000000000000000000e+00
-2.904500000000000082e+00 1.000000000000000048e-04 1.430357505930286753e-03 1.000000000000000000e+00
-2.903750000000000053e+00 1.000000000000000048e-04 1.432601327604530236e-03 1.000000000000000000e+00
-2.903000000000000025e+00 1.000000000000000048e-04 1.434848652277181122e-03 1.000000000000000000e+00
-2.902249999999999996e+00 1.000000000000000048e-04 1.437099485363920771e-03 1.000000000000000000e+00
-2.901499999999999968e+00 1.000000000000000048e-04 1.439353832288634916e-03 1.000000000000000000e+00
-2.900749999999999940e+00 1.000000000000000048e-04 1.441611698483430144e-03 1.000000000000000000e+00
-2.899999999999999911e+00 1.000000000000000048e-04 1.443873089388639100e-03 1.000000000000000000e+00
-2.899249999999999883e+00 1.000000000000000048e-04 1.446138010452839790e-03 1.000000000000000000e+00
-2.898499999999999854e+00 1.000000000000000048e-04 1.448406467132860561e-03 1.000000000000000000e+00
-2.897749999999999826e+00 1.000000000000000048e-04 1.450678464893798104e-03 1.000000000000000000e+00
-2.896999999999999797e+00 1.000000000000000048e-04 1.452954009209025694e-03 1.000000000000000000e+00
-2.896249999999999769e+00 1.000000000000000048e-04 1.455233105560205329e-03 1.000000000000000000e+00
-2.895499999999999741e+00 1.000000000000000048e-04 1.457515759437302263e-03 1.000000000000000000e+00
-2.894750000000000156e+00 1.000000000000000048e-04 1.459801976338593243e-03 1.000000000000000000e+00
-2.894000000000000128e+00 1.000000000000000048e-04 1.462091761770685158e-03 1.000000000000000000e+00
-2.893250000000000099e+00 1.000000000000000048e-04 1.464385121248517642e-03 1.000000000000000000e+00
-2.892500000000000071e+00 1.000000000000000048e-04 1.466682060295382804e-03 1.000000000000000000e+00
-2.891750000000000043e+00 1.000000000000000048e-04 1.468982584442934556e-03 1.000000000000000000e+00
-2.891000000000000014e+00 1.000000000000000048e-04 1.471286699231200536e-03 1.000000000000000000e+00
-2.890249999999999986e+00 1.000000000000000048e-04 1.473594410208594685e-03 1.000000000000000000e+00
-2.889499999999999957e+00 1.000000000000000048e-04 1.475905722931928525e-03 1.000000000000000000e+00
-2.888749999999999929e+00 1.000000000000000048e-04 1.478220642966425902e-03 1.000000000000000000e+00
-2.887999999999999901e+00 1.000000000000000048e-04 1.480539175885732528e-03 1.000000000000000000e+00
-2.887249999999999872e+00 1.000000000000000048e-04 1.482861327271927905e-03 1.000000000000000000e+00
-2.886499999999999844e+00 1.000000000000000048e-04 1.485187102715540292e-03 1.000000000000000000e+00
-2.885749999999999815e+00 1.000000000000000048e-04 1.487516507815556241e-03 1.000000000000000000e+00
-2.884999999999999787e+00 1.000000000000000048e-04 1.489849548179434909e-03 1.000000000000000000e+00
-2.884249999999999758e+00 1.000000000000000048e-04 1.492186229423117386e-03 1.000000000000000000e+00
-2.883500000000000174e+00 1.000000000000000048e-04 1.494526557171041870e-03 1.000000000000000000e+00
-2.882750000000000146e+00 1.000000000000000048e-04 1.496870537056157113e-03 1.000000000000000000e+00
-2.882000000000000117e+00 1.000000000000000048e-04 1.499218174719929575e-03 1.000000000000000000e+00
-2.881250000000000089e+00 1.000000000000000048e-04 1.501569475812360339e-03 1.000000000000000000e+00
-2.880500000000000060e+00 1.000000000000000048e-04 1.503924445991994220e-03 1.000000000000000000e+00
-2.879750000000000032e+00 1.000000000000000048e-04 1.506283090925935155e-03 1.000000000000000000e+00
-2.879000000000000004e+00 1.000000000000000048e-04 1.508645416289856617e-03 1.000000000000000000e+00
-2.878249999999999975e+00 1.000000000000000048e-04 1.511011427768015275e-03 1.000000000000000000e+00
-2.877499999999999947e+00 1.000000000000000048e-04 1.513381131053260749e-03 1.000000000000000000e+00
-2.876749999999999918e+00 1.000000000000000048e-04 1.515754531847052526e-03 1.000000000000000000e+00
-2.875999999999999890e+00 1.000000000000000048e-04 1.518131635859467981e-03 1.000000000000000000e+00
-2.875249999999999861e+00 1.000000000000000048e-04 1.520512448809216910e-03 1.000000000000000000e+00
-2.874499999999999833e+00 1.000000000000000048e-04 1.522896976423654099e-03 1.000000000000000000e+00
-2.873749999999999805e+00 1.000000000000000048e-04 1.525285224438791042e-03 1.000000000000000000e+00
-2.872999999999999776e+00 1.000000000000000048e-04 1.527677198599309378e-03 1.000000000000000000e+00
-2.872249999999999748e+00 1.000000000000000048e-04 1.530072904658572389e-03 1.000000000000000000e+00
-2.871500000000000163e+00 1.000000000000000048e-04 1.532472348378636487e-03 1.000000000000000000e+00
-2.870750000000000135e+00 1.000000000000000048e-04 1.534875535530269867e-03 1.000000000000000000e+00
-2.870000000000000107e+00 1.000000000000000048e-04 1.537282471892955976e-03 1.000000000000000000e+00
-2.869250000000000078e+00 1.000000000000000048e-04 1.539693163254912374e-03 1.000000000000000000e+00
-2.868500000000000050e+00 1.000000000000000048e-04 1.542107615413100714e-03 1.000000000000000000e+00
-2.867750000000000021e+00 1.000000000000000048e-04 1.544525834173240833e-03 1.000000000000000000e+00
-2.866999999999999993e+00 1.000000000000000048e-04 1.546947825349822246e-03 1.000000000000000000e+00
-2.866249999999999964e+00 1.000000000000000048e-04 1.549373594766118240e-03 1.000000000000000000e+00
-2.865499999999999936e+00 1.000000000000000048e-04 1.551803148254195849e-03 1.000000000000000000e+00
-2.864749999999999908e+00 1.000000000000000048e-04 1.554236491654931900e-03 1.000000000000000000e+00
-2.863999999999999879e+00 1.000000000000000048e-04 1.556673630818023422e-03 1.000000000000000000e+00
-2.863249999999999851e+00 1.000000000000000048e-04 1.559114571602000874e-03 1.000000000000000000e+00
-2.862499999999999822e+00 1.000000000000000048e-04 1.561559319874240284e-03 1.000000000000000000e+00
-2.861749999999999794e+00 1.000000000000000048e-04 1.564007881510978215e-03 1.000000000000000000e+00
-2.860999999999999766e+00 1.000000000000000048e-04 1.566460262397321524e-03 1.000000000000000000e+00
-2.860249999999999737e+00 1.000000000000000048e-04 1.568916468427262968e-03 1.000000000000000000e+00
-2.859500000000000153e+00 1.000000000000000048e-04 1.571376505503688801e-03 1.000000000000000000e+00
-2.858750000000000124e+00 1.000000000000000048e-04 1.573840379538402187e-03 1.000000000000000000e+00
-2.858000000000000096e+00 1.000000000000000048e-04 1.576308096452124505e-03 1.000000000000000000e+00
-2.857250000000000068e+00 1.000000000000000048e-04 1.578779662174513345e-03 1.000000000000000000e+00
-2.856500000000000039e+00 1.000000000000000048e-04 1.581255082644175518e-03 1.000000000000000000e+00
-2.855750000000000011e+00 1.000000000000000048e-04 1.583734363808677898e-03 1.000000000000000000e+00
-2.854999999999999982e+00 1.000000000000000048e-04 1.586217511624564988e-03 1.000000000000000000e+00
-2.854249999999999954e+00 1.000000000000000048e-04 1.588704532057365424e-03 1.000000000000000000e+00
-2.853499999999999925e+00 1.000000000000000048e-04 1.591195431081610188e-03 1.000000000000000000e+00
-2.852749999999999897e+00 1.000000000000000048e-04 1.593690214680841717e-03 1.000000000000000000e+00
-2.851999999999999869e+00 1.000000000000000048e-04 1.596188888847630384e-03 1.000000000000000000e+00
-2.851249999999999840e+00 1.000000000000000048e-04 1.598691459583582736e-03 1.000000000000000000e+00
-2.850499999999999812e+00 1.000000000000000048e-04 1.601197932899361010e-03 1.000000000000000000e+00
-2.849749999999999783e+00 1.000000000000000048e-04 1.603708314814689638e-03 1.000000000000000000e+00
-2.848999999999999755e+00 1.000000000000000048e-04 1.606222611358373246e-03 1.000000000000000000e+00
-2.848250000000000171e+00 1.000000000000000048e-04 1.608740828568304675e-03 1.000000000000000000e+00
-2.847500000000000142e+00 1.000000000000000048e-04 1.611262972491485368e-03 1.000000000000000000e+00
-2.846750000000000114e+00 1.000000000000000048e-04 1.613789049184030351e-03 1.000000000000000000e+00
-2.846000000000000085e+00 1.000000000000000048e-04 1.616319064711187539e-03 1.000000000000000000e+00
-2.845250000000000057e+00 1.000000000000000048e-04 1.618853025147344452e-03 1.000000000000000000e+00
-2.844500000000000028e+00 1.000000000000000048e-04 1.621390936576048818e-03 1.000000000000000000e+00
-2.843750000000000000e+00 1.000000000000000048e-04 1.623932805090017245e-03 1.000000000000000000e+00
-2.842999999999999972e+00 1.000000000000000048e-04 1.626478636791148669e-03 1.000000000000000000e+00
-2.842249999999999943e+00 1.000000000000000048e-04 1.629028437790538226e-03 1.000000000000000000e+00
-2.841499999999999915e+00 1.000000000000000048e-04 1.631582214208489832e-03 1.000000000000000000e+00
-2.840749999999999886e+00 1.000000000000000048e-04 1.634139972174530929e-03 1.000000000000000000e+00
-2.839999999999999858e+00 1.000000000000000048e-04 1.636701717827423325e-03 1.000000000000000000e+00
-2.839249999999999829e+00 1.000000000000000048e-04 1.639267457315179673e-03 1.000000000000000000e+00
-2.838499999999999801e+00 1.000000000000000048e-04 1.641837196795071716e-03 1.000000000000000000e+00
-2.837749999999999773e+00 1.000000000000000048e-04 1.644410942433649579e-03 1.000000000000000000e+00
-2.836999999999999744e+00 1.000000000000000048e-04 1.646988700406749797e-03 1.000000000000000000e+00
-2.836250000000000160e+00 1.000000000000000048e-04 1.649570476899512011e-03 1.000000000000000000e+00
-2.835500000000000131e+00 1.000000000000000048e-04 1.652156278106392626e-03 1.000000000000000000e+00
-2.834750000000000103e+00 1.000000000000000048e-04 1.654746110231174357e-03 1.000000000000000000e+00
-2.834000000000000075e+00 1.000000000000000048e-04 1.657339979486983569e-03 1.000000000000000000e+00
-2.833250000000000046e+00 1.000000000000000048e-04 1.659937892096299827e-03 1.000000000000000000e+00
-2.832500000000000018e+00 1.000000000000000048e-04 1.662539854290973670e-03 1.000000000000000000e+00
-2.831749999999999989e+00 1.000000000000000048e-04 1.665145872312238104e-03 1.000000000000000000e+00
-2.830999999999999961e+00 1.000000000000000048e-04 1.667755952410718799e-03 1.000000000000000000e+00
-2.830249999999999932e+00 1.000000000000000048e-04 1.670370100846453598e-03 1.000000000000000000e+00
-2.829499999999999904e+00 1.000000000000000048e-04 1.672988323888901629e-03 1.000000000000000000e+00
-2.828749999999999876e+00 1.000000000000000048e-04 1.675610627816958263e-03 1.000000000000000000e+00
-2.827999999999999847e+00 1.000000000000000048e-04 1.678237018918967913e-03 1.000000000000000000e+00
-2.827249999999999819e+00 1.000000000000000048e-04 1.680867503492738989e-03 1.000000000000000000e+00
-2.826499999999999790e+00 1.000000000000000048e-04 1.683502087845554097e-03 1.000000000000000000e+00
-2.825749999999999762e+00 1.000000000000000048e-04 1.686140778294189548e-03 1.000000000000000000e+00
-2.824999999999999734e+00 1.000000000000000048e-04 1.688783581164921216e-03 1.000000000000000000e+00
-2.824250000000000149e+00 1.000000000000000048e-04 1.691430502793544489e-03 1.000000000000000000e+00
-2.823500000000000121e+00 1.000000000000000048e-04 1.694081549525387493e-03 1.000000000000000000e+00
-2.822750000000000092e+00 1.000000000000000048e-04 1.696736727715318681e-03 1.000000000000000000e+00
-2.822000000000000064e+00 1.000000000000000048e-04 1.699396043727767220e-03 1.000000000000000000e+00
-2.821250000000000036e+00 1.000000000000000048e-04 1.702059503936733829e-03 1.000000000000000000e+00
-2.820500000000000007e+00 1.000000000000000048e-04 1.704727114725802491e-03 1.000000000000000000e+00
-2.819749999999999979e+00 1.000000000000000048e-04 1.707398882488158666e-03 1.000000000000000000e+00
-2.818999999999999950e+00 1.000000000000000048e-04 1.710074813626598833e-03 1.000000000000000000e+00
-2.818249999999999922e+00 1.000000000000000048e-04 1.712754914553546535e-03 1.000000000000000000e+00
-2.817499999999999893e+00 1.000000000000000048e-04 1.715439191691066909e-03 1.000000000000000000e+00
-2.816749999999999865e+00 1.000000000000000048e-04 1.718127651470876226e-03 1.000000000000000000e+00
-2.815999999999999837e+00 1.000000000000000048e-04 1.720820300334360321e-03 1.000000000000000000e+00
-2.815249999999999808e+00 1.000000000000000048e-04 1.723517144732586740e-03 1.000000000000000000e+00
-2.814499999999999780e+00 1.000000000000000048e-04 1.726218191126316880e-03 1.000000000000000000e+00
-2.813749999999999751e+00 1.000000000000000048e-04 1.728923445986022467e-03 1.000000000000000000e+00
-2.813000000000000167e+00 1.000000000000000048e-04 1.731632915791896403e-03 1.000000000000000000e+00
-2.812250000000000139e+00 1.000000000000000048e-04 1.734346607033872278e-03 1.000000000000000000e+00
-2.811500000000000110e+00 1.000000000000000048e-04 1.737064526211630445e-03 1.000000000000000000e+00
-2.810750000000000082e+00 1.000000000000000048e-04 1.739786679834616663e-03 1.000000000000000000e+00
-2.810000000000000053e+00 1.000000000000000048e-04 1.742513074422056630e-03 1.000000000000000000e+00
-2.809250000000000025e+00 1.000000000000000048e-04 1.745243716502966388e-03 1.000000000000000000e+00
-2.808499999999999996e+00 1.000000000000000048e-04 1.747978612616169890e-03 1.000000000000000000e+00
-2.807749999999999968e+00 1.000000000000000048e-04 1.750717769310310059e-03 1.000000000000000000e+00
-2.806999999999999940e+00 1.000000000000000048e-04 1.753461193143865263e-03 1.000000000000000000e+00
-2.806249999999999911e+00 1.000000000000000048e-04 1.756208890685161681e-03 1.000000000000000000e+00
-2.805499999999999883e+00 1.000000000000000048e-04 1.758960868512387827e-03 1.000000000000000000e+00
-2.804749999999999854e+00 1.000000000000000048e-04 1.761717133213606696e-03 1.000000000000000000e+00
-2.803999999999999826e+00 1.000000000000000048e-04 1.764477691386775061e-03 1.000000000000000000e+00
-2.803249999999999797e+00 1.000000000000000048e-04 1.767242549639751713e-03 1.000000000000000000e+00
-2.802499999999999769e+00 1.000000000000000048e-04 1.770011714590313291e-03 1.000000000000000000e+00
-2.801749999999999741e+00 1.000000000000000048e-04 1.772785192866172064e-03 1.000000000000000000e+00
-2.801000000000000156e+00 1.000000000000000048e-04 1.775562991104982216e-03 1.000000000000000000e+00
-2.800250000000000128e+00 1.000000000000000048e-04 1.778345115954363918e-03 1.000000000000000000e+00
-2.799500000000000099e+00 1.000000000000000048e-04 1.781131574071909401e-03 1.000000000000000000e+00
-2.798750000000000071e+00 1.000000000000000048e-04 1.783922372125200731e-03 1.000000000000000000e+00
-2.798000000000000043e+00 1.000000000000000048e-04 1.786717516791822393e-03 1.000000000000000000e+00
-2.797250000000000014e+00 1.000000000000000048e-04 1.789517014759376464e-03 1.000000000000000000e+00
-2.796499999999999986e+00 1.000000000000000048e-04 1.792320872725498447e-03 1.000000000000000000e+00
-2.795749999999999957e+00 1.000000000000000048e-04 1.795129097397867675e-03 1.000000000000000000e+00
-2.794999999999999929e+00 1.000000000000000048e-04 1.797941695494225311e-03 1.000000000000000000e+00
-2.794249999999999901e+00 1.000000000000000048e-04 1.800758673742386060e-03 1.000000000000000000e+00
-2.793499999999999872e+00 1.000000000000000048e-04 1.803580038880253558e-03 1.000000000000000000e+00
-2.792749999999999844e+00 1.000000000000000048e-04 1.806405797655834906e-03 1.000000000000000000e+00
-2.791999999999999815e+00 1.000000000000000048e-04 1.809235956827254981e-03 1.000000000000000000e+00
-2.791249999999999787e+00 1.000000000000000048e-04 1.812070523162768142e-03 1.000000000000000000e+00
-2.790499999999999758e+00 1.000000000000000048e-04 1.814909503440777748e-03 1.000000000000000000e+00
-2.789750000000000174e+00 1.000000000000000048e-04 1.817752904449844616e-03 1.000000000000000000e+00
-2.789000000000000146e+00 1.000000000000000048e-04 1.820600732988708701e-03 1.000000000000000000e+00
-2.788250000000000117e+00 1.000000000000000048e-04 1.823452995866296908e-03 1.000000000000000000e+00
-2.787500000000000089e+00 1.000000000000000048e-04 1.826309699901738481e-03 1.000000000000000000e+00
-2.786750000000000060e+00 1.000000000000000048e-04 1.829170851924382356e-03 1.000000000000000000e+00
-2.786000000000000032e+00 1.000000000000000048e-04 1.832036458773809735e-03 1.000000000000000000e+00
-2.785250000000000004e+00 1.000000000000000048e-04 1.834906527299849264e-03 1.000000000000000000e+00
-2.784499999999999975e+00 1.000000000000000048e-04 1.837781064362591999e-03 1.000000000000000000e+00
-2.783749999999999947e+00 1.000000000000000048e-04 1.840660076832402675e-03 1.000000000000000000e+00
-2.782999999999999918e+00 1.000000000000000048e-04 1.843543571589939447e-03 1.000000000000000000e+00
-2.782249999999999890e+00 1.000000000000000048e-04 1.846431555526163639e-03 1.000000000000000000e+00
-2.781499999999999861e+00 1.000000000000000048e-04 1.849324035542358399e-03 1.000000000000000000e+00
-2.780749999999999833e+00 1.000000000000000048e-04 1.852221018550139972e-03 1.000000000000000000e+00
-2.779999999999999805e+00 1.000000000000000048e-04 1.855122511471473529e-03 1.000000000000000000e+00
-2.779249999999999776e+00 1.000000000000000048e-04 1.858028521238688563e-03 1.000000000000000000e+00
-2.778499999999999748e+00 1.000000000000000048e-04 1.860939054794492550e-03 1.000000000000000000e+00
-2.777750000000000163e+00 1.000000000000000048e-04 1.863854119091984396e-03 1.000000000000000000e+00
-2.777000000000000135e+00 1.000000000000000048e-04 1.866773721094674597e-03 1.000000000000000000e+00
-2.776250000000000107e+00 1.000000000000000048e-04 1.869697867776493917e-03 1.000000000000000000e+00
-2.775500000000000078e+00 1.000000000000000048e-04 1.872626566121808785e-03 1.000000000000000000e+00
-2.774750000000000050e+00 1.000000000000000048e-04 1.875559823125438202e-03 1.000000000000000000e+00
-2.774000000000000021e+00 1.000000000000000048e-04 1.878497645792668929e-03 1.000000000000000000e+00
-2.773249999999999993e+00 1.000000000000000048e-04 1.881440041139267839e-03 1.000000000000000000e+00
-2.772499999999999964e+00 1.000000000000000048e-04 1.884387016191498400e-03 1.000000000000000000e+00
-2.771749999999999936e+00 1.000000000000000048e-04 1.887338577986134988e-03 1.000000000000000000e+00
-2.770999999999999908e+00 1.000000000000000048e-04 1.890294733570477195e-03 1.000000000000000000e+00
-2.770249999999999879e+00 1.000000000000000048e-04 1.893255490002365878e-03 1.000000000000000000e+00
-2.769499999999999851e+00 1.000000000000000048e-04 1.896220854350197903e-03 1.000000000000000000e+00
-2.768749999999999822e+00 1.000000000000000048e-04 1.899190833692939156e-03 1.000000000000000000e+00
-2.767999999999999794e+00 1.000000000000000048e-04 1.902165435120141673e-03 1.000000000000000000e+00
-2.767249999999999766e+00 1.000000000000000048e-04 1.905144665731956649e-03 1.000000000000000000e+00
-2.766499999999999737e+00 1.000000000000000048e-04 1.908128532639151356e-03 1.000000000000000000e+00
-2.765750000000000153e+00 1.000000000000000048e-04 1.911117042963120845e-03 1.000000000000000000e+00
-2.765000000000000124e+00 1.000000000000000048e-04 1.914110203835911158e-03 1.000000000000000000e+00
-2.764250000000000096e+00 1.000000000000000048e-04 1.917108022400222786e-03 1.000000000000000000e+00
-2.763500000000000068e+00 1.000000000000000048e-04 1.920110505809431928e-03 1.000000000000000000e+00
-2.762750000000000039e+00 1.000000000000000048e-04 1.923117661227605668e-03 1.000000000000000000e+00
-2.762000000000000011e+00 1.000000000000000048e-04 1.926129495829516716e-03 1.000000000000000000e+00
-2.761249999999999982e+00 1.000000000000000048e-04 1.929146016800656858e-03 1.000000000000000000e+00
-2.760499999999999954e+00 1.000000000000000048e-04 1.932167231337254517e-03 1.000000000000000000e+00
-2.759749999999999925e+00 1.000000000000000048e-04 1.935193146646285592e-03 1.000000000000000000e+00
-2.758999999999999897e+00 1.000000000000000048e-04 1.938223769945494066e-03 1.000000000000000000e+00
-2.758249999999999869e+00 1.000000000000000048e-04 1.941259108463404574e-03 1.000000000000000000e+00
-2.757499999999999840e+00 1.000000000000000048e-04 1.944299169439336721e-03 1.000000000000000000e+00
-2.756749999999999812e+00 1.000000000000000048e-04 1.947343960123419388e-03 1.000000000000000000e+00
-2.755999999999999783e+00 1.000000000000000048e-04 1.950393487776610037e-03 1.000000000000000000e+00
-2.755249999999999755e+00 1.000000000000000048e-04 1.953447759670706631e-03 1.000000000000000000e+00
-2.754500000000000171e+00 1.000000000000000048e-04 1.956506783088361734e-03 1.000000000000000000e+00
-2.753750000000000142e+00 1.000000000000000048e-04 1.959570565323103322e-03 1.000000000000000000e+00
-2.753000000000000114e+00 1.000000000000000048e-04 1.962639113679344113e-03 1.000000000000000000e+00
-2.752250000000000085e+00 1.000000000000000048e-04 1.965712435472400429e-03 1.000000000000000000e+00
-2.751500000000000057e+00 1.000000000000000048e-04 1.968790538028502169e-03 1.000000000000000000e+00
-2.750750000000000028e+00 1.000000000000000048e-04 1.971873428684817967e-03 1.000000000000000000e+00
-2.750000000000000000e+00 1.000000000000000048e-04 1.974961114789460393e-03 1.000000000000000000e+00
-2.749249999999999972e+00 1.000000000000000048e-04 1.978053603701508505e-03 1.000000000000000000e+00
-2.748499999999999943e+00 1.000000000000000048e-04 1.981150902791016521e-03 1.000000000000000000e+00
-2.747749999999999915e+00 1.000000000000000048e-04 1.984253019439038111e-03 1.000000000000000000e+00
-2.746999999999999886e+00 1.000000000000000048e-04 1.987359961037632895e-03 1.000000000000000000e+00
-2.746249999999999858e+00 1.000000000000000048e-04 1.990471734989886828e-03 1.000000000000000000e+00
-2.745499999999999829e+00 1.000000000000000048e-04 1.993588348709926950e-03 1.000000000000000000e+00
-2.744749999999999801e+00 1.000000000000000048e-04 1.996709809622934824e-03 1.000000000000000000e+00
-2.743999999999999773e+00 1.000000000000000048e-04 1.999836125165166921e-03 1.000000000000000000e+00
-2.743249999999999744e+00 1.000000000000000048e-04 2.002967302783962861e-03 1.000000000000000000e+00
-2.742500000000000160e+00 1.000000000000000048e-04 2.006103349937766230e-03 1.000000000000000000e+00
-2.741750000000000131e+00 1.000000000000000048e-04 2.009244274096142358e-03 1.000000000000000000e+00
-2.741000000000000103e+00 1.000000000000000048e-04 2.012390082739785695e-03 1.000000000000000000e+00
-2.740250000000000075e+00 1.000000000000000048e-04 2.015540783360541058e-03 1.000000000000000000e+00
-2.739500000000000046e+00 1.000000000000000048e-04 2.018696383461419247e-03 1.000000000000000000e+00
-2.738750000000000018e+00 1.000000000000000048e-04 2.021856890556610054e-03 1.000000000000000000e+00
-2.737999999999999989e+00 1.000000000000000048e-04 2.025022312171500041e-03 1.000000000000000000e+00
-2.737249999999999961e+00 1.000000000000000048e-04 2.028192655842689460e-03 1.000000000000000000e+00
-2.736499999999999932e+00 1.000000000000000048e-04 2.031367929118003089e-03 1.000000000000000000e+00
-2.735749999999999904e+00 1.000000000000000048e-04 2.034548139556510184e-03 1.000000000000000000e+00
-2.734999999999999876e+00 1.000000000000000048e-04 2.037733294728539656e-03 1.000000000000000000e+00
-2.734249999999999847e+00 1.000000000000000048e-04 2.040923402215691785e-03 1.000000000000000000e+00
-2.733499999999999819e+00 1.000000000000000048e-04 2.044118469610862500e-03 1.000000000000000000e+00
-2.732749999999999790e+00 1.000000000000000048e-04 2.047318504518248587e-03 1.000000000000000000e+00
-2.731999999999999762e+00 1.000000000000000048e-04 2.050523514553371542e-03 1.000000000000000000e+00
-2.731249999999999734e+00 1.000000000000000048e-04 2.053733507343090143e-03 1.000000000000000000e+00
-2.730500000000000149e+00 1.000000000000000048e-04 2.056948490525614768e-03 1.000000000000000000e+00
-2.729750000000000121e+00 1.000000000000000048e-04 2.060168471750527773e-03 1.000000000000000000e+00
-2.729000000000000092e+00 1.000000000000000048e-04 2.063393458678797372e-03 1.000000000000000000e+00
-2.728250000000000064e+00 1.000000000000000048e-04 2.066623458982787612e-03 1.000000000000000000e+00
-2.727500000000000036e+00 1.000000000000000048e-04 2.069858480346286559e-03 1.000000000000000000e+00
-2.726750000000000007e+00 1.000000000000000048e-04 2.073098530464508472e-03 1.000000000000000000e+00
-2.725999999999999979e+00 1.000000000000000048e-04 2.076343617044119384e-03 1.000000000000000000e+00
-2.725249999999999950e+00 1.000000000000000048e-04 2.079593747803251853e-03 1.000000000000000000e+00
-2.724499999999999922e+00 1.000000000000000048e-04 2.082848930471515366e-03 1.000000000000000000e+00
-2.723749999999999893e+00 1.000000000000000048e-04 2.086109172790019325e-03 1.000000000000000000e+00
-2.722999999999999865e+00 1.000000000000000048e-04 2.089374482511382591e-03 1.000000000000000000e+00
-2.722249999999999837e+00 1.000000000000000048e-04 2.092644867399756897e-03 1.000000000000000000e+00
-2.721499999999999808e+00 1.000000000000000048e-04 2.095920335230835093e-03 1.000000000000000000e+00
-2.720749999999999780e+00 1.000000000000000048e-04 2.099200893791872396e-03 1.000000000000000000e+00
-2.719999999999999751e+00 1.000000000000000048e-04 2.102486550881700264e-03 1.000000000000000000e+00
-2.719250000000000167e+00 1.000000000000000048e-04 2.105777314310742013e-03 1.000000000000000000e+00
-2.718500000000000139e+00 1.000000000000000048e-04 2.109073191901034931e-03 1.000000000000000000e+00
-2.717750000000000110e+00 1.000000000000000048e-04 2.112374191486236352e-03 1.000000000000000000e+00
-2.717000000000000082e+00 1.000000000000000048e-04 2.115680320911647507e-03 1.000000000000000000e+00
-2.716250000000000053e+00 1.000000000000000048e-04 2.118991588034226971e-03 1.000000000000000000e+00
-2.715500000000000025e+00 1.000000000000000048e-04 2.122308000722604102e-03 1.000000000000000000e+00
-2.714749999999999996e+00 1.000000000000000048e-04 2.125629566857102030e-03 1.000000000000000000e+00
-2.713999999999999968e+00 1.000000000000000048e-04 2.128956294329749799e-03 1.000000000000000000e+00
-2.713249999999999940e+00 1.000000000000000048e-04 2.132288191044296247e-03 1.000000000000000000e+00
-2.712499999999999911e+00 1.000000000000000048e-04 2.135625264916232550e-03 1.000000000000000000e+00
-2.711749999999999883e+00 1.000000000000000048e-04 2.138967523872801774e-03 1.000000000000000000e+00
-2.710999999999999854e+00 1.000000000000000048e-04 2.142314975853017948e-03 1.000000000000000000e+00
-2.710249999999999826e+00 1.000000000000000048e-04 2.145667628807687317e-03 1.000000000000000000e+00
-2.709499999999999797e+00 1.000000000000000048e-04 2.149025490699413982e-03 1.000000000000000000e+00
-2.708749999999999769e+00 1.000000000000000048e-04 2.152388569502628086e-03 1.000000000000000000e+00
-2.707999999999999741e+00 1.000000000000000048e-04 2.155756873203592324e-03 1.000000000000000000e+00
-2.707250000000000156e+00 1.000000000000000048e-04 2.159130409800421885e-03 1.000000000000000000e+00
-2.706500000000000128e+00 1.000000000000000048e-04 2.162509187303108312e-03 1.000000000000000000e+00
-2.705750000000000099e+00 1.000000000000000048e-04 2.165893213733523399e-03 1.000000000000000000e+00
-2.705000000000000071e+00 1.000000000000000048e-04 2.169282497125440447e-03 1.000000000000000000e+00
-2.704250000000000043e+00 1.000000000000000048e-04 2.172677045524555074e-03 1.000000000000000000e+00
-2.703500000000000014e+00 1.000000000000000048e-04 2.176076866988496498e-03 1.000000000000000000e+00
-2.702749999999999986e+00 1.000000000000000048e-04 2.179481969586847482e-03 1.000000000000000000e+00
-2.701999999999999957e+00 1.000000000000000048e-04 2.182892361401156910e-03 1.000000000000000000e+00
-2.701249999999999929e+00 1.000000000000000048e-04 2.186308050524959738e-03 1.000000000000000000e+00
-2.700499999999999901e+00 1.000000000000000048e-04 2.189729045063794344e-03 1.000000000000000000e+00
-2.699749999999999872e+00 1.000000000000000048e-04 2.193155353135213797e-03 1.000000000000000000e+00
-2.698999999999999844e+00 1.000000000000000048e-04 2.196586982868810149e-03 1.000000000000000000e+00
-2.698249999999999815e+00 1.000000000000000048e-04 2.200023942406221806e-03 1.000000000000000000e+00
-2.697499999999999787e+00 1.000000000000000048e-04 2.203466239901160847e-03 1.000000000000000000e+00
-2.696749999999999758e+00 1.000000000000000048e-04 2.206913883519419101e-03 1.000000000000000000e+00
-2.695999999999999730e+00 1.000000000000000048e-04 2.210366881438893729e-03 1.000000000000000000e+00
-2.695250000000000146e+00 1.000000000000000048e-04 2.213825241849595032e-03 1.000000000000000000e+00
-2.694500000000000117e+00 1.000000000000000048e-04 2.217288972953677245e-03 1.000000000000000000e+00
-2.693750000000000089e+00 1.000000000000000048e-04 2.220758082965435063e-03 1.000000000000000000e+00
-2.693000000000000060e+00 1.000000000000000048e-04 2.224232580111340941e-03 1.000000000000000000e+00
-2.692250000000000032e+00 1.000000000000000048e-04 2.227712472630047260e-03 1.000000000000000000e+00
-2.691500000000000004e+00 1.000000000000000048e-04 2.231197768772409749e-03 1.000000000000000000e+00
-2.690749999999999975e+00 1.000000000000000048e-04 2.234688476801502226e-03 1.000000000000000000e+00
-2.689999999999999947e+00 1.000000000000000048e-04 2.238184604992634816e-03 1.000000000000000000e+00
-2.689249999999999918e+00 1.000000000000000048e-04 2.241686161633370429e-03 1.000000000000000000e+00
-2.688499999999999890e+00 1.000000000000000048e-04 2.245193155023540374e-03 1.000000000000000000e+00
-2.687749999999999861e+00 1.000000000000000048e-04 2.248705593475265174e-03 1.000000000000000000e+00
-2.686999999999999833e+00 1.000000000000000048e-04 2.252223485312963239e-03 1.000000000000000000e+00
-2.686249999999999805e+00 1.000000000000000048e-04 2.255746838873378193e-03 1.000000000000000000e+00
-2.685499999999999776e+00 1.000000000000000048e-04 2.259275662505588408e-03 1.000000000000000000e+00
-2.684749999999999748e+00 1.000000000000000048e-04 2.262809964571023923e-03 1.000000000000000000e+00
-2.684000000000000163e+00 1.000000000000000048e-04 2.266349753443490291e-03 1.000000000000000000e+00
-2.683250000000000135e+00 1.000000000000000048e-04 2.269895037509181597e-03 1.000000000000000000e+00
-2.682500000000000107e+00 1.000000000000000048e-04 2.273445825166691726e-03 1.000000000000000000e+00
-2.681750000000000078e+00 1.000000000000000048e-04 2.277002124827041691e-03 1.000000000000000000e+00
-2.681000000000000050e+00 1.000000000000000048e-04 2.280563944913688735e-03 1.000000000000000000e+00
-2.680250000000000021e+00 1.000000000000000048e-04 2.284131293862548019e-03 1.000000000000000000e+00
-2.679499999999999993e+00 1.000000000000000048e-04 2.287704180122006933e-03 1.000000000000000000e+00
-2.678749999999999964e+00 1.000000000000000048e-04 2.291282612152943741e-03 1.000000000000000000e+00
-2.677999999999999936e+00 1.000000000000000048e-04 2.294866598428744933e-03 1.000000000000000000e+00
-2.677249999999999908e+00 1.000000000000000048e-04 2.298456147435322134e-03 1.000000000000000000e+00
-2.676499999999999879e+00 1.000000000000000048e-04 2.302051267671128588e-03 1.000000000000000000e+00
-2.675749999999999851e+00 1.000000000000000048e-04 2.305651967647176070e-03 1.000000000000000000e+00
-2.674999999999999822e+00 1.000000000000000048e-04 2.309258255887054832e-03 1.000000000000000000e+00
-2.674249999999999794e+00 1.000000000000000048e-04 2.312870140926945751e-03 1.000000000000000000e+00
-2.673499999999999766e+00 1.000000000000000048e-04 2.316487631315644613e-03 1.000000000000000000e+00
-2.672749999999999737e+00 1.000000000000000048e-04 2.320110735614571221e-03 1.000000000000000000e+00
-2.672000000000000153e+00 1.000000000000000048e-04 2.323739462397791510e-03 1.000000000000000000e+00
-2.671250000000000124e+00 1.000000000000000048e-04 2.327373820252042272e-03 1.000000000000000000e+00
-2.670500000000000096e+00 1.000000000000000048e-04 2.331013817776730716e-03 1.000000000000000000e+00
-2.669750000000000068e+00 1.000000000000000048e-04 2.334659463583963965e-03 1.000000000000000000e+00
-2.669000000000000039e+00 1.000000000000000048e-04 2.338310766298567264e-03 1.000000000000000000e+00
-2.668250000000000011e+00 1.000000000000000048e-04 2.341967734558096561e-03 1.000000000000000000e+00
-2.667499999999999982e+00 1.000000000000000048e-04 2.345630377012854987e-03 1.000000000000000000e+00
-2.666749999999999954e+00 1.000000000000000048e-04 2.349298702325918874e-03 1.000000000000000000e+00
-2.665999999999999925e+00 1.000000000000000048e-04 2.352972719173143830e-03 1.000000000000000000e+00
-2.665249999999999897e+00 1.000000000000000048e-04 2.356652436243189888e-03 1.000000000000000000e+00
-2.664499999999999869e+00 1.000000000000000048e-04 2.360337862237535823e-03 1.000000000000000000e+00
-2.663749999999999840e+00 1.000000000000000048e-04 2.364029005870501264e-03 1.000000000000000000e+00
-2.662999999999999812e+00 1.000000000000000048e-04 2.367725875869253205e-03 1.000000000000000000e+00
-2.662249999999999783e+00 1.000000000000000048e-04 2.371428480973840260e-03 1.000000000000000000e+00
-2.661499999999999755e+00 1.000000000000000048e-04 2.375136829937192235e-03 1.000000000000000000e+00
-2.660750000000000171e+00 1.000000000000000048e-04 2.378850931525151348e-03 1.000000000000000000e+00
-2.660000000000000142e+00 1.000000000000000048e-04 2.382570794516485242e-03 1.000000000000000000e+00
-2.659250000000000114e+00 1.000000000000000048e-04 2.386296427702901731e-03 1.000000000000000000e+00
-2.658500000000000085e+00 1.000000000000000048e-04 2.390027839889072216e-03 1.000000000000000000e+00
-2.657750000000000057e+00 1.000000000000000048e-04 2.393765039892641229e-03 1.000000000000000000e+00
-2.657000000000000028e+00 1.000000000000000048e-04 2.397508036544254185e-03 1.000000000000000000e+00
-2.656250000000000000e+00 1.000000000000000048e-04 2.401256838687566494e-03 1.000000000000000000e+00
-2.655499999999999972e+00 1.000000000000000048e-04 2.405011455179267409e-03 1.000000000000000000e+00
-2.654749999999999943e+00 1.000000000000000048e-04 2.408771894889092172e-03 1.000000000000000000e+00
-2.653999999999999915e+00 1.000000000000000048e-04 2.412538166699845429e-03 1.000000000000000000e+00
-2.653249999999999886e+00 1.000000000000000048e-04 2.416310279507415549e-03 1.000000000000000000e+00
-2.652499999999999858e+00 1.000000000000000048e-04 2.420088242220791094e-03 1.000000000000000000e+00
-2.651749999999999829e+00 1.000000000000000048e-04 2.423872063762084680e-03 1.000000000000000000e+00
-2.650999999999999801e+00 1.000000000000000048e-04 2.427661753066544248e-03 1.000000000000000000e+00
-2.650249999999999773e+00 1.000000000000000048e-04 2.431457319082573881e-03 1.000000000000000000e+00
-2.649499999999999744e+00 1.000000000000000048e-04 2.435258770771752453e-03 1.000000000000000000e+00
-2.648750000000000160e+00 1.000000000000000048e-04 2.439066117108847076e-03 1.000000000000000000e+00
-2.648000000000000131e+00 1.000000000000000048e-04 2.442879367081841717e-03 1.000000000000000000e+00
-2.647250000000000103e+00 1.000000000000000048e-04 2.446698529691942407e-03 1.000000000000000000e+00
-2.646500000000000075e+00 1.000000000000000048e-04 2.450523613953598055e-03 1.000000000000000000e+00
-2.645750000000000046e+00 1.000000000000000048e-04 2.454354628894529940e-03 1.000000000000000000e+00
-2.645000000000000018e+00 1.000000000000000048e-04 2.458191583555732144e-03 1.000000000000000000e+00
-2.644249999999999989e+00 1.000000000000000048e-04 2.462034486991502777e-03 1.000000000000000000e+00
-2.643499999999999961e+00 1.000000000000000048e-04 2.465883348269456554e-03 1.000000000000000000e+00
-2.642749999999999932e+00 1.000000000000000048e-04 2.469738176470543008e-03 1.000000000000000000e+00
-2.641999999999999904e+00 1.000000000000000048e-04 2.473598980689067743e-03 1.000000000000000000e+00
-2.641249999999999876e+00 1.000000000000000048e-04 2.477465770032704576e-03 1.000000000000000000e+00
-2.640499999999999847e+00 1.000000000000000048e-04 2.481338553622521991e-03 1.000000000000000000e+00
-2.639749999999999819e+00 1.000000000000000048e-04 2.485217340592991379e-03 1.000000000000000000e+00
-2.638999999999999790e+00 1.000000000000000048e-04 2.489102140092014359e-03 1.000000000000000000e+00
-2.638249999999999762e+00 1.000000000000000048e-04 2.492992961280935792e-03 1.000000000000000000e+00
-2.637499999999999734e+00 1.000000000000000048e-04 2.496889813334562426e-03 1.000000000000000000e+00
-2.636750000000000149e+00 1.000000000000000048e-04 2.500792705441180243e-03 1.000000000000000000e+00
-2.636000000000000121e+00 1.000000000000000048e-04 2.504701646802580915e-03 1.000000000000000000e+00
-2.635250000000000092e+00 1.000000000000000048e-04 2.508616646634066576e-03 1.000000000000000000e+00
-2.634500000000000064e+00 1.000000000000000048e-04 2.512537714164478006e-03 1.000000000000000000e+00
-2.633750000000000036e+00 1.000000000000000048e-04 2.516464858636209816e-03 1.000000000000000000e+00
-2.633000000000000007e+00 1.000000000000000048e-04 2.520398089305228660e-03 1.000000000000000000e+00
-2.632249999999999979e+00 1.000000000000000048e-04 2.524337415441091879e-03 1.000000000000000000e+00
-2.631499999999999950e+00 1.000000000000000048e-04 2.528282846326963557e-03 1.000000000000000000e+00
-2.630749999999999922e+00 1.000000000000000048e-04 2.532234391259640099e-03 1.000000000000000000e+00
-2.629999999999999893e+00 1.000000000000000048e-04 2.536192059549558907e-03 1.000000000000000000e+00
-2.629249999999999865e+00 1.000000000000000048e-04 2.540155860520824406e-03 1.000000000000000000e+00
-2.628499999999999837e+00 1.000000000000000048e-04 2.544125803511222347e-03 1.000000000000000000e+00
-2.627749999999999808e+00 1.000000000000000048e-04 2.548101897872239330e-03 1.000000000000000000e+00
-2.626999999999999780e+00 1.000000000000000048e-04 2.552084152969083183e-03 1.000000000000000000e+00
-2.626249999999999751e+00 1.000000000000000048e-04 2.556072578180698576e-03 1.000000000000000000e+00
-2.625500000000000167e+00 1.000000000000000048e-04 2.560067182899784365e-03 1.000000000000000000e+00
-2.624750000000000139e+00 1.000000000000000048e-04 2.564067976532820054e-03 1.000000000000000000e+00
-2.624000000000000110e+00 1.000000000000000048e-04 2.568074968500077063e-03 1.000000000000000000e+00
-2.623250000000000082e+00 1.000000000000000048e-04 2.572088168235634343e-03 1.000000000000000000e+00
-2.622500000000000053e+00 1.000000000000000048e-04 2.576107585187405700e-03 1.000000000000000000e+00
-2.621750000000000025e+00 1.000000000000000048e-04 2.580133228817156274e-03 1.000000000000000000e+00
-2.620999999999999996e+00 1.000000000000000048e-04 2.584165108600514245e-03 1.000000000000000000e+00
-2.620249999999999968e+00 1.000000000000000048e-04 2.588203234026996858e-03 1.000000000000000000e+00
-2.619499999999999940e+00 1.000000000000000048e-04 2.592247614600030371e-03 1.000000000000000000e+00
-2.618749999999999911e+00 1.000000000000000048e-04 2.596298259836957428e-03 1.000000000000000000e+00
-2.617999999999999883e+00 1.000000000000000048e-04 2.600355179269071750e-03 1.000000000000000000e+00
-2.617249999999999854e+00 1.000000000000000048e-04 2.604418382441621611e-03 1.000000000000000000e+00
-2.616499999999999826e+00 1.000000000000000048e-04 2.608487878913841925e-03 1.000000000000000000e+00
-2.615749999999999797e+00 1.000000000000000048e-04 2.612563678258962054e-03 1.000000000000000000e+00
-2.614999999999999769e+00 1.000000000000000048e-04 2.616645790064229225e-03 1.000000000000000000e+00
-2.614249999999999741e+00 1.000000000000000048e-04 2.620734223930932388e-03 1.000000000000000000e+00
-2.613500000000000156e+00 1.000000000000000048e-04 2.624828989474407848e-03 1.000000000000000000e+00
-2.612750000000000128e+00 1.000000000000000048e-04 2.628930096324074827e-03 1.000000000000000000e+00
-2.612000000000000099e+00 1.000000000000000048e-04 2.633037554123442842e-03 1.000000000000000000e+00
-2.611250000000000071e+00 1.000000000000000048e-04 2.637151372530131214e-03 1.000000000000000000e+00
-2.610500000000000043e+00 1.000000000000000048e-04 2.641271561215889890e-03 1.000000000000000000e+00
-2.609750000000000014e+00 1.000000000000000048e-04 2.645398129866624159e-03 1.000000000000000000e+00
-2.608999999999999986e+00 1.000000000000000048e-04 2.649531088182402894e-03 1.000000000000000000e+00
-2.608249999999999957e+00 1.000000000000000048e-04 2.653670445877485441e-03 1.000000000000000000e+00
-2.607499999999999929e+00 1.000000000000000048e-04 2.657816212680337662e-03 1.000000000000000000e+00
-2.606749999999999901e+00 1.000000000000000048e-04 2.661968398333652754e-03 1.000000000000000000e+00
-2.605999999999999872e+00 1.000000000000000048e-04 2.666127012594364260e-03 1.000000000000000000e+00
-2.605249999999999844e+00 1.000000000000000048e-04 2.670292065233675124e-03 1.000000000000000000e+00
-2.604499999999999815e+00 1.000000000000000048e-04 2.674463566037067232e-03 1.000000000000000000e+00
-2.603749999999999787e+00 1.000000000000000048e-04 2.678641524804328301e-03 1.000000000000000000e+00
-2.602999999999999758e+00 1.000000000000000048e-04 2.682825951349566192e-03 1.000000000000000000e+00
-2.602249999999999730e+00 1.000000000000000048e-04 2.687016855501225387e-03 1.000000000000000000e+00
-2.601500000000000146e+00 1.000000000000000048e-04 2.691214247102114744e-03 1.000000000000000000e+00
-2.600750000000000117e+00 1.000000000000000048e-04 2.695418136009422247e-03 1.000000000000000000e+00
-2.600000000000000089e+00 1.000000000000000048e-04 2.699628532094731047e-03 1.000000000000000000e+00
-2.599250000000000060e+00 1.000000000000000048e-04 2.703845445244041582e-03 1.000000000000000000e+00
-2.598500000000000032e+00 1.000000000000000048e-04 2.708068885357791094e-03 1.000000000000000000e+00
-2.597750000000000004e+00 1.000000000000000048e-04 2.712298862350871840e-03 1.000000000000000000e+00
-2.596999999999999975e+00 1.000000000000000048e-04 2.716535386152654080e-03 1.000000000000000000e+00
-2.596249999999999947e+00 1.000000000000000048e-04 2.720778466706997353e-03 1.000000000000000000e+00
-2.595499999999999918e+00 1.000000000000000048e-04 2.725028113972278229e-03 1.000000000000000000e+00
-2.594749999999999890e+00 1.000000000000000048e-04 2.729284337921406792e-03 1.000000000000000000e+00
-2.593999999999999861e+00 1.000000000000000048e-04 2.733547148541840954e-03 1.000000000000000000e+00
-2.593249999999999833e+00 1.000000000000000048e-04 2.737816555835615503e-03 1.000000000000000000e+00
-2.592499999999999805e+00 1.000000000000000048e-04 2.742092569819350786e-03 1.000000000000000000e+00
-2.591749999999999776e+00 1.000000000000000048e-04 2.746375200524282627e-03 1.000000000000000000e+00
-2.590999999999999748e+00 1.000000000000000048e-04 2.750664457996273172e-03 1.000000000000000000e+00
-2.590250000000000163e+00 1.000000000000000048e-04 2.754960352295831270e-03 1.000000000000000000e+00
-2.589500000000000135e+00 1.000000000000000048e-04 2.759262893498143701e-03 1.000000000000000000e+00
-2.588750000000000107e+00 1.000000000000000048e-04 2.763572091693078207e-03 1.000000000000000000e+00
-2.588000000000000078e+00 1.000000000000000048e-04 2.767887956985210819e-03 1.000000000000000000e+00
-2.587250000000000050e+00 1.000000000000000048e-04 2.772210499493844068e-03 1.000000000000000000e+00
-2.586500000000000021e+00 1.000000000000000048e-04 2.776539729353031272e-03 1.000000000000000000e+00
-2.585749999999999993e+00 1.000000000000000048e-04 2.780875656711587381e-03 1.000000000000000000e+00
-2.584999999999999964e+00 1.000000000000000048e-04 2.785218291733116292e-03 1.000000000000000000e+00
-2.584249999999999936e+00 1.000000000000000048e-04 2.789567644596027338e-03 1.000000000000000000e+00
-2.583499999999999908e+00 1.000000000000000048e-04 2.793923725493553060e-03 1.000000000000000000e+00
-2.582749999999999879e+00 1.000000000000000048e-04 2.798286544633770464e-03 1.000000000000000000e+00
-2.581999999999999851e+00 1.000000000000000048e-04 2.802656112239624003e-03 1.000000000000000000e+00
-2.581249999999999822e+00 1.000000000000000048e-04 2.807032438548940755e-03 1.000000000000000000e+00
-2.580499999999999794e+00 1.000000000000000048e-04 2.811415533814450810e-03 1.000000000000000000e+00
-2.579749999999999766e+00 1.000000000000000048e-04 2.815805408303807215e-03 1.000000000000000000e+00
-2.578999999999999737e+00 1.000000000000000048e-04 2.820202072299609394e-03 1.000000000000000000e+00
-2.578250000000000153e+00 1.000000000000000048e-04 2.824605536099415292e-03 1.000000000000000000e+00
-2.577500000000000124e+00 1.000000000000000048e-04 2.829015810015771733e-03 1.000000000000000000e+00
-2.576750000000000096e+00 1.000000000000000048e-04 2.833432904376222226e-03 1.000000000000000000e+00
-2.576000000000000068e+00 1.000000000000000048e-04 2.837856829523337752e-03 1.000000000000000000e+00
-2.575250000000000039e+00 1.000000000000000048e-04 2.842287595814725447e-03 1.000000000000000000e+00
-2.574500000000000011e+00 1.000000000000000048e-04 2.846725213623061985e-03 1.000000000000000000e+00
-2.573749999999999982e+00 1.000000000000000048e-04 2.851169693336100524e-03 1.000000000000000000e+00
-2.572999999999999954e+00 1.000000000000000048e-04 2.855621045356697158e-03 1.000000000000000000e+00
-2.572249999999999925e+00 1.000000000000000048e-04 2.860079280102831301e-03 1.000000000000000000e+00
-2.571499999999999897e+00 1.000000000000000048e-04 2.864544408007624332e-03 1.000000000000000000e+00
-2.570749999999999869e+00 1.000000000000000048e-04 2.869016439519358683e-03 1.000000000000000000e+00
-2.569999999999999840e+00 1.000000000000000048e-04 2.873495385101498215e-03 1.000000000000000000e+00
-2.569249999999999812e+00 1.000000000000000048e-04 2.877981255232706873e-03 1.000000000000000000e+00
-2.568499999999999783e+00 1.000000000000000048e-04 2.882474060406875569e-03 1.000000000000000000e+00
-2.567749999999999755e+00 1.000000000000000048e-04 2.886973811133130858e-03 1.000000000000000000e+00
-2.567000000000000171e+00 1.000000000000000048e-04 2.891480517935863127e-03 1.000000000000000000e+00
-2.566250000000000142e+00 1.000000000000000048e-04 2.895994191354750880e-03 1.000000000000000000e+00
-2.565500000000000114e+00 1.000000000000000048e-04 2.900514841944766813e-03 1.000000000000000000e+00
-2.564750000000000085e+00 1.000000000000000048e-04 2.905042480276208601e-03 1.000000000000000000e+00
-2.564000000000000057e+00 1.000000000000000048e-04 2.909577116934714512e-03 1.000000000000000000e+00
-2.563250000000000028e+00 1.000000000000000048e-04 2.914118762521289430e-03 1.000000000000000000e+00
-2.562500000000000000e+00 1.000000000000000048e-04 2.918667427652315693e-03 1.000000000000000000e+00
-2.561749999999999972e+00 1.000000000000000048e-04 2.923223122959583888e-03 1.000000000000000000e+00
-2.560999999999999943e+00 1.000000000000000048e-04 2.927785859090302392e-03 1.000000000000000000e+00
-2.560249999999999915e+00 1.000000000000000048e-04 2.932355646707127290e-03 1.000000000000000000e+00
-2.559499999999999886e+00 1.000000000000000048e-04 2.936932496488175396e-03 1.000000000000000000e+00
-2.558749999999999858e+00 1.000000000000000048e-04 2.941516419127048528e-03 1.000000000000000000e+00
-2.557999999999999829e+00 1.000000000000000048e-04 2.946107425332851297e-03 1.000000000000000000e+00
-2.557249999999999801e+00 1.000000000000000048e-04 2.950705525830216256e-03 1.000000000000000000e+00
-2.556499999999999773e+00 1.000000000000000048e-04 2.955310731359316913e-03 1.000000000000000000e+00
-2.555749999999999744e+00 1.000000000000000048e-04 2.959923052675892882e-03 1.000000000000000000e+00
-2.555000000000000160e+00 1.000000000000000048e-04 2.964542500551268535e-03 1.000000000000000000e+00
-2.554250000000000131e+00 1.000000000000000048e-04 2.969169085772378584e-03 1.000000000000000000e+00
-2.553500000000000103e+00 1.000000000000000048e-04 2.973802819141781965e-03 1.000000000000000000e+00
-2.552750000000000075e+00 1.000000000000000048e-04 2.978443711477679178e-03 1.000000000000000000e+00
-2.552000000000000046e+00 1.000000000000000048e-04 2.983091773613945688e-03 1.000000000000000000e+00
-2.551250000000000018e+00 1.000000000000000048e-04 2.987747016400137991e-03 1.000000000000000000e+00
-2.550499999999999989e+00 1.000000000000000048e-04 2.992409450701524407e-03 1.000000000000000000e+00
-2.549749999999999961e+00 1.000000000000000048e-04 2.997079087399103295e-03 1.000000000000000000e+00
-2.548999999999999932e+00 1.000000000000000048e-04 3.001755937389619534e-03 1.000000000000000000e+00
-2.548249999999999904e+00 1.000000000000000048e-04 3.006440011585586203e-03 1.000000000000000000e+00
-2.547499999999999876e+00 1.000000000000000048e-04 3.011131320915311476e-03 1.000000000000000000e+00
-2.546749999999999847e+00 1.000000000000000048e-04 3.015829876322911624e-03 1.000000000000000000e+00
-2.545999999999999819e+00 1.000000000000000048e-04 3.020535688768334875e-03 1.000000000000000000e+00
-2.545249999999999790e+00 1.000000000000000048e-04 3.025248769227382225e-03 1.000000000000000000e+00
-2.544499999999999762e+00 1.000000000000000048e-04 3.029969128691724356e-03 1.000000000000000000e+00
-2.543749999999999734e+00 1.000000000000000048e-04 3.034696778168931557e-03 1.000000000000000000e+00
-2.543000000000000149e+00 1.000000000000000048e-04 3.039431728682481532e-03 1.000000000000000000e+00
-2.542250000000000121e+00 1.000000000000000048e-04 3.044173991271793660e-03 1.000000000000000000e+00
-2.541500000000000092e+00 1.000000000000000048e-04 3.048923576992236800e-03 1.000000000000000000e+00
-2.540750000000000064e+00 1.000000000000000048e-04 3.053680496915159651e-03 1.000000000000000000e+00
-2.540000000000000036e+00 1.000000000000000048e-04 3.058444762127909399e-03 1.000000000000000000e+00
-2.539250000000000007e+00 1.000000000000000048e-04 3.063216383733845163e-03 1.000000000000000000e+00
-2.538499999999999979e+00 1.000000000000000048e-04 3.067995372852370950e-03 1.000000000000000000e+00
-2.537749999999999950e+00 1.000000000000000048e-04 3.072781740618947804e-03 1.000000000000000000e+00
-2.536999999999999922e+00 1.000000000000000048e-04 3.077575498185115919e-03 1.000000000000000000e+00
-2.536249999999999893e+00 1.000000000000000048e-04 3.082376656718520229e-03 1.000000000000000000e+00
-2.535499999999999865e+00 1.000000000000000048e-04 3.087185227402925586e-03 1.000000000000000000e+00
-2.534749999999999837e+00 1.000000000000000048e-04 3.092001221438238009e-03 1.000000000000000000e+00
-2.533999999999999808e+00 1.000000000000000048e-04 3.096824650040532010e-03 1.000000000000000000e+00
-2.533249999999999780e+00 1.000000000000000048e-04 3.101655524442063598e-03 1.000000000000000000e+00
-2.532499999999999751e+00 1.000000000000000048e-04 3.106493855891295872e-03 1.000000000000000000e+00
-2.531750000000000167e+00 1.000000000000000048e-04 3.111339655652917233e-03 1.000000000000000000e+00
-2.531000000000000139e+00 1.000000000000000048e-04 3.116192935007869140e-03 1.000000000000000000e+00
-2.530250000000000110e+00 1.000000000000000048e-04 3.121053705253354783e-03 1.000000000000000000e+00
-2.529500000000000082e+00 1.000000000000000048e-04 3.125921977702873344e-03 1.000000000000000000e+00
-2.528750000000000053e+00 1.000000000000000048e-04 3.130797763686230407e-03 1.000000000000000000e+00
-2.528000000000000025e+00 1.000000000000000048e-04 3.135681074549565711e-03 1.000000000000000000e+00
-2.527249999999999996e+00 1.000000000000000048e-04 3.140571921655374403e-03 1.000000000000000000e+00
-2.526499999999999968e+00 1.000000000000000048e-04 3.145470316382519178e-03 1.000000000000000000e+00
-2.525749999999999940e+00 1.000000000000000048e-04 3.150376270126266278e-03 1.000000000000000000e+00
-2.524999999999999911e+00 1.000000000000000048e-04 3.155289794298292861e-03 1.000000000000000000e+00
-2.524249999999999883e+00 1.000000000000000048e-04 3.160210900326717795e-03 1.000000000000000000e+00
-2.523499999999999854e+00 1.000000000000000048e-04 3.165139599656114234e-03 1.000000000000000000e+00
-2.522749999999999826e+00 1.000000000000000048e-04 3.170075903747538674e-03 1.000000000000000000e+00
-2.521999999999999797e+00 1.000000000000000048e-04 3.175019824078550903e-03 1.000000000000000000e+00
-2.521249999999999769e+00 1.000000000000000048e-04 3.179971372143229180e-03 1.000000000000000000e+00
-2.520499999999999741e+00 1.000000000000000048e-04 3.184930559452196688e-03 1.000000000000000000e+00
-2.519750000000000156e+00 1.000000000000000048e-04 3.189897397532640618e-03 1.000000000000000000e+00
-2.519000000000000128e+00 1.000000000000000048e-04 3.194871897928342093e-03 1.000000000000000000e+00
-2.518250000000000099e+00 1.000000000000000048e-04 3.199854072199682670e-03 1.000000000000000000e+00
-2.517500000000000071e+00 1.000000000000000048e-04 3.204843931923673402e-03 1.000000000000000000e+00
-2.516750000000000043e+00 1.000000000000000048e-04 3.209841488693979117e-03 1.000000000000000000e+00
-2.516000000000000014e+00 1.000000000000000048e-04 3.214846754120936640e-03 1.000000000000000000e+00
-2.515249999999999986e+00 1.000000000000000048e-04 3.219859739831571702e-03 1.000000000000000000e+00
-2.514499999999999957e+00 1.000000000000000048e-04 3.224880457469628432e-03 1.000000000000000000e+00
-2.513749999999999929e+00 1.000000000000000048e-04 3.229908918695587570e-03 1.000000000000000000e+00
-2.512999999999999901e+00 1.000000000000000048e-04 3.234945135186684251e-03 1.000000000000000000e+00
-2.512249999999999872e+00 1.000000000000000048e-04 3.239989118636938357e-03 1.000000000000000000e+00
-2.511499999999999844e+00 1.000000000000000048e-04 3.245040880757167102e-03 1.000000000000000000e+00
-2.510749999999999815e+00 1.000000000000000048e-04 3.250100433275006709e-03 1.000000000000000000e+00
-2.509999999999999787e+00 1.000000000000000048e-04 3.255167787934943636e-03 1.000000000000000000e+00
-2.509249999999999758e+00 1.000000000000000048e-04 3.260242956498324123e-03 1.000000000000000000e+00
-2.508499999999999730e+00 1.000000000000000048e-04 3.265325950743386274e-03 1.000000000000000000e+00
-2.507750000000000146e+00 1.000000000000000048e-04 3.270416782465270476e-03 1.000000000000000000e+00
-2.507000000000000117e+00 1.000000000000000048e-04 3.275515463476056689e-03 1.000000000000000000e+00
-2.506250000000000089e+00 1.000000000000000048e-04 3.280622005604765315e-03 1.000000000000000000e+00
-2.505500000000000060e+00 1.000000000000000048e-04 3.285736420697399698e-03 1.000000000000000000e+00
-2.504750000000000032e+00 1.000000000000000048e-04 3.290858720616953500e-03 1.000000000000000000e+00
-2.504000000000000004e+00 1.000000000000000048e-04 3.295988917243437150e-03 1.000000000000000000e+00
-2.503249999999999975e+00 1.000000000000000048e-04 3.301127022473897797e-03 1.000000000000000000e+00
-2.502499999999999947e+00 1.000000000000000048e-04 3.306273048222450103e-03 1.000000000000000000e+00
-2.501749999999999918e+00 1.000000000000000048e-04 3.311427006420284910e-03 1.000000000000000000e+00
-2.500999999999999890e+00 1.000000000000000048e-04 3.316588909015695703e-03 1.000000000000000000e+00
-2.500249999999999861e+00 1.000000000000000048e-04 3.321758767974105492e-03 1.000000000000000000e+00
-2.499499999999999833e+00 1.000000000000000048e-04 3.326936595278081124e-03 1.000000000000000000e+00
-2.498749999999999805e+00 1.000000000000000048e-04 3.332122402927362777e-03 1.000000000000000000e+00
-2.497999999999999776e+00 1.000000000000000048e-04 3.337316202938878703e-03 1.000000000000000000e+00
-2.497249999999999748e+00 1.000000000000000048e-04 3.342518007346769078e-03 1.000000000000000000e+00
-2.496500000000000163e+00 1.000000000000000048e-04 3.347727828202408558e-03 1.000000000000000000e+00
-2.495750000000000135e+00 1.000000000000000048e-04 3.352945677574437067e-03 1.000000000000000000e+00
-2.495000000000000107e+00 1.000000000000000048e-04 3.358171567548761532e-03 1.000000000000000000e+00
-2.494250000000000078e+00 1.000000000000000048e-04 3.363405510228596219e-03 1.000000000000000000e+00
-2.493500000000000050e+00 1.000000000000000048e-04 3.368647517734474003e-03 1.000000000000000000e+00
-2.492750000000000021e+00 1.000000000000000048e-04 3.373897602204274995e-03 1.000000000000000000e+00
-2.491999999999999993e+00 1.000000000000000048e-04 3.379155775793246923e-03 1.000000000000000000e+00
-2.491249999999999964e+00 1.000000000000000048e-04 3.384422050674020747e-03 1.000000000000000000e+00
-2.490499999999999936e+00 1.000000000000000048e-04 3.389696439036642313e-03 1.000000000000000000e+00
-2.489749999999999908e+00 1.000000000000000048e-04 3.394978953088590573e-03 1.000000000000000000e+00
-2.488999999999999879e+00 1.000000000000000048e-04 3.400269605054795363e-03 1.000000000000000000e+00
-2.488249999999999851e+00 1.000000000000000048e-04 3.405568407177666460e-03 1.000000000000000000e+00
-2.487499999999999822e+00 1.000000000000000048e-04 3.410875371717113531e-03 1.000000000000000000e+00
-2.486749999999999794e+00 1.000000000000000048e-04 3.416190510950561747e-03 1.000000000000000000e+00
-2.485999999999999766e+00 1.000000000000000048e-04 3.421513837172982572e-03 1.000000000000000000e+00
-2.485249999999999737e+00 1.000000000000000048e-04 3.426845362696916315e-03 1.000000000000000000e+00
-2.484500000000000153e+00 1.000000000000000048e-04 3.432185099852482543e-03 1.000000000000000000e+00
-2.483750000000000124e+00 1.000000000000000048e-04 3.437533060987419970e-03 1.000000000000000000e+00
-2.483000000000000096e+00 1.000000000000000048e-04 3.442889258467095575e-03 1.000000000000000000e+00
-2.482250000000000068e+00 1.000000000000000048e-04 3.448253704674528013e-03 1.000000000000000000e+00
-2.481500000000000039e+00 1.000000000000000048e-04 3.453626412010411470e-03 1.000000000000000000e+00
-2.480750000000000011e+00 1.000000000000000048e-04 3.459007392893143421e-03 1.000000000000000000e+00
-2.479999999999999982e+00 1.000000000000000048e-04 3.464396659758840671e-03 1.000000000000000000e+00
-2.479249999999999954e+00 1.000000000000000048e-04 3.469794225061361044e-03 1.000000000000000000e+00
-2.478499999999999925e+00 1.000000000000000048e-04 3.475200101272330703e-03 1.000000000000000000e+00
-2.477749999999999897e+00 1.000000000000000048e-04 3.480614300881163664e-03 1.000000000000000000e+00
-2.476999999999999869e+00 1.000000000000000048e-04 3.486036836395081315e-03 1.000000000000000000e+00
-2.476249999999999840e+00 1.000000000000000048e-04 3.491467720339141469e-03 1.000000000000000000e+00
-2.475499999999999812e+00 1.000000000000000048e-04 3.496906965256254413e-03 1.000000000000000000e+00
-2.474749999999999783e+00 1.000000000000000048e-04 3.502354583707212830e-03 1.000000000000000000e+00
-2.473999999999999755e+00 1.000000000000000048e-04 3.507810588270699609e-03 1.000000000000000000e+00
-2.473249999999999726e+00 1.000000000000000048e-04 3.513274991543331640e-03 1.000000000000000000e+00
-2.472500000000000142e+00 1.000000000000000048e-04 3.518747806139658953e-03 1.000000000000000000e+00
-2.471750000000000114e+00 1.000000000000000048e-04 3.524229044692213288e-03 1.000000000000000000e+00
-2.471000000000000085e+00 1.000000000000000048e-04 3.529718719851503324e-03 1.000000000000000000e+00
-2.470250000000000057e+00 1.000000000000000048e-04 3.535216844286058480e-03 1.000000000000000000e+00
-2.469500000000000028e+00 1.000000000000000048e-04 3.540723430682438892e-03 1.000000000000000000e+00
-2.468750000000000000e+00 1.000000000000000048e-04 3.546238491745261866e-03 1.000000000000000000e+00
-2.467999999999999972e+00 1.000000000000000048e-04 3.551762040197227466e-03 1.000000000000000000e+00
-2.467249999999999943e+00 1.000000000000000048e-04 3.557294088779138896e-03 1.000000000000000000e+00
-2.466499999999999915e+00 1.000000000000000048e-04 3.562834650249925052e-03 1.000000000000000000e+00
-2.465749999999999886e+00 1.000000000000000048e-04 3.568383737386657002e-03 1.000000000000000000e+00
-2.464999999999999858e+00 1.000000000000000048e-04 3.573941362984584414e-03 1.000000000000000000e+00
-2.464249999999999829e+00 1.000000000000000048e-04 3.579507539857146401e-03 1.000000000000000000e+00
-2.463499999999999801e+00 1.000000000000000048e-04 3.585082280835997972e-03 1.000000000000000000e+00
-2.462749999999999773e+00 1.000000000000000048e-04 3.590665598771036922e-03 1.000000000000000000e+00
-2.461999999999999744e+00 1.000000000000000048e-04 3.596257506530415975e-03 1.000000000000000000e+00
-2.461250000000000160e+00 1.000000000000000048e-04 3.601858017000574442e-03 1.000000000000000000e+00
-2.460500000000000131e+00 1.000000000000000048e-04 3.607467143086268146e-03 1.000000000000000000e+00
-2.459750000000000103e+00 1.000000000000000048e-04 3.613084897710568989e-03 1.000000000000000000e+00
-2.459000000000000075e+00 1.000000000000000048e-04 3.618711293814907450e-03 1.000000000000000000e+00
-2.458250000000000046e+00 1.000000000000000048e-04 3.624346344359092101e-03 1.000000000000000000e+00
-2.457500000000000018e+00 1.000000000000000048e-04 3.629990062321325657e-03 1.000000000000000000e+00
-2.456749999999999989e+00 1.000000000000000048e-04 3.635642460698234029e-03 1.000000000000000000e+00
-2.455999999999999961e+00 1.000000000000000048e-04 3.641303552504886708e-03 1.000000000000000000e+00
-2.455249999999999932e+00 1.000000000000000048e-04 3.646973350774821918e-03 1.000000000000000000e+00
-2.454499999999999904e+00 1.000000000000000048e-04 3.652651868560064831e-03 1.000000000000000000e+00
-2.453749999999999876e+00 1.000000000000000048e-04 3.658339118931154890e-03 1.000000000000000000e+00
-2.452999999999999847e+00 1.000000000000000048e-04 3.664035114977168793e-03 1.000000000000000000e+00
-2.452249999999999819e+00 1.000000000000000048e-04 3.669739869805741309e-03 1.000000000000000000e+00
-2.451499999999999790e+00 1.000000000000000048e-04 3.675453396543084793e-03 1.000000000000000000e+00
-2.450749999999999762e+00 1.000000000000000048e-04 3.681175708334025621e-03 1.000000000000000000e+00
-2.449999999999999734e+00 1.000000000000000048e-04 3.686906818342007217e-03 1.000000000000000000e+00
-2.449250000000000149e+00 1.000000000000000048e-04 3.692646739749127355e-03 1.000000000000000000e+00
-2.448500000000000121e+00 1.000000000000000048e-04 3.698395485756168950e-03 1.000000000000000000e+00
-2.447750000000000092e+00 1.000000000000000048e-04 3.704153069582595287e-03 1.000000000000000000e+00
-2.447000000000000064e+00 1.000000000000000048e-04 3.709919504466595991e-03 1.000000000000000000e+00
-2.446250000000000036e+00 1.000000000000000048e-04 3.715694803665107408e-03 1.000000000000000000e+00
-2.445500000000000007e+00 1.000000000000000048e-04 3.721478980453827787e-03 1.000000000000000000e+00
-2.444749999999999979e+00 1.000000000000000048e-04 3.727272048127247203e-03 1.000000000000000000e+00
-2.443999999999999950e+00 1.000000000000000048e-04 3.733074019998666206e-03 1.000000000000000000e+00
-2.443249999999999922e+00 1.000000000000000048e-04 3.738884909400223139e-03 1.000000000000000000e+00
-2.442499999999999893e+00 1.000000000000000048e-04 3.744704729682914093e-03 1.000000000000000000e+00
-2.441749999999999865e+00 1.000000000000000048e-04 3.750533494216619790e-03 1.000000000000000000e+00
-2.440999999999999837e+00 1.000000000000000048e-04 3.756371216390121202e-03 1.000000000000000000e+00
-2.440249999999999808e+00 1.000000000000000048e-04 3.762217909611132068e-03 1.000000000000000000e+00
-2.439499999999999780e+00 1.000000000000000048e-04 3.768073587306318417e-03 1.000000000000000000e+00
-2.438749999999999751e+00 1.000000000000000048e-04 3.773938262921318516e-03 1.000000000000000000e+00
-2.438000000000000167e+00 1.000000000000000048e-04 3.779811949920769756e-03 1.000000000000000000e+00
-2.437250000000000139e+00 1.000000000000000048e-04 3.785694661788335975e-03 1.000000000000000000e+00
-2.436500000000000110e+00 1.000000000000000048e-04 3.791586412026722204e-03 1.000000000000000000e+00
-2.435750000000000082e+00 1.000000000000000048e-04 3.797487214157701119e-03 1.000000000000000000e+00
-2.435000000000000053e+00 1.000000000000000048e-04 3.803397081722138633e-03 1.000000000000000000e+00
-2.434250000000000025e+00 1.000000000000000048e-04 3.809316028280015139e-03 1.000000000000000000e+00
-2.433499999999999996e+00 1.000000000000000048e-04 3.815244067410452408e-03 1.000000000000000000e+00
-2.432749999999999968e+00 1.000000000000000048e-04 3.821181212711729190e-03 1.000000000000000000e+00
-2.431999999999999940e+00 1.000000000000000048e-04 3.827127477801315486e-03 1.000000000000000000e+00
-2.431249999999999911e+00 1.000000000000000048e-04 3.833082876315887285e-03 1.000000000000000000e+00
-2.430499999999999883e+00 1.000000000000000048e-04 3.839047421911353022e-03 1.000000000000000000e+00
-2.429749999999999854e+00 1.000000000000000048e-04 3.845021128262877431e-03 1.000000000000000000e+00
-2.428999999999999826e+00 1.000000000000000048e-04 3.851004009064905396e-03 1.000000000000000000e+00
-2.428249999999999797e+00 1.000000000000000048e-04 3.856996078031184067e-03 1.000000000000000000e+00
-2.427499999999999769e+00 1.000000000000000048e-04 3.862997348894785417e-03 1.000000000000000000e+00
-2.426749999999999741e+00 1.000000000000000048e-04 3.869007835408136593e-03 1.000000000000000000e+00
-2.426000000000000156e+00 1.000000000000000048e-04 3.875027551343029463e-03 1.000000000000000000e+00
-2.425250000000000128e+00 1.000000000000000048e-04 3.881056510490666581e-03 1.000000000000000000e+00
-2.424500000000000099e+00 1.000000000000000048e-04 3.887094726661657288e-03 1.000000000000000000e+00
-2.423750000000000071e+00 1.000000000000000048e-04 3.893142213686066715e-03 1.000000000000000000e+00
-2.423000000000000043e+00 1.000000000000000048e-04 3.899198985413418386e-03 1.000000000000000000e+00
-2.422250000000000014e+00 1.000000000000000048e-04 3.905265055712734985e-03 1.000000000000000000e+00
-2.421499999999999986e+00 1.000000000000000048e-04 3.911340438472549197e-03 1.000000000000000000e+00
-2.420749999999999957e+00 1.000000000000000048e-04 3.917425147600938837e-03 1.000000000000000000e+00
-2.419999999999999929e+00 1.000000000000000048e-04 3.923519197025538557e-03 1.000000000000000000e+00
-2.419249999999999901e+00 1.000000000000000048e-04 3.929622600693571076e-03 1.000000000000000000e+00
-2.418499999999999872e+00 1.000000000000000048e-04 3.935735372571875362e-03 1.000000000000000000e+00
-2.417749999999999844e+00 1.000000000000000048e-04 3.941857526646913579e-03 1.000000000000000000e+00
-2.416999999999999815e+00 1.000000000000000048e-04 3.947989076924815315e-03 1.000000000000000000e+00
-2.416249999999999787e+00 1.000000000000000048e-04 3.954130037431387995e-03 1.000000000000000000e+00
-2.415499999999999758e+00 1.000000000000000048e-04 3.960280422212144637e-03 1.000000000000000000e+00
-2.414749999999999730e+00 1.000000000000000048e-04 3.966440245332324664e-03 1.000000000000000000e+00
-2.414000000000000146e+00 1.000000000000000048e-04 3.972609520876922533e-03 1.000000000000000000e+00
-2.413250000000000117e+00 1.000000000000000048e-04 3.978788262950716352e-03 1.000000000000000000e+00
-2.412500000000000089e+00 1.000000000000000048e-04 3.984976485678277426e-03 1.000000000000000000e+00
-2.411750000000000060e+00 1.000000000000000048e-04 3.991174203203999744e-03 1.000000000000000000e+00
-2.411000000000000032e+00 1.000000000000000048e-04 3.997381429692131206e-03 1.000000000000000000e+00
-2.410250000000000004e+00 1.000000000000000048e-04 4.003598179326792704e-03 1.000000000000000000e+00
-2.409499999999999975e+00 1.000000000000000048e-04 4.009824466311996335e-03 1.000000000000000000e+00
-2.408749999999999947e+00 1.000000000000000048e-04 4.016060304871678366e-03 1.000000000000000000e+00
-2.407999999999999918e+00 1.000000000000000048e-04 4.022305709249718308e-03 1.000000000000000000e+00
-2.407249999999999890e+00 1.000000000000000048e-04 4.028560693709965813e-03 1.000000000000000000e+00
-2.406499999999999861e+00 1.000000000000000048e-04 4.034825272536260617e-03 1.000000000000000000e+00
-2.405749999999999833e+00 1.000000000000000048e-04 4.041099460032458561e-03 1.000000000000000000e+00
-2.404999999999999805e+00 1.000000000000000048e-04 4.047383270522455882e-03 1.000000000000000000e+00
-2.404249999999999776e+00 1.000000000000000048e-04 4.053676718350216965e-03 1.000000000000000000e+00
-2.403499999999999748e+00 1.000000000000000048e-04 4.059979817879790821e-03 1.000000000000000000e+00
-2.402750000000000163e+00 1.000000000000000048e-04 4.066292583495332777e-03 1.000000000000000000e+00
-2.402000000000000135e+00 1.000000000000000048e-04 4.072615029601156511e-03 1.000000000000000000e+00
-2.401250000000000107e+00 1.000000000000000048e-04 4.078947170621710638e-03 1.000000000000000000e+00
-2.400500000000000078e+00 1.000000000000000048e-04 4.085289021001644628e-03 1.000000000000000000e+00
-2.399750000000000050e+00 1.000000000000000048e-04 4.091640595205811408e-03 1.000000000000000000e+00
-2.399000000000000021e+00 1.000000000000000048e-04 4.098001907719296850e-03 1.000000000000000000e+00
-2.398249999999999993e+00 1.000000000000000048e-04 4.104372973047445798e-03 1.000000000000000000e+00
-2.397499999999999964e+00 1.000000000000000048e-04 4.110753805715885480e-03 1.000000000000000000e+00
-2.396749999999999936e+00 1.000000000000000048e-04 4.117144420270544593e-03 1.000000000000000000e+00
-2.395999999999999908e+00 1.000000000000000048e-04 4.123544831277686264e-03 1.000000000000000000e+00
-2.395249999999999879e+00 1.000000000000000048e-04 4.129955053323926262e-03 1.000000000000000000e+00
-2.394499999999999851e+00 1.000000000000000048e-04 4.136375101016258153e-03 1.000000000000000000e+00
-2.393749999999999822e+00 1.000000000000000048e-04 4.142804988982079321e-03 1.000000000000000000e+00
-2.392999999999999794e+00 1.000000000000000048e-04 4.149244731869211784e-03 1.000000000000000000e+00
-2.392249999999999766e+00 1.000000000000000048e-04 4.155694344345931684e-03 1.000000000000000000e+00
-2.391499999999999737e+00 1.000000000000000048e-04 4.162153841100988370e-03 1.000000000000000000e+00
-2.390750000000000153e+00 1.000000000000000048e-04 4.168623236843629551e-03 1.000000000000000000e+00
-2.390000000000000124e+00 1.000000000000000048e-04 4.175102546303637724e-03 1.000000000000000000e+00
-2.389250000000000096e+00 1.000000000000000048e-04 4.181591784231330176e-03 1.000000000000000000e+00
-2.388500000000000068e+00 1.000000000000000048e-04 4.188090965397604955e-03 1.000000000000000000e+00
-2.387750000000000039e+00 1.000000000000000048e-04 4.194600104593955610e-03 1.000000000000000000e+00
-2.387000000000000011e+00 1.000000000000000048e-04 4.201119216632495483e-03 1.000000000000000000e+00
-2.386249999999999982e+00 1.000000000000000048e-04 4.207648316345984595e-03 1.000000000000000000e+00
-2.385499999999999954e+00 1.000000000000000048e-04 4.214187418587860001e-03 1.000000000000000000e+00
-2.384749999999999925e+00 1.000000000000000048e-04 4.220736538232241000e-03 1.000000000000000000e+00
-2.383999999999999897e+00 1.000000000000000048e-04 4.227295690173980304e-03 1.000000000000000000e+00
-2.383249999999999869e+00 1.000000000000000048e-04 4.233864889328666642e-03 1.000000000000000000e+00
-2.382499999999999840e+00 1.000000000000000048e-04 4.240444150632655118e-03 1.000000000000000000e+00
-2.381749999999999812e+00 1.000000000000000048e-04 4.247033489043101039e-03 1.000000000000000000e+00
-2.380999999999999783e+00 1.000000000000000048e-04 4.253632919537970319e-03 1.000000000000000000e+00
-2.380249999999999755e+00 1.000000000000000048e-04 4.260242457116077651e-03 1.000000000000000000e+00
-2.379499999999999726e+00 1.000000000000000048e-04 4.266862116797096038e-03 1.000000000000000000e+00
-2.378750000000000142e+00 1.000000000000000048e-04 4.273491913621591497e-03 1.000000000000000000e+00
-2.378000000000000114e+00 1.000000000000000048e-04 4.280131862651056877e-03 1.000000000000000000e+00
-2.377250000000000085e+00 1.000000000000000048e-04 4.286781978967911869e-03 1.000000000000000000e+00
-2.376500000000000057e+00 1.000000000000000048e-04 4.293442277675547231e-03 1.000000000000000000e+00
-2.375750000000000028e+00 1.000000000000000048e-04 4.300112773898338674e-03 1.000000000000000000e+00
-2.375000000000000000e+00 1.000000000000000048e-04 4.306793482781679817e-03 1.000000000000000000e+00
-2.374249999999999972e+00 1.000000000000000048e-04 4.313484419492002141e-03 1.000000000000000000e+00
-2.373499999999999943e+00 1.000000000000000048e-04 4.320185599216801002e-03 1.000000000000000000e+00
-2.372749999999999915e+00 1.000000000000000048e-04 4.326897037164657324e-03 1.000000000000000000e+00
-2.371999999999999886e+00 1.000000000000000048e-04 4.333618748565268818e-03 1.000000000000000000e+00
-2.371249999999999858e+00 1.000000000000000048e-04 4.340350748669465596e-03 1.000000000000000000e+00
-2.370499999999999829e+00 1.000000000000000048e-04 4.347093052749247469e-03 1.000000000000000000e+00
-2.369749999999999801e+00 1.000000000000000048e-04 4.353845676097790884e-03 1.000000000000000000e+00
-2.368999999999999773e+00 1.000000000000000048e-04 4.360608634029493162e-03 1.000000000000000000e+00
-2.368249999999999744e+00 1.000000000000000048e-04 4.367381941879982035e-03 1.000000000000000000e+00
-2.367500000000000160e+00 1.000000000000000048e-04 4.374165615006145140e-03 1.000000000000000000e+00
-2.366750000000000131e+00 1.000000000000000048e-04 4.380959668786168180e-03 1.000000000000000000e+00
-2.366000000000000103e+00 1.000000000000000048e-04 4.387764118619533193e-03 1.000000000000000000e+00
-2.365250000000000075e+00 1.000000000000000048e-04 4.394578979927066253e-03 1.000000000000000000e+00
-2.364500000000000046e+00 1.000000000000000048e-04 4.401404268150949615e-03 1.000000000000000000e+00
-2.363750000000000018e+00 1.000000000000000048e-04 4.408239998754748604e-03 1.000000000000000000e+00
-2.362999999999999989e+00 1.000000000000000048e-04 4.415086187223447173e-03 1.000000000000000000e+00
-2.362249999999999961e+00 1.000000000000000048e-04 4.421942849063455715e-03 1.000000000000000000e+00
-2.361499999999999932e+00 1.000000000000000048e-04 4.428809999802650089e-03 1.000000000000000000e+00
-2.360749999999999904e+00 1.000000000000000048e-04 4.435687654990388105e-03 1.000000000000000000e+00
-2.359999999999999876e+00 1.000000000000000048e-04 4.442575830197534673e-03 1.000000000000000000e+00
-2.359249999999999847e+00 1.000000000000000048e-04 4.449474541016494762e-03 1.000000000000000000e+00
-2.358499999999999819e+00 1.000000000000000048e-04 4.456383803061229887e-03 1.000000000000000000e+00
-2.357749999999999790e+00 1.000000000000000048e-04 4.463303631967284989e-03 1.000000000000000000e+00
-2.356999999999999762e+00 1.000000000000000048e-04 4.470234043391816195e-03 1.000000000000000000e+00
-2.356249999999999734e+00 1.000000000000000048e-04 4.477175053013614237e-03 1.000000000000000000e+00
-2.355500000000000149e+00 1.000000000000000048e-04 4.484126676533119193e-03 1.000000000000000000e+00
-2.354750000000000121e+00 1.000000000000000048e-04 4.491088929672478608e-03 1.000000000000000000e+00
-2.354000000000000092e+00 1.000000000000000048e-04 4.498061828175527535e-03 1.000000000000000000e+00
-2.353250000000000064e+00 1.000000000000000048e-04 4.505045387807844054e-03 1.000000000000000000e+00
-2.352500000000000036e+00 1.000000000000000048e-04 4.512039624356762278e-03 1.000000000000000000e+00
-2.351750000000000007e+00 1.000000000000000048e-04 4.519044553631404448e-03 1.000000000000000000e+00
-2.350999999999999979e+00 1.000000000000000048e-04 4.526060191462698279e-03 1.000000000000000000e+00
-2.350249999999999950e+00 1.000000000000000048e-04 4.533086553703412520e-03 1.000000000000000000e+00
-2.349499999999999922e+00 1.000000000000000048e-04 4.540123656228167368e-03 1.000000000000000000e+00
-2.348749999999999893e+00 1.000000000000000048e-04 4.547171514933474358e-03 1.000000000000000000e+00
-2.347999999999999865e+00 1.000000000000000048e-04 4.554230145737746781e-03 1.000000000000000000e+00
-2.347249999999999837e+00 1.000000000000000048e-04 4.561299564581343044e-03 1.000000000000000000e+00
-2.346499999999999808e+00 1.000000000000000048e-04 4.568379787426574482e-03 1.000000000000000000e+00
-2.345749999999999780e+00 1.000000000000000048e-04 4.575470830257740915e-03 1.000000000000000000e+00
-2.344999999999999751e+00 1.000000000000000048e-04 4.582572709081149734e-03 1.000000000000000000e+00
-2.344249999999999723e+00 1.000000000000000048e-04 4.589685439925146257e-03 1.000000000000000000e+00
-2.343500000000000139e+00 1.000000000000000048e-04 4.596809038840131076e-03 1.000000000000000000e+00
-2.342750000000000110e+00 1.000000000000000048e-04 4.603943521898603425e-03 1.000000000000000000e+00
-2.342000000000000082e+00 1.000000000000000048e-04 4.611088905195162048e-03 1.000000000000000000e+00
-2.341250000000000053e+00 1.000000000000000048e-04 4.618245204846545097e-03 1.000000000000000000e+00
-2.340500000000000025e+00 1.000000000000000048e-04 4.625412436991651818e-03 1.000000000000000000e+00
-2.339749999999999996e+00 1.000000000000000048e-04 4.632590617791570303e-03 1.000000000000000000e+00
-2.338999999999999968e+00 1.000000000000000048e-04 4.639779763429597442e-03 1.000000000000000000e+00
-2.338249999999999940e+00 1.000000000000000048e-04 4.646979890111270148e-03 1.000000000000000000e+00
-2.337499999999999911e+00 1.000000000000000048e-04 4.654191014064387906e-03 1.000000000000000000e+00
-2.336749999999999883e+00 1.000000000000000048e-04 4.661413151539034461e-03 1.000000000000000000e+00
-2.335999999999999854e+00 1.000000000000000048e-04 4.668646318807612508e-03 1.000000000000000000e+00
-2.335249999999999826e+00 1.000000000000000048e-04 4.675890532164857574e-03 1.000000000000000000e+00
-2.334499999999999797e+00 1.000000000000000048e-04 4.683145807927874445e-03 1.000000000000000000e+00
-2.333749999999999769e+00 1.000000000000000048e-04 4.690412162436149307e-03 1.000000000000000000e+00
-2.332999999999999741e+00 1.000000000000000048e-04 4.697689612051593119e-03 1.000000000000000000e+00
-2.332250000000000156e+00 1.000000000000000048e-04 4.704978173158542477e-03 1.000000000000000000e+00
-2.331500000000000128e+00 1.000000000000000048e-04 4.712277862163818595e-03 1.000000000000000000e+00
-2.330750000000000099e+00 1.000000000000000048e-04 4.719588695496714295e-03 1.000000000000000000e+00
-2.330000000000000071e+00 1.000000000000000048e-04 4.726910689609052987e-03 1.000000000000000000e+00
-2.329250000000000043e+00 1.000000000000000048e-04 4.734243860975187804e-03 1.000000000000000000e+00
-2.328500000000000014e+00 1.000000000000000048e-04 4.741588226092044098e-03 1.000000000000000000e+00
-2.327749999999999986e+00 1.000000000000000048e-04 4.748943801479141129e-03 1.000000000000000000e+00
-2.326999999999999957e+00 1.000000000000000048e-04 4.756310603678611144e-03 1.000000000000000000e+00
-2.326249999999999929e+00 1.000000000000000048e-04 4.763688649255233207e-03 1.000000000000000000e+00
-2.325499999999999901e+00 1.000000000000000048e-04 4.771077954796450540e-03 1.000000000000000000e+00
-2.324749999999999872e+00 1.000000000000000048e-04 4.778478536912406961e-03 1.000000000000000000e+00
-2.323999999999999844e+00 1.000000000000000048e-04 4.785890412235959020e-03 1.000000000000000000e+00
-2.323249999999999815e+00 1.000000000000000048e-04 4.793313597422712430e-03 1.000000000000000000e+00
-2.322499999999999787e+00 1.000000000000000048e-04 4.800748109151043753e-03 1.000000000000000000e+00
-2.321749999999999758e+00 1.000000000000000048e-04 4.808193964122121217e-03 1.000000000000000000e+00
-2.320999999999999730e+00 1.000000000000000048e-04 4.815651179059933333e-03 1.000000000000000000e+00
-2.320250000000000146e+00 1.000000000000000048e-04 4.823119770711320996e-03 1.000000000000000000e+00
-2.319500000000000117e+00 1.000000000000000048e-04 4.830599755846000896e-03 1.000000000000000000e+00
-2.318750000000000089e+00 1.000000000000000048e-04 4.838091151256580270e-03 1.000000000000000000e+00
-2.318000000000000060e+00 1.000000000000000048e-04 4.845593973758590724e-03 1.000000000000000000e+00
-2.317250000000000032e+00 1.000000000000000048e-04 4.853108240190509917e-03 1.000000000000000000e+00
-2.316500000000000004e+00 1.000000000000000048e-04 4.860633967413801465e-03 1.000000000000000000e+00
-2.315749999999999975e+00 1.000000000000000048e-04 4.868171172312918404e-03 1.000000000000000000e+00
-2.314999999999999947e+00 1.000000000000000048e-04 4.875719871795344829e-03 1.000000000000000000e+00
-2.314249999999999918e+00 1.000000000000000048e-04 4.883280082791612367e-03 1.000000000000000000e+00
-2.313499999999999890e+00 1.000000000000000048e-04 4.890851822255337482e-03 1.000000000000000000e+00
-2.312749999999999861e+00 1.000000000000000048e-04 4.898435107163230141e-03 1.000000000000000000e+00
-2.311999999999999833e+00 1.000000000000000048e-04 4.906029954515132852e-03 1.000000000000000000e+00
-2.311249999999999805e+00 1.000000000000000048e-04 4.913636381334044075e-03 1.000000000000000000e+00
-2.310499999999999776e+00 1.000000000000000048e-04 4.921254404666138178e-03 1.000000000000000000e+00
-2.309749999999999748e+00 1.000000000000000048e-04 4.928884041580793192e-03 1.000000000000000000e+00
-2.309000000000000163e+00 1.000000000000000048e-04 4.936525309170624633e-03 1.000000000000000000e+00
-2.308250000000000135e+00 1.000000000000000048e-04 4.944178224551501119e-03 1.000000000000000000e+00
-2.307500000000000107e+00 1.000000000000000048e-04 4.951842804862575595e-03 1.000000000000000000e+00
-2.306750000000000078e+00 1.000000000000000048e-04 4.959519067266301810e-03 1.000000000000000000e+00
-2.306000000000000050e+00 1.000000000000000048e-04 4.967207028948478556e-03 1.000000000000000000e+00
-2.305250000000000021e+00 1.000000000000000048e-04 4.974906707118253134e-03 1.000000000000000000e+00
-2.304499999999999993e+00 1.000000000000000048e-04 4.982618119008163857e-03 1.000000000000000000e+00
-2.303749999999999964e+00 1.000000000000000048e-04 4.990341281874156529e-03 1.000000000000000000e+00
-2.302999999999999936e+00 1.000000000000000048e-04 4.998076212995620875e-03 1.000000000000000000e+00
-2.302249999999999908e+00 1.000000000000000048e-04 5.005822929675397479e-03 1.000000000000000000e+00
-2.301499999999999879e+00 1.000000000000000048e-04 5.013581449239826356e-03 1.000000000000000000e+00
-2.300749999999999851e+00 1.000000000000000048e-04 5.021351789038752157e-03 1.000000000000000000e+00
-2.299999999999999822e+00 1.000000000000000048e-04 5.029133966445565804e-03 1.000000000000000000e+00
-2.299249999999999794e+00 1.000000000000000048e-04 5.036927998857220097e-03 1.000000000000000000e+00
-2.298499999999999766e+00 1.000000000000000048e-04 5.044733903694260078e-03 1.000000000000000000e+00
-2.297749999999999737e+00 1.000000000000000048e-04 5.052551698400848182e-03 1.000000000000000000e+00
-2.297000000000000153e+00 1.000000000000000048e-04 5.060381400444780714e-03 1.000000000000000000e+00
-2.296250000000000124e+00 1.000000000000000048e-04 5.068223027317544233e-03 1.000000000000000000e+00
-2.295500000000000096e+00 1.000000000000000048e-04 5.076076596534298199e-03 1.000000000000000000e+00
-2.294750000000000068e+00 1.000000000000000048e-04 5.083942125633933960e-03 1.000000000000000000e+00
-2.294000000000000039e+00 1.000000000000000048e-04 5.091819632179079951e-03 1.000000000000000000e+00
-2.293250000000000011e+00 1.000000000000000048e-04 5.099709133756147664e-03 1.000000000000000000e+00
-2.292499999999999982e+00 1.000000000000000048e-04 5.107610647975337724e-03 1.000000000000000000e+00
-2.291749999999999954e+00 1.000000000000000048e-04 5.115524192470675448e-03 1.000000000000000000e+00
-2.290999999999999925e+00 1.000000000000000048e-04 5.123449784900037732e-03 1.000000000000000000e+00
-2.290249999999999897e+00 1.000000000000000048e-04 5.131387442945176472e-03 1.000000000000000000e+00
-2.289499999999999869e+00 1.000000000000000048e-04 5.139337184311745452e-03 1.000000000000000000e+00
-2.288749999999999840e+00 1.000000000000000048e-04 5.147299026729321159e-03 1.000000000000000000e+00
-2.287999999999999812e+00 1.000000000000000048e-04 5.155272987951440081e-03 1.000000000000000000e+00
-2.287249999999999783e+00 1.000000000000000048e-04 5.163259085755613452e-03 1.000000000000000000e+00
-2.286499999999999755e+00 1.000000000000000048e-04 5.171257337943353273e-03 1.000000000000000000e+00
-2.285749999999999726e+00 1.000000000000000048e-04 5.179267762340212210e-03 1.000000000000000000e+00
-2.285000000000000142e+00 1.000000000000000048e-04 5.187290376795781859e-03 1.000000000000000000e+00
-2.284250000000000114e+00 1.000000000000000048e-04 5.195325199183767340e-03 1.000000000000000000e+00
-2.283500000000000085e+00 1.000000000000000048e-04 5.203372247401949133e-03 1.000000000000000000e+00
-2.282750000000000057e+00 1.000000000000000048e-04 5.211431539372261140e-03 1.000000000000000000e+00
-2.282000000000000028e+00 1.000000000000000048e-04 5.219503093040791554e-03 1.000000000000000000e+00
-2.281250000000000000e+00 1.000000000000000048e-04 5.227586926377814948e-03 1.000000000000000000e+00
-2.280499999999999972e+00 1.000000000000000048e-04 5.235683057377818299e-03 1.000000000000000000e+00
-2.279749999999999943e+00 1.000000000000000048e-04 5.243791504059528742e-03 1.000000000000000000e+00
-2.278999999999999915e+00 1.000000000000000048e-04 5.251912284465934388e-03 1.000000000000000000e+00
-2.278249999999999886e+00 1.000000000000000048e-04 5.260045416664314681e-03 1.000000000000000000e+00
-2.277499999999999858e+00 1.000000000000000048e-04 5.268190918746268152e-03 1.000000000000000000e+00
-2.276749999999999829e+00 1.000000000000000048e-04 5.276348808827730635e-03 1.000000000000000000e+00
-2.275999999999999801e+00 1.000000000000000048e-04 5.284519105049009097e-03 1.000000000000000000e+00
-2.275249999999999773e+00 1.000000000000000048e-04 5.292701825574801580e-03 1.000000000000000000e+00
-2.274499999999999744e+00 1.000000000000000048e-04 5.300896988594229302e-03 1.000000000000000000e+00
-2.273750000000000160e+00 1.000000000000000048e-04 5.309104612320855732e-03 1.000000000000000000e+00
-2.273000000000000131e+00 1.000000000000000048e-04 5.317324714992725625e-03 1.000000000000000000e+00
-2.272250000000000103e+00 1.000000000000000048e-04 5.325557314872372827e-03 1.000000000000000000e+00
-2.271500000000000075e+00 1.000000000000000048e-04 5.333802430246853236e-03 1.000000000000000000e+00
-2.270750000000000046e+00 1.000000000000000048e-04 5.342060079427782965e-03 1.000000000000000000e+00
-2.270000000000000018e+00 1.000000000000000048e-04 5.350330280751343544e-03 1.000000000000000000e+00
-2.269249999999999989e+00 1.000000000000000048e-04 5.358613052578329629e-03 1.000000000000000000e+00
-2.268499999999999961e+00 1.000000000000000048e-04 5.366908413294149867e-03 1.000000000000000000e+00
-2.267749999999999932e+00 1.000000000000000048e-04 5.375216381308882407e-03 1.000000000000000000e+00
-2.266999999999999904e+00 1.000000000000000048e-04 5.383536975057274035e-03 1.000000000000000000e+00
-2.266249999999999876e+00 1.000000000000000048e-04 5.391870212998787874e-03 1.000000000000000000e+00
-2.265499999999999847e+00 1.000000000000000048e-04 5.400216113617609462e-03 1.000000000000000000e+00
-2.264749999999999819e+00 1.000000000000000048e-04 5.408574695422686644e-03 1.000000000000000000e+00
-2.263999999999999790e+00 1.000000000000000048e-04 5.416945976947757334e-03 1.000000000000000000e+00
-2.263249999999999762e+00 1.000000000000000048e-04 5.425329976751361652e-03 1.000000000000000000e+00
-2.262499999999999734e+00 1.000000000000000048e-04 5.433726713416880093e-03 1.000000000000000000e+00
-2.261750000000000149e+00 1.000000000000000048e-04 5.442136205552556075e-03 1.000000000000000000e+00
-2.261000000000000121e+00 1.000000000000000048e-04 5.450558471791526298e-03 1.000000000000000000e+00
-2.260250000000000092e+00 1.000000000000000048e-04 5.458993530791832020e-03 1.000000000000000000e+00
-2.259500000000000064e+00 1.000000000000000048e-04 5.467441401236465028e-03 1.000000000000000000e+00
-2.258750000000000036e+00 1.000000000000000048e-04 5.475902101833379776e-03 1.000000000000000000e+00
-2.258000000000000007e+00 1.000000000000000048e-04 5.484375651315522883e-03 1.000000000000000000e+00
-2.257249999999999979e+00 1.000000000000000048e-04 5.492862068440862618e-03 1.000000000000000000e+00
-2.256499999999999950e+00 1.000000000000000048e-04 5.501361371992412319e-03 1.000000000000000000e+00
-2.255749999999999922e+00 1.000000000000000048e-04 5.509873580778256418e-03 1.000000000000000000e+00
-2.254999999999999893e+00 1.000000000000000048e-04 5.518398713631576455e-03 1.000000000000000000e+00
-2.254249999999999865e+00 1.000000000000000048e-04 5.526936789410681443e-03 1.000000000000000000e+00
-2.253499999999999837e+00 1.000000000000000048e-04 5.535487826999022608e-03 1.000000000000000000e+00
-2.252749999999999808e+00 1.000000000000000048e-04 5.544051845305234157e-03 1.000000000000000000e+00
-2.251999999999999780e+00 1.000000000000000048e-04 5.552628863263151492e-03 1.000000000000000000e+00
-2.251249999999999751e+00 1.000000000000000048e-04 5.561218899831830292e-03 1.000000000000000000e+00
-2.250499999999999723e+00 1.000000000000000048e-04 5.569821973995593353e-03 1.000000000000000000e+00
-2.249750000000000139e+00 1.000000000000000048e-04 5.578438104764029716e-03 1.000000000000000000e+00
-2.249000000000000110e+00 1.000000000000000048e-04 5.587067311172051916e-03 1.000000000000000000e+00
-2.248250000000000082e+00 1.000000000000000048e-04 5.595709612279895113e-03 1.000000000000000000e+00
-2.247500000000000053e+00 1.000000000000000048e-04 5.604365027173146586e-03 1.000000000000000000e+00
-2.246750000000000025e+00 1.000000000000000048e-04 5.613033574962794300e-03 1.000000000000000000e+00
-2.245999999999999996e+00 1.000000000000000048e-04 5.621715274785222573e-03 1.000000000000000000e+00
-2.245249999999999968e+00 1.000000000000000048e-04 5.630410145802262380e-03 1.000000000000000000e+00
-2.244499999999999940e+00 1.000000000000000048e-04 5.639118207201206101e-03 1.000000000000000000e+00
-2.243749999999999911e+00 1.000000000000000048e-04 5.647839478194833542e-03 1.000000000000000000e+00
-2.242999999999999883e+00 1.000000000000000048e-04 5.656573978021442288e-03 1.000000000000000000e+00
-2.242249999999999854e+00 1.000000000000000048e-04 5.665321725944867659e-03 1.000000000000000000e+00
-2.241499999999999826e+00 1.000000000000000048e-04 5.674082741254520001e-03 1.000000000000000000e+00
-2.240749999999999797e+00 1.000000000000000048e-04 5.682857043265398568e-03 1.000000000000000000e+00
-2.239999999999999769e+00 1.000000000000000048e-04 5.691644651318123610e-03 1.000000000000000000e+00
-2.239249999999999741e+00 1.000000000000000048e-04 5.700445584778963265e-03 1.000000000000000000e+00
-2.238500000000000156e+00 1.000000000000000048e-04 5.709259863039852639e-03 1.000000000000000000e+00
-2.237750000000000128e+00 1.000000000000000048e-04 5.718087505518437176e-03 1.000000000000000000e+00
-2.237000000000000099e+00 1.000000000000000048e-04 5.726928531658076992e-03 1.000000000000000000e+00
-2.236250000000000071e+00 1.000000000000000048e-04 5.735782960927890244e-03 1.000000000000000000e+00
-2.235500000000000043e+00 1.000000000000000048e-04 5.744650812822761805e-03 1.000000000000000000e+00
-2.234750000000000014e+00 1.000000000000000048e-04 5.753532106863389235e-03 1.000000000000000000e+00
-2.233999999999999986e+00 1.000000000000000048e-04 5.762426862596298389e-03 1.000000000000000000e+00
-2.233249999999999957e+00 1.000000000000000048e-04 5.771335099593865973e-03 1.000000000000000000e+00
-2.232499999999999929e+00 1.000000000000000048e-04 5.780256837454354236e-03 1.000000000000000000e+00
-2.231749999999999901e+00 1.000000000000000048e-04 5.789192095801933523e-03 1.000000000000000000e+00
-2.230999999999999872e+00 1.000000000000000048e-04 5.798140894286710895e-03 1.000000000000000000e+00
-2.230249999999999844e+00 1.000000000000000048e-04 5.807103252584740541e-03 1.000000000000000000e+00
-2.229499999999999815e+00 1.000000000000000048e-04 5.816079190398080155e-03 1.000000000000000000e+00
-2.228749999999999787e+00 1.000000000000000048e-04 5.825068727454790068e-03 1.000000000000000000e+00
-2.227999999999999758e+00 1.000000000000000048e-04 5.834071883508971414e-03 1.000000000000000000e+00
-2.227249999999999730e+00 1.000000000000000048e-04 5.843088678340788676e-03 1.000000000000000000e+00
-2.226500000000000146e+00 1.000000000000000048e-04 5.852119131756497450e-03 1.000000000000000000e+00
-2.225750000000000117e+00 1.000000000000000048e-04 5.861163263588475662e-03 1.000000000000000000e+00
-2.225000000000000089e+00 1.000000000000000048e-04 5.870221093695240054e-03 1.000000000000000000e+00
-2.224250000000000060e+00 1.000000000000000048e-04 5.879292641961476537e-03 1.000000000000000000e+00
-2.223500000000000032e+00 1.000000000000000048e-04 5.888377928298066215e-03 1.000000000000000000e+00
-2.222750000000000004e+00 1.000000000000000048e-04 5.897476972642112271e-03 1.000000000000000000e+00
-2.221999999999999975e+00 1.000000000000000048e-04 5.906589794956968592e-03 1.000000000000000000e+00
-2.221249999999999947e+00 1.000000000000000048e-04 5.915716415232255380e-03 1.000000000000000000e+00
-2.220499999999999918e+00 1.000000000000000048e-04 5.924856853483903389e-03 1.000000000000000000e+00
-2.219749999999999890e+00 1.000000000000000048e-04 5.934011129754162596e-03 1.000000000000000000e+00
-2.218999999999999861e+00 1.000000000000000048e-04 5.943179264111634295e-03 1.000000000000000000e+00
-2.218249999999999833e+00 1.000000000000000048e-04 5.952361276651303192e-03 1.000000000000000000e+00
-2.217499999999999805e+00 1.000000000000000048e-04 5.961557187494557347e-03 1.000000000000000000e+00
-2.216749999999999776e+00 1.000000000000000048e-04 5.970767016789211602e-03 1.000000000000000000e+00
-2.215999999999999748e+00 1.000000000000000048e-04 5.979990784709541402e-03 1.000000000000000000e+00
-2.215250000000000163e+00 1.000000000000000048e-04 5.989228511456298407e-03 1.000000000000000000e+00
-2.214500000000000135e+00 1.000000000000000048e-04 5.998480217256760803e-03 1.000000000000000000e+00
-2.213750000000000107e+00 1.000000000000000048e-04 6.007745922364724628e-03 1.000000000000000000e+00
-2.213000000000000078e+00 1.000000000000000048e-04 6.017025647060550604e-03 1.000000000000000000e+00
-2.212250000000000050e+00 1.000000000000000048e-04 6.026319411651189298e-03 1.000000000000000000e+00
-2.211500000000000021e+00 1.000000000000000048e-04 6.035627236470207137e-03 1.000000000000000000e+00
-2.210749999999999993e+00 1.000000000000000048e-04 6.044949141877805493e-03 1.000000000000000000e+00
-2.209999999999999964e+00 1.000000000000000048e-04 6.054285148260851041e-03 1.000000000000000000e+00
-2.209249999999999936e+00 1.000000000000000048e-04 6.063635276032905246e-03 1.000000000000000000e+00
-2.208499999999999908e+00 1.000000000000000048e-04 6.072999545634247785e-03 1.000000000000000000e+00
-2.207749999999999879e+00 1.000000000000000048e-04 6.082377977531902569e-03 1.000000000000000000e+00
-2.206999999999999851e+00 1.000000000000000048e-04 6.091770592219656819e-03 1.000000000000000000e+00
-2.206249999999999822e+00 1.000000000000000048e-04 6.101177410218100970e-03 1.000000000000000000e+00
-2.205499999999999794e+00 1.000000000000000048e-04 6.110598452074649488e-03 1.000000000000000000e+00
-2.204749999999999766e+00 1.000000000000000048e-04 6.120033738363556478e-03 1.000000000000000000e+00
-2.203999999999999737e+00 1.000000000000000048e-04 6.129483289685954718e-03 1.000000000000000000e+00
-2.203250000000000153e+00 1.000000000000000048e-04 6.138947126669873876e-03 1.000000000000000000e+00
-2.202500000000000124e+00 1.000000000000000048e-04 6.148425269970283873e-03 1.000000000000000000e+00
-2.201750000000000096e+00 1.000000000000000048e-04 6.157917740269092284e-03 1.000000000000000000e+00
-2.201000000000000068e+00 1.000000000000000048e-04 6.167424558275188574e-03 1.000000000000000000e+00
-2.200250000000000039e+00 1.000000000000000048e-04 6.176945744724468383e-03 1.000000000000000000e+00
-2.199500000000000011e+00 1.000000000000000048e-04 6.186481320379853474e-03 1.000000000000000000e+00
-2.198749999999999982e+00 1.000000000000000048e-04 6.196031306031331634e-03 1.000000000000000000e+00
-2.197999999999999954e+00 1.000000000000000048e-04 6.205595722495966214e-03 1.000000000000000000e+00
-2.197249999999999925e+00 1.000000000000000048e-04 6.215174590617929956e-03 1.000000000000000000e+00
-2.196499999999999897e+00 1.000000000000000048e-04 6.224767931268524943e-03 1.000000000000000000e+00
-2.195749999999999869e+00 1.000000000000000048e-04 6.234375765346230301e-03 1.000000000000000000e+00
-2.194999999999999840e+00 1.000000000000000048e-04 6.243998113776690929e-03 1.000000000000000000e+00
-2.194249999999999812e+00 1.000000000000000048e-04 6.253634997512783414e-03 1.000000000000000000e+00
-2.193499999999999783e+00 1.000000000000000048e-04 6.263286437534607357e-03 1.000000000000000000e+00
-2.192749999999999755e+00 1.000000000000000048e-04 6.272952454849535682e-03 1.000000000000000000e+00
-2.191999999999999726e+00 1.000000000000000048e-04 6.282633070492230250e-03 1.000000000000000000e+00
-2.191250000000000142e+00 1.000000000000000048e-04 6.292328305524661804e-03 1.000000000000000000e+00
-2.190500000000000114e+00 1.000000000000000048e-04 6.302038181036164616e-03 1.000000000000000000e+00
-2.189750000000000085e+00 1.000000000000000048e-04 6.311762718143415669e-03 1.000000000000000000e+00
-2.189000000000000057e+00 1.000000000000000048e-04 6.321501937990504916e-03 1.000000000000000000e+00
-2.188250000000000028e+00 1.000000000000000048e-04 6.331255861748931804e-03 1.000000000000000000e+00
-2.187500000000000000e+00 1.000000000000000048e-04 6.341024510617644314e-03 1.000000000000000000e+00
-2.186749999999999972e+00 1.000000000000000048e-04 6.350807905823068443e-03 1.000000000000000000e+00
-2.185999999999999943e+00 1.000000000000000048e-04 6.360606068619120354e-03 1.000000000000000000e+00
-2.185249999999999915e+00 1.000000000000000048e-04 6.370419020287244535e-03 1.000000000000000000e+00
-2.184499999999999886e+00 1.000000000000000048e-04 6.380246782136430282e-03 1.000000000000000000e+00
-2.183749999999999858e+00 1.000000000000000048e-04 6.390089375503249861e-03 1.000000000000000000e+00
-2.182999999999999829e+00 1.000000000000000048e-04 6.399946821751876722e-03 1.000000000000000000e+00
-2.182249999999999801e+00 1.000000000000000048e-04 6.409819142274105451e-03 1.000000000000000000e+00
-2.181499999999999773e+00 1.000000000000000048e-04 6.419706358489382994e-03 1.000000000000000000e+00
-2.180749999999999744e+00 1.000000000000000048e-04 6.429608491844848554e-03 1.000000000000000000e+00
-2.180000000000000160e+00 1.000000000000000048e-04 6.439525563815324920e-03 1.000000000000000000e+00
-2.179250000000000131e+00 1.000000000000000048e-04 6.449457595903394791e-03 1.000000000000000000e+00
-2.178500000000000103e+00 1.000000000000000048e-04 6.459404609639370423e-03 1.000000000000000000e+00
-2.177750000000000075e+00 1.000000000000000048e-04 6.469366626581360413e-03 1.000000000000000000e+00
-2.177000000000000046e+00 1.000000000000000048e-04 6.479343668315278373e-03 1.000000000000000000e+00
-2.176250000000000018e+00 1.000000000000000048e-04 6.489335756454871554e-03 1.000000000000000000e+00
-2.175499999999999989e+00 1.000000000000000048e-04 6.499342912641747731e-03 1.000000000000000000e+00
-2.174749999999999961e+00 1.000000000000000048e-04 6.509365158545400362e-03 1.000000000000000000e+00
-2.173999999999999932e+00 1.000000000000000048e-04 6.519402515863232869e-03 1.000000000000000000e+00
-2.173249999999999904e+00 1.000000000000000048e-04 6.529455006320588131e-03 1.000000000000000000e+00
-2.172499999999999876e+00 1.000000000000000048e-04 6.539522651670771035e-03 1.000000000000000000e+00
-2.171749999999999847e+00 1.000000000000000048e-04 6.549605473695077965e-03 1.000000000000000000e+00
-2.170999999999999819e+00 1.000000000000000048e-04 6.559703494202813283e-03 1.000000000000000000e+00
-2.170249999999999790e+00 1.000000000000000048e-04 6.569816735031323157e-03 1.000000000000000000e+00
-2.169499999999999762e+00 1.000000000000000048e-04 6.579945218046027652e-03 1.000000000000000000e+00
-2.168749999999999734e+00 1.000000000000000048e-04 6.590088965140430272e-03 1.000000000000000000e+00
-2.168000000000000149e+00 1.000000000000000048e-04 6.600247998236142243e-03 1.000000000000000000e+00
-2.167250000000000121e+00 1.000000000000000048e-04 6.610422339282948437e-03 1.000000000000000000e+00
-2.166500000000000092e+00 1.000000000000000048e-04 6.620612010258772676e-03 1.000000000000000000e+00
-2.165750000000000064e+00 1.000000000000000048e-04 6.630817033169743649e-03 1.000000000000000000e+00
-2.165000000000000036e+00 1.000000000000000048e-04 6.641037430050208794e-03 1.000000000000000000e+00
-2.164250000000000007e+00 1.000000000000000048e-04 6.651273222962761182e-03 1.000000000000000000e+00
-2.163499999999999979e+00 1.000000000000000048e-04 6.661524433998269011e-03 1.000000000000000000e+00
-2.162749999999999950e+00 1.000000000000000048e-04 6.671791085275890348e-03 1.000000000000000000e+00
-2.161999999999999922e+00 1.000000000000000048e-04 6.682073198943108694e-03 1.000000000000000000e+00
-2.161249999999999893e+00 1.000000000000000048e-04 6.692370797175752929e-03 1.000000000000000000e+00
-2.160499999999999865e+00 1.000000000000000048e-04 6.702683902178032879e-03 1.000000000000000000e+00
-2.159749999999999837e+00 1.000000000000000048e-04 6.713012536182547986e-03 1.000000000000000000e+00
-2.158999999999999808e+00 1.000000000000000048e-04 6.723356721450327207e-03 1.000000000000000000e+00
-2.158249999999999780e+00 1.000000000000000048e-04 6.733716480270848098e-03 1.000000000000000000e+00
-2.157499999999999751e+00 1.000000000000000048e-04 6.744091834962062833e-03 1.000000000000000000e+00
-2.156749999999999723e+00 1.000000000000000048e-04 6.754482807870425091e-03 1.000000000000000000e+00
-2.156000000000000139e+00 1.000000000000000048e-04 6.764889421370912613e-03 1.000000000000000000e+00
-2.155250000000000110e+00 1.000000000000000048e-04 6.775311697867067960e-03 1.000000000000000000e+00
-2.154500000000000082e+00 1.000000000000000048e-04 6.785749659790995918e-03 1.000000000000000000e+00
-2.153750000000000053e+00 1.000000000000000048e-04 6.796203329603407728e-03 1.000000000000000000e+00
-2.153000000000000025e+00 1.000000000000000048e-04 6.806672729793647111e-03 1.000000000000000000e+00
-2.152249999999999996e+00 1.000000000000000048e-04 6.817157882879705880e-03 1.000000000000000000e+00
-2.151499999999999968e+00 1.000000000000000048e-04 6.827658811408256895e-03 1.000000000000000000e+00
-2.150749999999999940e+00 1.000000000000000048e-04 6.838175537954681825e-03 1.000000000000000000e+00
-2.149999999999999911e+00 1.000000000000000048e-04 6.848708085123087624e-03 1.000000000000000000e+00
-2.149249999999999883e+00 1.000000000000000048e-04 6.859256475546332554e-03 1.000000000000000000e+00
-2.148499999999999854e+00 1.000000000000000048e-04 6.869820731886065214e-03 1.000000000000000000e+00
-2.147749999999999826e+00 1.000000000000000048e-04 6.880400876832734949e-03 1.000000000000000000e+00
-2.146999999999999797e+00 1.000000000000000048e-04 6.890996933105620476e-03 1.000000000000000000e+00
-2.146249999999999769e+00 1.000000000000000048e-04 6.901608923452855898e-03 1.000000000000000000e+00
-2.145499999999999741e+00 1.000000000000000048e-04 6.912236870651463673e-03 1.000000000000000000e+00
-2.144750000000000156e+00 1.000000000000000048e-04 6.922880797507359810e-03 1.000000000000000000e+00
-2.144000000000000128e+00 1.000000000000000048e-04 6.933540726855417190e-03 1.000000000000000000e+00
-2.143250000000000099e+00 1.000000000000000048e-04 6.944216681559439545e-03 1.000000000000000000e+00
-2.142500000000000071e+00 1.000000000000000048e-04 6.954908684512229981e-03 1.000000000000000000e+00
-2.141750000000000043e+00 1.000000000000000048e-04 6.965616758635590974e-03 1.000000000000000000e+00
-2.141000000000000014e+00 1.000000000000000048e-04 6.976340926880356466e-03 1.000000000000000000e+00
-2.140249999999999986e+00 1.000000000000000048e-04 6.987081212226430894e-03 1.000000000000000000e+00
-2.139499999999999957e+00 1.000000000000000048e-04 6.997837637682786591e-03 1.000000000000000000e+00
-2.138749999999999929e+00 1.000000000000000048e-04 7.008610226287513220e-03 1.000000000000000000e+00
-2.137999999999999901e+00 1.000000000000000048e-04 7.019399001107833394e-03 1.000000000000000000e+00
-2.137249999999999872e+00 1.000000000000000048e-04 7.030203985240123486e-03 1.000000000000000000e+00
-2.136499999999999844e+00 1.000000000000000048e-04 7.041025201809948328e-03 1.000000000000000000e+00
-2.135749999999999815e+00 1.000000000000000048e-04 7.051862673972082024e-03 1.000000000000000000e+00
-2.134999999999999787e+00 1.000000000000000048e-04 7.062716424910525301e-03 1.000000000000000000e+00
-2.134249999999999758e+00 1.000000000000000048e-04 7.073586477838548006e-03 1.000000000000000000e+00
-2.133499999999999730e+00 1.000000000000000048e-04 7.084472855998693447e-03 1.000000000000000000e+00
-2.132750000000000146e+00 1.000000000000000048e-04 7.095375582662814817e-03 1.000000000000000000e+00
-2.132000000000000117e+00 1.000000000000000048e-04 7.106294681132110762e-03 1.000000000000000000e+00
-2.131250000000000089e+00 1.000000000000000048e-04 7.117230174737126241e-03 1.000000000000000000e+00
-2.130500000000000060e+00 1.000000000000000048e-04 7.128182086837795035e-03 1.000000000000000000e+00
-2.129750000000000032e+00 1.000000000000000048e-04 7.139150440823455353e-03 1.000000000000000000e+00
-2.129000000000000004e+00 1.000000000000000048e-04 7.150135260112880191e-03 1.000000000000000000e+00
-2.128249999999999975e+00 1.000000000000000048e-04 7.161136568154302488e-03 1.000000000000000000e+00
-2.127499999999999947e+00 1.000000000000000048e-04 7.172154388425436809e-03 1.000000000000000000e+00
-2.126749999999999918e+00 1.000000000000000048e-04 7.183188744433503629e-03 1.000000000000000000e+00
-2.125999999999999890e+00 1.000000000000000048e-04 7.194239659715261428e-03 1.000000000000000000e+00
-2.125249999999999861e+00 1.000000000000000048e-04 7.205307157837020568e-03 1.000000000000000000e+00
-2.124499999999999833e+00 1.000000000000000048e-04 7.216391262394673649e-03 1.000000000000000000e+00
-2.123749999999999805e+00 1.000000000000000048e-04 7.227491997013721532e-03 1.000000000000000000e+00
-2.122999999999999776e+00 1.000000000000000048e-04 7.238609385349299361e-03 1.000000000000000000e+00
-2.122249999999999748e+00 1.000000000000000048e-04 7.249743451086193037e-03 1.000000000000000000e+00
-2.121499999999999719e+00 1.000000000000000048e-04 7.260894217938874788e-03 1.000000000000000000e+00
-2.120750000000000135e+00 1.000000000000000048e-04 7.272061709651510969e-03 1.000000000000000000e+00
-2.120000000000000107e+00 1.000000000000000048e-04 7.283245949998020177e-03 1.000000000000000000e+00
-2.119250000000000078e+00 1.000000000000000048e-04 7.294446962782055038e-03 1.000000000000000000e+00
-2.118500000000000050e+00 1.000000000000000048e-04 7.305664771837055115e-03 1.000000000000000000e+00
-2.117750000000000021e+00 1.000000000000000048e-04 7.316899401026264252e-03 1.000000000000000000e+00
-2.116999999999999993e+00 1.000000000000000048e-04 7.328150874242749663e-03 1.000000000000000000e+00
-2.116249999999999964e+00 1.000000000000000048e-04 7.339419215409440089e-03 1.000000000000000000e+00
-2.115499999999999936e+00 1.000000000000000048e-04 7.350704448479135344e-03 1.000000000000000000e+00
-2.114749999999999908e+00 1.000000000000000048e-04 7.362006597434539272e-03 1.000000000000000000e+00
-2.113999999999999879e+00 1.000000000000000048e-04 7.373325686288276226e-03 1.000000000000000000e+00
-2.113249999999999851e+00 1.000000000000000048e-04 7.384661739082934440e-03 1.000000000000000000e+00
-2.112499999999999822e+00 1.000000000000000048e-04 7.396014779891066024e-03 1.000000000000000000e+00
-2.111749999999999794e+00 1.000000000000000048e-04 7.407384832815224265e-03 1.000000000000000000e+00
-2.110999999999999766e+00 1.000000000000000048e-04 7.418771921987988779e-03 1.000000000000000000e+00
-2.110249999999999737e+00 1.000000000000000048e-04 7.430176071571986327e-03 1.000000000000000000e+00
-2.109500000000000153e+00 1.000000000000000048e-04 7.441597305759908160e-03 1.000000000000000000e+00
-2.108750000000000124e+00 1.000000000000000048e-04 7.453035648774566403e-03 1.000000000000000000e+00
-2.108000000000000096e+00 1.000000000000000048e-04 7.464491124868868031e-03 1.000000000000000000e+00
-2.107250000000000068e+00 1.000000000000000048e-04 7.475963758325874717e-03 1.000000000000000000e+00
-2.106500000000000039e+00 1.000000000000000048e-04 7.487453573458821912e-03 1.000000000000000000e+00
-2.105750000000000011e+00 1.000000000000000048e-04 7.498960594611127524e-03 1.000000000000000000e+00
-2.104999999999999982e+00 1.000000000000000048e-04 7.510484846156437015e-03 1.000000000000000000e+00
-2.104249999999999954e+00 1.000000000000000048e-04 7.522026352498636416e-03 1.000000000000000000e+00
-2.103499999999999925e+00 1.000000000000000048e-04 7.533585138071872273e-03 1.000000000000000000e+00
-2.102749999999999897e+00 1.000000000000000048e-04 7.545161227340585475e-03 1.000000000000000000e+00
-2.101999999999999869e+00 1.000000000000000048e-04 7.556754644799530338e-03 1.000000000000000000e+00
-2.101249999999999840e+00 1.000000000000000048e-04 7.568365414973795419e-03 1.000000000000000000e+00
-2.100499999999999812e+00 1.000000000000000048e-04 7.579993562418838211e-03 1.000000000000000000e+00
-2.099749999999999783e+00 1.000000000000000048e-04 7.591639111720495554e-03 1.000000000000000000e+00
-2.098999999999999755e+00 1.000000000000000048e-04 7.603302087495018326e-03 1.000000000000000000e+00
-2.098249999999999726e+00 1.000000000000000048e-04 7.614982514389088790e-03 1.000000000000000000e+00
-2.097500000000000142e+00 1.000000000000000048e-04 7.626680417079837078e-03 1.000000000000000000e+00
-2.096750000000000114e+00 1.000000000000000048e-04 7.638395820274904505e-03 1.000000000000000000e+00
-2.096000000000000085e+00 1.000000000000000048e-04 7.650128748712408007e-03 1.000000000000000000e+00
-2.095250000000000057e+00 1.000000000000000048e-04 7.661879227161006063e-03 1.000000000000000000e+00
-2.094500000000000028e+00 1.000000000000000048e-04 7.673647280419902163e-03 1.000000000000000000e+00
-2.093750000000000000e+00 1.000000000000000048e-04 7.685432933318887307e-03 1.000000000000000000e+00
-2.092999999999999972e+00 1.000000000000000048e-04 7.697236210718344344e-03 1.000000000000000000e+00
-2.092249999999999943e+00 1.000000000000000048e-04 7.709057137509282669e-03 1.000000000000000000e+00
-2.091499999999999915e+00 1.000000000000000048e-04 7.720895738613360766e-03 1.000000000000000000e+00
-2.090749999999999886e+00 1.000000000000000048e-04 7.732752038982901831e-03 1.000000000000000000e+00
-2.089999999999999858e+00 1.000000000000000048e-04 7.744626063600935396e-03 1.000000000000000000e+00
-2.089249999999999829e+00 1.000000000000000048e-04 7.756517837481201674e-03 1.000000000000000000e+00
-2.088499999999999801e+00 1.000000000000000048e-04 7.768427385668178441e-03 1.000000000000000000e+00
-2.087749999999999773e+00 1.000000000000000048e-04 7.780354733237114864e-03 1.000000000000000000e+00
-2.086999999999999744e+00 1.000000000000000048e-04 7.792299905294050588e-03 1.000000000000000000e+00
-2.086250000000000160e+00 1.000000000000000048e-04 7.804262926975823536e-03 1.000000000000000000e+00
-2.085500000000000131e+00 1.000000000000000048e-04 7.816243823450138434e-03 1.000000000000000000e+00
-2.084750000000000103e+00 1.000000000000000048e-04 7.828242619915522574e-03 1.000000000000000000e+00
-2.084000000000000075e+00 1.000000000000000048e-04 7.840259341601407347e-03 1.000000000000000000e+00
-2.083250000000000046e+00 1.000000000000000048e-04 7.852294013768124775e-03 1.000000000000000000e+00
-2.082500000000000018e+00 1.000000000000000048e-04 7.864346661706930058e-03 1.000000000000000000e+00
-2.081749999999999989e+00 1.000000000000000048e-04 7.876417310740039743e-03 1.000000000000000000e+00
-2.080999999999999961e+00 1.000000000000000048e-04 7.888505986220635188e-03 1.000000000000000000e+00
-2.080249999999999932e+00 1.000000000000000048e-04 7.900612713532902467e-03 1.000000000000000000e+00
-2.079499999999999904e+00 1.000000000000000048e-04 7.912737518092053182e-03 1.000000000000000000e+00
-2.078749999999999876e+00 1.000000000000000048e-04 7.924880425344336607e-03 1.000000000000000000e+00
-2.077999999999999847e+00 1.000000000000000048e-04 7.937041460767070913e-03 1.000000000000000000e+00
-2.077249999999999819e+00 1.000000000000000048e-04 7.949220649868667457e-03 1.000000000000000000e+00
-2.076499999999999790e+00 1.000000000000000048e-04 7.961418018188649859e-03 1.000000000000000000e+00
-2.075749999999999762e+00 1.000000000000000048e-04 7.973633591297676557e-03 1.000000000000000000e+00
-2.074999999999999734e+00 1.000000000000000048e-04 7.985867394797566826e-03 1.000000000000000000e+00
-2.074250000000000149e+00 1.000000000000000048e-04 7.998119454321318128e-03 1.000000000000000000e+00
-2.073500000000000121e+00 1.000000000000000048e-04 8.010389795533152946e-03 1.000000000000000000e+00
-2.072750000000000092e+00 1.000000000000000048e-04 8.022678444128501438e-03 1.000000000000000000e+00
-2.072000000000000064e+00 1.000000000000000048e-04 8.034985425834043071e-03 1.000000000000000000e+00
-2.071250000000000036e+00 1.000000000000000048e-04 8.047310766407746521e-03 1.000000000000000000e+00
-2.070500000000000007e+00 1.000000000000000048e-04 8.059654491638867935e-03 1.000000000000000000e+00
-2.069749999999999979e+00 1.000000000000000048e-04 8.072016627347987361e-03 1.000000000000000000e+00
-2.068999999999999950e+00 1.000000000000000048e-04 8.084397199387010485e-03 1.000000000000000000e+00
-2.068249999999999922e+00 1.000000000000000048e-04 8.096796233639232815e-03 1.000000000000000000e+00
-2.067499999999999893e+00 1.000000000000000048e-04 8.109213756019317126e-03 1.000000000000000000e+00
-2.066749999999999865e+00 1.000000000000000048e-04 8.121649792473345508e-03 1.000000000000000000e+00
-2.065999999999999837e+00 1.000000000000000048e-04 8.134104368978829769e-03 1.000000000000000000e+00
-2.065249999999999808e+00 1.000000000000000048e-04 8.146577511544728784e-03 1.000000000000000000e+00
-2.064499999999999780e+00 1.000000000000000048e-04 8.159069246211498802e-03 1.000000000000000000e+00
-2.063749999999999751e+00 1.000000000000000048e-04 8.171579599051070897e-03 1.000000000000000000e+00
-2.062999999999999723e+00 1.000000000000000048e-04 8.184108596166909944e-03 1.000000000000000000e+00
-2.062250000000000139e+00 1.000000000000000048e-04 8.196656263694025030e-03 1.000000000000000000e+00
-2.061500000000000110e+00 1.000000000000000048e-04 8.209222627798993741e-03 1.000000000000000000e+00
-2.060750000000000082e+00 1.000000000000000048e-04 8.221807714679974302e-03 1.000000000000000000e+00
-2.060000000000000053e+00 1.000000000000000048e-04 8.234411550566743745e-03 1.000000000000000000e+00
-2.059250000000000025e+00 1.000000000000000048e-04 8.247034161720704845e-03 1.000000000000000000e+00
-2.058499999999999996e+00 1.000000000000000048e-04 8.259675574434920814e-03 1.000000000000000000e+00
-2.057749999999999968e+00 1.000000000000000048e-04 8.272335815034123976e-03 1.000000000000000000e+00
-2.056999999999999940e+00 1.000000000000000048e-04 8.285014909874757402e-03 1.000000000000000000e+00
-2.056249999999999911e+00 1.000000000000000048e-04 8.297712885344974906e-03 1.000000000000000000e+00
-2.055499999999999883e+00 1.000000000000000048e-04 8.310429767864679212e-03 1.000000000000000000e+00
-2.054749999999999854e+00 1.000000000000000048e-04 8.323165583885537566e-03 1.000000000000000000e+00
-2.053999999999999826e+00 1.000000000000000048e-04 8.335920359891004286e-03 1.000000000000000000e+00
-2.053249999999999797e+00 1.000000000000000048e-04 8.348694122396331171e-03 1.000000000000000000e+00
-2.052499999999999769e+00 1.000000000000000048e-04 8.361486897948623015e-03 1.000000000000000000e+00
-2.051749999999999741e+00 1.000000000000000048e-04 8.374298713126811580e-03 1.000000000000000000e+00
-2.051000000000000156e+00 1.000000000000000048e-04 8.387129594541716318e-03 1.000000000000000000e+00
-2.050250000000000128e+00 1.000000000000000048e-04 8.399979568836061714e-03 1.000000000000000000e+00
-2.049500000000000099e+00 1.000000000000000048e-04 8.412848662684468612e-03 1.000000000000000000e+00
-2.048750000000000071e+00 1.000000000000000048e-04 8.425736902793511465e-03 1.000000000000000000e+00
-2.048000000000000043e+00 1.000000000000000048e-04 8.438644315901711393e-03 1.000000000000000000e+00
-2.047250000000000014e+00 1.000000000000000048e-04 8.451570928779588224e-03 1.000000000000000000e+00
-2.046499999999999986e+00 1.000000000000000048e-04 8.464516768229653557e-03 1.000000000000000000e+00
-2.045749999999999957e+00 1.000000000000000048e-04 8.477481861086441986e-03 1.000000000000000000e+00
-2.044999999999999929e+00 1.000000000000000048e-04 8.490466234216544061e-03 1.000000000000000000e+00
-2.044249999999999901e+00 1.000000000000000048e-04 8.503469914518609757e-03 1.000000000000000000e+00
-2.043499999999999872e+00 1.000000000000000048e-04 8.516492928923377961e-03 1.000000000000000000e+00
-2.042749999999999844e+00 1.000000000000000048e-04 8.529535304393700765e-03 1.000000000000000000e+00
-2.041999999999999815e+00 1.000000000000000048e-04 8.542597067924557336e-03 1.000000000000000000e+00
-2.041249999999999787e+00 1.000000000000000048e-04 8.555678246543090351e-03 1.000000000000000000e+00
-2.040499999999999758e+00 1.000000000000000048e-04 8.568778867308593852e-03 1.000000000000000000e+00
-2.039749999999999730e+00 1.000000000000000048e-04 8.581898957312572226e-03 1.000000000000000000e+00
-2.039000000000000146e+00 1.000000000000000048e-04 8.595038543678738471e-03 1.000000000000000000e+00
-2.038250000000000117e+00 1.000000000000000048e-04 8.608197653563055829e-03 1.000000000000000000e+00
-2.037500000000000089e+00 1.000000000000000048e-04 8.621376314153729112e-03 1.000000000000000000e+00
-2.036750000000000060e+00 1.000000000000000048e-04 8.634574552671242867e-03 1.000000000000000000e+00
-2.036000000000000032e+00 1.000000000000000048e-04 8.647792396368380458e-03 1.000000000000000000e+00
-2.035250000000000004e+00 1.000000000000000048e-04 8.661029872530253554e-03 1.000000000000000000e+00
-2.034499999999999975e+00 1.000000000000000048e-04 8.674287008474303867e-03 1.000000000000000000e+00
-2.033749999999999947e+00 1.000000000000000048e-04 8.687563831550337845e-03 1.000000000000000000e+00
-2.032999999999999918e+00 1.000000000000000048e-04 8.700860369140550957e-03 1.000000000000000000e+00
-2.032249999999999890e+00 1.000000000000000048e-04 8.714176648659517285e-03 1.000000000000000000e+00
-2.031499999999999861e+00 1.000000000000000048e-04 8.727512697554264121e-03 1.000000000000000000e+00
-2.030749999999999833e+00 1.000000000000000048e-04 8.740868543304242469e-03 1.000000000000000000e+00
-2.029999999999999805e+00 1.000000000000000048e-04 8.754244213421368687e-03 1.000000000000000000e+00
-2.029249999999999776e+00 1.000000000000000048e-04 8.767639735450045296e-03 1.000000000000000000e+00
-2.028499999999999748e+00 1.000000000000000048e-04 8.781055136967185273e-03 1.000000000000000000e+00
-2.027749999999999719e+00 1.000000000000000048e-04 8.794490445582217250e-03 1.000000000000000000e+00
-2.027000000000000135e+00 1.000000000000000048e-04 8.807945688937108067e-03 1.000000000000000000e+00
-2.026250000000000107e+00 1.000000000000000048e-04 8.821420894706418284e-03 1.000000000000000000e+00
-2.025500000000000078e+00 1.000000000000000048e-04 8.834916090597257077e-03 1.000000000000000000e+00
-2.024750000000000050e+00 1.000000000000000048e-04 8.848431304349370710e-03 1.000000000000000000e+00
-2.024000000000000021e+00 1.000000000000000048e-04 8.861966563735099167e-03 1.000000000000000000e+00
-2.023249999999999993e+00 1.000000000000000048e-04 8.875521896559454213e-03 1.000000000000000000e+00
-2.022499999999999964e+00 1.000000000000000048e-04 8.889097330660100313e-03 1.000000000000000000e+00
-2.021749999999999936e+00 1.000000000000000048e-04 8.902692893907385857e-03 1.000000000000000000e+00
-2.020999999999999908e+00 1.000000000000000048e-04 8.916308614204367447e-03 1.000000000000000000e+00
-2.020249999999999879e+00 1.000000000000000048e-04 8.929944519486823773e-03 1.000000000000000000e+00
-2.019499999999999851e+00 1.000000000000000048e-04 8.943600637723285104e-03 1.000000000000000000e+00
-2.018749999999999822e+00 1.000000000000000048e-04 8.957276996915022882e-03 1.000000000000000000e+00
-2.017999999999999794e+00 1.000000000000000048e-04 8.970973625096127779e-03 1.000000000000000000e+00
-2.017249999999999766e+00 1.000000000000000048e-04 8.984690550333457662e-03 1.000000000000000000e+00
-2.016499999999999737e+00 1.000000000000000048e-04 8.998427800726720854e-03 1.000000000000000000e+00
-2.015750000000000153e+00 1.000000000000000048e-04 9.012185404408437975e-03 1.000000000000000000e+00
-2.015000000000000124e+00 1.000000000000000048e-04 9.025963389544025203e-03 1.000000000000000000e+00
-2.014250000000000096e+00 1.000000000000000048e-04 9.039761784331763056e-03 1.000000000000000000e+00
-2.013500000000000068e+00 1.000000000000000048e-04 9.053580617002820671e-03 1.000000000000000000e+00
-2.012750000000000039e+00 1.000000000000000048e-04 9.067419915821295709e-03 1.000000000000000000e+00
-2.012000000000000011e+00 1.000000000000000048e-04 9.081279709084229962e-03 1.000000000000000000e+00
-2.011249999999999982e+00 1.000000000000000048e-04 9.095160025121614561e-03 1.000000000000000000e+00
-2.010499999999999954e+00 1.000000000000000048e-04 9.109060892296417730e-03 1.000000000000000000e+00
-2.009749999999999925e+00 1.000000000000000048e-04 9.122982339004609073e-03 1.000000000000000000e+00
-2.008999999999999897e+00 1.000000000000000048e-04 9.136924393675159572e-03 1.000000000000000000e+00
-2.008249999999999869e+00 1.000000000000000048e-04 9.150887084770084959e-03 1.000000000000000000e+00
-2.007499999999999840e+00 1.000000000000000048e-04 9.164870440784447445e-03 1.000000000000000000e+00
-2.006749999999999812e+00 1.000000000000000048e-04 9.178874490246385215e-03 1.000000000000000000e+00
-2.005999999999999783e+00 1.000000000000000048e-04 9.192899261717122836e-03 1.000000000000000000e+00
-2.005249999999999755e+00 1.000000000000000048e-04 9.206944783790985132e-03 1.000000000000000000e+00
-2.004499999999999726e+00 1.000000000000000048e-04 9.221011085095430146e-03 1.000000000000000000e+00
-2.003750000000000142e+00 1.000000000000000048e-04 9.235098194291056078e-03 1.000000000000000000e+00
-2.003000000000000114e+00 1.000000000000000048e-04 9.249206140071646390e-03 1.000000000000000000e+00
-2.002250000000000085e+00 1.000000000000000048e-04 9.263334951164136841e-03 1.000000000000000000e+00
-2.001500000000000057e+00 1.000000000000000048e-04 9.277484656328679677e-03 1.000000000000000000e+00
-2.000750000000000028e+00 1.000000000000000048e-04 9.291655284358643629e-03 1.000000000000000000e+00
-2.000000000000000000e+00 1.000000000000000048e-04 9.305846864080626057e-03 1.000000000000000000e+00
-1.999249999999999972e+00 1.000000000000000048e-04 9.320059424354491112e-03 1.000000000000000000e+00
-1.998499999999999943e+00 1.000000000000000048e-04 9.334292994073362798e-03 1.000000000000000000e+00
-1.997749999999999915e+00 1.000000000000000048e-04 9.348547602163668341e-03 1.000000000000000000e+00
-1.996999999999999886e+00 1.000000000000000048e-04 9.362823277585139922e-03 1.000000000000000000e+00
-1.996249999999999858e+00 1.000000000000000048e-04 9.377120049330837231e-03 1.000000000000000000e+00
-1.995499999999999829e+00 1.000000000000000048e-04 9.391437946427157873e-03 1.000000000000000000e+00
-1.994749999999999801e+00 1.000000000000000048e-04 9.405776997933866859e-03 1.000000000000000000e+00
-1.993999999999999773e+00 1.000000000000000048e-04 9.420137232944113953e-03 1.000000000000000000e+00
-1.993249999999999744e+00 1.000000000000000048e-04 9.434518680584438877e-03 1.000000000000000000e+00
-1.992499999999999716e+00 1.000000000000000048e-04 9.448921370014800800e-03 1.000000000000000000e+00
-1.991750000000000131e+00 1.000000000000000048e-04 9.463345330428587013e-03 1.000000000000000000e+00
-1.991000000000000103e+00 1.000000000000000048e-04 9.477790591052651092e-03 1.000000000000000000e+00
-1.990250000000000075e+00 1.000000000000000048e-04 9.492257181147300757e-03 1.000000000000000000e+00
-1.989500000000000046e+00 1.000000000000000048e-04 9.506745130006318684e-03 1.000000000000000000e+00
-1.988750000000000018e+00 1.000000000000000048e-04 9.521254466957018020e-03 1.000000000000000000e+00
-1.987999999999999989e+00 1.000000000000000048e-04 9.535785221360209424e-03 1.000000000000000000e+00
-1.987249999999999961e+00 1.000000000000000048e-04 9.550337422610240962e-03 1.000000000000000000e+00
-1.986499999999999932e+00 1.000000000000000048e-04 9.564911100135025865e-03 1.000000000000000000e+00
-1.985749999999999904e+00 1.000000000000000048e-04 9.579506283396044264e-03 1.000000000000000000e+00
-1.984999999999999876e+00 1.000000000000000048e-04 9.594123001888360536e-03 1.000000000000000000e+00
-1.984249999999999847e+00 1.000000000000000048e-04 9.608761285140644121e-03 1.000000000000000000e+00
-1.983499999999999819e+00 1.000000000000000048e-04 9.623421162715192073e-03 1.000000000000000000e+00
-1.982749999999999790e+00 1.000000000000000048e-04 9.638102664207930798e-03 1.000000000000000000e+00
-1.981999999999999762e+00 1.000000000000000048e-04 9.652805819248445537e-03 1.000000000000000000e+00
-1.981249999999999734e+00 1.000000000000000048e-04 9.667530657499997723e-03 1.000000000000000000e+00
-1.980500000000000149e+00 1.000000000000000048e-04 9.682277208659518034e-03 1.000000000000000000e+00
-1.979750000000000121e+00 1.000000000000000048e-04 9.697045502457677518e-03 1.000000000000000000e+00
-1.979000000000000092e+00 1.000000000000000048e-04 9.711835568658837292e-03 1.000000000000000000e+00
-1.978250000000000064e+00 1.000000000000000048e-04 9.726647437061095372e-03 1.000000000000000000e+00
-1.977500000000000036e+00 1.000000000000000048e-04 9.741481137496326576e-03 1.000000000000000000e+00
-1.976750000000000007e+00 1.000000000000000048e-04 9.756336699830151296e-03 1.000000000000000000e+00
-1.975999999999999979e+00 1.000000000000000048e-04 9.771214153961991014e-03 1.000000000000000000e+00
-1.975249999999999950e+00 1.000000000000000048e-04 9.786113529825061358e-03 1.000000000000000000e+00
-1.974499999999999922e+00 1.000000000000000048e-04 9.801034857386396390e-03 1.000000000000000000e+00
-1.973749999999999893e+00 1.000000000000000048e-04 9.815978166646862485e-03 1.000000000000000000e+00
-1.972999999999999865e+00 1.000000000000000048e-04 9.830943487641186085e-03 1.000000000000000000e+00
-1.972249999999999837e+00 1.000000000000000048e-04 9.845930850437945026e-03 1.000000000000000000e+00
-1.971499999999999808e+00 1.000000000000000048e-04 9.860940285139598027e-03 1.000000000000000000e+00
-1.970749999999999780e+00 1.000000000000000048e-04 9.875971821882510715e-03 1.000000000000000000e+00
-1.969999999999999751e+00 1.000000000000000048e-04 9.891025490836959089e-03 1.000000000000000000e+00
-1.969249999999999723e+00 1.000000000000000048e-04 9.906101322207139931e-03 1.000000000000000000e+00
-1.968500000000000139e+00 1.000000000000000048e-04 9.921199346231182950e-03 1.000000000000000000e+00
-1.967750000000000110e+00 1.000000000000000048e-04 9.936319593181209761e-03 1.000000000000000000e+00
-1.967000000000000082e+00 1.000000000000000048e-04 9.951462093363287048e-03 1.000000000000000000e+00
-1.966250000000000053e+00 1.000000000000000048e-04 9.966626877117473401e-03 1.000000000000000000e+00
-1.965500000000000025e+00 1.000000000000000048e-04 9.981813974817831461e-03 1.000000000000000000e+00
-1.964749999999999996e+00 1.000000000000000048e-04 9.997023416872453938e-03 1.000000000000000000e+00
-1.963999999999999968e+00 1.000000000000000048e-04 1.001225523372345320e-02 1.000000000000000000e+00
-1.963249999999999940e+00 1.000000000000000048e-04 1.002750945584699772e-02 1.000000000000000000e+00
-1.962499999999999911e+00 1.000000000000000048e-04 1.004278611375331552e-02 1.000000000000000000e+00
-1.961749999999999883e+00 1.000000000000000048e-04 1.005808523798671326e-02 1.000000000000000000e+00
-1.960999999999999854e+00 1.000000000000000048e-04 1.007340685912558494e-02 1.000000000000000000e+00
-1.960249999999999826e+00 1.000000000000000048e-04 1.008875100778244306e-02 1.000000000000000000e+00
-1.959499999999999797e+00 1.000000000000000048e-04 1.010411771460391003e-02 1.000000000000000000e+00
-1.958749999999999769e+00 1.000000000000000048e-04 1.011950701027075628e-02 1.000000000000000000e+00
-1.957999999999999741e+00 1.000000000000000048e-04 1.013491892549788984e-02 1.000000000000000000e+00
-1.957250000000000156e+00 1.000000000000000048e-04 1.015035349103437720e-02 1.000000000000000000e+00
-1.956500000000000128e+00 1.000000000000000048e-04 1.016581073766349881e-02 1.000000000000000000e+00
-1.955750000000000099e+00 1.000000000000000048e-04 1.018129069620268487e-02 1.000000000000000000e+00
-1.955000000000000071e+00 1.000000000000000048e-04 1.019679339750359862e-02 1.000000000000000000e+00
-1.954250000000000043e+00 1.000000000000000048e-04 1.021231887245210856e-02 1.000000000000000000e+00
-1.953500000000000014e+00 1.000000000000000048e-04 1.022786715196833188e-02 1.000000000000000000e+00
-1.952749999999999986e+00 1.000000000000000048e-04 1.024343826700661528e-02 1.000000000000000000e+00
-1.951999999999999957e+00 1.000000000000000048e-04 1.025903224855559057e-02 1.000000000000000000e+00
-1.951249999999999929e+00 1.000000000000000048e-04 1.027464912763813992e-02 1.000000000000000000e+00
-1.950499999999999901e+00 1.000000000000000048e-04 1.029028893531144968e-02 1.000000000000000000e+00
-1.949749999999999872e+00 1.000000000000000048e-04 1.030595170266701034e-02 1.000000000000000000e+00
-1.948999999999999844e+00 1.000000000000000048e-04 1.032163746083061481e-02 1.000000000000000000e+00
-1.948249999999999815e+00 1.000000000000000048e-04 1.033734624096239660e-02 1.000000000000000000e+00
-1.947499999999999787e+00 1.000000000000000048e-04 1.035307807425682285e-02 1.000000000000000000e+00
-1.946749999999999758e+00 1.000000000000000048e-04 1.036883299194271864e-02 1.000000000000000000e+00
-1.945999999999999730e+00 1.000000000000000048e-04 1.038461102528328087e-02 1.000000000000000000e+00
-1.945250000000000146e+00 1.000000000000000048e-04 1.040041220557607130e-02 1.000000000000000000e+00
-1.944500000000000117e+00 1.000000000000000048e-04 1.041623656415307901e-02 1.000000000000000000e+00
-1.943750000000000089e+00 1.000000000000000048e-04 1.043208413238066838e-02 1.000000000000000000e+00
-1.943000000000000060e+00 1.000000000000000048e-04 1.044795494165962589e-02 1.000000000000000000e+00
-1.942250000000000032e+00 1.000000000000000048e-04 1.046384902342517922e-02 1.000000000000000000e+00
-1.941500000000000004e+00 1.000000000000000048e-04 1.047976640914700074e-02 1.000000000000000000e+00
-1.940749999999999975e+00 1.000000000000000048e-04 1.049570713032921265e-02 1.000000000000000000e+00
-1.939999999999999947e+00 1.000000000000000048e-04 1.051167121851041136e-02 1.000000000000000000e+00
-1.939249999999999918e+00 1.000000000000000048e-04 1.052765870526366741e-02 1.000000000000000000e+00
-1.938499999999999890e+00 1.000000000000000048e-04 1.054366962219654980e-02 1.000000000000000000e+00
-1.937749999999999861e+00 1.000000000000000048e-04 1.055970400095112595e-02 1.000000000000000000e+00
-1.936999999999999833e+00 1.000000000000000048e-04 1.057576187320398951e-02 1.000000000000000000e+00
-1.936249999999999805e+00 1.000000000000000048e-04 1.059184327066625859e-02 1.000000000000000000e+00
-1.935499999999999776e+00 1.000000000000000048e-04 1.060794822508359658e-02 1.000000000000000000e+00
-1.934749999999999748e+00 1.000000000000000048e-04 1.062407676823620174e-02 1.000000000000000000e+00
-1.933999999999999719e+00 1.000000000000000048e-04 1.064022893193886793e-02 1.000000000000000000e+00
-1.933250000000000135e+00 1.000000000000000048e-04 1.065640474804091867e-02 1.000000000000000000e+00
-1.932500000000000107e+00 1.000000000000000048e-04 1.067260424842631297e-02 1.000000000000000000e+00
-1.931750000000000078e+00 1.000000000000000048e-04 1.068882746501358290e-02 1.000000000000000000e+00
-1.931000000000000050e+00 1.000000000000000048e-04 1.070507442975586823e-02 1.000000000000000000e+00
-1.930250000000000021e+00 1.000000000000000048e-04 1.072134517464093557e-02 1.000000000000000000e+00
-1.929499999999999993e+00 1.000000000000000048e-04 1.073763973169118008e-02 1.000000000000000000e+00
-1.928749999999999964e+00 1.000000000000000048e-04 1.075395813296363932e-02 1.000000000000000000e+00
-1.927999999999999936e+00 1.000000000000000048e-04 1.077030041055000720e-02 1.000000000000000000e+00
-1.927249999999999908e+00 1.000000000000000048e-04 1.078666659657663562e-02 1.000000000000000000e+00
-1.926499999999999879e+00 1.000000000000000048e-04 1.080305672320455365e-02 1.000000000000000000e+00
-1.925749999999999851e+00 1.000000000000000048e-04 1.081947082262948653e-02 1.000000000000000000e+00
-1.924999999999999822e+00 1.000000000000000048e-04 1.083590892708183838e-02 1.000000000000000000e+00
-1.924249999999999794e+00 1.000000000000000048e-04 1.085237106882671991e-02 1.000000000000000000e+00
-1.923499999999999766e+00 1.000000000000000048e-04 1.086885728016397622e-02 1.000000000000000000e+00
-1.922749999999999737e+00 1.000000000000000048e-04 1.088536759342815727e-02 1.000000000000000000e+00
-1.922000000000000153e+00 1.000000000000000048e-04 1.090190204098855954e-02 1.000000000000000000e+00
-1.921250000000000124e+00 1.000000000000000048e-04 1.091846065524923644e-02 1.000000000000000000e+00
-1.920500000000000096e+00 1.000000000000000048e-04 1.093504346864898093e-02 1.000000000000000000e+00
-1.919750000000000068e+00 1.000000000000000048e-04 1.095165051366135851e-02 1.000000000000000000e+00
-1.919000000000000039e+00 1.000000000000000048e-04 1.096828182279470376e-02 1.000000000000000000e+00
-1.918250000000000011e+00 1.000000000000000048e-04 1.098493742859215326e-02 1.000000000000000000e+00
-1.917499999999999982e+00 1.000000000000000048e-04 1.100161736363162134e-02 1.000000000000000000e+00
-1.916749999999999954e+00 1.000000000000000048e-04 1.101832166052583648e-02 1.000000000000000000e+00
-1.915999999999999925e+00 1.000000000000000048e-04 1.103505035192233960e-02 1.000000000000000000e+00
-1.915249999999999897e+00 1.000000000000000048e-04 1.105180347050349274e-02 1.000000000000000000e+00
-1.914499999999999869e+00 1.000000000000000048e-04 1.106858104898648075e-02 1.000000000000000000e+00
-1.913749999999999840e+00 1.000000000000000048e-04 1.108538312012335124e-02 1.000000000000000000e+00
-1.912999999999999812e+00 1.000000000000000048e-04 1.110220971670098158e-02 1.000000000000000000e+00
-1.912249999999999783e+00 1.000000000000000048e-04 1.111906087154112231e-02 1.000000000000000000e+00
-1.911499999999999755e+00 1.000000000000000048e-04 1.113593661750037454e-02 1.000000000000000000e+00
-1.910749999999999726e+00 1.000000000000000048e-04 1.115283698747022642e-02 1.000000000000000000e+00
-1.910000000000000142e+00 1.000000000000000048e-04 1.116976201437704097e-02 1.000000000000000000e+00
-1.909250000000000114e+00 1.000000000000000048e-04 1.118671173118210294e-02 1.000000000000000000e+00
-1.908500000000000085e+00 1.000000000000000048e-04 1.120368617088156327e-02 1.000000000000000000e+00
-1.907750000000000057e+00 1.000000000000000048e-04 1.122068536650649637e-02 1.000000000000000000e+00
-1.907000000000000028e+00 1.000000000000000048e-04 1.123770935112288621e-02 1.000000000000000000e+00
-1.906250000000000000e+00 1.000000000000000048e-04 1.125475815783165759e-02 1.000000000000000000e+00
-1.905499999999999972e+00 1.000000000000000048e-04 1.127183181976865872e-02 1.000000000000000000e+00
-1.904749999999999943e+00 1.000000000000000048e-04 1.128893037010466824e-02 1.000000000000000000e+00
-1.903999999999999915e+00 1.000000000000000048e-04 1.130605384204543158e-02 1.000000000000000000e+00
-1.903249999999999886e+00 1.000000000000000048e-04 1.132320226883163673e-02 1.000000000000000000e+00
-1.902499999999999858e+00 1.000000000000000048e-04 1.134037568373894890e-02 1.000000000000000000e+00
-1.901749999999999829e+00 1.000000000000000048e-04 1.135757412007797930e-02 1.000000000000000000e+00
-1.900999999999999801e+00 1.000000000000000048e-04 1.137479761119434933e-02 1.000000000000000000e+00
-1.900249999999999773e+00 1.000000000000000048e-04 1.139204619046863508e-02 1.000000000000000000e+00
-1.899499999999999744e+00 1.000000000000000048e-04 1.140931989131642801e-02 1.000000000000000000e+00
-1.898749999999999716e+00 1.000000000000000048e-04 1.142661874718829511e-02 1.000000000000000000e+00
-1.898000000000000131e+00 1.000000000000000048e-04 1.144394279156982046e-02 1.000000000000000000e+00
-1.897250000000000103e+00 1.000000000000000048e-04 1.146129205798162611e-02 1.000000000000000000e+00
-1.896500000000000075e+00 1.000000000000000048e-04 1.147866657997930612e-02 1.000000000000000000e+00
-1.895750000000000046e+00 1.000000000000000048e-04 1.149606639115350985e-02 1.000000000000000000e+00
-1.895000000000000018e+00 1.000000000000000048e-04 1.151349152512990380e-02 1.000000000000000000e+00
-1.894249999999999989e+00 1.000000000000000048e-04 1.153094201556920106e-02 1.000000000000000000e+00
-1.893499999999999961e+00 1.000000000000000048e-04 1.154841789616715964e-02 1.000000000000000000e+00
-1.892749999999999932e+00 1.000000000000000048e-04 1.156591920065457718e-02 1.000000000000000000e+00
-1.891999999999999904e+00 1.000000000000000048e-04 1.158344596279731707e-02 1.000000000000000000e+00
-1.891249999999999876e+00 1.000000000000000048e-04 1.160099821639628929e-02 1.000000000000000000e+00
-1.890499999999999847e+00 1.000000000000000048e-04 1.161857599528749556e-02 1.000000000000000000e+00
-1.889749999999999819e+00 1.000000000000000048e-04 1.163617933334198593e-02 1.000000000000000000e+00
-1.888999999999999790e+00 1.000000000000000048e-04 1.165380826446590218e-02 1.000000000000000000e+00
-1.888249999999999762e+00 1.000000000000000048e-04 1.167146282260046047e-02 1.000000000000000000e+00
-1.887499999999999734e+00 1.000000000000000048e-04 1.168914304172197216e-02 1.000000000000000000e+00
-1.886750000000000149e+00 1.000000000000000048e-04 1.170684895584183510e-02 1.000000000000000000e+00
-1.886000000000000121e+00 1.000000000000000048e-04 1.172458059900656491e-02 1.000000000000000000e+00
-1.885250000000000092e+00 1.000000000000000048e-04 1.174233800529775849e-02 1.000000000000000000e+00
-1.884500000000000064e+00 1.000000000000000048e-04 1.176012120883211838e-02 1.000000000000000000e+00
-1.883750000000000036e+00 1.000000000000000048e-04 1.177793024376148565e-02 1.000000000000000000e+00
-1.883000000000000007e+00 1.000000000000000048e-04 1.179576514427278788e-02 1.000000000000000000e+00
-1.882249999999999979e+00 1.000000000000000048e-04 1.181362594458809472e-02 1.000000000000000000e+00
-1.881499999999999950e+00 1.000000000000000048e-04 1.183151267896459698e-02 1.000000000000000000e+00
-1.880749999999999922e+00 1.000000000000000048e-04 1.184942538169460151e-02 1.000000000000000000e+00
-1.879999999999999893e+00 1.000000000000000048e-04 1.186736408710557279e-02 1.000000000000000000e+00
-1.879249999999999865e+00 1.000000000000000048e-04 1.188532882956009305e-02 1.000000000000000000e+00
-1.878499999999999837e+00 1.000000000000000048e-04 1.190331964345589348e-02 1.000000000000000000e+00
-1.877749999999999808e+00 1.000000000000000048e-04 1.192133656322585077e-02 1.000000000000000000e+00
-1.876999999999999780e+00 1.000000000000000048e-04 1.193937962333799230e-02 1.000000000000000000e+00
-1.876249999999999751e+00 1.000000000000000048e-04 1.195744885829548923e-02 1.000000000000000000e+00
-1.875499999999999723e+00 1.000000000000000048e-04 1.197554430263667556e-02 1.000000000000000000e+00
-1.874750000000000139e+00 1.000000000000000048e-04 1.199366599093502558e-02 1.000000000000000000e+00
-1.874000000000000110e+00 1.000000000000000048e-04 1.201181395779921460e-02 1.000000000000000000e+00
-1.873250000000000082e+00 1.000000000000000048e-04 1.202998823787304779e-02 1.000000000000000000e+00
-1.872500000000000053e+00 1.000000000000000048e-04 1.204818886583550706e-02 1.000000000000000000e+00
-1.871750000000000025e+00 1.000000000000000048e-04 1.206641587640073718e-02 1.000000000000000000e+00
-1.870999999999999996e+00 1.000000000000000048e-04 1.208466930431806308e-02 1.000000000000000000e+00
-1.870249999999999968e+00 1.000000000000000048e-04 1.210294918437198990e-02 1.000000000000000000e+00
-1.869499999999999940e+00 1.000000000000000048e-04 1.212125555138218042e-02 1.000000000000000000e+00
-1.868749999999999911e+00 1.000000000000000048e-04 1.213958844020350189e-02 1.000000000000000000e+00
-1.867999999999999883e+00 1.000000000000000048e-04 1.215794788572597922e-02 1.000000000000000000e+00
-1.867249999999999854e+00 1.000000000000000048e-04 1.217633392287482789e-02 1.000000000000000000e+00
-1.866499999999999826e+00 1.000000000000000048e-04 1.219474658661044708e-02 1.000000000000000000e+00
-1.865749999999999797e+00 1.000000000000000048e-04 1.221318591192843521e-02 1.000000000000000000e+00
-1.864999999999999769e+00 1.000000000000000048e-04 1.223165193385956050e-02 1.000000000000000000e+00
-1.864249999999999741e+00 1.000000000000000048e-04 1.225014468746979043e-02 1.000000000000000000e+00
-1.863500000000000156e+00 1.000000000000000048e-04 1.226866420786025709e-02 1.000000000000000000e+00
-1.862750000000000128e+00 1.000000000000000048e-04 1.228721053016734732e-02 1.000000000000000000e+00
-1.862000000000000099e+00 1.000000000000000048e-04 1.230578368956256746e-02 1.000000000000000000e+00
-1.861250000000000071e+00 1.000000000000000048e-04 1.232438372125266475e-02 1.000000000000000000e+00
-1.860500000000000043e+00 1.000000000000000048e-04 1.234301066047954580e-02 1.000000000000000000e+00
-1.859750000000000014e+00 1.000000000000000048e-04 1.236166454252035120e-02 1.000000000000000000e+00
-1.858999999999999986e+00 1.000000000000000048e-04 1.238034540268737570e-02 1.000000000000000000e+00
-1.858249999999999957e+00 1.000000000000000048e-04 1.239905327632813935e-02 1.000000000000000000e+00
-1.857499999999999929e+00 1.000000000000000048e-04 1.241778819882534586e-02 1.000000000000000000e+00
-1.856749999999999901e+00 1.000000000000000048e-04 1.243655020559689128e-02 1.000000000000000000e+00
-1.855999999999999872e+00 1.000000000000000048e-04 1.245533933209586920e-02 1.000000000000000000e+00
-1.855249999999999844e+00 1.000000000000000048e-04 1.247415561381057768e-02 1.000000000000000000e+00
-1.854499999999999815e+00 1.000000000000000048e-04 1.249299908626449150e-02 1.000000000000000000e+00
-1.853749999999999787e+00 1.000000000000000048e-04 1.251186978501628994e-02 1.000000000000000000e+00
-1.852999999999999758e+00 1.000000000000000048e-04 1.253076774565984805e-02 1.000000000000000000e+00
-1.852249999999999730e+00 1.000000000000000048e-04 1.254969300382423325e-02 1.000000000000000000e+00
-1.851500000000000146e+00 1.000000000000000048e-04 1.256864559517369313e-02 1.000000000000000000e+00
-1.850750000000000117e+00 1.000000000000000048e-04 1.258762555540768324e-02 1.000000000000000000e+00
-1.850000000000000089e+00 1.000000000000000048e-04 1.260663292026084452e-02 1.000000000000000000e+00
-1.849250000000000060e+00 1.000000000000000048e-04 1.262566772550299289e-02 1.000000000000000000e+00
-1.848500000000000032e+00 1.000000000000000048e-04 1.264473000693914530e-02 1.000000000000000000e+00
-1.847750000000000004e+00 1.000000000000000048e-04 1.266381980040949019e-02 1.000000000000000000e+00
-1.846999999999999975e+00 1.000000000000000048e-04 1.268293714178941878e-02 1.000000000000000000e+00
-1.846249999999999947e+00 1.000000000000000048e-04 1.270208206698947989e-02 1.000000000000000000e+00
-1.845499999999999918e+00 1.000000000000000048e-04 1.272125461195542685e-02 1.000000000000000000e+00
-1.844749999999999890e+00 1.000000000000000048e-04 1.274045481266817235e-02 1.000000000000000000e+00
-1.843999999999999861e+00 1.000000000000000048e-04 1.275968270514380408e-02 1.000000000000000000e+00
-1.843249999999999833e+00 1.000000000000000048e-04 1.277893832543359684e-02 1.000000000000000000e+00
-1.842499999999999805e+00 1.000000000000000048e-04 1.279822170962398135e-02 1.000000000000000000e+00
-1.841749999999999776e+00 1.000000000000000048e-04 1.281753289383655986e-02 1.000000000000000000e+00
-1.840999999999999748e+00 1.000000000000000048e-04 1.283687191422809397e-02 1.000000000000000000e+00
-1.840249999999999719e+00 1.000000000000000048e-04 1.285623880699052028e-02 1.000000000000000000e+00
-1.839500000000000135e+00 1.000000000000000048e-04 1.287563360835090182e-02 1.000000000000000000e+00
-1.838750000000000107e+00 1.000000000000000048e-04 1.289505635457151474e-02 1.000000000000000000e+00
-1.838000000000000078e+00 1.000000000000000048e-04 1.291450708194972520e-02 1.000000000000000000e+00
-1.837250000000000050e+00 1.000000000000000048e-04 1.293398582681807782e-02 1.000000000000000000e+00
-1.836500000000000021e+00 1.000000000000000048e-04 1.295349262554425923e-02 1.000000000000000000e+00
-1.835749999999999993e+00 1.000000000000000048e-04 1.297302751453107209e-02 1.000000000000000000e+00
-1.834999999999999964e+00 1.000000000000000048e-04 1.299259053021649749e-02 1.000000000000000000e+00
-1.834249999999999936e+00 1.000000000000000048e-04 1.301218170907360652e-02 1.000000000000000000e+00
-1.833499999999999908e+00 1.000000000000000048e-04 1.303180108761062619e-02 1.000000000000000000e+00
-1.832749999999999879e+00 1.000000000000000048e-04 1.305144870237088042e-02 1.000000000000000000e+00
-1.831999999999999851e+00 1.000000000000000048e-04 1.307112458993284730e-02 1.000000000000000000e+00
-1.831249999999999822e+00 1.000000000000000048e-04 1.309082878691006889e-02 1.000000000000000000e+00
-1.830499999999999794e+00 1.000000000000000048e-04 1.311056132995124489e-02 1.000000000000000000e+00
-1.829749999999999766e+00 1.000000000000000048e-04 1.313032225574013723e-02 1.000000000000000000e+00
-1.828999999999999737e+00 1.000000000000000048e-04 1.315011160099563078e-02 1.000000000000000000e+00
-1.828250000000000153e+00 1.000000000000000048e-04 1.316992940247168481e-02 1.000000000000000000e+00
-1.827500000000000124e+00 1.000000000000000048e-04 1.318977569695738324e-02 1.000000000000000000e+00
-1.826750000000000096e+00 1.000000000000000048e-04 1.320965052127683753e-02 1.000000000000000000e+00
-1.826000000000000068e+00 1.000000000000000048e-04 1.322955391228926997e-02 1.000000000000000000e+00
-1.825250000000000039e+00 1.000000000000000048e-04 1.324948590688894770e-02 1.000000000000000000e+00
-1.824500000000000011e+00 1.000000000000000048e-04 1.326944654200522614e-02 1.000000000000000000e+00
-1.823749999999999982e+00 1.000000000000000048e-04 1.328943585460249689e-02 1.000000000000000000e+00
-1.822999999999999954e+00 1.000000000000000048e-04 1.330945388168021035e-02 1.000000000000000000e+00
-1.822249999999999925e+00 1.000000000000000048e-04 1.332950066027286003e-02 1.000000000000000000e+00
-1.821499999999999897e+00 1.000000000000000048e-04 1.334957622744996873e-02 1.000000000000000000e+00
-1.820749999999999869e+00 1.000000000000000048e-04 1.336968062031610241e-02 1.000000000000000000e+00
-1.819999999999999840e+00 1.000000000000000048e-04 1.338981387601082679e-02 1.000000000000000000e+00
-1.819249999999999812e+00 1.000000000000000048e-04 1.340997603170874380e-02 1.000000000000000000e+00
-1.818499999999999783e+00 1.000000000000000048e-04 1.343016712461944824e-02 1.000000000000000000e+00
-1.817749999999999755e+00 1.000000000000000048e-04 1.345038719198754333e-02 1.000000000000000000e+00
-1.816999999999999726e+00 1.000000000000000048e-04 1.347063627109261995e-02 1.000000000000000000e+00
-1.816250000000000142e+00 1.000000000000000048e-04 1.349091439924924446e-02 1.000000000000000000e+00
-1.815500000000000114e+00 1.000000000000000048e-04 1.351122161380698475e-02 1.000000000000000000e+00
-1.814750000000000085e+00 1.000000000000000048e-04 1.353155795215034256e-02 1.000000000000000000e+00
-1.814000000000000057e+00 1.000000000000000048e-04 1.355192345169880727e-02 1.000000000000000000e+00
-1.813250000000000028e+00 1.000000000000000048e-04 1.357231814990680387e-02 1.000000000000000000e+00
-1.812500000000000000e+00 1.000000000000000048e-04 1.359274208426369465e-02 1.000000000000000000e+00
-1.811749999999999972e+00 1.000000000000000048e-04 1.361319529229378100e-02 1.000000000000000000e+00
-1.810999999999999943e+00 1.000000000000000048e-04 1.363367781155628775e-02 1.000000000000000000e+00
-1.810249999999999915e+00 1.000000000000000048e-04 1.365418967964535622e-02 1.000000000000000000e+00
-1.809499999999999886e+00 1.000000000000000048e-04 1.367473093419001827e-02 1.000000000000000000e+00
-1.808749999999999858e+00 1.000000000000000048e-04 1.369530161285423091e-02 1.000000000000000000e+00
-1.807999999999999829e+00 1.000000000000000048e-04 1.371590175333679655e-02 1.000000000000000000e+00
-1.807249999999999801e+00 1.000000000000000048e-04 1.373653139337143239e-02 1.000000000000000000e+00
-1.806499999999999773e+00 1.000000000000000048e-04 1.375719057072667673e-02 1.000000000000000000e+00
-1.805749999999999744e+00 1.000000000000000048e-04 1.377787932320597222e-02 1.000000000000000000e+00
-1.804999999999999716e+00 1.000000000000000048e-04 1.379859768864757225e-02 1.000000000000000000e+00
-1.804250000000000131e+00 1.000000000000000048e-04 1.381934570492454606e-02 1.000000000000000000e+00
-1.803500000000000103e+00 1.000000000000000048e-04 1.384012340994486903e-02 1.000000000000000000e+00
-1.802750000000000075e+00 1.000000000000000048e-04 1.386093084165123702e-02 1.000000000000000000e+00
-1.802000000000000046e+00 1.000000000000000048e-04 1.388176803802118088e-02 1.000000000000000000e+00
-1.801250000000000018e+00 1.000000000000000048e-04 1.390263503706702479e-02 1.000000000000000000e+00
-1.800499999999999989e+00 1.000000000000000048e-04 1.392353187683587762e-02 1.000000000000000000e+00
-1.799749999999999961e+00 1.000000000000000048e-04 1.394445859540959128e-02 1.000000000000000000e+00
-1.798999999999999932e+00 1.000000000000000048e-04 1.396541523090480061e-02 1.000000000000000000e+00
-1.798249999999999904e+00 1.000000000000000048e-04 1.398640182147285402e-02 1.000000000000000000e+00
-1.797499999999999876e+00 1.000000000000000048e-04 1.400741840529985335e-02 1.000000000000000000e+00
-1.796749999999999847e+00 1.000000000000000048e-04 1.402846502060660361e-02 1.000000000000000000e+00
-1.795999999999999819e+00 1.000000000000000048e-04 1.404954170564862680e-02 1.000000000000000000e+00
-1.795249999999999790e+00 1.000000000000000048e-04 1.407064849871612552e-02 1.000000000000000000e+00
-1.794499999999999762e+00 1.000000000000000048e-04 1.409178543813399340e-02 1.000000000000000000e+00
-1.793749999999999734e+00 1.000000000000000048e-04 1.411295256226177859e-02 1.000000000000000000e+00
-1.793000000000000149e+00 1.000000000000000048e-04 1.413414990949368906e-02 1.000000000000000000e+00
-1.792250000000000121e+00 1.000000000000000048e-04 1.415537751825859600e-02 1.000000000000000000e+00
-1.791500000000000092e+00 1.000000000000000048e-04 1.417663542701995058e-02 1.000000000000000000e+00
-1.790750000000000064e+00 1.000000000000000048e-04 1.419792367427584467e-02 1.000000000000000000e+00
-1.790000000000000036e+00 1.000000000000000048e-04 1.421924229855897615e-02 1.000000000000000000e+00
-1.789250000000000007e+00 1.000000000000000048e-04 1.424059133843660549e-02 1.000000000000000000e+00
-1.788499999999999979e+00 1.000000000000000048e-04 1.426197083251057665e-02 1.000000000000000000e+00
-1.787749999999999950e+00 1.000000000000000048e-04 1.428338081941728753e-02 1.000000000000000000e+00
-1.786999999999999922e+00 1.000000000000000048e-04 1.430482133782766743e-02 1.000000000000000000e+00
-1.786249999999999893e+00 1.000000000000000048e-04 1.432629242644719789e-02 1.000000000000000000e+00
-1.785499999999999865e+00 1.000000000000000048e-04 1.434779412401583285e-02 1.000000000000000000e+00
-1.784749999999999837e+00 1.000000000000000048e-04 1.436932646930805593e-02 1.000000000000000000e+00
-1.783999999999999808e+00 1.000000000000000048e-04 1.439088950113280758e-02 1.000000000000000000e+00
-1.783249999999999780e+00 1.000000000000000048e-04 1.441248325833351454e-02 1.000000000000000000e+00
-1.782499999999999751e+00 1.000000000000000048e-04 1.443410777978803607e-02 1.000000000000000000e+00
-1.781749999999999723e+00 1.000000000000000048e-04 1.445576310440866742e-02 1.000000000000000000e+00
-1.781000000000000139e+00 1.000000000000000048e-04 1.447744927114211211e-02 1.000000000000000000e+00
-1.780250000000000110e+00 1.000000000000000048e-04 1.449916631896950615e-02 1.000000000000000000e+00
-1.779500000000000082e+00 1.000000000000000048e-04 1.452091428690633484e-02 1.000000000000000000e+00
-1.778750000000000053e+00 1.000000000000000048e-04 1.454269321400247089e-02 1.000000000000000000e+00
-1.778000000000000025e+00 1.000000000000000048e-04 1.456450313934212065e-02 1.000000000000000000e+00
-1.777249999999999996e+00 1.000000000000000048e-04 1.458634410204382587e-02 1.000000000000000000e+00
-1.776499999999999968e+00 1.000000000000000048e-04 1.460821614126046539e-02 1.000000000000000000e+00
-1.775749999999999940e+00 1.000000000000000048e-04 1.463011929617918754e-02 1.000000000000000000e+00
-1.774999999999999911e+00 1.000000000000000048e-04 1.465205360602144131e-02 1.000000000000000000e+00
-1.774249999999999883e+00 1.000000000000000048e-04 1.467401911004292611e-02 1.000000000000000000e+00
-1.773499999999999854e+00 1.000000000000000048e-04 1.469601584753359343e-02 1.000000000000000000e+00
-1.772749999999999826e+00 1.000000000000000048e-04 1.471804385781761218e-02 1.000000000000000000e+00
-1.771999999999999797e+00 1.000000000000000048e-04 1.474010318025337218e-02 1.000000000000000000e+00
-1.771249999999999769e+00 1.000000000000000048e-04 1.476219385423343904e-02 1.000000000000000000e+00
-1.770499999999999741e+00 1.000000000000000048e-04 1.478431591918455759e-02 1.000000000000000000e+00
-1.769749999999999712e+00 1.000000000000000048e-04 1.480646941456761380e-02 1.000000000000000000e+00
-1.769000000000000128e+00 1.000000000000000048e-04 1.482865437987762082e-02 1.000000000000000000e+00
-1.768250000000000099e+00 1.000000000000000048e-04 1.485087085464373985e-02 1.000000000000000000e+00
-1.767500000000000071e+00 1.000000000000000048e-04 1.487311887842918817e-02 1.000000000000000000e+00
-1.766750000000000043e+00 1.000000000000000048e-04 1.489539849083126519e-02 1.000000000000000000e+00
-1.766000000000000014e+00 1.000000000000000048e-04 1.491770973148132465e-02 1.000000000000000000e+00
-1.765249999999999986e+00 1.000000000000000048e-04 1.494005264004475732e-02 1.000000000000000000e+00
-1.764499999999999957e+00 1.000000000000000048e-04 1.496242725622095107e-02 1.000000000000000000e+00
-1.763749999999999929e+00 1.000000000000000048e-04 1.498483361974330304e-02 1.000000000000000000e+00
-1.762999999999999901e+00 1.000000000000000048e-04 1.500727177037917276e-02 1.000000000000000000e+00
-1.762249999999999872e+00 1.000000000000000048e-04 1.502974174792986312e-02 1.000000000000000000e+00
-1.761499999999999844e+00 1.000000000000000048e-04 1.505224359223061859e-02 1.000000000000000000e+00
-1.760749999999999815e+00 1.000000000000000048e-04 1.507477734315057667e-02 1.000000000000000000e+00
-1.759999999999999787e+00 1.000000000000000048e-04 1.509734304059277311e-02 1.000000000000000000e+00
-1.759249999999999758e+00 1.000000000000000048e-04 1.511994072449408637e-02 1.000000000000000000e+00
-1.758499999999999730e+00 1.000000000000000048e-04 1.514257043482526190e-02 1.000000000000000000e+00
-1.757750000000000146e+00 1.000000000000000048e-04 1.516523221159083584e-02 1.000000000000000000e+00
-1.757000000000000117e+00 1.000000000000000048e-04 1.518792609482918186e-02 1.000000000000000000e+00
-1.756250000000000089e+00 1.000000000000000048e-04 1.521065212461240532e-02 1.000000000000000000e+00
-1.755500000000000060e+00 1.000000000000000048e-04 1.523341034104637448e-02 1.000000000000000000e+00
-1.754750000000000032e+00 1.000000000000000048e-04 1.525620078427068760e-02 1.000000000000000000e+00
-1.754000000000000004e+00 1.000000000000000048e-04 1.527902349445866073e-02 1.000000000000000000e+00
-1.753249999999999975e+00 1.000000000000000048e-04 1.530187851181725664e-02 1.000000000000000000e+00
-1.752499999999999947e+00 1.000000000000000048e-04 1.532476587658713855e-02 1.000000000000000000e+00
-1.751749999999999918e+00 1.000000000000000048e-04 1.534768562904256263e-02 1.000000000000000000e+00
-1.750999999999999890e+00 1.000000000000000048e-04 1.537063780949141784e-02 1.000000000000000000e+00
-1.750249999999999861e+00 1.000000000000000048e-04 1.539362245827517392e-02 1.000000000000000000e+00
-1.749499999999999833e+00 1.000000000000000048e-04 1.541663961576884845e-02 1.000000000000000000e+00
-1.748749999999999805e+00 1.000000000000000048e-04 1.543968932238100507e-02 1.000000000000000000e+00
-1.747999999999999776e+00 1.000000000000000048e-04 1.546277161855372055e-02 1.000000000000000000e+00
-1.747249999999999748e+00 1.000000000000000048e-04 1.548588654476254489e-02 1.000000000000000000e+00
-1.746499999999999719e+00 1.000000000000000048e-04 1.550903414151648917e-02 1.000000000000000000e+00
-1.745750000000000135e+00 1.000000000000000048e-04 1.553221444935800298e-02 1.000000000000000000e+00
-1.745000000000000107e+00 1.000000000000000048e-04 1.555542750886294845e-02 1.000000000000000000e+00
-1.744250000000000078e+00 1.000000000000000048e-04 1.557867336064056550e-02 1.000000000000000000e+00
-1.743500000000000050e+00 1.000000000000000048e-04 1.560195204533344239e-02 1.000000000000000000e+00
-1.742750000000000021e+00 1.000000000000000048e-04 1.562526360361750008e-02 1.000000000000000000e+00
-1.741999999999999993e+00 1.000000000000000048e-04 1.564860807620196276e-02 1.000000000000000000e+00
-1.741249999999999964e+00 1.000000000000000048e-04 1.567198550382932487e-02 1.000000000000000000e+00
-1.740499999999999936e+00 1.000000000000000048e-04 1.569539592727534072e-02 1.000000000000000000e+00
-1.739749999999999908e+00 1.000000000000000048e-04 1.571883938734897068e-02 1.000000000000000000e+00
-1.738999999999999879e+00 1.000000000000000048e-04 1.574231592489237774e-02 1.000000000000000000e+00
-1.738249999999999851e+00 1.000000000000000048e-04 1.576582558078088586e-02 1.000000000000000000e+00
-1.737499999999999822e+00 1.000000000000000048e-04 1.578936839592295222e-02 1.000000000000000000e+00
-1.736749999999999794e+00 1.000000000000000048e-04 1.581294441126015679e-02 1.000000000000000000e+00
-1.735999999999999766e+00 1.000000000000000048e-04 1.583655366776713994e-02 1.000000000000000000e+00
-1.735249999999999737e+00 1.000000000000000048e-04 1.586019620645160583e-02 1.000000000000000000e+00
-1.734500000000000153e+00 1.000000000000000048e-04 1.588387206835427043e-02 1.000000000000000000e+00
-1.733750000000000124e+00 1.000000000000000048e-04 1.590758129454886843e-02 1.000000000000000000e+00
-1.733000000000000096e+00 1.000000000000000048e-04 1.593132392614206999e-02 1.000000000000000000e+00
-1.732250000000000068e+00 1.000000000000000048e-04 1.595510000427349459e-02 1.000000000000000000e+00
-1.731500000000000039e+00 1.000000000000000048e-04 1.597890957011564861e-02 1.000000000000000000e+00
-1.730750000000000011e+00 1.000000000000000048e-04 1.600275266487393919e-02 1.000000000000000000e+00
-1.729999999999999982e+00 1.000000000000000048e-04 1.602662932978659791e-02 1.000000000000000000e+00
-1.729249999999999954e+00 1.000000000000000048e-04 1.605053960612467037e-02 1.000000000000000000e+00
-1.728499999999999925e+00 1.000000000000000048e-04 1.607448353519199541e-02 1.000000000000000000e+00
-1.727749999999999897e+00 1.000000000000000048e-04 1.609846115832515301e-02 1.000000000000000000e+00
-1.726999999999999869e+00 1.000000000000000048e-04 1.612247251689345046e-02 1.000000000000000000e+00
-1.726249999999999840e+00 1.000000000000000048e-04 1.614651765229887029e-02 1.000000000000000000e+00
-1.725499999999999812e+00 1.000000000000000048e-04 1.617059660597607029e-02 1.000000000000000000e+00
-1.724749999999999783e+00 1.000000000000000048e-04 1.619470941939232453e-02 1.000000000000000000e+00
-1.723999999999999755e+00 1.000000000000000048e-04 1.621885613404749904e-02 1.000000000000000000e+00
-1.723249999999999726e+00 1.000000000000000048e-04 1.624303679147402063e-02 1.000000000000000000e+00
-1.722500000000000142e+00 1.000000000000000048e-04 1.626725143323683523e-02 1.000000000000000000e+00
-1.721750000000000114e+00 1.000000000000000048e-04 1.629150010093341830e-02 1.000000000000000000e+00
-1.721000000000000085e+00 1.000000000000000048e-04 1.631578283619366729e-02 1.000000000000000000e+00
-1.720250000000000057e+00 1.000000000000000048e-04 1.634009968067991897e-02 1.000000000000000000e+00
-1.719500000000000028e+00 1.000000000000000048e-04 1.636445067608691822e-02 1.000000000000000000e+00
-1.718750000000000000e+00 1.000000000000000048e-04 1.638883586414175558e-02 1.000000000000000000e+00
-1.717999999999999972e+00 1.000000000000000048e-04 1.641325528660385336e-02 1.000000000000000000e+00
-1.717249999999999943e+00 1.000000000000000048e-04 1.643770898526492746e-02 1.000000000000000000e+00
-1.716499999999999915e+00 1.000000000000000048e-04 1.646219700194894581e-02 1.000000000000000000e+00
-1.715749999999999886e+00 1.000000000000000048e-04 1.648671937851212480e-02 1.000000000000000000e+00
-1.714999999999999858e+00 1.000000000000000048e-04 1.651127615684283220e-02 1.000000000000000000e+00
-1.714249999999999829e+00 1.000000000000000048e-04 1.653586737886161145e-02 1.000000000000000000e+00
-1.713499999999999801e+00 1.000000000000000048e-04 1.656049308652111571e-02 1.000000000000000000e+00
-1.712749999999999773e+00 1.000000000000000048e-04 1.658515332180608703e-02 1.000000000000000000e+00
-1.711999999999999744e+00 1.000000000000000048e-04 1.660984812673330785e-02 1.000000000000000000e+00
-1.711249999999999716e+00 1.000000000000000048e-04 1.663457754335156968e-02 1.000000000000000000e+00
-1.710500000000000131e+00 1.000000000000000048e-04 1.665934161374162115e-02 1.000000000000000000e+00
-1.709750000000000103e+00 1.000000000000000048e-04 1.668414038001618874e-02 1.000000000000000000e+00
-1.709000000000000075e+00 1.000000000000000048e-04 1.670897388431987277e-02 1.000000000000000000e+00
-1.708250000000000046e+00 1.000000000000000048e-04 1.673384216882912653e-02 1.000000000000000000e+00
-1.707500000000000018e+00 1.000000000000000048e-04 1.675874527575223899e-02 1.000000000000000000e+00
-1.706749999999999989e+00 1.000000000000000048e-04 1.678368324732927921e-02 1.000000000000000000e+00
-1.705999999999999961e+00 1.000000000000000048e-04 1.680865612583207908e-02 1.000000000000000000e+00
-1.705249999999999932e+00 1.000000000000000048e-04 1.683366395356416731e-02 1.000000000000000000e+00
-1.704499999999999904e+00 1.000000000000000048e-04 1.685870677286075564e-02 1.000000000000000000e+00
-1.703749999999999876e+00 1.000000000000000048e-04 1.688378462608866593e-02 1.000000000000000000e+00
-1.702999999999999847e+00 1.000000000000000048e-04 1.690889755564635444e-02 1.000000000000000000e+00
-1.702249999999999819e+00 1.000000000000000048e-04 1.693404560396379391e-02 1.000000000000000000e+00
-1.701499999999999790e+00 1.000000000000000048e-04 1.695922881350249781e-02 1.000000000000000000e+00
-1.700749999999999762e+00 1.000000000000000048e-04 1.698444722675544402e-02 1.000000000000000000e+00
-1.699999999999999734e+00 1.000000000000000048e-04 1.700970088624703669e-02 1.000000000000000000e+00
-1.699250000000000149e+00 1.000000000000000048e-04 1.703498983453308885e-02 1.000000000000000000e+00
-1.698500000000000121e+00 1.000000000000000048e-04 1.706031411420078775e-02 1.000000000000000000e+00
-1.697750000000000092e+00 1.000000000000000048e-04 1.708567376786860811e-02 1.000000000000000000e+00
-1.697000000000000064e+00 1.000000000000000048e-04 1.711106883818629479e-02 1.000000000000000000e+00
-1.696250000000000036e+00 1.000000000000000048e-04 1.713649936783484887e-02 1.000000000000000000e+00
-1.695500000000000007e+00 1.000000000000000048e-04 1.716196539952643749e-02 1.000000000000000000e+00
-1.694749999999999979e+00 1.000000000000000048e-04 1.718746697600438342e-02 1.000000000000000000e+00
-1.693999999999999950e+00 1.000000000000000048e-04 1.721300414004314078e-02 1.000000000000000000e+00
-1.693249999999999922e+00 1.000000000000000048e-04 1.723857693444818748e-02 1.000000000000000000e+00
-1.692499999999999893e+00 1.000000000000000048e-04 1.726418540205604951e-02 1.000000000000000000e+00
-1.691749999999999865e+00 1.000000000000000048e-04 1.728982958573422463e-02 1.000000000000000000e+00
-1.690999999999999837e+00 1.000000000000000048e-04 1.731550952838115456e-02 1.000000000000000000e+00
-1.690249999999999808e+00 1.000000000000000048e-04 1.734122527292615915e-02 1.000000000000000000e+00
-1.689499999999999780e+00 1.000000000000000048e-04 1.736697686232941892e-02 1.000000000000000000e+00
-1.688749999999999751e+00 1.000000000000000048e-04 1.739276433958192314e-02 1.000000000000000000e+00
-1.687999999999999723e+00 1.000000000000000048e-04 1.741858774770540033e-02 1.000000000000000000e+00
-1.687250000000000139e+00 1.000000000000000048e-04 1.744444712975230793e-02 1.000000000000000000e+00
-1.686500000000000110e+00 1.000000000000000048e-04 1.747034252880580105e-02 1.000000000000000000e+00
-1.685750000000000082e+00 1.000000000000000048e-04 1.749627398797962835e-02 1.000000000000000000e+00
-1.685000000000000053e+00 1.000000000000000048e-04 1.752224155041812517e-02 1.000000000000000000e+00
-1.684250000000000025e+00 1.000000000000000048e-04 1.754824525929616838e-02 1.000000000000000000e+00
-1.683499999999999996e+00 1.000000000000000048e-04 1.757428515781913475e-02 1.000000000000000000e+00
-1.682749999999999968e+00 1.000000000000000048e-04 1.760036128922282117e-02 1.000000000000000000e+00
-1.681999999999999940e+00 1.000000000000000048e-04 1.762647369677344464e-02 1.000000000000000000e+00
-1.681249999999999911e+00 1.000000000000000048e-04 1.765262242376757634e-02 1.000000000000000000e+00
-1.680499999999999883e+00 1.000000000000000048e-04 1.767880751353207228e-02 1.000000000000000000e+00
-1.679749999999999854e+00 1.000000000000000048e-04 1.770502900942406282e-02 1.000000000000000000e+00
-1.678999999999999826e+00 1.000000000000000048e-04 1.773128695483087644e-02 1.000000000000000000e+00
-1.678249999999999797e+00 1.000000000000000048e-04 1.775758139317001882e-02 1.000000000000000000e+00
-1.677499999999999769e+00 1.000000000000000048e-04 1.778391236788910354e-02 1.000000000000000000e+00
-1.676749999999999741e+00 1.000000000000000048e-04 1.781027992246579997e-02 1.000000000000000000e+00
-1.675999999999999712e+00 1.000000000000000048e-04 1.783668410040781249e-02 1.000000000000000000e+00
-1.675250000000000128e+00 1.000000000000000048e-04 1.786312494525279029e-02 1.000000000000000000e+00
-1.674500000000000099e+00 1.000000000000000048e-04 1.788960250056835163e-02 1.000000000000000000e+00
-1.673750000000000071e+00 1.000000000000000048e-04 1.791611680995194161e-02 1.000000000000000000e+00
-1.673000000000000043e+00 1.000000000000000048e-04 1.794266791703083910e-02 1.000000000000000000e+00
-1.672250000000000014e+00 1.000000000000000048e-04 1.796925586546210124e-02 1.000000000000000000e+00
-1.671499999999999986e+00 1.000000000000000048e-04 1.799588069893249404e-02 1.000000000000000000e+00
-1.670749999999999957e+00 1.000000000000000048e-04 1.802254246115846115e-02 1.000000000000000000e+00
-1.669999999999999929e+00 1.000000000000000048e-04 1.804924119588607184e-02 1.000000000000000000e+00
-1.669249999999999901e+00 1.000000000000000048e-04 1.807597694689095855e-02 1.000000000000000000e+00
-1.668499999999999872e+00 1.000000000000000048e-04 1.810274975797827521e-02 1.000000000000000000e+00
-1.667749999999999844e+00 1.000000000000000048e-04 1.812955967298263832e-02 1.000000000000000000e+00
-1.666999999999999815e+00 1.000000000000000048e-04 1.815640673576808528e-02 1.000000000000000000e+00
-1.666249999999999787e+00 1.000000000000000048e-04 1.818329099022800849e-02 1.000000000000000000e+00
-1.665499999999999758e+00 1.000000000000000048e-04 1.821021248028511369e-02 1.000000000000000000e+00
-1.664749999999999730e+00 1.000000000000000048e-04 1.823717124989137489e-02 1.000000000000000000e+00
-1.664000000000000146e+00 1.000000000000000048e-04 1.826416734302793374e-02 1.000000000000000000e+00
-1.663250000000000117e+00 1.000000000000000048e-04 1.829120080370514809e-02 1.000000000000000000e+00
-1.662500000000000089e+00 1.000000000000000048e-04 1.831827167596241854e-02 1.000000000000000000e+00
-1.661750000000000060e+00 1.000000000000000048e-04 1.834538000386821618e-02 1.000000000000000000e+00
-1.661000000000000032e+00 1.000000000000000048e-04 1.837252583151998200e-02 1.000000000000000000e+00
-1.660250000000000004e+00 1.000000000000000048e-04 1.839970920304410951e-02 1.000000000000000000e+00
-1.659499999999999975e+00 1.000000000000000048e-04 1.842693016259585800e-02 1.000000000000000000e+00
-1.658749999999999947e+00 1.000000000000000048e-04 1.845418875435933179e-02 1.000000000000000000e+00
-1.657999999999999918e+00 1.000000000000000048e-04 1.848148502254739686e-02 1.000000000000000000e+00
-1.657249999999999890e+00 1.000000000000000048e-04 1.850881901140162197e-02 1.000000000000000000e+00
-1.656499999999999861e+00 1.000000000000000048e-04 1.853619076519226472e-02 1.000000000000000000e+00
-1.655749999999999833e+00 1.000000000000000048e-04 1.856360032821814665e-02 1.000000000000000000e+00
-1.654999999999999805e+00 1.000000000000000048e-04 1.859104774480666716e-02 1.000000000000000000e+00
-1.654249999999999776e+00 1.000000000000000048e-04 1.861853305931370980e-02 1.000000000000000000e+00
-1.653499999999999748e+00 1.000000000000000048e-04 1.864605631612356595e-02 1.000000000000000000e+00
-1.652749999999999719e+00 1.000000000000000048e-04 1.867361755964893830e-02 1.000000000000000000e+00
-1.652000000000000135e+00 1.000000000000000048e-04 1.870121683433080551e-02 1.000000000000000000e+00
-1.651250000000000107e+00 1.000000000000000048e-04 1.872885418463846735e-02 1.000000000000000000e+00
-1.650500000000000078e+00 1.000000000000000048e-04 1.875652965506936776e-02 1.000000000000000000e+00
-1.649750000000000050e+00 1.000000000000000048e-04 1.878424329014912256e-02 1.000000000000000000e+00
-1.649000000000000021e+00 1.000000000000000048e-04 1.881199513443141888e-02 1.000000000000000000e+00
-1.648249999999999993e+00 1.000000000000000048e-04 1.883978523249797699e-02 1.000000000000000000e+00
-1.647499999999999964e+00 1.000000000000000048e-04 1.886761362895847047e-02 1.000000000000000000e+00
-1.646749999999999936e+00 1.000000000000000048e-04 1.889548036845049156e-02 1.000000000000000000e+00
-1.645999999999999908e+00 1.000000000000000048e-04 1.892338549563948175e-02 1.000000000000000000e+00
-1.645249999999999879e+00 1.000000000000000048e-04 1.895132905521865196e-02 1.000000000000000000e+00
-1.644499999999999851e+00 1.000000000000000048e-04 1.897931109190895138e-02 1.000000000000000000e+00
-1.643749999999999822e+00 1.000000000000000048e-04 1.900733165045898412e-02 1.000000000000000000e+00
-1.642999999999999794e+00 1.000000000000000048e-04 1.903539077564495030e-02 1.000000000000000000e+00
-1.642249999999999766e+00 1.000000000000000048e-04 1.906348851227063212e-02 1.000000000000000000e+00
-1.641499999999999737e+00 1.000000000000000048e-04 1.909162490516722044e-02 1.000000000000000000e+00
-1.640749999999999709e+00 1.000000000000000048e-04 1.911979999919339104e-02 1.000000000000000000e+00
-1.640000000000000124e+00 1.000000000000000048e-04 1.914801383923512429e-02 1.000000000000000000e+00
-1.639250000000000096e+00 1.000000000000000048e-04 1.917626647020574324e-02 1.000000000000000000e+00
-1.638500000000000068e+00 1.000000000000000048e-04 1.920455793704574712e-02 1.000000000000000000e+00
-1.637750000000000039e+00 1.000000000000000048e-04 1.923288828472283565e-02 1.000000000000000000e+00
-1.637000000000000011e+00 1.000000000000000048e-04 1.926125755823178756e-02 1.000000000000000000e+00
-1.636249999999999982e+00 1.000000000000000048e-04 1.928966580259443980e-02 1.000000000000000000e+00
-1.635499999999999954e+00 1.000000000000000048e-04 1.931811306285957305e-02 1.000000000000000000e+00
-1.634749999999999925e+00 1.000000000000000048e-04 1.934659938410291172e-02 1.000000000000000000e+00
-1.633999999999999897e+00 1.000000000000000048e-04 1.937512481142699902e-02 1.000000000000000000e+00
-1.633249999999999869e+00 1.000000000000000048e-04 1.940368938996116233e-02 1.000000000000000000e+00
-1.632499999999999840e+00 1.000000000000000048e-04 1.943229316486144373e-02 1.000000000000000000e+00
-1.631749999999999812e+00 1.000000000000000048e-04 1.946093618131053068e-02 1.000000000000000000e+00
-1.630999999999999783e+00 1.000000000000000048e-04 1.948961848451769355e-02 1.000000000000000000e+00
-1.630249999999999755e+00 1.000000000000000048e-04 1.951834011971871619e-02 1.000000000000000000e+00
-1.629499999999999726e+00 1.000000000000000048e-04 1.954710113217581965e-02 1.000000000000000000e+00
-1.628750000000000142e+00 1.000000000000000048e-04 1.957590156717759627e-02 1.000000000000000000e+00
-1.628000000000000114e+00 1.000000000000000048e-04 1.960474147003899922e-02 1.000000000000000000e+00
-1.627250000000000085e+00 1.000000000000000048e-04 1.963362088610118295e-02 1.000000000000000000e+00
-1.626500000000000057e+00 1.000000000000000048e-04 1.966253986073148927e-02 1.000000000000000000e+00
-1.625750000000000028e+00 1.000000000000000048e-04 1.969149843932334679e-02 1.000000000000000000e+00
-1.625000000000000000e+00 1.000000000000000048e-04 1.972049666729626394e-02 1.000000000000000000e+00
-1.624249999999999972e+00 1.000000000000000048e-04 1.974953459009569021e-02 1.000000000000000000e+00
-1.623499999999999943e+00 1.000000000000000048e-04 1.977861225319298144e-02 1.000000000000000000e+00
-1.622749999999999915e+00 1.000000000000000048e-04 1.980772970208532352e-02 1.000000000000000000e+00
-1.621999999999999886e+00 1.000000000000000048e-04 1.983688698229567338e-02 1.000000000000000000e+00
-1.621249999999999858e+00 1.000000000000000048e-04 1.986608413937265491e-02 1.000000000000000000e+00
-1.620499999999999829e+00 1.000000000000000048e-04 1.989532121889053817e-02 1.000000000000000000e+00
-1.619749999999999801e+00 1.000000000000000048e-04 1.992459826644911794e-02 1.000000000000000000e+00
-1.618999999999999773e+00 1.000000000000000048e-04 1.995391532767368248e-02 1.000000000000000000e+00
-1.618249999999999744e+00 1.000000000000000048e-04 1.998327244821492682e-02 1.000000000000000000e+00
-1.617499999999999716e+00 1.000000000000000048e-04 2.001266967374885561e-02 1.000000000000000000e+00
-1.616750000000000131e+00 1.000000000000000048e-04 2.004210704997674147e-02 1.000000000000000000e+00
-1.616000000000000103e+00 1.000000000000000048e-04 2.007158462262508339e-02 1.000000000000000000e+00
-1.615250000000000075e+00 1.000000000000000048e-04 2.010110243744545402e-02 1.000000000000000000e+00
-1.614500000000000046e+00 1.000000000000000048e-04 2.013066054021447546e-02 1.000000000000000000e+00
-1.613750000000000018e+00 1.000000000000000048e-04 2.016025897673373590e-02 1.000000000000000000e+00
-1.612999999999999989e+00 1.000000000000000048e-04 2.018989779282973421e-02 1.000000000000000000e+00
-1.612249999999999961e+00 1.000000000000000048e-04 2.021957703435375842e-02 1.000000000000000000e+00
-1.611499999999999932e+00 1.000000000000000048e-04 2.024929674718187536e-02 1.000000000000000000e+00
-1.610749999999999904e+00 1.000000000000000048e-04 2.027905697721479883e-02 1.000000000000000000e+00
-1.609999999999999876e+00 1.000000000000000048e-04 2.030885777037783751e-02 1.000000000000000000e+00
-1.609249999999999847e+00 1.000000000000000048e-04 2.033869917262083604e-02 1.000000000000000000e+00
-1.608499999999999819e+00 1.000000000000000048e-04 2.036858122991806047e-02 1.000000000000000000e+00
-1.607749999999999790e+00 1.000000000000000048e-04 2.039850398826815320e-02 1.000000000000000000e+00
-1.606999999999999762e+00 1.000000000000000048e-04 2.042846749369404968e-02 1.000000000000000000e+00
-1.606249999999999734e+00 1.000000000000000048e-04 2.045847179224289172e-02 1.000000000000000000e+00
-1.605500000000000149e+00 1.000000000000000048e-04 2.048851692998593030e-02 1.000000000000000000e+00
-1.604750000000000121e+00 1.000000000000000048e-04 2.051860295301854292e-02 1.000000000000000000e+00
-1.604000000000000092e+00 1.000000000000000048e-04 2.054872990746003242e-02 1.000000000000000000e+00
-1.603250000000000064e+00 1.000000000000000048e-04 2.057889783945358875e-02 1.000000000000000000e+00
-1.602500000000000036e+00 1.000000000000000048e-04 2.060910679516627167e-02 1.000000000000000000e+00
-1.601750000000000007e+00 1.000000000000000048e-04 2.063935682078885114e-02 1.000000000000000000e+00
-1.600999999999999979e+00 1.000000000000000048e-04 2.066964796253576223e-02 1.000000000000000000e+00
-1.600249999999999950e+00 1.000000000000000048e-04 2.069998026664503221e-02 1.000000000000000000e+00
-1.599499999999999922e+00 1.000000000000000048e-04 2.073035377937820084e-02 1.000000000000000000e+00
-1.598749999999999893e+00 1.000000000000000048e-04 2.076076854702020580e-02 1.000000000000000000e+00
-1.597999999999999865e+00 1.000000000000000048e-04 2.079122461587933415e-02 1.000000000000000000e+00
-1.597249999999999837e+00 1.000000000000000048e-04 2.082172203228714949e-02 1.000000000000000000e+00
-1.596499999999999808e+00 1.000000000000000048e-04 2.085226084259837742e-02 1.000000000000000000e+00
-1.595749999999999780e+00 1.000000000000000048e-04 2.088284109319085008e-02 1.000000000000000000e+00
-1.594999999999999751e+00 1.000000000000000048e-04 2.091346283046541243e-02 1.000000000000000000e+00
-1.594249999999999723e+00 1.000000000000000048e-04 2.094412610084582863e-02 1.000000000000000000e+00
-1.593500000000000139e+00 1.000000000000000048e-04 2.097483095077872298e-02 1.000000000000000000e+00
-1.592750000000000110e+00 1.000000000000000048e-04 2.100557742673350714e-02 1.000000000000000000e+00
-1.592000000000000082e+00 1.000000000000000048e-04 2.103636557520224132e-02 1.000000000000000000e+00
-1.591250000000000053e+00 1.000000000000000048e-04 2.106719544269960651e-02 1.000000000000000000e+00
-1.590500000000000025e+00 1.000000000000000048e-04 2.109806707576277612e-02 1.000000000000000000e+00
-1.589749999999999996e+00 1.000000000000000048e-04 2.112898052095136051e-02 1.000000000000000000e+00
-1.588999999999999968e+00 1.000000000000000048e-04 2.115993582484733404e-02 1.000000000000000000e+00
-1.588249999999999940e+00 1.000000000000000048e-04 2.119093303405489639e-02 1.000000000000000000e+00
-1.587499999999999911e+00 1.000000000000000048e-04 2.122197219520046557e-02 1.000000000000000000e+00
-1.586749999999999883e+00 1.000000000000000048e-04 2.125305335493248710e-02 1.000000000000000000e+00
-1.585999999999999854e+00 1.000000000000000048e-04 2.128417655992145482e-02 1.000000000000000000e+00
-1.585249999999999826e+00 1.000000000000000048e-04 2.131534185685976177e-02 1.000000000000000000e+00
-1.584499999999999797e+00 1.000000000000000048e-04 2.134654929246160987e-02 1.000000000000000000e+00
-1.583749999999999769e+00 1.000000000000000048e-04 2.137779891346298228e-02 1.000000000000000000e+00
-1.582999999999999741e+00 1.000000000000000048e-04 2.140909076662145596e-02 1.000000000000000000e+00
-1.582249999999999712e+00 1.000000000000000048e-04 2.144042489871621562e-02 1.000000000000000000e+00
-1.581500000000000128e+00 1.000000000000000048e-04 2.147180135654788713e-02 1.000000000000000000e+00
-1.580750000000000099e+00 1.000000000000000048e-04 2.150322018693852713e-02 1.000000000000000000e+00
-1.580000000000000071e+00 1.000000000000000048e-04 2.153468143673144611e-02 1.000000000000000000e+00
-1.579250000000000043e+00 1.000000000000000048e-04 2.156618515279116674e-02 1.000000000000000000e+00
-1.578500000000000014e+00 1.000000000000000048e-04 2.159773138200333023e-02 1.000000000000000000e+00
-1.577749999999999986e+00 1.000000000000000048e-04 2.162932017127460610e-02 1.000000000000000000e+00
-1.576999999999999957e+00 1.000000000000000048e-04 2.166095156753261239e-02 1.000000000000000000e+00
-1.576249999999999929e+00 1.000000000000000048e-04 2.169262561772576647e-02 1.000000000000000000e+00
-1.575499999999999901e+00 1.000000000000000048e-04 2.172434236882329547e-02 1.000000000000000000e+00
-1.574749999999999872e+00 1.000000000000000048e-04 2.175610186781502808e-02 1.000000000000000000e+00
-1.573999999999999844e+00 1.000000000000000048e-04 2.178790416171140151e-02 1.000000000000000000e+00
-1.573249999999999815e+00 1.000000000000000048e-04 2.181974929754331230e-02 1.000000000000000000e+00
-1.572499999999999787e+00 1.000000000000000048e-04 2.185163732236202264e-02 1.000000000000000000e+00
-1.571749999999999758e+00 1.000000000000000048e-04 2.188356828323913261e-02 1.000000000000000000e+00
-1.570999999999999730e+00 1.000000000000000048e-04 2.191554222726637552e-02 1.000000000000000000e+00
-1.570250000000000146e+00 1.000000000000000048e-04 2.194755920155558662e-02 1.000000000000000000e+00
-1.569500000000000117e+00 1.000000000000000048e-04 2.197961925323868582e-02 1.000000000000000000e+00
-1.568750000000000089e+00 1.000000000000000048e-04 2.201172242946742783e-02 1.000000000000000000e+00
-1.568000000000000060e+00 1.000000000000000048e-04 2.204386877741339873e-02 1.000000000000000000e+00
-1.567250000000000032e+00 1.000000000000000048e-04 2.207605834426789801e-02 1.000000000000000000e+00
-1.566500000000000004e+00 1.000000000000000048e-04 2.210829117724187609e-02 1.000000000000000000e+00
-1.565749999999999975e+00 1.000000000000000048e-04 2.214056732356578169e-02 1.000000000000000000e+00
-1.564999999999999947e+00 1.000000000000000048e-04 2.217288683048950285e-02 1.000000000000000000e+00
-1.564249999999999918e+00 1.000000000000000048e-04 2.220524974528227322e-02 1.000000000000000000e+00
-1.563499999999999890e+00 1.000000000000000048e-04 2.223765611523252986e-02 1.000000000000000000e+00
-1.562749999999999861e+00 1.000000000000000048e-04 2.227010598764788893e-02 1.000000000000000000e+00
-1.561999999999999833e+00 1.000000000000000048e-04 2.230259940985497222e-02 1.000000000000000000e+00
-1.561249999999999805e+00 1.000000000000000048e-04 2.233513642919935857e-02 1.000000000000000000e+00
-1.560499999999999776e+00 1.000000000000000048e-04 2.236771709304545205e-02 1.000000000000000000e+00
-1.559749999999999748e+00 1.000000000000000048e-04 2.240034144877643338e-02 1.000000000000000000e+00
-1.558999999999999719e+00 1.000000000000000048e-04 2.243300954379407255e-02 1.000000000000000000e+00
-1.558250000000000135e+00 1.000000000000000048e-04 2.246572142551870807e-02 1.000000000000000000e+00
-1.557500000000000107e+00 1.000000000000000048e-04 2.249847714138915669e-02 1.000000000000000000e+00
-1.556750000000000078e+00 1.000000000000000048e-04 2.253127673886251570e-02 1.000000000000000000e+00
-1.556000000000000050e+00 1.000000000000000048e-04 2.256412026541414900e-02 1.000000000000000000e+00
-1.555250000000000021e+00 1.000000000000000048e-04 2.259700776853755880e-02 1.000000000000000000e+00
-1.554499999999999993e+00 1.000000000000000048e-04 2.262993929574425717e-02 1.000000000000000000e+00
-1.553749999999999964e+00 1.000000000000000048e-04 2.266291489456373140e-02 1.000000000000000000e+00
-1.552999999999999936e+00 1.000000000000000048e-04 2.269593461254326011e-02 1.000000000000000000e+00
-1.552249999999999908e+00 1.000000000000000048e-04 2.272899849724785773e-02 1.000000000000000000e+00
-1.551499999999999879e+00 1.000000000000000048e-04 2.276210659626017735e-02 1.000000000000000000e+00
-1.550749999999999851e+00 1.000000000000000048e-04 2.279525895718036155e-02 1.000000000000000000e+00
-1.549999999999999822e+00 1.000000000000000048e-04 2.282845562762599728e-02 1.000000000000000000e+00
-1.549249999999999794e+00 1.000000000000000048e-04 2.286169665523196323e-02 1.000000000000000000e+00
-1.548499999999999766e+00 1.000000000000000048e-04 2.289498208765032919e-02 1.000000000000000000e+00
-1.547749999999999737e+00 1.000000000000000048e-04 2.292831197255029360e-02 1.000000000000000000e+00
-1.546999999999999709e+00 1.000000000000000048e-04 2.296168635761802398e-02 1.000000000000000000e+00
-1.546250000000000124e+00 1.000000000000000048e-04 2.299510529055654590e-02 1.000000000000000000e+00
-1.545500000000000096e+00 1.000000000000000048e-04 2.302856881908574641e-02 1.000000000000000000e+00
-1.544750000000000068e+00 1.000000000000000048e-04 2.306207699094212082e-02 1.000000000000000000e+00
-1.544000000000000039e+00 1.000000000000000048e-04 2.309562985387873107e-02 1.000000000000000000e+00
-1.543250000000000011e+00 1.000000000000000048e-04 2.312922745566510507e-02 1.000000000000000000e+00
-1.542499999999999982e+00 1.000000000000000048e-04 2.316286984408711530e-02 1.000000000000000000e+00
-1.541749999999999954e+00 1.000000000000000048e-04 2.319655706694686084e-02 1.000000000000000000e+00
-1.540999999999999925e+00 1.000000000000000048e-04 2.323028917206260494e-02 1.000000000000000000e+00
-1.540249999999999897e+00 1.000000000000000048e-04 2.326406620726859109e-02 1.000000000000000000e+00
-1.539499999999999869e+00 1.000000000000000048e-04 2.329788822041498758e-02 1.000000000000000000e+00
-1.538749999999999840e+00 1.000000000000000048e-04 2.333175525936776948e-02 1.000000000000000000e+00
-1.537999999999999812e+00 1.000000000000000048e-04 2.336566737200857988e-02 1.000000000000000000e+00
-1.537249999999999783e+00 1.000000000000000048e-04 2.339962460623466398e-02 1.000000000000000000e+00
-1.536499999999999755e+00 1.000000000000000048e-04 2.343362700995870601e-02 1.000000000000000000e+00
-1.535749999999999726e+00 1.000000000000000048e-04 2.346767463110875987e-02 1.000000000000000000e+00
-1.535000000000000142e+00 1.000000000000000048e-04 2.350176751762809643e-02 1.000000000000000000e+00
-1.534250000000000114e+00 1.000000000000000048e-04 2.353590571747516888e-02 1.000000000000000000e+00
-1.533500000000000085e+00 1.000000000000000048e-04 2.357008927862339065e-02 1.000000000000000000e+00
-1.532750000000000057e+00 1.000000000000000048e-04 2.360431824906109033e-02 1.000000000000000000e+00
-1.532000000000000028e+00 1.000000000000000048e-04 2.363859267679139717e-02 1.000000000000000000e+00
-1.531250000000000000e+00 1.000000000000000048e-04 2.367291260983209189e-02 1.000000000000000000e+00
-1.530499999999999972e+00 1.000000000000000048e-04 2.370727809621552343e-02 1.000000000000000000e+00
-1.529749999999999943e+00 1.000000000000000048e-04 2.374168918398848749e-02 1.000000000000000000e+00
-1.528999999999999915e+00 1.000000000000000048e-04 2.377614592121209472e-02 1.000000000000000000e+00
-1.528249999999999886e+00 1.000000000000000048e-04 2.381064835596167356e-02 1.000000000000000000e+00
-1.527499999999999858e+00 1.000000000000000048e-04 2.384519653632664188e-02 1.000000000000000000e+00
-1.526749999999999829e+00 1.000000000000000048e-04 2.387979051041039247e-02 1.000000000000000000e+00
-1.525999999999999801e+00 1.000000000000000048e-04 2.391443032633019591e-02 1.000000000000000000e+00
-1.525249999999999773e+00 1.000000000000000048e-04 2.394911603221703753e-02 1.000000000000000000e+00
-1.524499999999999744e+00 1.000000000000000048e-04 2.398384767621554794e-02 1.000000000000000000e+00
-1.523749999999999716e+00 1.000000000000000048e-04 2.401862530648382968e-02 1.000000000000000000e+00
-1.523000000000000131e+00 1.000000000000000048e-04 2.405344897119340505e-02 1.000000000000000000e+00
-1.522250000000000103e+00 1.000000000000000048e-04 2.408831871852905662e-02 1.000000000000000000e+00
-1.521500000000000075e+00 1.000000000000000048e-04 2.412323459668872308e-02 1.000000000000000000e+00
-1.520750000000000046e+00 1.000000000000000048e-04 2.415819665388332926e-02 1.000000000000000000e+00
-1.520000000000000018e+00 1.000000000000000048e-04 2.419320493833674798e-02 1.000000000000000000e+00
-1.519249999999999989e+00 1.000000000000000048e-04 2.422825949828561962e-02 1.000000000000000000e+00
-1.518499999999999961e+00 1.000000000000000048e-04 2.426336038197923761e-02 1.000000000000000000e+00
-1.517749999999999932e+00 1.000000000000000048e-04 2.429850763767945135e-02 1.000000000000000000e+00
-1.516999999999999904e+00 1.000000000000000048e-04 2.433370131366051695e-02 1.000000000000000000e+00
-1.516249999999999876e+00 1.000000000000000048e-04 2.436894145820900012e-02 1.000000000000000000e+00
-1.515499999999999847e+00 1.000000000000000048e-04 2.440422811962363395e-02 1.000000000000000000e+00
-1.514749999999999819e+00 1.000000000000000048e-04 2.443956134621520435e-02 1.000000000000000000e+00
-1.513999999999999790e+00 1.000000000000000048e-04 2.447494118630641480e-02 1.000000000000000000e+00
-1.513249999999999762e+00 1.000000000000000048e-04 2.451036768823176490e-02 1.000000000000000000e+00
-1.512499999999999734e+00 1.000000000000000048e-04 2.454584090033744281e-02 1.000000000000000000e+00
-1.511750000000000149e+00 1.000000000000000048e-04 2.458136087098116568e-02 1.000000000000000000e+00
-1.511000000000000121e+00 1.000000000000000048e-04 2.461692764853213103e-02 1.000000000000000000e+00
-1.510250000000000092e+00 1.000000000000000048e-04 2.465254128137077394e-02 1.000000000000000000e+00
-1.509500000000000064e+00 1.000000000000000048e-04 2.468820181788873233e-02 1.000000000000000000e+00
-1.508750000000000036e+00 1.000000000000000048e-04 2.472390930648867349e-02 1.000000000000000000e+00
-1.508000000000000007e+00 1.000000000000000048e-04 2.475966379558419347e-02 1.000000000000000000e+00
-1.507249999999999979e+00 1.000000000000000048e-04 2.479546533359967483e-02 1.000000000000000000e+00
-1.506499999999999950e+00 1.000000000000000048e-04 2.483131396897015827e-02 1.000000000000000000e+00
-1.505749999999999922e+00 1.000000000000000048e-04 2.486720975014122814e-02 1.000000000000000000e+00
-1.504999999999999893e+00 1.000000000000000048e-04 2.490315272556886672e-02 1.000000000000000000e+00
-1.504249999999999865e+00 1.000000000000000048e-04 2.493914294371932933e-02 1.000000000000000000e+00
-1.503499999999999837e+00 1.000000000000000048e-04 2.497518045306901247e-02 1.000000000000000000e+00
-1.502749999999999808e+00 1.000000000000000048e-04 2.501126530210432547e-02 1.000000000000000000e+00
-1.501999999999999780e+00 1.000000000000000048e-04 2.504739753932158294e-02 1.000000000000000000e+00
-1.501249999999999751e+00 1.000000000000000048e-04 2.508357721322681047e-02 1.000000000000000000e+00
-1.500499999999999723e+00 1.000000000000000048e-04 2.511980437233569952e-02 1.000000000000000000e+00
-1.499750000000000139e+00 1.000000000000000048e-04 2.515607906517337497e-02 1.000000000000000000e+00
-1.499000000000000110e+00 1.000000000000000048e-04 2.519240134027439515e-02 1.000000000000000000e+00
-1.498250000000000082e+00 1.000000000000000048e-04 2.522877124618247077e-02 1.000000000000000000e+00
-1.497500000000000053e+00 1.000000000000000048e-04 2.526518883145042679e-02 1.000000000000000000e+00
-1.496750000000000025e+00 1.000000000000000048e-04 2.530165414464005322e-02 1.000000000000000000e+00
-1.495999999999999996e+00 1.000000000000000048e-04 2.533816723432192816e-02 1.000000000000000000e+00
-1.495249999999999968e+00 1.000000000000000048e-04 2.537472814907535193e-02 1.000000000000000000e+00
-1.494499999999999940e+00 1.000000000000000048e-04 2.541133693748815967e-02 1.000000000000000000e+00
-1.493749999999999911e+00 1.000000000000000048e-04 2.544799364815659992e-02 1.000000000000000000e+00
-1.492999999999999883e+00 1.000000000000000048e-04 2.548469832968520629e-02 1.000000000000000000e+00
-1.492249999999999854e+00 1.000000000000000048e-04 2.552145103068665863e-02 1.000000000000000000e+00
-1.491499999999999826e+00 1.000000000000000048e-04 2.555825179978161651e-02 1.000000000000000000e+00
-1.490749999999999797e+00 1.000000000000000048e-04 2.559510068559863946e-02 1.000000000000000000e+00
-1.489999999999999769e+00 1.000000000000000048e-04 2.563199773677400997e-02 1.000000000000000000e+00
-1.489249999999999741e+00 1.000000000000000048e-04 2.566894300195159129e-02 1.000000000000000000e+00
-1.488499999999999712e+00 1.000000000000000048e-04 2.570593652978269902e-02 1.000000000000000000e+00
-1.487750000000000128e+00 1.000000000000000048e-04 2.574297836892596933e-02 1.000000000000000000e+00
-1.487000000000000099e+00 1.000000000000000048e-04 2.578006856804723052e-02 1.000000000000000000e+00
-1.486250000000000071e+00 1.000000000000000048e-04 2.581720717581933999e-02 1.000000000000000000e+00
-1.485500000000000043e+00 1.000000000000000048e-04 2.585439424092201427e-02 1.000000000000000000e+00
-1.484750000000000014e+00 1.000000000000000048e-04 2.589162981204175609e-02 1.000000000000000000e+00
-1.483999999999999986e+00 1.000000000000000048e-04 2.592891393787167750e-02 1.000000000000000000e+00
-1.483249999999999957e+00 1.000000000000000048e-04 2.596624666711134025e-02 1.000000000000000000e+00
-1.482499999999999929e+00 1.000000000000000048e-04 2.600362804846666209e-02 1.000000000000000000e+00
-1.481749999999999901e+00 1.000000000000000048e-04 2.604105813064972602e-02 1.000000000000000000e+00
-1.480999999999999872e+00 1.000000000000000048e-04 2.607853696237866226e-02 1.000000000000000000e+00
-1.480249999999999844e+00 1.000000000000000048e-04 2.611606459237749561e-02 1.000000000000000000e+00
-1.479499999999999815e+00 1.000000000000000048e-04 2.615364106937602406e-02 1.000000000000000000e+00
-1.478749999999999787e+00 1.000000000000000048e-04 2.619126644210963140e-02 1.000000000000000000e+00
-1.477999999999999758e+00 1.000000000000000048e-04 2.622894075931918659e-02 1.000000000000000000e+00
-1.477249999999999730e+00 1.000000000000000048e-04 2.626666406975085993e-02 1.000000000000000000e+00
-1.476500000000000146e+00 1.000000000000000048e-04 2.630443642215597386e-02 1.000000000000000000e+00
-1.475750000000000117e+00 1.000000000000000048e-04 2.634225786529095781e-02 1.000000000000000000e+00
-1.475000000000000089e+00 1.000000000000000048e-04 2.638012844791705683e-02 1.000000000000000000e+00
-1.474250000000000060e+00 1.000000000000000048e-04 2.641804821880024828e-02 1.000000000000000000e+00
-1.473500000000000032e+00 1.000000000000000048e-04 2.645601722671113432e-02 1.000000000000000000e+00
-1.472750000000000004e+00 1.000000000000000048e-04 2.649403552042471632e-02 1.000000000000000000e+00
-1.471999999999999975e+00 1.000000000000000048e-04 2.653210314872029088e-02 1.000000000000000000e+00
-1.471249999999999947e+00 1.000000000000000048e-04 2.657022016038131443e-02 1.000000000000000000e+00
-1.470499999999999918e+00 1.000000000000000048e-04 2.660838660419522633e-02 1.000000000000000000e+00
-1.469749999999999890e+00 1.000000000000000048e-04 2.664660252895329623e-02 1.000000000000000000e+00
-1.468999999999999861e+00 1.000000000000000048e-04 2.668486798345049912e-02 1.000000000000000000e+00
-1.468249999999999833e+00 1.000000000000000048e-04 2.672318301648532110e-02 1.000000000000000000e+00
-1.467499999999999805e+00 1.000000000000000048e-04 2.676154767685967953e-02 1.000000000000000000e+00
-1.466749999999999776e+00 1.000000000000000048e-04 2.679996201337869755e-02 1.000000000000000000e+00
-1.465999999999999748e+00 1.000000000000000048e-04 2.683842607485058263e-02 1.000000000000000000e+00
-1.465249999999999719e+00 1.000000000000000048e-04 2.687693991008649821e-02 1.000000000000000000e+00
-1.464500000000000135e+00 1.000000000000000048e-04 2.691550356790032780e-02 1.000000000000000000e+00
-1.463750000000000107e+00 1.000000000000000048e-04 2.695411709710867493e-02 1.000000000000000000e+00
-1.463000000000000078e+00 1.000000000000000048e-04 2.699278054653053704e-02 1.000000000000000000e+00
-1.462250000000000050e+00 1.000000000000000048e-04 2.703149396498724655e-02 1.000000000000000000e+00
-1.461500000000000021e+00 1.000000000000000048e-04 2.707025740130231117e-02 1.000000000000000000e+00
-1.460749999999999993e+00 1.000000000000000048e-04 2.710907090430122318e-02 1.000000000000000000e+00
-1.459999999999999964e+00 1.000000000000000048e-04 2.714793452281134833e-02 1.000000000000000000e+00
-1.459249999999999936e+00 1.000000000000000048e-04 2.718684830566172467e-02 1.000000000000000000e+00
-1.458499999999999908e+00 1.000000000000000048e-04 2.722581230168294106e-02 1.000000000000000000e+00
-1.457749999999999879e+00 1.000000000000000048e-04 2.726482655970695335e-02 1.000000000000000000e+00
-1.456999999999999851e+00 1.000000000000000048e-04 2.730389112856695943e-02 1.000000000000000000e+00
-1.456249999999999822e+00 1.000000000000000048e-04 2.734300605709720153e-02 1.000000000000000000e+00
-1.455499999999999794e+00 1.000000000000000048e-04 2.738217139413283083e-02 1.000000000000000000e+00
-1.454749999999999766e+00 1.000000000000000048e-04 2.742138718850975834e-02 1.000000000000000000e+00
-1.453999999999999737e+00 1.000000000000000048e-04 2.746065348906446060e-02 1.000000000000000000e+00
-1.453249999999999709e+00 1.000000000000000048e-04 2.749997034463385476e-02 1.000000000000000000e+00
-1.452500000000000124e+00 1.000000000000000048e-04 2.753933780405508694e-02 1.000000000000000000e+00
-1.451750000000000096e+00 1.000000000000000048e-04 2.757875591616550451e-02 1.000000000000000000e+00
-1.451000000000000068e+00 1.000000000000000048e-04 2.761822472980228829e-02 1.000000000000000000e+00
-1.450250000000000039e+00 1.000000000000000048e-04 2.765774429380245952e-02 1.000000000000000000e+00
-1.449500000000000011e+00 1.000000000000000048e-04 2.769731465700264045e-02 1.000000000000000000e+00
-1.448749999999999982e+00 1.000000000000000048e-04 2.773693586823891208e-02 1.000000000000000000e+00
-1.447999999999999954e+00 1.000000000000000048e-04 2.777660797634665460e-02 1.000000000000000000e+00
-1.447249999999999925e+00 1.000000000000000048e-04 2.781633103016036695e-02 1.000000000000000000e+00
-1.446499999999999897e+00 1.000000000000000048e-04 2.785610507851351073e-02 1.000000000000000000e+00
-1.445749999999999869e+00 1.000000000000000048e-04 2.789593017023835747e-02 1.000000000000000000e+00
-1.444999999999999840e+00 1.000000000000000048e-04 2.793580635416583607e-02 1.000000000000000000e+00
-1.444249999999999812e+00 1.000000000000000048e-04 2.797573367912527253e-02 1.000000000000000000e+00
-1.443499999999999783e+00 1.000000000000000048e-04 2.801571219394436915e-02 1.000000000000000000e+00
-1.442749999999999755e+00 1.000000000000000048e-04 2.805574194744893390e-02 1.000000000000000000e+00
-1.441999999999999726e+00 1.000000000000000048e-04 2.809582298846274862e-02 1.000000000000000000e+00
-1.441250000000000142e+00 1.000000000000000048e-04 2.813595536580736078e-02 1.000000000000000000e+00
-1.440500000000000114e+00 1.000000000000000048e-04 2.817613912830204195e-02 1.000000000000000000e+00
-1.439750000000000085e+00 1.000000000000000048e-04 2.821637432476344076e-02 1.000000000000000000e+00
-1.439000000000000057e+00 1.000000000000000048e-04 2.825666100400554132e-02 1.000000000000000000e+00
-1.438250000000000028e+00 1.000000000000000048e-04 2.829699921483943420e-02 1.000000000000000000e+00
-1.437500000000000000e+00 1.000000000000000048e-04 2.833738900607318464e-02 1.000000000000000000e+00
-1.436749999999999972e+00 1.000000000000000048e-04 2.837783042651163823e-02 1.000000000000000000e+00
-1.435999999999999943e+00 1.000000000000000048e-04 2.841832352495625436e-02 1.000000000000000000e+00
-1.435249999999999915e+00 1.000000000000000048e-04 2.845886835020493624e-02 1.000000000000000000e+00
-1.434499999999999886e+00 1.000000000000000048e-04 2.849946495105185745e-02 1.000000000000000000e+00
-1.433749999999999858e+00 1.000000000000000048e-04 2.854011337628729536e-02 1.000000000000000000e+00
-1.432999999999999829e+00 1.000000000000000048e-04 2.858081367469746115e-02 1.000000000000000000e+00
-1.432249999999999801e+00 1.000000000000000048e-04 2.862156589506429857e-02 1.000000000000000000e+00
-1.431499999999999773e+00 1.000000000000000048e-04 2.866237008616534521e-02 1.000000000000000000e+00
-1.430749999999999744e+00 1.000000000000000048e-04 2.870322629677354159e-02 1.000000000000000000e+00
-1.429999999999999716e+00 1.000000000000000048e-04 2.874413457565707167e-02 1.000000000000000000e+00
-1.429250000000000131e+00 1.000000000000000048e-04 2.878509497157911989e-02 1.000000000000000000e+00
-1.428500000000000103e+00 1.000000000000000048e-04 2.882610753329786085e-02 1.000000000000000000e+00
-1.427750000000000075e+00 1.000000000000000048e-04 2.886717230956607760e-02 1.000000000000000000e+00
-1.427000000000000046e+00 1.000000000000000048e-04 2.890828934913110618e-02 1.000000000000000000e+00
-1.426250000000000018e+00 1.000000000000000048e-04 2.894945870073463434e-02 1.000000000000000000e+00
-1.425499999999999989e+00 1.000000000000000048e-04 2.899068041311252814e-02 1.000000000000000000e+00
-1.424749999999999961e+00 1.000000000000000048e-04 2.903195453499464451e-02 1.000000000000000000e+00
-1.423999999999999932e+00 1.000000000000000048e-04 2.907328111510466481e-02 1.000000000000000000e+00
-1.423249999999999904e+00 1.000000000000000048e-04 2.911466020215988312e-02 1.000000000000000000e+00
-1.422499999999999876e+00 1.000000000000000048e-04 2.915609184487106750e-02 1.000000000000000000e+00
-1.421749999999999847e+00 1.000000000000000048e-04 2.919757609194227610e-02 1.000000000000000000e+00
-1.420999999999999819e+00 1.000000000000000048e-04 2.923911299207063857e-02 1.000000000000000000e+00
-1.420249999999999790e+00 1.000000000000000048e-04 2.928070259394620345e-02 1.000000000000000000e+00
-1.419499999999999762e+00 1.000000000000000048e-04 2.932234494625177157e-02 1.000000000000000000e+00
-1.418749999999999734e+00 1.000000000000000048e-04 2.936404009766271223e-02 1.000000000000000000e+00
-1.417999999999999705e+00 1.000000000000000048e-04 2.940578809684670294e-02 1.000000000000000000e+00
-1.417250000000000121e+00 1.000000000000000048e-04 2.944758899246363582e-02 1.000000000000000000e+00
-1.416500000000000092e+00 1.000000000000000048e-04 2.948944283316547524e-02 1.000000000000000000e+00
-1.415750000000000064e+00 1.000000000000000048e-04 2.953134966759589364e-02 1.000000000000000000e+00
-1.415000000000000036e+00 1.000000000000000048e-04 2.957330954439028187e-02 1.000000000000000000e+00
-1.414250000000000007e+00 1.000000000000000048e-04 2.961532251217543349e-02 1.000000000000000000e+00
-1.413499999999999979e+00 1.000000000000000048e-04 2.965738861956943723e-02 1.000000000000000000e+00
-1.412749999999999950e+00 1.000000000000000048e-04 2.969950791518143757e-02 1.000000000000000000e+00
-1.411999999999999922e+00 1.000000000000000048e-04 2.974168044761149599e-02 1.000000000000000000e+00
-1.411249999999999893e+00 1.000000000000000048e-04 2.978390626545036890e-02 1.000000000000000000e+00
-1.410499999999999865e+00 1.000000000000000048e-04 2.982618541727932379e-02 1.000000000000000000e+00
-1.409749999999999837e+00 1.000000000000000048e-04 2.986851795166997614e-02 1.000000000000000000e+00
-1.408999999999999808e+00 1.000000000000000048e-04 2.991090391718406738e-02 1.000000000000000000e+00
-1.408249999999999780e+00 1.000000000000000048e-04 2.995334336237332265e-02 1.000000000000000000e+00
-1.407499999999999751e+00 1.000000000000000048e-04 2.999583633577918365e-02 1.000000000000000000e+00
-1.406749999999999723e+00 1.000000000000000048e-04 3.003838288593271497e-02 1.000000000000000000e+00
-1.406000000000000139e+00 1.000000000000000048e-04 3.008098306135430916e-02 1.000000000000000000e+00
-1.405250000000000110e+00 1.000000000000000048e-04 3.012363691055366249e-02 1.000000000000000000e+00
-1.404500000000000082e+00 1.000000000000000048e-04 3.016634448202937940e-02 1.000000000000000000e+00
-1.403750000000000053e+00 1.000000000000000048e-04 3.020910582426887536e-02 1.000000000000000000e+00
-1.403000000000000025e+00 1.000000000000000048e-04 3.025192098574822422e-02 1.000000000000000000e+00
-1.402249999999999996e+00 1.000000000000000048e-04 3.029479001493192228e-02 1.000000000000000000e+00
-1.401499999999999968e+00 1.000000000000000048e-04 3.033771296027268013e-02 1.000000000000000000e+00
-1.400749999999999940e+00 1.000000000000000048e-04 3.038068987021125961e-02 1.000000000000000000e+00
-1.399999999999999911e+00 1.000000000000000048e-04 3.042372079317627598e-02 1.000000000000000000e+00
-1.399249999999999883e+00 1.000000000000000048e-04 3.046680577758398289e-02 1.000000000000000000e+00
-1.398499999999999854e+00 1.000000000000000048e-04 3.050994487183809542e-02 1.000000000000000000e+00
-1.397749999999999826e+00 1.000000000000000048e-04 3.055313812432959228e-02 1.000000000000000000e+00
-1.396999999999999797e+00 1.000000000000000048e-04 3.059638558343650075e-02 1.000000000000000000e+00
-1.396249999999999769e+00 1.000000000000000048e-04 3.063968729752376136e-02 1.000000000000000000e+00
-1.395499999999999741e+00 1.000000000000000048e-04 3.068304331494292603e-02 1.000000000000000000e+00
-1.394749999999999712e+00 1.000000000000000048e-04 3.072645368403204708e-02 1.000000000000000000e+00
-1.394000000000000128e+00 1.000000000000000048e-04 3.076991845311543086e-02 1.000000000000000000e+00
-1.393250000000000099e+00 1.000000000000000048e-04 3.081343767050354412e-02 1.000000000000000000e+00
-1.392500000000000071e+00 1.000000000000000048e-04 3.085701138449263234e-02 1.000000000000000000e+00
-1.391750000000000043e+00 1.000000000000000048e-04 3.090063964336466074e-02 1.000000000000000000e+00
-1.391000000000000014e+00 1.000000000000000048e-04 3.094432249538706450e-02 1.000000000000000000e+00
-1.390249999999999986e+00 1.000000000000000048e-04 3.098805998881256837e-02 1.000000000000000000e+00
-1.389499999999999957e+00 1.000000000000000048e-04 3.103185217187894376e-02 1.000000000000000000e+00
-1.388749999999999929e+00 1.000000000000000048e-04 3.107569909280888387e-02 1.000000000000000000e+00
-1.387999999999999901e+00 1.000000000000000048e-04 3.111960079980971572e-02 1.000000000000000000e+00
-1.387249999999999872e+00 1.000000000000000048e-04 3.116355734107325443e-02 1.000000000000000000e+00
-1.386499999999999844e+00 1.000000000000000048e-04 3.120756876477557076e-02 1.000000000000000000e+00
-1.385749999999999815e+00 1.000000000000000048e-04 3.125163511907681768e-02 1.000000000000000000e+00
-1.384999999999999787e+00 1.000000000000000048e-04 3.129575645212098745e-02 1.000000000000000000e+00
-1.384249999999999758e+00 1.000000000000000048e-04 3.133993281203574510e-02 1.000000000000000000e+00
-1.383499999999999730e+00 1.000000000000000048e-04 3.138416424693220297e-02 1.000000000000000000e+00
-1.382750000000000146e+00 1.000000000000000048e-04 3.142845080490467430e-02 1.000000000000000000e+00
-1.382000000000000117e+00 1.000000000000000048e-04 3.147279253403061083e-02 1.000000000000000000e+00
-1.381250000000000089e+00 1.000000000000000048e-04 3.151718948237022810e-02 1.000000000000000000e+00
-1.380500000000000060e+00 1.000000000000000048e-04 3.156164169796633889e-02 1.000000000000000000e+00
-1.379750000000000032e+00 1.000000000000000048e-04 3.160614922884424915e-02 1.000000000000000000e+00
-1.379000000000000004e+00 1.000000000000000048e-04 3.165071212301141801e-02 1.000000000000000000e+00
-1.378249999999999975e+00 1.000000000000000048e-04 3.169533042845732590e-02 1.000000000000000000e+00
-1.377499999999999947e+00 1.000000000000000048e-04 3.174000419315325255e-02 1.000000000000000000e+00
-1.376749999999999918e+00 1.000000000000000048e-04 3.178473346505206187e-02 1.000000000000000000e+00
-1.375999999999999890e+00 1.000000000000000048e-04 3.182951829208795907e-02 1.000000000000000000e+00
-1.375249999999999861e+00 1.000000000000000048e-04 3.187435872217635191e-02 1.000000000000000000e+00
-1.374499999999999833e+00 1.000000000000000048e-04 3.191925480321358699e-02 1.000000000000000000e+00
-1.373749999999999805e+00 1.000000000000000048e-04 3.196420658307676244e-02 1.000000000000000000e+00
-1.372999999999999776e+00 1.000000000000000048e-04 3.200921410962345032e-02 1.000000000000000000e+00
-1.372249999999999748e+00 1.000000000000000048e-04 3.205427743069163421e-02 1.000000000000000000e+00
-1.371499999999999719e+00 1.000000000000000048e-04 3.209939659409930673e-02 1.000000000000000000e+00
-1.370750000000000135e+00 1.000000000000000048e-04 3.214457164764438629e-02 1.000000000000000000e+00
-1.370000000000000107e+00 1.000000000000000048e-04 3.218980263910451584e-02 1.000000000000000000e+00
-1.369250000000000078e+00 1.000000000000000048e-04 3.223508961623672286e-02 1.000000000000000000e+00
-1.368500000000000050e+00 1.000000000000000048e-04 3.228043262677732228e-02 1.000000000000000000e+00
-1.367750000000000021e+00 1.000000000000000048e-04 3.232583171844166658e-02 1.000000000000000000e+00
-1.366999999999999993e+00 1.000000000000000048e-04 3.237128693892388914e-02 1.000000000000000000e+00
-1.366249999999999964e+00 1.000000000000000048e-04 3.241679833589675153e-02 1.000000000000000000e+00
-1.365499999999999936e+00 1.000000000000000048e-04 3.246236595701137984e-02 1.000000000000000000e+00
-1.364749999999999908e+00 1.000000000000000048e-04 3.250798984989707735e-02 1.000000000000000000e+00
-1.363999999999999879e+00 1.000000000000000048e-04 3.255367006216109554e-02 1.000000000000000000e+00
-1.363249999999999851e+00 1.000000000000000048e-04 3.259940664138839816e-02 1.000000000000000000e+00
-1.362499999999999822e+00 1.000000000000000048e-04 3.264519963514146000e-02 1.000000000000000000e+00
-1.361749999999999794e+00 1.000000000000000048e-04 3.269104909096008649e-02 1.000000000000000000e+00
-1.360999999999999766e+00 1.000000000000000048e-04 3.273695505636108755e-02 1.000000000000000000e+00
-1.360249999999999737e+00 1.000000000000000048e-04 3.278291757883816659e-02 1.000000000000000000e+00
-1.359499999999999709e+00 1.000000000000000048e-04 3.282893670586165685e-02 1.000000000000000000e+00
-1.358750000000000124e+00 1.000000000000000048e-04 3.287501248487824379e-02 1.000000000000000000e+00
-1.358000000000000096e+00 1.000000000000000048e-04 3.292114496331090268e-02 1.000000000000000000e+00
-1.357250000000000068e+00 1.000000000000000048e-04 3.296733418855847531e-02 1.000000000000000000e+00
-1.356500000000000039e+00 1.000000000000000048e-04 3.301358020799557980e-02 1.000000000000000000e+00
-1.355750000000000011e+00 1.000000000000000048e-04 3.305988306897236079e-02 1.000000000000000000e+00
-1.354999999999999982e+00 1.000000000000000048e-04 3.310624281881425351e-02 1.000000000000000000e+00
-1.354249999999999954e+00 1.000000000000000048e-04 3.315265950482171320e-02 1.000000000000000000e+00
-1.353499999999999925e+00 1.000000000000000048e-04 3.319913317427011096e-02 1.000000000000000000e+00
-1.352749999999999897e+00 1.000000000000000048e-04 3.324566387440942156e-02 1.000000000000000000e+00
-1.351999999999999869e+00 1.000000000000000048e-04 3.329225165246393892e-02 1.000000000000000000e+00
-1.351249999999999840e+00 1.000000000000000048e-04 3.333889655563223448e-02 1.000000000000000000e+00
-1.350499999999999812e+00 1.000000000000000048e-04 3.338559863108672005e-02 1.000000000000000000e+00
-1.349749999999999783e+00 1.000000000000000048e-04 3.343235792597359923e-02 1.000000000000000000e+00
-1.348999999999999755e+00 1.000000000000000048e-04 3.347917448741249968e-02 1.000000000000000000e+00
-1.348249999999999726e+00 1.000000000000000048e-04 3.352604836249634124e-02 1.000000000000000000e+00
-1.347500000000000142e+00 1.000000000000000048e-04 3.357297959829102368e-02 1.000000000000000000e+00
-1.346750000000000114e+00 1.000000000000000048e-04 3.361996824183533655e-02 1.000000000000000000e+00
-1.346000000000000085e+00 1.000000000000000048e-04 3.366701434014054278e-02 1.000000000000000000e+00
-1.345250000000000057e+00 1.000000000000000048e-04 3.371411794019027464e-02 1.000000000000000000e+00
-1.344500000000000028e+00 1.000000000000000048e-04 3.376127908894029778e-02 1.000000000000000000e+00
-1.343750000000000000e+00 1.000000000000000048e-04 3.380849783331819902e-02 1.000000000000000000e+00
-1.342999999999999972e+00 1.000000000000000048e-04 3.385577422022325450e-02 1.000000000000000000e+00
-1.342249999999999943e+00 1.000000000000000048e-04 3.390310829652613822e-02 1.000000000000000000e+00
-1.341499999999999915e+00 1.000000000000000048e-04 3.395050010906869309e-02 1.000000000000000000e+00
-1.340749999999999886e+00 1.000000000000000048e-04 3.399794970466372968e-02 1.000000000000000000e+00
-1.339999999999999858e+00 1.000000000000000048e-04 3.404545713009472091e-02 1.000000000000000000e+00
-1.339249999999999829e+00 1.000000000000000048e-04 3.409302243211567718e-02 1.000000000000000000e+00
-1.338499999999999801e+00 1.000000000000000048e-04 3.414064565745080632e-02 1.000000000000000000e+00
-1.337749999999999773e+00 1.000000000000000048e-04 3.418832685279433320e-02 1.000000000000000000e+00
-1.336999999999999744e+00 1.000000000000000048e-04 3.423606606481027770e-02 1.000000000000000000e+00
-1.336249999999999716e+00 1.000000000000000048e-04 3.428386334013216324e-02 1.000000000000000000e+00
-1.335500000000000131e+00 1.000000000000000048e-04 3.433171872536280173e-02 1.000000000000000000e+00
-1.334750000000000103e+00 1.000000000000000048e-04 3.437963226707412001e-02 1.000000000000000000e+00
-1.334000000000000075e+00 1.000000000000000048e-04 3.442760401180682689e-02 1.000000000000000000e+00
-1.333250000000000046e+00 1.000000000000000048e-04 3.447563400607021877e-02 1.000000000000000000e+00
-1.332500000000000018e+00 1.000000000000000048e-04 3.452372229634195072e-02 1.000000000000000000e+00
-1.331749999999999989e+00 1.000000000000000048e-04 3.457186892906773806e-02 1.000000000000000000e+00
-1.330999999999999961e+00 1.000000000000000048e-04 3.462007395066122456e-02 1.000000000000000000e+00
-1.330249999999999932e+00 1.000000000000000048e-04 3.466833740750365628e-02 1.000000000000000000e+00
-1.329499999999999904e+00 1.000000000000000048e-04 3.471665934594363873e-02 1.000000000000000000e+00
-1.328749999999999876e+00 1.000000000000000048e-04 3.476503981229696338e-02 1.000000000000000000e+00
-1.327999999999999847e+00 1.000000000000000048e-04 3.481347885284630933e-02 1.000000000000000000e+00
-1.327249999999999819e+00 1.000000000000000048e-04 3.486197651384102120e-02 1.000000000000000000e+00
-1.326499999999999790e+00 1.000000000000000048e-04 3.491053284149681774e-02 1.000000000000000000e+00
-1.325749999999999762e+00 1.000000000000000048e-04 3.495914788199563916e-02 1.000000000000000000e+00
-1.324999999999999734e+00 1.000000000000000048e-04 3.500782168148533491e-02 1.000000000000000000e+00
-1.324249999999999705e+00 1.000000000000000048e-04 3.505655428607948321e-02 1.000000000000000000e+00
-1.323500000000000121e+00 1.000000000000000048e-04 3.510534574185701640e-02 1.000000000000000000e+00
-1.322750000000000092e+00 1.000000000000000048e-04 3.515419609486216540e-02 1.000000000000000000e+00
-1.322000000000000064e+00 1.000000000000000048e-04 3.520310539110403647e-02 1.000000000000000000e+00
-1.321250000000000036e+00 1.000000000000000048e-04 3.525207367655648627e-02 1.000000000000000000e+00
-1.320500000000000007e+00 1.000000000000000048e-04 3.530110099715778882e-02 1.000000000000000000e+00
-1.319749999999999979e+00 1.000000000000000048e-04 3.535018739881046201e-02 1.000000000000000000e+00
-1.318999999999999950e+00 1.000000000000000048e-04 3.539933292738096232e-02 1.000000000000000000e+00
-1.318249999999999922e+00 1.000000000000000048e-04 3.544853762869948355e-02 1.000000000000000000e+00
-1.317499999999999893e+00 1.000000000000000048e-04 3.549780154855966541e-02 1.000000000000000000e+00
-1.316749999999999865e+00 1.000000000000000048e-04 3.554712473271837148e-02 1.000000000000000000e+00
-1.315999999999999837e+00 1.000000000000000048e-04 3.559650722689546715e-02 1.000000000000000000e+00
-1.315249999999999808e+00 1.000000000000000048e-04 3.564594907677347269e-02 1.000000000000000000e+00
-1.314499999999999780e+00 1.000000000000000048e-04 3.569545032799740364e-02 1.000000000000000000e+00
-1.313749999999999751e+00 1.000000000000000048e-04 3.574501102617450715e-02 1.000000000000000000e+00
-1.312999999999999723e+00 1.000000000000000048e-04 3.579463121687397748e-02 1.000000000000000000e+00
-1.312250000000000139e+00 1.000000000000000048e-04 3.584431094562669229e-02 1.000000000000000000e+00
-1.311500000000000110e+00 1.000000000000000048e-04 3.589405025792510862e-02 1.000000000000000000e+00
-1.310750000000000082e+00 1.000000000000000048e-04 3.594384919922272853e-02 1.000000000000000000e+00
-1.310000000000000053e+00 1.000000000000000048e-04 3.599370781493409915e-02 1.000000000000000000e+00
-1.309250000000000025e+00 1.000000000000000048e-04 3.604362615043447959e-02 1.000000000000000000e+00
-1.308499999999999996e+00 1.000000000000000048e-04 3.609360425105949399e-02 1.000000000000000000e+00
-1.307749999999999968e+00 1.000000000000000048e-04 3.614364216210503439e-02 1.000000000000000000e+00
-1.306999999999999940e+00 1.000000000000000048e-04 3.619373992882690683e-02 1.000000000000000000e+00
-1.306249999999999911e+00 1.000000000000000048e-04 3.624389759644055381e-02 1.000000000000000000e+00
-1.305499999999999883e+00 1.000000000000000048e-04 3.629411521012090164e-02 1.000000000000000000e+00
-1.304749999999999854e+00 1.000000000000000048e-04 3.634439281500201346e-02 1.000000000000000000e+00
-1.303999999999999826e+00 1.000000000000000048e-04 3.639473045617681868e-02 1.000000000000000000e+00
-1.303249999999999797e+00 1.000000000000000048e-04 3.644512817869698107e-02 1.000000000000000000e+00
-1.302499999999999769e+00 1.000000000000000048e-04 3.649558602757249637e-02 1.000000000000000000e+00
-1.301749999999999741e+00 1.000000000000000048e-04 3.654610404777150490e-02 1.000000000000000000e+00
-1.300999999999999712e+00 1.000000000000000048e-04 3.659668228422002095e-02 1.000000000000000000e+00
-1.300250000000000128e+00 1.000000000000000048e-04 3.664732078180166913e-02 1.000000000000000000e+00
-1.299500000000000099e+00 1.000000000000000048e-04 3.669801958535746228e-02 1.000000000000000000e+00
-1.298750000000000071e+00 1.000000000000000048e-04 3.674877873968544761e-02 1.000000000000000000e+00
-1.298000000000000043e+00 1.000000000000000048e-04 3.679959828954053325e-02 1.000000000000000000e+00
-1.297250000000000014e+00 1.000000000000000048e-04 3.685047827963421063e-02 1.000000000000000000e+00
-1.296499999999999986e+00 1.000000000000000048e-04 3.690141875463424231e-02 1.000000000000000000e+00
-1.295749999999999957e+00 1.000000000000000048e-04 3.695241975916445376e-02 1.000000000000000000e+00
-1.294999999999999929e+00 1.000000000000000048e-04 3.700348133780448356e-02 1.000000000000000000e+00
-1.294249999999999901e+00 1.000000000000000048e-04 3.705460353508941568e-02 1.000000000000000000e+00
-1.293499999999999872e+00 1.000000000000000048e-04 3.710578639550965452e-02 1.000000000000000000e+00
-1.292749999999999844e+00 1.000000000000000048e-04 3.715702996351057108e-02 1.000000000000000000e+00
-1.291999999999999815e+00 1.000000000000000048e-04 3.720833428349223232e-02 1.000000000000000000e+00
-1.291249999999999787e+00 1.000000000000000048e-04 3.725969939980920687e-02 1.000000000000000000e+00
-1.290499999999999758e+00 1.000000000000000048e-04 3.731112535677023195e-02 1.000000000000000000e+00
-1.289749999999999730e+00 1.000000000000000048e-04 3.736261219863797750e-02 1.000000000000000000e+00
-1.288999999999999702e+00 1.000000000000000048e-04 3.741415996962875468e-02 1.000000000000000000e+00
-1.288250000000000117e+00 1.000000000000000048e-04 3.746576871391228691e-02 1.000000000000000000e+00
-1.287500000000000089e+00 1.000000000000000048e-04 3.751743847561141848e-02 1.000000000000000000e+00
-1.286750000000000060e+00 1.000000000000000048e-04 3.756916929880187855e-02 1.000000000000000000e+00
-1.286000000000000032e+00 1.000000000000000048e-04 3.762096122751190652e-02 1.000000000000000000e+00
-1.285250000000000004e+00 1.000000000000000048e-04 3.767281430572209933e-02 1.000000000000000000e+00
-1.284499999999999975e+00 1.000000000000000048e-04 3.772472857736514085e-02 1.000000000000000000e+00
-1.283749999999999947e+00 1.000000000000000048e-04 3.777670408632540638e-02 1.000000000000000000e+00
-1.282999999999999918e+00 1.000000000000000048e-04 3.782874087643885164e-02 1.000000000000000000e+00
-1.282249999999999890e+00 1.000000000000000048e-04 3.788083899149263800e-02 1.000000000000000000e+00
-1.281499999999999861e+00 1.000000000000000048e-04 3.793299847522490359e-02 1.000000000000000000e+00
-1.280749999999999833e+00 1.000000000000000048e-04 3.798521937132442322e-02 1.000000000000000000e+00
-1.279999999999999805e+00 1.000000000000000048e-04 3.803750172343047659e-02 1.000000000000000000e+00
-1.279249999999999776e+00 1.000000000000000048e-04 3.808984557513241109e-02 1.000000000000000000e+00
-1.278499999999999748e+00 1.000000000000000048e-04 3.814225096996949615e-02 1.000000000000000000e+00
-1.277749999999999719e+00 1.000000000000000048e-04 3.819471795143059706e-02 1.000000000000000000e+00
-1.277000000000000135e+00 1.000000000000000048e-04 3.824724656295380720e-02 1.000000000000000000e+00
-1.276250000000000107e+00 1.000000000000000048e-04 3.829983684792645504e-02 1.000000000000000000e+00
-1.275500000000000078e+00 1.000000000000000048e-04 3.835248884968447958e-02 1.000000000000000000e+00
-1.274750000000000050e+00 1.000000000000000048e-04 3.840520261151238179e-02 1.000000000000000000e+00
-1.274000000000000021e+00 1.000000000000000048e-04 3.845797817664288465e-02 1.000000000000000000e+00
-1.273249999999999993e+00 1.000000000000000048e-04 3.851081558825659307e-02 1.000000000000000000e+00
-1.272499999999999964e+00 1.000000000000000048e-04 3.856371488948186904e-02 1.000000000000000000e+00
-1.271749999999999936e+00 1.000000000000000048e-04 3.861667612339442224e-02 1.000000000000000000e+00
-1.270999999999999908e+00 1.000000000000000048e-04 3.866969933301707407e-02 1.000000000000000000e+00
-1.270249999999999879e+00 1.000000000000000048e-04 3.872278456131944546e-02 1.000000000000000000e+00
-1.269499999999999851e+00 1.000000000000000048e-04 3.877593185121776947e-02 1.000000000000000000e+00
-1.268749999999999822e+00 1.000000000000000048e-04 3.882914124557452357e-02 1.000000000000000000e+00
-1.267999999999999794e+00 1.000000000000000048e-04 3.888241278719816590e-02 1.000000000000000000e+00
-1.267249999999999766e+00 1.000000000000000048e-04 3.893574651884290638e-02 1.000000000000000000e+00
-1.266499999999999737e+00 1.000000000000000048e-04 3.898914248320832499e-02 1.000000000000000000e+00
-1.265749999999999709e+00 1.000000000000000048e-04 3.904260072293922607e-02 1.000000000000000000e+00
-1.265000000000000124e+00 1.000000000000000048e-04 3.909612128062518038e-02 1.000000000000000000e+00
-1.264250000000000096e+00 1.000000000000000048e-04 3.914970419880049041e-02 1.000000000000000000e+00
-1.263500000000000068e+00 1.000000000000000048e-04 3.920334951994364908e-02 1.000000000000000000e+00
-1.262750000000000039e+00 1.000000000000000048e-04 3.925705728647718024e-02 1.000000000000000000e+00
-1.262000000000000011e+00 1.000000000000000048e-04 3.931082754076740265e-02 1.000000000000000000e+00
-1.261249999999999982e+00 1.000000000000000048e-04 3.936466032512403457e-02 1.000000000000000000e+00
-1.260499999999999954e+00 1.000000000000000048e-04 3.941855568179997160e-02 1.000000000000000000e+00
-1.259749999999999925e+00 1.000000000000000048e-04 3.947251365299100923e-02 1.000000000000000000e+00
-1.258999999999999897e+00 1.000000000000000048e-04 3.952653428083553050e-02 1.000000000000000000e+00
-1.258249999999999869e+00 1.000000000000000048e-04 3.958061760741423546e-02 1.000000000000000000e+00
-1.257499999999999840e+00 1.000000000000000048e-04 3.963476367474983580e-02 1.000000000000000000e+00
-1.256749999999999812e+00 1.000000000000000048e-04 3.968897252480679816e-02 1.000000000000000000e+00
-1.255999999999999783e+00 1.000000000000000048e-04 3.974324419949104570e-02 1.000000000000000000e+00
-1.255249999999999755e+00 1.000000000000000048e-04 3.979757874064963896e-02 1.000000000000000000e+00
-1.254499999999999726e+00 1.000000000000000048e-04 3.985197619007053299e-02 1.000000000000000000e+00
-1.253750000000000142e+00 1.000000000000000048e-04 3.990643658948225814e-02 1.000000000000000000e+00
-1.253000000000000114e+00 1.000000000000000048e-04 3.996095998055367027e-02 1.000000000000000000e+00
-1.252250000000000085e+00 1.000000000000000048e-04 4.001554640489361769e-02 1.000000000000000000e+00
-1.251500000000000057e+00 1.000000000000000048e-04 4.007019590405067055e-02 1.000000000000000000e+00
-1.250750000000000028e+00 1.000000000000000048e-04 4.012490851951281551e-02 1.000000000000000000e+00
-1.250000000000000000e+00 1.000000000000000048e-04 4.017968429270717817e-02 1.000000000000000000e+00
-1.249249999999999972e+00 1.000000000000000048e-04 4.023452326499974557e-02 1.000000000000000000e+00
-1.248499999999999943e+00 1.000000000000000048e-04 4.028942547769503307e-02 1.000000000000000000e+00
-1.247749999999999915e+00 1.000000000000000048e-04 4.034439097203588315e-02 1.000000000000000000e+00
-1.246999999999999886e+00 1.000000000000000048e-04 4.039941978920301435e-02 1.000000000000000000e+00
-1.246249999999999858e+00 1.000000000000000048e-04 4.045451197031491031e-02 1.000000000000000000e+00
-1.245499999999999829e+00 1.000000000000000048e-04 4.050966755642736866e-02 1.000000000000000000e+00
-1.244749999999999801e+00 1.000000000000000048e-04 4.056488658853336926e-02 1.000000000000000000e+00
-1.243999999999999773e+00 1.000000000000000048e-04 4.062016910756257454e-02 1.000000000000000000e+00
-1.243249999999999744e+00 1.000000000000000048e-04 4.067551515438119769e-02 1.000000000000000000e+00
-1.242499999999999716e+00 1.000000000000000048e-04 4.073092476979172510e-02 1.000000000000000000e+00
-1.241750000000000131e+00 1.000000000000000048e-04 4.078639799453243758e-02 1.000000000000000000e+00
-1.241000000000000103e+00 1.000000000000000048e-04 4.084193486927733402e-02 1.000000000000000000e+00
-1.240250000000000075e+00 1.000000000000000048e-04 4.089753543463568730e-02 1.000000000000000000e+00
-1.239500000000000046e+00 1.000000000000000048e-04 4.095319973115175982e-02 1.000000000000000000e+00
-1.238750000000000018e+00 1.000000000000000048e-04 4.100892779930460919e-02 1.000000000000000000e+00
-1.237999999999999989e+00 1.000000000000000048e-04 4.106471967950765106e-02 1.000000000000000000e+00
-1.237249999999999961e+00 1.000000000000000048e-04 4.112057541210849265e-02 1.000000000000000000e+00
-1.236499999999999932e+00 1.000000000000000048e-04 4.117649503738853717e-02 1.000000000000000000e+00
-1.235749999999999904e+00 1.000000000000000048e-04 4.123247859556274791e-02 1.000000000000000000e+00
-1.234999999999999876e+00 1.000000000000000048e-04 4.128852612677923195e-02 1.000000000000000000e+00
-1.234249999999999847e+00 1.000000000000000048e-04 4.134463767111917765e-02 1.000000000000000000e+00
-1.233499999999999819e+00 1.000000000000000048e-04 4.140081326859629263e-02 1.000000000000000000e+00
-1.232749999999999790e+00 1.000000000000000048e-04 4.145705295915665112e-02 1.000000000000000000e+00
-1.231999999999999762e+00 1.000000000000000048e-04 4.151335678267836782e-02 1.000000000000000000e+00
-1.231249999999999734e+00 1.000000000000000048e-04 4.156972477897127871e-02 1.000000000000000000e+00
-1.230499999999999705e+00 1.000000000000000048e-04 4.162615698777667045e-02 1.000000000000000000e+00
-1.229750000000000121e+00 1.000000000000000048e-04 4.168265344876687789e-02 1.000000000000000000e+00
-1.229000000000000092e+00 1.000000000000000048e-04 4.173921420154519391e-02 1.000000000000000000e+00
-1.228250000000000064e+00 1.000000000000000048e-04 4.179583928564535589e-02 1.000000000000000000e+00
-1.227500000000000036e+00 1.000000000000000048e-04 4.185252874053127514e-02 1.000000000000000000e+00
-1.226750000000000007e+00 1.000000000000000048e-04 4.190928260559685647e-02 1.000000000000000000e+00
-1.225999999999999979e+00 1.000000000000000048e-04 4.196610092016556104e-02 1.000000000000000000e+00
-1.225249999999999950e+00 1.000000000000000048e-04 4.202298372349019817e-02 1.000000000000000000e+00
-1.224499999999999922e+00 1.000000000000000048e-04 4.207993105475252987e-02 1.000000000000000000e+00
-1.223749999999999893e+00 1.000000000000000048e-04 4.213694295306304877e-02 1.000000000000000000e+00
-1.222999999999999865e+00 1.000000000000000048e-04 4.219401945746065891e-02 1.000000000000000000e+00
-1.222249999999999837e+00 1.000000000000000048e-04 4.225116060691228720e-02 1.000000000000000000e+00
-1.221499999999999808e+00 1.000000000000000048e-04 4.230836644031265442e-02 1.000000000000000000e+00
-1.220749999999999780e+00 1.000000000000000048e-04 4.236563699648399073e-02 1.000000000000000000e+00
-1.219999999999999751e+00 1.000000000000000048e-04 4.242297231417562625e-02 1.000000000000000000e+00
-1.219249999999999723e+00 1.000000000000000048e-04 4.248037243206382457e-02 1.000000000000000000e+00
-1.218500000000000139e+00 1.000000000000000048e-04 4.253783738875126230e-02 1.000000000000000000e+00
-1.217750000000000110e+00 1.000000000000000048e-04 4.259536722276704990e-02 1.000000000000000000e+00
-1.217000000000000082e+00 1.000000000000000048e-04 4.265296197256606553e-02 1.000000000000000000e+00
-1.216250000000000053e+00 1.000000000000000048e-04 4.271062167652887182e-02 1.000000000000000000e+00
-1.215500000000000025e+00 1.000000000000000048e-04 4.276834637296133418e-02 1.000000000000000000e+00
-1.214749999999999996e+00 1.000000000000000048e-04 4.282613610009428085e-02 1.000000000000000000e+00
-1.213999999999999968e+00 1.000000000000000048e-04 4.288399089608329467e-02 1.000000000000000000e+00
-1.213249999999999940e+00 1.000000000000000048e-04 4.294191079900828295e-02 1.000000000000000000e+00
-1.212499999999999911e+00 1.000000000000000048e-04 4.299989584687326227e-02 1.000000000000000000e+00
-1.211749999999999883e+00 1.000000000000000048e-04 4.305794607760594916e-02 1.000000000000000000e+00
-1.210999999999999854e+00 1.000000000000000048e-04 4.311606152905756578e-02 1.000000000000000000e+00
-1.210249999999999826e+00 1.000000000000000048e-04 4.317424223900241664e-02 1.000000000000000000e+00
-1.209499999999999797e+00 1.000000000000000048e-04 4.323248824513765964e-02 1.000000000000000000e+00
-1.208749999999999769e+00 1.000000000000000048e-04 4.329079958508294523e-02 1.000000000000000000e+00
-1.207999999999999741e+00 1.000000000000000048e-04 4.334917629638009723e-02 1.000000000000000000e+00
-1.207249999999999712e+00 1.000000000000000048e-04 4.340761841649286995e-02 1.000000000000000000e+00
-1.206500000000000128e+00 1.000000000000000048e-04 4.346612598280647638e-02 1.000000000000000000e+00
-1.205750000000000099e+00 1.000000000000000048e-04 4.352469903262752571e-02 1.000000000000000000e+00
-1.205000000000000071e+00 1.000000000000000048e-04 4.358333760318345435e-02 1.000000000000000000e+00
-1.204250000000000043e+00 1.000000000000000048e-04 4.364204173162234551e-02 1.000000000000000000e+00
-1.203500000000000014e+00 1.000000000000000048e-04 4.370081145501258230e-02 1.000000000000000000e+00
-1.202749999999999986e+00 1.000000000000000048e-04 4.375964681034254927e-02 1.000000000000000000e+00
-1.201999999999999957e+00 1.000000000000000048e-04 4.381854783452029251e-02 1.000000000000000000e+00
-1.201249999999999929e+00 1.000000000000000048e-04 4.387751456437318648e-02 1.000000000000000000e+00
-1.200499999999999901e+00 1.000000000000000048e-04 4.393654703664771899e-02 1.000000000000000000e+00
-1.199749999999999872e+00 1.000000000000000048e-04 4.399564528800899155e-02 1.000000000000000000e+00
-1.198999999999999844e+00 1.000000000000000048e-04 4.405480935504060835e-02 1.000000000000000000e+00
-1.198249999999999815e+00 1.000000000000000048e-04 4.411403927424416976e-02 1.000000000000000000e+00
-1.197499999999999787e+00 1.000000000000000048e-04 4.417333508203909187e-02 1.000000000000000000e+00
-1.196749999999999758e+00 1.000000000000000048e-04 4.423269681476224569e-02 1.000000000000000000e+00
-1.195999999999999730e+00 1.000000000000000048e-04 4.429212450866758938e-02 1.000000000000000000e+00
-1.195249999999999702e+00 1.000000000000000048e-04 4.435161819992592541e-02 1.000000000000000000e+00
-1.194500000000000117e+00 1.000000000000000048e-04 4.441117792462447728e-02 1.000000000000000000e+00
-1.193750000000000089e+00 1.000000000000000048e-04 4.447080371876676458e-02 1.000000000000000000e+00
-1.193000000000000060e+00 1.000000000000000048e-04 4.453049561827199937e-02 1.000000000000000000e+00
-1.192250000000000032e+00 1.000000000000000048e-04 4.459025365897504450e-02 1.000000000000000000e+00
-1.191500000000000004e+00 1.000000000000000048e-04 4.465007787662589323e-02 1.000000000000000000e+00
-1.190749999999999975e+00 1.000000000000000048e-04 4.470996830688942630e-02 1.000000000000000000e+00
-1.189999999999999947e+00 1.000000000000000048e-04 4.476992498534509979e-02 1.000000000000000000e+00
-1.189249999999999918e+00 1.000000000000000048e-04 4.482994794748663275e-02 1.000000000000000000e+00
-1.188499999999999890e+00 1.000000000000000048e-04 4.489003722872161178e-02 1.000000000000000000e+00
-1.187749999999999861e+00 1.000000000000000048e-04 4.495019286437124811e-02 1.000000000000000000e+00
-1.186999999999999833e+00 1.000000000000000048e-04 4.501041488966999599e-02 1.000000000000000000e+00
-1.186249999999999805e+00 1.000000000000000048e-04 4.507070333976530979e-02 1.000000000000000000e+00
-1.185499999999999776e+00 1.000000000000000048e-04 4.513105824971718610e-02 1.000000000000000000e+00
-1.184749999999999748e+00 1.000000000000000048e-04 4.519147965449796245e-02 1.000000000000000000e+00
-1.183999999999999719e+00 1.000000000000000048e-04 4.525196758899193566e-02 1.000000000000000000e+00
-1.183250000000000135e+00 1.000000000000000048e-04 4.531252208799505660e-02 1.000000000000000000e+00
-1.182500000000000107e+00 1.000000000000000048e-04 4.537314318621462478e-02 1.000000000000000000e+00
-1.181750000000000078e+00 1.000000000000000048e-04 4.543383091826892761e-02 1.000000000000000000e+00
-1.181000000000000050e+00 1.000000000000000048e-04 4.549458531868686567e-02 1.000000000000000000e+00
-1.180250000000000021e+00 1.000000000000000048e-04 4.555540642190772371e-02 1.000000000000000000e+00
-1.179499999999999993e+00 1.000000000000000048e-04 4.561629426228083067e-02 1.000000000000000000e+00
-1.178749999999999964e+00 1.000000000000000048e-04 4.567724887406515027e-02 1.000000000000000000e+00
-1.177999999999999936e+00 1.000000000000000048e-04 4.573827029142905204e-02 1.000000000000000000e+00
-1.177249999999999908e+00 1.000000000000000048e-04 4.579935854844995047e-02 1.000000000000000000e+00
-1.176499999999999879e+00 1.000000000000000048e-04 4.586051367911391646e-02 1.000000000000000000e+00
-1.175749999999999851e+00 1.000000000000000048e-04 4.592173571731544834e-02 1.000000000000000000e+00
-1.174999999999999822e+00 1.000000000000000048e-04 4.598302469685706939e-02 1.000000000000000000e+00
-1.174249999999999794e+00 1.000000000000000048e-04 4.604438065144903641e-02 1.000000000000000000e+00
-1.173499999999999766e+00 1.000000000000000048e-04 4.610580361470899974e-02 1.000000000000000000e+00
-1.172749999999999737e+00 1.000000000000000048e-04 4.616729362016169791e-02 1.000000000000000000e+00
-1.171999999999999709e+00 1.000000000000000048e-04 4.622885070123854134e-02 1.000000000000000000e+00
-1.171250000000000124e+00 1.000000000000000048e-04 4.629047489127740417e-02 1.000000000000000000e+00
-1.170500000000000096e+00 1.000000000000000048e-04 4.635216622352224258e-02 1.000000000000000000e+00
-1.169750000000000068e+00 1.000000000000000048e-04 4.641392473112272016e-02 1.000000000000000000e+00
-1.169000000000000039e+00 1.000000000000000048e-04 4.647575044713390252e-02 1.000000000000000000e+00
-1.168250000000000011e+00 1.000000000000000048e-04 4.653764340451600756e-02 1.000000000000000000e+00
-1.167499999999999982e+00 1.000000000000000048e-04 4.659960363613393358e-02 1.000000000000000000e+00
-1.166749999999999954e+00 1.000000000000000048e-04 4.666163117475702338e-02 1.000000000000000000e+00
-1.165999999999999925e+00 1.000000000000000048e-04 4.672372605305871729e-02 1.000000000000000000e+00
-1.165249999999999897e+00 1.000000000000000048e-04 4.678588830361619239e-02 1.000000000000000000e+00
-1.164499999999999869e+00 1.000000000000000048e-04 4.684811795891008490e-02 1.000000000000000000e+00
-1.163749999999999840e+00 1.000000000000000048e-04 4.691041505132408085e-02 1.000000000000000000e+00
-1.162999999999999812e+00 1.000000000000000048e-04 4.697277961314464539e-02 1.000000000000000000e+00
-1.162249999999999783e+00 1.000000000000000048e-04 4.703521167656068286e-02 1.000000000000000000e+00
-1.161499999999999755e+00 1.000000000000000048e-04 4.709771127366314813e-02 1.000000000000000000e+00
-1.160749999999999726e+00 1.000000000000000048e-04 4.716027843644478995e-02 1.000000000000000000e+00
-1.160000000000000142e+00 1.000000000000000048e-04 4.722291319679971372e-02 1.000000000000000000e+00
-1.159250000000000114e+00 1.000000000000000048e-04 4.728561558652323582e-02 1.000000000000000000e+00
-1.158500000000000085e+00 1.000000000000000048e-04 4.734838563731134931e-02 1.000000000000000000e+00
-1.157750000000000057e+00 1.000000000000000048e-04 4.741122338076047410e-02 1.000000000000000000e+00
-1.157000000000000028e+00 1.000000000000000048e-04 4.747412884836707536e-02 1.000000000000000000e+00
-1.156250000000000000e+00 1.000000000000000048e-04 4.753710207152742756e-02 1.000000000000000000e+00
-1.155499999999999972e+00 1.000000000000000048e-04 4.760014308153720508e-02 1.000000000000000000e+00
-1.154749999999999943e+00 1.000000000000000048e-04 4.766325190959114222e-02 1.000000000000000000e+00
-1.153999999999999915e+00 1.000000000000000048e-04 4.772642858678274869e-02 1.000000000000000000e+00
-1.153249999999999886e+00 1.000000000000000048e-04 4.778967314410386552e-02 1.000000000000000000e+00
-1.152499999999999858e+00 1.000000000000000048e-04 4.785298561244449161e-02 1.000000000000000000e+00
-1.151749999999999829e+00 1.000000000000000048e-04 4.791636602259229105e-02 1.000000000000000000e+00
-1.150999999999999801e+00 1.000000000000000048e-04 4.797981440523237107e-02 1.000000000000000000e+00
-1.150249999999999773e+00 1.000000000000000048e-04 4.804333079094683795e-02 1.000000000000000000e+00
-1.149499999999999744e+00 1.000000000000000048e-04 4.810691521021460276e-02 1.000000000000000000e+00
-1.148749999999999716e+00 1.000000000000000048e-04 4.817056769341086786e-02 1.000000000000000000e+00
-1.148000000000000131e+00 1.000000000000000048e-04 4.823428827080687709e-02 1.000000000000000000e+00
-1.147250000000000103e+00 1.000000000000000048e-04 4.829807697256971455e-02 1.000000000000000000e+00
-1.146500000000000075e+00 1.000000000000000048e-04 4.836193382876167318e-02 1.000000000000000000e+00
-1.145750000000000046e+00 1.000000000000000048e-04 4.842585886934016454e-02 1.000000000000000000e+00
-1.145000000000000018e+00 1.000000000000000048e-04 4.848985212415726082e-02 1.000000000000000000e+00
-1.144249999999999989e+00 1.000000000000000048e-04 4.855391362295936875e-02 1.000000000000000000e+00
-1.143499999999999961e+00 1.000000000000000048e-04 4.861804339538692427e-02 1.000000000000000000e+00
-1.142749999999999932e+00 1.000000000000000048e-04 4.868224147097403864e-02 1.000000000000000000e+00
-1.141999999999999904e+00 1.000000000000000048e-04 4.874650787914813765e-02 1.000000000000000000e+00
-1.141249999999999876e+00 1.000000000000000048e-04 4.881084264922963545e-02 1.000000000000000000e+00
-1.140499999999999847e+00 1.000000000000000048e-04 4.887524581043163618e-02 1.000000000000000000e+00
-1.139749999999999819e+00 1.000000000000000048e-04 4.893971739185950381e-02 1.000000000000000000e+00
-1.138999999999999790e+00 1.000000000000000048e-04 4.900425742251058453e-02 1.000000000000000000e+00
-1.138249999999999762e+00 1.000000000000000048e-04 4.906886593127389451e-02 1.000000000000000000e+00
-1.137499999999999734e+00 1.000000000000000048e-04 4.913354294692966889e-02 1.000000000000000000e+00
-1.136749999999999705e+00 1.000000000000000048e-04 4.919828849814916055e-02 1.000000000000000000e+00
-1.136000000000000121e+00 1.000000000000000048e-04 4.926310261349410580e-02 1.000000000000000000e+00
-1.135250000000000092e+00 1.000000000000000048e-04 4.932798532141669662e-02 1.000000000000000000e+00
-1.134500000000000064e+00 1.000000000000000048e-04 4.939293665025889374e-02 1.000000000000000000e+00
-1.133750000000000036e+00 1.000000000000000048e-04 4.945795662825227396e-02 1.000000000000000000e+00
-1.133000000000000007e+00 1.000000000000000048e-04 4.952304528351765545e-02 1.000000000000000000e+00
-1.132249999999999979e+00 1.000000000000000048e-04 4.958820264406477163e-02 1.000000000000000000e+00
-1.131499999999999950e+00 1.000000000000000048e-04 4.965342873779185484e-02 1.000000000000000000e+00
-1.130749999999999922e+00 1.000000000000000048e-04 4.971872359248540735e-02 1.000000000000000000e+00
-1.129999999999999893e+00 1.000000000000000048e-04 4.978408723581975726e-02 1.000000000000000000e+00
-1.129249999999999865e+00 1.000000000000000048e-04 4.984951969535677402e-02 1.000000000000000000e+00
-1.128499999999999837e+00 1.000000000000000048e-04 4.991502099854546598e-02 1.000000000000000000e+00
-1.127749999999999808e+00 1.000000000000000048e-04 4.998059117272175833e-02 1.000000000000000000e+00
-1.126999999999999780e+00 1.000000000000000048e-04 5.004623024510798657e-02 1.000000000000000000e+00
-1.126249999999999751e+00 1.000000000000000048e-04 5.011193824281266751e-02 1.000000000000000000e+00
-1.125499999999999723e+00 1.000000000000000048e-04 5.017771519283013848e-02 1.000000000000000000e+00
-1.124750000000000139e+00 1.000000000000000048e-04 5.024356112204015484e-02 1.000000000000000000e+00
-1.124000000000000110e+00 1.000000000000000048e-04 5.030947605720762633e-02 1.000000000000000000e+00
-1.123250000000000082e+00 1.000000000000000048e-04 5.037546002498225622e-02 1.000000000000000000e+00
-1.122500000000000053e+00 1.000000000000000048e-04 5.044151305189808338e-02 1.000000000000000000e+00
-1.121750000000000025e+00 1.000000000000000048e-04 5.050763516437331568e-02 1.000000000000000000e+00
-1.120999999999999996e+00 1.000000000000000048e-04 5.057382638870983049e-02 1.000000000000000000e+00
-1.120249999999999968e+00 1.000000000000000048e-04 5.064008675109296642e-02 1.000000000000000000e+00
-1.119499999999999940e+00 1.000000000000000048e-04 5.070641627759104458e-02 1.000000000000000000e+00
-1.118749999999999911e+00 1.000000000000000048e-04 5.077281499415513960e-02 1.000000000000000000e+00
-1.117999999999999883e+00 1.000000000000000048e-04 5.083928292661862858e-02 1.000000000000000000e+00
-1.117249999999999854e+00 1.000000000000000048e-04 5.090582010069692048e-02 1.000000000000000000e+00
-1.116499999999999826e+00 1.000000000000000048e-04 5.097242654198710921e-02 1.000000000000000000e+00
-1.115749999999999797e+00 1.000000000000000048e-04 5.103910227596759192e-02 1.000000000000000000e+00
-1.114999999999999769e+00 1.000000000000000048e-04 5.110584732799772906e-02 1.000000000000000000e+00
-1.114249999999999741e+00 1.000000000000000048e-04 5.117266172331749741e-02 1.000000000000000000e+00
-1.113499999999999712e+00 1.000000000000000048e-04 5.123954548704719170e-02 1.000000000000000000e+00
-1.112750000000000128e+00 1.000000000000000048e-04 5.130649864418696665e-02 1.000000000000000000e+00
-1.112000000000000099e+00 1.000000000000000048e-04 5.137352121961669821e-02 1.000000000000000000e+00
-1.111250000000000071e+00 1.000000000000000048e-04 5.144061323809533820e-02 1.000000000000000000e+00
-1.110500000000000043e+00 1.000000000000000048e-04 5.150777472426083803e-02 1.000000000000000000e+00
-1.109750000000000014e+00 1.000000000000000048e-04 5.157500570262967682e-02 1.000000000000000000e+00
-1.108999999999999986e+00 1.000000000000000048e-04 5.164230619759647284e-02 1.000000000000000000e+00
-1.108249999999999957e+00 1.000000000000000048e-04 5.170967623343377534e-02 1.000000000000000000e+00
-1.107499999999999929e+00 1.000000000000000048e-04 5.177711583429161352e-02 1.000000000000000000e+00
-1.106749999999999901e+00 1.000000000000000048e-04 5.184462502419714264e-02 1.000000000000000000e+00
-1.105999999999999872e+00 1.000000000000000048e-04 5.191220382705432485e-02 1.000000000000000000e+00
-1.105249999999999844e+00 1.000000000000000048e-04 5.197985226664364466e-02 1.000000000000000000e+00
-1.104499999999999815e+00 1.000000000000000048e-04 5.204757036662163716e-02 1.000000000000000000e+00
-1.103749999999999787e+00 1.000000000000000048e-04 5.211535815052065201e-02 1.000000000000000000e+00
-1.102999999999999758e+00 1.000000000000000048e-04 5.218321564174841637e-02 1.000000000000000000e+00
-1.102249999999999730e+00 1.000000000000000048e-04 5.225114286358775728e-02 1.000000000000000000e+00
-1.101499999999999702e+00 1.000000000000000048e-04 5.231913983919619926e-02 1.000000000000000000e+00
-1.100750000000000117e+00 1.000000000000000048e-04 5.238720659160563120e-02 1.000000000000000000e+00
-1.100000000000000089e+00 1.000000000000000048e-04 5.245534314372205659e-02 1.000000000000000000e+00
-1.099250000000000060e+00 1.000000000000000048e-04 5.252354951832506613e-02 1.000000000000000000e+00
-1.098500000000000032e+00 1.000000000000000048e-04 5.259182573806758798e-02 1.000000000000000000e+00
-1.097750000000000004e+00 1.000000000000000048e-04 5.266017182547554076e-02 1.000000000000000000e+00
-1.096999999999999975e+00 1.000000000000000048e-04 5.272858780294752135e-02 1.000000000000000000e+00
-1.096249999999999947e+00 1.000000000000000048e-04 5.279707369275436074e-02 1.000000000000000000e+00
-1.095499999999999918e+00 1.000000000000000048e-04 5.286562951703881186e-02 1.000000000000000000e+00
-1.094749999999999890e+00 1.000000000000000048e-04 5.293425529781526501e-02 1.000000000000000000e+00
-1.093999999999999861e+00 1.000000000000000048e-04 5.300295105696932463e-02 1.000000000000000000e+00
-1.093249999999999833e+00 1.000000000000000048e-04 5.307171681625749010e-02 1.000000000000000000e+00
-1.092499999999999805e+00 1.000000000000000048e-04 5.314055259730679492e-02 1.000000000000000000e+00
-1.091749999999999776e+00 1.000000000000000048e-04 5.320945842161443895e-02 1.000000000000000000e+00
-1.090999999999999748e+00 1.000000000000000048e-04 5.327843431054752471e-02 1.000000000000000000e+00
-1.090249999999999719e+00 1.000000000000000048e-04 5.334748028534261333e-02 1.000000000000000000e+00
-1.089500000000000135e+00 1.000000000000000048e-04 5.341659636710537756e-02 1.000000000000000000e+00
-1.088750000000000107e+00 1.000000000000000048e-04 5.348578257681036591e-02 1.000000000000000000e+00
-1.088000000000000078e+00 1.000000000000000048e-04 5.355503893530053766e-02 1.000000000000000000e+00
-1.087250000000000050e+00 1.000000000000000048e-04 5.362436546328695069e-02 1.000000000000000000e+00
-1.086500000000000021e+00 1.000000000000000048e-04 5.369376218134835899e-02 1.000000000000000000e+00
-1.085749999999999993e+00 1.000000000000000048e-04 5.376322910993099752e-02 1.000000000000000000e+00
-1.084999999999999964e+00 1.000000000000000048e-04 5.383276626934811043e-02 1.000000000000000000e+00
-1.084249999999999936e+00 1.000000000000000048e-04 5.390237367977963878e-02 1.000000000000000000e+00
-1.083499999999999908e+00 1.000000000000000048e-04 5.397205136127190828e-02 1.000000000000000000e+00
-1.082749999999999879e+00 1.000000000000000048e-04 5.404179933373720601e-02 1.000000000000000000e+00
-1.081999999999999851e+00 1.000000000000000048e-04 5.411161761695351680e-02 1.000000000000000000e+00
-1.081249999999999822e+00 1.000000000000000048e-04 5.418150623056409987e-02 1.000000000000000000e+00
-1.080499999999999794e+00 1.000000000000000048e-04 5.425146519407717666e-02 1.000000000000000000e+00
-1.079749999999999766e+00 1.000000000000000048e-04 5.432149452686554914e-02 1.000000000000000000e+00
-1.078999999999999737e+00 1.000000000000000048e-04 5.439159424816636390e-02 1.000000000000000000e+00
-1.078249999999999709e+00 1.000000000000000048e-04 5.446176437708057788e-02 1.000000000000000000e+00
-1.077500000000000124e+00 1.000000000000000048e-04 5.453200493257269466e-02 1.000000000000000000e+00
-1.076750000000000096e+00 1.000000000000000048e-04 5.460231593347057710e-02 1.000000000000000000e+00
-1.076000000000000068e+00 1.000000000000000048e-04 5.467269739846481597e-02 1.000000000000000000e+00
-1.075250000000000039e+00 1.000000000000000048e-04 5.474314934610852168e-02 1.000000000000000000e+00
-1.074500000000000011e+00 1.000000000000000048e-04 5.481367179481701213e-02 1.000000000000000000e+00
-1.073749999999999982e+00 1.000000000000000048e-04 5.488426476286738936e-02 1.000000000000000000e+00
-1.072999999999999954e+00 1.000000000000000048e-04 5.495492826839824124e-02 1.000000000000000000e+00
-1.072249999999999925e+00 1.000000000000000048e-04 5.502566232940922508e-02 1.000000000000000000e+00
-1.071499999999999897e+00 1.000000000000000048e-04 5.509646696376084563e-02 1.000000000000000000e+00
-1.070749999999999869e+00 1.000000000000000048e-04 5.516734218917391380e-02 1.000000000000000000e+00
-1.069999999999999840e+00 1.000000000000000048e-04 5.523828802322941489e-02 1.000000000000000000e+00
-1.069249999999999812e+00 1.000000000000000048e-04 5.530930448336798116e-02 1.000000000000000000e+00
-1.068499999999999783e+00 1.000000000000000048e-04 5.538039158688966290e-02 1.000000000000000000e+00
-1.067749999999999755e+00 1.000000000000000048e-04 5.545154935095351206e-02 1.000000000000000000e+00
-1.066999999999999726e+00 1.000000000000000048e-04 5.552277779257723533e-02 1.000000000000000000e+00
-1.066249999999999698e+00 1.000000000000000048e-04 5.559407692863690270e-02 1.000000000000000000e+00
-1.065500000000000114e+00 1.000000000000000048e-04 5.566544677586646173e-02 1.000000000000000000e+00
-1.064750000000000085e+00 1.000000000000000048e-04 5.573688735085768203e-02 1.000000000000000000e+00
-1.064000000000000057e+00 1.000000000000000048e-04 5.580839867005943367e-02 1.000000000000000000e+00
-1.063250000000000028e+00 1.000000000000000048e-04 5.587998074977755525e-02 1.000000000000000000e+00
-1.062500000000000000e+00 1.000000000000000048e-04 5.595163360617451398e-02 1.000000000000000000e+00
-1.061749999999999972e+00 1.000000000000000048e-04 5.602335725526898236e-02 1.000000000000000000e+00
-1.060999999999999943e+00 1.000000000000000048e-04 5.609515171293550512e-02 1.000000000000000000e+00
-1.060249999999999915e+00 1.000000000000000048e-04 5.616701699490417310e-02 1.000000000000000000e+00
-1.059499999999999886e+00 1.000000000000000048e-04 5.623895311676025549e-02 1.000000000000000000e+00
-1.058749999999999858e+00 1.000000000000000048e-04 5.631096009394391533e-02 1.000000000000000000e+00
-1.057999999999999829e+00 1.000000000000000048e-04 5.638303794174974459e-02 1.000000000000000000e+00
-1.057249999999999801e+00 1.000000000000000048e-04 5.645518667532649359e-02 1.000000000000000000e+00
-1.056499999999999773e+00 1.000000000000000048e-04 5.652740630967675178e-02 1.000000000000000000e+00
-1.055749999999999744e+00 1.000000000000000048e-04 5.659969685965648284e-02 1.000000000000000000e+00
-1.054999999999999716e+00 1.000000000000000048e-04 5.667205833997483733e-02 1.000000000000000000e+00
-1.054250000000000131e+00 1.000000000000000048e-04 5.674449076519361146e-02 1.000000000000000000e+00
-1.053500000000000103e+00 1.000000000000000048e-04 5.681699414972715689e-02 1.000000000000000000e+00
-1.052750000000000075e+00 1.000000000000000048e-04 5.688956850784179786e-02 1.000000000000000000e+00
-1.052000000000000046e+00 1.000000000000000048e-04 5.696221385365556056e-02 1.000000000000000000e+00
-1.051250000000000018e+00 1.000000000000000048e-04 5.703493020113784007e-02 1.000000000000000000e+00
-1.050499999999999989e+00 1.000000000000000048e-04 5.710771756410907424e-02 1.000000000000000000e+00
-1.049749999999999961e+00 1.000000000000000048e-04 5.718057595624038980e-02 1.000000000000000000e+00
-1.048999999999999932e+00 1.000000000000000048e-04 5.725350539105317216e-02 1.000000000000000000e+00
-1.048249999999999904e+00 1.000000000000000048e-04 5.732650588191889190e-02 1.000000000000000000e+00
-1.047499999999999876e+00 1.000000000000000048e-04 5.739957744205854973e-02 1.000000000000000000e+00
-1.046749999999999847e+00 1.000000000000000048e-04 5.747272008454246128e-02 1.000000000000000000e+00
-1.045999999999999819e+00 1.000000000000000048e-04 5.754593382228995885e-02 1.000000000000000000e+00
-1.045249999999999790e+00 1.000000000000000048e-04 5.761921866806884313e-02 1.000000000000000000e+00
-1.044499999999999762e+00 1.000000000000000048e-04 5.769257463449526530e-02 1.000000000000000000e+00
-1.043749999999999734e+00 1.000000000000000048e-04 5.776600173403326210e-02 1.000000000000000000e+00
-1.042999999999999705e+00 1.000000000000000048e-04 5.783949997899437423e-02 1.000000000000000000e+00
-1.042250000000000121e+00 1.000000000000000048e-04 5.791306938153736872e-02 1.000000000000000000e+00
-1.041500000000000092e+00 1.000000000000000048e-04 5.798670995366801001e-02 1.000000000000000000e+00
-1.040750000000000064e+00 1.000000000000000048e-04 5.806042170723840767e-02 1.000000000000000000e+00
-1.040000000000000036e+00 1.000000000000000048e-04 5.813420465394696784e-02 1.000000000000000000e+00
-1.039250000000000007e+00 1.000000000000000048e-04 5.820805880533784504e-02 1.000000000000000000e+00
-1.038499999999999979e+00 1.000000000000000048e-04 5.828198417280075483e-02 1.000000000000000000e+00
-1.037749999999999950e+00 1.000000000000000048e-04 5.835598076757051583e-02 1.000000000000000000e+00
-1.036999999999999922e+00 1.000000000000000048e-04 5.843004860072679996e-02 1.000000000000000000e+00
-1.036249999999999893e+00 1.000000000000000048e-04 5.850418768319366747e-02 1.000000000000000000e+00
-1.035499999999999865e+00 1.000000000000000048e-04 5.857839802573930332e-02 1.000000000000000000e+00
-1.034749999999999837e+00 1.000000000000000048e-04 5.865267963897574655e-02 1.000000000000000000e+00
-1.033999999999999808e+00 1.000000000000000048e-04 5.872703253335835594e-02 1.000000000000000000e+00
-1.033249999999999780e+00 1.000000000000000048e-04 5.880145671918562966e-02 1.000000000000000000e+00
-1.032499999999999751e+00 1.000000000000000048e-04 5.887595220659883749e-02 1.000000000000000000e+00
-1.031749999999999723e+00 1.000000000000000048e-04 5.895051900558155589e-02 1.000000000000000000e+00
-1.031000000000000139e+00 1.000000000000000048e-04 5.902515712595945985e-02 1.000000000000000000e+00
-1.030250000000000110e+00 1.000000000000000048e-04 5.909986657740002453e-02 1.000000000000000000e+00
-1.029500000000000082e+00 1.000000000000000048e-04 5.917464736941199094e-02 1.000000000000000000e+00
-1.028750000000000053e+00 1.000000000000000048e-04 5.924949951134517168e-02 1.000000000000000000e+00
-1.028000000000000025e+00 1.000000000000000048e-04 5.932442301239002763e-02 1.000000000000000000e+00
-1.027249999999999996e+00 1.000000000000000048e-04 5.939941788157743208e-02 1.000000000000000000e+00
-1.026499999999999968e+00 1.000000000000000048e-04 5.947448412777821269e-02 1.000000000000000000e+00
-1.025749999999999940e+00 1.000000000000000048e-04 5.954962175970288790e-02 1.000000000000000000e+00
-1.024999999999999911e+00 1.000000000000000048e-04 5.962483078590131297e-02 1.000000000000000000e+00
-1.024249999999999883e+00 1.000000000000000048e-04 5.970011121476230531e-02 1.000000000000000000e+00
-1.023499999999999854e+00 1.000000000000000048e-04 5.977546305451332531e-02 1.000000000000000000e+00
-1.022749999999999826e+00 1.000000000000000048e-04 5.985088631322012243e-02 1.000000000000000000e+00
-1.021999999999999797e+00 1.000000000000000048e-04 5.992638099878647845e-02 1.000000000000000000e+00
-1.021249999999999769e+00 1.000000000000000048e-04 6.000194711895373567e-02 1.000000000000000000e+00
-1.020499999999999741e+00 1.000000000000000048e-04 6.007758468130056095e-02 1.000000000000000000e+00
-1.019749999999999712e+00 1.000000000000000048e-04 6.015329369324254327e-02 1.000000000000000000e+00
-1.019000000000000128e+00 1.000000000000000048e-04 6.022907416203185371e-02 1.000000000000000000e+00
-1.018250000000000099e+00 1.000000000000000048e-04 6.030492609475704424e-02 1.000000000000000000e+00
-1.017500000000000071e+00 1.000000000000000048e-04 6.038084949834250648e-02 1.000000000000000000e+00
-1.016750000000000043e+00 1.000000000000000048e-04 6.045684437954824964e-02 1.000000000000000000e+00
-1.016000000000000014e+00 1.000000000000000048e-04 6.053291074496952584e-02 1.000000000000000000e+00
-1.015249999999999986e+00 1.000000000000000048e-04 6.060904860103653174e-02 1.000000000000000000e+00
-1.014499999999999957e+00 1.000000000000000048e-04 6.068525795401406853e-02 1.000000000000000000e+00
-1.013749999999999929e+00 1.000000000000000048e-04 6.076153881000112555e-02 1.000000000000000000e+00
-1.012999999999999901e+00 1.000000000000000048e-04 6.083789117493062365e-02 1.000000000000000000e+00
-1.012249999999999872e+00 1.000000000000000048e-04 6.091431505456912365e-02 1.000000000000000000e+00
-1.011499999999999844e+00 1.000000000000000048e-04 6.099081045451632682e-02 1.000000000000000000e+00
-1.010749999999999815e+00 1.000000000000000048e-04 6.106737738020492218e-02 1.000000000000000000e+00
-1.009999999999999787e+00 1.000000000000000048e-04 6.114401583690010772e-02 1.000000000000000000e+00
-1.009249999999999758e+00 1.000000000000000048e-04 6.122072582969935450e-02 1.000000000000000000e+00
-1.008499999999999730e+00 1.000000000000000048e-04 6.129750736353203888e-02 1.000000000000000000e+00
-1.007749999999999702e+00 1.000000000000000048e-04 6.137436044315904698e-02 1.000000000000000000e+00
-1.007000000000000117e+00 1.000000000000000048e-04 6.145128507317254574e-02 1.000000000000000000e+00
-1.006250000000000089e+00 1.000000000000000048e-04 6.152828125799561509e-02 1.000000000000000000e+00
-1.005500000000000060e+00 1.000000000000000048e-04 6.160534900188189417e-02 1.000000000000000000e+00
-1.004750000000000032e+00 1.000000000000000048e-04 6.168248830891526202e-02 1.000000000000000000e+00
-1.004000000000000004e+00 1.000000000000000048e-04 6.175969918300942135e-02 1.000000000000000000e+00
-1.003249999999999975e+00 1.000000000000000048e-04 6.183698162790772501e-02 1.000000000000000000e+00
-1.002499999999999947e+00 1.000000000000000048e-04 6.191433564718276661e-02 1.000000000000000000e+00
-1.001749999999999918e+00 1.000000000000000048e-04 6.199176124423601275e-02 1.000000000000000000e+00
-1.000999999999999890e+00 1.000000000000000048e-04 6.206925842229749773e-02 1.000000000000000000e+00
-1.000249999999999861e+00 1.000000000000000048e-04 6.214682718442553905e-02 1.000000000000000000e+00
-9.995000000000002771e-01 1.000000000000000048e-04 6.222446753350630716e-02 1.000000000000000000e+00
-9.987500000000002487e-01 1.000000000000000048e-04 6.230217947225367980e-02 1.000000000000000000e+00
-9.980000000000002203e-01 1.000000000000000048e-04 6.237996300320867993e-02 1.000000000000000000e+00
-9.972500000000001918e-01 1.000000000000000048e-04 6.245781812873927447e-02 1.000000000000000000e+00
-9.965000000000001634e-01 1.000000000000000048e-04 6.253574485104006209e-02 1.000000000000000000e+00
-9.957500000000001350e-01 1.000000000000000048e-04 6.261374317213190543e-02 1.000000000000000000e+00
-9.950000000000001066e-01 1.000000000000000048e-04 6.269181309386157031e-02 1.000000000000000000e+00
-9.942500000000000782e-01 1.000000000000000048e-04 6.276995461790149666e-02 1.000000000000000000e+00
-9.935000000000000497e-01 1.000000000000000048e-04 6.284816774574936149e-02 1.000000000000000000e+00
-9.927500000000000213e-01 1.000000000000000048e-04 6.292645247872781511e-02 1.000000000000000000e+00
-9.919999999999999929e-01 1.000000000000000048e-04 6.300480881798416199e-02 1.000000000000000000e+00
-9.912499999999999645e-01 1.000000000000000048e-04 6.308323676449002770e-02 1.000000000000000000e+00
-9.904999999999999361e-01 1.000000000000000048e-04 6.316173631904094254e-02 1.000000000000000000e+00
-9.897499999999999076e-01 1.000000000000000048e-04 6.324030748225621668e-02 1.000000000000000000e+00
-9.889999999999998792e-01 1.000000000000000048e-04 6.331895025457838500e-02 1.000000000000000000e+00
-9.882499999999998508e-01 1.000000000000000048e-04 6.339766463627305448e-02 1.000000000000000000e+00
-9.874999999999998224e-01 1.000000000000000048e-04 6.347645062742850175e-02 1.000000000000000000e+00
-9.867499999999997939e-01 1.000000000000000048e-04 6.355530822795535384e-02 1.000000000000000000e+00
-9.859999999999997655e-01 1.000000000000000048e-04 6.363423743758628293e-02 1.000000000000000000e+00
-9.852499999999997371e-01 1.000000000000000048e-04 6.371323825587571488e-02 1.000000000000000000e+00
-9.844999999999997087e-01 1.000000000000000048e-04 6.379231068219941292e-02 1.000000000000000000e+00
-9.837499999999996803e-01 1.000000000000000048e-04 6.387145471575425559e-02 1.000000000000000000e+00
-9.829999999999996518e-01 1.000000000000000048e-04 6.395067035555786206e-02 1.000000000000000000e+00
-9.822499999999996234e-01 1.000000000000000048e-04 6.402995760044828677e-02 1.000000000000000000e+00
-9.814999999999995950e-01 1.000000000000000048e-04 6.410931644908365867e-02 1.000000000000000000e+00
-9.807499999999995666e-01 1.000000000000000048e-04 6.418874689994198690e-02 1.000000000000000000e+00
-9.799999999999995381e-01 1.000000000000000048e-04 6.426824895132071669e-02 1.000000000000000000e+00
-9.792499999999995097e-01 1.000000000000000048e-04 6.434782260133636855e-02 1.000000000000000000e+00
-9.784999999999994813e-01 1.000000000000000048e-04 6.442746784792439951e-02 1.000000000000000000e+00
-9.777500000000003411e-01 1.000000000000000048e-04 6.450718468883868961e-02 1.000000000000000000e+00
-9.770000000000003126e-01 1.000000000000000048e-04 6.458697312165150028e-02 1.000000000000000000e+00
-9.762500000000002842e-01 1.000000000000000048e-04 6.466683314375282210e-02 1.000000000000000000e+00
-9.755000000000002558e-01 1.000000000000000048e-04 6.474676475235026374e-02 1.000000000000000000e+00
-9.747500000000002274e-01 1.000000000000000048e-04 6.482676794446862178e-02 1.000000000000000000e+00
-9.740000000000001990e-01 1.000000000000000048e-04 6.490684271694974194e-02 1.000000000000000000e+00
-9.732500000000001705e-01 1.000000000000000048e-04 6.498698906645200557e-02 1.000000000000000000e+00
-9.725000000000001421e-01 1.000000000000000048e-04 6.506720698945013537e-02 1.000000000000000000e+00
-9.717500000000001137e-01 1.000000000000000048e-04 6.514749648223487621e-02 1.000000000000000000e+00
-9.710000000000000853e-01 1.000000000000000048e-04 6.522785754091259269e-02 1.000000000000000000e+00
-9.702500000000000568e-01 1.000000000000000048e-04 6.530829016140507481e-02 1.000000000000000000e+00
-9.695000000000000284e-01 1.000000000000000048e-04 6.538879433944913555e-02 1.000000000000000000e+00
-9.687500000000000000e-01 1.000000000000000048e-04 6.546937007059637492e-02 1.000000000000000000e+00
-9.679999999999999716e-01 1.000000000000000048e-04 6.555001735021277753e-02 1.000000000000000000e+00
-9.672499999999999432e-01 1.000000000000000048e-04 6.563073617347847666e-02 1.000000000000000000e+00
-9.664999999999999147e-01 1.000000000000000048e-04 6.571152653538743504e-02 1.000000000000000000e+00
-9.657499999999998863e-01 1.000000000000000048e-04 6.579238843074707022e-02 1.000000000000000000e+00
-9.649999999999998579e-01 1.000000000000000048e-04 6.587332185417807406e-02 1.000000000000000000e+00
-9.642499999999998295e-01 1.000000000000000048e-04 6.595432680011394100e-02 1.000000000000000000e+00
-9.634999999999998010e-01 1.000000000000000048e-04 6.603540326280081529e-02 1.000000000000000000e+00
-9.627499999999997726e-01 1.000000000000000048e-04 6.611655123629707476e-02 1.000000000000000000e+00
-9.619999999999997442e-01 1.000000000000000048e-04 6.619777071447306704e-02 1.000000000000000000e+00
-9.612499999999997158e-01 1.000000000000000048e-04 6.627906169101080436e-02 1.000000000000000000e+00
-9.604999999999996874e-01 1.000000000000000048e-04 6.636042415940368588e-02 1.000000000000000000e+00
-9.597499999999996589e-01 1.000000000000000048e-04 6.644185811295608146e-02 1.000000000000000000e+00
-9.589999999999996305e-01 1.000000000000000048e-04 6.652336354478320668e-02 1.000000000000000000e+00
-9.582499999999996021e-01 1.000000000000000048e-04 6.660494044781063716e-02 1.000000000000000000e+00
-9.574999999999995737e-01 1.000000000000000048e-04 6.668658881477412814e-02 1.000000000000000000e+00
-9.567499999999995453e-01 1.000000000000000048e-04 6.676830863821926754e-02 1.000000000000000000e+00
-9.559999999999995168e-01 1.000000000000000048e-04 6.685009991050117062e-02 1.000000000000000000e+00
-9.552499999999994884e-01 1.000000000000000048e-04 6.693196262378418859e-02 1.000000000000000000e+00
-9.545000000000003482e-01 1.000000000000000048e-04 6.701389677004150613e-02 1.000000000000000000e+00
-9.537500000000003197e-01 1.000000000000000048e-04 6.709590234105522466e-02 1.000000000000000000e+00
-9.530000000000002913e-01 1.000000000000000048e-04 6.717797932841551578e-02 1.000000000000000000e+00
-9.522500000000002629e-01 1.000000000000000048e-04 6.726012772352066293e-02 1.000000000000000000e+00
-9.515000000000002345e-01 1.000000000000000048e-04 6.734234751757668669e-02 1.000000000000000000e+00
-9.507500000000002061e-01 1.000000000000000048e-04 6.742463870159703943e-02 1.000000000000000000e+00
-9.500000000000001776e-01 1.000000000000000048e-04 6.750700126640230003e-02 1.000000000000000000e+00
-9.492500000000001492e-01 1.000000000000000048e-04 6.758943520261999349e-02 1.000000000000000000e+00
-9.485000000000001208e-01 1.000000000000000048e-04 6.767194050068403577e-02 1.000000000000000000e+00
-9.477500000000000924e-01 1.000000000000000048e-04 6.775451715083474769e-02 1.000000000000000000e+00
-9.470000000000000639e-01 1.000000000000000048e-04 6.783716514311829981e-02 1.000000000000000000e+00
-9.462500000000000355e-01 1.000000000000000048e-04 6.791988446738655982e-02 1.000000000000000000e+00
-9.455000000000000071e-01 1.000000000000000048e-04 6.800267511329684267e-02 1.000000000000000000e+00
-9.447499999999999787e-01 1.000000000000000048e-04 6.808553707031146651e-02 1.000000000000000000e+00
-9.439999999999999503e-01 1.000000000000000048e-04 6.816847032769754455e-02 1.000000000000000000e+00
-9.432499999999999218e-01 1.000000000000000048e-04 6.825147487452673523e-02 1.000000000000000000e+00
-9.424999999999998934e-01 1.000000000000000048e-04 6.833455069967483975e-02 1.000000000000000000e+00
-9.417499999999998650e-01 1.000000000000000048e-04 6.841769779182166333e-02 1.000000000000000000e+00
-9.409999999999998366e-01 1.000000000000000048e-04 6.850091613945057112e-02 1.000000000000000000e+00
-9.402499999999998082e-01 1.000000000000000048e-04 6.858420573084827998e-02 1.000000000000000000e+00
-9.394999999999997797e-01 1.000000000000000048e-04 6.866756655410463650e-02 1.000000000000000000e+00
-9.387499999999997513e-01 1.000000000000000048e-04 6.875099859711215899e-02 1.000000000000000000e+00
-9.379999999999997229e-01 1.000000000000000048e-04 6.883450184756589874e-02 1.000000000000000000e+00
-9.372499999999996945e-01 1.000000000000000048e-04 6.891807629296309301e-02 1.000000000000000000e+00
-9.364999999999996660e-01 1.000000000000000048e-04 6.900172192060288756e-02 1.000000000000000000e+00
-9.357499999999996376e-01 1.000000000000000048e-04 6.908543871758605903e-02 1.000000000000000000e+00
-9.349999999999996092e-01 1.000000000000000048e-04 6.916922667081477905e-02 1.000000000000000000e+00
-9.342499999999995808e-01 1.000000000000000048e-04 6.925308576699218399e-02 1.000000000000000000e+00
-9.334999999999995524e-01 1.000000000000000048e-04 6.933701599262227788e-02 1.000000000000000000e+00
-9.327499999999995239e-01 1.000000000000000048e-04 6.942101733400951602e-02 1.000000000000000000e+00
-9.319999999999994955e-01 1.000000000000000048e-04 6.950508977725858295e-02 1.000000000000000000e+00
-9.312500000000003553e-01 1.000000000000000048e-04 6.958923330827404552e-02 1.000000000000000000e+00
-9.305000000000003268e-01 1.000000000000000048e-04 6.967344791276035287e-02 1.000000000000000000e+00
-9.297500000000002984e-01 1.000000000000000048e-04 6.975773357622110094e-02 1.000000000000000000e+00
-9.290000000000002700e-01 1.000000000000000048e-04 6.984209028395912955e-02 1.000000000000000000e+00
-9.282500000000002416e-01 1.000000000000000048e-04 6.992651802107596737e-02 1.000000000000000000e+00
-9.275000000000002132e-01 1.000000000000000048e-04 7.001101677247181798e-02 1.000000000000000000e+00
-9.267500000000001847e-01 1.000000000000000048e-04 7.009558652284517133e-02 1.000000000000000000e+00
-9.260000000000001563e-01 1.000000000000000048e-04 7.018022725669247064e-02 1.000000000000000000e+00
-9.252500000000001279e-01 1.000000000000000048e-04 7.026493895830784875e-02 1.000000000000000000e+00
-9.245000000000000995e-01 1.000000000000000048e-04 7.034972161178301708e-02 1.000000000000000000e+00
-9.237500000000000711e-01 1.000000000000000048e-04 7.043457520100675218e-02 1.000000000000000000e+00
-9.230000000000000426e-01 1.000000000000000048e-04 7.051949970966490955e-02 1.000000000000000000e+00
-9.222500000000000142e-01 1.000000000000000048e-04 7.060449512123978533e-02 1.000000000000000000e+00
-9.214999999999999858e-01 1.000000000000000048e-04 7.068956141901018564e-02 1.000000000000000000e+00
-9.207499999999999574e-01 1.000000000000000048e-04 7.077469858605102415e-02 1.000000000000000000e+00
-9.199999999999999289e-01 1.000000000000000048e-04 7.085990660523300289e-02 1.000000000000000000e+00
-9.192499999999999005e-01 1.000000000000000048e-04 7.094518545922243180e-02 1.000000000000000000e+00
-9.184999999999998721e-01 1.000000000000000048e-04 7.103053513048093737e-02 1.000000000000000000e+00
-9.177499999999998437e-01 1.000000000000000048e-04 7.111595560126512949e-02 1.000000000000000000e+00
-9.169999999999998153e-01 1.000000000000000048e-04 7.120144685362650439e-02 1.000000000000000000e+00
-9.162499999999997868e-01 1.000000000000000048e-04 7.128700886941091719e-02 1.000000000000000000e+00
-9.154999999999997584e-01 1.000000000000000048e-04 7.137264163025865138e-02 1.000000000000000000e+00
-9.147499999999997300e-01 1.000000000000000048e-04 7.145834511760382202e-02 1.000000000000000000e+00
-9.139999999999997016e-01 1.000000000000000048e-04 7.154411931267440350e-02 1.000000000000000000e+00
-9.132499999999996732e-01 1.000000000000000048e-04 7.162996419649171609e-02 1.000000000000000000e+00
-9.124999999999996447e-01 1.000000000000000048e-04 7.171587974987042591e-02 1.000000000000000000e+00
-9.117499999999996163e-01 1.000000000000000048e-04 7.180186595341801759e-02 1.000000000000000000e+00
-9.109999999999995879e-01 1.000000000000000048e-04 7.188792278753472487e-02 1.000000000000000000e+00
-9.102499999999995595e-01 1.000000000000000048e-04 7.197405023241329469e-02 1.000000000000000000e+00
-9.094999999999995310e-01 1.000000000000000048e-04 7.206024826803845984e-02 1.000000000000000000e+00
-9.087499999999995026e-01 1.000000000000000048e-04 7.214651687418707771e-02 1.000000000000000000e+00
-9.079999999999994742e-01 1.000000000000000048e-04 7.223285603042758907e-02 1.000000000000000000e+00
-9.072500000000003340e-01 1.000000000000000048e-04 7.231926571611971277e-02 1.000000000000000000e+00
-9.065000000000003055e-01 1.000000000000000048e-04 7.240574591041475105e-02 1.000000000000000000e+00
-9.057500000000002771e-01 1.000000000000000048e-04 7.249229659225443767e-02 1.000000000000000000e+00
-9.050000000000002487e-01 1.000000000000000048e-04 7.257891774037147914e-02 1.000000000000000000e+00
-9.042500000000002203e-01 1.000000000000000048e-04 7.266560933328884697e-02 1.000000000000000000e+00
-9.035000000000001918e-01 1.000000000000000048e-04 7.275237134931973604e-02 1.000000000000000000e+00
-9.027500000000001634e-01 1.000000000000000048e-04 7.283920376656725926e-02 1.000000000000000000e+00
-9.020000000000001350e-01 1.000000000000000048e-04 7.292610656292412841e-02 1.000000000000000000e+00
-9.012500000000001066e-01 1.000000000000000048e-04 7.301307971607259861e-02 1.000000000000000000e+00
-9.005000000000000782e-01 1.000000000000000048e-04 7.310012320348399650e-02 1.000000000000000000e+00
-8.997500000000000497e-01 1.000000000000000048e-04 7.318723700241865082e-02 1.000000000000000000e+00
-8.990000000000000213e-01 1.000000000000000048e-04 7.327442108992551772e-02 1.000000000000000000e+00
-8.982499999999999929e-01 1.000000000000000048e-04 7.336167544284211139e-02 1.000000000000000000e+00
-8.974999999999999645e-01 1.000000000000000048e-04 7.344900003779401831e-02 1.000000000000000000e+00
-8.967499999999999361e-01 1.000000000000000048e-04 7.353639485119489727e-02 1.000000000000000000e+00
-8.959999999999999076e-01 1.000000000000000048e-04 7.362385985924603526e-02 1.000000000000000000e+00
-8.952499999999998792e-01 1.000000000000000048e-04 7.371139503793631975e-02 1.000000000000000000e+00
-8.944999999999998508e-01 1.000000000000000048e-04 7.379900036304182231e-02 1.000000000000000000e+00
-8.937499999999998224e-01 1.000000000000000048e-04 7.388667581012564600e-02 1.000000000000000000e+00
-8.929999999999997939e-01 1.000000000000000048e-04 7.397442135453760614e-02 1.000000000000000000e+00
-8.922499999999997655e-01 1.000000000000000048e-04 7.406223697141420259e-02 1.000000000000000000e+00
-8.914999999999997371e-01 1.000000000000000048e-04 7.415012263567814788e-02 1.000000000000000000e+00
-8.907499999999997087e-01 1.000000000000000048e-04 7.423807832203821455e-02 1.000000000000000000e+00
-8.899999999999996803e-01 1.000000000000000048e-04 7.432610400498911030e-02 1.000000000000000000e+00
-8.892499999999996518e-01 1.000000000000000048e-04 7.441419965881107546e-02 1.000000000000000000e+00
-8.884999999999996234e-01 1.000000000000000048e-04 7.450236525756974426e-02 1.000000000000000000e+00
-8.877499999999995950e-01 1.000000000000000048e-04 7.459060077511599218e-02 1.000000000000000000e+00
-8.869999999999995666e-01 1.000000000000000048e-04 7.467890618508549183e-02 1.000000000000000000e+00
-8.862499999999995381e-01 1.000000000000000048e-04 7.476728146089874072e-02 1.000000000000000000e+00
-8.854999999999995097e-01 1.000000000000000048e-04 7.485572657576064493e-02 1.000000000000000000e+00
-8.847499999999994813e-01 1.000000000000000048e-04 7.494424150266035256e-02 1.000000000000000000e+00
-8.840000000000003411e-01 1.000000000000000048e-04 7.503282621437101785e-02 1.000000000000000000e+00
-8.832500000000003126e-01 1.000000000000000048e-04 7.512148068344980112e-02 1.000000000000000000e+00
-8.825000000000002842e-01 1.000000000000000048e-04 7.521020488223720268e-02 1.000000000000000000e+00
-8.817500000000002558e-01 1.000000000000000048e-04 7.529899878285721548e-02 1.000000000000000000e+00
-8.810000000000002274e-01 1.000000000000000048e-04 7.538786235721689488e-02 1.000000000000000000e+00
-8.802500000000001990e-01 1.000000000000000048e-04 7.547679557700628927e-02 1.000000000000000000e+00
-8.795000000000001705e-01 1.000000000000000048e-04 7.556579841369812089e-02 1.000000000000000000e+00
-8.787500000000001421e-01 1.000000000000000048e-04 7.565487083854763317e-02 1.000000000000000000e+00
-8.780000000000001137e-01 1.000000000000000048e-04 7.574401282259232704e-02 1.000000000000000000e+00
-8.772500000000000853e-01 1.000000000000000048e-04 7.583322433665172502e-02 1.000000000000000000e+00
-8.765000000000000568e-01 1.000000000000000048e-04 7.592250535132728795e-02 1.000000000000000000e+00
-8.757500000000000284e-01 1.000000000000000048e-04 7.601185583700205417e-02 1.000000000000000000e+00
-8.750000000000000000e-01 1.000000000000000048e-04 7.610127576384048687e-02 1.000000000000000000e+00
-8.742499999999999716e-01 1.000000000000000048e-04 7.619076510178826589e-02 1.000000000000000000e+00
-8.734999999999999432e-01 1.000000000000000048e-04 7.628032382057214900e-02 1.000000000000000000e+00
-8.727499999999999147e-01 1.000000000000000048e-04 7.636995188969956938e-02 1.000000000000000000e+00
-8.719999999999998863e-01 1.000000000000000048e-04 7.645964927845866344e-02 1.000000000000000000e+00
-8.712499999999998579e-01 1.000000000000000048e-04 7.654941595591784054e-02 1.000000000000000000e+00
-8.704999999999998295e-01 1.000000000000000048e-04 7.663925189092583856e-02 1.000000000000000000e+00
-8.697499999999998010e-01 1.000000000000000048e-04 7.672915705211126591e-02 1.000000000000000000e+00
-8.689999999999997726e-01 1.000000000000000048e-04 7.681913140788251826e-02 1.000000000000000000e+00
-8.682499999999997442e-01 1.000000000000000048e-04 7.690917492642758424e-02 1.000000000000000000e+00
-8.674999999999997158e-01 1.000000000000000048e-04 7.699928757571387894e-02 1.000000000000000000e+00
-8.667499999999996874e-01 1.000000000000000048e-04 7.708946932348784142e-02 1.000000000000000000e+00
-8.659999999999996589e-01 1.000000000000000048e-04 7.717972013727508740e-02 1.000000000000000000e+00
-8.652499999999996305e-01 1.000000000000000048e-04 7.727003998437989574e-02 1.000000000000000000e+00
-8.644999999999996021e-01 1.000000000000000048e-04 7.736042883188513908e-02 1.000000000000000000e+00
-8.637499999999995737e-01 1.000000000000000048e-04 7.745088664665208955e-02 1.000000000000000000e+00
-8.629999999999995453e-01 1.000000000000000048e-04 7.754141339532025223e-02 1.000000000000000000e+00
-8.622499999999995168e-01 1.000000000000000048e-04 7.763200904430708760e-02 1.000000000000000000e+00
-8.614999999999994884e-01 1.000000000000000048e-04 7.772267355980783110e-02 1.000000000000000000e+00
-8.607500000000003482e-01 1.000000000000000048e-04 7.781340690779542379e-02 1.000000000000000000e+00
-8.600000000000003197e-01 1.000000000000000048e-04 7.790420905402035967e-02 1.000000000000000000e+00
-8.592500000000002913e-01 1.000000000000000048e-04 7.799507996401015830e-02 1.000000000000000000e+00
-8.585000000000002629e-01 1.000000000000000048e-04 7.808601960306948975e-02 1.000000000000000000e+00
-8.577500000000002345e-01 1.000000000000000048e-04 7.817702793627992475e-02 1.000000000000000000e+00
-8.570000000000002061e-01 1.000000000000000048e-04 7.826810492849965717e-02 1.000000000000000000e+00
-8.562500000000001776e-01 1.000000000000000048e-04 7.835925054436347625e-02 1.000000000000000000e+00
-8.555000000000001492e-01 1.000000000000000048e-04 7.845046474828246130e-02 1.000000000000000000e+00
-8.547500000000001208e-01 1.000000000000000048e-04 7.854174750444384290e-02 1.000000000000000000e+00
-8.540000000000000924e-01 1.000000000000000048e-04 7.863309877681079474e-02 1.000000000000000000e+00
-8.532500000000000639e-01 1.000000000000000048e-04 7.872451852912236425e-02 1.000000000000000000e+00
-8.525000000000000355e-01 1.000000000000000048e-04 7.881600672489308401e-02 1.000000000000000000e+00
-8.517500000000000071e-01 1.000000000000000048e-04 7.890756332741305501e-02 1.000000000000000000e+00
-8.509999999999999787e-01 1.000000000000000048e-04 7.899918829974758583e-02 1.000000000000000000e+00
-8.502499999999999503e-01 1.000000000000000048e-04 7.909088160473703999e-02 1.000000000000000000e+00
-8.494999999999999218e-01 1.000000000000000048e-04 7.918264320499676656e-02 1.000000000000000000e+00
-8.487499999999998934e-01 1.000000000000000048e-04 7.927447306291680873e-02 1.000000000000000000e+00
-8.479999999999998650e-01 1.000000000000000048e-04 7.936637114066186216e-02 1.000000000000000000e+00
-8.472499999999998366e-01 1.000000000000000048e-04 7.945833740017092806e-02 1.000000000000000000e+00
-8.464999999999998082e-01 1.000000000000000048e-04 7.955037180315732703e-02 1.000000000000000000e+00
-8.457499999999997797e-01 1.000000000000000048e-04 7.964247431110844933e-02 1.000000000000000000e+00
-8.449999999999997513e-01 1.000000000000000048e-04 7.973464488528558824e-02 1.000000000000000000e+00
-8.442499999999997229e-01 1.000000000000000048e-04 7.982688348672374590e-02 1.000000000000000000e+00
-8.434999999999996945e-01 1.000000000000000048e-04 7.991919007623157767e-02 1.000000000000000000e+00
-8.427499999999996660e-01 1.000000000000000048e-04 8.001156461439117018e-02 1.000000000000000000e+00
-8.419999999999996376e-01 1.000000000000000048e-04 8.010400706155777761e-02 1.000000000000000000e+00
-8.412499999999996092e-01 1.000000000000000048e-04 8.019651737785987722e-02 1.000000000000000000e+00
-8.404999999999995808e-01 1.000000000000000048e-04 8.028909552319885012e-02 1.000000000000000000e+00
-8.397499999999995524e-01 1.000000000000000048e-04 8.038174145724884256e-02 1.000000000000000000e+00
-8.389999999999995239e-01 1.000000000000000048e-04 8.047445513945669648e-02 1.000000000000000000e+00
-8.382499999999994955e-01 1.000000000000000048e-04 8.056723652904171362e-02 1.000000000000000000e+00
-8.375000000000003553e-01 1.000000000000000048e-04 8.066008558499544734e-02 1.000000000000000000e+00
-8.367500000000003268e-01 1.000000000000000048e-04 8.075300226608189691e-02 1.000000000000000000e+00
-8.360000000000002984e-01 1.000000000000000048e-04 8.084598653083685527e-02 1.000000000000000000e+00
-8.352500000000002700e-01 1.000000000000000048e-04 8.093903833756807553e-02 1.000000000000000000e+00
-8.345000000000002416e-01 1.000000000000000048e-04 8.103215764435504898e-02 1.000000000000000000e+00
-8.337500000000002132e-01 1.000000000000000048e-04 8.112534440904883848e-02 1.000000000000000000e+00
-8.330000000000001847e-01 1.000000000000000048e-04 8.121859858927200915e-02 1.000000000000000000e+00
-8.322500000000001563e-01 1.000000000000000048e-04 8.131192014241842014e-02 1.000000000000000000e+00
-8.315000000000001279e-01 1.000000000000000048e-04 8.140530902565305815e-02 1.000000000000000000e+00
-8.307500000000000995e-01 1.000000000000000048e-04 8.149876519591198187e-02 1.000000000000000000e+00
-8.300000000000000711e-01 1.000000000000000048e-04 8.159228860990215548e-02 1.000000000000000000e+00
-8.292500000000000426e-01 1.000000000000000048e-04 8.168587922410122659e-02 1.000000000000000000e+00
-8.285000000000000142e-01 1.000000000000000048e-04 8.177953699475748461e-02 1.000000000000000000e+00
-8.277499999999999858e-01 1.000000000000000048e-04 8.187326187788973586e-02 1.000000000000000000e+00
-8.269999999999999574e-01 1.000000000000000048e-04 8.196705382928708150e-02 1.000000000000000000e+00
-8.262499999999999289e-01 1.000000000000000048e-04 8.206091280450887593e-02 1.000000000000000000e+00
-8.254999999999999005e-01 1.000000000000000048e-04 8.215483875888451859e-02 1.000000000000000000e+00
-8.247499999999998721e-01 1.000000000000000048e-04 8.224883164751338460e-02 1.000000000000000000e+00
-8.239999999999998437e-01 1.000000000000000048e-04 8.234289142526471372e-02 1.000000000000000000e+00
-8.232499999999998153e-01 1.000000000000000048e-04 8.243701804677736056e-02 1.000000000000000000e+00
-8.224999999999997868e-01 1.000000000000000048e-04 8.253121146645980843e-02 1.000000000000000000e+00
-8.217499999999997584e-01 1.000000000000000048e-04 8.262547163848996123e-02 1.000000000000000000e+00
-8.209999999999997300e-01 1.000000000000000048e-04 8.271979851681510176e-02 1.000000000000000000e+00
-8.202499999999997016e-01 1.000000000000000048e-04 8.281419205515165582e-02 1.000000000000000000e+00
-8.194999999999996732e-01 1.000000000000000048e-04 8.290865220698517835e-02 1.000000000000000000e+00
-8.187499999999996447e-01 1.000000000000000048e-04 8.300317892557015909e-02 1.000000000000000000e+00
-8.179999999999996163e-01 1.000000000000000048e-04 8.309777216392993937e-02 1.000000000000000000e+00
-8.172499999999995879e-01 1.000000000000000048e-04 8.319243187485661495e-02 1.000000000000000000e+00
-8.164999999999995595e-01 1.000000000000000048e-04 8.328715801091091109e-02 1.000000000000000000e+00
-8.157499999999995310e-01 1.000000000000000048e-04 8.338195052442202992e-02 1.000000000000000000e+00
-8.149999999999995026e-01 1.000000000000000048e-04 8.347680936748756719e-02 1.000000000000000000e+00
-8.142499999999994742e-01 1.000000000000000048e-04 8.357173449197342896e-02 1.000000000000000000e+00
-8.135000000000003340e-01 1.000000000000000048e-04 8.366672584951360958e-02 1.000000000000000000e+00
-8.127500000000003055e-01 1.000000000000000048e-04 8.376178339151039987e-02 1.000000000000000000e+00
-8.120000000000002771e-01 1.000000000000000048e-04 8.385690706913381809e-02 1.000000000000000000e+00
-8.112500000000002487e-01 1.000000000000000048e-04 8.395209683332184591e-02 1.000000000000000000e+00
-8.105000000000002203e-01 1.000000000000000048e-04 8.404735263478016472e-02 1.000000000000000000e+00
-8.097500000000001918e-01 1.000000000000000048e-04 8.414267442398219721e-02 1.000000000000000000e+00
-8.090000000000001634e-01 1.000000000000000048e-04 8.423806215116880214e-02 1.000000000000000000e+00
-8.082500000000001350e-01 1.000000000000000048e-04 8.433351576634839919e-02 1.000000000000000000e+00
-8.075000000000001066e-01 1.000000000000000048e-04 8.442903521929671917e-02 1.000000000000000000e+00
-8.067500000000000782e-01 1.000000000000000048e-04 8.452462045955677628e-02 1.000000000000000000e+00
-8.060000000000000497e-01 1.000000000000000048e-04 8.462027143643867377e-02 1.000000000000000000e+00
-8.052500000000000213e-01 1.000000000000000048e-04 8.471598809901970117e-02 1.000000000000000000e+00
-8.044999999999999929e-01 1.000000000000000048e-04 8.481177039614408442e-02 1.000000000000000000e+00
-8.037499999999999645e-01 1.000000000000000048e-04 8.490761827642294424e-02 1.000000000000000000e+00
-8.029999999999999361e-01 1.000000000000000048e-04 8.500353168823415739e-02 1.000000000000000000e+00
-8.022499999999999076e-01 1.000000000000000048e-04 8.509951057972241217e-02 1.000000000000000000e+00
-8.014999999999998792e-01 1.000000000000000048e-04 8.519555489879893084e-02 1.000000000000000000e+00
-8.007499999999998508e-01 1.000000000000000048e-04 8.529166459314156679e-02 1.000000000000000000e+00
-7.999999999999998224e-01 1.000000000000000048e-04 8.538783961019462410e-02 1.000000000000000000e+00
-7.992499999999997939e-01 1.000000000000000048e-04 8.548407989716870492e-02 1.000000000000000000e+00
-7.984999999999997655e-01 1.000000000000000048e-04 8.558038540104080660e-02 1.000000000000000000e+00
-7.977499999999997371e-01 1.000000000000000048e-04 8.567675606855414128e-02 1.000000000000000000e+00
-7.969999999999997087e-01 1.000000000000000048e-04 8.577319184621803871e-02 1.000000000000000000e+00
-7.962499999999996803e-01 1.000000000000000048e-04 8.586969268030791858e-02 1.000000000000000000e+00
-7.954999999999996518e-01 1.000000000000000048e-04 8.596625851686522102e-02 1.000000000000000000e+00
-7.947499999999996234e-01 1.000000000000000048e-04 8.606288930169724016e-02 1.000000000000000000e+00
-7.939999999999995950e-01 1.000000000000000048e-04 8.615958498037723512e-02 1.000000000000000000e+00
-7.932499999999995666e-01 1.000000000000000048e-04 8.625634549824418018e-02 1.000000000000000000e+00
-7.924999999999995381e-01 1.000000000000000048e-04 8.635317080040275095e-02 1.000000000000000000e+00
-7.917499999999995097e-01 1.000000000000000048e-04 8.645006083172336597e-02 1.000000000000000000e+00
-7.909999999999994813e-01 1.000000000000000048e-04 8.654701553684193693e-02 1.000000000000000000e+00
-7.902500000000003411e-01 1.000000000000000048e-04 8.664403486015985478e-02 1.000000000000000000e+00
-7.895000000000003126e-01 1.000000000000000048e-04 8.674111874584429505e-02 1.000000000000000000e+00
-7.887500000000002842e-01 1.000000000000000048e-04 8.683826713782752393e-02 1.000000000000000000e+00
-7.880000000000002558e-01 1.000000000000000048e-04 8.693547997980714814e-02 1.000000000000000000e+00
-7.872500000000002274e-01 1.000000000000000048e-04 8.703275721524625363e-02 1.000000000000000000e+00
-7.865000000000001990e-01 1.000000000000000048e-04 8.713009878737300318e-02 1.000000000000000000e+00
-7.857500000000001705e-01 1.000000000000000048e-04 8.722750463918081676e-02 1.000000000000000000e+00
-7.850000000000001421e-01 1.000000000000000048e-04 8.732497471342823281e-02 1.000000000000000000e+00
-7.842500000000001137e-01 1.000000000000000048e-04 8.742250895263881105e-02 1.000000000000000000e+00
-7.835000000000000853e-01 1.000000000000000048e-04 8.752010729910121578e-02 1.000000000000000000e+00
-7.827500000000000568e-01 1.000000000000000048e-04 8.761776969486906319e-02 1.000000000000000000e+00
-7.820000000000000284e-01 1.000000000000000048e-04 8.771549608176087975e-02 1.000000000000000000e+00
-7.812500000000000000e-01 1.000000000000000048e-04 8.781328640136011610e-02 1.000000000000000000e+00
-7.804999999999999716e-01 1.000000000000000048e-04 8.791114059501502209e-02 1.000000000000000000e+00
-7.797499999999999432e-01 1.000000000000000048e-04 8.800905860383874402e-02 1.000000000000000000e+00
-7.789999999999999147e-01 1.000000000000000048e-04 8.810704036870901923e-02 1.000000000000000000e+00
-7.782499999999998863e-01 1.000000000000000048e-04 8.820508583026853699e-02 1.000000000000000000e+00
-7.774999999999998579e-01 1.000000000000000048e-04 8.830319492892452216e-02 1.000000000000000000e+00
-7.767499999999998295e-01 1.000000000000000048e-04 8.840136760484886003e-02 1.000000000000000000e+00
-7.759999999999998010e-01 1.000000000000000048e-04 8.849960379797812415e-02 1.000000000000000000e+00
-7.752499999999997726e-01 1.000000000000000048e-04 8.859790344801345141e-02 1.000000000000000000e+00
-7.744999999999997442e-01 1.000000000000000048e-04 8.869626649442048649e-02 1.000000000000000000e+00
-7.737499999999997158e-01 1.000000000000000048e-04 8.879469287642952069e-02 1.000000000000000000e+00
-7.729999999999996874e-01 1.000000000000000048e-04 8.889318253303520045e-02 1.000000000000000000e+00
-7.722499999999996589e-01 1.000000000000000048e-04 8.899173540299677720e-02 1.000000000000000000e+00
-7.714999999999996305e-01 1.000000000000000048e-04 8.909035142483791303e-02 1.000000000000000000e+00
-7.707499999999996021e-01 1.000000000000000048e-04 8.918903053684659743e-02 1.000000000000000000e+00
-7.699999999999995737e-01 1.000000000000000048e-04 8.928777267707545262e-02 1.000000000000000000e+00
-7.692499999999995453e-01 1.000000000000000048e-04 8.938657778334128945e-02 1.000000000000000000e+00
-7.684999999999995168e-01 1.000000000000000048e-04 8.948544579322538495e-02 1.000000000000000000e+00
-7.677499999999994884e-01 1.000000000000000048e-04 8.958437664407335743e-02 1.000000000000000000e+00
-7.670000000000003482e-01 1.000000000000000048e-04 8.968337027299504161e-02 1.000000000000000000e+00
-7.662500000000003197e-01 1.000000000000000048e-04 8.978242661686501591e-02 1.000000000000000000e+00
-7.655000000000002913e-01 1.000000000000000048e-04 8.988154561232171436e-02 1.000000000000000000e+00
-7.647500000000002629e-01 1.000000000000000048e-04 8.998072719576807876e-02 1.000000000000000000e+00
-7.640000000000002345e-01 1.000000000000000048e-04 9.007997130337139224e-02 1.000000000000000000e+00
-7.632500000000002061e-01 1.000000000000000048e-04 9.017927787106312654e-02 1.000000000000000000e+00
-7.625000000000001776e-01 1.000000000000000048e-04 9.027864683453909467e-02 1.000000000000000000e+00
-7.617500000000001492e-01 1.000000000000000048e-04 9.037807812925945095e-02 1.000000000000000000e+00
-7.610000000000001208e-01 1.000000000000000048e-04 9.047757169044856607e-02 1.000000000000000000e+00
-7.602500000000000924e-01 1.000000000000000048e-04 9.057712745309513813e-02 1.000000000000000000e+00
-7.595000000000000639e-01 1.000000000000000048e-04 9.067674535195216490e-02 1.000000000000000000e+00
-7.587500000000000355e-01 1.000000000000000048e-04 9.077642532153688826e-02 1.000000000000000000e+00
-7.580000000000000071e-01 1.000000000000000048e-04 9.087616729613094690e-02 1.000000000000000000e+00
-7.572499999999999787e-01 1.000000000000000048e-04 9.097597120978016816e-02 1.000000000000000000e+00
-7.564999999999999503e-01 1.000000000000000048e-04 9.107583699629480389e-02 1.000000000000000000e+00
-7.557499999999999218e-01 1.000000000000000048e-04 9.117576458924937788e-02 1.000000000000000000e+00
-7.549999999999998934e-01 1.000000000000000048e-04 9.127575392198274129e-02 1.000000000000000000e+00
-7.542499999999998650e-01 1.000000000000000048e-04 9.137580492759815598e-02 1.000000000000000000e+00
-7.534999999999998366e-01 1.000000000000000048e-04 9.147591753896318345e-02 1.000000000000000000e+00
-7.527499999999998082e-01 1.000000000000000048e-04 9.157609168870986527e-02 1.000000000000000000e+00
-7.519999999999997797e-01 1.000000000000000048e-04 9.167632730923458428e-02 1.000000000000000000e+00
-7.512499999999997513e-01 1.000000000000000048e-04 9.177662433269807851e-02 1.000000000000000000e+00
-7.504999999999997229e-01 1.000000000000000048e-04 9.187698269102573256e-02 1.000000000000000000e+00
-7.497499999999996945e-01 1.000000000000000048e-04 9.197740231590723070e-02 1.000000000000000000e+00
-7.489999999999996660e-01 1.000000000000000048e-04 9.207788313879679276e-02 1.000000000000000000e+00
-7.482499999999996376e-01 1.000000000000000048e-04 9.217842509091322967e-02 1.000000000000000000e+00
-7.474999999999996092e-01 1.000000000000000048e-04 9.227902810323986016e-02 1.000000000000000000e+00
-7.467499999999995808e-01 1.000000000000000048e-04 9.237969210652455243e-02 1.000000000000000000e+00
-7.459999999999995524e-01 1.000000000000000048e-04 9.248041703127987678e-02 1.000000000000000000e+00
-7.452499999999995239e-01 1.000000000000000048e-04 9.258120280778298072e-02 1.000000000000000000e+00
-7.444999999999994955e-01 1.000000000000000048e-04 9.268204936607578326e-02 1.000000000000000000e+00
-7.437500000000003553e-01 1.000000000000000048e-04 9.278295663596472509e-02 1.000000000000000000e+00
-7.430000000000003268e-01 1.000000000000000048e-04 9.288392454702136536e-02 1.000000000000000000e+00
-7.422500000000002984e-01 1.000000000000000048e-04 9.298495302858184042e-02 1.000000000000000000e+00
-7.415000000000002700e-01 1.000000000000000048e-04 9.308604200974711362e-02 1.000000000000000000e+00
-7.407500000000002416e-01 1.000000000000000048e-04 9.318719141938308637e-02 1.000000000000000000e+00
-7.400000000000002132e-01 1.000000000000000048e-04 9.328840118612062582e-02 1.000000000000000000e+00
-7.392500000000001847e-01 1.000000000000000048e-04 9.338967123835557882e-02 1.000000000000000000e+00
-7.385000000000001563e-01 1.000000000000000048e-04 9.349100150424884126e-02 1.000000000000000000e+00
-7.377500000000001279e-01 1.000000000000000048e-04 9.359239191172637196e-02 1.000000000000000000e+00
-7.370000000000000995e-01 1.000000000000000048e-04 9.369384238847924817e-02 1.000000000000000000e+00
-7.362500000000000711e-01 1.000000000000000048e-04 9.379535286196377664e-02 1.000000000000000000e+00
-7.355000000000000426e-01 1.000000000000000048e-04 9.389692325940156292e-02 1.000000000000000000e+00
-7.347500000000000142e-01 1.000000000000000048e-04 9.399855350777948371e-02 1.000000000000000000e+00
-7.339999999999999858e-01 1.000000000000000048e-04 9.410024353384974227e-02 1.000000000000000000e+00
-7.332499999999999574e-01 1.000000000000000048e-04 9.420199326413006280e-02 1.000000000000000000e+00
-7.324999999999999289e-01 1.000000000000000048e-04 9.430380262490359322e-02 1.000000000000000000e+00
-7.317499999999999005e-01 1.000000000000000048e-04 9.440567154221911339e-02 1.000000000000000000e+00
-7.309999999999998721e-01 1.000000000000000048e-04 9.450759994189093793e-02 1.000000000000000000e+00
-7.302499999999998437e-01 1.000000000000000048e-04 9.460958774949923544e-02 1.000000000000000000e+00
-7.294999999999998153e-01 1.000000000000000048e-04 9.471163489038977867e-02 1.000000000000000000e+00
-7.287499999999997868e-01 1.000000000000000048e-04 9.481374128967426373e-02 1.000000000000000000e+00
-7.279999999999997584e-01 1.000000000000000048e-04 9.491590687223032397e-02 1.000000000000000000e+00
-7.272499999999997300e-01 1.000000000000000048e-04 9.501813156270152994e-02 1.000000000000000000e+00
-7.264999999999997016e-01 1.000000000000000048e-04 9.512041528549755598e-02 1.000000000000000000e+00
-7.257499999999996732e-01 1.000000000000000048e-04 9.522275796479427734e-02 1.000000000000000000e+00
-7.249999999999996447e-01 1.000000000000000048e-04 9.532515952453365915e-02 1.000000000000000000e+00
-7.242499999999996163e-01 1.000000000000000048e-04 9.542761988842410337e-02 1.000000000000000000e+00
-7.234999999999995879e-01 1.000000000000000048e-04 9.553013897994037940e-02 1.000000000000000000e+00
-7.227499999999995595e-01 1.000000000000000048e-04 9.563271672232374898e-02 1.000000000000000000e+00
-7.219999999999995310e-01 1.000000000000000048e-04 9.573535303858199397e-02 1.000000000000000000e+00
-7.212499999999995026e-01 1.000000000000000048e-04 9.583804785148962446e-02 1.000000000000000000e+00
-7.204999999999994742e-01 1.000000000000000048e-04 9.594080108358790659e-02 1.000000000000000000e+00
-7.197500000000003340e-01 1.000000000000000048e-04 9.604361265718479312e-02 1.000000000000000000e+00
-7.190000000000003055e-01 1.000000000000000048e-04 9.614648249435552019e-02 1.000000000000000000e+00
-7.182500000000002771e-01 1.000000000000000048e-04 9.624941051694213545e-02 1.000000000000000000e+00
-7.175000000000002487e-01 1.000000000000000048e-04 9.635239664655383118e-02 1.000000000000000000e+00
-7.167500000000002203e-01 1.000000000000000048e-04 9.645544080456706915e-02 1.000000000000000000e+00
-7.160000000000001918e-01 1.000000000000000048e-04 9.655854291212564999e-02 1.000000000000000000e+00
-7.152500000000001634e-01 1.000000000000000048e-04 9.666170289014082428e-02 1.000000000000000000e+00
-7.145000000000001350e-01 1.000000000000000048e-04 9.676492065929144515e-02 1.000000000000000000e+00
-7.137500000000001066e-01 1.000000000000000048e-04 9.686819614002396828e-02 1.000000000000000000e+00
-7.130000000000000782e-01 1.000000000000000048e-04 9.697152925255264622e-02 1.000000000000000000e+00
-7.122500000000000497e-01 1.000000000000000048e-04 9.707491991685962551e-02 1.000000000000000000e+00
-7.115000000000000213e-01 1.000000000000000048e-04 9.717836805269507161e-02 1.000000000000000000e+00
-7.107499999999999929e-01 1.000000000000000048e-04 9.728187357957721049e-02 1.000000000000000000e+00
-7.099999999999999645e-01 1.000000000000000048e-04 9.738543641679252294e-02 1.000000000000000000e+00
-7.092499999999999361e-01 1.000000000000000048e-04 9.748905648339585561e-02 1.000000000000000000e+00
-7.084999999999999076e-01 1.000000000000000048e-04 9.759273369821051813e-02 1.000000000000000000e+00
-7.077499999999998792e-01 1.000000000000000048e-04 9.769646797982840802e-02 1.000000000000000000e+00
-7.069999999999998508e-01 1.000000000000000048e-04 9.780025924661010783e-02 1.000000000000000000e+00
-7.062499999999998224e-01 1.000000000000000048e-04 9.790410741668514882e-02 1.000000000000000000e+00
-7.054999999999997939e-01 1.000000000000000048e-04 9.800801240795189995e-02 1.000000000000000000e+00
-7.047499999999997655e-01 1.000000000000000048e-04 9.811197413807792866e-02 1.000000000000000000e+00
-7.039999999999997371e-01 1.000000000000000048e-04 9.821599252449997319e-02 1.000000000000000000e+00
-7.032499999999997087e-01 1.000000000000000048e-04 9.832006748442419231e-02 1.000000000000000000e+00
-7.024999999999996803e-01 1.000000000000000048e-04 9.842419893482624860e-02 1.000000000000000000e+00
-7.017499999999996518e-01 1.000000000000000048e-04 9.852838679245136400e-02 1.000000000000000000e+00
-7.009999999999996234e-01 1.000000000000000048e-04 9.863263097381462507e-02 1.000000000000000000e+00
-7.002499999999995950e-01 1.000000000000000048e-04 9.873693139520098305e-02 1.000000000000000000e+00
-6.994999999999995666e-01 1.000000000000000048e-04 9.884128797266546196e-02 1.000000000000000000e+00
-6.987499999999995381e-01 1.000000000000000048e-04 9.894570062203335292e-02 1.000000000000000000e+00
-6.979999999999995097e-01 1.000000000000000048e-04 9.905016925890015866e-02 1.000000000000000000e+00
-6.972499999999994813e-01 1.000000000000000048e-04 9.915469379863205146e-02 1.000000000000000000e+00
-6.965000000000003411e-01 1.000000000000000048e-04 9.925927415636562334e-02 1.000000000000000000e+00
-6.957500000000003126e-01 1.000000000000000048e-04 9.936391024700864938e-02 1.000000000000000000e+00
-6.950000000000002842e-01 1.000000000000000048e-04 9.946860198523950480e-02 1.000000000000000000e+00
-6.942500000000002558e-01 1.000000000000000048e-04 9.957334928550780340e-02 1.000000000000000000e+00
-6.935000000000002274e-01 1.000000000000000048e-04 9.967815206203441136e-02 1.000000000000000000e+00
-6.927500000000001990e-01 1.000000000000000048e-04 9.978301022881165550e-02 1.000000000000000000e+00
-6.920000000000001705e-01 1.000000000000000048e-04 9.988792369960335094e-02 1.000000000000000000e+00
-6.912500000000001421e-01 1.000000000000000048e-04 9.999289238794523138e-02 1.000000000000000000e+00
-6.905000000000001137e-01 1.000000000000000048e-04 1.000979162071447964e-01 1.000000000000000000e+00
-6.897500000000000853e-01 1.000000000000000048e-04 1.002029950702816724e-01 1.000000000000000000e+00
-6.890000000000000568e-01 1.000000000000000048e-04 1.003081288902078066e-01 1.000000000000000000e+00
-6.882500000000000284e-01 1.000000000000000048e-04 1.004133175795474398e-01 1.000000000000000000e+00
-6.875000000000000000e-01 1.000000000000000048e-04 1.005185610506974941e-01 1.000000000000000000e+00
-6.867499999999999716e-01 1.000000000000000048e-04 1.006238592158276157e-01 1.000000000000000000e+00
-6.859999999999999432e-01 1.000000000000000048e-04 1.007292119868804653e-01 1.000000000000000000e+00
-6.852499999999999147e-01 1.000000000000000048e-04 1.008346192755717047e-01 1.000000000000000000e+00
-6.844999999999998863e-01 1.000000000000000048e-04 1.009400809933903853e-01 1.000000000000000000e+00
-6.837499999999998579e-01 1.000000000000000048e-04 1.010455970515989482e-01 1.000000000000000000e+00
-6.829999999999998295e-01 1.000000000000000048e-04 1.011511673612337098e-01 1.000000000000000000e+00
-6.822499999999998010e-01 1.000000000000000048e-04 1.012567918331045286e-01 1.000000000000000000e+00
-6.814999999999997726e-01 1.000000000000000048e-04 1.013624703777955549e-01 1.000000000000000000e+00
-6.807499999999997442e-01 1.000000000000000048e-04 1.014682029056649670e-01 1.000000000000000000e+00
-6.799999999999997158e-01 1.000000000000000048e-04 1.015739893268455402e-01 1.000000000000000000e+00
-6.792499999999996874e-01 1.000000000000000048e-04 1.016798295512444938e-01 1.000000000000000000e+00
-6.784999999999996589e-01 1.000000000000000048e-04 1.017857234885439915e-01 1.000000000000000000e+00
-6.777499999999996305e-01 1.000000000000000048e-04 1.018916710482010851e-01 1.000000000000000000e+00
-6.769999999999996021e-01 1.000000000000000048e-04 1.019976721394480340e-01 1.000000000000000000e+00
-6.762499999999995737e-01 1.000000000000000048e-04 1.021037266712925551e-01 1.000000000000000000e+00
-6.754999999999995453e-01 1.000000000000000048e-04 1.022098345525179058e-01 1.000000000000000000e+00
-6.747499999999995168e-01 1.000000000000000048e-04 1.023159956916831897e-01 1.000000000000000000e+00
-6.739999999999994884e-01 1.000000000000000048e-04 1.024222099971234395e-01 1.000000000000000000e+00
-6.732500000000003482e-01 1.000000000000000048e-04 1.025284773769498670e-01 1.000000000000000000e+00
-6.725000000000003197e-01 1.000000000000000048e-04 1.026347977390503902e-01 1.000000000000000000e+00
-6.717500000000002913e-01 1.000000000000000048e-04 1.027411709910892867e-01 1.000000000000000000e+00
-6.710000000000002629e-01 1.000000000000000048e-04 1.028475970405077211e-01 1.000000000000000000e+00
-6.702500000000002345e-01 1.000000000000000048e-04 1.029540757945239388e-01 1.000000000000000000e+00
-6.695000000000002061e-01 1.000000000000000048e-04 1.030606071601334606e-01 1.000000000000000000e+00
-6.687500000000001776e-01 1.000000000000000048e-04 1.031671910441093881e-01 1.000000000000000000e+00
-6.680000000000001492e-01 1.000000000000000048e-04 1.032738273530023898e-01 1.000000000000000000e+00
-6.672500000000001208e-01 1.000000000000000048e-04 1.033805159931411727e-01 1.000000000000000000e+00
-6.665000000000000924e-01 1.000000000000000048e-04 1.034872568706325380e-01 1.000000000000000000e+00
-6.657500000000000639e-01 1.000000000000000048e-04 1.035940498913617835e-01 1.000000000000000000e+00
-6.650000000000000355e-01 1.000000000000000048e-04 1.037008949609926900e-01 1.000000000000000000e+00
-6.642500000000000071e-01 1.000000000000000048e-04 1.038077919849680064e-01 1.000000000000000000e+00
-6.634999999999999787e-01 1.000000000000000048e-04 1.039147408685094642e-01 1.000000000000000000e+00
-6.627499999999999503e-01 1.000000000000000048e-04 1.040217415166181658e-01 1.000000000000000000e+00
-6.619999999999999218e-01 1.000000000000000048e-04 1.041287938340747510e-01 1.000000000000000000e+00
-6.612499999999998934e-01 1.000000000000000048e-04 1.042358977254395636e-01 1.000000000000000000e+00
-6.604999999999998650e-01 1.000000000000000048e-04 1.043430530950531232e-01 1.000000000000000000e+00
-6.597499999999998366e-01 1.000000000000000048e-04 1.044502598470360560e-01 1.000000000000000000e+00
-6.589999999999998082e-01 1.000000000000000048e-04 1.045575178852896081e-01 1.000000000000000000e+00
-6.582499999999997797e-01 1.000000000000000048e-04 1.046648271134957286e-01 1.000000000000000000e+00
-6.574999999999997513e-01 1.000000000000000048e-04 1.047721874351172922e-01 1.000000000000000000e+00
-6.567499999999997229e-01 1.000000000000000048e-04 1.048795987533986118e-01 1.000000000000000000e+00
-6.559999999999996945e-01 1.000000000000000048e-04 1.049870609713652592e-01 1.000000000000000000e+00
-6.552499999999996660e-01 1.000000000000000048e-04 1.050945739918247857e-01 1.000000000000000000e+00
-6.544999999999996376e-01 1.000000000000000048e-04 1.052021377173665562e-01 1.000000000000000000e+00
-6.537499999999996092e-01 1.000000000000000048e-04 1.053097520503622903e-01 1.000000000000000000e+00
-6.529999999999995808e-01 1.000000000000000048e-04 1.054174168929661870e-01 1.000000000000000000e+00
-6.522499999999995524e-01 1.000000000000000048e-04 1.055251321471152165e-01 1.000000000000000000e+00
-6.514999999999995239e-01 1.000000000000000048e-04 1.056328977145294667e-01 1.000000000000000000e+00
-6.507499999999994955e-01 1.000000000000000048e-04 1.057407134967122408e-01 1.000000000000000000e+00
-6.499999999999994671e-01 1.000000000000000048e-04 1.058485793949503762e-01 1.000000000000000000e+00
-6.492500000000003268e-01 1.000000000000000048e-04 1.059564953103145218e-01 1.000000000000000000e+00
-6.485000000000002984e-01 1.000000000000000048e-04 1.060644611436597079e-01 1.000000000000000000e+00
-6.477500000000002700e-01 1.000000000000000048e-04 1.061724767956250814e-01 1.000000000000000000e+00
-6.470000000000002416e-01 1.000000000000000048e-04 1.062805421666343925e-01 1.000000000000000000e+00
-6.462500000000002132e-01 1.000000000000000048e-04 1.063886571568964795e-01 1.000000000000000000e+00
-6.455000000000001847e-01 1.000000000000000048e-04 1.064968216664052142e-01 1.000000000000000000e+00
-6.447500000000001563e-01 1.000000000000000048e-04 1.066050355949400563e-01 1.000000000000000000e+00
-6.440000000000001279e-01 1.000000000000000048e-04 1.067132988420662343e-01 1.000000000000000000e+00
-6.432500000000000995e-01 1.000000000000000048e-04 1.068216113071349255e-01 1.000000000000000000e+00
-6.425000000000000711e-01 1.000000000000000048e-04 1.069299728892836587e-01 1.000000000000000000e+00
-6.417500000000000426e-01 1.000000000000000048e-04 1.070383834874366058e-01 1.000000000000000000e+00
-6.410000000000000142e-01 1.000000000000000048e-04 1.071468430003047895e-01 1.000000000000000000e+00
-6.402499999999999858e-01 1.000000000000000048e-04 1.072553513263864444e-01 1.000000000000000000e+00
-6.394999999999999574e-01 1.000000000000000048e-04 1.073639083639672254e-01 1.000000000000000000e+00
-6.387499999999999289e-01 1.000000000000000048e-04 1.074725140111206234e-01 1.000000000000000000e+00
-6.379999999999999005e-01 1.000000000000000048e-04 1.075811681657081742e-01 1.000000000000000000e+00
-6.372499999999998721e-01 1.000000000000000048e-04 1.076898707253797355e-01 1.000000000000000000e+00
-6.364999999999998437e-01 1.000000000000000048e-04 1.077986215875738618e-01 1.000000000000000000e+00
-6.357499999999998153e-01 1.000000000000000048e-04 1.079074206495180405e-01 1.000000000000000000e+00
-6.349999999999997868e-01 1.000000000000000048e-04 1.080162678082290661e-01 1.000000000000000000e+00
-6.342499999999997584e-01 1.000000000000000048e-04 1.081251629605132630e-01 1.000000000000000000e+00
-6.334999999999997300e-01 1.000000000000000048e-04 1.082341060029667901e-01 1.000000000000000000e+00
-6.327499999999997016e-01 1.000000000000000048e-04 1.083430968319760296e-01 1.000000000000000000e+00
-6.319999999999996732e-01 1.000000000000000048e-04 1.084521353437179203e-01 1.000000000000000000e+00
-6.312499999999996447e-01 1.000000000000000048e-04 1.085612214341600268e-01 1.000000000000000000e+00
-6.304999999999996163e-01 1.000000000000000048e-04 1.086703549990612472e-01 1.000000000000000000e+00
-6.297499999999995879e-01 1.000000000000000048e-04 1.087795359339717577e-01 1.000000000000000000e+00
-6.289999999999995595e-01 1.000000000000000048e-04 1.088887641342334706e-01 1.000000000000000000e+00
-6.282499999999995310e-01 1.000000000000000048e-04 1.089980394949805059e-01 1.000000000000000000e+00
-6.274999999999995026e-01 1.000000000000000048e-04 1.091073619111392057e-01 1.000000000000000000e+00
-6.267499999999994742e-01 1.000000000000000048e-04 1.092167312774287996e-01 1.000000000000000000e+00
-6.260000000000003340e-01 1.000000000000000048e-04 1.093261474883612111e-01 1.000000000000000000e+00
-6.252500000000003055e-01 1.000000000000000048e-04 1.094356104382423062e-01 1.000000000000000000e+00
-6.245000000000002771e-01 1.000000000000000048e-04 1.095451200211711579e-01 1.000000000000000000e+00
-6.237500000000002487e-01 1.000000000000000048e-04 1.096546761310410317e-01 1.000000000000000000e+00
-6.230000000000002203e-01 1.000000000000000048e-04 1.097642786615395244e-01 1.000000000000000000e+00
-6.222500000000001918e-01 1.000000000000000048e-04 1.098739275061488829e-01 1.000000000000000000e+00
-6.215000000000001634e-01 1.000000000000000048e-04 1.099836225581464488e-01 1.000000000000000000e+00
-6.207500000000001350e-01 1.000000000000000048e-04 1.100933637106049079e-01 1.000000000000000000e+00
-6.200000000000001066e-01 1.000000000000000048e-04 1.102031508563925954e-01 1.000000000000000000e+00
-6.192500000000000782e-01 1.000000000000000048e-04 1.103129838881739405e-01 1.000000000000000000e+00
-6.185000000000000497e-01 1.000000000000000048e-04 1.104228626984097572e-01 1.000000000000000000e+00
-6.177500000000000213e-01 1.000000000000000048e-04 1.105327871793575917e-01 1.000000000000000000e+00
-6.169999999999999929e-01 1.000000000000000048e-04 1.106427572230719580e-01 1.000000000000000000e+00
-6.162499999999999645e-01 1.000000000000000048e-04 1.107527727214050045e-01 1.000000000000000000e+00
-6.154999999999999361e-01 1.000000000000000048e-04 1.108628335660064856e-01 1.000000000000000000e+00
-6.147499999999999076e-01 1.000000000000000048e-04 1.109729396483243313e-01 1.000000000000000000e+00
-6.139999999999998792e-01 1.000000000000000048e-04 1.110830908596049660e-01 1.000000000000000000e+00
-6.132499999999998508e-01 1.000000000000000048e-04 1.111932870908936694e-01 1.000000000000000000e+00
-6.124999999999998224e-01 1.000000000000000048e-04 1.113035282330348541e-01 1.000000000000000000e+00
-6.117499999999997939e-01 1.000000000000000048e-04 1.114138141766725654e-01 1.000000000000000000e+00
-6.109999999999997655e-01 1.000000000000000048e-04 1.115241448122507445e-01 1.000000000000000000e+00
-6.102499999999997371e-01 1.000000000000000048e-04 1.116345200300135621e-01 1.000000000000000000e+00
-6.094999999999997087e-01 1.000000000000000048e-04 1.117449397200059175e-01 1.000000000000000000e+00
-6.087499999999996803e-01 1.000000000000000048e-04 1.118554037720736472e-01 1.000000000000000000e+00
-6.079999999999996518e-01 1.000000000000000048e-04 1.119659120758639964e-01 1.000000000000000000e+00
-6.072499999999996234e-01 1.000000000000000048e-04 1.120764645208259941e-01 1.000000000000000000e+00
-6.064999999999995950e-01 1.000000000000000048e-04 1.121870609962107301e-01 1.000000000000000000e+00
-6.057499999999995666e-01 1.000000000000000048e-04 1.122977013910719107e-01 1.000000000000000000e+00
-6.049999999999995381e-01 1.000000000000000048e-04 1.124083855942659277e-01 1.000000000000000000e+00
-6.042499999999995097e-01 1.000000000000000048e-04 1.125191134944526217e-01 1.000000000000000000e+00
-6.034999999999994813e-01 1.000000000000000048e-04 1.126298849800953517e-01 1.000000000000000000e+00
-6.027500000000003411e-01 1.000000000000000048e-04 1.127406999394613835e-01 1.000000000000000000e+00
-6.020000000000003126e-01 1.000000000000000048e-04 1.128515582606227502e-01 1.000000000000000000e+00
-6.012500000000002842e-01 1.000000000000000048e-04 1.129624598314559192e-01 1.000000000000000000e+00
-6.005000000000002558e-01 1.000000000000000048e-04 1.130734045396426940e-01 1.000000000000000000e+00
-5.997500000000002274e-01 1.000000000000000048e-04 1.131843922726702423e-01 1.000000000000000000e+00
-5.990000000000001990e-01 1.000000000000000048e-04 1.132954229178319699e-01 1.000000000000000000e+00
-5.982500000000001705e-01 1.000000000000000048e-04 1.134064963622273825e-01 1.000000000000000000e+00
-5.975000000000001421e-01 1.000000000000000048e-04 1.135176124927627650e-01 1.000000000000000000e+00
-5.967500000000001137e-01 1.000000000000000048e-04 1.136287711961516955e-01 1.000000000000000000e+00
-5.960000000000000853e-01 1.000000000000000048e-04 1.137399723589150591e-01 1.000000000000000000e+00
-5.952500000000000568e-01 1.000000000000000048e-04 1.138512158673817831e-01 1.000000000000000000e+00
-5.945000000000000284e-01 1.000000000000000048e-04 1.139625016076890873e-01 1.000000000000000000e+00
-5.937500000000000000e-01 1.000000000000000048e-04 1.140738294657829832e-01 1.000000000000000000e+00
-5.929999999999999716e-01 1.000000000000000048e-04 1.141851993274185378e-01 1.000000000000000000e+00
-5.922499999999999432e-01 1.000000000000000048e-04 1.142966110781604011e-01 1.000000000000000000e+00
-5.914999999999999147e-01 1.000000000000000048e-04 1.144080646033831389e-01 1.000000000000000000e+00
-5.907499999999998863e-01 1.000000000000000048e-04 1.145195597882717742e-01 1.000000000000000000e+00
-5.899999999999998579e-01 1.000000000000000048e-04 1.146310965178219121e-01 1.000000000000000000e+00
-5.892499999999998295e-01 1.000000000000000048e-04 1.147426746768405448e-01 1.000000000000000000e+00
-5.884999999999998010e-01 1.000000000000000048e-04 1.148542941499461623e-01 1.000000000000000000e+00
-5.877499999999997726e-01 1.000000000000000048e-04 1.149659548215692662e-01 1.000000000000000000e+00
-5.869999999999997442e-01 1.000000000000000048e-04 1.150776565759528552e-01 1.000000000000000000e+00
-5.862499999999997158e-01 1.000000000000000048e-04 1.151893992971526892e-01 1.000000000000000000e+00
-5.854999999999996874e-01 1.000000000000000048e-04 1.153011828690378993e-01 1.000000000000000000e+00
-5.847499999999996589e-01 1.000000000000000048e-04 1.154130071752912795e-01 1.000000000000000000e+00
-5.839999999999996305e-01 1.000000000000000048e-04 1.155248720994097172e-01 1.000000000000000000e+00
-5.832499999999996021e-01 1.000000000000000048e-04 1.156367775247047341e-01 1.000000000000000000e+00
-5.824999999999995737e-01 1.000000000000000048e-04 1.157487233343027777e-01 1.000000000000000000e+00
-5.817499999999995453e-01 1.000000000000000048e-04 1.158607094111457347e-01 1.000000000000000000e+00
-5.809999999999995168e-01 1.000000000000000048e-04 1.159727356379913477e-01 1.000000000000000000e+00
-5.802499999999994884e-01 1.000000000000000048e-04 1.160848018974135754e-01 1.000000000000000000e+00
-5.795000000000003482e-01 1.000000000000000048e-04 1.161969080718030511e-01 1.000000000000000000e+00
-5.787500000000003197e-01 1.000000000000000048e-04 1.163090540433679432e-01 1.000000000000000000e+00
-5.780000000000002913e-01 1.000000000000000048e-04 1.164212396941336353e-01 1.000000000000000000e+00
-5.772500000000002629e-01 1.000000000000000048e-04 1.165334649059435734e-01 1.000000000000000000e+00
-5.765000000000002345e-01 1.000000000000000048e-04 1.166457295604598071e-01 1.000000000000000000e+00
-5.757500000000002061e-01 1.000000000000000048e-04 1.167580335391632806e-01 1.000000000000000000e+00
-5.750000000000001776e-01 1.000000000000000048e-04 1.168703767233542634e-01 1.000000000000000000e+00
-5.742500000000001492e-01 1.000000000000000048e-04 1.169827589941529328e-01 1.000000000000000000e+00
-5.735000000000001208e-01 1.000000000000000048e-04 1.170951802324996377e-01 1.000000000000000000e+00
-5.727500000000000924e-01 1.000000000000000048e-04 1.172076403191555233e-01 1.000000000000000000e+00
-5.720000000000000639e-01 1.000000000000000048e-04 1.173201391347028777e-01 1.000000000000000000e+00
-5.712500000000000355e-01 1.000000000000000048e-04 1.174326765595456734e-01 1.000000000000000000e+00
-5.705000000000000071e-01 1.000000000000000048e-04 1.175452524739098170e-01 1.000000000000000000e+00
-5.697499999999999787e-01 1.000000000000000048e-04 1.176578667578440096e-01 1.000000000000000000e+00
-5.689999999999999503e-01 1.000000000000000048e-04 1.177705192912197329e-01 1.000000000000000000e+00
-5.682499999999999218e-01 1.000000000000000048e-04 1.178832099537320405e-01 1.000000000000000000e+00
-5.674999999999998934e-01 1.000000000000000048e-04 1.179959386248999043e-01 1.000000000000000000e+00
-5.667499999999998650e-01 1.000000000000000048e-04 1.181087051840666868e-01 1.000000000000000000e+00
-5.659999999999998366e-01 1.000000000000000048e-04 1.182215095104005992e-01 1.000000000000000000e+00
-5.652499999999998082e-01 1.000000000000000048e-04 1.183343514828952697e-01 1.000000000000000000e+00
-5.644999999999997797e-01 1.000000000000000048e-04 1.184472309803700080e-01 1.000000000000000000e+00
-5.637499999999997513e-01 1.000000000000000048e-04 1.185601478814704568e-01 1.000000000000000000e+00
-5.629999999999997229e-01 1.000000000000000048e-04 1.186731020646690227e-01 1.000000000000000000e+00
-5.622499999999996945e-01 1.000000000000000048e-04 1.187860934082652919e-01 1.000000000000000000e+00
-5.614999999999996660e-01 1.000000000000000048e-04 1.188991217903865860e-01 1.000000000000000000e+00
-5.607499999999996376e-01 1.000000000000000048e-04 1.190121870889884192e-01 1.000000000000000000e+00
-5.599999999999996092e-01 1.000000000000000048e-04 1.191252891818549015e-01 1.000000000000000000e+00
-5.592499999999995808e-01 1.000000000000000048e-04 1.192384279465993069e-01 1.000000000000000000e+00
-5.584999999999995524e-01 1.000000000000000048e-04 1.193516032606646293e-01 1.000000000000000000e+00
-5.577499999999995239e-01 1.000000000000000048e-04 1.194648150013238042e-01 1.000000000000000000e+00
-5.569999999999994955e-01 1.000000000000000048e-04 1.195780630456804994e-01 1.000000000000000000e+00
-5.562499999999994671e-01 1.000000000000000048e-04 1.196913472706693654e-01 1.000000000000000000e+00
-5.555000000000003268e-01 1.000000000000000048e-04 1.198046675530566318e-01 1.000000000000000000e+00
-5.547500000000002984e-01 1.000000000000000048e-04 1.199180237694408568e-01 1.000000000000000000e+00
-5.540000000000002700e-01 1.000000000000000048e-04 1.200314157962527745e-01 1.000000000000000000e+00
-5.532500000000002416e-01 1.000000000000000048e-04 1.201448435097563494e-01 1.000000000000000000e+00
-5.525000000000002132e-01 1.000000000000000048e-04 1.202583067860491239e-01 1.000000000000000000e+00
-5.517500000000001847e-01 1.000000000000000048e-04 1.203718055010626758e-01 1.000000000000000000e+00
-5.510000000000001563e-01 1.000000000000000048e-04 1.204853395305630348e-01 1.000000000000000000e+00
-5.502500000000001279e-01 1.000000000000000048e-04 1.205989087501513762e-01 1.000000000000000000e+00
-5.495000000000000995e-01 1.000000000000000048e-04 1.207125130352644099e-01 1.000000000000000000e+00
-5.487500000000000711e-01 1.000000000000000048e-04 1.208261522611749073e-01 1.000000000000000000e+00
-5.480000000000000426e-01 1.000000000000000048e-04 1.209398263029921733e-01 1.000000000000000000e+00
-5.472500000000000142e-01 1.000000000000000048e-04 1.210535350356626155e-01 1.000000000000000000e+00
-5.464999999999999858e-01 1.000000000000000048e-04 1.211672783339702020e-01 1.000000000000000000e+00
-5.457499999999999574e-01 1.000000000000000048e-04 1.212810560725370163e-01 1.000000000000000000e+00
-5.449999999999999289e-01 1.000000000000000048e-04 1.213948681258236878e-01 1.000000000000000000e+00
-5.442499999999999005e-01 1.000000000000000048e-04 1.215087143681300441e-01 1.000000000000000000e+00
-5.434999999999998721e-01 1.000000000000000048e-04 1.216225946735954577e-01 1.000000000000000000e+00
-5.427499999999998437e-01 1.000000000000000048e-04 1.217365089161995401e-01 1.000000000000000000e+00
-5.419999999999998153e-01 1.000000000000000048e-04 1.218504569697624884e-01 1.000000000000000000e+00
-5.412499999999997868e-01 1.000000000000000048e-04 1.219644387079457520e-01 1.000000000000000000e+00
-5.404999999999997584e-01 1.000000000000000048e-04 1.220784540042524208e-01 1.000000000000000000e+00
-5.397499999999997300e-01 1.000000000000000048e-04 1.221925027320280022e-01 1.000000000000000000e+00
-5.389999999999997016e-01 1.000000000000000048e-04 1.223065847644604215e-01 1.000000000000000000e+00
-5.382499999999996732e-01 1.000000000000000048e-04 1.224206999745812430e-01 1.000000000000000000e+00
-5.374999999999996447e-01 1.000000000000000048e-04 1.225348482352656837e-01 1.000000000000000000e+00
-5.367499999999996163e-01 1.000000000000000048e-04 1.226490294192332381e-01 1.000000000000000000e+00
-5.359999999999995879e-01 1.000000000000000048e-04 1.227632433990484273e-01 1.000000000000000000e+00
-5.352499999999995595e-01 1.000000000000000048e-04 1.228774900471210352e-01 1.000000000000000000e+00
-5.344999999999995310e-01 1.000000000000000048e-04 1.229917692357068854e-01 1.000000000000000000e+00
-5.337499999999995026e-01 1.000000000000000048e-04 1.231060808369082438e-01 1.000000000000000000e+00
-5.329999999999994742e-01 1.000000000000000048e-04 1.232204247226743737e-01 1.000000000000000000e+00
-5.322500000000003340e-01 1.000000000000000048e-04 1.233348007648020078e-01 1.000000000000000000e+00
-5.315000000000003055e-01 1.000000000000000048e-04 1.234492088349363192e-01 1.000000000000000000e+00
-5.307500000000002771e-01 1.000000000000000048e-04 1.235636488045707276e-01 1.000000000000000000e+00
-5.300000000000002487e-01 1.000000000000000048e-04 1.236781205450479398e-01 1.000000000000000000e+00
-5.292500000000002203e-01 1.000000000000000048e-04 1.237926239275604495e-01 1.000000000000000000e+00
-5.285000000000001918e-01 1.000000000000000048e-04 1.239071588231509535e-01 1.000000000000000000e+00
-5.277500000000001634e-01 1.000000000000000048e-04 1.240217251027130319e-01 1.000000000000000000e+00
-5.270000000000001350e-01 1.000000000000000048e-04 1.241363226369915362e-01 1.000000000000000000e+00
-5.262500000000001066e-01 1.000000000000000048e-04 1.242509512965832702e-01 1.000000000000000000e+00
-5.255000000000000782e-01 1.000000000000000048e-04 1.243656109519375302e-01 1.000000000000000000e+00
-5.247500000000000497e-01 1.000000000000000048e-04 1.244803014733566610e-01 1.000000000000000000e+00
-5.240000000000000213e-01 1.000000000000000048e-04 1.245950227309964714e-01 1.000000000000000000e+00
-5.232499999999999929e-01 1.000000000000000048e-04 1.247097745948669983e-01 1.000000000000000000e+00
-5.224999999999999645e-01 1.000000000000000048e-04 1.248245569348329365e-01 1.000000000000000000e+00
-5.217499999999999361e-01 1.000000000000000048e-04 1.249393696206142212e-01 1.000000000000000000e+00
-5.209999999999999076e-01 1.000000000000000048e-04 1.250542125217865841e-01 1.000000000000000000e+00
-5.202499999999998792e-01 1.000000000000000048e-04 1.251690855077821907e-01 1.000000000000000000e+00
-5.194999999999998508e-01 1.000000000000000048e-04 1.252839884478900156e-01 1.000000000000000000e+00
-5.187499999999998224e-01 1.000000000000000048e-04 1.253989212112567309e-01 1.000000000000000000e+00
-5.179999999999997939e-01 1.000000000000000048e-04 1.255138836668868441e-01 1.000000000000000000e+00
-5.172499999999997655e-01 1.000000000000000048e-04 1.256288756836436704e-01 1.000000000000000000e+00
-5.164999999999997371e-01 1.000000000000000048e-04 1.257438971302496100e-01 1.000000000000000000e+00
-5.157499999999997087e-01 1.000000000000000048e-04 1.258589478752869528e-01 1.000000000000000000e+00
-5.149999999999996803e-01 1.000000000000000048e-04 1.259740277871981562e-01 1.000000000000000000e+00
-5.142499999999996518e-01 1.000000000000000048e-04 1.260891367342868719e-01 1.000000000000000000e+00
-5.134999999999996234e-01 1.000000000000000048e-04 1.262042745847180014e-01 1.000000000000000000e+00
-5.127499999999995950e-01 1.000000000000000048e-04 1.263194412065185290e-01 1.000000000000000000e+00
-5.119999999999995666e-01 1.000000000000000048e-04 1.264346364675782708e-01 1.000000000000000000e+00
-5.112499999999995381e-01 1.000000000000000048e-04 1.265498602356500968e-01 1.000000000000000000e+00
-5.104999999999995097e-01 1.000000000000000048e-04 1.266651123783507360e-01 1.000000000000000000e+00
-5.097499999999994813e-01 1.000000000000000048e-04 1.267803927631613314e-01 1.000000000000000000e+00
-5.090000000000003411e-01 1.000000000000000048e-04 1.268957012574277454e-01 1.000000000000000000e+00
-5.082500000000003126e-01 1.000000000000000048e-04 1.270110377283620029e-01 1.000000000000000000e+00
-5.075000000000002842e-01 1.000000000000000048e-04 1.271264020430416808e-01 1.000000000000000000e+00
-5.067500000000002558e-01 1.000000000000000048e-04 1.272417940684113236e-01 1.000000000000000000e+00
-5.060000000000002274e-01 1.000000000000000048e-04 1.273572136712827207e-01 1.000000000000000000e+00
-5.052500000000001990e-01 1.000000000000000048e-04 1.274726607183356286e-01 1.000000000000000000e+00
-5.045000000000001705e-01 1.000000000000000048e-04 1.275881350761182698e-01 1.000000000000000000e+00
-5.037500000000001421e-01 1.000000000000000048e-04 1.277036366110479715e-01 1.000000000000000000e+00
-5.030000000000001137e-01 1.000000000000000048e-04 1.278191651894116931e-01 1.000000000000000000e+00
-5.022500000000000853e-01 1.000000000000000048e-04 1.279347206773667756e-01 1.000000000000000000e+00
-5.015000000000000568e-01 1.000000000000000048e-04 1.280503029409413296e-01 1.000000000000000000e+00
-5.007500000000000284e-01 1.000000000000000048e-04 1.281659118460349578e-01 1.000000000000000000e+00
-5.000000000000000000e-01 1.000000000000000048e-04 1.282815472584193928e-01 1.000000000000000000e+00
-4.992499999999999716e-01 1.000000000000000048e-04 1.283972090437389690e-01 1.000000000000000000e+00
-4.984999999999999432e-01 1.000000000000000048e-04 1.285128970675113169e-01 1.000000000000000000e+00
-4.977499999999999147e-01 1.000000000000000048e-04 1.286286111951279731e-01 1.000000000000000000e+00
-4.969999999999998863e-01 1.000000000000000048e-04 1.287443512918549360e-01 1.000000000000000000e+00
-4.962499999999998579e-01 1.000000000000000048e-04 1.288601172228332203e-01 1.000000000000000000e+00
-4.954999999999998295e-01 1.000000000000000048e-04 1.289759088530796349e-01 1.000000000000000000e+00
-4.947499999999998010e-01 1.000000000000000048e-04 1.290917260474871986e-01 1.000000000000000000e+00
-4.939999999999997726e-01 1.000000000000000048e-04 1.292075686708259452e-01 1.000000000000000000e+00
-4.932499999999997442e-01 1.000000000000000048e-04 1.293234365877433123e-01 1.000000000000000000e+00
-4.924999999999997158e-01 1.000000000000000048e-04 1.294393296627648904e-01 1.000000000000000000e+00
-4.917499999999996874e-01 1.000000000000000048e-04 1.295552477602950614e-01 1.000000000000000000e+00
-4.909999999999996589e-01 1.000000000000000048e-04 1.296711907446176093e-01 1.000000000000000000e+00
-4.902499999999996305e-01 1.000000000000000048e-04 1.297871584798961087e-01 1.000000000000000000e+00
-4.894999999999996021e-01 1.000000000000000048e-04 1.299031508301748405e-01 1.000000000000000000e+00
-4.887499999999995737e-01 1.000000000000000048e-04 1.300191676593793755e-01 1.000000000000000000e+00
-4.879999999999995453e-01 1.000000000000000048e-04 1.301352088313169064e-01 1.000000000000000000e+00
-4.872499999999995168e-01 1.000000000000000048e-04 1.302512742096772480e-01 1.000000000000000000e+00
-4.864999999999994884e-01 1.000000000000000048e-04 1.303673636580331696e-01 1.000000000000000000e+00
-4.857500000000003482e-01 1.000000000000000048e-04 1.304834770398410615e-01 1.000000000000000000e+00
-4.850000000000003197e-01 1.000000000000000048e-04 1.305996142184420172e-01 1.000000000000000000e+00
-4.842500000000002913e-01 1.000000000000000048e-04 1.307157750570615840e-01 1.000000000000000000e+00
-4.835000000000002629e-01 1.000000000000000048e-04 1.308319594188110946e-01 1.000000000000000000e+00
-4.827500000000002345e-01 1.000000000000000048e-04 1.309481671666881397e-01 1.000000000000000000e+00
-4.820000000000002061e-01 1.000000000000000048e-04 1.310643981635768451e-01 1.000000000000000000e+00
-4.812500000000001776e-01 1.000000000000000048e-04 1.311806522722491208e-01 1.000000000000000000e+00
-4.805000000000001492e-01 1.000000000000000048e-04 1.312969293553647721e-01 1.000000000000000000e+00
-4.797500000000001208e-01 1.000000000000000048e-04 1.314132292754723597e-01 1.000000000000000000e+00
-4.790000000000000924e-01 1.000000000000000048e-04 1.315295518950097553e-01 1.000000000000000000e+00
-4.782500000000000639e-01 1.000000000000000048e-04 1.316458970763047798e-01 1.000000000000000000e+00
-4.775000000000000355e-01 1.000000000000000048e-04 1.317622646815760079e-01 1.000000000000000000e+00
-4.767500000000000071e-01 1.000000000000000048e-04 1.318786545729330739e-01 1.000000000000000000e+00
-4.759999999999999787e-01 1.000000000000000048e-04 1.319950666123776983e-01 1.000000000000000000e+00
-4.752499999999999503e-01 1.000000000000000048e-04 1.321115006618039101e-01 1.000000000000000000e+00
-4.744999999999999218e-01 1.000000000000000048e-04 1.322279565829990455e-01 1.000000000000000000e+00
-4.737499999999998934e-01 1.000000000000000048e-04 1.323444342376442207e-01 1.000000000000000000e+00
-4.729999999999998650e-01 1.000000000000000048e-04 1.324609334873149413e-01 1.000000000000000000e+00
-4.722499999999998366e-01 1.000000000000000048e-04 1.325774541934818807e-01 1.000000000000000000e+00
-4.714999999999998082e-01 1.000000000000000048e-04 1.326939962175114063e-01 1.000000000000000000e+00
-4.707499999999997797e-01 1.000000000000000048e-04 1.328105594206663020e-01 1.000000000000000000e+00
-4.699999999999997513e-01 1.000000000000000048e-04 1.329271436641062676e-01 1.000000000000000000e+00
-4.692499999999997229e-01 1.000000000000000048e-04 1.330437488088886955e-01 1.000000000000000000e+00
-4.684999999999996945e-01 1.000000000000000048e-04 1.331603747159695039e-01 1.000000000000000000e+00
-4.677499999999996660e-01 1.000000000000000048e-04 1.332770212462033033e-01 1.000000000000000000e+00
-4.669999999999996376e-01 1.000000000000000048e-04 1.333936882603444507e-01 1.000000000000000000e+00
-4.662499999999996092e-01 1.000000000000000048e-04 1.335103756190475499e-01 1.000000000000000000e+00
-4.654999999999995808e-01 1.000000000000000048e-04 1.336270831828681449e-01 1.000000000000000000e+00
-4.647499999999995524e-01 1.000000000000000048e-04 1.337438108122633584e-01 1.000000000000000000e+00
-4.639999999999995239e-01 1.000000000000000048e-04 1.338605583675925026e-01 1.000000000000000000e+00
-4.632499999999994955e-01 1.000000000000000048e-04 1.339773257091178005e-01 1.000000000000000000e+00
-4.624999999999994671e-01 1.000000000000000048e-04 1.340941126970050523e-01 1.000000000000000000e+00
-4.617500000000003268e-01 1.000000000000000048e-04 1.342109191913240518e-01 1.000000000000000000e+00
-4.610000000000002984e-01 1.000000000000000048e-04 1.343277450520498628e-01 1.000000000000000000e+00
-4.602500000000002700e-01 1.000000000000000048e-04 1.344445901390627085e-01 1.000000000000000000e+00
-4.595000000000002416e-01 1.000000000000000048e-04 1.345614543121490814e-01 1.000000000000000000e+00
-4.587500000000002132e-01 1.000000000000000048e-04 1.346783374310023262e-01 1.000000000000000000e+00
-4.580000000000001847e-01 1.000000000000000048e-04 1.347952393552232786e-01 1.000000000000000000e+00
-4.572500000000001563e-01 1.000000000000000048e-04 1.349121599443209862e-01 1.000000000000000000e+00
-4.565000000000001279e-01 1.000000000000000048e-04 1.350290990577132089e-01 1.000000000000000000e+00
-4.557500000000000995e-01 1.000000000000000048e-04 1.351460565547273340e-01 1.000000000000000000e+00
-4.550000000000000711e-01 1.000000000000000048e-04 1.352630322946007657e-01 1.000000000000000000e+00
-4.542500000000000426e-01 1.000000000000000048e-04 1.353800261364818958e-01 1.000000000000000000e+00
-4.535000000000000142e-01 1.000000000000000048e-04 1.354970379394304647e-01 1.000000000000000000e+00
-4.527499999999999858e-01 1.000000000000000048e-04 1.356140675624184222e-01 1.000000000000000000e+00
-4.519999999999999574e-01 1.000000000000000048e-04 1.357311148643305931e-01 1.000000000000000000e+00
-4.512499999999999289e-01 1.000000000000000048e-04 1.358481797039651773e-01 1.000000000000000000e+00
-4.504999999999999005e-01 1.000000000000000048e-04 1.359652619400347207e-01 1.000000000000000000e+00
-4.497499999999998721e-01 1.000000000000000048e-04 1.360823614311665042e-01 1.000000000000000000e+00
-4.489999999999998437e-01 1.000000000000000048e-04 1.361994780359033486e-01 1.000000000000000000e+00
-4.482499999999998153e-01 1.000000000000000048e-04 1.363166116127042249e-01 1.000000000000000000e+00
-4.474999999999997868e-01 1.000000000000000048e-04 1.364337620199450596e-01 1.000000000000000000e+00
-4.467499999999997584e-01 1.000000000000000048e-04 1.365509291159192617e-01 1.000000000000000000e+00
-4.459999999999997300e-01 1.000000000000000048e-04 1.366681127588384448e-01 1.000000000000000000e+00
-4.452499999999997016e-01 1.000000000000000048e-04 1.367853128068331758e-01 1.000000000000000000e+00
-4.444999999999996732e-01 1.000000000000000048e-04 1.369025291179535586e-01 1.000000000000000000e+00
-4.437499999999996447e-01 1.000000000000000048e-04 1.370197615501699828e-01 1.000000000000000000e+00
-4.429999999999996163e-01 1.000000000000000048e-04 1.371370099613736238e-01 1.000000000000000000e+00
-4.422499999999995879e-01 1.000000000000000048e-04 1.372542742093775248e-01 1.000000000000000000e+00
-4.414999999999995595e-01 1.000000000000000048e-04 1.373715541519169026e-01 1.000000000000000000e+00
-4.407499999999995310e-01 1.000000000000000048e-04 1.374888496466498689e-01 1.000000000000000000e+00
-4.399999999999995026e-01 1.000000000000000048e-04 1.376061605511582908e-01 1.000000000000000000e+00
-4.392499999999994742e-01 1.000000000000000048e-04 1.377234867229484017e-01 1.000000000000000000e+00
-4.385000000000003340e-01 1.000000000000000048e-04 1.378408280194513280e-01 1.000000000000000000e+00
-4.377500000000003055e-01 1.000000000000000048e-04 1.379581842980241724e-01 1.000000000000000000e+00
-4.370000000000002771e-01 1.000000000000000048e-04 1.380755554159502074e-01 1.000000000000000000e+00
-4.362500000000002487e-01 1.000000000000000048e-04 1.381929412304398475e-01 1.000000000000000000e+00
-4.355000000000002203e-01 1.000000000000000048e-04 1.383103415986313700e-01 1.000000000000000000e+00
-4.347500000000001918e-01 1.000000000000000048e-04 1.384277563775913877e-01 1.000000000000000000e+00
-4.340000000000001634e-01 1.000000000000000048e-04 1.385451854243158198e-01 1.000000000000000000e+00
-4.332500000000001350e-01 1.000000000000000048e-04 1.386626285957301974e-01 1.000000000000000000e+00
-4.325000000000001066e-01 1.000000000000000048e-04 1.387800857486909401e-01 1.000000000000000000e+00
-4.317500000000000782e-01 1.000000000000000048e-04 1.388975567399853839e-01 1.000000000000000000e+00
-4.310000000000000497e-01 1.000000000000000048e-04 1.390150414263328360e-01 1.000000000000000000e+00
-4.302500000000000213e-01 1.000000000000000048e-04 1.391325396643854351e-01 1.000000000000000000e+00
-4.294999999999999929e-01 1.000000000000000048e-04 1.392500513107284010e-01 1.000000000000000000e+00
-4.287499999999999645e-01 1.000000000000000048e-04 1.393675762218809788e-01 1.000000000000000000e+00
-4.279999999999999361e-01 1.000000000000000048e-04 1.394851142542972711e-01 1.000000000000000000e+00
-4.272499999999999076e-01 1.000000000000000048e-04 1.396026652643665156e-01 1.000000000000000000e+00
-4.264999999999998792e-01 1.000000000000000048e-04 1.397202291084143067e-01 1.000000000000000000e+00
-4.257499999999998508e-01 1.000000000000000048e-04 1.398378056427028726e-01 1.000000000000000000e+00
-4.249999999999998224e-01 1.000000000000000048e-04 1.399553947234319085e-01 1.000000000000000000e+00
-4.242499999999997939e-01 1.000000000000000048e-04 1.400729962067394363e-01 1.000000000000000000e+00
-4.234999999999997655e-01 1.000000000000000048e-04 1.401906099487021384e-01 1.000000000000000000e+00
-4.227499999999997371e-01 1.000000000000000048e-04 1.403082358053365231e-01 1.000000000000000000e+00
-4.219999999999997087e-01 1.000000000000000048e-04 1.404258736325991463e-01 1.000000000000000000e+00
-4.212499999999996803e-01 1.000000000000000048e-04 1.405435232863877781e-01 1.000000000000000000e+00
-4.204999999999996518e-01 1.000000000000000048e-04 1.406611846225417073e-01 1.000000000000000000e+00
-4.197499999999996234e-01 1.000000000000000048e-04 1.407788574968426298e-01 1.000000000000000000e+00
-4.189999999999995950e-01 1.000000000000000048e-04 1.408965417650154262e-01 1.000000000000000000e+00
-4.182499999999995666e-01 1.000000000000000048e-04 1.410142372827286328e-01 1.000000000000000000e+00
-4.174999999999995381e-01 1.000000000000000048e-04 1.411319439055953306e-01 1.000000000000000000e+00
-4.167499999999995097e-01 1.000000000000000048e-04 1.412496614891739222e-01 1.000000000000000000e+00
-4.159999999999994813e-01 1.000000000000000048e-04 1.413673898889685754e-01 1.000000000000000000e+00
-4.152500000000003411e-01 1.000000000000000048e-04 1.414851289604299733e-01 1.000000000000000000e+00
-4.145000000000003126e-01 1.000000000000000048e-04 1.416028785589565075e-01 1.000000000000000000e+00
-4.137500000000002842e-01 1.000000000000000048e-04 1.417206385398942226e-01 1.000000000000000000e+00
-4.130000000000002558e-01 1.000000000000000048e-04 1.418384087585380371e-01 1.000000000000000000e+00
-4.122500000000002274e-01 1.000000000000000048e-04 1.419561890701322437e-01 1.000000000000000000e+00
-4.115000000000001990e-01 1.000000000000000048e-04 1.420739793298714526e-01 1.000000000000000000e+00
-4.107500000000001705e-01 1.000000000000000048e-04 1.421917793929007856e-01 1.000000000000000000e+00
-4.100000000000001421e-01 1.000000000000000048e-04 1.423095891143173752e-01 1.000000000000000000e+00
-4.092500000000001137e-01 1.000000000000000048e-04 1.424274083491703369e-01 1.000000000000000000e+00
-4.085000000000000853e-01 1.000000000000000048e-04 1.425452369524617680e-01 1.000000000000000000e+00
-4.077500000000000568e-01 1.000000000000000048e-04 1.426630747791476361e-01 1.000000000000000000e+00
-4.070000000000000284e-01 1.000000000000000048e-04 1.427809216841382234e-01 1.000000000000000000e+00
-4.062500000000000000e-01 1.000000000000000048e-04 1.428987775222988754e-01 1.000000000000000000e+00
-4.054999999999999716e-01 1.000000000000000048e-04 1.430166421484508898e-01 1.000000000000000000e+00
-4.047499999999999432e-01 1.000000000000000048e-04 1.431345154173720435e-01 1.000000000000000000e+00
-4.039999999999999147e-01 1.000000000000000048e-04 1.432523971837973698e-01 1.000000000000000000e+00
-4.032499999999998863e-01 1.000000000000000048e-04 1.433702873024199076e-01 1.000000000000000000e+00
-4.024999999999998579e-01 1.000000000000000048e-04 1.434881856278913959e-01 1.000000000000000000e+00
-4.017499999999998295e-01 1.000000000000000048e-04 1.436060920148228837e-01 1.000000000000000000e+00
-4.009999999999998010e-01 1.000000000000000048e-04 1.437240063177856464e-01 1.000000000000000000e+00
-4.002499999999997726e-01 1.000000000000000048e-04 1.438419283913117963e-01 1.000000000000000000e+00
-3.994999999999997442e-01 1.000000000000000048e-04 1.439598580898948654e-01 1.000000000000000000e+00
-3.987499999999997158e-01 1.000000000000000048e-04 1.440777952679908047e-01 1.000000000000000000e+00
-3.979999999999996874e-01 1.000000000000000048e-04 1.441957397800184004e-01 1.000000000000000000e+00
-3.972499999999996589e-01 1.000000000000000048e-04 1.443136914803603010e-01 1.000000000000000000e+00
-3.964999999999996305e-01 1.000000000000000048e-04 1.444316502233634891e-01 1.000000000000000000e+00
-3.957499999999996021e-01 1.000000000000000048e-04 1.445496158633399753e-01 1.000000000000000000e+00
-3.949999999999995737e-01 1.000000000000000048e-04 1.446675882545678526e-01 1.000000000000000000e+00
-3.942499999999995453e-01 1.000000000000000048e-04 1.447855672512916303e-01 1.000000000000000000e+00
-3.934999999999995168e-01 1.000000000000000048e-04 1.449035527077230656e-01 1.000000000000000000e+00
-3.927499999999994884e-01 1.000000000000000048e-04 1.450215444780421081e-01 1.000000000000000000e+00
-3.919999999999994600e-01 1.000000000000000048e-04 1.451395424163972880e-01 1.000000000000000000e+00
-3.912500000000003197e-01 1.000000000000000048e-04 1.452575463769064656e-01 1.000000000000000000e+00
-3.905000000000002913e-01 1.000000000000000048e-04 1.453755562136581081e-01 1.000000000000000000e+00
-3.897500000000002629e-01 1.000000000000000048e-04 1.454935717807112061e-01 1.000000000000000000e+00
-3.890000000000002345e-01 1.000000000000000048e-04 1.456115929320964397e-01 1.000000000000000000e+00
-3.882500000000002061e-01 1.000000000000000048e-04 1.457296195218167889e-01 1.000000000000000000e+00
-3.875000000000001776e-01 1.000000000000000048e-04 1.458476514038483662e-01 1.000000000000000000e+00
-3.867500000000001492e-01 1.000000000000000048e-04 1.459656884321410553e-01 1.000000000000000000e+00
-3.860000000000001208e-01 1.000000000000000048e-04 1.460837304606191211e-01 1.000000000000000000e+00
-3.852500000000000924e-01 1.000000000000000048e-04 1.462017773431822654e-01 1.000000000000000000e+00
-3.845000000000000639e-01 1.000000000000000048e-04 1.463198289337058755e-01 1.000000000000000000e+00
-3.837500000000000355e-01 1.000000000000000048e-04 1.464378850860421910e-01 1.000000000000000000e+00
-3.830000000000000071e-01 1.000000000000000048e-04 1.465559456540207750e-01 1.000000000000000000e+00
-3.822499999999999787e-01 1.000000000000000048e-04 1.466740104914493192e-01 1.000000000000000000e+00
-3.814999999999999503e-01 1.000000000000000048e-04 1.467920794521143102e-01 1.000000000000000000e+00
-3.807499999999999218e-01 1.000000000000000048e-04 1.469101523897817785e-01 1.000000000000000000e+00
-3.799999999999998934e-01 1.000000000000000048e-04 1.470282291581981871e-01 1.000000000000000000e+00
-3.792499999999998650e-01 1.000000000000000048e-04 1.471463096110908475e-01 1.000000000000000000e+00
-3.784999999999998366e-01 1.000000000000000048e-04 1.472643936021688360e-01 1.000000000000000000e+00
-3.777499999999998082e-01 1.000000000000000048e-04 1.473824809851236872e-01 1.000000000000000000e+00
-3.769999999999997797e-01 1.000000000000000048e-04 1.475005716136301714e-01 1.000000000000000000e+00
-3.762499999999997513e-01 1.000000000000000048e-04 1.476186653413469330e-01 1.000000000000000000e+00
-3.754999999999997229e-01 1.000000000000000048e-04 1.477367620219171562e-01 1.000000000000000000e+00
-3.747499999999996945e-01 1.000000000000000048e-04 1.478548615089695650e-01 1.000000000000000000e+00
-3.739999999999996660e-01 1.000000000000000048e-04 1.479729636561188388e-01 1.000000000000000000e+00
-3.732499999999996376e-01 1.000000000000000048e-04 1.480910683169663622e-01 1.000000000000000000e+00
-3.724999999999996092e-01 1.000000000000000048e-04 1.482091753451013627e-01 1.000000000000000000e+00
-3.717499999999995808e-01 1.000000000000000048e-04 1.483272845941010498e-01 1.000000000000000000e+00
-3.709999999999995524e-01 1.000000000000000048e-04 1.484453959175316973e-01 1.000000000000000000e+00
-3.702499999999995239e-01 1.000000000000000048e-04 1.485635091689492537e-01 1.000000000000000000e+00
-3.694999999999994955e-01 1.000000000000000048e-04 1.486816242019002587e-01 1.000000000000000000e+00
-3.687499999999994671e-01 1.000000000000000048e-04 1.487997408699222313e-01 1.000000000000000000e+00
-3.680000000000003268e-01 1.000000000000000048e-04 1.489178590265445301e-01 1.000000000000000000e+00
-3.672500000000002984e-01 1.000000000000000048e-04 1.490359785252896030e-01 1.000000000000000000e+00
-3.665000000000002700e-01 1.000000000000000048e-04 1.491540992196726256e-01 1.000000000000000000e+00
-3.657500000000002416e-01 1.000000000000000048e-04 1.492722209632031394e-01 1.000000000000000000e+00
-3.650000000000002132e-01 1.000000000000000048e-04 1.493903436093854953e-01 1.000000000000000000e+00
-3.642500000000001847e-01 1.000000000000000048e-04 1.495084670117194925e-01 1.000000000000000000e+00
-3.635000000000001563e-01 1.000000000000000048e-04 1.496265910237011554e-01 1.000000000000000000e+00
-3.627500000000001279e-01 1.000000000000000048e-04 1.497447154988236218e-01 1.000000000000000000e+00
-3.620000000000000995e-01 1.000000000000000048e-04 1.498628402905776147e-01 1.000000000000000000e+00
-3.612500000000000711e-01 1.000000000000000048e-04 1.499809652524522752e-01 1.000000000000000000e+00
-3.605000000000000426e-01 1.000000000000000048e-04 1.500990902379359671e-01 1.000000000000000000e+00
-3.597500000000000142e-01 1.000000000000000048e-04 1.502172151005168876e-01 1.000000000000000000e+00
-3.589999999999999858e-01 1.000000000000000048e-04 1.503353396936838726e-01 1.000000000000000000e+00
-3.582499999999999574e-01 1.000000000000000048e-04 1.504534638709271177e-01 1.000000000000000000e+00
-3.574999999999999289e-01 1.000000000000000048e-04 1.505715874857388170e-01 1.000000000000000000e+00
-3.567499999999999005e-01 1.000000000000000048e-04 1.506897103916139957e-01 1.000000000000000000e+00
-3.559999999999998721e-01 1.000000000000000048e-04 1.508078324420512040e-01 1.000000000000000000e+00
-3.552499999999998437e-01 1.000000000000000048e-04 1.509259534905532385e-01 1.000000000000000000e+00
-3.544999999999998153e-01 1.000000000000000048e-04 1.510440733906277810e-01 1.000000000000000000e+00
-3.537499999999997868e-01 1.000000000000000048e-04 1.511621919957883420e-01 1.000000000000000000e+00
-3.529999999999997584e-01 1.000000000000000048e-04 1.512803091595547322e-01 1.000000000000000000e+00
-3.522499999999997300e-01 1.000000000000000048e-04 1.513984247354540624e-01 1.000000000000000000e+00
-3.514999999999997016e-01 1.000000000000000048e-04 1.515165385770211315e-01 1.000000000000000000e+00
-3.507499999999996732e-01 1.000000000000000048e-04 1.516346505377995646e-01 1.000000000000000000e+00
-3.499999999999996447e-01 1.000000000000000048e-04 1.517527604713420630e-01 1.000000000000000000e+00
-3.492499999999996163e-01 1.000000000000000048e-04 1.518708682312115976e-01 1.000000000000000000e+00
-3.484999999999995879e-01 1.000000000000000048e-04 1.519889736709818251e-01 1.000000000000000000e+00
-3.477499999999995595e-01 1.000000000000000048e-04 1.521070766442378930e-01 1.000000000000000000e+00
-3.469999999999995310e-01 1.000000000000000048e-04 1.522251770045772445e-01 1.000000000000000000e+00
-3.462499999999995026e-01 1.000000000000000048e-04 1.523432746056102294e-01 1.000000000000000000e+00
-3.454999999999994742e-01 1.000000000000000048e-04 1.524613693009608806e-01 1.000000000000000000e+00
-3.447500000000003340e-01 1.000000000000000048e-04 1.525794609442676086e-01 1.000000000000000000e+00
-3.440000000000003055e-01 1.000000000000000048e-04 1.526975493891842561e-01 1.000000000000000000e+00
-3.432500000000002771e-01 1.000000000000000048e-04 1.528156344893800700e-01 1.000000000000000000e+00
-3.425000000000002487e-01 1.000000000000000048e-04 1.529337160985411725e-01 1.000000000000000000e+00
-3.417500000000002203e-01 1.000000000000000048e-04 1.530517940703709501e-01 1.000000000000000000e+00
-3.410000000000001918e-01 1.000000000000000048e-04 1.531698682585907467e-01 1.000000000000000000e+00
-3.402500000000001634e-01 1.000000000000000048e-04 1.532879385169407249e-01 1.000000000000000000e+00
-3.395000000000001350e-01 1.000000000000000048e-04 1.534060046991805315e-01 1.000000000000000000e+00
-3.387500000000001066e-01 1.000000000000000048e-04 1.535240666590900194e-01 1.000000000000000000e+00
-3.380000000000000782e-01 1.000000000000000048e-04 1.536421242504699691e-01 1.000000000000000000e+00
-3.372500000000000497e-01 1.000000000000000048e-04 1.537601773271427552e-01 1.000000000000000000e+00
-3.365000000000000213e-01 1.000000000000000048e-04 1.538782257429532896e-01 1.000000000000000000e+00
-3.357499999999999929e-01 1.000000000000000048e-04 1.539962693517694103e-01 1.000000000000000000e+00
-3.349999999999999645e-01 1.000000000000000048e-04 1.541143080074828808e-01 1.000000000000000000e+00
-3.342499999999999361e-01 1.000000000000000048e-04 1.542323415640100004e-01 1.000000000000000000e+00
-3.334999999999999076e-01 1.000000000000000048e-04 1.543503698752923259e-01 1.000000000000000000e+00
-3.327499999999998792e-01 1.000000000000000048e-04 1.544683927952973934e-01 1.000000000000000000e+00
-3.319999999999998508e-01 1.000000000000000048e-04 1.545864101780194677e-01 1.000000000000000000e+00
-3.312499999999998224e-01 1.000000000000000048e-04 1.547044218774802915e-01 1.000000000000000000e+00
-3.304999999999997939e-01 1.000000000000000048e-04 1.548224277477295852e-01 1.000000000000000000e+00
-3.297499999999997655e-01 1.000000000000000048e-04 1.549404276428462124e-01 1.000000000000000000e+00
-3.289999999999997371e-01 1.000000000000000048e-04 1.550584214169384301e-01 1.000000000000000000e+00
-3.282499999999997087e-01 1.000000000000000048e-04 1.551764089241449429e-01 1.000000000000000000e+00
-3.274999999999996803e-01 1.000000000000000048e-04 1.552943900186354309e-01 1.000000000000000000e+00
-3.267499999999996518e-01 1.000000000000000048e-04 1.554123645546112709e-01 1.000000000000000000e+00
-3.259999999999996234e-01 1.000000000000000048e-04 1.555303323863064524e-01 1.000000000000000000e+00
-3.252499999999995950e-01 1.000000000000000048e-04 1.556482933679880776e-01 1.000000000000000000e+00
-3.244999999999995666e-01 1.000000000000000048e-04 1.557662473539571657e-01 1.000000000000000000e+00
-3.237499999999995381e-01 1.000000000000000048e-04 1.558841941985494028e-01 1.000000000000000000e+00
-3.229999999999995097e-01 1.000000000000000048e-04 1.560021337561358079e-01 1.000000000000000000e+00
-3.222499999999994813e-01 1.000000000000000048e-04 1.561200658811234820e-01 1.000000000000000000e+00
-3.215000000000003411e-01 1.000000000000000048e-04 1.562379904279561083e-01 1.000000000000000000e+00
-3.207500000000003126e-01 1.000000000000000048e-04 1.563559072511153669e-01 1.000000000000000000e+00
-3.200000000000002842e-01 1.000000000000000048e-04 1.564738162051207415e-01 1.000000000000000000e+00
-3.192500000000002558e-01 1.000000000000000048e-04 1.565917171445307676e-01 1.000000000000000000e+00
-3.185000000000002274e-01 1.000000000000000048e-04 1.567096099239435603e-01 1.000000000000000000e+00
-3.177500000000001990e-01 1.000000000000000048e-04 1.568274943979977576e-01 1.000000000000000000e+00
-3.170000000000001705e-01 1.000000000000000048e-04 1.569453704213729650e-01 1.000000000000000000e+00
-3.162500000000001421e-01 1.000000000000000048e-04 1.570632378487905600e-01 1.000000000000000000e+00
-3.155000000000001137e-01 1.000000000000000048e-04 1.571810965350145528e-01 1.000000000000000000e+00
-3.147500000000000853e-01 1.000000000000000048e-04 1.572989463348520855e-01 1.000000000000000000e+00
-3.140000000000000568e-01 1.000000000000000048e-04 1.574167871031542099e-01 1.000000000000000000e+00
-3.132500000000000284e-01 1.000000000000000048e-04 1.575346186948166916e-01 1.000000000000000000e+00
-3.125000000000000000e-01 1.000000000000000048e-04 1.576524409647806768e-01 1.000000000000000000e+00
-3.117499999999999716e-01 1.000000000000000048e-04 1.577702537680332751e-01 1.000000000000000000e+00
-3.109999999999999432e-01 1.000000000000000048e-04 1.578880569596085304e-01 1.000000000000000000e+00
-3.102499999999999147e-01 1.000000000000000048e-04 1.580058503945878101e-01 1.000000000000000000e+00
-3.094999999999998863e-01 1.000000000000000048e-04 1.581236339281008596e-01 1.000000000000000000e+00
-3.087499999999998579e-01 1.000000000000000048e-04 1.582414074153261907e-01 1.000000000000000000e+00
-3.079999999999998295e-01 1.000000000000000048e-04 1.583591707114919700e-01 1.000000000000000000e+00
-3.072499999999998010e-01 1.000000000000000048e-04 1.584769236718768237e-01 1.000000000000000000e+00
-3.064999999999997726e-01 1.000000000000000048e-04 1.585946661518102263e-01 1.000000000000000000e+00
-3.057499999999997442e-01 1.000000000000000048e-04 1.587123980066735274e-01 1.000000000000000000e+00
-3.049999999999997158e-01 1.000000000000000048e-04 1.588301190919005346e-01 1.000000000000000000e+00
-3.042499999999996874e-01 1.000000000000000048e-04 1.589478292629780964e-01 1.000000000000000000e+00
-3.034999999999996589e-01 1.000000000000000048e-04 1.590655283754470739e-01 1.000000000000000000e+00
-3.027499999999996305e-01 1.000000000000000048e-04 1.591832162849027565e-01 1.000000000000000000e+00
-3.019999999999996021e-01 1.000000000000000048e-04 1.593008928469958618e-01 1.000000000000000000e+00
-3.012499999999995737e-01 1.000000000000000048e-04 1.594185579174329792e-01 1.000000000000000000e+00
-3.004999999999995453e-01 1.000000000000000048e-04 1.595362113519774583e-01 1.000000000000000000e+00
-2.997499999999995168e-01 1.000000000000000048e-04 1.596538530064499084e-01 1.000000000000000000e+00
-2.989999999999994884e-01 1.000000000000000048e-04 1.597714827367291424e-01 1.000000000000000000e+00
-2.982499999999994600e-01 1.000000000000000048e-04 1.598891003987528148e-01 1.000000000000000000e+00
-2.975000000000003197e-01 1.000000000000000048e-04 1.600067058485177274e-01 1.000000000000000000e+00
-2.967500000000002913e-01 1.000000000000000048e-04 1.601242989420815221e-01 1.000000000000000000e+00
-2.960000000000002629e-01 1.000000000000000048e-04 1.602418795355621262e-01 1.000000000000000000e+00
-2.952500000000002345e-01 1.000000000000000048e-04 1.603594474851393614e-01 1.000000000000000000e+00
-2.945000000000002061e-01 1.000000000000000048e-04 1.604770026470551947e-01 1.000000000000000000e+00
-2.937500000000001776e-01 1.000000000000000048e-04 1.605945448776147089e-01 1.000000000000000000e+00
-2.930000000000001492e-01 1.000000000000000048e-04 1.607120740331865749e-01 1.000000000000000000e+00
-2.922500000000001208e-01 1.000000000000000048e-04 1.608295899702038845e-01 1.000000000000000000e+00
-2.915000000000000924e-01 1.000000000000000048e-04 1.609470925451648715e-01 1.000000000000000000e+00
-2.907500000000000639e-01 1.000000000000000048e-04 1.610645816146333842e-01 1.000000000000000000e+00
-2.900000000000000355e-01 1.000000000000000048e-04 1.611820570352399395e-01 1.000000000000000000e+00
-2.892500000000000071e-01 1.000000000000000048e-04 1.612995186636820288e-01 1.000000000000000000e+00
-2.884999999999999787e-01 1.000000000000000048e-04 1.614169663567251445e-01 1.000000000000000000e+00
-2.877499999999999503e-01 1.000000000000000048e-04 1.615343999712032241e-01 1.000000000000000000e+00
-2.869999999999999218e-01 1.000000000000000048e-04 1.616518193640195389e-01 1.000000000000000000e+00
-2.862499999999998934e-01 1.000000000000000048e-04 1.617692243921471373e-01 1.000000000000000000e+00
-2.854999999999998650e-01 1.000000000000000048e-04 1.618866149126300114e-01 1.000000000000000000e+00
-2.847499999999998366e-01 1.000000000000000048e-04 1.620039907825829573e-01 1.000000000000000000e+00
-2.839999999999998082e-01 1.000000000000000048e-04 1.621213518591932967e-01 1.000000000000000000e+00
-2.832499999999997797e-01 1.000000000000000048e-04 1.622386979997207379e-01 1.000000000000000000e+00
-2.824999999999997513e-01 1.000000000000000048e-04 1.623560290614983470e-01 1.000000000000000000e+00
-2.817499999999997229e-01 1.000000000000000048e-04 1.624733449019334364e-01 1.000000000000000000e+00
-2.809999999999996945e-01 1.000000000000000048e-04 1.625906453785079253e-01 1.000000000000000000e+00
-2.802499999999996660e-01 1.000000000000000048e-04 1.627079303487792561e-01 1.000000000000000000e+00
-2.794999999999996376e-01 1.000000000000000048e-04 1.628251996703808380e-01 1.000000000000000000e+00
-2.787499999999996092e-01 1.000000000000000048e-04 1.629424532010230742e-01 1.000000000000000000e+00
-2.779999999999995808e-01 1.000000000000000048e-04 1.630596907984937227e-01 1.000000000000000000e+00
-2.772499999999995524e-01 1.000000000000000048e-04 1.631769123206587568e-01 1.000000000000000000e+00
-2.764999999999995239e-01 1.000000000000000048e-04 1.632941176254629756e-01 1.000000000000000000e+00
-2.757499999999994955e-01 1.000000000000000048e-04 1.634113065709307533e-01 1.000000000000000000e+00
-2.749999999999994671e-01 1.000000000000000048e-04 1.635284790151666223e-01 1.000000000000000000e+00
-2.742500000000003268e-01 1.000000000000000048e-04 1.636456348163558006e-01 1.000000000000000000e+00
-2.735000000000002984e-01 1.000000000000000048e-04 1.637627738327655791e-01 1.000000000000000000e+00
-2.727500000000002700e-01 1.000000000000000048e-04 1.638798959227451557e-01 1.000000000000000000e+00
-2.720000000000002416e-01 1.000000000000000048e-04 1.639970009447265231e-01 1.000000000000000000e+00
-2.712500000000002132e-01 1.000000000000000048e-04 1.641140887572254958e-01 1.000000000000000000e+00
-2.705000000000001847e-01 1.000000000000000048e-04 1.642311592188421265e-01 1.000000000000000000e+00
-2.697500000000001563e-01 1.000000000000000048e-04 1.643482121882612612e-01 1.000000000000000000e+00
-2.690000000000001279e-01 1.000000000000000048e-04 1.644652475242534828e-01 1.000000000000000000e+00
-2.682500000000000995e-01 1.000000000000000048e-04 1.645822650856756386e-01 1.000000000000000000e+00
-2.675000000000000711e-01 1.000000000000000048e-04 1.646992647314715341e-01 1.000000000000000000e+00
-2.667500000000000426e-01 1.000000000000000048e-04 1.648162463206725159e-01 1.000000000000000000e+00
-2.660000000000000142e-01 1.000000000000000048e-04 1.649332097123983876e-01 1.000000000000000000e+00
-2.652499999999999858e-01 1.000000000000000048e-04 1.650501547658576873e-01 1.000000000000000000e+00
-2.644999999999999574e-01 1.000000000000000048e-04 1.651670813403488258e-01 1.000000000000000000e+00
-2.637499999999999289e-01 1.000000000000000048e-04 1.652839892952602807e-01 1.000000000000000000e+00
-2.629999999999999005e-01 1.000000000000000048e-04 1.654008784900717066e-01 1.000000000000000000e+00
-2.622499999999998721e-01 1.000000000000000048e-04 1.655177487843542405e-01 1.000000000000000000e+00
-2.614999999999998437e-01 1.000000000000000048e-04 1.656346000377713346e-01 1.000000000000000000e+00
-2.607499999999998153e-01 1.000000000000000048e-04 1.657514321100793386e-01 1.000000000000000000e+00
-2.599999999999997868e-01 1.000000000000000048e-04 1.658682448611283888e-01 1.000000000000000000e+00
-2.592499999999997584e-01 1.000000000000000048e-04 1.659850381508626849e-01 1.000000000000000000e+00
-2.584999999999997300e-01 1.000000000000000048e-04 1.661018118393214893e-01 1.000000000000000000e+00
-2.577499999999997016e-01 1.000000000000000048e-04 1.662185657866396549e-01 1.000000000000000000e+00
-2.569999999999996732e-01 1.000000000000000048e-04 1.663352998530481519e-01 1.000000000000000000e+00
-2.562499999999996447e-01 1.000000000000000048e-04 1.664520138988749842e-01 1.000000000000000000e+00
-2.554999999999996163e-01 1.000000000000000048e-04 1.665687077845456610e-01 1.000000000000000000e+00
-2.547499999999995879e-01 1.000000000000000048e-04 1.666853813705840293e-01 1.000000000000000000e+00
-2.539999999999995595e-01 1.000000000000000048e-04 1.668020345176125518e-01 1.000000000000000000e+00
-2.532499999999995310e-01 1.000000000000000048e-04 1.669186670863534727e-01 1.000000000000000000e+00
-2.524999999999995026e-01 1.000000000000000048e-04 1.670352789376289837e-01 1.000000000000000000e+00
-2.517499999999994742e-01 1.000000000000000048e-04 1.671518699323622792e-01 1.000000000000000000e+00
-2.510000000000003340e-01 1.000000000000000048e-04 1.672684399315778059e-01 1.000000000000000000e+00
-2.502500000000003055e-01 1.000000000000000048e-04 1.673849887964025951e-01 1.000000000000000000e+00
-2.495000000000002771e-01 1.000000000000000048e-04 1.675015163880659852e-01 1.000000000000000000e+00
-2.487500000000002487e-01 1.000000000000000048e-04 1.676180225679007874e-01 1.000000000000000000e+00
-2.480000000000002203e-01 1.000000000000000048e-04 1.677345071973440904e-01 1.000000000000000000e+00
-2.472500000000001918e-01 1.000000000000000048e-04 1.678509701379374275e-01 1.000000000000000000e+00
-2.465000000000001634e-01 1.000000000000000048e-04 1.679674112513279416e-01 1.000000000000000000e+00
-2.457500000000001350e-01 1.000000000000000048e-04 1.680838303992685523e-01 1.000000000000000000e+00
-2.450000000000001066e-01 1.000000000000000048e-04 1.682002274436189548e-01 1.000000000000000000e+00
-2.442500000000000782e-01 1.000000000000000048e-04 1.683166022463459810e-01 1.000000000000000000e+00
-2.435000000000000497e-01 1.000000000000000048e-04 1.684329546695245428e-01 1.000000000000000000e+00
-2.427500000000000213e-01 1.000000000000000048e-04 1.685492845753378544e-01 1.000000000000000000e+00
-2.419999999999999929e-01 1.000000000000000048e-04 1.686655918260785980e-01 1.000000000000000000e+00
-2.412499999999999645e-01 1.000000000000000048e-04 1.687818762841490627e-01 1.000000000000000000e+00
-2.404999999999999361e-01 1.000000000000000048e-04 1.688981378120621157e-01 1.000000000000000000e+00
-2.397499999999999076e-01 1.000000000000000048e-04 1.690143762724416188e-01 1.000000000000000000e+00
-2.389999999999998792e-01 1.000000000000000048e-04 1.691305915280231775e-01 1.000000000000000000e+00
-2.382499999999998508e-01 1.000000000000000048e-04 1.692467834416548633e-01 1.000000000000000000e+00
-2.374999999999998224e-01 1.000000000000000048e-04 1.693629518762974906e-01 1.000000000000000000e+00
-2.367499999999997939e-01 1.000000000000000048e-04 1.694790966950257272e-01 1.000000000000000000e+00
-2.359999999999997655e-01 1.000000000000000048e-04 1.695952177610283163e-01 1.000000000000000000e+00
-2.352499999999997371e-01 1.000000000000000048e-04 1.697113149376089092e-01 1.000000000000000000e+00
-2.344999999999997087e-01 1.000000000000000048e-04 1.698273880881867037e-01 1.000000000000000000e+00
-2.337499999999996803e-01 1.000000000000000048e-04 1.699434370762969160e-01 1.000000000000000000e+00
-2.329999999999996518e-01 1.000000000000000048e-04 1.700594617655915020e-01 1.000000000000000000e+00
-2.322499999999996234e-01 1.000000000000000048e-04 1.701754620198398793e-01 1.000000000000000000e+00
-2.314999999999995950e-01 1.000000000000000048e-04 1.702914377029293436e-01 1.000000000000000000e+00
-2.307499999999995666e-01 1.000000000000000048e-04 1.704073886788658176e-01 1.000000000000000000e+00
-2.299999999999995381e-01 1.000000000000000048e-04 1.705233148117744346e-01 1.000000000000000000e+00
-2.292499999999995097e-01 1.000000000000000048e-04 1.706392159659001484e-01 1.000000000000000000e+00
-2.284999999999994813e-01 1.000000000000000048e-04 1.707550920056083443e-01 1.000000000000000000e+00
-2.277500000000003411e-01 1.000000000000000048e-04 1.708709427953853666e-01 1.000000000000000000e+00
-2.270000000000003126e-01 1.000000000000000048e-04 1.709867681998396560e-01 1.000000000000000000e+00
-2.262500000000002842e-01 1.000000000000000048e-04 1.711025680837015006e-01 1.000000000000000000e+00
-2.255000000000002558e-01 1.000000000000000048e-04 1.712183423118241732e-01 1.000000000000000000e+00
-2.247500000000002274e-01 1.000000000000000048e-04 1.713340907491845699e-01 1.000000000000000000e+00
-2.240000000000001990e-01 1.000000000000000048e-04 1.714498132608835990e-01 1.000000000000000000e+00
-2.232500000000001705e-01 1.000000000000000048e-04 1.715655097121469297e-01 1.000000000000000000e+00
-2.225000000000001421e-01 1.000000000000000048e-04 1.716811799683255202e-01 1.000000000000000000e+00
-2.217500000000001137e-01 1.000000000000000048e-04 1.717968238948963389e-01 1.000000000000000000e+00
-2.210000000000000853e-01 1.000000000000000048e-04 1.719124413574628085e-01 1.000000000000000000e+00
-2.202500000000000568e-01 1.000000000000000048e-04 1.720280322217555835e-01 1.000000000000000000e+00
-2.195000000000000284e-01 1.000000000000000048e-04 1.721435963536329106e-01 1.000000000000000000e+00
-2.187500000000000000e-01 1.000000000000000048e-04 1.722591336190814615e-01 1.000000000000000000e+00
-2.179999999999999716e-01 1.000000000000000048e-04 1.723746438842168327e-01 1.000000000000000000e+00
-2.172499999999999432e-01 1.000000000000000048e-04 1.724901270152842114e-01 1.000000000000000000e+00
-2.164999999999999147e-01 1.000000000000000048e-04 1.726055828786588198e-01 1.000000000000000000e+00
-2.157499999999998863e-01 1.000000000000000048e-04 1.727210113408465808e-01 1.000000000000000000e+00
-2.149999999999998579e-01 1.000000000000000048e-04 1.728364122684848403e-01 1.000000000000000000e+00
-2.142499999999998295e-01 1.000000000000000048e-04 1.729517855283427830e-01 1.000000000000000000e+00
-2.134999999999998010e-01 1.000000000000000048e-04 1.730671309873220154e-01 1.000000000000000000e+00
-2.127499999999997726e-01 1.000000000000000048e-04 1.731824485124574264e-01 1.000000000000000000e+00
-2.119999999999997442e-01 1.000000000000000048e-04 1.732977379709173260e-01 1.000000000000000000e+00
-2.112499999999997158e-01 1.000000000000000048e-04 1.734129992300044998e-01 1.000000000000000000e+00
-2.104999999999996874e-01 1.000000000000000048e-04 1.735282321571564867e-01 1.000000000000000000e+00
-2.097499999999996589e-01 1.000000000000000048e-04 1.736434366199462176e-01 1.000000000000000000e+00
-2.089999999999996305e-01 1.000000000000000048e-04 1.737586124860825698e-01 1.000000000000000000e+00
-2.082499999999996021e-01 1.000000000000000048e-04 1.738737596234112559e-01 1.000000000000000000e+00
-2.074999999999995737e-01 1.000000000000000048e-04 1.739888778999149066e-01 1.000000000000000000e+00
-2.067499999999995453e-01 1.000000000000000048e-04 1.741039671837140146e-01 1.000000000000000000e+00
-2.059999999999995168e-01 1.000000000000000048e-04 1.742190273430673508e-01 1.000000000000000000e+00
-2.052499999999994884e-01 1.000000000000000048e-04 1.743340582463726585e-01 1.000000000000000000e+00
-2.044999999999994600e-01 1.000000000000000048e-04 1.744490597621669303e-01 1.000000000000000000e+00
-2.037500000000003197e-01 1.000000000000000048e-04 1.745640317591274360e-01 1.000000000000000000e+00
-2.030000000000002913e-01 1.000000000000000048e-04 1.746789741060721934e-01 1.000000000000000000e+00
-2.022500000000002629e-01 1.000000000000000048e-04 1.747938866719599693e-01 1.000000000000000000e+00
-2.015000000000002345e-01 1.000000000000000048e-04 1.749087693258915832e-01 1.000000000000000000e+00
-2.007500000000002061e-01 1.000000000000000048e-04 1.750236219371101298e-01 1.000000000000000000e+00
-2.000000000000001776e-01 1.000000000000000048e-04 1.751384443750015341e-01 1.000000000000000000e+00
-1.992500000000001492e-01 1.000000000000000048e-04 1.752532365090951338e-01 1.000000000000000000e+00
-1.985000000000001208e-01 1.000000000000000048e-04 1.753679982090644573e-01 1.000000000000000000e+00
-1.977500000000000924e-01 1.000000000000000048e-04 1.754827293447274172e-01 1.000000000000000000e+00
-1.970000000000000639e-01 1.000000000000000048e-04 1.755974297860471156e-01 1.000000000000000000e+00
-1.962500000000000355e-01 1.000000000000000048e-04 1.757120994031323435e-01 1.000000000000000000e+00
-1.955000000000000071e-01 1.000000000000000048e-04 1.758267380662381918e-01 1.000000000000000000e+00
-1.947499999999999787e-01 1.000000000000000048e-04 1.759413456457664948e-01 1.000000000000000000e+00
-1.939999999999999503e-01 1.000000000000000048e-04 1.760559220122664692e-01 1.000000000000000000e+00
-1.932499999999999218e-01 1.000000000000000048e-04 1.761704670364352132e-01 1.000000000000000000e+00
-1.924999999999998934e-01 1.000000000000000048e-04 1.762849805891182897e-01 1.000000000000000000e+00
-1.917499999999998650e-01 1.000000000000000048e-04 1.763994625413103368e-01 1.000000000000000000e+00
-1.909999999999998366e-01 1.000000000000000048e-04 1.765139127641553729e-01 1.000000000000000000e+00
-1.902499999999998082e-01 1.000000000000000048e-04 1.766283311289477687e-01 1.000000000000000000e+00
-1.894999999999997797e-01 1.000000000000000048e-04 1.767427175071323575e-01 1.000000000000000000e+00
-1.887499999999997513e-01 1.000000000000000048e-04 1.768570717703052408e-01 1.000000000000000000e+00
-1.879999999999997229e-01 1.000000000000000048e-04 1.769713937902142042e-01 1.000000000000000000e+00
-1.872499999999996945e-01 1.000000000000000048e-04 1.770856834387593559e-01 1.000000000000000000e+00
-1.864999999999996660e-01 1.000000000000000048e-04 1.771999405879936262e-01 1.000000000000000000e+00
-1.857499999999996376e-01 1.000000000000000048e-04 1.773141651101231564e-01 1.000000000000000000e+00
-1.849999999999996092e-01 1.000000000000000048e-04 1.774283568775082420e-01 1.000000000000000000e+00
-1.842499999999995808e-01 1.000000000000000048e-04 1.775425157626633055e-01 1.000000000000000000e+00
-1.834999999999995524e-01 1.000000000000000048e-04 1.776566416382579783e-01 1.000000000000000000e+00
-1.827499999999995239e-01 1.000000000000000048e-04 1.777707343771171844e-01 1.000000000000000000e+00
-1.819999999999994955e-01 1.000000000000000048e-04 1.778847938522220007e-01 1.000000000000000000e+00
-1.812499999999994671e-01 1.000000000000000048e-04 1.779988199367099622e-01 1.000000000000000000e+00
-1.805000000000003268e-01 1.000000000000000048e-04 1.781128125038755894e-01 1.000000000000000000e+00
-1.797500000000002984e-01 1.000000000000000048e-04 1.782267714271713599e-01 1.000000000000000000e+00
-1.790000000000002700e-01 1.000000000000000048e-04 1.783406965802075139e-01 1.000000000000000000e+00
-1.782500000000002416e-01 1.000000000000000048e-04 1.784545878367530258e-01 1.000000000000000000e+00
-1.775000000000002132e-01 1.000000000000000048e-04 1.785684450707360760e-01 1.000000000000000000e+00
-1.767500000000001847e-01 1.000000000000000048e-04 1.786822681562444948e-01 1.000000000000000000e+00
-1.760000000000001563e-01 1.000000000000000048e-04 1.787960569675263178e-01 1.000000000000000000e+00
-1.752500000000001279e-01 1.000000000000000048e-04 1.789098113789903965e-01 1.000000000000000000e+00
-1.745000000000000995e-01 1.000000000000000048e-04 1.790235312652066202e-01 1.000000000000000000e+00
-1.737500000000000711e-01 1.000000000000000048e-04 1.791372165009067763e-01 1.000000000000000000e+00
-1.730000000000000426e-01 1.000000000000000048e-04 1.792508669609847727e-01 1.000000000000000000e+00
-1.722500000000000142e-01 1.000000000000000048e-04 1.793644825204974702e-01 1.000000000000000000e+00
-1.714999999999999858e-01 1.000000000000000048e-04 1.794780630546649325e-01 1.000000000000000000e+00
-1.707499999999999574e-01 1.000000000000000048e-04 1.795916084388708700e-01 1.000000000000000000e+00
-1.699999999999999289e-01 1.000000000000000048e-04 1.797051185486634173e-01 1.000000000000000000e+00
-1.692499999999999005e-01 1.000000000000000048e-04 1.798185932597554382e-01 1.000000000000000000e+00
-1.684999999999998721e-01 1.000000000000000048e-04 1.799320324480252198e-01 1.000000000000000000e+00
-1.677499999999998437e-01 1.000000000000000048e-04 1.800454359895165279e-01 1.000000000000000000e+00
-1.669999999999998153e-01 1.000000000000000048e-04 1.801588037604398007e-01 1.000000000000000000e+00
-1.662499999999997868e-01 1.000000000000000048e-04 1.802721356371720096e-01 1.000000000000000000e+00
-1.654999999999997584e-01 1.000000000000000048e-04 1.803854314962574368e-01 1.000000000000000000e+00
-1.647499999999997300e-01 1.000000000000000048e-04 1.804986912144083411e-01 1.000000000000000000e+00
-1.639999999999997016e-01 1.000000000000000048e-04 1.806119146685048749e-01 1.000000000000000000e+00
-1.632499999999996732e-01 1.000000000000000048e-04 1.807251017355963330e-01 1.000000000000000000e+00
-1.624999999999996447e-01 1.000000000000000048e-04 1.808382522929009861e-01 1.000000000000000000e+00
-1.617499999999996163e-01 1.000000000000000048e-04 1.809513662178069970e-01 1.000000000000000000e+00
-1.609999999999995879e-01 1.000000000000000048e-04 1.810644433878726700e-01 1.000000000000000000e+00
-1.602499999999995595e-01 1.000000000000000048e-04 1.811774836808270062e-01 1.000000000000000000e+00
-1.594999999999995310e-01 1.000000000000000048e-04 1.812904869745703140e-01 1.000000000000000000e+00
-1.587499999999995026e-01 1.000000000000000048e-04 1.814034531471743483e-01 1.000000000000000000e+00
-1.579999999999994742e-01 1.000000000000000048e-04 1.815163820768832537e-01 1.000000000000000000e+00
-1.572500000000003340e-01 1.000000000000000048e-04 1.816292736421135368e-01 1.000000000000000000e+00
-1.565000000000003055e-01 1.000000000000000048e-04 1.817421277214551212e-01 1.000000000000000000e+00
-1.557500000000002771e-01 1.000000000000000048e-04 1.818549441936712918e-01 1.000000000000000000e+00
-1.550000000000002487e-01 1.000000000000000048e-04 1.819677229376993610e-01 1.000000000000000000e+00
-1.542500000000002203e-01 1.000000000000000048e-04 1.820804638326512792e-01 1.000000000000000000e+00
-1.535000000000001918e-01 1.000000000000000048e-04 1.821931667578138292e-01 1.000000000000000000e+00
-1.527500000000001634e-01 1.000000000000000048e-04 1.823058315926494033e-01 1.000000000000000000e+00
-1.520000000000001350e-01 1.000000000000000048e-04 1.824184582167962532e-01 1.000000000000000000e+00
-1.512500000000001066e-01 1.000000000000000048e-04 1.825310465100689339e-01 1.000000000000000000e+00
-1.505000000000000782e-01 1.000000000000000048e-04 1.826435963524589978e-01 1.000000000000000000e+00
-1.497500000000000497e-01 1.000000000000000048e-04 1.827561076241351889e-01 1.000000000000000000e+00
-1.490000000000000213e-01 1.000000000000000048e-04 1.828685802054440257e-01 1.000000000000000000e+00
-1.482499999999999929e-01 1.000000000000000048e-04 1.829810139769103006e-01 1.000000000000000000e+00
-1.474999999999999645e-01 1.000000000000000048e-04 1.830934088192374409e-01 1.000000000000000000e+00
-1.467499999999999361e-01 1.000000000000000048e-04 1.832057646133079809e-01 1.000000000000000000e+00
-1.459999999999999076e-01 1.000000000000000048e-04 1.833180812401841164e-01 1.000000000000000000e+00
-1.452499999999998792e-01 1.000000000000000048e-04 1.834303585811080384e-01 1.000000000000000000e+00
-1.444999999999998508e-01 1.000000000000000048e-04 1.835425965175024321e-01 1.000000000000000000e+00
-1.437499999999998224e-01 1.000000000000000048e-04 1.836547949309708661e-01 1.000000000000000000e+00
-1.429999999999997939e-01 1.000000000000000048e-04 1.837669537032983469e-01 1.000000000000000000e+00
-1.422499999999997655e-01 1.000000000000000048e-04 1.838790727164516248e-01 1.000000000000000000e+00
-1.414999999999997371e-01 1.000000000000000048e-04 1.839911518525797762e-01 1.000000000000000000e+00
-1.407499999999997087e-01 1.000000000000000048e-04 1.841031909940145928e-01 1.000000000000000000e+00
-1.399999999999996803e-01 1.000000000000000048e-04 1.842151900232709139e-01 1.000000000000000000e+00
-1.392499999999996518e-01 1.000000000000000048e-04 1.843271488230472654e-01 1.000000000000000000e+00
-1.384999999999996234e-01 1.000000000000000048e-04 1.844390672762261096e-01 1.000000000000000000e+00
-1.377499999999995950e-01 1.000000000000000048e-04 1.845509452658743998e-01 1.000000000000000000e+00
-1.369999999999995666e-01 1.000000000000000048e-04 1.846627826752439139e-01 1.000000000000000000e+00
-1.362499999999995381e-01 1.000000000000000048e-04 1.847745793877717257e-01 1.000000000000000000e+00
-1.354999999999995097e-01 1.000000000000000048e-04 1.848863352870807331e-01 1.000000000000000000e+00
-1.347499999999994813e-01 1.000000000000000048e-04 1.849980502569799345e-01 1.000000000000000000e+00
-1.340000000000003411e-01 1.000000000000000048e-04 1.851097241814648464e-01 1.000000000000000000e+00
-1.332500000000003126e-01 1.000000000000000048e-04 1.852213569447181962e-01 1.000000000000000000e+00
-1.325000000000002842e-01 1.000000000000000048e-04 1.853329484311100062e-01 1.000000000000000000e+00
-1.317500000000002558e-01 1.000000000000000048e-04 1.854444985251980649e-01 1.000000000000000000e+00
-1.310000000000002274e-01 1.000000000000000048e-04 1.855560071117285936e-01 1.000000000000000000e+00
-1.302500000000001990e-01 1.000000000000000048e-04 1.856674740756363573e-01 1.000000000000000000e+00
-1.295000000000001705e-01 1.000000000000000048e-04 1.857788993020453028e-01 1.000000000000000000e+00
-1.287500000000001421e-01 1.000000000000000048e-04 1.858902826762688643e-01 1.000000000000000000e+00
-1.280000000000001137e-01 1.000000000000000048e-04 1.860016240838103241e-01 1.000000000000000000e+00
-1.272500000000000853e-01 1.000000000000000048e-04 1.861129234103634789e-01 1.000000000000000000e+00
-1.265000000000000568e-01 1.000000000000000048e-04 1.862241805418126395e-01 1.000000000000000000e+00
-1.257500000000000284e-01 1.000000000000000048e-04 1.863353953642333527e-01 1.000000000000000000e+00
-1.250000000000000000e-01 1.000000000000000048e-04 1.864465677638927066e-01 1.000000000000000000e+00
-1.242499999999999716e-01 1.000000000000000048e-04 1.865576976272498022e-01 1.000000000000000000e+00
-1.234999999999999432e-01 1.000000000000000048e-04 1.866687848409560035e-01 1.000000000000000000e+00
-1.227499999999999147e-01 1.000000000000000048e-04 1.867798292918553815e-01 1.000000000000000000e+00
-1.219999999999998863e-01 1.000000000000000048e-04 1.868908308669852414e-01 1.000000000000000000e+00
-1.212499999999998579e-01 1.000000000000000048e-04 1.870017894535763725e-01 1.000000000000000000e+00
-1.204999999999998295e-01 1.000000000000000048e-04 1.871127049390534369e-01 1.000000000000000000e+00
-1.197499999999998010e-01 1.000000000000000048e-04 1.872235772110355800e-01 1.000000000000000000e+00
-1.189999999999997726e-01 1.000000000000000048e-04 1.873344061573365138e-01 1.000000000000000000e+00
-1.182499999999997442e-01 1.000000000000000048e-04 1.874451916659649608e-01 1.000000000000000000e+00
-1.174999999999997158e-01 1.000000000000000048e-04 1.875559336251254594e-01 1.000000000000000000e+00
-1.167499999999996874e-01 1.000000000000000048e-04 1.876666319232179747e-01 1.000000000000000000e+00
-1.159999999999996589e-01 1.000000000000000048e-04 1.877772864488390370e-01 1.000000000000000000e+00
-1.152499999999996305e-01 1.000000000000000048e-04 1.878878970907816859e-01 1.000000000000000000e+00
-1.144999999999996021e-01 1.000000000000000048e-04 1.879984637380360257e-01 1.000000000000000000e+00
-1.137499999999995737e-01 1.000000000000000048e-04 1.881089862797893919e-01 1.000000000000000000e+00
-1.129999999999995453e-01 1.000000000000000048e-04 1.882194646054270448e-01 1.000000000000000000e+00
-1.122499999999995168e-01 1.000000000000000048e-04 1.883298986045322809e-01 1.000000000000000000e+00
-1.114999999999994884e-01 1.000000000000000048e-04 1.884402881668869045e-01 1.000000000000000000e+00
-1.107499999999994600e-01 1.000000000000000048e-04 1.885506331824716719e-01 1.000000000000000000e+00
-1.100000000000003197e-01 1.000000000000000048e-04 1.886609335414662636e-01 1.000000000000000000e+00
-1.092500000000002913e-01 1.000000000000000048e-04 1.887711891342505888e-01 1.000000000000000000e+00
-1.085000000000002629e-01 1.000000000000000048e-04 1.888813998514038694e-01 1.000000000000000000e+00
-1.077500000000002345e-01 1.000000000000000048e-04 1.889915655837059727e-01 1.000000000000000000e+00
-1.070000000000002061e-01 1.000000000000000048e-04 1.891016862221374939e-01 1.000000000000000000e+00
-1.062500000000001776e-01 1.000000000000000048e-04 1.892117616578799233e-01 1.000000000000000000e+00
-1.055000000000001492e-01 1.000000000000000048e-04 1.893217917823161178e-01 1.000000000000000000e+00
-1.047500000000001208e-01 1.000000000000000048e-04 1.894317764870309395e-01 1.000000000000000000e+00
-1.040000000000000924e-01 1.000000000000000048e-04 1.895417156638111167e-01 1.000000000000000000e+00
-1.032500000000000639e-01 1.000000000000000048e-04 1.896516092046459656e-01 1.000000000000000000e+00
-1.025000000000000355e-01 1.000000000000000048e-04 1.897614570017275015e-01 1.000000000000000000e+00
-1.017500000000000071e-01 1.000000000000000048e-04 1.898712589474511603e-01 1.000000000000000000e+00
-1.009999999999999787e-01 1.000000000000000048e-04 1.899810149344154930e-01 1.000000000000000000e+00
-1.002499999999999503e-01 1.000000000000000048e-04 1.900907248554232487e-01 1.000000000000000000e+00
-9.949999999999992184e-02 1.000000000000000048e-04 1.902003886034811242e-01 1.000000000000000000e+00
-9.874999999999989342e-02 1.000000000000000048e-04 1.903100060718005138e-01 1.000000000000000000e+00
-9.799999999999986500e-02 1.000000000000000048e-04 1.904195771537975646e-01 1.000000000000000000e+00
-9.724999999999983658e-02 1.000000000000000048e-04 1.905291017430936762e-01 1.000000000000000000e+00
-9.649999999999980815e-02 1.000000000000000048e-04 1.906385797335157228e-01 1.000000000000000000e+00
-9.574999999999977973e-02 1.000000000000000048e-04 1.907480110190966638e-01 1.000000000000000000e+00
-9.499999999999975131e-02 1.000000000000000048e-04 1.908573954940753492e-01 1.000000000000000000e+00
-9.424999999999972289e-02 1.000000000000000048e-04 1.909667330528974083e-01 1.000000000000000000e+00
-9.349999999999969447e-02 1.000000000000000048e-04 1.910760235902152215e-01 1.000000000000000000e+00
-9.274999999999966604e-02 1.000000000000000048e-04 1.911852670008883648e-01 1.000000000000000000e+00
-9.199999999999963762e-02 1.000000000000000048e-04 1.912944631799838591e-01 1.000000000000000000e+00
-9.124999999999960920e-02 1.000000000000000048e-04 1.914036120227768090e-01 1.000000000000000000e+00
-9.049999999999958078e-02 1.000000000000000048e-04 1.915127134247500695e-01 1.000000000000000000e+00
-8.974999999999955236e-02 1.000000000000000048e-04 1.916217672815953010e-01 1.000000000000000000e+00
-8.899999999999952394e-02 1.000000000000000048e-04 1.917307734892127746e-01 1.000000000000000000e+00
-8.824999999999949551e-02 1.000000000000000048e-04 1.918397319437119275e-01 1.000000000000000000e+00
-8.749999999999946709e-02 1.000000000000000048e-04 1.919486425414115294e-01 1.000000000000000000e+00
-8.675000000000032685e-02 1.000000000000000048e-04 1.920575051788400711e-01 1.000000000000000000e+00
-8.600000000000029843e-02 1.000000000000000048e-04 1.921663197527363753e-01 1.000000000000000000e+00
-8.525000000000027001e-02 1.000000000000000048e-04 1.922750861600491523e-01 1.000000000000000000e+00
-8.450000000000024158e-02 1.000000000000000048e-04 1.923838042979380270e-01 1.000000000000000000e+00
-8.375000000000021316e-02 1.000000000000000048e-04 1.924924740637734555e-01 1.000000000000000000e+00
-8.300000000000018474e-02 1.000000000000000048e-04 1.926010953551372251e-01 1.000000000000000000e+00
-8.225000000000015632e-02 1.000000000000000048e-04 1.927096680698225650e-01 1.000000000000000000e+00
-8.150000000000012790e-02 1.000000000000000048e-04 1.928181921058346460e-01 1.000000000000000000e+00
-8.075000000000009948e-02 1.000000000000000048e-04 1.929266673613906635e-01 1.000000000000000000e+00
-8.000000000000007105e-02 1.000000000000000048e-04 1.930350937349203377e-01 1.000000000000000000e+00
-7.925000000000004263e-02 1.000000000000000048e-04 1.931434711250661629e-01 1.000000000000000000e+00
-7.850000000000001421e-02 1.000000000000000048e-04 1.932517994306835185e-01 1.000000000000000000e+00
-7.774999999999998579e-02 1.000000000000000048e-04 1.933600785508410858e-01 1.000000000000000000e+00
-7.699999999999995737e-02 1.000000000000000048e-04 1.934683083848212359e-01 1.000000000000000000e+00
-7.624999999999992895e-02 1.000000000000000048e-04 1.935764888321202248e-01 1.000000000000000000e+00
-7.549999999999990052e-02 1.000000000000000048e-04 1.936846197924482760e-01 1.000000000000000000e+00
-7.474999999999987210e-02 1.000000000000000048e-04 1.937927011657302467e-01 1.000000000000000000e+00
-7.399999999999984368e-02 1.000000000000000048e-04 1.939007328521056561e-01 1.000000000000000000e+00
-7.324999999999981526e-02 1.000000000000000048e-04 1.940087147519289623e-01 1.000000000000000000e+00
-7.249999999999978684e-02 1.000000000000000048e-04 1.941166467657699235e-01 1.000000000000000000e+00
-7.174999999999975842e-02 1.000000000000000048e-04 1.942245287944138477e-01 1.000000000000000000e+00
-7.099999999999972999e-02 1.000000000000000048e-04 1.943323607388618979e-01 1.000000000000000000e+00
-7.024999999999970157e-02 1.000000000000000048e-04 1.944401425003311201e-01 1.000000000000000000e+00
-6.949999999999967315e-02 1.000000000000000048e-04 1.945478739802552759e-01 1.000000000000000000e+00
-6.874999999999964473e-02 1.000000000000000048e-04 1.946555550802843426e-01 1.000000000000000000e+00
-6.799999999999961631e-02 1.000000000000000048e-04 1.947631857022854018e-01 1.000000000000000000e+00
-6.724999999999958789e-02 1.000000000000000048e-04 1.948707657483426392e-01 1.000000000000000000e+00
-6.649999999999955946e-02 1.000000000000000048e-04 1.949782951207576498e-01 1.000000000000000000e+00
-6.574999999999953104e-02 1.000000000000000048e-04 1.950857737220497157e-01 1.000000000000000000e+00
-6.499999999999950262e-02 1.000000000000000048e-04 1.951932014549558614e-01 1.000000000000000000e+00
-6.424999999999947420e-02 1.000000000000000048e-04 1.953005782224315479e-01 1.000000000000000000e+00
-6.350000000000033396e-02 1.000000000000000048e-04 1.954079039276502561e-01 1.000000000000000000e+00
-6.275000000000030553e-02 1.000000000000000048e-04 1.955151784740047638e-01 1.000000000000000000e+00
-6.200000000000027711e-02 1.000000000000000048e-04 1.956224017651062297e-01 1.000000000000000000e+00
-6.125000000000024869e-02 1.000000000000000048e-04 1.957295737047852480e-01 1.000000000000000000e+00
-6.050000000000022027e-02 1.000000000000000048e-04 1.958366941970916542e-01 1.000000000000000000e+00
-5.975000000000019185e-02 1.000000000000000048e-04 1.959437631462951079e-01 1.000000000000000000e+00
-5.900000000000016342e-02 1.000000000000000048e-04 1.960507804568850654e-01 1.000000000000000000e+00
-5.825000000000013500e-02 1.000000000000000048e-04 1.961577460335711676e-01 1.000000000000000000e+00
-5.750000000000010658e-02 1.000000000000000048e-04 1.962646597812834071e-01 1.000000000000000000e+00
-5.675000000000007816e-02 1.000000000000000048e-04 1.963715216051724055e-01 1.000000000000000000e+00
-5.600000000000004974e-02 1.000000000000000048e-04 1.964783314106096079e-01 1.000000000000000000e+00
-5.525000000000002132e-02 1.000000000000000048e-04 1.965850891031876158e-01 1.000000000000000000e+00
-5.449999999999999289e-02 1.000000000000000048e-04 1.966917945887202701e-01 1.000000000000000000e+00
-5.374999999999996447e-02 1.000000000000000048e-04 1.967984477732429016e-01 1.000000000000000000e+00
-5.299999999999993605e-02 1.000000000000000048e-04 1.969050485630127745e-01 1.000000000000000000e+00
-5.224999999999990763e-02 1.000000000000000048e-04 1.970115968645090032e-01 1.000000000000000000e+00
-5.149999999999987921e-02 1.000000000000000048e-04 1.971180925844329135e-01 1.000000000000000000e+00
-5.074999999999985079e-02 1.000000000000000048e-04 1.972245356297083474e-01 1.000000000000000000e+00
-4.999999999999982236e-02 1.000000000000000048e-04 1.973309259074817745e-01 1.000000000000000000e+00
-4.924999999999979394e-02 1.000000000000000048e-04 1.974372633251224307e-01 1.000000000000000000e+00
-4.849999999999976552e-02 1.000000000000000048e-04 1.975435477902227621e-01 1.000000000000000000e+00
-4.774999999999973710e-02 1.000000000000000048e-04 1.976497792105984808e-01 1.000000000000000000e+00
-4.699999999999970868e-02 1.000000000000000048e-04 1.977559574942888421e-01 1.000000000000000000e+00
-4.624999999999968026e-02 1.000000000000000048e-04 1.978620825495567281e-01 1.000000000000000000e+00
-4.549999999999965183e-02 1.000000000000000048e-04 1.979681542848890363e-01 1.000000000000000000e+00
-4.474999999999962341e-02 1.000000000000000048e-04 1.980741726089967625e-01 1.000000000000000000e+00
-4.399999999999959499e-02 1.000000000000000048e-04 1.981801374308151398e-01 1.000000000000000000e+00
-4.324999999999956657e-02 1.000000000000000048e-04 1.982860486595041660e-01 1.000000000000000000e+00
-4.249999999999953815e-02 1.000000000000000048e-04 1.983919062044484094e-01 1.000000000000000000e+00
-4.174999999999950973e-02 1.000000000000000048e-04 1.984977099752574803e-01 1.000000000000000000e+00
-4.099999999999948130e-02 1.000000000000000048e-04 1.986034598817660313e-01 1.000000000000000000e+00
-4.024999999999945288e-02 1.000000000000000048e-04 1.987091558340340625e-01 1.000000000000000000e+00
-3.950000000000031264e-02 1.000000000000000048e-04 1.988147977423470325e-01 1.000000000000000000e+00
-3.875000000000028422e-02 1.000000000000000048e-04 1.989203855172164137e-01 1.000000000000000000e+00
-3.800000000000025580e-02 1.000000000000000048e-04 1.990259190693793034e-01 1.000000000000000000e+00
-3.725000000000022737e-02 1.000000000000000048e-04 1.991313983097989515e-01 1.000000000000000000e+00
-3.650000000000019895e-02 1.000000000000000048e-04 1.992368231496648434e-01 1.000000000000000000e+00
-3.575000000000017053e-02 1.000000000000000048e-04 1.993421935003930334e-01 1.000000000000000000e+00
-3.500000000000014211e-02 1.000000000000000048e-04 1.994475092736262001e-01 1.000000000000000000e+00
-3.425000000000011369e-02 1.000000000000000048e-04 1.995527703812337295e-01 1.000000000000000000e+00
-3.350000000000008527e-02 1.000000000000000048e-04 1.996579767353121038e-01 1.000000000000000000e+00
-3.275000000000005684e-02 1.000000000000000048e-04 1.997631282481849568e-01 1.000000000000000000e+00
-3.200000000000002842e-02 1.000000000000000048e-04 1.998682248324033517e-01 1.000000000000000000e+00
-3.125000000000000000e-02 1.000000000000000048e-04 1.999732664007457805e-01 1.000000000000000000e+00
-3.049999999999997158e-02 1.000000000000000048e-04 2.000782528662184701e-01 1.000000000000000000e+00
-2.974999999999994316e-02 1.000000000000000048e-04 2.001831841420554092e-01 1.000000000000000000e+00
-2.899999999999991473e-02 1.000000000000000048e-04 2.002880601417188211e-01 1.000000000000000000e+00
-2.824999999999988631e-02 1.000000000000000048e-04 2.003928807788989963e-01 1.000000000000000000e+00
-2.749999999999985789e-02 1.000000000000000048e-04 2.004976459675145983e-01 1.000000000000000000e+00
-2.674999999999982947e-02 1.000000000000000048e-04 2.006023556217127746e-01 1.000000000000000000e+00
-2.599999999999980105e-02 1.000000000000000048e-04 2.007070096558694339e-01 1.000000000000000000e+00
-2.524999999999977263e-02 1.000000000000000048e-04 2.008116079845893021e-01 1.000000000000000000e+00
-2.449999999999974420e-02 1.000000000000000048e-04 2.009161505227060884e-01 1.000000000000000000e+00
-2.374999999999971578e-02 1.000000000000000048e-04 2.010206371852825968e-01 1.000000000000000000e+00
-2.299999999999968736e-02 1.000000000000000048e-04 2.011250678876110587e-01 1.000000000000000000e+00
-2.224999999999965894e-02 1.000000000000000048e-04 2.012294425452130220e-01 1.000000000000000000e+00
-2.149999999999963052e-02 1.000000000000000048e-04 2.013337610738397399e-01 1.000000000000000000e+00
-2.074999999999960210e-02 1.000000000000000048e-04 2.014380233894721428e-01 1.000000000000000000e+00
-1.999999999999957367e-02 1.000000000000000048e-04 2.015422294083210886e-01 1.000000000000000000e+00
-1.924999999999954525e-02 1.000000000000000048e-04 2.016463790468275008e-01 1.000000000000000000e+00
-1.849999999999951683e-02 1.000000000000000048e-04 2.017504722216623692e-01 1.000000000000000000e+00
-1.774999999999948841e-02 1.000000000000000048e-04 2.018545088497270823e-01 1.000000000000000000e+00
-1.699999999999945999e-02 1.000000000000000048e-04 2.019584888481535390e-01 1.000000000000000000e+00
-1.625000000000031974e-02 1.000000000000000048e-04 2.020624121343040647e-01 1.000000000000000000e+00
-1.550000000000029132e-02 1.000000000000000048e-04 2.021662786257719391e-01 1.000000000000000000e+00
-1.475000000000026290e-02 1.000000000000000048e-04 2.022700882403810907e-01 1.000000000000000000e+00
-1.400000000000023448e-02 1.000000000000000048e-04 2.023738408961865687e-01 1.000000000000000000e+00
-1.325000000000020606e-02 1.000000000000000048e-04 2.024775365114743764e-01 1.000000000000000000e+00
-1.250000000000017764e-02 1.000000000000000048e-04 2.025811750047619431e-01 1.000000000000000000e+00
-1.175000000000014921e-02 1.000000000000000048e-04 2.026847562947979298e-01 1.000000000000000000e+00
-1.100000000000012079e-02 1.000000000000000048e-04 2.027882803005626178e-01 1.000000000000000000e+00
-1.025000000000009237e-02 1.000000000000000048e-04 2.028917469412677144e-01 1.000000000000000000e+00
-9.500000000000063949e-03 1.000000000000000048e-04 2.029951561363568524e-01 1.000000000000000000e+00
-8.750000000000035527e-03 1.000000000000000048e-04 2.030985078055053683e-01 1.000000000000000000e+00
-8.000000000000007105e-03 1.000000000000000048e-04 2.032018018686206628e-01 1.000000000000000000e+00
-7.249999999999978684e-03 1.000000000000000048e-04 2.033050382458421734e-01 1.000000000000000000e+00
-6.499999999999950262e-03 1.000000000000000048e-04 2.034082168575414851e-01 1.000000000000000000e+00
-5.749999999999921840e-03 1.000000000000000048e-04 2.035113376243225802e-01 1.000000000000000000e+00
-4.999999999999893419e-03 1.000000000000000048e-04 2.036144004670217555e-01 1.000000000000000000e+00
-4.249999999999864997e-03 1.000000000000000048e-04 2.037174053067078716e-01 1.000000000000000000e+00
-3.499999999999836575e-03 1.000000000000000048e-04 2.038203520646824085e-01 1.000000000000000000e+00
-2.749999999999808153e-03 1.000000000000000048e-04 2.039232406624795768e-01 1.000000000000000000e+00
-1.999999999999779732e-03 1.000000000000000048e-04 2.040260710218663731e-01 1.000000000000000000e+00
-1.249999999999751310e-03 1.000000000000000048e-04 2.041288430648427465e-01 1.000000000000000000e+00
-4.999999999997228883e-04 1.000000000000000048e-04 2.042315567136417098e-01 1.000000000000000000e+00
2.500000000003055334e-04 1.000000000000000048e-04 2.043342118907293670e-01 1.000000000000000000e+00
1.000000000000333955e-03 1.000000000000000048e-04 2.044368085188049411e-01 1.000000000000000000e+00
1.750000000000362377e-03 1.000000000000000048e-04 2.045393465208011630e-01 1.000000000000000000e+00
2.500000000000390799e-03 1.000000000000000048e-04 2.046418258198839102e-01 1.000000000000000000e+00
3.250000000000419220e-03 1.000000000000000048e-04 2.047442463394527901e-01 1.000000000000000000e+00
4.000000000000447642e-03 1.000000000000000048e-04 2.048466080031408620e-01 1.000000000000000000e+00
4.750000000000476064e-03 1.000000000000000048e-04 2.049489107348147765e-01 1.000000000000000000e+00
5.500000000000504485e-03 1.000000000000000048e-04 2.050511544585750523e-01 1.000000000000000000e+00
6.250000000000532907e-03 1.000000000000000048e-04 2.051533390987560213e-01 1.000000000000000000e+00
6.999999999999673150e-03 1.000000000000000048e-04 2.052554645799256894e-01 1.000000000000000000e+00
7.749999999999701572e-03 1.000000000000000048e-04 2.053575308268865973e-01 1.000000000000000000e+00
8.499999999999729994e-03 1.000000000000000048e-04 2.054595377646747101e-01 1.000000000000000000e+00
9.249999999999758415e-03 1.000000000000000048e-04 2.055614853185604718e-01 1.000000000000000000e+00
9.999999999999786837e-03 1.000000000000000048e-04 2.056633734140485281e-01 1.000000000000000000e+00
1.074999999999981526e-02 1.000000000000000048e-04 2.057652019768776153e-01 1.000000000000000000e+00
1.149999999999984368e-02 1.000000000000000048e-04 2.058669709330209485e-01 1.000000000000000000e+00
1.224999999999987210e-02 1.000000000000000048e-04 2.059686802086862778e-01 1.000000000000000000e+00
1.299999999999990052e-02 1.000000000000000048e-04 2.060703297303156101e-01 1.000000000000000000e+00
1.374999999999992895e-02 1.000000000000000048e-04 2.061719194245855702e-01 1.000000000000000000e+00
1.449999999999995737e-02 1.000000000000000048e-04 2.062734492184074564e-01 1.000000000000000000e+00
1.524999999999998579e-02 1.000000000000000048e-04 2.063749190389271848e-01 1.000000000000000000e+00
1.600000000000001421e-02 1.000000000000000048e-04 2.064763288135254005e-01 1.000000000000000000e+00
1.675000000000004263e-02 1.000000000000000048e-04 2.065776784698175050e-01 1.000000000000000000e+00
1.750000000000007105e-02 1.000000000000000048e-04 2.066789679356537679e-01 1.000000000000000000e+00
1.825000000000009948e-02 1.000000000000000048e-04 2.067801971391194094e-01 1.000000000000000000e+00
1.900000000000012790e-02 1.000000000000000048e-04 2.068813660085344897e-01 1.000000000000000000e+00
1.975000000000015632e-02 1.000000000000000048e-04 2.069824744724541588e-01 1.000000000000000000e+00
2.050000000000018474e-02 1.000000000000000048e-04 2.070835224596685453e-01 1.000000000000000000e+00
2.125000000000021316e-02 1.000000000000000048e-04 2.071845098992028400e-01 1.000000000000000000e+00
2.200000000000024158e-02 1.000000000000000048e-04 2.072854367203174897e-01 1.000000000000000000e+00
2.275000000000027001e-02 1.000000000000000048e-04 2.073863028525080865e-01 1.000000000000000000e+00
2.350000000000029843e-02 1.000000000000000048e-04 2.074871082255053123e-01 1.000000000000000000e+00
2.425000000000032685e-02 1.000000000000000048e-04 2.075878527692752995e-01 1.000000000000000000e+00
2.500000000000035527e-02 1.000000000000000048e-04 2.076885364140192980e-01 1.000000000000000000e+00
2.575000000000038369e-02 1.000000000000000048e-04 2.077891590901739804e-01 1.000000000000000000e+00
2.650000000000041211e-02 1.000000000000000048e-04 2.078897207284115256e-01 1.000000000000000000e+00
2.725000000000044054e-02 1.000000000000000048e-04 2.079902212596392852e-01 1.000000000000000000e+00
2.800000000000046896e-02 1.000000000000000048e-04 2.080906606150001448e-01 1.000000000000000000e+00
2.875000000000049738e-02 1.000000000000000048e-04 2.081910387258724404e-01 1.000000000000000000e+00
2.950000000000052580e-02 1.000000000000000048e-04 2.082913555238700143e-01 1.000000000000000000e+00
3.024999999999966604e-02 1.000000000000000048e-04 2.083916109408421868e-01 1.000000000000000000e+00
3.099999999999969447e-02 1.000000000000000048e-04 2.084918049088740344e-01 1.000000000000000000e+00
3.174999999999972289e-02 1.000000000000000048e-04 2.085919373602859173e-01 1.000000000000000000e+00
3.249999999999975131e-02 1.000000000000000048e-04 2.086920082276338961e-01 1.000000000000000000e+00
3.324999999999977973e-02 1.000000000000000048e-04 2.087920174437095655e-01 1.000000000000000000e+00
3.399999999999980815e-02 1.000000000000000048e-04 2.088919649415403312e-01 1.000000000000000000e+00
3.474999999999983658e-02 1.000000000000000048e-04 2.089918506543891052e-01 1.000000000000000000e+00
3.549999999999986500e-02 1.000000000000000048e-04 2.090916745157543333e-01 1.000000000000000000e+00
3.624999999999989342e-02 1.000000000000000048e-04 2.091914364593704945e-01 1.000000000000000000e+00
3.699999999999992184e-02 1.000000000000000048e-04 2.092911364192073242e-01 1.000000000000000000e+00
3.774999999999995026e-02 1.000000000000000048e-04 2.093907743294705637e-01 1.000000000000000000e+00
3.849999999999997868e-02 1.000000000000000048e-04 2.094903501246014599e-01 1.000000000000000000e+00
3.925000000000000711e-02 1.000000000000000048e-04 2.095898637392770714e-01 1.000000000000000000e+00
4.000000000000003553e-02 1.000000000000000048e-04 2.096893151084100737e-01 1.000000000000000000e+00
4.075000000000006395e-02 1.000000000000000048e-04 2.097887041671490094e-01 1.000000000000000000e+00
4.150000000000009237e-02 1.000000000000000048e-04 2.098880308508778991e-01 1.000000000000000000e+00
4.225000000000012079e-02 1.000000000000000048e-04 2.099872950952166861e-01 1.000000000000000000e+00
4.300000000000014921e-02 1.000000000000000048e-04 2.100864968360209029e-01 1.000000000000000000e+00
4.375000000000017764e-02 1.000000000000000048e-04 2.101856360093818377e-01 1.000000000000000000e+00
4.450000000000020606e-02 1.000000000000000048e-04 2.102847125516263960e-01 1.000000000000000000e+00
4.525000000000023448e-02 1.000000000000000048e-04 2.103837263993172946e-01 1.000000000000000000e+00
4.600000000000026290e-02 1.000000000000000048e-04 2.104826774892528396e-01 1.000000000000000000e+00
4.675000000000029132e-02 1.000000000000000048e-04 2.105815657584670930e-01 1.000000000000000000e+00
4.750000000000031974e-02 1.000000000000000048e-04 2.106803911442296506e-01 1.000000000000000000e+00
4.825000000000034817e-02 1.000000000000000048e-04 2.107791535840459196e-01 1.000000000000000000e+00
4.900000000000037659e-02 1.000000000000000048e-04 2.108778530156567854e-01 1.000000000000000000e+00
4.975000000000040501e-02 1.000000000000000048e-04 2.109764893770388339e-01 1.000000000000000000e+00
5.050000000000043343e-02 1.000000000000000048e-04 2.110750626064042679e-01 1.000000000000000000e+00
5.125000000000046185e-02 1.000000000000000048e-04 2.111735726422007409e-01 1.000000000000000000e+00
5.200000000000049027e-02 1.000000000000000048e-04 2.112720194231116067e-01 1.000000000000000000e+00
5.275000000000051870e-02 1.000000000000000048e-04 2.113704028880556973e-01 1.000000000000000000e+00
5.350000000000054712e-02 1.000000000000000048e-04 2.114687229761872678e-01 1.000000000000000000e+00
5.424999999999968736e-02 1.000000000000000048e-04 2.115669796268960234e-01 1.000000000000000000e+00
5.499999999999971578e-02 1.000000000000000048e-04 2.116651727798074534e-01 1.000000000000000000e+00
5.574999999999974420e-02 1.000000000000000048e-04 2.117633023747822196e-01 1.000000000000000000e+00
5.649999999999977263e-02 1.000000000000000048e-04 2.118613683519162127e-01 1.000000000000000000e+00
5.724999999999980105e-02 1.000000000000000048e-04 2.119593706515409959e-01 1.000000000000000000e+00
5.799999999999982947e-02 1.000000000000000048e-04 2.120573092142232774e-01 1.000000000000000000e+00
5.874999999999985789e-02 1.000000000000000048e-04 2.121551839807649942e-01 1.000000000000000000e+00
5.949999999999988631e-02 1.000000000000000048e-04 2.122529948922035337e-01 1.000000000000000000e+00
6.024999999999991473e-02 1.000000000000000048e-04 2.123507418898113730e-01 1.000000000000000000e+00
6.099999999999994316e-02 1.000000000000000048e-04 2.124484249150960791e-01 1.000000000000000000e+00
6.174999999999997158e-02 1.000000000000000048e-04 2.125460439098005305e-01 1.000000000000000000e+00
6.250000000000000000e-02 1.000000000000000048e-04 2.126435988159025015e-01 1.000000000000000000e+00
6.325000000000002842e-02 1.000000000000000048e-04 2.127410895756149944e-01 1.000000000000000000e+00
6.400000000000005684e-02 1.000000000000000048e-04 2.128385161313857687e-01 1.000000000000000000e+00
6.475000000000008527e-02 1.000000000000000048e-04 2.129358784258976456e-01 1.000000000000000000e+00
6.550000000000011369e-02 1.000000000000000048e-04 2.130331764020684249e-01 1.000000000000000000e+00
6.625000000000014211e-02 1.000000000000000048e-04 2.131304100030506077e-01 1.000000000000000000e+00
6.700000000000017053e-02 1.000000000000000048e-04 2.132275791722315905e-01 1.000000000000000000e+00
6.775000000000019895e-02 1.000000000000000048e-04 2.133246838532333323e-01 1.000000000000000000e+00
6.850000000000022737e-02 1.000000000000000048e-04 2.134217239899125762e-01 1.000000000000000000e+00
6.925000000000025580e-02 1.000000000000000048e-04 2.135186995263607113e-01 1.000000000000000000e+00
7.000000000000028422e-02 1.000000000000000048e-04 2.136156104069036887e-01 1.000000000000000000e+00
7.075000000000031264e-02 1.000000000000000048e-04 2.137124565761018280e-01 1.000000000000000000e+00
7.150000000000034106e-02 1.000000000000000048e-04 2.138092379787499275e-01 1.000000000000000000e+00
7.225000000000036948e-02 1.000000000000000048e-04 2.139059545598772649e-01 1.000000000000000000e+00
7.300000000000039790e-02 1.000000000000000048e-04 2.140026062647472915e-01 1.000000000000000000e+00
7.375000000000042633e-02 1.000000000000000048e-04 2.140991930388577713e-01 1.000000000000000000e+00
7.450000000000045475e-02 1.000000000000000048e-04 2.141957148279405032e-01 1.000000000000000000e+00
7.525000000000048317e-02 1.000000000000000048e-04 2.142921715779615988e-01 1.000000000000000000e+00
7.600000000000051159e-02 1.000000000000000048e-04 2.143885632351209547e-01 1.000000000000000000e+00
7.675000000000054001e-02 1.000000000000000048e-04 2.144848897458526416e-01 1.000000000000000000e+00
7.749999999999968026e-02 1.000000000000000048e-04 2.145811510568243485e-01 1.000000000000000000e+00
7.824999999999970868e-02 1.000000000000000048e-04 2.146773471149379109e-01 1.000000000000000000e+00
7.899999999999973710e-02 1.000000000000000048e-04 2.147734778673285605e-01 1.000000000000000000e+00
7.974999999999976552e-02 1.000000000000000048e-04 2.148695432613653422e-01 1.000000000000000000e+00
8.049999999999979394e-02 1.000000000000000048e-04 2.149655432446508363e-01 1.000000000000000000e+00
8.124999999999982236e-02 1.000000000000000048e-04 2.150614777650210474e-01 1.000000000000000000e+00
8.199999999999985079e-02 1.000000000000000048e-04 2.151573467705453768e-01 1.000000000000000000e+00
8.274999999999987921e-02 1.000000000000000048e-04 2.152531502095266502e-01 1.000000000000000000e+00
8.349999999999990763e-02 1.000000000000000048e-04 2.153488880305007291e-01 1.000000000000000000e+00
8.424999999999993605e-02 1.000000000000000048e-04 2.154445601822368439e-01 1.000000000000000000e+00
8.499999999999996447e-02 1.000000000000000048e-04 2.155401666137371219e-01 1.000000000000000000e+00
8.574999999999999289e-02 1.000000000000000048e-04 2.156357072742366154e-01 1.000000000000000000e+00
8.650000000000002132e-02 1.000000000000000048e-04 2.157311821132033569e-01 1.000000000000000000e+00
8.725000000000004974e-02 1.000000000000000048e-04 2.158265910803380261e-01 1.000000000000000000e+00
8.800000000000007816e-02 1.000000000000000048e-04 2.159219341255740610e-01 1.000000000000000000e+00
8.875000000000010658e-02 1.000000000000000048e-04 2.160172111990774357e-01 1.000000000000000000e+00
8.950000000000013500e-02 1.000000000000000048e-04 2.161124222512466608e-01 1.000000000000000000e+00
9.025000000000016342e-02 1.000000000000000048e-04 2.162075672327125608e-01 1.000000000000000000e+00
9.100000000000019185e-02 1.000000000000000048e-04 2.163026460943382467e-01 1.000000000000000000e+00
9.175000000000022027e-02 1.000000000000000048e-04 2.163976587872190049e-01 1.000000000000000000e+00
9.250000000000024869e-02 1.000000000000000048e-04 2.164926052626822139e-01 1.000000000000000000e+00
9.325000000000027711e-02 1.000000000000000048e-04 2.165874854722872334e-01 1.000000000000000000e+00
9.400000000000030553e-02 1.000000000000000048e-04 2.166822993678252929e-01 1.000000000000000000e+00
9.475000000000033396e-02 1.000000000000000048e-04 2.167770469013192425e-01 1.000000000000000000e+00
9.550000000000036238e-02 1.000000000000000048e-04 2.168717280250236912e-01 1.000000000000000000e+00
9.625000000000039080e-02 1.000000000000000048e-04 2.169663426914247850e-01 1.000000000000000000e+00
9.700000000000041922e-02 1.000000000000000048e-04 2.170608908532400405e-01 1.000000000000000000e+00
9.775000000000044764e-02 1.000000000000000048e-04 2.171553724634183447e-01 1.000000000000000000e+00
9.850000000000047606e-02 1.000000000000000048e-04 2.172497874751395663e-01 1.000000000000000000e+00
9.925000000000050449e-02 1.000000000000000048e-04 2.173441358418149449e-01 1.000000000000000000e+00
1.000000000000005329e-01 1.000000000000000048e-04 2.174384175170864797e-01 1.000000000000000000e+00
1.007499999999996732e-01 1.000000000000000048e-04 2.175326324548269019e-01 1.000000000000000000e+00
1.014999999999997016e-01 1.000000000000000048e-04 2.176267806091400914e-01 1.000000000000000000e+00
1.022499999999997300e-01 1.000000000000000048e-04 2.177208619343600493e-01 1.000000000000000000e+00
1.029999999999997584e-01 1.000000000000000048e-04 2.178148763850514813e-01 1.000000000000000000e+00
1.037499999999997868e-01 1.000000000000000048e-04 2.179088239160093532e-01 1.000000000000000000e+00
1.044999999999998153e-01 1.000000000000000048e-04 2.180027044822588356e-01 1.000000000000000000e+00
1.052499999999998437e-01 1.000000000000000048e-04 2.180965180390553315e-01 1.000000000000000000e+00
1.059999999999998721e-01 1.000000000000000048e-04 2.181902645418839770e-01 1.000000000000000000e+00
1.067499999999999005e-01 1.000000000000000048e-04 2.182839439464599185e-01 1.000000000000000000e+00
1.074999999999999289e-01 1.000000000000000048e-04 2.183775562087279243e-01 1.000000000000000000e+00
1.082499999999999574e-01 1.000000000000000048e-04 2.184711012848623013e-01 1.000000000000000000e+00
1.089999999999999858e-01 1.000000000000000048e-04 2.185645791312668673e-01 1.000000000000000000e+00
1.097500000000000142e-01 1.000000000000000048e-04 2.186579897045746734e-01 1.000000000000000000e+00
1.105000000000000426e-01 1.000000000000000048e-04 2.187513329616479207e-01 1.000000000000000000e+00
1.112500000000000711e-01 1.000000000000000048e-04 2.188446088595778494e-01 1.000000000000000000e+00
1.120000000000000995e-01 1.000000000000000048e-04 2.189378173556846552e-01 1.000000000000000000e+00
1.127500000000001279e-01 1.000000000000000048e-04 2.190309584075170735e-01 1.000000000000000000e+00
1.135000000000001563e-01 1.000000000000000048e-04 2.191240319728526287e-01 1.000000000000000000e+00
1.142500000000001847e-01 1.000000000000000048e-04 2.192170380096971349e-01 1.000000000000000000e+00
1.150000000000002132e-01 1.000000000000000048e-04 2.193099764762849457e-01 1.000000000000000000e+00
1.157500000000002416e-01 1.000000000000000048e-04 2.194028473310783434e-01 1.000000000000000000e+00
1.165000000000002700e-01 1.000000000000000048e-04 2.194956505327676222e-01 1.000000000000000000e+00
1.172500000000002984e-01 1.000000000000000048e-04 2.195883860402711441e-01 1.000000000000000000e+00
1.180000000000003268e-01 1.000000000000000048e-04 2.196810538127347834e-01 1.000000000000000000e+00
1.187500000000003553e-01 1.000000000000000048e-04 2.197736538095321490e-01 1.000000000000000000e+00
1.195000000000003837e-01 1.000000000000000048e-04 2.198661859902640292e-01 1.000000000000000000e+00
1.202500000000004121e-01 1.000000000000000048e-04 2.199586503147587246e-01 1.000000000000000000e+00
1.210000000000004405e-01 1.000000000000000048e-04 2.200510467430714379e-01 1.000000000000000000e+00
1.217500000000004690e-01 1.000000000000000048e-04 2.201433752354843842e-01 1.000000000000000000e+00
1.225000000000004974e-01 1.000000000000000048e-04 2.202356357525065977e-01 1.000000000000000000e+00
1.232500000000005258e-01 1.000000000000000048e-04 2.203278282548736533e-01 1.000000000000000000e+00
1.239999999999996660e-01 1.000000000000000048e-04 2.204199527035475559e-01 1.000000000000000000e+00
1.247499999999996945e-01 1.000000000000000048e-04 2.205120090597169902e-01 1.000000000000000000e+00
1.254999999999997229e-01 1.000000000000000048e-04 2.206039972847962105e-01 1.000000000000000000e+00
1.262499999999997513e-01 1.000000000000000048e-04 2.206959173404259289e-01 1.000000000000000000e+00
1.269999999999997797e-01 1.000000000000000048e-04 2.207877691884722882e-01 1.000000000000000000e+00
1.277499999999998082e-01 1.000000000000000048e-04 2.208795527910273615e-01 1.000000000000000000e+00
1.284999999999998366e-01 1.000000000000000048e-04 2.209712681104085141e-01 1.000000000000000000e+00
1.292499999999998650e-01 1.000000000000000048e-04 2.210629151091585420e-01 1.000000000000000000e+00
1.299999999999998934e-01 1.000000000000000048e-04 2.211544937500453112e-01 1.000000000000000000e+00
1.307499999999999218e-01 1.000000000000000048e-04 2.212460039960615910e-01 1.000000000000000000e+00
1.314999999999999503e-01 1.000000000000000048e-04 2.213374458104251652e-01 1.000000000000000000e+00
1.322499999999999787e-01 1.000000000000000048e-04 2.214288191565782216e-01 1.000000000000000000e+00
1.330000000000000071e-01 1.000000000000000048e-04 2.215201239981874071e-01 1.000000000000000000e+00
1.337500000000000355e-01 1.000000000000000048e-04 2.216113602991437448e-01 1.000000000000000000e+00
1.345000000000000639e-01 1.000000000000000048e-04 2.217025280235622176e-01 1.000000000000000000e+00
1.352500000000000924e-01 1.000000000000000048e-04 2.217936271357818512e-01 1.000000000000000000e+00
1.360000000000001208e-01 1.000000000000000048e-04 2.218846576003652704e-01 1.000000000000000000e+00
1.367500000000001492e-01 1.000000000000000048e-04 2.219756193820987544e-01 1.000000000000000000e+00
1.375000000000001776e-01 1.000000000000000048e-04 2.220665124459919315e-01 1.000000000000000000e+00
1.382500000000002061e-01 1.000000000000000048e-04 2.221573367572775293e-01 1.000000000000000000e+00
1.390000000000002345e-01 1.000000000000000048e-04 2.222480922814113746e-01 1.000000000000000000e+00
1.397500000000002629e-01 1.000000000000000048e-04 2.223387789840720052e-01 1.000000000000000000e+00
1.405000000000002913e-01 1.000000000000000048e-04 2.224293968311606695e-01 1.000000000000000000e+00
1.412500000000003197e-01 1.000000000000000048e-04 2.225199457888010490e-01 1.000000000000000000e+00
1.420000000000003482e-01 1.000000000000000048e-04 2.226104258233389810e-01 1.000000000000000000e+00
1.427500000000003766e-01 1.000000000000000048e-04 2.227008369013424582e-01 1.000000000000000000e+00
1.435000000000004050e-01 1.000000000000000048e-04 2.227911789896012684e-01 1.000000000000000000e+00
1.442500000000004334e-01 1.000000000000000048e-04 2.228814520551268830e-01 1.000000000000000000e+00
1.450000000000004619e-01 1.000000000000000048e-04 2.229716560651522905e-01 1.000000000000000000e+00
1.457500000000004903e-01 1.000000000000000048e-04 2.230617909871318028e-01 1.000000000000000000e+00
1.465000000000005187e-01 1.000000000000000048e-04 2.231518567887406934e-01 1.000000000000000000e+00
1.472500000000005471e-01 1.000000000000000048e-04 2.232418534378751429e-01 1.000000000000000000e+00
1.479999999999996874e-01 1.000000000000000048e-04 2.233317809026519607e-01 1.000000000000000000e+00
1.487499999999997158e-01 1.000000000000000048e-04 2.234216391514088351e-01 1.000000000000000000e+00
1.494999999999997442e-01 1.000000000000000048e-04 2.235114281527033064e-01 1.000000000000000000e+00
1.502499999999997726e-01 1.000000000000000048e-04 2.236011478753130444e-01 1.000000000000000000e+00
1.509999999999998010e-01 1.000000000000000048e-04 2.236907982882359036e-01 1.000000000000000000e+00
1.517499999999998295e-01 1.000000000000000048e-04 2.237803793606890079e-01 1.000000000000000000e+00
1.524999999999998579e-01 1.000000000000000048e-04 2.238698910621093052e-01 1.000000000000000000e+00
1.532499999999998863e-01 1.000000000000000048e-04 2.239593333621528459e-01 1.000000000000000000e+00
1.539999999999999147e-01 1.000000000000000048e-04 2.240487062306947830e-01 1.000000000000000000e+00
1.547499999999999432e-01 1.000000000000000048e-04 2.241380096378290387e-01 1.000000000000000000e+00
1.554999999999999716e-01 1.000000000000000048e-04 2.242272435538683051e-01 1.000000000000000000e+00
1.562500000000000000e-01 1.000000000000000048e-04 2.243164079493435992e-01 1.000000000000000000e+00
1.570000000000000284e-01 1.000000000000000048e-04 2.244055027950042080e-01 1.000000000000000000e+00
1.577500000000000568e-01 1.000000000000000048e-04 2.244945280618174943e-01 1.000000000000000000e+00
1.585000000000000853e-01 1.000000000000000048e-04 2.245834837209684520e-01 1.000000000000000000e+00
1.592500000000001137e-01 1.000000000000000048e-04 2.246723697438597345e-01 1.000000000000000000e+00
1.600000000000001421e-01 1.000000000000000048e-04 2.247611861021114599e-01 1.000000000000000000e+00
1.607500000000001705e-01 1.000000000000000048e-04 2.248499327675606563e-01 1.000000000000000000e+00
1.615000000000001990e-01 1.000000000000000048e-04 2.249386097122615391e-01 1.000000000000000000e+00
1.622500000000002274e-01 1.000000000000000048e-04 2.250272169084848450e-01 1.000000000000000000e+00
1.630000000000002558e-01 1.000000000000000048e-04 2.251157543287178875e-01 1.000000000000000000e+00
1.637500000000002842e-01 1.000000000000000048e-04 2.252042219456641126e-01 1.000000000000000000e+00
1.645000000000003126e-01 1.000000000000000048e-04 2.252926197322432655e-01 1.000000000000000000e+00
1.652500000000003411e-01 1.000000000000000048e-04 2.253809476615906970e-01 1.000000000000000000e+00
1.660000000000003695e-01 1.000000000000000048e-04 2.254692057070573907e-01 1.000000000000000000e+00
1.667500000000003979e-01 1.000000000000000048e-04 2.255573938422098246e-01 1.000000000000000000e+00
1.675000000000004263e-01 1.000000000000000048e-04 2.256455120408293602e-01 1.000000000000000000e+00
1.682500000000004547e-01 1.000000000000000048e-04 2.257335602769126037e-01 1.000000000000000000e+00
1.690000000000004832e-01 1.000000000000000048e-04 2.258215385246705731e-01 1.000000000000000000e+00
1.697500000000005116e-01 1.000000000000000048e-04 2.259094467585289201e-01 1.000000000000000000e+00
1.705000000000005400e-01 1.000000000000000048e-04 2.259972849531274308e-01 1.000000000000000000e+00
1.712499999999996803e-01 1.000000000000000048e-04 2.260850530833198313e-01 1.000000000000000000e+00
1.719999999999997087e-01 1.000000000000000048e-04 2.261727511241738708e-01 1.000000000000000000e+00
1.727499999999997371e-01 1.000000000000000048e-04 2.262603790509706003e-01 1.000000000000000000e+00
1.734999999999997655e-01 1.000000000000000048e-04 2.263479368392044000e-01 1.000000000000000000e+00
1.742499999999997939e-01 1.000000000000000048e-04 2.264354244645827574e-01 1.000000000000000000e+00
1.749999999999998224e-01 1.000000000000000048e-04 2.265228419030259344e-01 1.000000000000000000e+00
1.757499999999998508e-01 1.000000000000000048e-04 2.266101891306668559e-01 1.000000000000000000e+00
1.764999999999998792e-01 1.000000000000000048e-04 2.266974661238506661e-01 1.000000000000000000e+00
1.772499999999999076e-01 1.000000000000000048e-04 2.267846728591348671e-01 1.000000000000000000e+00
1.779999999999999361e-01 1.000000000000000048e-04 2.268718093132885139e-01 1.000000000000000000e+00
1.787499999999999645e-01 1.000000000000000048e-04 2.269588754632924921e-01 1.000000000000000000e+00
1.794999999999999929e-01 1.000000000000000048e-04 2.270458712863391293e-01 1.000000000000000000e+00
1.802500000000000213e-01 1.000000000000000048e-04 2.271327967598316677e-01 1.000000000000000000e+00
1.810000000000000497e-01 1.000000000000000048e-04 2.272196518613843752e-01 1.000000000000000000e+00
1.817500000000000782e-01 1.000000000000000048e-04 2.273064365688223232e-01 1.000000000000000000e+00
1.825000000000001066e-01 1.000000000000000048e-04 2.273931508601807483e-01 1.000000000000000000e+00
1.832500000000001350e-01 1.000000000000000048e-04 2.274797947137051357e-01 1.000000000000000000e+00
1.840000000000001634e-01 1.000000000000000048e-04 2.275663681078509137e-01 1.000000000000000000e+00
1.847500000000001918e-01 1.000000000000000048e-04 2.276528710212832596e-01 1.000000000000000000e+00
1.855000000000002203e-01 1.000000000000000048e-04 2.277393034328765720e-01 1.000000000000000000e+00
1.862500000000002487e-01 1.000000000000000048e-04 2.278256653217146099e-01 1.000000000000000000e+00
1.870000000000002771e-01 1.000000000000000048e-04 2.279119566670898545e-01 1.000000000000000000e+00
1.877500000000003055e-01 1.000000000000000048e-04 2.279981774485036472e-01 1.000000000000000000e+00
1.885000000000003340e-01 1.000000000000000048e-04 2.280843276456655799e-01 1.000000000000000000e+00
1.892500000000003624e-01 1.000000000000000048e-04 2.281704072384935778e-01 1.000000000000000000e+00
1.900000000000003908e-01 1.000000000000000048e-04 2.282564162071132607e-01 1.000000000000000000e+00
1.907500000000004192e-01 1.000000000000000048e-04 2.283423545318580272e-01 1.000000000000000000e+00
1.915000000000004476e-01 1.000000000000000048e-04 2.284282221932686374e-01 1.000000000000000000e+00
1.922500000000004761e-01 1.000000000000000048e-04 2.285140191720929637e-01 1.000000000000000000e+00
1.930000000000005045e-01 1.000000000000000048e-04 2.285997454492858516e-01 1.000000000000000000e+00
1.937500000000005329e-01 1.000000000000000048e-04 2.286854010060085651e-01 1.000000000000000000e+00
1.944999999999996732e-01 1.000000000000000048e-04 2.287709858236288418e-01 1.000000000000000000e+00
1.952499999999997016e-01 1.000000000000000048e-04 2.288564998837206987e-01 1.000000000000000000e+00
1.959999999999997300e-01 1.000000000000000048e-04 2.289419431680636274e-01 1.000000000000000000e+00
1.967499999999997584e-01 1.000000000000000048e-04 2.290273156586429271e-01 1.000000000000000000e+00
1.974999999999997868e-01 1.000000000000000048e-04 2.291126173376491215e-01 1.000000000000000000e+00
1.982499999999998153e-01 1.000000000000000048e-04 2.291978481874777651e-01 1.000000000000000000e+00
1.989999999999998437e-01 1.000000000000000048e-04 2.292830081907293038e-01 1.000000000000000000e+00
1.997499999999998721e-01 1.000000000000000048e-04 2.293680973302085757e-01 1.000000000000000000e+00
2.004999999999999005e-01 1.000000000000000048e-04 2.294531155889246166e-01 1.000000000000000000e+00
2.012499999999999289e-01 1.000000000000000048e-04 2.295380629500906322e-01 1.000000000000000000e+00
2.019999999999999574e-01 1.000000000000000048e-04 2.296229393971233879e-01 1.000000000000000000e+00
2.027499999999999858e-01 1.000000000000000048e-04 2.297077449136430971e-01 1.000000000000000000e+00
2.035000000000000142e-01 1.000000000000000048e-04 2.297924794834732554e-01 1.000000000000000000e+00
2.042500000000000426e-01 1.000000000000000048e-04 2.298771430906400570e-01 1.000000000000000000e+00
2.050000000000000711e-01 1.000000000000000048e-04 2.299617357193725620e-01 1.000000000000000000e+00
2.057500000000000995e-01 1.000000000000000048e-04 2.300462573541020572e-01 1.000000000000000000e+00
2.065000000000001279e-01 1.000000000000000048e-04 2.301307079794618349e-01 1.000000000000000000e+00
2.072500000000001563e-01 1.000000000000000048e-04 2.302150875802871366e-01 1.000000000000000000e+00
2.080000000000001847e-01 1.000000000000000048e-04 2.302993961416147650e-01 1.000000000000000000e+00
2.087500000000002132e-01 1.000000000000000048e-04 2.303836336486825842e-01 1.000000000000000000e+00
2.095000000000002416e-01 1.000000000000000048e-04 2.304678000869296584e-01 1.000000000000000000e+00
2.102500000000002700e-01 1.000000000000000048e-04 2.305518954419955024e-01 1.000000000000000000e+00
2.110000000000002984e-01 1.000000000000000048e-04 2.306359196997204153e-01 1.000000000000000000e+00
2.117500000000003268e-01 1.000000000000000048e-04 2.307198728461444803e-01 1.000000000000000000e+00
2.125000000000003553e-01 1.000000000000000048e-04 2.308037548675079820e-01 1.000000000000000000e+00
2.132500000000003837e-01 1.000000000000000048e-04 2.308875657502504064e-01 1.000000000000000000e+00
2.140000000000004121e-01 1.000000000000000048e-04 2.309713054810109689e-01 1.000000000000000000e+00
2.147500000000004405e-01 1.000000000000000048e-04 2.310549740466276147e-01 1.000000000000000000e+00
2.155000000000004690e-01 1.000000000000000048e-04 2.311385714341371578e-01 1.000000000000000000e+00
2.162500000000004974e-01 1.000000000000000048e-04 2.312220976307748366e-01 1.000000000000000000e+00
2.170000000000005258e-01 1.000000000000000048e-04 2.313055526239740922e-01 1.000000000000000000e+00
2.177499999999996660e-01 1.000000000000000048e-04 2.313889364013661520e-01 1.000000000000000000e+00
2.184999999999996945e-01 1.000000000000000048e-04 2.314722489507801961e-01 1.000000000000000000e+00
2.192499999999997229e-01 1.000000000000000048e-04 2.315554902602422471e-01 1.000000000000000000e+00
2.199999999999997513e-01 1.000000000000000048e-04 2.316386603179757253e-01 1.000000000000000000e+00
2.207499999999997797e-01 1.000000000000000048e-04 2.317217591124006437e-01 1.000000000000000000e+00
2.214999999999998082e-01 1.000000000000000048e-04 2.318047866321334693e-01 1.000000000000000000e+00
2.222499999999998366e-01 1.000000000000000048e-04 2.318877428659869844e-01 1.000000000000000000e+00
2.229999999999998650e-01 1.000000000000000048e-04 2.319706278029695645e-01 1.000000000000000000e+00
2.237499999999998934e-01 1.000000000000000048e-04 2.320534414322855954e-01 1.000000000000000000e+00
2.244999999999999218e-01 1.000000000000000048e-04 2.321361837433343345e-01 1.000000000000000000e+00
2.252499999999999503e-01 1.000000000000000048e-04 2.322188547257104385e-01 1.000000000000000000e+00
2.259999999999999787e-01 1.000000000000000048e-04 2.323014543692029088e-01 1.000000000000000000e+00
2.267500000000000071e-01 1.000000000000000048e-04 2.323839826637954797e-01 1.000000000000000000e+00
2.275000000000000355e-01 1.000000000000000048e-04 2.324664395996658972e-01 1.000000000000000000e+00
2.282500000000000639e-01 1.000000000000000048e-04 2.325488251671857243e-01 1.000000000000000000e+00
2.290000000000000924e-01 1.000000000000000048e-04 2.326311393569201469e-01 1.000000000000000000e+00
2.297500000000001208e-01 1.000000000000000048e-04 2.327133821596274188e-01 1.000000000000000000e+00
2.305000000000001492e-01 1.000000000000000048e-04 2.327955535662590836e-01 1.000000000000000000e+00
2.312500000000001776e-01 1.000000000000000048e-04 2.328776535679589199e-01 1.000000000000000000e+00
2.320000000000002061e-01 1.000000000000000048e-04 2.329596821560634134e-01 1.000000000000000000e+00
2.327500000000002345e-01 1.000000000000000048e-04 2.330416393221009796e-01 1.000000000000000000e+00
2.335000000000002629e-01 1.000000000000000048e-04 2.331235250577917417e-01 1.000000000000000000e+00
2.342500000000002913e-01 1.000000000000000048e-04 2.332053393550473919e-01 1.000000000000000000e+00
2.350000000000003197e-01 1.000000000000000048e-04 2.332870822059706917e-01 1.000000000000000000e+00
2.357500000000003482e-01 1.000000000000000048e-04 2.333687536028553611e-01 1.000000000000000000e+00
2.365000000000003766e-01 1.000000000000000048e-04 2.334503535381856343e-01 1.000000000000000000e+00
2.372500000000004050e-01 1.000000000000000048e-04 2.335318820046359267e-01 1.000000000000000000e+00
2.380000000000004334e-01 1.000000000000000048e-04 2.336133389950707517e-01 1.000000000000000000e+00
2.387500000000004619e-01 1.000000000000000048e-04 2.336947245025441933e-01 1.000000000000000000e+00
2.395000000000004903e-01 1.000000000000000048e-04 2.337760385202997671e-01 1.000000000000000000e+00
2.402500000000005187e-01 1.000000000000000048e-04 2.338572810417698933e-01 1.000000000000000000e+00
2.410000000000005471e-01 1.000000000000000048e-04 2.339384520605758688e-01 1.000000000000000000e+00
2.417499999999996874e-01 1.000000000000000048e-04 2.340195515705273399e-01 1.000000000000000000e+00
2.424999999999997158e-01 1.000000000000000048e-04 2.341005795656222188e-01 1.000000000000000000e+00
2.432499999999997442e-01 1.000000000000000048e-04 2.341815360400461565e-01 1.000000000000000000e+00
2.439999999999997726e-01 1.000000000000000048e-04 2.342624209881721820e-01 1.000000000000000000e+00
2.447499999999998010e-01 1.000000000000000048e-04 2.343432344045608129e-01 1.000000000000000000e+00
2.454999999999998295e-01 1.000000000000000048e-04 2.344239762839592511e-01 1.000000000000000000e+00
2.462499999999998579e-01 1.000000000000000048e-04 2.345046466213014380e-01 1.000000000000000000e+00
2.469999999999998863e-01 1.000000000000000048e-04 2.345852454117074437e-01 1.000000000000000000e+00
2.477499999999999147e-01 1.000000000000000048e-04 2.346657726504835229e-01 1.000000000000000000e+00
2.484999999999999432e-01 1.000000000000000048e-04 2.347462283331213651e-01 1.000000000000000000e+00
2.492499999999999716e-01 1.000000000000000048e-04 2.348266124552982059e-01 1.000000000000000000e+00
2.500000000000000000e-01 1.000000000000000048e-04 2.349069250128761888e-01 1.000000000000000000e+00
