-5.000000000000000000e+00 1.000000000000000048e-04 1.000000000000000048e-04 1.000000000000000000e+00
-4.999249999999999972e+00 1.000000000000000048e-04 1.000000000000000048e-04 1.000000000000000000e+00
-4.998499999999999943e+00 1.000000000000000048e-04 1.000000000000000048e-04 1.000000000000000000e+00
-4.997749999999999915e+00 1.000000000000000048e-04 1.000000000000000048e-04 1.000000000000000000e+00
-4.996999999999999886e+00 1.000000000000000048e-04 1.000000000000000048e-04 1.000000000000000000e+00
-4.996249999999999858e+00 1.000000000000000048e-04 1.000000000000000048e-04 1.000000000000000000e+00
-4.995499999999999829e+00 1.000000000000000048e-04 1.000000000000000048e-04 1.000000000000000000e+00
-4.994749999999999801e+00 1.000000000000000048e-04 1.000000000000000048e-04 1.000000000000000000e+00
-4.993999999999999773e+00 1.000000000000000048e-04 1.000000000000000048e-04 1.000000000000000000e+00
-4.993249999999999744e+00 1.000000000000000048e-04 1.000000000000000048e-04 1.000000000000000000e+00
-4.992499999999999716e+00 1.000000000000000048e-04 1.000000000000000048e-04 1.000000000000000000e+00
-4.991749999999999687e+00 1.000000000000000048e-04 1.000000000000000048e-04 1.000000000000000000e+00
-4.990999999999999659e+00 1.000000000000000048e-04 1.000000000000000048e-04 1.000000000000000000e+00
-4.990249999999999631e+00 1.000000000000000048e-04 1.000000000000000048e-04 1.000000000000000000e+00
-4.989499999999999602e+00 1.000000000000000048e-04 1.000000000000000048e-04 1.000000000000000000e+00
-4.988749999999999574e+00 1.000000000000000048e-04 1.000000000000000048e-04 1.000000000000000000e+00
-4.988000000000000433e+00 1.000000000000000048e-04 1.000000000000000048e-04 1.000000000000000000e+00
-4.987250000000000405e+00 1.000000000000000048e-04 1.000000000000000048e-04 1.000000000000000000e+00
-4.986500000000000377e+00 1.000000000000000048e-04 1.000000000000000048e-04 1.000000000000000000e+00
-4.985750000000000348e+00 1.000000000000000048e-04 1.000000000000000048e-04 1.000000000000000000e+00
-4.985000000000000320e+00 1.000000000000000048e-04 1.000000000000000048e-04 1.000000000000000000e+00
-4.984250000000000291e+00 1.000000000000000048e-04 1.000000000000000048e-04 1.000000000000000000e+00
-4.983500000000000263e+00 1.000000000000000048e-04 1.000000000000000048e-04 1.000000000000000000e+00
-4.982750000000000234e+00 1.000000000000000048e-04 1.000000000000000048e-04 1.000000000000000000e+00
-4.982000000000000206e+00 1.000000000000000048e-04 1.000000000000000048e-04 1.000000000000000000e+00
-4.981250000000000178e+00 1.000000000000000048e-04 1.000000000000000048e-04 1.000000000000000000e+00
-4.980500000000000149e+00 1.000000000000000048e-04 1.000000000000000048e-04 1.000000000000000000e+00
-4.979750000000000121e+00 1.000000000000000048e-04 1.000000000000000048e-04 1.000000000000000000e+00
-4.979000000000000092e+00 1.000000000000000048e-04 1.000000000000000048e-04 1.000000000000000000e+00
-4.978250000000000064e+00 1.000000000000000048e-04 1.000000000000000048e-04 1.000000000000000000e+00
-4.977500000000000036e+00 1.000000000000000048e-04 1.000000000000000048e-04 1.000000000000000000e+00
-4.976750000000000007e+00 1.000000000000000048e-04 1.000000000000000048e-04 1.000000000000000000e+00
-4.975999999999999979e+00 1.000000000000000048e-04 1.000000000000000048e-04 1.000000000000000000e+00
-4.975249999999999950e+00 1.000000000000000048e-04 1.000000000000000048e-04 1.000000000000000000e+00
-4.974499999999999922e+00 1.000000000000000048e-04 1.000000000000000048e-04 1.000000000000000000e+00
-4.973749999999999893e+00 1.000000000000000048e-04 1.000000000000000048e-04 1.000000000000000000e+00
-4.972999999999999865e+00 1.000000000000000048e-04 1.000000000000000048e-04 1.000000000000000000e+00
-4.972249999999999837e+00 1.000000000000000048e-04 1.000000000000000048e-04 1.000000000000000000e+00
-4.971499999999999808e+00 1.000000000000000048e-04 1.000000000000000048e-04 1.000000000000000000e+00
-4.970749999999999780e+00 1.000000000000000048e-04 1.000000000000000048e-04 1.000000000000000000e+00
-4.969999999999999751e+00 1.000000000000000048e-04 1.000000000000000048e-04 1.000000000000000000e+00
-4.969249999999999723e+00 1.000000000000000048e-04 1.000000000000000048e-04 1.000000000000000000e+00
-4.968499999999999694e+00 1.000000000000000048e-04 1.000000000000000048e-04 1.000000000000000000e+00
-4.967749999999999666e+00 1.000000000000000048e-04 1.000000000000000048e-04 1.000000000000000000e+00
-4.966999999999999638e+00 1.000000000000000048e-04 1.000000000000000048e-04 1.000000000000000000e+00
-4.966249999999999609e+00 1.000000000000000048e-04 1.000000000000000048e-04 1.000000000000000000e+00
-4.965499999999999581e+00 1.000000000000000048e-04 1.000000000000000048e-04 1.000000000000000000e+00
-4.964750000000000441e+00 1.000000000000000048e-04 1.000000000000000048e-04 1.000000000000000000e+00
-4.964000000000000412e+00 1.000000000000000048e-04 1.000000000000000048e-04 1.000000000000000000e+00
-4.963250000000000384e+00 1.000000000000000048e-04 1.000000000000000048e-04 1.000000000000000000e+00
-4.962500000000000355e+00 1.000000000000000048e-04 1.000000000000000048e-04 1.000000000000000000e+00
-4.961750000000000327e+00 1.000000000000000048e-04 1.000000000000000048e-04 1.000000000000000000e+00
-4.961000000000000298e+00 1.000000000000000048e-04 1.000000000000000048e-04 1.000000000000000000e+00
-4.960250000000000270e+00 1.000000000000000048e-04 1.000000000000000048e-04 1.000000000000000000e+00
-4.959500000000000242e+00 1.000000000000000048e-04 1.000000000000000048e-04 1.000000000000000000e+00
-4.958750000000000213e+00 1.000000000000000048e-04 1.000000000000000048e-04 1.000000000000000000e+00
-4.958000000000000185e+00 1.000000000000000048e-04 1.000000000000000048e-04 1.000000000000000000e+00
-4.957250000000000156e+00 1.000000000000000048e-04 1.000000000000000048e-04 1.000000000000000000e+00
-4.956500000000000128e+00 1.000000000000000048e-04 1.000000000000000048e-04 1.000000000000000000e+00
-4.955750000000000099e+00 1.000000000000000048e-04 1.000000000000000048e-04 1.000000000000000000e+00
-4.955000000000000071e+00 1.000000000000000048e-04 1.000000000000000048e-04 1.000000000000000000e+00
-4.954250000000000043e+00 1.000000000000000048e-04 1.000000000000000048e-04 1.000000000000000000e+00
-4.953500000000000014e+00 1.000000000000000048e-04 1.000000000000000048e-04 1.000000000000000000e+00
-4.952749999999999986e+00 1.000000000000000048e-04 1.000000000000000048e-04 1.000000000000000000e+00
-4.951999999999999957e+00 1.000000000000000048e-04 1.000000000000000048e-04 1.000000000000000000e+00
-4.951249999999999929e+00 1.000000000000000048e-04 1.000000000000000048e-04 1.000000000000000000e+00
-4.950499999999999901e+00 1.000000000000000048e-04 1.000000000000000048e-04 1.000000000000000000e+00
-4.949749999999999872e+00 1.000000000000000048e-04 1.000000000000000048e-04 1.000000000000000000e+00
-4.948999999999999844e+00 1.000000000000000048e-04 1.000000000000000048e-04 1.000000000000000000e+00
-4.948249999999999815e+00 1.000000000000000048e-04 1.000000000000000048e-04 1.000000000000000000e+00
-4.947499999999999787e+00 1.000000000000000048e-04 1.000000000000000048e-04 1.000000000000000000e+00
-4.946749999999999758e+00 1.000000000000000048e-04 1.000000000000000048e-04 1.000000000000000000e+00
-4.945999999999999730e+00 1.000000000000000048e-04 1.000000000000000048e-04 1.000000000000000000e+00
-4.945249999999999702e+00 1.000000000000000048e-04 1.000000000000000048e-04 1.000000000000000000e+00
-4.944499999999999673e+00 1.000000000000000048e-04 1.000000000000000048e-04 1.000000000000000000e+00
-4.943749999999999645e+00 1.000000000000000048e-04 1.000000000000000048e-04 1.000000000000000000e+00
-4.942999999999999616e+00 1.000000000000000048e-04 1.000000000000000048e-04 1.000000000000000000e+00
-4.942249999999999588e+00 1.000000000000000048e-04 1.000000000000000048e-04 1.000000000000000000e+00
-4.941499999999999559e+00 1.000000000000000048e-04 1.000000000000000048e-04 1.000000000000000000e+00
-4.940750000000000419e+00 1.000000000000000048e-04 1.000000000000000048e-04 1.000000000000000000e+00
-4.940000000000000391e+00 1.000000000000000048e-04 1.000000000000000048e-04 1.000000000000000000e+00
-4.939250000000000362e+00 1.000000000000000048e-04 1.000000000000000048e-04 1.000000000000000000e+00
-4.938500000000000334e+00 1.000000000000000048e-04 1.000000000000000048e-04 1.000000000000000000e+00
-4.937750000000000306e+00 1.000000000000000048e-04 1.000000000000000048e-04 1.000000000000000000e+00
-4.937000000000000277e+00 1.000000000000000048e-04 1.000000000000000048e-04 1.000000000000000000e+00
-4.936250000000000249e+00 1.000000000000000048e-04 1.000000000000000048e-04 1.000000000000000000e+00
-4.935500000000000220e+00 1.000000000000000048e-04 1.000000000000000048e-04 1.000000000000000000e+00
-4.934750000000000192e+00 1.000000000000000048e-04 1.000000000000000048e-04 1.000000000000000000e+00
-4.934000000000000163e+00 1.000000000000000048e-04 1.000000000000000048e-04 1.000000000000000000e+00
-4.933250000000000135e+00 1.000000000000000048e-04 1.000000000000000048e-04 1.000000000000000000e+00
-4.932500000000000107e+00 1.000000000000000048e-04 1.000000000000000048e-04 1.000000000000000000e+00
-4.931750000000000078e+00 1.000000000000000048e-04 1.000000000000000048e-04 1.000000000000000000e+00
-4.931000000000000050e+00 1.000000000000000048e-04 1.000000000000000048e-04 1.000000000000000000e+00
-4.930250000000000021e+00 1.000000000000000048e-04 1.000000000000000048e-04 1.000000000000000000e+00
-4.929499999999999993e+00 1.000000000000000048e-04 1.000000000000000048e-04 1.000000000000000000e+00
-4.928749999999999964e+00 1.000000000000000048e-04 1.000000000000000048e-04 1.000000000000000000e+00
-4.927999999999999936e+00 1.000000000000000048e-04 1.000000000000000048e-04 1.000000000000000000e+00
-4.927249999999999908e+00 1.000000000000000048e-04 1.000000000000000048e-04 1.000000000000000000e+00
-4.926499999999999879e+00 1.000000000000000048e-04 1.000000000000000048e-04 1.000000000000000000e+00
-4.925749999999999851e+00 1.000000000000000048e-04 1.000000000000000048e-04 1.000000000000000000e+00
-4.924999999999999822e+00 1.000000000000000048e-04 1.000000000000000048e-04 1.000000000000000000e+00
-4.924249999999999794e+00 1.000000000000000048e-04 1.000000000000000048e-04 1.000000000000000000e+00
-4.923499999999999766e+00 1.000000000000000048e-04 1.000000000000000048e-04 1.000000000000000000e+00
-4.922749999999999737e+00 1.000000000000000048e-04 1.000000000000000048e-04 1.000000000000000000e+00
-4.921999999999999709e+00 1.000000000000000048e-04 1.000000000000000048e-04 1.000000000000000000e+00
-4.921249999999999680e+00 1.000000000000000048e-04 1.000000000000000048e-04 1.000000000000000000e+00
-4.920499999999999652e+00 1.000000000000000048e-04 1.000000000000000048e-04 1.000000000000000000e+00
-4.919749999999999623e+00 1.000000000000000048e-04 1.000000000000000048e-04 1.000000000000000000e+00
-4.918999999999999595e+00 1.000000000000000048e-04 1.000000000000000048e-04 1.000000000000000000e+00
-4.918249999999999567e+00 1.000000000000000048e-04 1.000000000000000048e-04 1.000000000000000000e+00
-4.917500000000000426e+00 1.000000000000000048e-04 1.000000000000000048e-04 1.000000000000000000e+00
-4.916750000000000398e+00 1.000000000000000048e-04 1.000000000000000048e-04 1.000000000000000000e+00
-4.916000000000000369e+00 1.000000000000000048e-04 1.000000000000000048e-04 1.000000000000000000e+00
-4.915250000000000341e+00 1.000000000000000048e-04 1.000000000000000048e-04 1.000000000000000000e+00
-4.914500000000000313e+00 1.000000000000000048e-04 1.000000000000000048e-04 1.000000000000000000e+00
-4.913750000000000284e+00 1.000000000000000048e-04 1.000000000000000048e-04 1.000000000000000000e+00
-4.913000000000000256e+00 1.000000000000000048e-04 1.000000000000000048e-04 1.000000000000000000e+00
-4.912250000000000227e+00 1.000000000000000048e-04 1.000000000000000048e-04 1.000000000000000000e+00
-4.911500000000000199e+00 1.000000000000000048e-04 1.000000000000000048e-04 1.000000000000000000e+00
-4.910750000000000171e+00 1.000000000000000048e-04 1.000000000000000048e-04 1.000000000000000000e+00
-4.910000000000000142e+00 1.000000000000000048e-04 1.000000000000000048e-04 1.000000000000000000e+00
-4.909250000000000114e+00 1.000000000000000048e-04 1.000000000000000048e-04 1.000000000000000000e+00
-4.908500000000000085e+00 1.000000000000000048e-04 1.000000000000000048e-04 1.000000000000000000e+00
-4.907750000000000057e+00 1.000000000000000048e-04 1.000000000000000048e-04 1.000000000000000000e+00
-4.907000000000000028e+00 1.000000000000000048e-04 1.000000000000000048e-04 1.000000000000000000e+00
-4.906250000000000000e+00 1.000000000000000048e-04 1.000000000000000048e-04 1.000000000000000000e+00
-4.905499999999999972e+00 1.000000000000000048e-04 1.000000000000000048e-04 1.000000000000000000e+00
-4.904749999999999943e+00 1.000000000000000048e-04 1.000000000000000048e-04 1.000000000000000000e+00
-4.903999999999999915e+00 1.000000000000000048e-04 1.000000000000000048e-04 1.000000000000000000e+00
-4.903249999999999886e+00 1.000000000000000048e-04 1.000000000000000048e-04 1.000000000000000000e+00
-4.902499999999999858e+00 1.000000000000000048e-04 1.000000000000000048e-04 1.000000000000000000e+00
-4.901749999999999829e+00 1.000000000000000048e-04 1.000000000000000048e-04 1.000000000000000000e+00
-4.900999999999999801e+00 1.000000000000000048e-04 1.000000000000000048e-04 1.000000000000000000e+00
-4.900249999999999773e+00 1.000000000000000048e-04 1.000000000000000048e-04 1.000000000000000000e+00
-4.899499999999999744e+00 1.000000000000000048e-04 1.000000000000000048e-04 1.000000000000000000e+00
-4.898749999999999716e+00 1.000000000000000048e-04 1.000000000000000048e-04 1.000000000000000000e+00
-4.897999999999999687e+00 1.000000000000000048e-04 1.000000000000000048e-04 1.000000000000000000e+00
-4.897249999999999659e+00 1.000000000000000048e-04 1.000000000000000048e-04 1.000000000000000000e+00
-4.896499999999999631e+00 1.000000000000000048e-04 1.000000000000000048e-04 1.000000000000000000e+00
-4.895749999999999602e+00 1.000000000000000048e-04 1.000000000000000048e-04 1.000000000000000000e+00
-4.894999999999999574e+00 1.000000000000000048e-04 1.000000000000000048e-04 1.000000000000000000e+00
-4.894250000000000433e+00 1.000000000000000048e-04 1.000000000000000048e-04 1.000000000000000000e+00
-4.893500000000000405e+00 1.000000000000000048e-04 1.000000000000000048e-04 1.000000000000000000e+00
-4.892750000000000377e+00 1.000000000000000048e-04 1.000000000000000048e-04 1.000000000000000000e+00
-4.892000000000000348e+00 1.000000000000000048e-04 1.000000000000000048e-04 1.000000000000000000e+00
-4.891250000000000320e+00 1.000000000000000048e-04 1.000000000000000048e-04 1.000000000000000000e+00
-4.890500000000000291e+00 1.000000000000000048e-04 1.000000000000000048e-04 1.000000000000000000e+00
-4.889750000000000263e+00 1.000000000000000048e-04 1.000000000000000048e-04 1.000000000000000000e+00
-4.889000000000000234e+00 1.000000000000000048e-04 1.000000000000000048e-04 1.000000000000000000e+00
-4.888250000000000206e+00 1.000000000000000048e-04 1.000000000000000048e-04 1.000000000000000000e+00
-4.887500000000000178e+00 1.000000000000000048e-04 1.000000000000000048e-04 1.000000000000000000e+00
-4.886750000000000149e+00 1.000000000000000048e-04 1.000000000000000048e-04 1.000000000000000000e+00
-4.886000000000000121e+00 1.000000000000000048e-04 1.000000000000000048e-04 1.000000000000000000e+00
-4.885250000000000092e+00 1.000000000000000048e-04 1.000000000000000048e-04 1.000000000000000000e+00
-4.884500000000000064e+00 1.000000000000000048e-04 1.000000000000000048e-04 1.000000000000000000e+00
-4.883750000000000036e+00 1.000000000000000048e-04 1.000000000000000048e-04 1.000000000000000000e+00
-4.883000000000000007e+00 1.000000000000000048e-04 1.000000000000000048e-04 1.000000000000000000e+00
-4.882249999999999979e+00 1.000000000000000048e-04 1.000000000000000048e-04 1.000000000000000000e+00
-4.881499999999999950e+00 1.000000000000000048e-04 1.000000000000000048e-04 1.000000000000000000e+00
-4.880749999999999922e+00 1.000000000000000048e-04 1.000000000000000048e-04 1.000000000000000000e+00
-4.879999999999999893e+00 1.000000000000000048e-04 1.000000000000000048e-04 1.000000000000000000e+00
-4.879249999999999865e+00 1.000000000000000048e-04 1.000000000000000048e-04 1.000000000000000000e+00
-4.878499999999999837e+00 1.000000000000000048e-04 1.000000000000000048e-04 1.000000000000000000e+00
-4.877749999999999808e+00 1.000000000000000048e-04 1.000000000000000048e-04 1.000000000000000000e+00
-4.876999999999999780e+00 1.000000000000000048e-04 1.000000000000000048e-04 1.000000000000000000e+00
-4.876249999999999751e+00 1.000000000000000048e-04 1.000000000000000048e-04 1.000000000000000000e+00
-4.875499999999999723e+00 1.000000000000000048e-04 1.000000000000000048e-04 1.000000000000000000e+00
-4.874749999999999694e+00 1.000000000000000048e-04 1.000000000000000048e-04 1.000000000000000000e+00
-4.873999999999999666e+00 1.000000000000000048e-04 1.000000000000000048e-04 1.000000000000000000e+00
-4.873249999999999638e+00 1.000000000000000048e-04 1.000000000000000048e-04 1.000000000000000000e+00
-4.872499999999999609e+00 1.000000000000000048e-04 1.000000000000000048e-04 1.000000000000000000e+00
-4.871749999999999581e+00 1.000000000000000048e-04 1.000000000000000048e-04 1.000000000000000000e+00
-4.871000000000000441e+00 1.000000000000000048e-04 1.000000000000000048e-04 1.000000000000000000e+00
-4.870250000000000412e+00 1.000000000000000048e-04 1.000000000000000048e-04 1.000000000000000000e+00
-4.869500000000000384e+00 1.000000000000000048e-04 1.000000000000000048e-04 1.000000000000000000e+00
-4.868750000000000355e+00 1.000000000000000048e-04 1.000000000000000048e-04 1.000000000000000000e+00
-4.868000000000000327e+00 1.000000000000000048e-04 1.000000000000000048e-04 1.000000000000000000e+00
-4.867250000000000298e+00 1.000000000000000048e-04 1.000000000000000048e-04 1.000000000000000000e+00
-4.866500000000000270e+00 1.000000000000000048e-04 1.000000000000000048e-04 1.000000000000000000e+00
-4.865750000000000242e+00 1.000000000000000048e-04 1.000000000000000048e-04 1.000000000000000000e+00
-4.865000000000000213e+00 1.000000000000000048e-04 1.000000000000000048e-04 1.000000000000000000e+00
-4.864250000000000185e+00 1.000000000000000048e-04 1.000000000000000048e-04 1.000000000000000000e+00
-4.863500000000000156e+00 1.000000000000000048e-04 1.000000000000000048e-04 1.000000000000000000e+00
-4.862750000000000128e+00 1.000000000000000048e-04 1.000000000000000048e-04 1.000000000000000000e+00
-4.862000000000000099e+00 1.000000000000000048e-04 1.000000000000000048e-04 1.000000000000000000e+00
-4.861250000000000071e+00 1.000000000000000048e-04 1.000000000000000048e-04 1.000000000000000000e+00
-4.860500000000000043e+00 1.000000000000000048e-04 1.000000000000000048e-04 1.000000000000000000e+00
-4.859750000000000014e+00 1.000000000000000048e-04 1.000000000000000048e-04 1.000000000000000000e+00
-4.858999999999999986e+00 1.000000000000000048e-04 1.000000000000000048e-04 1.000000000000000000e+00
-4.858249999999999957e+00 1.000000000000000048e-04 1.000000000000000048e-04 1.000000000000000000e+00
-4.857499999999999929e+00 1.000000000000000048e-04 1.000000000000000048e-04 1.000000000000000000e+00
-4.856749999999999901e+00 1.000000000000000048e-04 1.000000000000000048e-04 1.000000000000000000e+00
-4.855999999999999872e+00 1.000000000000000048e-04 1.000000000000000048e-04 1.000000000000000000e+00
-4.855249999999999844e+00 1.000000000000000048e-04 1.000000000000000048e-04 1.000000000000000000e+00
-4.854499999999999815e+00 1.000000000000000048e-04 1.000000000000000048e-04 1.000000000000000000e+00
-4.853749999999999787e+00 1.000000000000000048e-04 1.000000000000000048e-04 1.000000000000000000e+00
-4.852999999999999758e+00 1.000000000000000048e-04 1.000000000000000048e-04 1.000000000000000000e+00
-4.852249999999999730e+00 1.000000000000000048e-04 1.000000000000000048e-04 1.000000000000000000e+00
-4.851499999999999702e+00 1.000000000000000048e-04 1.000000000000000048e-04 1.000000000000000000e+00
-4.850749999999999673e+00 1.000000000000000048e-04 1.000000000000000048e-04 1.000000000000000000e+00
-4.849999999999999645e+00 1.000000000000000048e-04 1.000000000000000048e-04 1.000000000000000000e+00
-4.849249999999999616e+00 1.000000000000000048e-04 1.000000000000000048e-04 1.000000000000000000e+00
-4.848499999999999588e+00 1.000000000000000048e-04 1.000000000000000048e-04 1.000000000000000000e+00
-4.847749999999999559e+00 1.000000000000000048e-04 1.000000000000000048e-04 1.000000000000000000e+00
-4.847000000000000419e+00 1.000000000000000048e-04 1.000000000000000048e-04 1.000000000000000000e+00
-4.846250000000000391e+00 1.000000000000000048e-04 1.000000000000000048e-04 1.000000000000000000e+00
-4.845500000000000362e+00 1.000000000000000048e-04 1.000000000000000048e-04 1.000000000000000000e+00
-4.844750000000000334e+00 1.000000000000000048e-04 1.000000000000000048e-04 1.000000000000000000e+00
-4.844000000000000306e+00 1.000000000000000048e-04 1.000000000000000048e-04 1.000000000000000000e+00
-4.843250000000000277e+00 1.000000000000000048e-04 1.000000000000000048e-04 1.000000000000000000e+00
-4.842500000000000249e+00 1.000000000000000048e-04 1.000000000000000048e-04 1.000000000000000000e+00
-4.841750000000000220e+00 1.000000000000000048e-04 1.000000000000000048e-04 1.000000000000000000e+00
-4.841000000000000192e+00 1.000000000000000048e-04 1.000000000000000048e-04 1.000000000000000000e+00
-4.840250000000000163e+00 1.000000000000000048e-04 1.000000000000000048e-04 1.000000000000000000e+00
-4.839500000000000135e+00 1.000000000000000048e-04 1.000000000000000048e-04 1.000000000000000000e+00
-4.838750000000000107e+00 1.000000000000000048e-04 1.000000000000000048e-04 1.000000000000000000e+00
-4.838000000000000078e+00 1.000000000000000048e-04 1.000000000000000048e-04 1.000000000000000000e+00
-4.837250000000000050e+00 1.000000000000000048e-04 1.000000000000000048e-04 1.000000000000000000e+00
-4.836500000000000021e+00 1.000000000000000048e-04 1.000000000000000048e-04 1.000000000000000000e+00
-4.835749999999999993e+00 1.000000000000000048e-04 1.000000000000000048e-04 1.000000000000000000e+00
-4.834999999999999964e+00 1.000000000000000048e-04 1.000000000000000048e-04 1.000000000000000000e+00
-4.834249999999999936e+00 1.000000000000000048e-04 1.000000000000000048e-04 1.000000000000000000e+00
-4.833499999999999908e+00 1.000000000000000048e-04 1.000000000000000048e-04 1.000000000000000000e+00
-4.832749999999999879e+00 1.000000000000000048e-04 1.000000000000000048e-04 1.000000000000000000e+00
-4.831999999999999851e+00 1.000000000000000048e-04 1.000000000000000048e-04 1.000000000000000000e+00
-4.831249999999999822e+00 1.000000000000000048e-04 1.000000000000000048e-04 1.000000000000000000e+00
-4.830499999999999794e+00 1.000000000000000048e-04 1.000000000000000048e-04 1.000000000000000000e+00
-4.829749999999999766e+00 1.000000000000000048e-04 1.000000000000000048e-04 1.000000000000000000e+00
-4.828999999999999737e+00 1.000000000000000048e-04 1.000000000000000048e-04 1.000000000000000000e+00
-4.828249999999999709e+00 1.000000000000000048e-04 1.000000000000000048e-04 1.000000000000000000e+00
-4.827499999999999680e+00 1.000000000000000048e-04 1.000000000000000048e-04 1.000000000000000000e+00
-4.826749999999999652e+00 1.000000000000000048e-04 1.000000000000000048e-04 1.000000000000000000e+00
-4.825999999999999623e+00 1.000000000000000048e-04 1.000000000000000048e-04 1.000000000000000000e+00
-4.825249999999999595e+00 1.000000000000000048e-04 1.000000000000000048e-04 1.000000000000000000e+00
-4.824499999999999567e+00 1.000000000000000048e-04 1.000000000000000048e-04 1.000000000000000000e+00
-4.823750000000000426e+00 1.000000000000000048e-04 1.000000000000000048e-04 1.000000000000000000e+00
-4.823000000000000398e+00 1.000000000000000048e-04 1.000000000000000048e-04 1.000000000000000000e+00
-4.822250000000000369e+00 1.000000000000000048e-04 1.000000000000000048e-04 1.000000000000000000e+00
-4.821500000000000341e+00 1.000000000000000048e-04 1.000000000000000048e-04 1.000000000000000000e+00
-4.820750000000000313e+00 1.000000000000000048e-04 1.000000000000000048e-04 1.000000000000000000e+00
-4.820000000000000284e+00 1.000000000000000048e-04 1.000000000000000048e-04 1.000000000000000000e+00
-4.819250000000000256e+00 1.000000000000000048e-04 1.000000000000000048e-04 1.000000000000000000e+00
-4.818500000000000227e+00 1.000000000000000048e-04 1.000000000000000048e-04 1.000000000000000000e+00
-4.817750000000000199e+00 1.000000000000000048e-04 1.000000000000000048e-04 1.000000000000000000e+00
-4.817000000000000171e+00 1.000000000000000048e-04 1.000000000000000048e-04 1.000000000000000000e+00
-4.816250000000000142e+00 1.000000000000000048e-04 1.000000000000000048e-04 1.000000000000000000e+00
-4.815500000000000114e+00 1.000000000000000048e-04 1.000000000000000048e-04 1.000000000000000000e+00
-4.814750000000000085e+00 1.000000000000000048e-04 1.000000000000000048e-04 1.000000000000000000e+00
-4.814000000000000057e+00 1.000000000000000048e-04 1.000000000000000048e-04 1.000000000000000000e+00
-4.813250000000000028e+00 1.000000000000000048e-04 1.000000000000000048e-04 1.000000000000000000e+00
-4.812500000000000000e+00 1.000000000000000048e-04 1.000000000000000048e-04 1.000000000000000000e+00
-4.811749999999999972e+00 1.000000000000000048e-04 1.000000000000000048e-04 1.000000000000000000e+00
-4.810999999999999943e+00 1.000000000000000048e-04 1.000000000000000048e-04 1.000000000000000000e+00
-4.810249999999999915e+00 1.000000000000000048e-04 1.000000000000000048e-04 1.000000000000000000e+00
-4.809499999999999886e+00 1.000000000000000048e-04 1.000000000000000048e-04 1.000000000000000000e+00
-4.808749999999999858e+00 1.000000000000000048e-04 1.000000000000000048e-04 1.000000000000000000e+00
-4.807999999999999829e+00 1.000000000000000048e-04 1.000000000000000048e-04 1.000000000000000000e+00
-4.807249999999999801e+00 1.000000000000000048e-04 1.000000000000000048e-04 1.000000000000000000e+00
-4.806499999999999773e+00 1.000000000000000048e-04 1.000000000000000048e-04 1.000000000000000000e+00
-4.805749999999999744e+00 1.000000000000000048e-04 1.000000000000000048e-04 1.000000000000000000e+00
-4.804999999999999716e+00 1.000000000000000048e-04 1.000000000000000048e-04 1.000000000000000000e+00
-4.804249999999999687e+00 1.000000000000000048e-04 1.000000000000000048e-04 1.000000000000000000e+00
-4.803499999999999659e+00 1.000000000000000048e-04 1.000000000000000048e-04 1.000000000000000000e+00
-4.802749999999999631e+00 1.000000000000000048e-04 1.000000000000000048e-04 1.000000000000000000e+00
-4.801999999999999602e+00 1.000000000000000048e-04 1.000000000000000048e-04 1.000000000000000000e+00
-4.801249999999999574e+00 1.000000000000000048e-04 1.000000000000000048e-04 1.000000000000000000e+00
-4.800499999999999545e+00 1.000000000000000048e-04 1.000000000000000048e-04 1.000000000000000000e+00
-4.799750000000000405e+00 1.000000000000000048e-04 1.000000000000000048e-04 1.000000000000000000e+00
-4.799000000000000377e+00 1.000000000000000048e-04 1.000000000000000048e-04 1.000000000000000000e+00
-4.798250000000000348e+00 1.000000000000000048e-04 1.000000000000000048e-04 1.000000000000000000e+00
-4.797500000000000320e+00 1.000000000000000048e-04 1.000000000000000048e-04 1.000000000000000000e+00
-4.796750000000000291e+00 1.000000000000000048e-04 1.000000000000000048e-04 1.000000000000000000e+00
-4.796000000000000263e+00 1.000000000000000048e-04 1.000000000000000048e-04 1.000000000000000000e+00
-4.795250000000000234e+00 1.000000000000000048e-04 1.000000000000000048e-04 1.000000000000000000e+00
-4.794500000000000206e+00 1.000000000000000048e-04 1.000000000000000048e-04 1.000000000000000000e+00
-4.793750000000000178e+00 1.000000000000000048e-04 1.000000000000000048e-04 1.000000000000000000e+00
-4.793000000000000149e+00 1.000000000000000048e-04 1.000000000000000048e-04 1.000000000000000000e+00
-4.792250000000000121e+00 1.000000000000000048e-04 1.000000000000000048e-04 1.000000000000000000e+00
-4.791500000000000092e+00 1.000000000000000048e-04 1.000000000000000048e-04 1.000000000000000000e+00
-4.790750000000000064e+00 1.000000000000000048e-04 1.000000000000000048e-04 1.000000000000000000e+00
-4.790000000000000036e+00 1.000000000000000048e-04 1.000000000000000048e-04 1.000000000000000000e+00
-4.789250000000000007e+00 1.000000000000000048e-04 1.000000000000000048e-04 1.000000000000000000e+00
-4.788499999999999979e+00 1.000000000000000048e-04 1.000000000000000048e-04 1.000000000000000000e+00
-4.787749999999999950e+00 1.000000000000000048e-04 1.000000000000000048e-04 1.000000000000000000e+00
-4.786999999999999922e+00 1.000000000000000048e-04 1.000000000000000048e-04 1.000000000000000000e+00
-4.786249999999999893e+00 1.000000000000000048e-04 1.000000000000000048e-04 1.000000000000000000e+00
-4.785499999999999865e+00 1.000000000000000048e-04 1.000000000000000048e-04 1.000000000000000000e+00
-4.784749999999999837e+00 1.000000000000000048e-04 1.000000000000000048e-04 1.000000000000000000e+00
-4.783999999999999808e+00 1.000000000000000048e-04 1.000000000000000048e-04 1.000000000000000000e+00
-4.783249999999999780e+00 1.000000000000000048e-04 1.000000000000000048e-04 1.000000000000000000e+00
-4.782499999999999751e+00 1.000000000000000048e-04 1.000000000000000048e-04 1.000000000000000000e+00
-4.781749999999999723e+00 1.000000000000000048e-04 1.000000000000000048e-04 1.000000000000000000e+00
-4.780999999999999694e+00 1.000000000000000048e-04 1.000000000000000048e-04 1.000000000000000000e+00
-4.780249999999999666e+00 1.000000000000000048e-04 1.000000000000000048e-04 1.000000000000000000e+00
-4.779499999999999638e+00 1.000000000000000048e-04 1.000000000000000048e-04 1.000000000000000000e+00
-4.778749999999999609e+00 1.000000000000000048e-04 1.000000000000000048e-04 1.000000000000000000e+00
-4.777999999999999581e+00 1.000000000000000048e-04 1.000000000000000048e-04 1.000000000000000000e+00
-4.777250000000000441e+00 1.000000000000000048e-04 1.000000000000000048e-04 1.000000000000000000e+00
-4.776500000000000412e+00 1.000000000000000048e-04 1.000000000000000048e-04 1.000000000000000000e+00
-4.775750000000000384e+00 1.000000000000000048e-04 1.000000000000000048e-04 1.000000000000000000e+00
-4.775000000000000355e+00 1.000000000000000048e-04 1.000000000000000048e-04 1.000000000000000000e+00
-4.774250000000000327e+00 1.000000000000000048e-04 1.000000000000000048e-04 1.000000000000000000e+00
-4.773500000000000298e+00 1.000000000000000048e-04 1.000000000000000048e-04 1.000000000000000000e+00
-4.772750000000000270e+00 1.000000000000000048e-04 1.000000000000000048e-04 1.000000000000000000e+00
-4.772000000000000242e+00 1.000000000000000048e-04 1.000000000000000048e-04 1.000000000000000000e+00
-4.771250000000000213e+00 1.000000000000000048e-04 1.000000000000000048e-04 1.000000000000000000e+00
-4.770500000000000185e+00 1.000000000000000048e-04 1.000000000000000048e-04 1.000000000000000000e+00
-4.769750000000000156e+00 1.000000000000000048e-04 1.000000000000000048e-04 1.000000000000000000e+00
-4.769000000000000128e+00 1.000000000000000048e-04 1.000000000000000048e-04 1.000000000000000000e+00
-4.768250000000000099e+00 1.000000000000000048e-04 1.000000000000000048e-04 1.000000000000000000e+00
-4.767500000000000071e+00 1.000000000000000048e-04 1.000000000000000048e-04 1.000000000000000000e+00
-4.766750000000000043e+00 1.000000000000000048e-04 1.000000000000000048e-04 1.000000000000000000e+00
-4.766000000000000014e+00 1.000000000000000048e-04 1.000000000000000048e-04 1.000000000000000000e+00
-4.765249999999999986e+00 1.000000000000000048e-04 1.000000000000000048e-04 1.000000000000000000e+00
-4.764499999999999957e+00 1.000000000000000048e-04 1.000000000000000048e-04 1.000000000000000000e+00
-4.763749999999999929e+00 1.000000000000000048e-04 1.000000000000000048e-04 1.000000000000000000e+00
-4.762999999999999901e+00 1.000000000000000048e-04 1.000000000000000048e-04 1.000000000000000000e+00
-4.762249999999999872e+00 1.000000000000000048e-04 1.000000000000000048e-04 1.000000000000000000e+00
-4.761499999999999844e+00 1.000000000000000048e-04 1.000000000000000048e-04 1.000000000000000000e+00
-4.760749999999999815e+00 1.000000000000000048e-04 1.000000000000000048e-04 1.000000000000000000e+00
-4.759999999999999787e+00 1.000000000000000048e-04 1.000000000000000048e-04 1.000000000000000000e+00
-4.759249999999999758e+00 1.000000000000000048e-04 1.000000000000000048e-04 1.000000000000000000e+00
-4.758499999999999730e+00 1.000000000000000048e-04 1.000000000000000048e-04 1.000000000000000000e+00
-4.757749999999999702e+00 1.000000000000000048e-04 1.000000000000000048e-04 1.000000000000000000e+00
-4.756999999999999673e+00 1.000000000000000048e-04 1.000000000000000048e-04 1.000000000000000000e+00
-4.756249999999999645e+00 1.000000000000000048e-04 1.000000000000000048e-04 1.000000000000000000e+00
-4.755499999999999616e+00 1.000000000000000048e-04 1.000000000000000048e-04 1.000000000000000000e+00
-4.754749999999999588e+00 1.000000000000000048e-04 1.000000000000000048e-04 1.000000000000000000e+00
-4.753999999999999559e+00 1.000000000000000048e-04 1.000000000000000048e-04 1.000000000000000000e+00
-4.753250000000000419e+00 1.000000000000000048e-04 1.000000000000000048e-04 1.000000000000000000e+00
-4.752500000000000391e+00 1.000000000000000048e-04 1.000000000000000048e-04 1.000000000000000000e+00
-4.751750000000000362e+00 1.000000000000000048e-04 1.000000000000000048e-04 1.000000000000000000e+00
-4.751000000000000334e+00 1.000000000000000048e-04 1.000000000000000048e-04 1.000000000000000000e+00
-4.750250000000000306e+00 1.000000000000000048e-04 1.000000000000000048e-04 1.000000000000000000e+00
-4.749500000000000277e+00 1.000000000000000048e-04 1.000000000000000048e-04 1.000000000000000000e+00
-4.748750000000000249e+00 1.000000000000000048e-04 1.000000000000000048e-04 1.000000000000000000e+00
-4.748000000000000220e+00 1.000000000000000048e-04 1.000000000000000048e-04 1.000000000000000000e+00
-4.747250000000000192e+00 1.000000000000000048e-04 1.000000000000000048e-04 1.000000000000000000e+00
-4.746500000000000163e+00 1.000000000000000048e-04 1.000000000000000048e-04 1.000000000000000000e+00
-4.745750000000000135e+00 1.000000000000000048e-04 1.000000000000000048e-04 1.000000000000000000e+00
-4.745000000000000107e+00 1.000000000000000048e-04 1.000000000000000048e-04 1.000000000000000000e+00
-4.744250000000000078e+00 1.000000000000000048e-04 1.000000000000000048e-04 1.000000000000000000e+00
-4.743500000000000050e+00 1.000000000000000048e-04 1.000000000000000048e-04 1.000000000000000000e+00
-4.742750000000000021e+00 1.000000000000000048e-04 1.000000000000000048e-04 1.000000000000000000e+00
-4.741999999999999993e+00 1.000000000000000048e-04 1.000000000000000048e-04 1.000000000000000000e+00
-4.741249999999999964e+00 1.000000000000000048e-04 1.000000000000000048e-04 1.000000000000000000e+00
-4.740499999999999936e+00 1.000000000000000048e-04 1.000000000000000048e-04 1.000000000000000000e+00
-4.739749999999999908e+00 1.000000000000000048e-04 1.000000000000000048e-04 1.000000000000000000e+00
-4.738999999999999879e+00 1.000000000000000048e-04 1.000000000000000048e-04 1.000000000000000000e+00
-4.738249999999999851e+00 1.000000000000000048e-04 1.000000000000000048e-04 1.000000000000000000e+00
-4.737499999999999822e+00 1.000000000000000048e-04 1.000000000000000048e-04 1.000000000000000000e+00
-4.736749999999999794e+00 1.000000000000000048e-04 1.000000000000000048e-04 1.000000000000000000e+00
-4.735999999999999766e+00 1.000000000000000048e-04 1.000000000000000048e-04 1.000000000000000000e+00
-4.735249999999999737e+00 1.000000000000000048e-04 1.000000000000000048e-04 1.000000000000000000e+00
-4.734499999999999709e+00 1.000000000000000048e-04 1.000000000000000048e-04 1.000000000000000000e+00
-4.733749999999999680e+00 1.000000000000000048e-04 1.000000000000000048e-04 1.000000000000000000e+00
-4.732999999999999652e+00 1.000000000000000048e-04 1.000000000000000048e-04 1.000000000000000000e+00
-4.732249999999999623e+00 1.000000000000000048e-04 1.000000000000000048e-04 1.000000000000000000e+00
-4.731499999999999595e+00 1.000000000000000048e-04 1.000000000000000048e-04 1.000000000000000000e+00
-4.730750000000000455e+00 1.000000000000000048e-04 1.000000000000000048e-04 1.000000000000000000e+00
-4.730000000000000426e+00 1.000000000000000048e-04 1.000000000000000048e-04 1.000000000000000000e+00
-4.729250000000000398e+00 1.000000000000000048e-04 1.000000000000000048e-04 1.000000000000000000e+00
-4.728500000000000369e+00 1.000000000000000048e-04 1.000000000000000048e-04 1.000000000000000000e+00
-4.727750000000000341e+00 1.000000000000000048e-04 1.000000000000000048e-04 1.000000000000000000e+00
-4.727000000000000313e+00 1.000000000000000048e-04 1.000000000000000048e-04 1.000000000000000000e+00
-4.726250000000000284e+00 1.000000000000000048e-04 1.000000000000000048e-04 1.000000000000000000e+00
-4.725500000000000256e+00 1.000000000000000048e-04 1.000000000000000048e-04 1.000000000000000000e+00
-4.724750000000000227e+00 1.000000000000000048e-04 1.000000000000000048e-04 1.000000000000000000e+00
-4.724000000000000199e+00 1.000000000000000048e-04 1.000000000000000048e-04 1.000000000000000000e+00
-4.723250000000000171e+00 1.000000000000000048e-04 1.000000000000000048e-04 1.000000000000000000e+00
-4.722500000000000142e+00 1.000000000000000048e-04 1.000000000000000048e-04 1.000000000000000000e+00
-4.721750000000000114e+00 1.000000000000000048e-04 1.000000000000000048e-04 1.000000000000000000e+00
-4.721000000000000085e+00 1.000000000000000048e-04 1.000000000000000048e-04 1.000000000000000000e+00
-4.720250000000000057e+00 1.000000000000000048e-04 1.000000000000000048e-04 1.000000000000000000e+00
-4.719500000000000028e+00 1.000000000000000048e-04 1.000000000000000048e-04 1.000000000000000000e+00
-4.718750000000000000e+00 1.000000000000000048e-04 1.000000000000000048e-04 1.000000000000000000e+00
-4.717999999999999972e+00 1.000000000000000048e-04 1.000000000000000048e-04 1.000000000000000000e+00
-4.717249999999999943e+00 1.000000000000000048e-04 1.000000000000000048e-04 1.000000000000000000e+00
-4.716499999999999915e+00 1.000000000000000048e-04 1.000000000000000048e-04 1.000000000000000000e+00
-4.715749999999999886e+00 1.000000000000000048e-04 1.000000000000000048e-04 1.000000000000000000e+00
-4.714999999999999858e+00 1.000000000000000048e-04 1.000000000000000048e-04 1.000000000000000000e+00
-4.714249999999999829e+00 1.000000000000000048e-04 1.000000000000000048e-04 1.000000000000000000e+00
-4.713499999999999801e+00 1.000000000000000048e-04 1.000000000000000048e-04 1.000000000000000000e+00
-4.712749999999999773e+00 1.000000000000000048e-04 1.000000000000000048e-04 1.000000000000000000e+00
-4.711999999999999744e+00 1.000000000000000048e-04 1.000000000000000048e-04 1.000000000000000000e+00
-4.711249999999999716e+00 1.000000000000000048e-04 1.000000000000000048e-04 1.000000000000000000e+00
-4.710499999999999687e+00 1.000000000000000048e-04 1.000000000000000048e-04 1.000000000000000000e+00
-4.709749999999999659e+00 1.000000000000000048e-04 1.000000000000000048e-04 1.000000000000000000e+00
-4.708999999999999631e+00 1.000000000000000048e-04 1.000000000000000048e-04 1.000000000000000000e+00
-4.708249999999999602e+00 1.000000000000000048e-04 1.000000000000000048e-04 1.000000000000000000e+00
-4.707499999999999574e+00 1.000000000000000048e-04 1.000000000000000048e-04 1.000000000000000000e+00
-4.706749999999999545e+00 1.000000000000000048e-04 1.000000000000000048e-04 1.000000000000000000e+00
-4.706000000000000405e+00 1.000000000000000048e-04 1.000000000000000048e-04 1.000000000000000000e+00
-4.705250000000000377e+00 1.000000000000000048e-04 1.000000000000000048e-04 1.000000000000000000e+00
-4.704500000000000348e+00 1.000000000000000048e-04 1.000000000000000048e-04 1.000000000000000000e+00
-4.703750000000000320e+00 1.000000000000000048e-04 1.000000000000000048e-04 1.000000000000000000e+00
-4.703000000000000291e+00 1.000000000000000048e-04 1.000000000000000048e-04 1.000000000000000000e+00
-4.702250000000000263e+00 1.000000000000000048e-04 1.000000000000000048e-04 1.000000000000000000e+00
-4.701500000000000234e+00 1.000000000000000048e-04 1.000000000000000048e-04 1.000000000000000000e+00
-4.700750000000000206e+00 1.000000000000000048e-04 1.000000000000000048e-04 1.000000000000000000e+00
-4.700000000000000178e+00 1.000000000000000048e-04 1.000000000000000048e-04 1.000000000000000000e+00
-4.699250000000000149e+00 1.000000000000000048e-04 1.000000000000000048e-04 1.000000000000000000e+00
-4.698500000000000121e+00 1.000000000000000048e-04 1.000000000000000048e-04 1.000000000000000000e+00
-4.697750000000000092e+00 1.000000000000000048e-04 1.000000000000000048e-04 1.000000000000000000e+00
-4.697000000000000064e+00 1.000000000000000048e-04 1.000000000000000048e-04 1.000000000000000000e+00
-4.696250000000000036e+00 1.000000000000000048e-04 1.000000000000000048e-04 1.000000000000000000e+00
-4.695500000000000007e+00 1.000000000000000048e-04 1.000000000000000048e-04 1.000000000000000000e+00
-4.694749999999999979e+00 1.000000000000000048e-04 1.000000000000000048e-04 1.000000000000000000e+00
-4.693999999999999950e+00 1.000000000000000048e-04 1.000000000000000048e-04 1.000000000000000000e+00
-4.693249999999999922e+00 1.000000000000000048e-04 1.000000000000000048e-04 1.000000000000000000e+00
-4.692499999999999893e+00 1.000000000000000048e-04 1.000000000000000048e-04 1.000000000000000000e+00
-4.691749999999999865e+00 1.000000000000000048e-04 1.000000000000000048e-04 1.000000000000000000e+00
-4.690999999999999837e+00 1.000000000000000048e-04 1.000000000000000048e-04 1.000000000000000000e+00
-4.690249999999999808e+00 1.000000000000000048e-04 1.000000000000000048e-04 1.000000000000000000e+00
-4.689499999999999780e+00 1.000000000000000048e-04 1.000000000000000048e-04 1.000000000000000000e+00
-4.688749999999999751e+00 1.000000000000000048e-04 1.000000000000000048e-04 1.000000000000000000e+00
-4.687999999999999723e+00 1.000000000000000048e-04 1.000000000000000048e-04 1.000000000000000000e+00
-4.687249999999999694e+00 1.000000000000000048e-04 1.000000000000000048e-04 1.000000000000000000e+00
-4.686499999999999666e+00 1.000000000000000048e-04 1.000000000000000048e-04 1.000000000000000000e+00
-4.685749999999999638e+00 1.000000000000000048e-04 1.000000000000000048e-04 1.000000000000000000e+00
-4.684999999999999609e+00 1.000000000000000048e-04 1.000000000000000048e-04 1.000000000000000000e+00
-4.684249999999999581e+00 1.000000000000000048e-04 1.000000000000000048e-04 1.000000000000000000e+00
-4.683500000000000441e+00 1.000000000000000048e-04 1.000000000000000048e-04 1.000000000000000000e+00
-4.682750000000000412e+00 1.000000000000000048e-04 1.000000000000000048e-04 1.000000000000000000e+00
-4.682000000000000384e+00 1.000000000000000048e-04 1.000000000000000048e-04 1.000000000000000000e+00
-4.681250000000000355e+00 1.000000000000000048e-04 1.000000000000000048e-04 1.000000000000000000e+00
-4.680500000000000327e+00 1.000000000000000048e-04 1.000000000000000048e-04 1.000000000000000000e+00
-4.679750000000000298e+00 1.000000000000000048e-04 1.000000000000000048e-04 1.000000000000000000e+00
-4.679000000000000270e+00 1.000000000000000048e-04 1.000000000000000048e-04 1.000000000000000000e+00
-4.678250000000000242e+00 1.000000000000000048e-04 1.000000000000000048e-04 1.000000000000000000e+00
-4.677500000000000213e+00 1.000000000000000048e-04 1.000000000000000048e-04 1.000000000000000000e+00
-4.676750000000000185e+00 1.000000000000000048e-04 1.000000000000000048e-04 1.000000000000000000e+00
-4.676000000000000156e+00 1.000000000000000048e-04 1.000000000000000048e-04 1.000000000000000000e+00
-4.675250000000000128e+00 1.000000000000000048e-04 1.000000000000000048e-04 1.000000000000000000e+00
-4.674500000000000099e+00 1.000000000000000048e-04 1.000000000000000048e-04 1.000000000000000000e+00
-4.673750000000000071e+00 1.000000000000000048e-04 1.000000000000000048e-04 1.000000000000000000e+00
-4.673000000000000043e+00 1.000000000000000048e-04 1.000000000000000048e-04 1.000000000000000000e+00
-4.672250000000000014e+00 1.000000000000000048e-04 1.000000000000000048e-04 1.000000000000000000e+00
-4.671499999999999986e+00 1.000000000000000048e-04 1.000000000000000048e-04 1.000000000000000000e+00
-4.670749999999999957e+00 1.000000000000000048e-04 1.000000000000000048e-04 1.000000000000000000e+00
-4.669999999999999929e+00 1.000000000000000048e-04 1.000000000000000048e-04 1.000000000000000000e+00
-4.669249999999999901e+00 1.000000000000000048e-04 1.000000000000000048e-04 1.000000000000000000e+00
-4.668499999999999872e+00 1.000000000000000048e-04 1.000000000000000048e-04 1.000000000000000000e+00
-4.667749999999999844e+00 1.000000000000000048e-04 1.000000000000000048e-04 1.000000000000000000e+00
-4.666999999999999815e+00 1.000000000000000048e-04 1.000000000000000048e-04 1.000000000000000000e+00
-4.666249999999999787e+00 1.000000000000000048e-04 1.000000000000000048e-04 1.000000000000000000e+00
-4.665499999999999758e+00 1.000000000000000048e-04 1.000000000000000048e-04 1.000000000000000000e+00
-4.664749999999999730e+00 1.000000000000000048e-04 1.000000000000000048e-04 1.000000000000000000e+00
-4.663999999999999702e+00 1.000000000000000048e-04 1.000000000000000048e-04 1.000000000000000000e+00
-4.663249999999999673e+00 1.000000000000000048e-04 1.000000000000000048e-04 1.000000000000000000e+00
-4.662499999999999645e+00 1.000000000000000048e-04 1.000000000000000048e-04 1.000000000000000000e+00
-4.661749999999999616e+00 1.000000000000000048e-04 1.000000000000000048e-04 1.000000000000000000e+00
-4.660999999999999588e+00 1.000000000000000048e-04 1.000000000000000048e-04 1.000000000000000000e+00
-4.660249999999999559e+00 1.000000000000000048e-04 1.000000000000000048e-04 1.000000000000000000e+00
-4.659499999999999531e+00 1.000000000000000048e-04 1.000000000000000048e-04 1.000000000000000000e+00
-4.658750000000000391e+00 1.000000000000000048e-04 1.000000000000000048e-04 1.000000000000000000e+00
-4.658000000000000362e+00 1.000000000000000048e-04 1.000000000000000048e-04 1.000000000000000000e+00
-4.657250000000000334e+00 1.000000000000000048e-04 1.000000000000000048e-04 1.000000000000000000e+00
-4.656500000000000306e+00 1.000000000000000048e-04 1.000000000000000048e-04 1.000000000000000000e+00
-4.655750000000000277e+00 1.000000000000000048e-04 1.000000000000000048e-04 1.000000000000000000e+00
-4.655000000000000249e+00 1.000000000000000048e-04 1.000000000000000048e-04 1.000000000000000000e+00
-4.654250000000000220e+00 1.000000000000000048e-04 1.000000000000000048e-04 1.000000000000000000e+00
-4.653500000000000192e+00 1.000000000000000048e-04 1.000000000000000048e-04 1.000000000000000000e+00
-4.652750000000000163e+00 1.000000000000000048e-04 1.000000000000000048e-04 1.000000000000000000e+00
-4.652000000000000135e+00 1.000000000000000048e-04 1.000000000000000048e-04 1.000000000000000000e+00
-4.651250000000000107e+00 1.000000000000000048e-04 1.000000000000000048e-04 1.000000000000000000e+00
-4.650500000000000078e+00 1.000000000000000048e-04 1.000000000000000048e-04 1.000000000000000000e+00
-4.649750000000000050e+00 1.000000000000000048e-04 1.000000000000000048e-04 1.000000000000000000e+00
-4.649000000000000021e+00 1.000000000000000048e-04 1.000000000000000048e-04 1.000000000000000000e+00
-4.648249999999999993e+00 1.000000000000000048e-04 1.000000000000000048e-04 1.000000000000000000e+00
-4.647499999999999964e+00 1.000000000000000048e-04 1.000000000000000048e-04 1.000000000000000000e+00
-4.646749999999999936e+00 1.000000000000000048e-04 1.000000000000000048e-04 1.000000000000000000e+00
-4.645999999999999908e+00 1.000000000000000048e-04 1.000000000000000048e-04 1.000000000000000000e+00
-4.645249999999999879e+00 1.000000000000000048e-04 1.000000000000000048e-04 1.000000000000000000e+00
-4.644499999999999851e+00 1.000000000000000048e-04 1.000000000000000048e-04 1.000000000000000000e+00
-4.643749999999999822e+00 1.000000000000000048e-04 1.000000000000000048e-04 1.000000000000000000e+00
-4.642999999999999794e+00 1.000000000000000048e-04 1.000000000000000048e-04 1.000000000000000000e+00
-4.642249999999999766e+00 1.000000000000000048e-04 1.000000000000000048e-04 1.000000000000000000e+00
-4.641499999999999737e+00 1.000000000000000048e-04 1.000000000000000048e-04 1.000000000000000000e+00
-4.640749999999999709e+00 1.000000000000000048e-04 1.000000000000000048e-04 1.000000000000000000e+00
-4.639999999999999680e+00 1.000000000000000048e-04 1.000000000000000048e-04 1.000000000000000000e+00
-4.639249999999999652e+00 1.000000000000000048e-04 1.000000000000000048e-04 1.000000000000000000e+00
-4.638499999999999623e+00 1.000000000000000048e-04 1.000000000000000048e-04 1.000000000000000000e+00
-4.637749999999999595e+00 1.000000000000000048e-04 1.000000000000000048e-04 1.000000000000000000e+00
-4.637000000000000455e+00 1.000000000000000048e-04 1.000000000000000048e-04 1.000000000000000000e+00
-4.636250000000000426e+00 1.000000000000000048e-04 1.000000000000000048e-04 1.000000000000000000e+00
-4.635500000000000398e+00 1.000000000000000048e-04 1.000000000000000048e-04 1.000000000000000000e+00
-4.634750000000000369e+00 1.000000000000000048e-04 1.000000000000000048e-04 1.000000000000000000e+00
-4.634000000000000341e+00 1.000000000000000048e-04 1.000000000000000048e-04 1.000000000000000000e+00
-4.633250000000000313e+00 1.000000000000000048e-04 1.000000000000000048e-04 1.000000000000000000e+00
-4.632500000000000284e+00 1.000000000000000048e-04 1.000000000000000048e-04 1.000000000000000000e+00
-4.631750000000000256e+00 1.000000000000000048e-04 1.000000000000000048e-04 1.000000000000000000e+00
-4.631000000000000227e+00 1.000000000000000048e-04 1.000000000000000048e-04 1.000000000000000000e+00
-4.630250000000000199e+00 1.000000000000000048e-04 1.000000000000000048e-04 1.000000000000000000e+00
-4.629500000000000171e+00 1.000000000000000048e-04 1.000000000000000048e-04 1.000000000000000000e+00
-4.628750000000000142e+00 1.000000000000000048e-04 1.000000000000000048e-04 1.000000000000000000e+00
-4.628000000000000114e+00 1.000000000000000048e-04 1.000000000000000048e-04 1.000000000000000000e+00
-4.627250000000000085e+00 1.000000000000000048e-04 1.000000000000000048e-04 1.000000000000000000e+00
-4.626500000000000057e+00 1.000000000000000048e-04 1.000000000000000048e-04 1.000000000000000000e+00
-4.625750000000000028e+00 1.000000000000000048e-04 1.000000000000000048e-04 1.000000000000000000e+00
-4.625000000000000000e+00 1.000000000000000048e-04 1.000000000000000048e-04 1.000000000000000000e+00
-4.624249999999999972e+00 1.000000000000000048e-04 1.000000000000000048e-04 1.000000000000000000e+00
-4.623499999999999943e+00 1.000000000000000048e-04 1.000000000000000048e-04 1.000000000000000000e+00
-4.622749999999999915e+00 1.000000000000000048e-04 1.000000000000000048e-04 1.000000000000000000e+00
-4.621999999999999886e+00 1.000000000000000048e-04 1.000000000000000048e-04 1.000000000000000000e+00
-4.621249999999999858e+00 1.000000000000000048e-04 1.000000000000000048e-04 1.000000000000000000e+00
-4.620499999999999829e+00 1.000000000000000048e-04 1.000000000000000048e-04 1.000000000000000000e+00
-4.619749999999999801e+00 1.000000000000000048e-04 1.000000000000000048e-04 1.000000000000000000e+00
-4.618999999999999773e+00 1.000000000000000048e-04 1.000000000000000048e-04 1.000000000000000000e+00
-4.618249999999999744e+00 1.000000000000000048e-04 1.000000000000000048e-04 1.000000000000000000e+00
-4.617499999999999716e+00 1.000000000000000048e-04 1.000000000000000048e-04 1.000000000000000000e+00
-4.616749999999999687e+00 1.000000000000000048e-04 1.000000000000000048e-04 1.000000000000000000e+00
-4.615999999999999659e+00 1.000000000000000048e-04 1.000000000000000048e-04 1.000000000000000000e+00
-4.615249999999999631e+00 1.000000000000000048e-04 1.000000000000000048e-04 1.000000000000000000e+00
-4.614499999999999602e+00 1.000000000000000048e-04 1.000000000000000048e-04 1.000000000000000000e+00
-4.613749999999999574e+00 1.000000000000000048e-04 1.000000000000000048e-04 1.000000000000000000e+00
-4.612999999999999545e+00 1.000000000000000048e-04 1.000000000000000048e-04 1.000000000000000000e+00
-4.612250000000000405e+00 1.000000000000000048e-04 1.000000000000000048e-04 1.000000000000000000e+00
-4.611500000000000377e+00 1.000000000000000048e-04 1.000000000000000048e-04 1.000000000000000000e+00
-4.610750000000000348e+00 1.000000000000000048e-04 1.000000000000000048e-04 1.000000000000000000e+00
-4.610000000000000320e+00 1.000000000000000048e-04 1.000000000000000048e-04 1.000000000000000000e+00
-4.609250000000000291e+00 1.000000000000000048e-04 1.000000000000000048e-04 1.000000000000000000e+00
-4.608500000000000263e+00 1.000000000000000048e-04 1.000000000000000048e-04 1.000000000000000000e+00
-4.607750000000000234e+00 1.000000000000000048e-04 1.000000000000000048e-04 1.000000000000000000e+00
-4.607000000000000206e+00 1.000000000000000048e-04 1.000000000000000048e-04 1.000000000000000000e+00
-4.606250000000000178e+00 1.000000000000000048e-04 1.000000000000000048e-04 1.000000000000000000e+00
-4.605500000000000149e+00 1.000000000000000048e-04 1.000000000000000048e-04 1.000000000000000000e+00
-4.604750000000000121e+00 1.000000000000000048e-04 1.000000000000000048e-04 1.000000000000000000e+00
-4.604000000000000092e+00 1.000000000000000048e-04 1.000000000000000048e-04 1.000000000000000000e+00
-4.603250000000000064e+00 1.000000000000000048e-04 1.000000000000000048e-04 1.000000000000000000e+00
-4.602500000000000036e+00 1.000000000000000048e-04 1.000000000000000048e-04 1.000000000000000000e+00
-4.601750000000000007e+00 1.000000000000000048e-04 1.000000000000000048e-04 1.000000000000000000e+00
-4.600999999999999979e+00 1.000000000000000048e-04 1.000000000000000048e-04 1.000000000000000000e+00
-4.600249999999999950e+00 1.000000000000000048e-04 1.000000000000000048e-04 1.000000000000000000e+00
-4.599499999999999922e+00 1.000000000000000048e-04 1.000000000000000048e-04 1.000000000000000000e+00
-4.598749999999999893e+00 1.000000000000000048e-04 1.000000000000000048e-04 1.000000000000000000e+00
-4.597999999999999865e+00 1.000000000000000048e-04 1.000000000000000048e-04 1.000000000000000000e+00
-4.597249999999999837e+00 1.000000000000000048e-04 1.000000000000000048e-04 1.000000000000000000e+00
-4.596499999999999808e+00 1.000000000000000048e-04 1.000000000000000048e-04 1.000000000000000000e+00
-4.595749999999999780e+00 1.000000000000000048e-04 1.000000000000000048e-04 1.000000000000000000e+00
-4.594999999999999751e+00 1.000000000000000048e-04 1.000000000000000048e-04 1.000000000000000000e+00
-4.594249999999999723e+00 1.000000000000000048e-04 1.000000000000000048e-04 1.000000000000000000e+00
-4.593499999999999694e+00 1.000000000000000048e-04 1.000000000000000048e-04 1.000000000000000000e+00
-4.592749999999999666e+00 1.000000000000000048e-04 1.000000000000000048e-04 1.000000000000000000e+00
-4.591999999999999638e+00 1.000000000000000048e-04 1.000000000000000048e-04 1.000000000000000000e+00
-4.591249999999999609e+00 1.000000000000000048e-04 1.000000000000000048e-04 1.000000000000000000e+00
-4.590499999999999581e+00 1.000000000000000048e-04 1.000000000000000048e-04 1.000000000000000000e+00
-4.589750000000000441e+00 1.000000000000000048e-04 1.000000000000000048e-04 1.000000000000000000e+00
-4.589000000000000412e+00 1.000000000000000048e-04 1.000000000000000048e-04 1.000000000000000000e+00
-4.588250000000000384e+00 1.000000000000000048e-04 1.000000000000000048e-04 1.000000000000000000e+00
-4.587500000000000355e+00 1.000000000000000048e-04 1.000000000000000048e-04 1.000000000000000000e+00
-4.586750000000000327e+00 1.000000000000000048e-04 1.000000000000000048e-04 1.000000000000000000e+00
-4.586000000000000298e+00 1.000000000000000048e-04 1.000000000000000048e-04 1.000000000000000000e+00
-4.585250000000000270e+00 1.000000000000000048e-04 1.000000000000000048e-04 1.000000000000000000e+00
-4.584500000000000242e+00 1.000000000000000048e-04 1.000000000000000048e-04 1.000000000000000000e+00
-4.583750000000000213e+00 1.000000000000000048e-04 1.000000000000000048e-04 1.000000000000000000e+00
-4.583000000000000185e+00 1.000000000000000048e-04 1.000000000000000048e-04 1.000000000000000000e+00
-4.582250000000000156e+00 1.000000000000000048e-04 1.000000000000000048e-04 1.000000000000000000e+00
-4.581500000000000128e+00 1.000000000000000048e-04 1.000000000000000048e-04 1.000000000000000000e+00
-4.580750000000000099e+00 1.000000000000000048e-04 1.000000000000000048e-04 1.000000000000000000e+00
-4.580000000000000071e+00 1.000000000000000048e-04 1.000000000000000048e-04 1.000000000000000000e+00
-4.579250000000000043e+00 1.000000000000000048e-04 1.000000000000000048e-04 1.000000000000000000e+00
-4.578500000000000014e+00 1.000000000000000048e-04 1.000000000000000048e-04 1.000000000000000000e+00
-4.577749999999999986e+00 1.000000000000000048e-04 1.000000000000000048e-04 1.000000000000000000e+00
-4.576999999999999957e+00 1.000000000000000048e-04 1.000000000000000048e-04 1.000000000000000000e+00
-4.576249999999999929e+00 1.000000000000000048e-04 1.000000000000000048e-04 1.000000000000000000e+00
-4.575499999999999901e+00 1.000000000000000048e-04 1.000000000000000048e-04 1.000000000000000000e+00
-4.574749999999999872e+00 1.000000000000000048e-04 1.000000000000000048e-04 1.000000000000000000e+00
-4.573999999999999844e+00 1.000000000000000048e-04 1.000000000000000048e-04 1.000000000000000000e+00
-4.573249999999999815e+00 1.000000000000000048e-04 1.000000000000000048e-04 1.000000000000000000e+00
-4.572499999999999787e+00 1.000000000000000048e-04 1.000000000000000048e-04 1.000000000000000000e+00
-4.571749999999999758e+00 1.000000000000000048e-04 1.000000000000000048e-04 1.000000000000000000e+00
-4.570999999999999730e+00 1.000000000000000048e-04 1.000000000000000048e-04 1.000000000000000000e+00
-4.570249999999999702e+00 1.000000000000000048e-04 1.000000000000000048e-04 1.000000000000000000e+00
-4.569499999999999673e+00 1.000000000000000048e-04 1.000000000000000048e-04 1.000000000000000000e+00
-4.568749999999999645e+00 1.000000000000000048e-04 1.000000000000000048e-04 1.000000000000000000e+00
-4.567999999999999616e+00 1.000000000000000048e-04 1.000000000000000048e-04 1.000000000000000000e+00
-4.567249999999999588e+00 1.000000000000000048e-04 1.000000000000000048e-04 1.000000000000000000e+00
-4.566499999999999559e+00 1.000000000000000048e-04 1.000000000000000048e-04 1.000000000000000000e+00
-4.565749999999999531e+00 1.000000000000000048e-04 1.000000000000000048e-04 1.000000000000000000e+00
-4.565000000000000391e+00 1.000000000000000048e-04 1.000000000000000048e-04 1.000000000000000000e+00
-4.564250000000000362e+00 1.000000000000000048e-04 1.000000000000000048e-04 1.000000000000000000e+00
-4.563500000000000334e+00 1.000000000000000048e-04 1.000000000000000048e-04 1.000000000000000000e+00
-4.562750000000000306e+00 1.000000000000000048e-04 1.000000000000000048e-04 1.000000000000000000e+00
-4.562000000000000277e+00 1.000000000000000048e-04 1.000000000000000048e-04 1.000000000000000000e+00
-4.561250000000000249e+00 1.000000000000000048e-04 1.000000000000000048e-04 1.000000000000000000e+00
-4.560500000000000220e+00 1.000000000000000048e-04 1.000000000000000048e-04 1.000000000000000000e+00
-4.559750000000000192e+00 1.000000000000000048e-04 1.000000000000000048e-04 1.000000000000000000e+00
-4.559000000000000163e+00 1.000000000000000048e-04 1.000000000000000048e-04 1.000000000000000000e+00
-4.558250000000000135e+00 1.000000000000000048e-04 1.000000000000000048e-04 1.000000000000000000e+00
-4.557500000000000107e+00 1.000000000000000048e-04 1.000000000000000048e-04 1.000000000000000000e+00
-4.556750000000000078e+00 1.000000000000000048e-04 1.000000000000000048e-04 1.000000000000000000e+00
-4.556000000000000050e+00 1.000000000000000048e-04 1.000000000000000048e-04 1.000000000000000000e+00
-4.555250000000000021e+00 1.000000000000000048e-04 1.000000000000000048e-04 1.000000000000000000e+00
-4.554499999999999993e+00 1.000000000000000048e-04 1.000000000000000048e-04 1.000000000000000000e+00
-4.553749999999999964e+00 1.000000000000000048e-04 1.000000000000000048e-04 1.000000000000000000e+00
-4.552999999999999936e+00 1.000000000000000048e-04 1.000000000000000048e-04 1.000000000000000000e+00
-4.552249999999999908e+00 1.000000000000000048e-04 1.000000000000000048e-04 1.000000000000000000e+00
-4.551499999999999879e+00 1.000000000000000048e-04 1.000000000000000048e-04 1.000000000000000000e+00
-4.550749999999999851e+00 1.000000000000000048e-04 1.000000000000000048e-04 1.000000000000000000e+00
-4.549999999999999822e+00 1.000000000000000048e-04 1.000000000000000048e-04 1.000000000000000000e+00
-4.549249999999999794e+00 1.000000000000000048e-04 1.000000000000000048e-04 1.000000000000000000e+00
-4.548499999999999766e+00 1.000000000000000048e-04 1.000000000000000048e-04 1.000000000000000000e+00
-4.547749999999999737e+00 1.000000000000000048e-04 1.000000000000000048e-04 1.000000000000000000e+00
-4.546999999999999709e+00 1.000000000000000048e-04 1.000000000000000048e-04 1.000000000000000000e+00
-4.546249999999999680e+00 1.000000000000000048e-04 1.000000000000000048e-04 1.000000000000000000e+00
-4.545499999999999652e+00 1.000000000000000048e-04 1.000000000000000048e-04 1.000000000000000000e+00
-4.544749999999999623e+00 1.000000000000000048e-04 1.000000000000000048e-04 1.000000000000000000e+00
-4.543999999999999595e+00 1.000000000000000048e-04 1.000000000000000048e-04 1.000000000000000000e+00
-4.543250000000000455e+00 1.000000000000000048e-04 1.000000000000000048e-04 1.000000000000000000e+00
-4.542500000000000426e+00 1.000000000000000048e-04 1.000000000000000048e-04 1.000000000000000000e+00
-4.541750000000000398e+00 1.000000000000000048e-04 1.000000000000000048e-04 1.000000000000000000e+00
-4.541000000000000369e+00 1.000000000000000048e-04 1.000000000000000048e-04 1.000000000000000000e+00
-4.540250000000000341e+00 1.000000000000000048e-04 1.000000000000000048e-04 1.000000000000000000e+00
-4.539500000000000313e+00 1.000000000000000048e-04 1.000000000000000048e-04 1.000000000000000000e+00
-4.538750000000000284e+00 1.000000000000000048e-04 1.000000000000000048e-04 1.000000000000000000e+00
-4.538000000000000256e+00 1.000000000000000048e-04 1.000000000000000048e-04 1.000000000000000000e+00
-4.537250000000000227e+00 1.000000000000000048e-04 1.000000000000000048e-04 1.000000000000000000e+00
-4.536500000000000199e+00 1.000000000000000048e-04 1.000000000000000048e-04 1.000000000000000000e+00
-4.535750000000000171e+00 1.000000000000000048e-04 1.000000000000000048e-04 1.000000000000000000e+00
-4.535000000000000142e+00 1.000000000000000048e-04 1.000000000000000048e-04 1.000000000000000000e+00
-4.534250000000000114e+00 1.000000000000000048e-04 1.000000000000000048e-04 1.000000000000000000e+00
-4.533500000000000085e+00 1.000000000000000048e-04 1.000000000000000048e-04 1.000000000000000000e+00
-4.532750000000000057e+00 1.000000000000000048e-04 1.000000000000000048e-04 1.000000000000000000e+00
-4.532000000000000028e+00 1.000000000000000048e-04 1.000000000000000048e-04 1.000000000000000000e+00
-4.531250000000000000e+00 1.000000000000000048e-04 1.000000000000000048e-04 1.000000000000000000e+00
-4.530499999999999972e+00 1.000000000000000048e-04 1.000000000000000048e-04 1.000000000000000000e+00
-4.529749999999999943e+00 1.000000000000000048e-04 1.000000000000000048e-04 1.000000000000000000e+00
-4.528999999999999915e+00 1.000000000000000048e-04 1.000000000000000048e-04 1.000000000000000000e+00
-4.528249999999999886e+00 1.000000000000000048e-04 1.000000000000000048e-04 1.000000000000000000e+00
-4.527499999999999858e+00 1.000000000000000048e-04 1.000000000000000048e-04 1.000000000000000000e+00
-4.526749999999999829e+00 1.000000000000000048e-04 1.000000000000000048e-04 1.000000000000000000e+00
-4.525999999999999801e+00 1.000000000000000048e-04 1.000000000000000048e-04 1.000000000000000000e+00
-4.525249999999999773e+00 1.000000000000000048e-04 1.000000000000000048e-04 1.000000000000000000e+00
-4.524499999999999744e+00 1.000000000000000048e-04 1.000000000000000048e-04 1.000000000000000000e+00
-4.523749999999999716e+00 1.000000000000000048e-04 1.000000000000000048e-04 1.000000000000000000e+00
-4.522999999999999687e+00 1.000000000000000048e-04 1.000000000000000048e-04 1.000000000000000000e+00
-4.522249999999999659e+00 1.000000000000000048e-04 1.000000000000000048e-04 1.000000000000000000e+00
-4.521499999999999631e+00 1.000000000000000048e-04 1.000000000000000048e-04 1.000000000000000000e+00
-4.520749999999999602e+00 1.000000000000000048e-04 1.000000000000000048e-04 1.000000000000000000e+00
-4.519999999999999574e+00 1.000000000000000048e-04 1.000000000000000048e-04 1.000000000000000000e+00
-4.519249999999999545e+00 1.000000000000000048e-04 1.000000000000000048e-04 1.000000000000000000e+00
-4.518500000000000405e+00 1.000000000000000048e-04 1.000000000000000048e-04 1.000000000000000000e+00
-4.517750000000000377e+00 1.000000000000000048e-04 1.000000000000000048e-04 1.000000000000000000e+00
-4.517000000000000348e+00 1.000000000000000048e-04 1.000000000000000048e-04 1.000000000000000000e+00
-4.516250000000000320e+00 1.000000000000000048e-04 1.000000000000000048e-04 1.000000000000000000e+00
-4.515500000000000291e+00 1.000000000000000048e-04 1.000000000000000048e-04 1.000000000000000000e+00
-4.514750000000000263e+00 1.000000000000000048e-04 1.000000000000000048e-04 1.000000000000000000e+00
-4.514000000000000234e+00 1.000000000000000048e-04 1.000000000000000048e-04 1.000000000000000000e+00
-4.513250000000000206e+00 1.000000000000000048e-04 1.000000000000000048e-04 1.000000000000000000e+00
-4.512500000000000178e+00 1.000000000000000048e-04 1.000000000000000048e-04 1.000000000000000000e+00
-4.511750000000000149e+00 1.000000000000000048e-04 1.000000000000000048e-04 1.000000000000000000e+00
-4.511000000000000121e+00 1.000000000000000048e-04 1.000000000000000048e-04 1.000000000000000000e+00
-4.510250000000000092e+00 1.000000000000000048e-04 1.000000000000000048e-04 1.000000000000000000e+00
-4.509500000000000064e+00 1.000000000000000048e-04 1.000000000000000048e-04 1.000000000000000000e+00
-4.508750000000000036e+00 1.000000000000000048e-04 1.000000000000000048e-04 1.000000000000000000e+00
-4.508000000000000007e+00 1.000000000000000048e-04 1.000000000000000048e-04 1.000000000000000000e+00
-4.507249999999999979e+00 1.000000000000000048e-04 1.000000000000000048e-04 1.000000000000000000e+00
-4.506499999999999950e+00 1.000000000000000048e-04 1.000000000000000048e-04 1.000000000000000000e+00
-4.505749999999999922e+00 1.000000000000000048e-04 1.000000000000000048e-04 1.000000000000000000e+00
-4.504999999999999893e+00 1.000000000000000048e-04 1.000000000000000048e-04 1.000000000000000000e+00
-4.504249999999999865e+00 1.000000000000000048e-04 1.000000000000000048e-04 1.000000000000000000e+00
-4.503499999999999837e+00 1.000000000000000048e-04 1.000000000000000048e-04 1.000000000000000000e+00
-4.502749999999999808e+00 1.000000000000000048e-04 1.000000000000000048e-04 1.000000000000000000e+00
-4.501999999999999780e+00 1.000000000000000048e-04 1.000000000000000048e-04 1.000000000000000000e+00
-4.501249999999999751e+00 1.000000000000000048e-04 1.000000000000000048e-04 1.000000000000000000e+00
-4.500499999999999723e+00 1.000000000000000048e-04 1.000000000000000048e-04 1.000000000000000000e+00
-4.499749999999999694e+00 1.000000000000000048e-04 1.000000000000000048e-04 1.000000000000000000e+00
-4.498999999999999666e+00 1.000000000000000048e-04 1.000000000000000048e-04 1.000000000000000000e+00
-4.498249999999999638e+00 1.000000000000000048e-04 1.000000000000000048e-04 1.000000000000000000e+00
-4.497499999999999609e+00 1.000000000000000048e-04 1.000000000000000048e-04 1.000000000000000000e+00
-4.496750000000000469e+00 1.000000000000000048e-04 1.000000000000000048e-04 1.000000000000000000e+00
-4.496000000000000441e+00 1.000000000000000048e-04 1.000000000000000048e-04 1.000000000000000000e+00
-4.495250000000000412e+00 1.000000000000000048e-04 1.000000000000000048e-04 1.000000000000000000e+00
-4.494500000000000384e+00 1.000000000000000048e-04 1.000000000000000048e-04 1.000000000000000000e+00
-4.493750000000000355e+00 1.000000000000000048e-04 1.000000000000000048e-04 1.000000000000000000e+00
-4.493000000000000327e+00 1.000000000000000048e-04 1.000000000000000048e-04 1.000000000000000000e+00
-4.492250000000000298e+00 1.000000000000000048e-04 1.000000000000000048e-04 1.000000000000000000e+00
-4.491500000000000270e+00 1.000000000000000048e-04 1.000000000000000048e-04 1.000000000000000000e+00
-4.490750000000000242e+00 1.000000000000000048e-04 1.000000000000000048e-04 1.000000000000000000e+00
-4.490000000000000213e+00 1.000000000000000048e-04 1.000000000000000048e-04 1.000000000000000000e+00
-4.489250000000000185e+00 1.000000000000000048e-04 1.000000000000000048e-04 1.000000000000000000e+00
-4.488500000000000156e+00 1.000000000000000048e-04 1.000000000000000048e-04 1.000000000000000000e+00
-4.487750000000000128e+00 1.000000000000000048e-04 1.000000000000000048e-04 1.000000000000000000e+00
-4.487000000000000099e+00 1.000000000000000048e-04 1.000000000000000048e-04 1.000000000000000000e+00
-4.486250000000000071e+00 1.000000000000000048e-04 1.000000000000000048e-04 1.000000000000000000e+00
-4.485500000000000043e+00 1.000000000000000048e-04 1.000000000000000048e-04 1.000000000000000000e+00
-4.484750000000000014e+00 1.000000000000000048e-04 1.000000000000000048e-04 1.000000000000000000e+00
-4.483999999999999986e+00 1.000000000000000048e-04 1.000000000000000048e-04 1.000000000000000000e+00
-4.483249999999999957e+00 1.000000000000000048e-04 1.000000000000000048e-04 1.000000000000000000e+00
-4.482499999999999929e+00 1.000000000000000048e-04 1.000000000000000048e-04 1.000000000000000000e+00
-4.481749999999999901e+00 1.000000000000000048e-04 1.000000000000000048e-04 1.000000000000000000e+00
-4.480999999999999872e+00 1.000000000000000048e-04 1.000000000000000048e-04 1.000000000000000000e+00
-4.480249999999999844e+00 1.000000000000000048e-04 1.000000000000000048e-04 1.000000000000000000e+00
-4.479499999999999815e+00 1.000000000000000048e-04 1.000000000000000048e-04 1.000000000000000000e+00
-4.478749999999999787e+00 1.000000000000000048e-04 1.000000000000000048e-04 1.000000000000000000e+00
-4.477999999999999758e+00 1.000000000000000048e-04 1.000000000000000048e-04 1.000000000000000000e+00
-4.477249999999999730e+00 1.000000000000000048e-04 1.000000000000000048e-04 1.000000000000000000e+00
-4.476499999999999702e+00 1.000000000000000048e-04 1.000000000000000048e-04 1.000000000000000000e+00
-4.475749999999999673e+00 1.000000000000000048e-04 1.000000000000000048e-04 1.000000000000000000e+00
-4.474999999999999645e+00 1.000000000000000048e-04 1.000000000000000048e-04 1.000000000000000000e+00
-4.474249999999999616e+00 1.000000000000000048e-04 1.000000000000000048e-04 1.000000000000000000e+00
-4.473499999999999588e+00 1.000000000000000048e-04 1.000000000000000048e-04 1.000000000000000000e+00
-4.472749999999999559e+00 1.000000000000000048e-04 1.000000000000000048e-04 1.000000000000000000e+00
-4.471999999999999531e+00 1.000000000000000048e-04 1.000000000000000048e-04 1.000000000000000000e+00
-4.471249999999999503e+00 1.000000000000000048e-04 1.000000000000000048e-04 1.000000000000000000e+00
-4.470500000000000362e+00 1.000000000000000048e-04 1.000000000000000048e-04 1.000000000000000000e+00
-4.469750000000000334e+00 1.000000000000000048e-04 1.000000000000000048e-04 1.000000000000000000e+00
-4.469000000000000306e+00 1.000000000000000048e-04 1.000000000000000048e-04 1.000000000000000000e+00
-4.468250000000000277e+00 1.000000000000000048e-04 1.000000000000000048e-04 1.000000000000000000e+00
-4.467500000000000249e+00 1.000000000000000048e-04 1.000000000000000048e-04 1.000000000000000000e+00
-4.466750000000000220e+00 1.000000000000000048e-04 1.000000000000000048e-04 1.000000000000000000e+00
-4.466000000000000192e+00 1.000000000000000048e-04 1.000000000000000048e-04 1.000000000000000000e+00
-4.465250000000000163e+00 1.000000000000000048e-04 1.000000000000000048e-04 1.000000000000000000e+00
-4.464500000000000135e+00 1.000000000000000048e-04 1.000000000000000048e-04 1.000000000000000000e+00
-4.463750000000000107e+00 1.000000000000000048e-04 1.000000000000000048e-04 1.000000000000000000e+00
-4.463000000000000078e+00 1.000000000000000048e-04 1.000000000000000048e-04 1.000000000000000000e+00
-4.462250000000000050e+00 1.000000000000000048e-04 1.000000000000000048e-04 1.000000000000000000e+00
-4.461500000000000021e+00 1.000000000000000048e-04 1.000000000000000048e-04 1.000000000000000000e+00
-4.460749999999999993e+00 1.000000000000000048e-04 1.000000000000000048e-04 1.000000000000000000e+00
-4.459999999999999964e+00 1.000000000000000048e-04 1.000000000000000048e-04 1.000000000000000000e+00
-4.459249999999999936e+00 1.000000000000000048e-04 1.000000000000000048e-04 1.000000000000000000e+00
-4.458499999999999908e+00 1.000000000000000048e-04 1.000000000000000048e-04 1.000000000000000000e+00
-4.457749999999999879e+00 1.000000000000000048e-04 1.000000000000000048e-04 1.000000000000000000e+00
-4.456999999999999851e+00 1.000000000000000048e-04 1.000000000000000048e-04 1.000000000000000000e+00
-4.456249999999999822e+00 1.000000000000000048e-04 1.000000000000000048e-04 1.000000000000000000e+00
-4.455499999999999794e+00 1.000000000000000048e-04 1.000000000000000048e-04 1.000000000000000000e+00
-4.454749999999999766e+00 1.000000000000000048e-04 1.000000000000000048e-04 1.000000000000000000e+00
-4.453999999999999737e+00 1.000000000000000048e-04 1.000000000000000048e-04 1.000000000000000000e+00
-4.453249999999999709e+00 1.000000000000000048e-04 1.000000000000000048e-04 1.000000000000000000e+00
-4.452499999999999680e+00 1.000000000000000048e-04 1.000000000000000048e-04 1.000000000000000000e+00
-4.451749999999999652e+00 1.000000000000000048e-04 1.000000000000000048e-04 1.000000000000000000e+00
-4.450999999999999623e+00 1.000000000000000048e-04 1.000000000000000048e-04 1.000000000000000000e+00
-4.450250000000000483e+00 1.000000000000000048e-04 1.000000000000000048e-04 1.000000000000000000e+00
-4.449500000000000455e+00 1.000000000000000048e-04 1.000000000000000048e-04 1.000000000000000000e+00
-4.448750000000000426e+00 1.000000000000000048e-04 1.000000000000000048e-04 1.000000000000000000e+00
-4.448000000000000398e+00 1.000000000000000048e-04 1.000000000000000048e-04 1.000000000000000000e+00
-4.447250000000000369e+00 1.000000000000000048e-04 1.000000000000000048e-04 1.000000000000000000e+00
-4.446500000000000341e+00 1.000000000000000048e-04 1.000000000000000048e-04 1.000000000000000000e+00
-4.445750000000000313e+00 1.000000000000000048e-04 1.000000000000000048e-04 1.000000000000000000e+00
-4.445000000000000284e+00 1.000000000000000048e-04 1.000000000000000048e-04 1.000000000000000000e+00
-4.444250000000000256e+00 1.000000000000000048e-04 1.000000000000000048e-04 1.000000000000000000e+00
-4.443500000000000227e+00 1.000000000000000048e-04 1.000000000000000048e-04 1.000000000000000000e+00
-4.442750000000000199e+00 1.000000000000000048e-04 1.000000000000000048e-04 1.000000000000000000e+00
-4.442000000000000171e+00 1.000000000000000048e-04 1.000000000000000048e-04 1.000000000000000000e+00
-4.441250000000000142e+00 1.000000000000000048e-04 1.000000000000000048e-04 1.000000000000000000e+00
-4.440500000000000114e+00 1.000000000000000048e-04 1.000000000000000048e-04 1.000000000000000000e+00
-4.439750000000000085e+00 1.000000000000000048e-04 1.000000000000000048e-04 1.000000000000000000e+00
-4.439000000000000057e+00 1.000000000000000048e-04 1.000000000000000048e-04 1.000000000000000000e+00
-4.438250000000000028e+00 1.000000000000000048e-04 1.000000000000000048e-04 1.000000000000000000e+00
-4.437500000000000000e+00 1.000000000000000048e-04 1.000000000000000048e-04 1.000000000000000000e+00
-4.436749999999999972e+00 1.000000000000000048e-04 1.000000000000000048e-04 1.000000000000000000e+00
-4.435999999999999943e+00 1.000000000000000048e-04 1.000000000000000048e-04 1.000000000000000000e+00
-4.435249999999999915e+00 1.000000000000000048e-04 1.000000000000000048e-04 1.000000000000000000e+00
-4.434499999999999886e+00 1.000000000000000048e-04 1.000000000000000048e-04 1.000000000000000000e+00
-4.433749999999999858e+00 1.000000000000000048e-04 1.000000000000000048e-04 1.000000000000000000e+00
-4.432999999999999829e+00 1.000000000000000048e-04 1.000000000000000048e-04 1.000000000000000000e+00
-4.432249999999999801e+00 1.000000000000000048e-04 1.000000000000000048e-04 1.000000000000000000e+00
-4.431499999999999773e+00 1.000000000000000048e-04 1.000000000000000048e-04 1.000000000000000000e+00
-4.430749999999999744e+00 1.000000000000000048e-04 1.000000000000000048e-04 1.000000000000000000e+00
-4.429999999999999716e+00 1.000000000000000048e-04 1.000000000000000048e-04 1.000000000000000000e+00
-4.429249999999999687e+00 1.000000000000000048e-04 1.000000000000000048e-04 1.000000000000000000e+00
-4.428499999999999659e+00 1.000000000000000048e-04 1.000000000000000048e-04 1.000000000000000000e+00
-4.427749999999999631e+00 1.000000000000000048e-04 1.000000000000000048e-04 1.000000000000000000e+00
-4.426999999999999602e+00 1.000000000000000048e-04 1.000000000000000048e-04 1.000000000000000000e+00
-4.426249999999999574e+00 1.000000000000000048e-04 1.000000000000000048e-04 1.000000000000000000e+00
-4.425499999999999545e+00 1.000000000000000048e-04 1.000000000000000048e-04 1.000000000000000000e+00
-4.424749999999999517e+00 1.000000000000000048e-04 1.000000000000000048e-04 1.000000000000000000e+00
-4.423999999999999488e+00 1.000000000000000048e-04 1.000000000000000048e-04 1.000000000000000000e+00
-4.423250000000000348e+00 1.000000000000000048e-04 1.000000000000000048e-04 1.000000000000000000e+00
-4.422500000000000320e+00 1.000000000000000048e-04 1.000000000000000048e-04 1.000000000000000000e+00
-4.421750000000000291e+00 1.000000000000000048e-04 1.000000000000000048e-04 1.000000000000000000e+00
-4.421000000000000263e+00 1.000000000000000048e-04 1.000000000000000048e-04 1.000000000000000000e+00
-4.420250000000000234e+00 1.000000000000000048e-04 1.000000000000000048e-04 1.000000000000000000e+00
-4.419500000000000206e+00 1.000000000000000048e-04 1.000000000000000048e-04 1.000000000000000000e+00
-4.418750000000000178e+00 1.000000000000000048e-04 1.000000000000000048e-04 1.000000000000000000e+00
-4.418000000000000149e+00 1.000000000000000048e-04 1.000000000000000048e-04 1.000000000000000000e+00
-4.417250000000000121e+00 1.000000000000000048e-04 1.000000000000000048e-04 1.000000000000000000e+00
-4.416500000000000092e+00 1.000000000000000048e-04 1.000000000000000048e-04 1.000000000000000000e+00
-4.415750000000000064e+00 1.000000000000000048e-04 1.000000000000000048e-04 1.000000000000000000e+00
-4.415000000000000036e+00 1.000000000000000048e-04 1.000000000000000048e-04 1.000000000000000000e+00
-4.414250000000000007e+00 1.000000000000000048e-04 1.000000000000000048e-04 1.000000000000000000e+00
-4.413499999999999979e+00 1.000000000000000048e-04 1.000000000000000048e-04 1.000000000000000000e+00
-4.412749999999999950e+00 1.000000000000000048e-04 1.000000000000000048e-04 1.000000000000000000e+00
-4.411999999999999922e+00 1.000000000000000048e-04 1.000000000000000048e-04 1.000000000000000000e+00
-4.411249999999999893e+00 1.000000000000000048e-04 1.000000000000000048e-04 1.000000000000000000e+00
-4.410499999999999865e+00 1.000000000000000048e-04 1.000000000000000048e-04 1.000000000000000000e+00
-4.409749999999999837e+00 1.000000000000000048e-04 1.000000000000000048e-04 1.000000000000000000e+00
-4.408999999999999808e+00 1.000000000000000048e-04 1.000000000000000048e-04 1.000000000000000000e+00
-4.408249999999999780e+00 1.000000000000000048e-04 1.000000000000000048e-04 1.000000000000000000e+00
-4.407499999999999751e+00 1.000000000000000048e-04 1.000000000000000048e-04 1.000000000000000000e+00
-4.406749999999999723e+00 1.000000000000000048e-04 1.000000000000000048e-04 1.000000000000000000e+00
-4.405999999999999694e+00 1.000000000000000048e-04 1.000000000000000048e-04 1.000000000000000000e+00
-4.405249999999999666e+00 1.000000000000000048e-04 1.000000000000000048e-04 1.000000000000000000e+00
-4.404499999999999638e+00 1.000000000000000048e-04 1.000000000000000048e-04 1.000000000000000000e+00
-4.403749999999999609e+00 1.000000000000000048e-04 1.000000000000000048e-04 1.000000000000000000e+00
-4.403000000000000469e+00 1.000000000000000048e-04 1.000000000000000048e-04 1.000000000000000000e+00
-4.402250000000000441e+00 1.000000000000000048e-04 1.000000000000000048e-04 1.000000000000000000e+00
-4.401500000000000412e+00 1.000000000000000048e-04 1.000000000000000048e-04 1.000000000000000000e+00
-4.400750000000000384e+00 1.000000000000000048e-04 1.000000000000000048e-04 1.000000000000000000e+00
-4.400000000000000355e+00 1.000000000000000048e-04 1.000000000000000048e-04 1.000000000000000000e+00
-4.399250000000000327e+00 1.000000000000000048e-04 1.000000000000000048e-04 1.000000000000000000e+00
-4.398500000000000298e+00 1.000000000000000048e-04 1.000000000000000048e-04 1.000000000000000000e+00
-4.397750000000000270e+00 1.000000000000000048e-04 1.000000000000000048e-04 1.000000000000000000e+00
-4.397000000000000242e+00 1.000000000000000048e-04 1.000000000000000048e-04 1.000000000000000000e+00
-4.396250000000000213e+00 1.000000000000000048e-04 1.000000000000000048e-04 1.000000000000000000e+00
-4.395500000000000185e+00 1.000000000000000048e-04 1.000000000000000048e-04 1.000000000000000000e+00
-4.394750000000000156e+00 1.000000000000000048e-04 1.000000000000000048e-04 1.000000000000000000e+00
-4.394000000000000128e+00 1.000000000000000048e-04 1.000000000000000048e-04 1.000000000000000000e+00
-4.393250000000000099e+00 1.000000000000000048e-04 1.000000000000000048e-04 1.000000000000000000e+00
-4.392500000000000071e+00 1.000000000000000048e-04 1.000000000000000048e-04 1.000000000000000000e+00
-4.391750000000000043e+00 1.000000000000000048e-04 1.000000000000000048e-04 1.000000000000000000e+00
-4.391000000000000014e+00 1.000000000000000048e-04 1.000000000000000048e-04 1.000000000000000000e+00
-4.390249999999999986e+00 1.000000000000000048e-04 1.000000000000000048e-04 1.000000000000000000e+00
-4.389499999999999957e+00 1.000000000000000048e-04 1.000000000000000048e-04 1.000000000000000000e+00
-4.388749999999999929e+00 1.000000000000000048e-04 1.000000000000000048e-04 1.000000000000000000e+00
-4.387999999999999901e+00 1.000000000000000048e-04 1.000000000000000048e-04 1.000000000000000000e+00
-4.387249999999999872e+00 1.000000000000000048e-04 1.000000000000000048e-04 1.000000000000000000e+00
-4.386499999999999844e+00 1.000000000000000048e-04 1.000000000000000048e-04 1.000000000000000000e+00
-4.385749999999999815e+00 1.000000000000000048e-04 1.000000000000000048e-04 1.000000000000000000e+00
-4.384999999999999787e+00 1.000000000000000048e-04 1.000000000000000048e-04 1.000000000000000000e+00
-4.384249999999999758e+00 1.000000000000000048e-04 1.000000000000000048e-04 1.000000000000000000e+00
-4.383499999999999730e+00 1.000000000000000048e-04 1.000000000000000048e-04 1.000000000000000000e+00
-4.382749999999999702e+00 1.000000000000000048e-04 1.000000000000000048e-04 1.000000000000000000e+00
-4.381999999999999673e+00 1.000000000000000048e-04 1.000000000000000048e-04 1.000000000000000000e+00
-4.381249999999999645e+00 1.000000000000000048e-04 1.000000000000000048e-04 1.000000000000000000e+00
-4.380499999999999616e+00 1.000000000000000048e-04 1.000000000000000048e-04 1.000000000000000000e+00
-4.379749999999999588e+00 1.000000000000000048e-04 1.000000000000000048e-04 1.000000000000000000e+00
-4.378999999999999559e+00 1.000000000000000048e-04 1.000000000000000048e-04 1.000000000000000000e+00
-4.378249999999999531e+00 1.000000000000000048e-04 1.000000000000000048e-04 1.000000000000000000e+00
-4.377499999999999503e+00 1.000000000000000048e-04 1.000000000000000048e-04 1.000000000000000000e+00
-4.376750000000000362e+00 1.000000000000000048e-04 1.000000000000000048e-04 1.000000000000000000e+00
-4.376000000000000334e+00 1.000000000000000048e-04 1.000000000000000048e-04 1.000000000000000000e+00
-4.375250000000000306e+00 1.000000000000000048e-04 1.000000000000000048e-04 1.000000000000000000e+00
-4.374500000000000277e+00 1.000000000000000048e-04 1.000000000000000048e-04 1.000000000000000000e+00
-4.373750000000000249e+00 1.000000000000000048e-04 1.000000000000000048e-04 1.000000000000000000e+00
-4.373000000000000220e+00 1.000000000000000048e-04 1.000000000000000048e-04 1.000000000000000000e+00
-4.372250000000000192e+00 1.000000000000000048e-04 1.000000000000000048e-04 1.000000000000000000e+00
-4.371500000000000163e+00 1.000000000000000048e-04 1.000000000000000048e-04 1.000000000000000000e+00
-4.370750000000000135e+00 1.000000000000000048e-04 1.000000000000000048e-04 1.000000000000000000e+00
-4.370000000000000107e+00 1.000000000000000048e-04 1.000000000000000048e-04 1.000000000000000000e+00
-4.369250000000000078e+00 1.000000000000000048e-04 1.000000000000000048e-04 1.000000000000000000e+00
-4.368500000000000050e+00 1.000000000000000048e-04 1.000000000000000048e-04 1.000000000000000000e+00
-4.367750000000000021e+00 1.000000000000000048e-04 1.000000000000000048e-04 1.000000000000000000e+00
-4.366999999999999993e+00 1.000000000000000048e-04 1.000000000000000048e-04 1.000000000000000000e+00
-4.366249999999999964e+00 1.000000000000000048e-04 1.000000000000000048e-04 1.000000000000000000e+00
-4.365499999999999936e+00 1.000000000000000048e-04 1.000000000000000048e-04 1.000000000000000000e+00
-4.364749999999999908e+00 1.000000000000000048e-04 1.000000000000000048e-04 1.000000000000000000e+00
-4.363999999999999879e+00 1.000000000000000048e-04 1.000000000000000048e-04 1.000000000000000000e+00
-4.363249999999999851e+00 1.000000000000000048e-04 1.000000000000000048e-04 1.000000000000000000e+00
-4.362499999999999822e+00 1.000000000000000048e-04 1.000000000000000048e-04 1.000000000000000000e+00
-4.361749999999999794e+00 1.000000000000000048e-04 1.000000000000000048e-04 1.000000000000000000e+00
-4.360999999999999766e+00 1.000000000000000048e-04 1.000000000000000048e-04 1.000000000000000000e+00
-4.360249999999999737e+00 1.000000000000000048e-04 1.000000000000000048e-04 1.000000000000000000e+00
-4.359499999999999709e+00 1.000000000000000048e-04 1.000000000000000048e-04 1.000000000000000000e+00
-4.358749999999999680e+00 1.000000000000000048e-04 1.000000000000000048e-04 1.000000000000000000e+00
-4.357999999999999652e+00 1.000000000000000048e-04 1.000000000000000048e-04 1.000000000000000000e+00
-4.357249999999999623e+00 1.000000000000000048e-04 1.000000000000000048e-04 1.000000000000000000e+00
-4.356500000000000483e+00 1.000000000000000048e-04 1.000000000000000048e-04 1.000000000000000000e+00
-4.355750000000000455e+00 1.000000000000000048e-04 1.000000000000000048e-04 1.000000000000000000e+00
-4.355000000000000426e+00 1.000000000000000048e-04 1.000000000000000048e-04 1.000000000000000000e+00
-4.354250000000000398e+00 1.000000000000000048e-04 1.000000000000000048e-04 1.000000000000000000e+00
-4.353500000000000369e+00 1.000000000000000048e-04 1.000000000000000048e-04 1.000000000000000000e+00
-4.352750000000000341e+00 1.000000000000000048e-04 1.000000000000000048e-04 1.000000000000000000e+00
-4.352000000000000313e+00 1.000000000000000048e-04 1.000000000000000048e-04 1.000000000000000000e+00
-4.351250000000000284e+00 1.000000000000000048e-04 1.000000000000000048e-04 1.000000000000000000e+00
-4.350500000000000256e+00 1.000000000000000048e-04 1.000000000000000048e-04 1.000000000000000000e+00
-4.349750000000000227e+00 1.000000000000000048e-04 1.000000000000000048e-04 1.000000000000000000e+00
-4.349000000000000199e+00 1.000000000000000048e-04 1.000000000000000048e-04 1.000000000000000000e+00
-4.348250000000000171e+00 1.000000000000000048e-04 1.000000000000000048e-04 1.000000000000000000e+00
-4.347500000000000142e+00 1.000000000000000048e-04 1.000000000000000048e-04 1.000000000000000000e+00
-4.346750000000000114e+00 1.000000000000000048e-04 1.000000000000000048e-04 1.000000000000000000e+00
-4.346000000000000085e+00 1.000000000000000048e-04 1.000000000000000048e-04 1.000000000000000000e+00
-4.345250000000000057e+00 1.000000000000000048e-04 1.000000000000000048e-04 1.000000000000000000e+00
-4.344500000000000028e+00 1.000000000000000048e-04 1.000000000000000048e-04 1.000000000000000000e+00
-4.343750000000000000e+00 1.000000000000000048e-04 1.000000000000000048e-04 1.000000000000000000e+00
-4.342999999999999972e+00 1.000000000000000048e-04 1.000000000000000048e-04 1.000000000000000000e+00
-4.342249999999999943e+00 1.000000000000000048e-04 1.000000000000000048e-04 1.000000000000000000e+00
-4.341499999999999915e+00 1.000000000000000048e-04 1.000000000000000048e-04 1.000000000000000000e+00
-4.340749999999999886e+00 1.000000000000000048e-04 1.000000000000000048e-04 1.000000000000000000e+00
-4.339999999999999858e+00 1.000000000000000048e-04 1.000000000000000048e-04 1.000000000000000000e+00
-4.339249999999999829e+00 1.000000000000000048e-04 1.000000000000000048e-04 1.000000000000000000e+00
-4.338499999999999801e+00 1.000000000000000048e-04 1.000000000000000048e-04 1.000000000000000000e+00
-4.337749999999999773e+00 1.000000000000000048e-04 1.000000000000000048e-04 1.000000000000000000e+00
-4.336999999999999744e+00 1.000000000000000048e-04 1.000000000000000048e-04 1.000000000000000000e+00
-4.336249999999999716e+00 1.000000000000000048e-04 1.000000000000000048e-04 1.000000000000000000e+00
-4.335499999999999687e+00 1.000000000000000048e-04 1.000000000000000048e-04 1.000000000000000000e+00
-4.334749999999999659e+00 1.000000000000000048e-04 1.000000000000000048e-04 1.000000000000000000e+00
-4.333999999999999631e+00 1.000000000000000048e-04 1.000000000000000048e-04 1.000000000000000000e+00
-4.333249999999999602e+00 1.000000000000000048e-04 1.000000000000000048e-04 1.000000000000000000e+00
-4.332499999999999574e+00 1.000000000000000048e-04 1.000000000000000048e-04 1.000000000000000000e+00
-4.331749999999999545e+00 1.000000000000000048e-04 1.000000000000000048e-04 1.000000000000000000e+00
-4.330999999999999517e+00 1.000000000000000048e-04 1.000000000000000048e-04 1.000000000000000000e+00
-4.330249999999999488e+00 1.000000000000000048e-04 1.000000000000000048e-04 1.000000000000000000e+00
-4.329500000000000348e+00 1.000000000000000048e-04 1.000000000000000048e-04 1.000000000000000000e+00
-4.328750000000000320e+00 1.000000000000000048e-04 1.000000000000000048e-04 1.000000000000000000e+00
-4.328000000000000291e+00 1.000000000000000048e-04 1.000000000000000048e-04 1.000000000000000000e+00
-4.327250000000000263e+00 1.000000000000000048e-04 1.000000000000000048e-04 1.000000000000000000e+00
-4.326500000000000234e+00 1.000000000000000048e-04 1.000000000000000048e-04 1.000000000000000000e+00
-4.325750000000000206e+00 1.000000000000000048e-04 1.000000000000000048e-04 1.000000000000000000e+00
-4.325000000000000178e+00 1.000000000000000048e-04 1.000000000000000048e-04 1.000000000000000000e+00
-4.324250000000000149e+00 1.000000000000000048e-04 1.000000000000000048e-04 1.000000000000000000e+00
-4.323500000000000121e+00 1.000000000000000048e-04 1.000000000000000048e-04 1.000000000000000000e+00
-4.322750000000000092e+00 1.000000000000000048e-04 1.000000000000000048e-04 1.000000000000000000e+00
-4.322000000000000064e+00 1.000000000000000048e-04 1.000000000000000048e-04 1.000000000000000000e+00
-4.321250000000000036e+00 1.000000000000000048e-04 1.000000000000000048e-04 1.000000000000000000e+00
-4.320500000000000007e+00 1.000000000000000048e-04 1.000000000000000048e-04 1.000000000000000000e+00
-4.319749999999999979e+00 1.000000000000000048e-04 1.000000000000000048e-04 1.000000000000000000e+00
-4.318999999999999950e+00 1.000000000000000048e-04 1.000000000000000048e-04 1.000000000000000000e+00
-4.318249999999999922e+00 1.000000000000000048e-04 1.000000000000000048e-04 1.000000000000000000e+00
-4.317499999999999893e+00 1.000000000000000048e-04 1.000000000000000048e-04 1.000000000000000000e+00
-4.316749999999999865e+00 1.000000000000000048e-04 1.000000000000000048e-04 1.000000000000000000e+00
-4.315999999999999837e+00 1.000000000000000048e-04 1.000000000000000048e-04 1.000000000000000000e+00
-4.315249999999999808e+00 1.000000000000000048e-04 1.000000000000000048e-04 1.000000000000000000e+00
-4.314499999999999780e+00 1.000000000000000048e-04 1.000000000000000048e-04 1.000000000000000000e+00
-4.313749999999999751e+00 1.000000000000000048e-04 1.000000000000000048e-04 1.000000000000000000e+00
-4.312999999999999723e+00 1.000000000000000048e-04 1.000000000000000048e-04 1.000000000000000000e+00
-4.312249999999999694e+00 1.000000000000000048e-04 1.000000000000000048e-04 1.000000000000000000e+00
-4.311499999999999666e+00 1.000000000000000048e-04 1.000000000000000048e-04 1.000000000000000000e+00
-4.310749999999999638e+00 1.000000000000000048e-04 1.000000000000000048e-04 1.000000000000000000e+00
-4.309999999999999609e+00 1.000000000000000048e-04 1.000000000000000048e-04 1.000000000000000000e+00
-4.309250000000000469e+00 1.000000000000000048e-04 1.000000000000000048e-04 1.000000000000000000e+00
-4.308500000000000441e+00 1.000000000000000048e-04 1.000000000000000048e-04 1.000000000000000000e+00
-4.307750000000000412e+00 1.000000000000000048e-04 1.000000000000000048e-04 1.000000000000000000e+00
-4.307000000000000384e+00 1.000000000000000048e-04 1.000000000000000048e-04 1.000000000000000000e+00
-4.306250000000000355e+00 1.000000000000000048e-04 1.000000000000000048e-04 1.000000000000000000e+00
-4.305500000000000327e+00 1.000000000000000048e-04 1.000000000000000048e-04 1.000000000000000000e+00
-4.304750000000000298e+00 1.000000000000000048e-04 1.000000000000000048e-04 1.000000000000000000e+00
-4.304000000000000270e+00 1.000000000000000048e-04 1.000000000000000048e-04 1.000000000000000000e+00
-4.303250000000000242e+00 1.000000000000000048e-04 1.000000000000000048e-04 1.000000000000000000e+00
-4.302500000000000213e+00 1.000000000000000048e-04 1.000000000000000048e-04 1.000000000000000000e+00
-4.301750000000000185e+00 1.000000000000000048e-04 1.000000000000000048e-04 1.000000000000000000e+00
-4.301000000000000156e+00 1.000000000000000048e-04 1.000000000000000048e-04 1.000000000000000000e+00
-4.300250000000000128e+00 1.000000000000000048e-04 1.000000000000000048e-04 1.000000000000000000e+00
-4.299500000000000099e+00 1.000000000000000048e-04 1.000000000000000048e-04 1.000000000000000000e+00
-4.298750000000000071e+00 1.000000000000000048e-04 1.000000000000000048e-04 1.000000000000000000e+00
-4.298000000000000043e+00 1.000000000000000048e-04 1.000000000000000048e-04 1.000000000000000000e+00
-4.297250000000000014e+00 1.000000000000000048e-04 1.000000000000000048e-04 1.000000000000000000e+00
-4.296499999999999986e+00 1.000000000000000048e-04 1.000000000000000048e-04 1.000000000000000000e+00
-4.295749999999999957e+00 1.000000000000000048e-04 1.000000000000000048e-04 1.000000000000000000e+00
-4.294999999999999929e+00 1.000000000000000048e-04 1.000000000000000048e-04 1.000000000000000000e+00
-4.294249999999999901e+00 1.000000000000000048e-04 1.000000000000000048e-04 1.000000000000000000e+00
-4.293499999999999872e+00 1.000000000000000048e-04 1.000000000000000048e-04 1.000000000000000000e+00
-4.292749999999999844e+00 1.000000000000000048e-04 1.000000000000000048e-04 1.000000000000000000e+00
-4.291999999999999815e+00 1.000000000000000048e-04 1.000000000000000048e-04 1.000000000000000000e+00
-4.291249999999999787e+00 1.000000000000000048e-04 1.000000000000000048e-04 1.000000000000000000e+00
-4.290499999999999758e+00 1.000000000000000048e-04 1.000000000000000048e-04 1.000000000000000000e+00
-4.289749999999999730e+00 1.000000000000000048e-04 1.000000000000000048e-04 1.000000000000000000e+00
-4.288999999999999702e+00 1.000000000000000048e-04 1.000000000000000048e-04 1.000000000000000000e+00
-4.288249999999999673e+00 1.000000000000000048e-04 1.000000000000000048e-04 1.000000000000000000e+00
-4.287499999999999645e+00 1.000000000000000048e-04 1.000000000000000048e-04 1.000000000000000000e+00
-4.286749999999999616e+00 1.000000000000000048e-04 1.000000000000000048e-04 1.000000000000000000e+00
-4.285999999999999588e+00 1.000000000000000048e-04 1.000000000000000048e-04 1.000000000000000000e+00
-4.285249999999999559e+00 1.000000000000000048e-04 1.000000000000000048e-04 1.000000000000000000e+00
-4.284499999999999531e+00 1.000000000000000048e-04 1.000000000000000048e-04 1.000000000000000000e+00
-4.283749999999999503e+00 1.000000000000000048e-04 1.000000000000000048e-04 1.000000000000000000e+00
-4.283000000000000362e+00 1.000000000000000048e-04 1.000000000000000048e-04 1.000000000000000000e+00
-4.282250000000000334e+00 1.000000000000000048e-04 1.000000000000000048e-04 1.000000000000000000e+00
-4.281500000000000306e+00 1.000000000000000048e-04 1.000000000000000048e-04 1.000000000000000000e+00
-4.280750000000000277e+00 1.000000000000000048e-04 1.000000000000000048e-04 1.000000000000000000e+00
-4.280000000000000249e+00 1.000000000000000048e-04 1.000000000000000048e-04 1.000000000000000000e+00
-4.279250000000000220e+00 1.000000000000000048e-04 1.000000000000000048e-04 1.000000000000000000e+00
-4.278500000000000192e+00 1.000000000000000048e-04 1.000000000000000048e-04 1.000000000000000000e+00
-4.277750000000000163e+00 1.000000000000000048e-04 1.000000000000000048e-04 1.000000000000000000e+00
-4.277000000000000135e+00 1.000000000000000048e-04 1.000000000000000048e-04 1.000000000000000000e+00
-4.276250000000000107e+00 1.000000000000000048e-04 1.000000000000000048e-04 1.000000000000000000e+00
-4.275500000000000078e+00 1.000000000000000048e-04 1.000000000000000048e-04 1.000000000000000000e+00
-4.274750000000000050e+00 1.000000000000000048e-04 1.000000000000000048e-04 1.000000000000000000e+00
-4.274000000000000021e+00 1.000000000000000048e-04 1.000000000000000048e-04 1.000000000000000000e+00
-4.273249999999999993e+00 1.000000000000000048e-04 1.000000000000000048e-04 1.000000000000000000e+00
-4.272499999999999964e+00 1.000000000000000048e-04 1.000000000000000048e-04 1.000000000000000000e+00
-4.271749999999999936e+00 1.000000000000000048e-04 1.000000000000000048e-04 1.000000000000000000e+00
-4.270999999999999908e+00 1.000000000000000048e-04 1.000000000000000048e-04 1.000000000000000000e+00
-4.270249999999999879e+00 1.000000000000000048e-04 1.000000000000000048e-04 1.000000000000000000e+00
-4.269499999999999851e+00 1.000000000000000048e-04 1.000000000000000048e-04 1.000000000000000000e+00
-4.268749999999999822e+00 1.000000000000000048e-04 1.000000000000000048e-04 1.000000000000000000e+00
-4.267999999999999794e+00 1.000000000000000048e-04 1.000000000000000048e-04 1.000000000000000000e+00
-4.267249999999999766e+00 1.000000000000000048e-04 1.000000000000000048e-04 1.000000000000000000e+00
-4.266499999999999737e+00 1.000000000000000048e-04 1.000000000000000048e-04 1.000000000000000000e+00
-4.265749999999999709e+00 1.000000000000000048e-04 1.000000000000000048e-04 1.000000000000000000e+00
-4.264999999999999680e+00 1.000000000000000048e-04 1.000000000000000048e-04 1.000000000000000000e+00
-4.264249999999999652e+00 1.000000000000000048e-04 1.000000000000000048e-04 1.000000000000000000e+00
-4.263499999999999623e+00 1.000000000000000048e-04 1.000000000000000048e-04 1.000000000000000000e+00
-4.262750000000000483e+00 1.000000000000000048e-04 1.000000000000000048e-04 1.000000000000000000e+00
-4.262000000000000455e+00 1.000000000000000048e-04 1.000000000000000048e-04 1.000000000000000000e+00
-4.261250000000000426e+00 1.000000000000000048e-04 1.000000000000000048e-04 1.000000000000000000e+00
-4.260500000000000398e+00 1.000000000000000048e-04 1.000000000000000048e-04 1.000000000000000000e+00
-4.259750000000000369e+00 1.000000000000000048e-04 1.000000000000000048e-04 1.000000000000000000e+00
-4.259000000000000341e+00 1.000000000000000048e-04 1.000000000000000048e-04 1.000000000000000000e+00
-4.258250000000000313e+00 1.000000000000000048e-04 1.000000000000000048e-04 1.000000000000000000e+00
-4.257500000000000284e+00 1.000000000000000048e-04 1.000000000000000048e-04 1.000000000000000000e+00
-4.256750000000000256e+00 1.000000000000000048e-04 1.000000000000000048e-04 1.000000000000000000e+00
-4.256000000000000227e+00 1.000000000000000048e-04 1.000000000000000048e-04 1.000000000000000000e+00
-4.255250000000000199e+00 1.000000000000000048e-04 1.000000000000000048e-04 1.000000000000000000e+00
-4.254500000000000171e+00 1.000000000000000048e-04 1.000000000000000048e-04 1.000000000000000000e+00
-4.253750000000000142e+00 1.000000000000000048e-04 1.000000000000000048e-04 1.000000000000000000e+00
-4.253000000000000114e+00 1.000000000000000048e-04 1.000000000000000048e-04 1.000000000000000000e+00
-4.252250000000000085e+00 1.000000000000000048e-04 1.000000000000000048e-04 1.000000000000000000e+00
-4.251500000000000057e+00 1.000000000000000048e-04 1.000000000000000048e-04 1.000000000000000000e+00
-4.250750000000000028e+00 1.000000000000000048e-04 1.000000000000000048e-04 1.000000000000000000e+00
-4.250000000000000000e+00 1.000000000000000048e-04 1.000000000000000048e-04 1.000000000000000000e+00
-4.249249999999999972e+00 1.000000000000000048e-04 1.000000000000000048e-04 1.000000000000000000e+00
-4.248499999999999943e+00 1.000000000000000048e-04 1.000000000000000048e-04 1.000000000000000000e+00
-4.247749999999999915e+00 1.000000000000000048e-04 1.000000000000000048e-04 1.000000000000000000e+00
-4.246999999999999886e+00 1.000000000000000048e-04 1.000000000000000048e-04 1.000000000000000000e+00
-4.246249999999999858e+00 1.000000000000000048e-04 1.000000000000000048e-04 1.000000000000000000e+00
-4.245499999999999829e+00 1.000000000000000048e-04 1.000000000000000048e-04 1.000000000000000000e+00
-4.244749999999999801e+00 1.000000000000000048e-04 1.000000000000000048e-04 1.000000000000000000e+00
-4.243999999999999773e+00 1.000000000000000048e-04 1.000000000000000048e-04 1.000000000000000000e+00
-4.243249999999999744e+00 1.000000000000000048e-04 1.000000000000000048e-04 1.000000000000000000e+00
-4.242499999999999716e+00 1.000000000000000048e-04 1.000000000000000048e-04 1.000000000000000000e+00
-4.241749999999999687e+00 1.000000000000000048e-04 1.000000000000000048e-04 1.000000000000000000e+00
-4.240999999999999659e+00 1.000000000000000048e-04 1.000000000000000048e-04 1.000000000000000000e+00
-4.240249999999999631e+00 1.000000000000000048e-04 1.000000000000000048e-04 1.000000000000000000e+00
-4.239499999999999602e+00 1.000000000000000048e-04 1.000000000000000048e-04 1.000000000000000000e+00
-4.238749999999999574e+00 1.000000000000000048e-04 1.000000000000000048e-04 1.000000000000000000e+00
-4.237999999999999545e+00 1.000000000000000048e-04 1.000000000000000048e-04 1.000000000000000000e+00
-4.237249999999999517e+00 1.000000000000000048e-04 1.000000000000000048e-04 1.000000000000000000e+00
-4.236499999999999488e+00 1.000000000000000048e-04 1.000000000000000048e-04 1.000000000000000000e+00
-4.235750000000000348e+00 1.000000000000000048e-04 1.000000000000000048e-04 1.000000000000000000e+00
-4.235000000000000320e+00 1.000000000000000048e-04 1.000000000000000048e-04 1.000000000000000000e+00
-4.234250000000000291e+00 1.000000000000000048e-04 1.000000000000000048e-04 1.000000000000000000e+00
-4.233500000000000263e+00 1.000000000000000048e-04 1.000000000000000048e-04 1.000000000000000000e+00
-4.232750000000000234e+00 1.000000000000000048e-04 1.000000000000000048e-04 1.000000000000000000e+00
-4.232000000000000206e+00 1.000000000000000048e-04 1.000000000000000048e-04 1.000000000000000000e+00
-4.231250000000000178e+00 1.000000000000000048e-04 1.000000000000000048e-04 1.000000000000000000e+00
-4.230500000000000149e+00 1.000000000000000048e-04 1.000000000000000048e-04 1.000000000000000000e+00
-4.229750000000000121e+00 1.000000000000000048e-04 1.000000000000000048e-04 1.000000000000000000e+00
-4.229000000000000092e+00 1.000000000000000048e-04 1.000000000000000048e-04 1.000000000000000000e+00
-4.228250000000000064e+00 1.000000000000000048e-04 1.000000000000000048e-04 1.000000000000000000e+00
-4.227500000000000036e+00 1.000000000000000048e-04 1.000000000000000048e-04 1.000000000000000000e+00
-4.226750000000000007e+00 1.000000000000000048e-04 1.000000000000000048e-04 1.000000000000000000e+00
-4.225999999999999979e+00 1.000000000000000048e-04 1.000000000000000048e-04 1.000000000000000000e+00
-4.225249999999999950e+00 1.000000000000000048e-04 1.000000000000000048e-04 1.000000000000000000e+00
-4.224499999999999922e+00 1.000000000000000048e-04 1.000000000000000048e-04 1.000000000000000000e+00
-4.223749999999999893e+00 1.000000000000000048e-04 1.000000000000000048e-04 1.000000000000000000e+00
-4.222999999999999865e+00 1.000000000000000048e-04 1.000000000000000048e-04 1.000000000000000000e+00
-4.222249999999999837e+00 1.000000000000000048e-04 1.000000000000000048e-04 1.000000000000000000e+00
-4.221499999999999808e+00 1.000000000000000048e-04 1.000000000000000048e-04 1.000000000000000000e+00
-4.220749999999999780e+00 1.000000000000000048e-04 1.000000000000000048e-04 1.000000000000000000e+00
-4.219999999999999751e+00 1.000000000000000048e-04 1.000000000000000048e-04 1.000000000000000000e+00
-4.219249999999999723e+00 1.000000000000000048e-04 1.000000000000000048e-04 1.000000000000000000e+00
-4.218499999999999694e+00 1.000000000000000048e-04 1.000000000000000048e-04 1.000000000000000000e+00
-4.217749999999999666e+00 1.000000000000000048e-04 1.000000000000000048e-04 1.000000000000000000e+00
-4.216999999999999638e+00 1.000000000000000048e-04 1.000000000000000048e-04 1.000000000000000000e+00
-4.216249999999999609e+00 1.000000000000000048e-04 1.000000000000000048e-04 1.000000000000000000e+00
-4.215500000000000469e+00 1.000000000000000048e-04 1.000000000000000048e-04 1.000000000000000000e+00
-4.214750000000000441e+00 1.000000000000000048e-04 1.000000000000000048e-04 1.000000000000000000e+00
-4.214000000000000412e+00 1.000000000000000048e-04 1.000000000000000048e-04 1.000000000000000000e+00
-4.213250000000000384e+00 1.000000000000000048e-04 1.000000000000000048e-04 1.000000000000000000e+00
-4.212500000000000355e+00 1.000000000000000048e-04 1.000000000000000048e-04 1.000000000000000000e+00
-4.211750000000000327e+00 1.000000000000000048e-04 1.000000000000000048e-04 1.000000000000000000e+00
-4.211000000000000298e+00 1.000000000000000048e-04 1.000000000000000048e-04 1.000000000000000000e+00
-4.210250000000000270e+00 1.000000000000000048e-04 1.000000000000000048e-04 1.000000000000000000e+00
-4.209500000000000242e+00 1.000000000000000048e-04 1.000000000000000048e-04 1.000000000000000000e+00
-4.208750000000000213e+00 1.000000000000000048e-04 1.000000000000000048e-04 1.000000000000000000e+00
-4.208000000000000185e+00 1.000000000000000048e-04 1.000000000000000048e-04 1.000000000000000000e+00
-4.207250000000000156e+00 1.000000000000000048e-04 1.000000000000000048e-04 1.000000000000000000e+00
-4.206500000000000128e+00 1.000000000000000048e-04 1.000000000000000048e-04 1.000000000000000000e+00
-4.205750000000000099e+00 1.000000000000000048e-04 1.000000000000000048e-04 1.000000000000000000e+00
-4.205000000000000071e+00 1.000000000000000048e-04 1.000000000000000048e-04 1.000000000000000000e+00
-4.204250000000000043e+00 1.000000000000000048e-04 1.000000000000000048e-04 1.000000000000000000e+00
-4.203500000000000014e+00 1.000000000000000048e-04 1.000000000000000048e-04 1.000000000000000000e+00
-4.202749999999999986e+00 1.000000000000000048e-04 1.000000000000000048e-04 1.000000000000000000e+00
-4.201999999999999957e+00 1.000000000000000048e-04 1.000000000000000048e-04 1.000000000000000000e+00
-4.201249999999999929e+00 1.000000000000000048e-04 1.000000000000000048e-04 1.000000000000000000e+00
-4.200499999999999901e+00 1.000000000000000048e-04 1.000000000000000048e-04 1.000000000000000000e+00
-4.199749999999999872e+00 1.000000000000000048e-04 1.000000000000000048e-04 1.000000000000000000e+00
-4.198999999999999844e+00 1.000000000000000048e-04 1.000000000000000048e-04 1.000000000000000000e+00
-4.198249999999999815e+00 1.000000000000000048e-04 1.000000000000000048e-04 1.000000000000000000e+00
-4.197499999999999787e+00 1.000000000000000048e-04 1.000000000000000048e-04 1.000000000000000000e+00
-4.196749999999999758e+00 1.000000000000000048e-04 1.000000000000000048e-04 1.000000000000000000e+00
-4.195999999999999730e+00 1.000000000000000048e-04 1.000000000000000048e-04 1.000000000000000000e+00
-4.195249999999999702e+00 1.000000000000000048e-04 1.000000000000000048e-04 1.000000000000000000e+00
-4.194499999999999673e+00 1.000000000000000048e-04 1.000000000000000048e-04 1.000000000000000000e+00
-4.193749999999999645e+00 1.000000000000000048e-04 1.000000000000000048e-04 1.000000000000000000e+00
-4.192999999999999616e+00 1.000000000000000048e-04 1.000000000000000048e-04 1.000000000000000000e+00
-4.192249999999999588e+00 1.000000000000000048e-04 1.000000000000000048e-04 1.000000000000000000e+00
-4.191499999999999559e+00 1.000000000000000048e-04 1.000000000000000048e-04 1.000000000000000000e+00
-4.190749999999999531e+00 1.000000000000000048e-04 1.000000000000000048e-04 1.000000000000000000e+00
-4.189999999999999503e+00 1.000000000000000048e-04 1.000000000000000048e-04 1.000000000000000000e+00
-4.189250000000000362e+00 1.000000000000000048e-04 1.000000000000000048e-04 1.000000000000000000e+00
-4.188500000000000334e+00 1.000000000000000048e-04 1.000000000000000048e-04 1.000000000000000000e+00
-4.187750000000000306e+00 1.000000000000000048e-04 1.000000000000000048e-04 1.000000000000000000e+00
-4.187000000000000277e+00 1.000000000000000048e-04 1.000000000000000048e-04 1.000000000000000000e+00
-4.186250000000000249e+00 1.000000000000000048e-04 1.000000000000000048e-04 1.000000000000000000e+00
-4.185500000000000220e+00 1.000000000000000048e-04 1.000000000000000048e-04 1.000000000000000000e+00
-4.184750000000000192e+00 1.000000000000000048e-04 1.000000000000000048e-04 1.000000000000000000e+00
-4.184000000000000163e+00 1.000000000000000048e-04 1.000000000000000048e-04 1.000000000000000000e+00
-4.183250000000000135e+00 1.000000000000000048e-04 1.000000000000000048e-04 1.000000000000000000e+00
-4.182500000000000107e+00 1.000000000000000048e-04 1.000000000000000048e-04 1.000000000000000000e+00
-4.181750000000000078e+00 1.000000000000000048e-04 1.000000000000000048e-04 1.000000000000000000e+00
-4.181000000000000050e+00 1.000000000000000048e-04 1.000000000000000048e-04 1.000000000000000000e+00
-4.180250000000000021e+00 1.000000000000000048e-04 1.000000000000000048e-04 1.000000000000000000e+00
-4.179499999999999993e+00 1.000000000000000048e-04 1.000000000000000048e-04 1.000000000000000000e+00
-4.178749999999999964e+00 1.000000000000000048e-04 1.000000000000000048e-04 1.000000000000000000e+00
-4.177999999999999936e+00 1.000000000000000048e-04 1.000000000000000048e-04 1.000000000000000000e+00
-4.177249999999999908e+00 1.000000000000000048e-04 1.000000000000000048e-04 1.000000000000000000e+00
-4.176499999999999879e+00 1.000000000000000048e-04 1.000000000000000048e-04 1.000000000000000000e+00
-4.175749999999999851e+00 1.000000000000000048e-04 1.000000000000000048e-04 1.000000000000000000e+00
-4.174999999999999822e+00 1.000000000000000048e-04 1.000000000000000048e-04 1.000000000000000000e+00
-4.174249999999999794e+00 1.000000000000000048e-04 1.000000000000000048e-04 1.000000000000000000e+00
-4.173499999999999766e+00 1.000000000000000048e-04 1.000000000000000048e-04 1.000000000000000000e+00
-4.172749999999999737e+00 1.000000000000000048e-04 1.000000000000000048e-04 1.000000000000000000e+00
-4.171999999999999709e+00 1.000000000000000048e-04 1.000000000000000048e-04 1.000000000000000000e+00
-4.171249999999999680e+00 1.000000000000000048e-04 1.000000000000000048e-04 1.000000000000000000e+00
-4.170499999999999652e+00 1.000000000000000048e-04 1.000000000000000048e-04 1.000000000000000000e+00
-4.169749999999999623e+00 1.000000000000000048e-04 1.000000000000000048e-04 1.000000000000000000e+00
-4.168999999999999595e+00 1.000000000000000048e-04 1.000000000000000048e-04 1.000000000000000000e+00
-4.168250000000000455e+00 1.000000000000000048e-04 1.000000000000000048e-04 1.000000000000000000e+00
-4.167500000000000426e+00 1.000000000000000048e-04 1.000000000000000048e-04 1.000000000000000000e+00
-4.166750000000000398e+00 1.000000000000000048e-04 1.000000000000000048e-04 1.000000000000000000e+00
-4.166000000000000369e+00 1.000000000000000048e-04 1.000000000000000048e-04 1.000000000000000000e+00
-4.165250000000000341e+00 1.000000000000000048e-04 1.000000000000000048e-04 1.000000000000000000e+00
-4.164500000000000313e+00 1.000000000000000048e-04 1.000000000000000048e-04 1.000000000000000000e+00
-4.163750000000000284e+00 1.000000000000000048e-04 1.000000000000000048e-04 1.000000000000000000e+00
-4.163000000000000256e+00 1.000000000000000048e-04 1.000000000000000048e-04 1.000000000000000000e+00
-4.162250000000000227e+00 1.000000000000000048e-04 1.000000000000000048e-04 1.000000000000000000e+00
-4.161500000000000199e+00 1.000000000000000048e-04 1.000000000000000048e-04 1.000000000000000000e+00
-4.160750000000000171e+00 1.000000000000000048e-04 1.000000000000000048e-04 1.000000000000000000e+00
-4.160000000000000142e+00 1.000000000000000048e-04 1.000000000000000048e-04 1.000000000000000000e+00
-4.159250000000000114e+00 1.000000000000000048e-04 1.000000000000000048e-04 1.000000000000000000e+00
-4.158500000000000085e+00 1.000000000000000048e-04 1.000000000000000048e-04 1.000000000000000000e+00
-4.157750000000000057e+00 1.000000000000000048e-04 1.000000000000000048e-04 1.000000000000000000e+00
-4.157000000000000028e+00 1.000000000000000048e-04 1.000000000000000048e-04 1.000000000000000000e+00
-4.156250000000000000e+00 1.000000000000000048e-04 1.000000000000000048e-04 1.000000000000000000e+00
-4.155499999999999972e+00 1.000000000000000048e-04 1.000000000000000048e-04 1.000000000000000000e+00
-4.154749999999999943e+00 1.000000000000000048e-04 1.000000000000000048e-04 1.000000000000000000e+00
-4.153999999999999915e+00 1.000000000000000048e-04 1.000000000000000048e-04 1.000000000000000000e+00
-4.153249999999999886e+00 1.000000000000000048e-04 1.000000000000000048e-04 1.000000000000000000e+00
-4.152499999999999858e+00 1.000000000000000048e-04 1.000000000000000048e-04 1.000000000000000000e+00
-4.151749999999999829e+00 1.000000000000000048e-04 1.000000000000000048e-04 1.000000000000000000e+00
-4.150999999999999801e+00 1.000000000000000048e-04 1.000000000000000048e-04 1.000000000000000000e+00
-4.150249999999999773e+00 1.000000000000000048e-04 1.000000000000000048e-04 1.000000000000000000e+00
-4.149499999999999744e+00 1.000000000000000048e-04 1.000000000000000048e-04 1.000000000000000000e+00
-4.148749999999999716e+00 1.000000000000000048e-04 1.000000000000000048e-04 1.000000000000000000e+00
-4.147999999999999687e+00 1.000000000000000048e-04 1.000000000000000048e-04 1.000000000000000000e+00
-4.147249999999999659e+00 1.000000000000000048e-04 1.000000000000000048e-04 1.000000000000000000e+00
-4.146499999999999631e+00 1.000000000000000048e-04 1.000000000000000048e-04 1.000000000000000000e+00
-4.145749999999999602e+00 1.000000000000000048e-04 1.000000000000000048e-04 1.000000000000000000e+00
-4.144999999999999574e+00 1.000000000000000048e-04 1.000000000000000048e-04 1.000000000000000000e+00
-4.144249999999999545e+00 1.000000000000000048e-04 1.000000000000000048e-04 1.000000000000000000e+00
-4.143499999999999517e+00 1.000000000000000048e-04 1.000000000000000048e-04 1.000000000000000000e+00
-4.142749999999999488e+00 1.000000000000000048e-04 1.000000000000000048e-04 1.000000000000000000e+00
-4.142000000000000348e+00 1.000000000000000048e-04 1.000000000000000048e-04 1.000000000000000000e+00
-4.141250000000000320e+00 1.000000000000000048e-04 1.000000000000000048e-04 1.000000000000000000e+00
-4.140500000000000291e+00 1.000000000000000048e-04 1.000000000000000048e-04 1.000000000000000000e+00
-4.139750000000000263e+00 1.000000000000000048e-04 1.000000000000000048e-04 1.000000000000000000e+00
-4.139000000000000234e+00 1.000000000000000048e-04 1.000000000000000048e-04 1.000000000000000000e+00
-4.138250000000000206e+00 1.000000000000000048e-04 1.000000000000000048e-04 1.000000000000000000e+00
-4.137500000000000178e+00 1.000000000000000048e-04 1.000000000000000048e-04 1.000000000000000000e+00
-4.136750000000000149e+00 1.000000000000000048e-04 1.000000000000000048e-04 1.000000000000000000e+00
-4.136000000000000121e+00 1.000000000000000048e-04 1.000000000000000048e-04 1.000000000000000000e+00
-4.135250000000000092e+00 1.000000000000000048e-04 1.000000000000000048e-04 1.000000000000000000e+00
-4.134500000000000064e+00 1.000000000000000048e-04 1.000000000000000048e-04 1.000000000000000000e+00
-4.133750000000000036e+00 1.000000000000000048e-04 1.000000000000000048e-04 1.000000000000000000e+00
-4.133000000000000007e+00 1.000000000000000048e-04 1.000000000000000048e-04 1.000000000000000000e+00
-4.132249999999999979e+00 1.000000000000000048e-04 1.000000000000000048e-04 1.000000000000000000e+00
-4.131499999999999950e+00 1.000000000000000048e-04 1.000000000000000048e-04 1.000000000000000000e+00
-4.130749999999999922e+00 1.000000000000000048e-04 1.000000000000000048e-04 1.000000000000000000e+00
-4.129999999999999893e+00 1.000000000000000048e-04 1.000000000000000048e-04 1.000000000000000000e+00
-4.129249999999999865e+00 1.000000000000000048e-04 1.000000000000000048e-04 1.000000000000000000e+00
-4.128499999999999837e+00 1.000000000000000048e-04 1.000000000000000048e-04 1.000000000000000000e+00
-4.127749999999999808e+00 1.000000000000000048e-04 1.000000000000000048e-04 1.000000000000000000e+00
-4.126999999999999780e+00 1.000000000000000048e-04 1.000000000000000048e-04 1.000000000000000000e+00
-4.126249999999999751e+00 1.000000000000000048e-04 1.000000000000000048e-04 1.000000000000000000e+00
-4.125499999999999723e+00 1.000000000000000048e-04 1.000000000000000048e-04 1.000000000000000000e+00
-4.124749999999999694e+00 1.000000000000000048e-04 1.000000000000000048e-04 1.000000000000000000e+00
-4.123999999999999666e+00 1.000000000000000048e-04 1.000000000000000048e-04 1.000000000000000000e+00
-4.123249999999999638e+00 1.000000000000000048e-04 1.000000000000000048e-04 1.000000000000000000e+00
-4.122499999999999609e+00 1.000000000000000048e-04 1.000000000000000048e-04 1.000000000000000000e+00
-4.121750000000000469e+00 1.000000000000000048e-04 1.000000000000000048e-04 1.000000000000000000e+00
-4.121000000000000441e+00 1.000000000000000048e-04 1.000000000000000048e-04 1.000000000000000000e+00
-4.120250000000000412e+00 1.000000000000000048e-04 1.000000000000000048e-04 1.000000000000000000e+00
-4.119500000000000384e+00 1.000000000000000048e-04 1.000000000000000048e-04 1.000000000000000000e+00
-4.118750000000000355e+00 1.000000000000000048e-04 1.000000000000000048e-04 1.000000000000000000e+00
-4.118000000000000327e+00 1.000000000000000048e-04 1.000000000000000048e-04 1.000000000000000000e+00
-4.117250000000000298e+00 1.000000000000000048e-04 1.000000000000000048e-04 1.000000000000000000e+00
-4.116500000000000270e+00 1.000000000000000048e-04 1.000000000000000048e-04 1.000000000000000000e+00
-4.115750000000000242e+00 1.000000000000000048e-04 1.000000000000000048e-04 1.000000000000000000e+00
-4.115000000000000213e+00 1.000000000000000048e-04 1.000000000000000048e-04 1.000000000000000000e+00
-4.114250000000000185e+00 1.000000000000000048e-04 1.000000000000000048e-04 1.000000000000000000e+00
-4.113500000000000156e+00 1.000000000000000048e-04 1.000000000000000048e-04 1.000000000000000000e+00
-4.112750000000000128e+00 1.000000000000000048e-04 1.000000000000000048e-04 1.000000000000000000e+00
-4.112000000000000099e+00 1.000000000000000048e-04 1.000000000000000048e-04 1.000000000000000000e+00
-4.111250000000000071e+00 1.000000000000000048e-04 1.000000000000000048e-04 1.000000000000000000e+00
-4.110500000000000043e+00 1.000000000000000048e-04 1.000000000000000048e-04 1.000000000000000000e+00
-4.109750000000000014e+00 1.000000000000000048e-04 1.000000000000000048e-04 1.000000000000000000e+00
-4.108999999999999986e+00 1.000000000000000048e-04 1.000000000000000048e-04 1.000000000000000000e+00
-4.108249999999999957e+00 1.000000000000000048e-04 1.000000000000000048e-04 1.000000000000000000e+00
-4.107499999999999929e+00 1.000000000000000048e-04 1.000000000000000048e-04 1.000000000000000000e+00
-4.106749999999999901e+00 1.000000000000000048e-04 1.000000000000000048e-04 1.000000000000000000e+00
-4.105999999999999872e+00 1.000000000000000048e-04 1.000000000000000048e-04 1.000000000000000000e+00
-4.105249999999999844e+00 1.000000000000000048e-04 1.000000000000000048e-04 1.000000000000000000e+00
-4.104499999999999815e+00 1.000000000000000048e-04 1.000000000000000048e-04 1.000000000000000000e+00
-4.103749999999999787e+00 1.000000000000000048e-04 1.000000000000000048e-04 1.000000000000000000e+00
-4.102999999999999758e+00 1.000000000000000048e-04 1.000000000000000048e-04 1.000000000000000000e+00
-4.102249999999999730e+00 1.000000000000000048e-04 1.000000000000000048e-04 1.000000000000000000e+00
-4.101499999999999702e+00 1.000000000000000048e-04 1.000000000000000048e-04 1.000000000000000000e+00
-4.100749999999999673e+00 1.000000000000000048e-04 1.000000000000000048e-04 1.000000000000000000e+00
-4.099999999999999645e+00 1.000000000000000048e-04 1.000000000000000048e-04 1.000000000000000000e+00
-4.099249999999999616e+00 1.000000000000000048e-04 1.000000000000000048e-04 1.000000000000000000e+00
-4.098499999999999588e+00 1.000000000000000048e-04 1.000000000000000048e-04 1.000000000000000000e+00
-4.097749999999999559e+00 1.000000000000000048e-04 1.000000000000000048e-04 1.000000000000000000e+00
-4.096999999999999531e+00 1.000000000000000048e-04 1.000000000000000048e-04 1.000000000000000000e+00
-4.096249999999999503e+00 1.000000000000000048e-04 1.000000000000000048e-04 1.000000000000000000e+00
-4.095500000000000362e+00 1.000000000000000048e-04 1.000000000000000048e-04 1.000000000000000000e+00
-4.094750000000000334e+00 1.000000000000000048e-04 1.000000000000000048e-04 1.000000000000000000e+00
-4.094000000000000306e+00 1.000000000000000048e-04 1.000000000000000048e-04 1.000000000000000000e+00
-4.093250000000000277e+00 1.000000000000000048e-04 1.000000000000000048e-04 1.000000000000000000e+00
-4.092500000000000249e+00 1.000000000000000048e-04 1.000000000000000048e-04 1.000000000000000000e+00
-4.091750000000000220e+00 1.000000000000000048e-04 1.000000000000000048e-04 1.000000000000000000e+00
-4.091000000000000192e+00 1.000000000000000048e-04 1.000000000000000048e-04 1.000000000000000000e+00
-4.090250000000000163e+00 1.000000000000000048e-04 1.000000000000000048e-04 1.000000000000000000e+00
-4.089500000000000135e+00 1.000000000000000048e-04 1.000000000000000048e-04 1.000000000000000000e+00
-4.088750000000000107e+00 1.000000000000000048e-04 1.000000000000000048e-04 1.000000000000000000e+00
-4.088000000000000078e+00 1.000000000000000048e-04 1.000000000000000048e-04 1.000000000000000000e+00
-4.087250000000000050e+00 1.000000000000000048e-04 1.000000000000000048e-04 1.000000000000000000e+00
-4.086500000000000021e+00 1.000000000000000048e-04 1.000000000000000048e-04 1.000000000000000000e+00
-4.085749999999999993e+00 1.000000000000000048e-04 1.000000000000000048e-04 1.000000000000000000e+00
-4.084999999999999964e+00 1.000000000000000048e-04 1.000000000000000048e-04 1.000000000000000000e+00
-4.084249999999999936e+00 1.000000000000000048e-04 1.000000000000000048e-04 1.000000000000000000e+00
-4.083499999999999908e+00 1.000000000000000048e-04 1.000000000000000048e-04 1.000000000000000000e+00
-4.082749999999999879e+00 1.000000000000000048e-04 1.000000000000000048e-04 1.000000000000000000e+00
-4.081999999999999851e+00 1.000000000000000048e-04 1.000000000000000048e-04 1.000000000000000000e+00
-4.081249999999999822e+00 1.000000000000000048e-04 1.000000000000000048e-04 1.000000000000000000e+00
-4.080499999999999794e+00 1.000000000000000048e-04 1.000000000000000048e-04 1.000000000000000000e+00
-4.079749999999999766e+00 1.000000000000000048e-04 1.000000000000000048e-04 1.000000000000000000e+00
-4.078999999999999737e+00 1.000000000000000048e-04 1.000000000000000048e-04 1.000000000000000000e+00
-4.078249999999999709e+00 1.000000000000000048e-04 1.000000000000000048e-04 1.000000000000000000e+00
-4.077499999999999680e+00 1.000000000000000048e-04 1.000000000000000048e-04 1.000000000000000000e+00
-4.076749999999999652e+00 1.000000000000000048e-04 1.000000000000000048e-04 1.000000000000000000e+00
-4.075999999999999623e+00 1.000000000000000048e-04 1.000000000000000048e-04 1.000000000000000000e+00
-4.075249999999999595e+00 1.000000000000000048e-04 1.000000000000000048e-04 1.000000000000000000e+00
-4.074500000000000455e+00 1.000000000000000048e-04 1.000000000000000048e-04 1.000000000000000000e+00
-4.073750000000000426e+00 1.000000000000000048e-04 1.000000000000000048e-04 1.000000000000000000e+00
-4.073000000000000398e+00 1.000000000000000048e-04 1.000000000000000048e-04 1.000000000000000000e+00
-4.072250000000000369e+00 1.000000000000000048e-04 1.000000000000000048e-04 1.000000000000000000e+00
-4.071500000000000341e+00 1.000000000000000048e-04 1.000000000000000048e-04 1.000000000000000000e+00
-4.070750000000000313e+00 1.000000000000000048e-04 1.000000000000000048e-04 1.000000000000000000e+00
-4.070000000000000284e+00 1.000000000000000048e-04 1.000000000000000048e-04 1.000000000000000000e+00
-4.069250000000000256e+00 1.000000000000000048e-04 1.000000000000000048e-04 1.000000000000000000e+00
-4.068500000000000227e+00 1.000000000000000048e-04 1.000000000000000048e-04 1.000000000000000000e+00
-4.067750000000000199e+00 1.000000000000000048e-04 1.000000000000000048e-04 1.000000000000000000e+00
-4.067000000000000171e+00 1.000000000000000048e-04 1.000000000000000048e-04 1.000000000000000000e+00
-4.066250000000000142e+00 1.000000000000000048e-04 1.000000000000000048e-04 1.000000000000000000e+00
-4.065500000000000114e+00 1.000000000000000048e-04 1.000000000000000048e-04 1.000000000000000000e+00
-4.064750000000000085e+00 1.000000000000000048e-04 1.000000000000000048e-04 1.000000000000000000e+00
-4.064000000000000057e+00 1.000000000000000048e-04 1.000000000000000048e-04 1.000000000000000000e+00
-4.063250000000000028e+00 1.000000000000000048e-04 1.000000000000000048e-04 1.000000000000000000e+00
-4.062500000000000000e+00 1.000000000000000048e-04 1.000000000000000048e-04 1.000000000000000000e+00
-4.061749999999999972e+00 1.000000000000000048e-04 1.000000000000000048e-04 1.000000000000000000e+00
-4.060999999999999943e+00 1.000000000000000048e-04 1.000000000000000048e-04 1.000000000000000000e+00
-4.060249999999999915e+00 1.000000000000000048e-04 1.000000000000000048e-04 1.000000000000000000e+00
-4.059499999999999886e+00 1.000000000000000048e-04 1.000000000000000048e-04 1.000000000000000000e+00
-4.058749999999999858e+00 1.000000000000000048e-04 1.000000000000000048e-04 1.000000000000000000e+00
-4.057999999999999829e+00 1.000000000000000048e-04 1.000000000000000048e-04 1.000000000000000000e+00
-4.057249999999999801e+00 1.000000000000000048e-04 1.000000000000000048e-04 1.000000000000000000e+00
-4.056499999999999773e+00 1.000000000000000048e-04 1.000000000000000048e-04 1.000000000000000000e+00
-4.055749999999999744e+00 1.000000000000000048e-04 1.000000000000000048e-04 1.000000000000000000e+00
-4.054999999999999716e+00 1.000000000000000048e-04 1.000000000000000048e-04 1.000000000000000000e+00
-4.054249999999999687e+00 1.000000000000000048e-04 1.000000000000000048e-04 1.000000000000000000e+00
-4.053499999999999659e+00 1.000000000000000048e-04 1.000000000000000048e-04 1.000000000000000000e+00
-4.052749999999999631e+00 1.000000000000000048e-04 1.000000000000000048e-04 1.000000000000000000e+00
-4.051999999999999602e+00 1.000000000000000048e-04 1.000000000000000048e-04 1.000000000000000000e+00
-4.051249999999999574e+00 1.000000000000000048e-04 1.000000000000000048e-04 1.000000000000000000e+00
-4.050499999999999545e+00 1.000000000000000048e-04 1.000000000000000048e-04 1.000000000000000000e+00
-4.049749999999999517e+00 1.000000000000000048e-04 1.000000000000000048e-04 1.000000000000000000e+00
-4.048999999999999488e+00 1.000000000000000048e-04 1.000000000000000048e-04 1.000000000000000000e+00
-4.048250000000000348e+00 1.000000000000000048e-04 1.000000000000000048e-04 1.000000000000000000e+00
-4.047500000000000320e+00 1.000000000000000048e-04 1.000000000000000048e-04 1.000000000000000000e+00
-4.046750000000000291e+00 1.000000000000000048e-04 1.000000000000000048e-04 1.000000000000000000e+00
-4.046000000000000263e+00 1.000000000000000048e-04 1.000000000000000048e-04 1.000000000000000000e+00
-4.045250000000000234e+00 1.000000000000000048e-04 1.000000000000000048e-04 1.000000000000000000e+00
-4.044500000000000206e+00 1.000000000000000048e-04 1.000000000000000048e-04 1.000000000000000000e+00
-4.043750000000000178e+00 1.000000000000000048e-04 1.000000000000000048e-04 1.000000000000000000e+00
-4.043000000000000149e+00 1.000000000000000048e-04 1.000000000000000048e-04 1.000000000000000000e+00
-4.042250000000000121e+00 1.000000000000000048e-04 1.000000000000000048e-04 1.000000000000000000e+00
-4.041500000000000092e+00 1.000000000000000048e-04 1.000000000000000048e-04 1.000000000000000000e+00
-4.040750000000000064e+00 1.000000000000000048e-04 1.000000000000000048e-04 1.000000000000000000e+00
-4.040000000000000036e+00 1.000000000000000048e-04 1.000000000000000048e-04 1.000000000000000000e+00
-4.039250000000000007e+00 1.000000000000000048e-04 1.000000000000000048e-04 1.000000000000000000e+00
-4.038499999999999979e+00 1.000000000000000048e-04 1.000000000000000048e-04 1.000000000000000000e+00
-4.037749999999999950e+00 1.000000000000000048e-04 1.000000000000000048e-04 1.000000000000000000e+00
-4.036999999999999922e+00 1.000000000000000048e-04 1.000000000000000048e-04 1.000000000000000000e+00
-4.036249999999999893e+00 1.000000000000000048e-04 1.000000000000000048e-04 1.000000000000000000e+00
-4.035499999999999865e+00 1.000000000000000048e-04 1.000000000000000048e-04 1.000000000000000000e+00
-4.034749999999999837e+00 1.000000000000000048e-04 1.000000000000000048e-04 1.000000000000000000e+00
-4.033999999999999808e+00 1.000000000000000048e-04 1.000000000000000048e-04 1.000000000000000000e+00
-4.033249999999999780e+00 1.000000000000000048e-04 1.000000000000000048e-04 1.000000000000000000e+00
-4.032499999999999751e+00 1.000000000000000048e-04 1.000000000000000048e-04 1.000000000000000000e+00
-4.031749999999999723e+00 1.000000000000000048e-04 1.000000000000000048e-04 1.000000000000000000e+00
-4.030999999999999694e+00 1.000000000000000048e-04 1.000000000000000048e-04 1.000000000000000000e+00
-4.030249999999999666e+00 1.000000000000000048e-04 1.000000000000000048e-04 1.000000000000000000e+00
-4.029499999999999638e+00 1.000000000000000048e-04 1.000000000000000048e-04 1.000000000000000000e+00
-4.028749999999999609e+00 1.000000000000000048e-04 1.000000000000000048e-04 1.000000000000000000e+00
-4.028000000000000469e+00 1.000000000000000048e-04 1.000000000000000048e-04 1.000000000000000000e+00
-4.027250000000000441e+00 1.000000000000000048e-04 1.000000000000000048e-04 1.000000000000000000e+00
-4.026500000000000412e+00 1.000000000000000048e-04 1.000000000000000048e-04 1.000000000000000000e+00
-4.025750000000000384e+00 1.000000000000000048e-04 1.000000000000000048e-04 1.000000000000000000e+00
-4.025000000000000355e+00 1.000000000000000048e-04 1.000000000000000048e-04 1.000000000000000000e+00
-4.024250000000000327e+00 1.000000000000000048e-04 1.000000000000000048e-04 1.000000000000000000e+00
-4.023500000000000298e+00 1.000000000000000048e-04 1.000000000000000048e-04 1.000000000000000000e+00
-4.022750000000000270e+00 1.000000000000000048e-04 1.000000000000000048e-04 1.000000000000000000e+00
-4.022000000000000242e+00 1.000000000000000048e-04 1.000000000000000048e-04 1.000000000000000000e+00
-4.021250000000000213e+00 1.000000000000000048e-04 1.000000000000000048e-04 1.000000000000000000e+00
-4.020500000000000185e+00 1.000000000000000048e-04 1.000000000000000048e-04 1.000000000000000000e+00
-4.019750000000000156e+00 1.000000000000000048e-04 1.000000000000000048e-04 1.000000000000000000e+00
-4.019000000000000128e+00 1.000000000000000048e-04 1.000000000000000048e-04 1.000000000000000000e+00
-4.018250000000000099e+00 1.000000000000000048e-04 1.000000000000000048e-04 1.000000000000000000e+00
-4.017500000000000071e+00 1.000000000000000048e-04 1.000000000000000048e-04 1.000000000000000000e+00
-4.016750000000000043e+00 1.000000000000000048e-04 1.000000000000000048e-04 1.000000000000000000e+00
-4.016000000000000014e+00 1.000000000000000048e-04 1.000000000000000048e-04 1.000000000000000000e+00
-4.015249999999999986e+00 1.000000000000000048e-04 1.000000000000000048e-04 1.000000000000000000e+00
-4.014499999999999957e+00 1.000000000000000048e-04 1.000000000000000048e-04 1.000000000000000000e+00
-4.013749999999999929e+00 1.000000000000000048e-04 1.000000000000000048e-04 1.000000000000000000e+00
-4.012999999999999901e+00 1.000000000000000048e-04 1.000000000000000048e-04 1.000000000000000000e+00
-4.012249999999999872e+00 1.000000000000000048e-04 1.000000000000000048e-04 1.000000000000000000e+00
-4.011499999999999844e+00 1.000000000000000048e-04 1.000000000000000048e-04 1.000000000000000000e+00
-4.010749999999999815e+00 1.000000000000000048e-04 1.000000000000000048e-04 1.000000000000000000e+00
-4.009999999999999787e+00 1.000000000000000048e-04 1.000000000000000048e-04 1.000000000000000000e+00
-4.009249999999999758e+00 1.000000000000000048e-04 1.000000000000000048e-04 1.000000000000000000e+00
-4.008499999999999730e+00 1.000000000000000048e-04 1.000000000000000048e-04 1.000000000000000000e+00
-4.007749999999999702e+00 1.000000000000000048e-04 1.000000000000000048e-04 1.000000000000000000e+00
-4.006999999999999673e+00 1.000000000000000048e-04 1.000000000000000048e-04 1.000000000000000000e+00
-4.006249999999999645e+00 1.000000000000000048e-04 1.000000000000000048e-04 1.000000000000000000e+00
-4.005499999999999616e+00 1.000000000000000048e-04 1.000000000000000048e-04 1.000000000000000000e+00
-4.004749999999999588e+00 1.000000000000000048e-04 1.000000000000000048e-04 1.000000000000000000e+00
-4.003999999999999559e+00 1.000000000000000048e-04 1.000000000000000048e-04 1.000000000000000000e+00
-4.003249999999999531e+00 1.000000000000000048e-04 1.000000000000000048e-04 1.000000000000000000e+00
-4.002499999999999503e+00 1.000000000000000048e-04 1.000000000000000048e-04 1.000000000000000000e+00
-4.001750000000000362e+00 1.000000000000000048e-04 1.000000000000000048e-04 1.000000000000000000e+00
-4.001000000000000334e+00 1.000000000000000048e-04 1.000000000000000048e-04 1.000000000000000000e+00
-4.000250000000000306e+00 1.000000000000000048e-04 1.000000000000000048e-04 1.000000000000000000e+00
-3.999500000000000277e+00 1.000000000000000048e-04 1.000000000000000048e-04 1.000000000000000000e+00
-3.998750000000000249e+00 1.000000000000000048e-04 1.000000000000000048e-04 1.000000000000000000e+00
-3.998000000000000220e+00 1.000000000000000048e-04 1.000000000000000048e-04 1.000000000000000000e+00
-3.997250000000000192e+00 1.000000000000000048e-04 1.000000000000000048e-04 1.000000000000000000e+00
-3.996500000000000163e+00 1.000000000000000048e-04 1.000000000000000048e-04 1.000000000000000000e+00
-3.995750000000000135e+00 1.000000000000000048e-04 1.000000000000000048e-04 1.000000000000000000e+00
-3.995000000000000107e+00 1.000000000000000048e-04 1.000000000000000048e-04 1.000000000000000000e+00
-3.994250000000000078e+00 1.000000000000000048e-04 1.000000000000000048e-04 1.000000000000000000e+00
-3.993500000000000050e+00 1.000000000000000048e-04 1.000000000000000048e-04 1.000000000000000000e+00
-3.992750000000000021e+00 1.000000000000000048e-04 1.000000000000000048e-04 1.000000000000000000e+00
-3.991999999999999993e+00 1.000000000000000048e-04 1.000000000000000048e-04 1.000000000000000000e+00
-3.991249999999999964e+00 1.000000000000000048e-04 1.000000000000000048e-04 1.000000000000000000e+00
-3.990499999999999936e+00 1.000000000000000048e-04 1.000000000000000048e-04 1.000000000000000000e+00
-3.989749999999999908e+00 1.000000000000000048e-04 1.000000000000000048e-04 1.000000000000000000e+00
-3.988999999999999879e+00 1.000000000000000048e-04 1.000000000000000048e-04 1.000000000000000000e+00
-3.988249999999999851e+00 1.000000000000000048e-04 1.000000000000000048e-04 1.000000000000000000e+00
-3.987499999999999822e+00 1.000000000000000048e-04 1.000000000000000048e-04 1.000000000000000000e+00
-3.986749999999999794e+00 1.000000000000000048e-04 1.000000000000000048e-04 1.000000000000000000e+00
-3.985999999999999766e+00 1.000000000000000048e-04 1.000000000000000048e-04 1.000000000000000000e+00
-3.985249999999999737e+00 1.000000000000000048e-04 1.000000000000000048e-04 1.000000000000000000e+00
-3.984499999999999709e+00 1.000000000000000048e-04 1.000000000000000048e-04 1.000000000000000000e+00
-3.983749999999999680e+00 1.000000000000000048e-04 1.000000000000000048e-04 1.000000000000000000e+00
-3.982999999999999652e+00 1.000000000000000048e-04 1.000000000000000048e-04 1.000000000000000000e+00
-3.982250000000000068e+00 1.000000000000000048e-04 1.000000000000000048e-04 1.000000000000000000e+00
-3.981500000000000039e+00 1.000000000000000048e-04 1.000000000000000048e-04 1.000000000000000000e+00
-3.980750000000000011e+00 1.000000000000000048e-04 1.000000000000000048e-04 1.000000000000000000e+00
-3.979999999999999982e+00 1.000000000000000048e-04 1.000000000000000048e-04 1.000000000000000000e+00
-3.979249999999999954e+00 1.000000000000000048e-04 1.000000000000000048e-04 1.000000000000000000e+00
-3.978499999999999925e+00 1.000000000000000048e-04 1.000000000000000048e-04 1.000000000000000000e+00
-3.977749999999999897e+00 1.000000000000000048e-04 1.000000000000000048e-04 1.000000000000000000e+00
-3.976999999999999869e+00 1.000000000000000048e-04 1.000000000000000048e-04 1.000000000000000000e+00
-3.976250000000000284e+00 1.000000000000000048e-04 1.000000000000000048e-04 1.000000000000000000e+00
-3.975500000000000256e+00 1.000000000000000048e-04 1.000000000000000048e-04 1.000000000000000000e+00
-3.974750000000000227e+00 1.000000000000000048e-04 1.000000000000000048e-04 1.000000000000000000e+00
-3.974000000000000199e+00 1.000000000000000048e-04 1.000000000000000048e-04 1.000000000000000000e+00
-3.973250000000000171e+00 1.000000000000000048e-04 1.000000000000000048e-04 1.000000000000000000e+00
-3.972500000000000142e+00 1.000000000000000048e-04 1.000000000000000048e-04 1.000000000000000000e+00
-3.971750000000000114e+00 1.000000000000000048e-04 1.000000000000000048e-04 1.000000000000000000e+00
-3.971000000000000085e+00 1.000000000000000048e-04 1.000000000000000048e-04 1.000000000000000000e+00
-3.970250000000000057e+00 1.000000000000000048e-04 1.000000000000000048e-04 1.000000000000000000e+00
-3.969500000000000028e+00 1.000000000000000048e-04 1.000000000000000048e-04 1.000000000000000000e+00
-3.968750000000000000e+00 1.000000000000000048e-04 1.000000000000000048e-04 1.000000000000000000e+00
-3.967999999999999972e+00 1.000000000000000048e-04 1.000000000000000048e-04 1.000000000000000000e+00
-3.967249999999999943e+00 1.000000000000000048e-04 1.000000000000000048e-04 1.000000000000000000e+00
-3.966499999999999915e+00 1.000000000000000048e-04 1.000000000000000048e-04 1.000000000000000000e+00
-3.965749999999999886e+00 1.000000000000000048e-04 1.000000000000000048e-04 1.000000000000000000e+00
-3.964999999999999858e+00 1.000000000000000048e-04 1.000000000000000048e-04 1.000000000000000000e+00
-3.964249999999999829e+00 1.000000000000000048e-04 1.000000000000000048e-04 1.000000000000000000e+00
-3.963499999999999801e+00 1.000000000000000048e-04 1.000000000000000048e-04 1.000000000000000000e+00
-3.962749999999999773e+00 1.000000000000000048e-04 1.000000000000000048e-04 1.000000000000000000e+00
-3.961999999999999744e+00 1.000000000000000048e-04 1.000000000000000048e-04 1.000000000000000000e+00
-3.961249999999999716e+00 1.000000000000000048e-04 1.000000000000000048e-04 1.000000000000000000e+00
-3.960499999999999687e+00 1.000000000000000048e-04 1.000000000000000048e-04 1.000000000000000000e+00
-3.959749999999999659e+00 1.000000000000000048e-04 1.000000000000000048e-04 1.000000000000000000e+00
-3.959000000000000075e+00 1.000000000000000048e-04 1.000000000000000048e-04 1.000000000000000000e+00
-3.958250000000000046e+00 1.000000000000000048e-04 1.000000000000000048e-04 1.000000000000000000e+00
-3.957500000000000018e+00 1.000000000000000048e-04 1.000000000000000048e-04 1.000000000000000000e+00
-3.956749999999999989e+00 1.000000000000000048e-04 1.000000000000000048e-04 1.000000000000000000e+00
-3.955999999999999961e+00 1.000000000000000048e-04 1.000000000000000048e-04 1.000000000000000000e+00
-3.955249999999999932e+00 1.000000000000000048e-04 1.000000000000000048e-04 1.000000000000000000e+00
-3.954499999999999904e+00 1.000000000000000048e-04 1.000000000000000048e-04 1.000000000000000000e+00
-3.953749999999999876e+00 1.000000000000000048e-04 1.000000000000000048e-04 1.000000000000000000e+00
-3.953000000000000291e+00 1.000000000000000048e-04 1.000000000000000048e-04 1.000000000000000000e+00
-3.952250000000000263e+00 1.000000000000000048e-04 1.000000000000000048e-04 1.000000000000000000e+00
-3.951500000000000234e+00 1.000000000000000048e-04 1.000000000000000048e-04 1.000000000000000000e+00
-3.950750000000000206e+00 1.000000000000000048e-04 1.000000000000000048e-04 1.000000000000000000e+00
-3.950000000000000178e+00 1.000000000000000048e-04 1.000000000000000048e-04 1.000000000000000000e+00
-3.949250000000000149e+00 1.000000000000000048e-04 1.000000000000000048e-04 1.000000000000000000e+00
-3.948500000000000121e+00 1.000000000000000048e-04 1.000000000000000048e-04 1.000000000000000000e+00
-3.947750000000000092e+00 1.000000000000000048e-04 1.000000000000000048e-04 1.000000000000000000e+00
-3.947000000000000064e+00 1.000000000000000048e-04 1.000000000000000048e-04 1.000000000000000000e+00
-3.946250000000000036e+00 1.000000000000000048e-04 1.000000000000000048e-04 1.000000000000000000e+00
-3.945500000000000007e+00 1.000000000000000048e-04 1.000000000000000048e-04 1.000000000000000000e+00
-3.944749999999999979e+00 1.000000000000000048e-04 1.000000000000000048e-04 1.000000000000000000e+00
-3.943999999999999950e+00 1.000000000000000048e-04 1.000000000000000048e-04 1.000000000000000000e+00
-3.943249999999999922e+00 1.000000000000000048e-04 1.000000000000000048e-04 1.000000000000000000e+00
-3.942499999999999893e+00 1.000000000000000048e-04 1.000000000000000048e-04 1.000000000000000000e+00
-3.941749999999999865e+00 1.000000000000000048e-04 1.000000000000000048e-04 1.000000000000000000e+00
-3.940999999999999837e+00 1.000000000000000048e-04 1.000000000000000048e-04 1.000000000000000000e+00
-3.940249999999999808e+00 1.000000000000000048e-04 1.000000000000000048e-04 1.000000000000000000e+00
-3.939499999999999780e+00 1.000000000000000048e-04 1.000000000000000048e-04 1.000000000000000000e+00
-3.938749999999999751e+00 1.000000000000000048e-04 1.000000000000000048e-04 1.000000000000000000e+00
-3.937999999999999723e+00 1.000000000000000048e-04 1.000000000000000048e-04 1.000000000000000000e+00
-3.937249999999999694e+00 1.000000000000000048e-04 1.000000000000000048e-04 1.000000000000000000e+00
-3.936499999999999666e+00 1.000000000000000048e-04 1.000000000000000048e-04 1.000000000000000000e+00
-3.935750000000000082e+00 1.000000000000000048e-04 1.000000000000000048e-04 1.000000000000000000e+00
-3.935000000000000053e+00 1.000000000000000048e-04 1.000000000000000048e-04 1.000000000000000000e+00
-3.934250000000000025e+00 1.000000000000000048e-04 1.000000000000000048e-04 1.000000000000000000e+00
-3.933499999999999996e+00 1.000000000000000048e-04 1.000000000000000048e-04 1.000000000000000000e+00
-3.932749999999999968e+00 1.000000000000000048e-04 1.000000000000000048e-04 1.000000000000000000e+00
-3.931999999999999940e+00 1.000000000000000048e-04 1.000000000000000048e-04 1.000000000000000000e+00
-3.931249999999999911e+00 1.000000000000000048e-04 1.000000000000000048e-04 1.000000000000000000e+00
-3.930499999999999883e+00 1.000000000000000048e-04 1.000000000000000048e-04 1.000000000000000000e+00
-3.929750000000000298e+00 1.000000000000000048e-04 1.000000000000000048e-04 1.000000000000000000e+00
-3.929000000000000270e+00 1.000000000000000048e-04 1.000000000000000048e-04 1.000000000000000000e+00
-3.928250000000000242e+00 1.000000000000000048e-04 1.000000000000000048e-04 1.000000000000000000e+00
-3.927500000000000213e+00 1.000000000000000048e-04 1.000000000000000048e-04 1.000000000000000000e+00
-3.926750000000000185e+00 1.000000000000000048e-04 1.000000000000000048e-04 1.000000000000000000e+00
-3.926000000000000156e+00 1.000000000000000048e-04 1.000000000000000048e-04 1.000000000000000000e+00
-3.925250000000000128e+00 1.000000000000000048e-04 1.000000000000000048e-04 1.000000000000000000e+00
-3.924500000000000099e+00 1.000000000000000048e-04 1.000000000000000048e-04 1.000000000000000000e+00
-3.923750000000000071e+00 1.000000000000000048e-04 1.000000000000000048e-04 1.000000000000000000e+00
-3.923000000000000043e+00 1.000000000000000048e-04 1.000000000000000048e-04 1.000000000000000000e+00
-3.922250000000000014e+00 1.000000000000000048e-04 1.000000000000000048e-04 1.000000000000000000e+00
-3.921499999999999986e+00 1.000000000000000048e-04 1.000000000000000048e-04 1.000000000000000000e+00
-3.920749999999999957e+00 1.000000000000000048e-04 1.000000000000000048e-04 1.000000000000000000e+00
-3.919999999999999929e+00 1.000000000000000048e-04 1.000000000000000048e-04 1.000000000000000000e+00
-3.919249999999999901e+00 1.000000000000000048e-04 1.000000000000000048e-04 1.000000000000000000e+00
-3.918499999999999872e+00 1.000000000000000048e-04 1.000000000000000048e-04 1.000000000000000000e+00
-3.917749999999999844e+00 1.000000000000000048e-04 1.000000000000000048e-04 1.000000000000000000e+00
-3.916999999999999815e+00 1.000000000000000048e-04 1.000000000000000048e-04 1.000000000000000000e+00
-3.916249999999999787e+00 1.000000000000000048e-04 1.000000000000000048e-04 1.000000000000000000e+00
-3.915499999999999758e+00 1.000000000000000048e-04 1.000000000000000048e-04 1.000000000000000000e+00
-3.914749999999999730e+00 1.000000000000000048e-04 1.000000000000000048e-04 1.000000000000000000e+00
-3.913999999999999702e+00 1.000000000000000048e-04 1.000000000000000048e-04 1.000000000000000000e+00
-3.913249999999999673e+00 1.000000000000000048e-04 1.000000000000000048e-04 1.000000000000000000e+00
-3.912499999999999645e+00 1.000000000000000048e-04 1.000000000000000048e-04 1.000000000000000000e+00
-3.911750000000000060e+00 1.000000000000000048e-04 1.000000000000000048e-04 1.000000000000000000e+00
-3.911000000000000032e+00 1.000000000000000048e-04 1.000000000000000048e-04 1.000000000000000000e+00
-3.910250000000000004e+00 1.000000000000000048e-04 1.000000000000000048e-04 1.000000000000000000e+00
-3.909499999999999975e+00 1.000000000000000048e-04 1.000000000000000048e-04 1.000000000000000000e+00
-3.908749999999999947e+00 1.000000000000000048e-04 1.000000000000000048e-04 1.000000000000000000e+00
-3.907999999999999918e+00 1.000000000000000048e-04 1.000000000000000048e-04 1.000000000000000000e+00
-3.907249999999999890e+00 1.000000000000000048e-04 1.000000000000000048e-04 1.000000000000000000e+00
-3.906500000000000306e+00 1.000000000000000048e-04 1.000000000000000048e-04 1.000000000000000000e+00
-3.905750000000000277e+00 1.000000000000000048e-04 1.000000000000000048e-04 1.000000000000000000e+00
-3.905000000000000249e+00 1.000000000000000048e-04 1.000000000000000048e-04 1.000000000000000000e+00
-3.904250000000000220e+00 1.000000000000000048e-04 1.000000000000000048e-04 1.000000000000000000e+00
-3.903500000000000192e+00 1.000000000000000048e-04 1.000000000000000048e-04 1.000000000000000000e+00
-3.902750000000000163e+00 1.000000000000000048e-04 1.000000000000000048e-04 1.000000000000000000e+00
-3.902000000000000135e+00 1.000000000000000048e-04 1.000000000000000048e-04 1.000000000000000000e+00
-3.901250000000000107e+00 1.000000000000000048e-04 1.000000000000000048e-04 1.000000000000000000e+00
-3.900500000000000078e+00 1.000000000000000048e-04 1.000000000000000048e-04 1.000000000000000000e+00
-3.899750000000000050e+00 1.000000000000000048e-04 1.000000000000000048e-04 1.000000000000000000e+00
-3.899000000000000021e+00 1.000000000000000048e-04 1.000000000000000048e-04 1.000000000000000000e+00
-3.898249999999999993e+00 1.000000000000000048e-04 1.000000000000000048e-04 1.000000000000000000e+00
-3.897499999999999964e+00 1.000000000000000048e-04 1.000000000000000048e-04 1.000000000000000000e+00
-3.896749999999999936e+00 1.000000000000000048e-04 1.000000000000000048e-04 1.000000000000000000e+00
-3.895999999999999908e+00 1.000000000000000048e-04 1.000000000000000048e-04 1.000000000000000000e+00
-3.895249999999999879e+00 1.000000000000000048e-04 1.000000000000000048e-04 1.000000000000000000e+00
-3.894499999999999851e+00 1.000000000000000048e-04 1.000000000000000048e-04 1.000000000000000000e+00
-3.893749999999999822e+00 1.000000000000000048e-04 1.000000000000000048e-04 1.000000000000000000e+00
-3.892999999999999794e+00 1.000000000000000048e-04 1.000000000000000048e-04 1.000000000000000000e+00
-3.892249999999999766e+00 1.000000000000000048e-04 1.000000000000000048e-04 1.000000000000000000e+00
-3.891499999999999737e+00 1.000000000000000048e-04 1.000000000000000048e-04 1.000000000000000000e+00
-3.890749999999999709e+00 1.000000000000000048e-04 1.000000000000000048e-04 1.000000000000000000e+00
-3.889999999999999680e+00 1.000000000000000048e-04 1.000000000000000048e-04 1.000000000000000000e+00
-3.889249999999999652e+00 1.000000000000000048e-04 1.000000000000000048e-04 1.000000000000000000e+00
-3.888500000000000068e+00 1.000000000000000048e-04 1.000000000000000048e-04 1.000000000000000000e+00
-3.887750000000000039e+00 1.000000000000000048e-04 1.000000000000000048e-04 1.000000000000000000e+00
-3.887000000000000011e+00 1.000000000000000048e-04 1.000000000000000048e-04 1.000000000000000000e+00
-3.886249999999999982e+00 1.000000000000000048e-04 1.000000000000000048e-04 1.000000000000000000e+00
-3.885499999999999954e+00 1.000000000000000048e-04 1.000000000000000048e-04 1.000000000000000000e+00
-3.884749999999999925e+00 1.000000000000000048e-04 1.000000000000000048e-04 1.000000000000000000e+00
-3.883999999999999897e+00 1.000000000000000048e-04 1.000000000000000048e-04 1.000000000000000000e+00
-3.883249999999999869e+00 1.000000000000000048e-04 1.000000000000000048e-04 1.000000000000000000e+00
-3.882500000000000284e+00 1.000000000000000048e-04 1.000000000000000048e-04 1.000000000000000000e+00
-3.881750000000000256e+00 1.000000000000000048e-04 1.000000000000000048e-04 1.000000000000000000e+00
-3.881000000000000227e+00 1.000000000000000048e-04 1.000000000000000048e-04 1.000000000000000000e+00
-3.880250000000000199e+00 1.000000000000000048e-04 1.000000000000000048e-04 1.000000000000000000e+00
-3.879500000000000171e+00 1.000000000000000048e-04 1.000000000000000048e-04 1.000000000000000000e+00
-3.878750000000000142e+00 1.000000000000000048e-04 1.000000000000000048e-04 1.000000000000000000e+00
-3.878000000000000114e+00 1.000000000000000048e-04 1.000000000000000048e-04 1.000000000000000000e+00
-3.877250000000000085e+00 1.000000000000000048e-04 1.000000000000000048e-04 1.000000000000000000e+00
-3.876500000000000057e+00 1.000000000000000048e-04 1.000000000000000048e-04 1.000000000000000000e+00
-3.875750000000000028e+00 1.000000000000000048e-04 1.000000000000000048e-04 1.000000000000000000e+00
-3.875000000000000000e+00 1.000000000000000048e-04 1.000000000000000048e-04 1.000000000000000000e+00
-3.874249999999999972e+00 1.000000000000000048e-04 1.000000000000000048e-04 1.000000000000000000e+00
-3.873499999999999943e+00 1.000000000000000048e-04 1.000000000000000048e-04 1.000000000000000000e+00
-3.872749999999999915e+00 1.000000000000000048e-04 1.000000000000000048e-04 1.000000000000000000e+00
-3.871999999999999886e+00 1.000000000000000048e-04 1.000000000000000048e-04 1.000000000000000000e+00
-3.871249999999999858e+00 1.000000000000000048e-04 1.000000000000000048e-04 1.000000000000000000e+00
-3.870499999999999829e+00 1.000000000000000048e-04 1.000000000000000048e-04 1.000000000000000000e+00
-3.869749999999999801e+00 1.000000000000000048e-04 1.000000000000000048e-04 1.000000000000000000e+00
-3.868999999999999773e+00 1.000000000000000048e-04 1.000000000000000048e-04 1.000000000000000000e+00
-3.868249999999999744e+00 1.000000000000000048e-04 1.000000000000000048e-04 1.000000000000000000e+00
-3.867499999999999716e+00 1.000000000000000048e-04 1.000000000000000048e-04 1.000000000000000000e+00
-3.866749999999999687e+00 1.000000000000000048e-04 1.000000000000000048e-04 1.000000000000000000e+00
-3.865999999999999659e+00 1.000000000000000048e-04 1.000000000000000048e-04 1.000000000000000000e+00
-3.865250000000000075e+00 1.000000000000000048e-04 1.000000000000000048e-04 1.000000000000000000e+00
-3.864500000000000046e+00 1.000000000000000048e-04 1.000000000000000048e-04 1.000000000000000000e+00
-3.863750000000000018e+00 1.000000000000000048e-04 1.000000000000000048e-04 1.000000000000000000e+00
-3.862999999999999989e+00 1.000000000000000048e-04 1.000000000000000048e-04 1.000000000000000000e+00
-3.862249999999999961e+00 1.000000000000000048e-04 1.000000000000000048e-04 1.000000000000000000e+00
-3.861499999999999932e+00 1.000000000000000048e-04 1.000000000000000048e-04 1.000000000000000000e+00
-3.860749999999999904e+00 1.000000000000000048e-04 1.000000000000000048e-04 1.000000000000000000e+00
-3.859999999999999876e+00 1.000000000000000048e-04 1.000000000000000048e-04 1.000000000000000000e+00
-3.859250000000000291e+00 1.000000000000000048e-04 1.000000000000000048e-04 1.000000000000000000e+00
-3.858500000000000263e+00 1.000000000000000048e-04 1.000000000000000048e-04 1.000000000000000000e+00
-3.857750000000000234e+00 1.000000000000000048e-04 1.000000000000000048e-04 1.000000000000000000e+00
-3.857000000000000206e+00 1.000000000000000048e-04 1.000000000000000048e-04 1.000000000000000000e+00
-3.856250000000000178e+00 1.000000000000000048e-04 1.000000000000000048e-04 1.000000000000000000e+00
-3.855500000000000149e+00 1.000000000000000048e-04 1.000000000000000048e-04 1.000000000000000000e+00
-3.854750000000000121e+00 1.000000000000000048e-04 1.000000000000000048e-04 1.000000000000000000e+00
-3.854000000000000092e+00 1.000000000000000048e-04 1.000000000000000048e-04 1.000000000000000000e+00
-3.853250000000000064e+00 1.000000000000000048e-04 1.000000000000000048e-04 1.000000000000000000e+00
-3.852500000000000036e+00 1.000000000000000048e-04 1.000000000000000048e-04 1.000000000000000000e+00
-3.851750000000000007e+00 1.000000000000000048e-04 1.000000000000000048e-04 1.000000000000000000e+00
-3.850999999999999979e+00 1.000000000000000048e-04 1.000000000000000048e-04 1.000000000000000000e+00
-3.850249999999999950e+00 1.000000000000000048e-04 1.000000000000000048e-04 1.000000000000000000e+00
-3.849499999999999922e+00 1.000000000000000048e-04 1.000000000000000048e-04 1.000000000000000000e+00
-3.848749999999999893e+00 1.000000000000000048e-04 1.000000000000000048e-04 1.000000000000000000e+00
-3.847999999999999865e+00 1.000000000000000048e-04 1.000000000000000048e-04 1.000000000000000000e+00
-3.847249999999999837e+00 1.000000000000000048e-04 1.000000000000000048e-04 1.000000000000000000e+00
-3.846499999999999808e+00 1.000000000000000048e-04 1.000000000000000048e-04 1.000000000000000000e+00
-3.845749999999999780e+00 1.000000000000000048e-04 1.000000000000000048e-04 1.000000000000000000e+00
-3.844999999999999751e+00 1.000000000000000048e-04 1.000000000000000048e-04 1.000000000000000000e+00
-3.844249999999999723e+00 1.000000000000000048e-04 1.000000000000000048e-04 1.000000000000000000e+00
-3.843499999999999694e+00 1.000000000000000048e-04 1.000000000000000048e-04 1.000000000000000000e+00
-3.842749999999999666e+00 1.000000000000000048e-04 1.000000000000000048e-04 1.000000000000000000e+00
-3.842000000000000082e+00 1.000000000000000048e-04 1.000000000000000048e-04 1.000000000000000000e+00
-3.841250000000000053e+00 1.000000000000000048e-04 1.000000000000000048e-04 1.000000000000000000e+00
-3.840500000000000025e+00 1.000000000000000048e-04 1.000000000000000048e-04 1.000000000000000000e+00
-3.839749999999999996e+00 1.000000000000000048e-04 1.000000000000000048e-04 1.000000000000000000e+00
-3.838999999999999968e+00 1.000000000000000048e-04 1.000000000000000048e-04 1.000000000000000000e+00
-3.838249999999999940e+00 1.000000000000000048e-04 1.000000000000000048e-04 1.000000000000000000e+00
-3.837499999999999911e+00 1.000000000000000048e-04 1.000000000000000048e-04 1.000000000000000000e+00
-3.836749999999999883e+00 1.000000000000000048e-04 1.000000000000000048e-04 1.000000000000000000e+00
-3.836000000000000298e+00 1.000000000000000048e-04 1.000000000000000048e-04 1.000000000000000000e+00
-3.835250000000000270e+00 1.000000000000000048e-04 1.000000000000000048e-04 1.000000000000000000e+00
-3.834500000000000242e+00 1.000000000000000048e-04 1.000000000000000048e-04 1.000000000000000000e+00
-3.833750000000000213e+00 1.000000000000000048e-04 1.000000000000000048e-04 1.000000000000000000e+00
-3.833000000000000185e+00 1.000000000000000048e-04 1.000000000000000048e-04 1.000000000000000000e+00
-3.832250000000000156e+00 1.000000000000000048e-04 1.000000000000000048e-04 1.000000000000000000e+00
-3.831500000000000128e+00 1.000000000000000048e-04 1.000000000000000048e-04 1.000000000000000000e+00
-3.830750000000000099e+00 1.000000000000000048e-04 1.000000000000000048e-04 1.000000000000000000e+00
-3.830000000000000071e+00 1.000000000000000048e-04 1.000000000000000048e-04 1.000000000000000000e+00
-3.829250000000000043e+00 1.000000000000000048e-04 1.000000000000000048e-04 1.000000000000000000e+00
-3.828500000000000014e+00 1.000000000000000048e-04 1.000000000000000048e-04 1.000000000000000000e+00
-3.827749999999999986e+00 1.000000000000000048e-04 1.000000000000000048e-04 1.000000000000000000e+00
-3.826999999999999957e+00 1.000000000000000048e-04 1.000000000000000048e-04 1.000000000000000000e+00
-3.826249999999999929e+00 1.000000000000000048e-04 1.000000000000000048e-04 1.000000000000000000e+00
-3.825499999999999901e+00 1.000000000000000048e-04 1.000000000000000048e-04 1.000000000000000000e+00
-3.824749999999999872e+00 1.000000000000000048e-04 1.000000000000000048e-04 1.000000000000000000e+00
-3.823999999999999844e+00 1.000000000000000048e-04 1.000000000000000048e-04 1.000000000000000000e+00
-3.823249999999999815e+00 1.000000000000000048e-04 1.000000000000000048e-04 1.000000000000000000e+00
-3.822499999999999787e+00 1.000000000000000048e-04 1.000000000000000048e-04 1.000000000000000000e+00
-3.821749999999999758e+00 1.000000000000000048e-04 1.000000000000000048e-04 1.000000000000000000e+00
-3.820999999999999730e+00 1.000000000000000048e-04 1.000000000000000048e-04 1.000000000000000000e+00
-3.820249999999999702e+00 1.000000000000000048e-04 1.000000000000000048e-04 1.000000000000000000e+00
-3.819499999999999673e+00 1.000000000000000048e-04 1.000000000000000048e-04 1.000000000000000000e+00
-3.818749999999999645e+00 1.000000000000000048e-04 1.000000000000000048e-04 1.000000000000000000e+00
-3.818000000000000060e+00 1.000000000000000048e-04 1.000000000000000048e-04 1.000000000000000000e+00
-3.817250000000000032e+00 1.000000000000000048e-04 1.000000000000000048e-04 1.000000000000000000e+00
-3.816500000000000004e+00 1.000000000000000048e-04 1.000000000000000048e-04 1.000000000000000000e+00
-3.815749999999999975e+00 1.000000000000000048e-04 1.000000000000000048e-04 1.000000000000000000e+00
-3.814999999999999947e+00 1.000000000000000048e-04 1.000000000000000048e-04 1.000000000000000000e+00
-3.814249999999999918e+00 1.000000000000000048e-04 1.000000000000000048e-04 1.000000000000000000e+00
-3.813499999999999890e+00 1.000000000000000048e-04 1.000000000000000048e-04 1.000000000000000000e+00
-3.812750000000000306e+00 1.000000000000000048e-04 1.000000000000000048e-04 1.000000000000000000e+00
-3.812000000000000277e+00 1.000000000000000048e-04 1.000000000000000048e-04 1.000000000000000000e+00
-3.811250000000000249e+00 1.000000000000000048e-04 1.000000000000000048e-04 1.000000000000000000e+00
-3.810500000000000220e+00 1.000000000000000048e-04 1.000000000000000048e-04 1.000000000000000000e+00
-3.809750000000000192e+00 1.000000000000000048e-04 1.000000000000000048e-04 1.000000000000000000e+00
-3.809000000000000163e+00 1.000000000000000048e-04 1.000000000000000048e-04 1.000000000000000000e+00
-3.808250000000000135e+00 1.000000000000000048e-04 1.000000000000000048e-04 1.000000000000000000e+00
-3.807500000000000107e+00 1.000000000000000048e-04 1.000000000000000048e-04 1.000000000000000000e+00
-3.806750000000000078e+00 1.000000000000000048e-04 1.000000000000000048e-04 1.000000000000000000e+00
-3.806000000000000050e+00 1.000000000000000048e-04 1.000000000000000048e-04 1.000000000000000000e+00
-3.805250000000000021e+00 1.000000000000000048e-04 1.000000000000000048e-04 1.000000000000000000e+00
-3.804499999999999993e+00 1.000000000000000048e-04 1.000000000000000048e-04 1.000000000000000000e+00
-3.803749999999999964e+00 1.000000000000000048e-04 1.000000000000000048e-04 1.000000000000000000e+00
-3.802999999999999936e+00 1.000000000000000048e-04 1.000000000000000048e-04 1.000000000000000000e+00
-3.802249999999999908e+00 1.000000000000000048e-04 1.000000000000000048e-04 1.000000000000000000e+00
-3.801499999999999879e+00 1.000000000000000048e-04 1.000000000000000048e-04 1.000000000000000000e+00
-3.800749999999999851e+00 1.000000000000000048e-04 1.000000000000000048e-04 1.000000000000000000e+00
-3.799999999999999822e+00 1.000000000000000048e-04 1.000000000000000048e-04 1.000000000000000000e+00
-3.799249999999999794e+00 1.000000000000000048e-04 1.000000000000000048e-04 1.000000000000000000e+00
-3.798499999999999766e+00 1.000000000000000048e-04 1.000000000000000048e-04 1.000000000000000000e+00
-3.797749999999999737e+00 1.000000000000000048e-04 1.000000000000000048e-04 1.000000000000000000e+00
-3.796999999999999709e+00 1.000000000000000048e-04 1.000000000000000048e-04 1.000000000000000000e+00
-3.796249999999999680e+00 1.000000000000000048e-04 1.000000000000000048e-04 1.000000000000000000e+00
-3.795499999999999652e+00 1.000000000000000048e-04 1.000000000000000048e-04 1.000000000000000000e+00
-3.794750000000000068e+00 1.000000000000000048e-04 1.000000000000000048e-04 1.000000000000000000e+00
-3.794000000000000039e+00 1.000000000000000048e-04 1.000000000000000048e-04 1.000000000000000000e+00
-3.793250000000000011e+00 1.000000000000000048e-04 1.000000000000000048e-04 1.000000000000000000e+00
-3.792499999999999982e+00 1.000000000000000048e-04 1.000000000000000048e-04 1.000000000000000000e+00
-3.791749999999999954e+00 1.000000000000000048e-04 1.000000000000000048e-04 1.000000000000000000e+00
-3.790999999999999925e+00 1.000000000000000048e-04 1.000000000000000048e-04 1.000000000000000000e+00
-3.790249999999999897e+00 1.000000000000000048e-04 1.000000000000000048e-04 1.000000000000000000e+00
-3.789499999999999869e+00 1.000000000000000048e-04 1.000000000000000048e-04 1.000000000000000000e+00
-3.788750000000000284e+00 1.000000000000000048e-04 1.000000000000000048e-04 1.000000000000000000e+00
-3.788000000000000256e+00 1.000000000000000048e-04 1.000000000000000048e-04 1.000000000000000000e+00
-3.787250000000000227e+00 1.000000000000000048e-04 1.000000000000000048e-04 1.000000000000000000e+00
-3.786500000000000199e+00 1.000000000000000048e-04 1.000000000000000048e-04 1.000000000000000000e+00
-3.785750000000000171e+00 1.000000000000000048e-04 1.000000000000000048e-04 1.000000000000000000e+00
-3.785000000000000142e+00 1.000000000000000048e-04 1.000000000000000048e-04 1.000000000000000000e+00
-3.784250000000000114e+00 1.000000000000000048e-04 1.000000000000000048e-04 1.000000000000000000e+00
-3.783500000000000085e+00 1.000000000000000048e-04 1.000000000000000048e-04 1.000000000000000000e+00
-3.782750000000000057e+00 1.000000000000000048e-04 1.000000000000000048e-04 1.000000000000000000e+00
-3.782000000000000028e+00 1.000000000000000048e-04 1.000000000000000048e-04 1.000000000000000000e+00
-3.781250000000000000e+00 1.000000000000000048e-04 1.000000000000000048e-04 1.000000000000000000e+00
-3.780499999999999972e+00 1.000000000000000048e-04 1.000000000000000048e-04 1.000000000000000000e+00
-3.779749999999999943e+00 1.000000000000000048e-04 1.000000000000000048e-04 1.000000000000000000e+00
-3.778999999999999915e+00 1.000000000000000048e-04 1.000000000000000048e-04 1.000000000000000000e+00
-3.778249999999999886e+00 1.000000000000000048e-04 1.000000000000000048e-04 1.000000000000000000e+00
-3.777499999999999858e+00 1.000000000000000048e-04 1.000000000000000048e-04 1.000000000000000000e+00
-3.776749999999999829e+00 1.000000000000000048e-04 1.000000000000000048e-04 1.000000000000000000e+00
-3.775999999999999801e+00 1.000000000000000048e-04 1.000000000000000048e-04 1.000000000000000000e+00
-3.775249999999999773e+00 1.000000000000000048e-04 1.000000000000000048e-04 1.000000000000000000e+00
-3.774499999999999744e+00 1.000000000000000048e-04 1.000000000000000048e-04 1.000000000000000000e+00
-3.773749999999999716e+00 1.000000000000000048e-04 1.000000000000000048e-04 1.000000000000000000e+00
-3.772999999999999687e+00 1.000000000000000048e-04 1.000000000000000048e-04 1.000000000000000000e+00
-3.772249999999999659e+00 1.000000000000000048e-04 1.000000000000000048e-04 1.000000000000000000e+00
-3.771500000000000075e+00 1.000000000000000048e-04 1.000000000000000048e-04 1.000000000000000000e+00
-3.770750000000000046e+00 1.000000000000000048e-04 1.000000000000000048e-04 1.000000000000000000e+00
-3.770000000000000018e+00 1.000000000000000048e-04 1.000000000000000048e-04 1.000000000000000000e+00
-3.769249999999999989e+00 1.000000000000000048e-04 1.000000000000000048e-04 1.000000000000000000e+00
-3.768499999999999961e+00 1.000000000000000048e-04 1.000000000000000048e-04 1.000000000000000000e+00
-3.767749999999999932e+00 1.000000000000000048e-04 1.000000000000000048e-04 1.000000000000000000e+00
-3.766999999999999904e+00 1.000000000000000048e-04 1.000000000000000048e-04 1.000000000000000000e+00
-3.766249999999999876e+00 1.000000000000000048e-04 1.000000000000000048e-04 1.000000000000000000e+00
-3.765500000000000291e+00 1.000000000000000048e-04 1.000000000000000048e-04 1.000000000000000000e+00
-3.764750000000000263e+00 1.000000000000000048e-04 1.000000000000000048e-04 1.000000000000000000e+00
-3.764000000000000234e+00 1.000000000000000048e-04 1.000000000000000048e-04 1.000000000000000000e+00
-3.763250000000000206e+00 1.000000000000000048e-04 1.000000000000000048e-04 1.000000000000000000e+00
-3.762500000000000178e+00 1.000000000000000048e-04 1.000000000000000048e-04 1.000000000000000000e+00
-3.761750000000000149e+00 1.000000000000000048e-04 1.000000000000000048e-04 1.000000000000000000e+00
-3.761000000000000121e+00 1.000000000000000048e-04 1.000000000000000048e-04 1.000000000000000000e+00
-3.760250000000000092e+00 1.000000000000000048e-04 1.000000000000000048e-04 1.000000000000000000e+00
-3.759500000000000064e+00 1.000000000000000048e-04 1.000000000000000048e-04 1.000000000000000000e+00
-3.758750000000000036e+00 1.000000000000000048e-04 1.000000000000000048e-04 1.000000000000000000e+00
-3.758000000000000007e+00 1.000000000000000048e-04 1.000000000000000048e-04 1.000000000000000000e+00
-3.757249999999999979e+00 1.000000000000000048e-04 1.000000000000000048e-04 1.000000000000000000e+00
-3.756499999999999950e+00 1.000000000000000048e-04 1.000000000000000048e-04 1.000000000000000000e+00
-3.755749999999999922e+00 1.000000000000000048e-04 1.000000000000000048e-04 1.000000000000000000e+00
-3.754999999999999893e+00 1.000000000000000048e-04 1.000000000000000048e-04 1.000000000000000000e+00
-3.754249999999999865e+00 1.000000000000000048e-04 1.000000000000000048e-04 1.000000000000000000e+00
-3.753499999999999837e+00 1.000000000000000048e-04 1.000000000000000048e-04 1.000000000000000000e+00
-3.752749999999999808e+00 1.000000000000000048e-04 1.000000000000000048e-04 1.000000000000000000e+00
-3.751999999999999780e+00 1.000000000000000048e-04 1.000000000000000048e-04 1.000000000000000000e+00
-3.751249999999999751e+00 1.000000000000000048e-04 1.000000000000000048e-04 1.000000000000000000e+00
-3.750499999999999723e+00 1.000000000000000048e-04 1.000000000000000048e-04 1.000000000000000000e+00
-3.749749999999999694e+00 1.000000000000000048e-04 1.000000000000000048e-04 1.000000000000000000e+00
-3.748999999999999666e+00 1.000000000000000048e-04 1.000000000000000048e-04 1.000000000000000000e+00
-3.748250000000000082e+00 1.000000000000000048e-04 1.000000000000000048e-04 1.000000000000000000e+00
-3.747500000000000053e+00 1.000000000000000048e-04 1.000000000000000048e-04 1.000000000000000000e+00
-3.746750000000000025e+00 1.000000000000000048e-04 1.000000000000000048e-04 1.000000000000000000e+00
-3.745999999999999996e+00 1.000000000000000048e-04 1.000000000000000048e-04 1.000000000000000000e+00
-3.745249999999999968e+00 1.000000000000000048e-04 1.000000000000000048e-04 1.000000000000000000e+00
-3.744499999999999940e+00 1.000000000000000048e-04 1.000000000000000048e-04 1.000000000000000000e+00
-3.743749999999999911e+00 1.000000000000000048e-04 1.000000000000000048e-04 1.000000000000000000e+00
-3.742999999999999883e+00 1.000000000000000048e-04 1.000000000000000048e-04 1.000000000000000000e+00
-3.742250000000000298e+00 1.000000000000000048e-04 1.000000000000000048e-04 1.000000000000000000e+00
-3.741500000000000270e+00 1.000000000000000048e-04 1.000000000000000048e-04 1.000000000000000000e+00
-3.740750000000000242e+00 1.000000000000000048e-04 1.000000000000000048e-04 1.000000000000000000e+00
-3.740000000000000213e+00 1.000000000000000048e-04 1.000000000000000048e-04 1.000000000000000000e+00
-3.739250000000000185e+00 1.000000000000000048e-04 1.000000000000000048e-04 1.000000000000000000e+00
-3.738500000000000156e+00 1.000000000000000048e-04 1.000000000000000048e-04 1.000000000000000000e+00
-3.737750000000000128e+00 1.000000000000000048e-04 1.000000000000000048e-04 1.000000000000000000e+00
-3.737000000000000099e+00 1.000000000000000048e-04 1.000000000000000048e-04 1.000000000000000000e+00
-3.736250000000000071e+00 1.000000000000000048e-04 1.000000000000000048e-04 1.000000000000000000e+00
-3.735500000000000043e+00 1.000000000000000048e-04 1.000000000000000048e-04 1.000000000000000000e+00
-3.734750000000000014e+00 1.000000000000000048e-04 1.000000000000000048e-04 1.000000000000000000e+00
-3.733999999999999986e+00 1.000000000000000048e-04 1.000000000000000048e-04 1.000000000000000000e+00
-3.733249999999999957e+00 1.000000000000000048e-04 1.000000000000000048e-04 1.000000000000000000e+00
-3.732499999999999929e+00 1.000000000000000048e-04 1.000000000000000048e-04 1.000000000000000000e+00
-3.731749999999999901e+00 1.000000000000000048e-04 1.000000000000000048e-04 1.000000000000000000e+00
-3.730999999999999872e+00 1.000000000000000048e-04 1.000000000000000048e-04 1.000000000000000000e+00
-3.730249999999999844e+00 1.000000000000000048e-04 1.000000000000000048e-04 1.000000000000000000e+00
-3.729499999999999815e+00 1.000000000000000048e-04 1.000000000000000048e-04 1.000000000000000000e+00
-3.728749999999999787e+00 1.000000000000000048e-04 1.000000000000000048e-04 1.000000000000000000e+00
-3.727999999999999758e+00 1.000000000000000048e-04 1.000000000000000048e-04 1.000000000000000000e+00
-3.727249999999999730e+00 1.000000000000000048e-04 1.000000000000000048e-04 1.000000000000000000e+00
-3.726499999999999702e+00 1.000000000000000048e-04 1.000000000000000048e-04 1.000000000000000000e+00
-3.725749999999999673e+00 1.000000000000000048e-04 1.000000000000000048e-04 1.000000000000000000e+00
-3.724999999999999645e+00 1.000000000000000048e-04 1.000000000000000048e-04 1.000000000000000000e+00
-3.724250000000000060e+00 1.000000000000000048e-04 1.000000000000000048e-04 1.000000000000000000e+00
-3.723500000000000032e+00 1.000000000000000048e-04 1.000000000000000048e-04 1.000000000000000000e+00
-3.722750000000000004e+00 1.000000000000000048e-04 1.000000000000000048e-04 1.000000000000000000e+00
-3.721999999999999975e+00 1.000000000000000048e-04 1.000000000000000048e-04 1.000000000000000000e+00
-3.721249999999999947e+00 1.000000000000000048e-04 1.000000000000000048e-04 1.000000000000000000e+00
-3.720499999999999918e+00 1.000000000000000048e-04 1.000000000000000048e-04 1.000000000000000000e+00
-3.719749999999999890e+00 1.000000000000000048e-04 1.000000000000000048e-04 1.000000000000000000e+00
-3.719000000000000306e+00 1.000000000000000048e-04 1.000000000000000048e-04 1.000000000000000000e+00
-3.718250000000000277e+00 1.000000000000000048e-04 1.000000000000000048e-04 1.000000000000000000e+00
-3.717500000000000249e+00 1.000000000000000048e-04 1.000000000000000048e-04 1.000000000000000000e+00
-3.716750000000000220e+00 1.000000000000000048e-04 1.000000000000000048e-04 1.000000000000000000e+00
-3.716000000000000192e+00 1.000000000000000048e-04 1.000000000000000048e-04 1.000000000000000000e+00
-3.715250000000000163e+00 1.000000000000000048e-04 1.000000000000000048e-04 1.000000000000000000e+00
-3.714500000000000135e+00 1.000000000000000048e-04 1.000000000000000048e-04 1.000000000000000000e+00
-3.713750000000000107e+00 1.000000000000000048e-04 1.000000000000000048e-04 1.000000000000000000e+00
-3.713000000000000078e+00 1.000000000000000048e-04 1.000000000000000048e-04 1.000000000000000000e+00
-3.712250000000000050e+00 1.000000000000000048e-04 1.000000000000000048e-04 1.000000000000000000e+00
-3.711500000000000021e+00 1.000000000000000048e-04 1.000000000000000048e-04 1.000000000000000000e+00
-3.710749999999999993e+00 1.000000000000000048e-04 1.000000000000000048e-04 1.000000000000000000e+00
-3.709999999999999964e+00 1.000000000000000048e-04 1.000000000000000048e-04 1.000000000000000000e+00
-3.709249999999999936e+00 1.000000000000000048e-04 1.000000000000000048e-04 1.000000000000000000e+00
-3.708499999999999908e+00 1.000000000000000048e-04 1.000000000000000048e-04 1.000000000000000000e+00
-3.707749999999999879e+00 1.000000000000000048e-04 1.000000000000000048e-04 1.000000000000000000e+00
-3.706999999999999851e+00 1.000000000000000048e-04 1.000000000000000048e-04 1.000000000000000000e+00
-3.706249999999999822e+00 1.000000000000000048e-04 1.000000000000000048e-04 1.000000000000000000e+00
-3.705499999999999794e+00 1.000000000000000048e-04 1.000000000000000048e-04 1.000000000000000000e+00
-3.704749999999999766e+00 1.000000000000000048e-04 1.000000000000000048e-04 1.000000000000000000e+00
-3.703999999999999737e+00 1.000000000000000048e-04 1.000000000000000048e-04 1.000000000000000000e+00
-3.703249999999999709e+00 1.000000000000000048e-04 1.000000000000000048e-04 1.000000000000000000e+00
-3.702499999999999680e+00 1.000000000000000048e-04 1.000000000000000048e-04 1.000000000000000000e+00
-3.701749999999999652e+00 1.000000000000000048e-04 1.000000000000000048e-04 1.000000000000000000e+00
-3.701000000000000068e+00 1.000000000000000048e-04 1.000000000000000048e-04 1.000000000000000000e+00
-3.700250000000000039e+00 1.000000000000000048e-04 1.000000000000000048e-04 1.000000000000000000e+00
-3.699500000000000011e+00 1.000000000000000048e-04 1.000000000000000048e-04 1.000000000000000000e+00
-3.698749999999999982e+00 1.000000000000000048e-04 1.000000000000000048e-04 1.000000000000000000e+00
-3.697999999999999954e+00 1.000000000000000048e-04 1.000000000000000048e-04 1.000000000000000000e+00
-3.697249999999999925e+00 1.000000000000000048e-04 1.000000000000000048e-04 1.000000000000000000e+00
-3.696499999999999897e+00 1.000000000000000048e-04 1.000000000000000048e-04 1.000000000000000000e+00
-3.695749999999999869e+00 1.000000000000000048e-04 1.000000000000000048e-04 1.000000000000000000e+00
-3.695000000000000284e+00 1.000000000000000048e-04 1.000000000000000048e-04 1.000000000000000000e+00
-3.694250000000000256e+00 1.000000000000000048e-04 1.000000000000000048e-04 1.000000000000000000e+00
-3.693500000000000227e+00 1.000000000000000048e-04 1.000000000000000048e-04 1.000000000000000000e+00
-3.692750000000000199e+00 1.000000000000000048e-04 1.000000000000000048e-04 1.000000000000000000e+00
-3.692000000000000171e+00 1.000000000000000048e-04 1.000000000000000048e-04 1.000000000000000000e+00
-3.691250000000000142e+00 1.000000000000000048e-04 1.000000000000000048e-04 1.000000000000000000e+00
-3.690500000000000114e+00 1.000000000000000048e-04 1.000000000000000048e-04 1.000000000000000000e+00
-3.689750000000000085e+00 1.000000000000000048e-04 1.000000000000000048e-04 1.000000000000000000e+00
-3.689000000000000057e+00 1.000000000000000048e-04 1.000000000000000048e-04 1.000000000000000000e+00
-3.688250000000000028e+00 1.000000000000000048e-04 1.000000000000000048e-04 1.000000000000000000e+00
-3.687500000000000000e+00 1.000000000000000048e-04 1.000000000000000048e-04 1.000000000000000000e+00
-3.686749999999999972e+00 1.000000000000000048e-04 1.000000000000000048e-04 1.000000000000000000e+00
-3.685999999999999943e+00 1.000000000000000048e-04 1.000000000000000048e-04 1.000000000000000000e+00
-3.685249999999999915e+00 1.000000000000000048e-04 1.000000000000000048e-04 1.000000000000000000e+00
-3.684499999999999886e+00 1.000000000000000048e-04 1.000000000000000048e-04 1.000000000000000000e+00
-3.683749999999999858e+00 1.000000000000000048e-04 1.000000000000000048e-04 1.000000000000000000e+00
-3.682999999999999829e+00 1.000000000000000048e-04 1.000000000000000048e-04 1.000000000000000000e+00
-3.682249999999999801e+00 1.000000000000000048e-04 1.000000000000000048e-04 1.000000000000000000e+00
-3.681499999999999773e+00 1.000000000000000048e-04 1.000000000000000048e-04 1.000000000000000000e+00
-3.680749999999999744e+00 1.000000000000000048e-04 1.000000000000000048e-04 1.000000000000000000e+00
-3.679999999999999716e+00 1.000000000000000048e-04 1.000000000000000048e-04 1.000000000000000000e+00
-3.679249999999999687e+00 1.000000000000000048e-04 1.000000000000000048e-04 1.000000000000000000e+00
-3.678499999999999659e+00 1.000000000000000048e-04 1.000000000000000048e-04 1.000000000000000000e+00
-3.677750000000000075e+00 1.000000000000000048e-04 1.000000000000000048e-04 1.000000000000000000e+00
-3.677000000000000046e+00 1.000000000000000048e-04 1.000000000000000048e-04 1.000000000000000000e+00
-3.676250000000000018e+00 1.000000000000000048e-04 1.000000000000000048e-04 1.000000000000000000e+00
-3.675499999999999989e+00 1.000000000000000048e-04 1.000000000000000048e-04 1.000000000000000000e+00
-3.674749999999999961e+00 1.000000000000000048e-04 1.000000000000000048e-04 1.000000000000000000e+00
-3.673999999999999932e+00 1.000000000000000048e-04 1.000000000000000048e-04 1.000000000000000000e+00
-3.673249999999999904e+00 1.000000000000000048e-04 1.000000000000000048e-04 1.000000000000000000e+00
-3.672499999999999876e+00 1.000000000000000048e-04 1.000000000000000048e-04 1.000000000000000000e+00
-3.671750000000000291e+00 1.000000000000000048e-04 1.000000000000000048e-04 1.000000000000000000e+00
-3.671000000000000263e+00 1.000000000000000048e-04 1.000000000000000048e-04 1.000000000000000000e+00
-3.670250000000000234e+00 1.000000000000000048e-04 1.000000000000000048e-04 1.000000000000000000e+00
-3.669500000000000206e+00 1.000000000000000048e-04 1.000000000000000048e-04 1.000000000000000000e+00
-3.668750000000000178e+00 1.000000000000000048e-04 1.000000000000000048e-04 1.000000000000000000e+00
-3.668000000000000149e+00 1.000000000000000048e-04 1.000000000000000048e-04 1.000000000000000000e+00
-3.667250000000000121e+00 1.000000000000000048e-04 1.000000000000000048e-04 1.000000000000000000e+00
-3.666500000000000092e+00 1.000000000000000048e-04 1.000000000000000048e-04 1.000000000000000000e+00
-3.665750000000000064e+00 1.000000000000000048e-04 1.000000000000000048e-04 1.000000000000000000e+00
-3.665000000000000036e+00 1.000000000000000048e-04 1.000000000000000048e-04 1.000000000000000000e+00
-3.664250000000000007e+00 1.000000000000000048e-04 1.000000000000000048e-04 1.000000000000000000e+00
-3.663499999999999979e+00 1.000000000000000048e-04 1.000000000000000048e-04 1.000000000000000000e+00
-3.662749999999999950e+00 1.000000000000000048e-04 1.000000000000000048e-04 1.000000000000000000e+00
-3.661999999999999922e+00 1.000000000000000048e-04 1.000000000000000048e-04 1.000000000000000000e+00
-3.661249999999999893e+00 1.000000000000000048e-04 1.000000000000000048e-04 1.000000000000000000e+00
-3.660499999999999865e+00 1.000000000000000048e-04 1.000000000000000048e-04 1.000000000000000000e+00
-3.659749999999999837e+00 1.000000000000000048e-04 1.000000000000000048e-04 1.000000000000000000e+00
-3.658999999999999808e+00 1.000000000000000048e-04 1.000000000000000048e-04 1.000000000000000000e+00
-3.658249999999999780e+00 1.000000000000000048e-04 1.000000000000000048e-04 1.000000000000000000e+00
-3.657499999999999751e+00 1.000000000000000048e-04 1.000000000000000048e-04 1.000000000000000000e+00
-3.656749999999999723e+00 1.000000000000000048e-04 1.000000000000000048e-04 1.000000000000000000e+00
-3.655999999999999694e+00 1.000000000000000048e-04 1.000000000000000048e-04 1.000000000000000000e+00
-3.655249999999999666e+00 1.000000000000000048e-04 1.000000000000000048e-04 1.000000000000000000e+00
-3.654500000000000082e+00 1.000000000000000048e-04 1.000000000000000048e-04 1.000000000000000000e+00
-3.653750000000000053e+00 1.000000000000000048e-04 1.000000000000000048e-04 1.000000000000000000e+00
-3.653000000000000025e+00 1.000000000000000048e-04 1.000000000000000048e-04 1.000000000000000000e+00
-3.652249999999999996e+00 1.000000000000000048e-04 1.000000000000000048e-04 1.000000000000000000e+00
-3.651499999999999968e+00 1.000000000000000048e-04 1.000000000000000048e-04 1.000000000000000000e+00
-3.650749999999999940e+00 1.000000000000000048e-04 1.000000000000000048e-04 1.000000000000000000e+00
-3.649999999999999911e+00 1.000000000000000048e-04 1.000000000000000048e-04 1.000000000000000000e+00
-3.649249999999999883e+00 1.000000000000000048e-04 1.000000000000000048e-04 1.000000000000000000e+00
-3.648500000000000298e+00 1.000000000000000048e-04 1.000000000000000048e-04 1.000000000000000000e+00
-3.647750000000000270e+00 1.000000000000000048e-04 1.000000000000000048e-04 1.000000000000000000e+00
-3.647000000000000242e+00 1.000000000000000048e-04 1.000000000000000048e-04 1.000000000000000000e+00
-3.646250000000000213e+00 1.000000000000000048e-04 1.000000000000000048e-04 1.000000000000000000e+00
-3.645500000000000185e+00 1.000000000000000048e-04 1.000000000000000048e-04 1.000000000000000000e+00
-3.644750000000000156e+00 1.000000000000000048e-04 1.000000000000000048e-04 1.000000000000000000e+00
-3.644000000000000128e+00 1.000000000000000048e-04 1.000000000000000048e-04 1.000000000000000000e+00
-3.643250000000000099e+00 1.000000000000000048e-04 1.000000000000000048e-04 1.000000000000000000e+00
-3.642500000000000071e+00 1.000000000000000048e-04 1.000000000000000048e-04 1.000000000000000000e+00
-3.641750000000000043e+00 1.000000000000000048e-04 1.000000000000000048e-04 1.000000000000000000e+00
-3.641000000000000014e+00 1.000000000000000048e-04 1.000000000000000048e-04 1.000000000000000000e+00
-3.640249999999999986e+00 1.000000000000000048e-04 1.000000000000000048e-04 1.000000000000000000e+00
-3.639499999999999957e+00 1.000000000000000048e-04 1.000000000000000048e-04 1.000000000000000000e+00
-3.638749999999999929e+00 1.000000000000000048e-04 1.000000000000000048e-04 1.000000000000000000e+00
-3.637999999999999901e+00 1.000000000000000048e-04 1.000000000000000048e-04 1.000000000000000000e+00
-3.637249999999999872e+00 1.000000000000000048e-04 1.000000000000000048e-04 1.000000000000000000e+00
-3.636499999999999844e+00 1.000000000000000048e-04 1.000000000000000048e-04 1.000000000000000000e+00
-3.635749999999999815e+00 1.000000000000000048e-04 1.000000000000000048e-04 1.000000000000000000e+00
-3.634999999999999787e+00 1.000000000000000048e-04 1.000000000000000048e-04 1.000000000000000000e+00
-3.634249999999999758e+00 1.000000000000000048e-04 1.000000000000000048e-04 1.000000000000000000e+00
-3.633499999999999730e+00 1.000000000000000048e-04 1.000000000000000048e-04 1.000000000000000000e+00
-3.632749999999999702e+00 1.000000000000000048e-04 1.000000000000000048e-04 1.000000000000000000e+00
-3.631999999999999673e+00 1.000000000000000048e-04 1.000000000000000048e-04 1.000000000000000000e+00
-3.631249999999999645e+00 1.000000000000000048e-04 1.000000000000000048e-04 1.000000000000000000e+00
-3.630500000000000060e+00 1.000000000000000048e-04 1.000000000000000048e-04 1.000000000000000000e+00
-3.629750000000000032e+00 1.000000000000000048e-04 1.000000000000000048e-04 1.000000000000000000e+00
-3.629000000000000004e+00 1.000000000000000048e-04 1.000000000000000048e-04 1.000000000000000000e+00
-3.628249999999999975e+00 1.000000000000000048e-04 1.000000000000000048e-04 1.000000000000000000e+00
-3.627499999999999947e+00 1.000000000000000048e-04 1.000000000000000048e-04 1.000000000000000000e+00
-3.626749999999999918e+00 1.000000000000000048e-04 1.000000000000000048e-04 1.000000000000000000e+00
-3.625999999999999890e+00 1.000000000000000048e-04 1.000000000000000048e-04 1.000000000000000000e+00
-3.625249999999999861e+00 1.000000000000000048e-04 1.000000000000000048e-04 1.000000000000000000e+00
-3.624500000000000277e+00 1.000000000000000048e-04 1.000000000000000048e-04 1.000000000000000000e+00
-3.623750000000000249e+00 1.000000000000000048e-04 1.000000000000000048e-04 1.000000000000000000e+00
-3.623000000000000220e+00 1.000000000000000048e-04 1.000000000000000048e-04 1.000000000000000000e+00
-3.622250000000000192e+00 1.000000000000000048e-04 1.000000000000000048e-04 1.000000000000000000e+00
-3.621500000000000163e+00 1.000000000000000048e-04 1.000000000000000048e-04 1.000000000000000000e+00
-3.620750000000000135e+00 1.000000000000000048e-04 1.000000000000000048e-04 1.000000000000000000e+00
-3.620000000000000107e+00 1.000000000000000048e-04 1.000000000000000048e-04 1.000000000000000000e+00
-3.619250000000000078e+00 1.000000000000000048e-04 1.000000000000000048e-04 1.000000000000000000e+00
-3.618500000000000050e+00 1.000000000000000048e-04 1.000000000000000048e-04 1.000000000000000000e+00
-3.617750000000000021e+00 1.000000000000000048e-04 1.000000000000000048e-04 1.000000000000000000e+00
-3.616999999999999993e+00 1.000000000000000048e-04 1.000000000000000048e-04 1.000000000000000000e+00
-3.616249999999999964e+00 1.000000000000000048e-04 1.000000000000000048e-04 1.000000000000000000e+00
-3.615499999999999936e+00 1.000000000000000048e-04 1.000000000000000048e-04 1.000000000000000000e+00
-3.614749999999999908e+00 1.000000000000000048e-04 1.000000000000000048e-04 1.000000000000000000e+00
-3.613999999999999879e+00 1.000000000000000048e-04 1.000000000000000048e-04 1.000000000000000000e+00
-3.613249999999999851e+00 1.000000000000000048e-04 1.000000000000000048e-04 1.000000000000000000e+00
-3.612499999999999822e+00 1.000000000000000048e-04 1.000000000000000048e-04 1.000000000000000000e+00
-3.611749999999999794e+00 1.000000000000000048e-04 1.000000000000000048e-04 1.000000000000000000e+00
-3.610999999999999766e+00 1.000000000000000048e-04 1.000000000000000048e-04 1.000000000000000000e+00
-3.610249999999999737e+00 1.000000000000000048e-04 1.000000000000000048e-04 1.000000000000000000e+00
-3.609499999999999709e+00 1.000000000000000048e-04 1.000000000000000048e-04 1.000000000000000000e+00
-3.608749999999999680e+00 1.000000000000000048e-04 1.000000000000000048e-04 1.000000000000000000e+00
-3.607999999999999652e+00 1.000000000000000048e-04 1.000000000000000048e-04 1.000000000000000000e+00
-3.607250000000000068e+00 1.000000000000000048e-04 1.000000000000000048e-04 1.000000000000000000e+00
-3.606500000000000039e+00 1.000000000000000048e-04 1.000000000000000048e-04 1.000000000000000000e+00
-3.605750000000000011e+00 1.000000000000000048e-04 1.000000000000000048e-04 1.000000000000000000e+00
-3.604999999999999982e+00 1.000000000000000048e-04 1.000000000000000048e-04 1.000000000000000000e+00
-3.604249999999999954e+00 1.000000000000000048e-04 1.000000000000000048e-04 1.000000000000000000e+00
-3.603499999999999925e+00 1.000000000000000048e-04 1.000000000000000048e-04 1.000000000000000000e+00
-3.602749999999999897e+00 1.000000000000000048e-04 1.000000000000000048e-04 1.000000000000000000e+00
-3.601999999999999869e+00 1.000000000000000048e-04 1.000000000000000048e-04 1.000000000000000000e+00
-3.601250000000000284e+00 1.000000000000000048e-04 1.000000000000000048e-04 1.000000000000000000e+00
-3.600500000000000256e+00 1.000000000000000048e-04 1.000000000000000048e-04 1.000000000000000000e+00
-3.599750000000000227e+00 1.000000000000000048e-04 1.000000000000000048e-04 1.000000000000000000e+00
-3.599000000000000199e+00 1.000000000000000048e-04 1.000000000000000048e-04 1.000000000000000000e+00
-3.598250000000000171e+00 1.000000000000000048e-04 1.000000000000000048e-04 1.000000000000000000e+00
-3.597500000000000142e+00 1.000000000000000048e-04 1.000000000000000048e-04 1.000000000000000000e+00
-3.596750000000000114e+00 1.000000000000000048e-04 1.000000000000000048e-04 1.000000000000000000e+00
-3.596000000000000085e+00 1.000000000000000048e-04 1.000000000000000048e-04 1.000000000000000000e+00
-3.595250000000000057e+00 1.000000000000000048e-04 1.000000000000000048e-04 1.000000000000000000e+00
-3.594500000000000028e+00 1.000000000000000048e-04 1.000000000000000048e-04 1.000000000000000000e+00
-3.593750000000000000e+00 1.000000000000000048e-04 1.000000000000000048e-04 1.000000000000000000e+00
-3.592999999999999972e+00 1.000000000000000048e-04 1.000000000000000048e-04 1.000000000000000000e+00
-3.592249999999999943e+00 1.000000000000000048e-04 1.000000000000000048e-04 1.000000000000000000e+00
-3.591499999999999915e+00 1.000000000000000048e-04 1.000000000000000048e-04 1.000000000000000000e+00
-3.590749999999999886e+00 1.000000000000000048e-04 1.000000000000000048e-04 1.000000000000000000e+00
-3.589999999999999858e+00 1.000000000000000048e-04 1.000000000000000048e-04 1.000000000000000000e+00
-3.589249999999999829e+00 1.000000000000000048e-04 1.000000000000000048e-04 1.000000000000000000e+00
-3.588499999999999801e+00 1.000000000000000048e-04 1.000000000000000048e-04 1.000000000000000000e+00
-3.587749999999999773e+00 1.000000000000000048e-04 1.000000000000000048e-04 1.000000000000000000e+00
-3.586999999999999744e+00 1.000000000000000048e-04 1.000000000000000048e-04 1.000000000000000000e+00
-3.586249999999999716e+00 1.000000000000000048e-04 1.000000000000000048e-04 1.000000000000000000e+00
-3.585499999999999687e+00 1.000000000000000048e-04 1.000000000000000048e-04 1.000000000000000000e+00
-3.584749999999999659e+00 1.000000000000000048e-04 1.000000000000000048e-04 1.000000000000000000e+00
-3.584000000000000075e+00 1.000000000000000048e-04 1.000000000000000048e-04 1.000000000000000000e+00
-3.583250000000000046e+00 1.000000000000000048e-04 1.000000000000000048e-04 1.000000000000000000e+00
-3.582500000000000018e+00 1.000000000000000048e-04 1.000000000000000048e-04 1.000000000000000000e+00
-3.581749999999999989e+00 1.000000000000000048e-04 1.000000000000000048e-04 1.000000000000000000e+00
-3.580999999999999961e+00 1.000000000000000048e-04 1.000000000000000048e-04 1.000000000000000000e+00
-3.580249999999999932e+00 1.000000000000000048e-04 1.000000000000000048e-04 1.000000000000000000e+00
-3.579499999999999904e+00 1.000000000000000048e-04 1.000000000000000048e-04 1.000000000000000000e+00
-3.578749999999999876e+00 1.000000000000000048e-04 1.000000000000000048e-04 1.000000000000000000e+00
-3.578000000000000291e+00 1.000000000000000048e-04 1.000000000000000048e-04 1.000000000000000000e+00
-3.577250000000000263e+00 1.000000000000000048e-04 1.000000000000000048e-04 1.000000000000000000e+00
-3.576500000000000234e+00 1.000000000000000048e-04 1.000000000000000048e-04 1.000000000000000000e+00
-3.575750000000000206e+00 1.000000000000000048e-04 1.000000000000000048e-04 1.000000000000000000e+00
-3.575000000000000178e+00 1.000000000000000048e-04 1.000000000000000048e-04 1.000000000000000000e+00
-3.574250000000000149e+00 1.000000000000000048e-04 1.000000000000000048e-04 1.000000000000000000e+00
-3.573500000000000121e+00 1.000000000000000048e-04 1.000000000000000048e-04 1.000000000000000000e+00
-3.572750000000000092e+00 1.000000000000000048e-04 1.000000000000000048e-04 1.000000000000000000e+00
-3.572000000000000064e+00 1.000000000000000048e-04 1.000000000000000048e-04 1.000000000000000000e+00
-3.571250000000000036e+00 1.000000000000000048e-04 1.000000000000000048e-04 1.000000000000000000e+00
-3.570500000000000007e+00 1.000000000000000048e-04 1.000000000000000048e-04 1.000000000000000000e+00
-3.569749999999999979e+00 1.000000000000000048e-04 1.000000000000000048e-04 1.000000000000000000e+00
-3.568999999999999950e+00 1.000000000000000048e-04 1.000000000000000048e-04 1.000000000000000000e+00
-3.568249999999999922e+00 1.000000000000000048e-04 1.000000000000000048e-04 1.000000000000000000e+00
-3.567499999999999893e+00 1.000000000000000048e-04 1.000000000000000048e-04 1.000000000000000000e+00
-3.566749999999999865e+00 1.000000000000000048e-04 1.000000000000000048e-04 1.000000000000000000e+00
-3.565999999999999837e+00 1.000000000000000048e-04 1.000000000000000048e-04 1.000000000000000000e+00
-3.565249999999999808e+00 1.000000000000000048e-04 1.000000000000000048e-04 1.000000000000000000e+00
-3.564499999999999780e+00 1.000000000000000048e-04 1.000000000000000048e-04 1.000000000000000000e+00
-3.563749999999999751e+00 1.000000000000000048e-04 1.000000000000000048e-04 1.000000000000000000e+00
-3.562999999999999723e+00 1.000000000000000048e-04 1.000000000000000048e-04 1.000000000000000000e+00
-3.562249999999999694e+00 1.000000000000000048e-04 1.000000000000000048e-04 1.000000000000000000e+00
-3.561499999999999666e+00 1.000000000000000048e-04 1.000000000000000048e-04 1.000000000000000000e+00
-3.560749999999999638e+00 1.000000000000000048e-04 1.000000000000000048e-04 1.000000000000000000e+00
-3.560000000000000053e+00 1.000000000000000048e-04 1.000000000000000048e-04 1.000000000000000000e+00
-3.559250000000000025e+00 1.000000000000000048e-04 1.000000000000000048e-04 1.000000000000000000e+00
-3.558499999999999996e+00 1.000000000000000048e-04 1.000000000000000048e-04 1.000000000000000000e+00
-3.557749999999999968e+00 1.000000000000000048e-04 1.000000000000000048e-04 1.000000000000000000e+00
-3.556999999999999940e+00 1.000000000000000048e-04 1.000000000000000048e-04 1.000000000000000000e+00
-3.556249999999999911e+00 1.000000000000000048e-04 1.000000000000000048e-04 1.000000000000000000e+00
-3.555499999999999883e+00 1.000000000000000048e-04 1.000000000000000048e-04 1.000000000000000000e+00
-3.554750000000000298e+00 1.000000000000000048e-04 1.000000000000000048e-04 1.000000000000000000e+00
-3.554000000000000270e+00 1.000000000000000048e-04 1.000000000000000048e-04 1.000000000000000000e+00
-3.553250000000000242e+00 1.000000000000000048e-04 1.000000000000000048e-04 1.000000000000000000e+00
-3.552500000000000213e+00 1.000000000000000048e-04 1.000000000000000048e-04 1.000000000000000000e+00
-3.551750000000000185e+00 1.000000000000000048e-04 1.000000000000000048e-04 1.000000000000000000e+00
-3.551000000000000156e+00 1.000000000000000048e-04 1.000000000000000048e-04 1.000000000000000000e+00
-3.550250000000000128e+00 1.000000000000000048e-04 1.000000000000000048e-04 1.000000000000000000e+00
-3.549500000000000099e+00 1.000000000000000048e-04 1.000000000000000048e-04 1.000000000000000000e+00
-3.548750000000000071e+00 1.000000000000000048e-04 1.000000000000000048e-04 1.000000000000000000e+00
-3.548000000000000043e+00 1.000000000000000048e-04 1.000000000000000048e-04 1.000000000000000000e+00
-3.547250000000000014e+00 1.000000000000000048e-04 1.000000000000000048e-04 1.000000000000000000e+00
-3.546499999999999986e+00 1.000000000000000048e-04 1.000000000000000048e-04 1.000000000000000000e+00
-3.545749999999999957e+00 1.000000000000000048e-04 1.000000000000000048e-04 1.000000000000000000e+00
-3.544999999999999929e+00 1.000000000000000048e-04 1.000000000000000048e-04 1.000000000000000000e+00
-3.544249999999999901e+00 1.000000000000000048e-04 1.000000000000000048e-04 1.000000000000000000e+00
-3.543499999999999872e+00 1.000000000000000048e-04 1.000000000000000048e-04 1.000000000000000000e+00
-3.542749999999999844e+00 1.000000000000000048e-04 1.000000000000000048e-04 1.000000000000000000e+00
-3.541999999999999815e+00 1.000000000000000048e-04 1.000000000000000048e-04 1.000000000000000000e+00
-3.541249999999999787e+00 1.000000000000000048e-04 1.000000000000000048e-04 1.000000000000000000e+00
-3.540499999999999758e+00 1.000000000000000048e-04 1.000000000000000048e-04 1.000000000000000000e+00
-3.539749999999999730e+00 1.000000000000000048e-04 1.000000000000000048e-04 1.000000000000000000e+00
-3.538999999999999702e+00 1.000000000000000048e-04 1.000000000000000048e-04 1.000000000000000000e+00
-3.538249999999999673e+00 1.000000000000000048e-04 1.000000000000000048e-04 1.000000000000000000e+00
-3.537499999999999645e+00 1.000000000000000048e-04 1.000000000000000048e-04 1.000000000000000000e+00
-3.536750000000000060e+00 1.000000000000000048e-04 1.000000000000000048e-04 1.000000000000000000e+00
-3.536000000000000032e+00 1.000000000000000048e-04 1.000000000000000048e-04 1.000000000000000000e+00
-3.535250000000000004e+00 1.000000000000000048e-04 1.000000000000000048e-04 1.000000000000000000e+00
-3.534499999999999975e+00 1.000000000000000048e-04 1.000000000000000048e-04 1.000000000000000000e+00
-3.533749999999999947e+00 1.000000000000000048e-04 1.000000000000000048e-04 1.000000000000000000e+00
-3.532999999999999918e+00 1.000000000000000048e-04 1.000000000000000048e-04 1.000000000000000000e+00
-3.532249999999999890e+00 1.000000000000000048e-04 1.000000000000000048e-04 1.000000000000000000e+00
-3.531499999999999861e+00 1.000000000000000048e-04 1.000000000000000048e-04 1.000000000000000000e+00
-3.530750000000000277e+00 1.000000000000000048e-04 1.000000000000000048e-04 1.000000000000000000e+00
-3.530000000000000249e+00 1.000000000000000048e-04 1.000000000000000048e-04 1.000000000000000000e+00
-3.529250000000000220e+00 1.000000000000000048e-04 1.000000000000000048e-04 1.000000000000000000e+00
-3.528500000000000192e+00 1.000000000000000048e-04 1.000000000000000048e-04 1.000000000000000000e+00
-3.527750000000000163e+00 1.000000000000000048e-04 1.000000000000000048e-04 1.000000000000000000e+00
-3.527000000000000135e+00 1.000000000000000048e-04 1.000000000000000048e-04 1.000000000000000000e+00
-3.526250000000000107e+00 1.000000000000000048e-04 1.000000000000000048e-04 1.000000000000000000e+00
-3.525500000000000078e+00 1.000000000000000048e-04 1.000000000000000048e-04 1.000000000000000000e+00
-3.524750000000000050e+00 1.000000000000000048e-04 1.000000000000000048e-04 1.000000000000000000e+00
-3.524000000000000021e+00 1.000000000000000048e-04 1.000000000000000048e-04 1.000000000000000000e+00
-3.523249999999999993e+00 1.000000000000000048e-04 1.000000000000000048e-04 1.000000000000000000e+00
-3.522499999999999964e+00 1.000000000000000048e-04 1.000000000000000048e-04 1.000000000000000000e+00
-3.521749999999999936e+00 1.000000000000000048e-04 1.000000000000000048e-04 1.000000000000000000e+00
-3.520999999999999908e+00 1.000000000000000048e-04 1.000000000000000048e-04 1.000000000000000000e+00
-3.520249999999999879e+00 1.000000000000000048e-04 1.000000000000000048e-04 1.000000000000000000e+00
-3.519499999999999851e+00 1.000000000000000048e-04 1.000000000000000048e-04 1.000000000000000000e+00
-3.518749999999999822e+00 1.000000000000000048e-04 1.000000000000000048e-04 1.000000000000000000e+00
-3.517999999999999794e+00 1.000000000000000048e-04 1.000000000000000048e-04 1.000000000000000000e+00
-3.517249999999999766e+00 1.000000000000000048e-04 1.000000000000000048e-04 1.000000000000000000e+00
-3.516499999999999737e+00 1.000000000000000048e-04 1.000000000000000048e-04 1.000000000000000000e+00
-3.515749999999999709e+00 1.000000000000000048e-04 1.000000000000000048e-04 1.000000000000000000e+00
-3.514999999999999680e+00 1.000000000000000048e-04 1.000000000000000048e-04 1.000000000000000000e+00
-3.514249999999999652e+00 1.000000000000000048e-04 1.000000000000000048e-04 1.000000000000000000e+00
-3.513500000000000068e+00 1.000000000000000048e-04 1.000000000000000048e-04 1.000000000000000000e+00
-3.512750000000000039e+00 1.000000000000000048e-04 1.000000000000000048e-04 1.000000000000000000e+00
-3.512000000000000011e+00 1.000000000000000048e-04 1.000000000000000048e-04 1.000000000000000000e+00
-3.511249999999999982e+00 1.000000000000000048e-04 1.000000000000000048e-04 1.000000000000000000e+00
-3.510499999999999954e+00 1.000000000000000048e-04 1.000000000000000048e-04 1.000000000000000000e+00
-3.509749999999999925e+00 1.000000000000000048e-04 1.000000000000000048e-04 1.000000000000000000e+00
-3.508999999999999897e+00 1.000000000000000048e-04 1.000000000000000048e-04 1.000000000000000000e+00
-3.508249999999999869e+00 1.000000000000000048e-04 1.000000000000000048e-04 1.000000000000000000e+00
-3.507500000000000284e+00 1.000000000000000048e-04 1.000000000000000048e-04 1.000000000000000000e+00
-3.506750000000000256e+00 1.000000000000000048e-04 1.000000000000000048e-04 1.000000000000000000e+00
-3.506000000000000227e+00 1.000000000000000048e-04 1.000000000000000048e-04 1.000000000000000000e+00
-3.505250000000000199e+00 1.000000000000000048e-04 1.000000000000000048e-04 1.000000000000000000e+00
-3.504500000000000171e+00 1.000000000000000048e-04 1.000000000000000048e-04 1.000000000000000000e+00
-3.503750000000000142e+00 1.000000000000000048e-04 1.000000000000000048e-04 1.000000000000000000e+00
-3.503000000000000114e+00 1.000000000000000048e-04 1.000000000000000048e-04 1.000000000000000000e+00
-3.502250000000000085e+00 1.000000000000000048e-04 1.000000000000000048e-04 1.000000000000000000e+00
-3.501500000000000057e+00 1.000000000000000048e-04 1.000000000000000048e-04 1.000000000000000000e+00
-3.500750000000000028e+00 1.000000000000000048e-04 1.000000000000000048e-04 1.000000000000000000e+00
-3.500000000000000000e+00 1.000000000000000048e-04 1.000000000000000048e-04 1.000000000000000000e+00
-3.499249999999999972e+00 1.000000000000000048e-04 1.000000000000000048e-04 1.000000000000000000e+00
-3.498499999999999943e+00 1.000000000000000048e-04 1.000000000000000048e-04 1.000000000000000000e+00
-3.497749999999999915e+00 1.000000000000000048e-04 1.000000000000000048e-04 1.000000000000000000e+00
-3.496999999999999886e+00 1.000000000000000048e-04 1.000000000000000048e-04 1.000000000000000000e+00
-3.496249999999999858e+00 1.000000000000000048e-04 1.000000000000000048e-04 1.000000000000000000e+00
-3.495499999999999829e+00 1.000000000000000048e-04 1.000000000000000048e-04 1.000000000000000000e+00
-3.494749999999999801e+00 1.000000000000000048e-04 1.000000000000000048e-04 1.000000000000000000e+00
-3.493999999999999773e+00 1.000000000000000048e-04 1.000000000000000048e-04 1.000000000000000000e+00
-3.493249999999999744e+00 1.000000000000000048e-04 1.000000000000000048e-04 1.000000000000000000e+00
-3.492499999999999716e+00 1.000000000000000048e-04 1.000000000000000048e-04 1.000000000000000000e+00
-3.491749999999999687e+00 1.000000000000000048e-04 1.000000000000000048e-04 1.000000000000000000e+00
-3.490999999999999659e+00 1.000000000000000048e-04 1.000000000000000048e-04 1.000000000000000000e+00
-3.490250000000000075e+00 1.000000000000000048e-04 1.000000000000000048e-04 1.000000000000000000e+00
-3.489500000000000046e+00 1.000000000000000048e-04 1.000000000000000048e-04 1.000000000000000000e+00
-3.488750000000000018e+00 1.000000000000000048e-04 1.000000000000000048e-04 1.000000000000000000e+00
-3.487999999999999989e+00 1.000000000000000048e-04 1.000000000000000048e-04 1.000000000000000000e+00
-3.487249999999999961e+00 1.000000000000000048e-04 1.000000000000000048e-04 1.000000000000000000e+00
-3.486499999999999932e+00 1.000000000000000048e-04 1.000000000000000048e-04 1.000000000000000000e+00
-3.485749999999999904e+00 1.000000000000000048e-04 1.000000000000000048e-04 1.000000000000000000e+00
-3.484999999999999876e+00 1.000000000000000048e-04 1.000000000000000048e-04 1.000000000000000000e+00
-3.484250000000000291e+00 1.000000000000000048e-04 1.000000000000000048e-04 1.000000000000000000e+00
-3.483500000000000263e+00 1.000000000000000048e-04 1.000000000000000048e-04 1.000000000000000000e+00
-3.482750000000000234e+00 1.000000000000000048e-04 1.000000000000000048e-04 1.000000000000000000e+00
-3.482000000000000206e+00 1.000000000000000048e-04 1.000000000000000048e-04 1.000000000000000000e+00
-3.481250000000000178e+00 1.000000000000000048e-04 1.000000000000000048e-04 1.000000000000000000e+00
-3.480500000000000149e+00 1.000000000000000048e-04 1.000000000000000048e-04 1.000000000000000000e+00
-3.479750000000000121e+00 1.000000000000000048e-04 1.000000000000000048e-04 1.000000000000000000e+00
-3.479000000000000092e+00 1.000000000000000048e-04 1.000000000000000048e-04 1.000000000000000000e+00
-3.478250000000000064e+00 1.000000000000000048e-04 1.000000000000000048e-04 1.000000000000000000e+00
-3.477500000000000036e+00 1.000000000000000048e-04 1.000000000000000048e-04 1.000000000000000000e+00
-3.476750000000000007e+00 1.000000000000000048e-04 1.000000000000000048e-04 1.000000000000000000e+00
-3.475999999999999979e+00 1.000000000000000048e-04 1.000000000000000048e-04 1.000000000000000000e+00
-3.475249999999999950e+00 1.000000000000000048e-04 1.000000000000000048e-04 1.000000000000000000e+00
-3.474499999999999922e+00 1.000000000000000048e-04 1.000000000000000048e-04 1.000000000000000000e+00
-3.473749999999999893e+00 1.000000000000000048e-04 1.000000000000000048e-04 1.000000000000000000e+00
-3.472999999999999865e+00 1.000000000000000048e-04 1.000000000000000048e-04 1.000000000000000000e+00
-3.472249999999999837e+00 1.000000000000000048e-04 1.000000000000000048e-04 1.000000000000000000e+00
-3.471499999999999808e+00 1.000000000000000048e-04 1.000000000000000048e-04 1.000000000000000000e+00
-3.470749999999999780e+00 1.000000000000000048e-04 1.000000000000000048e-04 1.000000000000000000e+00
-3.469999999999999751e+00 1.000000000000000048e-04 1.000000000000000048e-04 1.000000000000000000e+00
-3.469249999999999723e+00 1.000000000000000048e-04 1.000000000000000048e-04 1.000000000000000000e+00
-3.468499999999999694e+00 1.000000000000000048e-04 1.000000000000000048e-04 1.000000000000000000e+00
-3.467749999999999666e+00 1.000000000000000048e-04 1.000000000000000048e-04 1.000000000000000000e+00
-3.466999999999999638e+00 1.000000000000000048e-04 1.000000000000000048e-04 1.000000000000000000e+00
-3.466250000000000053e+00 1.000000000000000048e-04 1.000000000000000048e-04 1.000000000000000000e+00
-3.465500000000000025e+00 1.000000000000000048e-04 1.000000000000000048e-04 1.000000000000000000e+00
-3.464749999999999996e+00 1.000000000000000048e-04 1.000000000000000048e-04 1.000000000000000000e+00
-3.463999999999999968e+00 1.000000000000000048e-04 1.000000000000000048e-04 1.000000000000000000e+00
-3.463249999999999940e+00 1.000000000000000048e-04 1.000000000000000048e-04 1.000000000000000000e+00
-3.462499999999999911e+00 1.000000000000000048e-04 1.000000000000000048e-04 1.000000000000000000e+00
-3.461749999999999883e+00 1.000000000000000048e-04 1.000000000000000048e-04 1.000000000000000000e+00
-3.461000000000000298e+00 1.000000000000000048e-04 1.000000000000000048e-04 1.000000000000000000e+00
-3.460250000000000270e+00 1.000000000000000048e-04 1.000000000000000048e-04 1.000000000000000000e+00
-3.459500000000000242e+00 1.000000000000000048e-04 1.000000000000000048e-04 1.000000000000000000e+00
-3.458750000000000213e+00 1.000000000000000048e-04 1.000000000000000048e-04 1.000000000000000000e+00
-3.458000000000000185e+00 1.000000000000000048e-04 1.000000000000000048e-04 1.000000000000000000e+00
-3.457250000000000156e+00 1.000000000000000048e-04 1.000000000000000048e-04 1.000000000000000000e+00
-3.456500000000000128e+00 1.000000000000000048e-04 1.000000000000000048e-04 1.000000000000000000e+00
-3.455750000000000099e+00 1.000000000000000048e-04 1.000000000000000048e-04 1.000000000000000000e+00
-3.455000000000000071e+00 1.000000000000000048e-04 1.000000000000000048e-04 1.000000000000000000e+00
-3.454250000000000043e+00 1.000000000000000048e-04 1.000000000000000048e-04 1.000000000000000000e+00
-3.453500000000000014e+00 1.000000000000000048e-04 1.000000000000000048e-04 1.000000000000000000e+00
-3.452749999999999986e+00 1.000000000000000048e-04 1.000000000000000048e-04 1.000000000000000000e+00
-3.451999999999999957e+00 1.000000000000000048e-04 1.000000000000000048e-04 1.000000000000000000e+00
-3.451249999999999929e+00 1.000000000000000048e-04 1.000000000000000048e-04 1.000000000000000000e+00
-3.450499999999999901e+00 1.000000000000000048e-04 1.000000000000000048e-04 1.000000000000000000e+00
-3.449749999999999872e+00 1.000000000000000048e-04 1.000000000000000048e-04 1.000000000000000000e+00
-3.448999999999999844e+00 1.000000000000000048e-04 1.000000000000000048e-04 1.000000000000000000e+00
-3.448249999999999815e+00 1.000000000000000048e-04 1.000000000000000048e-04 1.000000000000000000e+00
-3.447499999999999787e+00 1.000000000000000048e-04 1.000000000000000048e-04 1.000000000000000000e+00
-3.446749999999999758e+00 1.000000000000000048e-04 1.000000000000000048e-04 1.000000000000000000e+00
-3.445999999999999730e+00 1.000000000000000048e-04 1.000000000000000048e-04 1.000000000000000000e+00
-3.445249999999999702e+00 1.000000000000000048e-04 1.000000000000000048e-04 1.000000000000000000e+00
-3.444499999999999673e+00 1.000000000000000048e-04 1.000000000000000048e-04 1.000000000000000000e+00
-3.443749999999999645e+00 1.000000000000000048e-04 1.000000000000000048e-04 1.000000000000000000e+00
-3.443000000000000060e+00 1.000000000000000048e-04 1.000000000000000048e-04 1.000000000000000000e+00
-3.442250000000000032e+00 1.000000000000000048e-04 1.000000000000000048e-04 1.000000000000000000e+00
-3.441500000000000004e+00 1.000000000000000048e-04 1.000000000000000048e-04 1.000000000000000000e+00
-3.440749999999999975e+00 1.000000000000000048e-04 1.000000000000000048e-04 1.000000000000000000e+00
-3.439999999999999947e+00 1.000000000000000048e-04 1.000000000000000048e-04 1.000000000000000000e+00
-3.439249999999999918e+00 1.000000000000000048e-04 1.000000000000000048e-04 1.000000000000000000e+00
-3.438499999999999890e+00 1.000000000000000048e-04 1.000000000000000048e-04 1.000000000000000000e+00
-3.437749999999999861e+00 1.000000000000000048e-04 1.000000000000000048e-04 1.000000000000000000e+00
-3.437000000000000277e+00 1.000000000000000048e-04 1.000000000000000048e-04 1.000000000000000000e+00
-3.436250000000000249e+00 1.000000000000000048e-04 1.000000000000000048e-04 1.000000000000000000e+00
-3.435500000000000220e+00 1.000000000000000048e-04 1.000000000000000048e-04 1.000000000000000000e+00
-3.434750000000000192e+00 1.000000000000000048e-04 1.000000000000000048e-04 1.000000000000000000e+00
-3.434000000000000163e+00 1.000000000000000048e-04 1.000000000000000048e-04 1.000000000000000000e+00
-3.433250000000000135e+00 1.000000000000000048e-04 1.000000000000000048e-04 1.000000000000000000e+00
-3.432500000000000107e+00 1.000000000000000048e-04 1.000000000000000048e-04 1.000000000000000000e+00
-3.431750000000000078e+00 1.000000000000000048e-04 1.000000000000000048e-04 1.000000000000000000e+00
-3.431000000000000050e+00 1.000000000000000048e-04 1.000000000000000048e-04 1.000000000000000000e+00
-3.430250000000000021e+00 1.000000000000000048e-04 1.000000000000000048e-04 1.000000000000000000e+00
-3.429499999999999993e+00 1.000000000000000048e-04 1.000000000000000048e-04 1.000000000000000000e+00
-3.428749999999999964e+00 1.000000000000000048e-04 1.000000000000000048e-04 1.000000000000000000e+00
-3.427999999999999936e+00 1.000000000000000048e-04 1.000000000000000048e-04 1.000000000000000000e+00
-3.427249999999999908e+00 1.000000000000000048e-04 1.000000000000000048e-04 1.000000000000000000e+00
-3.426499999999999879e+00 1.000000000000000048e-04 1.000000000000000048e-04 1.000000000000000000e+00
-3.425749999999999851e+00 1.000000000000000048e-04 1.000000000000000048e-04 1.000000000000000000e+00
-3.424999999999999822e+00 1.000000000000000048e-04 1.000000000000000048e-04 1.000000000000000000e+00
-3.424249999999999794e+00 1.000000000000000048e-04 1.000000000000000048e-04 1.000000000000000000e+00
-3.423499999999999766e+00 1.000000000000000048e-04 1.000000000000000048e-04 1.000000000000000000e+00
-3.422749999999999737e+00 1.000000000000000048e-04 1.000000000000000048e-04 1.000000000000000000e+00
-3.421999999999999709e+00 1.000000000000000048e-04 1.000000000000000048e-04 1.000000000000000000e+00
-3.421249999999999680e+00 1.000000000000000048e-04 1.000000000000000048e-04 1.000000000000000000e+00
-3.420499999999999652e+00 1.000000000000000048e-04 1.000000000000000048e-04 1.000000000000000000e+00
-3.419750000000000068e+00 1.000000000000000048e-04 1.000000000000000048e-04 1.000000000000000000e+00
-3.419000000000000039e+00 1.000000000000000048e-04 1.000000000000000048e-04 1.000000000000000000e+00
-3.418250000000000011e+00 1.000000000000000048e-04 1.000000000000000048e-04 1.000000000000000000e+00
-3.417499999999999982e+00 1.000000000000000048e-04 1.000000000000000048e-04 1.000000000000000000e+00
-3.416749999999999954e+00 1.000000000000000048e-04 1.000000000000000048e-04 1.000000000000000000e+00
-3.415999999999999925e+00 1.000000000000000048e-04 1.000000000000000048e-04 1.000000000000000000e+00
-3.415249999999999897e+00 1.000000000000000048e-04 1.000000000000000048e-04 1.000000000000000000e+00
-3.414499999999999869e+00 1.000000000000000048e-04 1.000000000000000048e-04 1.000000000000000000e+00
-3.413750000000000284e+00 1.000000000000000048e-04 1.000000000000000048e-04 1.000000000000000000e+00
-3.413000000000000256e+00 1.000000000000000048e-04 1.000000000000000048e-04 1.000000000000000000e+00
-3.412250000000000227e+00 1.000000000000000048e-04 1.000000000000000048e-04 1.000000000000000000e+00
-3.411500000000000199e+00 1.000000000000000048e-04 1.000000000000000048e-04 1.000000000000000000e+00
-3.410750000000000171e+00 1.000000000000000048e-04 1.000000000000000048e-04 1.000000000000000000e+00
-3.410000000000000142e+00 1.000000000000000048e-04 1.000000000000000048e-04 1.000000000000000000e+00
-3.409250000000000114e+00 1.000000000000000048e-04 1.000000000000000048e-04 1.000000000000000000e+00
-3.408500000000000085e+00 1.000000000000000048e-04 1.000000000000000048e-04 1.000000000000000000e+00
-3.407750000000000057e+00 1.000000000000000048e-04 1.000000000000000048e-04 1.000000000000000000e+00
-3.407000000000000028e+00 1.000000000000000048e-04 1.000000000000000048e-04 1.000000000000000000e+00
-3.406250000000000000e+00 1.000000000000000048e-04 1.000000000000000048e-04 1.000000000000000000e+00
-3.405499999999999972e+00 1.000000000000000048e-04 1.000000000000000048e-04 1.000000000000000000e+00
-3.404749999999999943e+00 1.000000000000000048e-04 1.000000000000000048e-04 1.000000000000000000e+00
-3.403999999999999915e+00 1.000000000000000048e-04 1.000000000000000048e-04 1.000000000000000000e+00
-3.403249999999999886e+00 1.000000000000000048e-04 1.000000000000000048e-04 1.000000000000000000e+00
-3.402499999999999858e+00 1.000000000000000048e-04 1.000000000000000048e-04 1.000000000000000000e+00
-3.401749999999999829e+00 1.000000000000000048e-04 1.000000000000000048e-04 1.000000000000000000e+00
-3.400999999999999801e+00 1.000000000000000048e-04 1.000000000000000048e-04 1.000000000000000000e+00
-3.400249999999999773e+00 1.000000000000000048e-04 1.000000000000000048e-04 1.000000000000000000e+00
-3.399499999999999744e+00 1.000000000000000048e-04 1.000000000000000048e-04 1.000000000000000000e+00
-3.398749999999999716e+00 1.000000000000000048e-04 1.000000000000000048e-04 1.000000000000000000e+00
-3.397999999999999687e+00 1.000000000000000048e-04 1.000000000000000048e-04 1.000000000000000000e+00
-3.397249999999999659e+00 1.000000000000000048e-04 1.000000000000000048e-04 1.000000000000000000e+00
-3.396500000000000075e+00 1.000000000000000048e-04 1.000000000000000048e-04 1.000000000000000000e+00
-3.395750000000000046e+00 1.000000000000000048e-04 1.000000000000000048e-04 1.000000000000000000e+00
-3.395000000000000018e+00 1.000000000000000048e-04 1.000000000000000048e-04 1.000000000000000000e+00
-3.394249999999999989e+00 1.000000000000000048e-04 1.000000000000000048e-04 1.000000000000000000e+00
-3.393499999999999961e+00 1.000000000000000048e-04 1.000000000000000048e-04 1.000000000000000000e+00
-3.392749999999999932e+00 1.000000000000000048e-04 1.000000000000000048e-04 1.000000000000000000e+00
-3.391999999999999904e+00 1.000000000000000048e-04 1.000000000000000048e-04 1.000000000000000000e+00
-3.391249999999999876e+00 1.000000000000000048e-04 1.000000000000000048e-04 1.000000000000000000e+00
-3.390500000000000291e+00 1.000000000000000048e-04 1.000000000000000048e-04 1.000000000000000000e+00
-3.389750000000000263e+00 1.000000000000000048e-04 1.000000000000000048e-04 1.000000000000000000e+00
-3.389000000000000234e+00 1.000000000000000048e-04 1.000000000000000048e-04 1.000000000000000000e+00
-3.388250000000000206e+00 1.000000000000000048e-04 1.000000000000000048e-04 1.000000000000000000e+00
-3.387500000000000178e+00 1.000000000000000048e-04 1.000000000000000048e-04 1.000000000000000000e+00
-3.386750000000000149e+00 1.000000000000000048e-04 1.000000000000000048e-04 1.000000000000000000e+00
-3.386000000000000121e+00 1.000000000000000048e-04 1.000000000000000048e-04 1.000000000000000000e+00
-3.385250000000000092e+00 1.000000000000000048e-04 1.000000000000000048e-04 1.000000000000000000e+00
-3.384500000000000064e+00 1.000000000000000048e-04 1.000000000000000048e-04 1.000000000000000000e+00
-3.383750000000000036e+00 1.000000000000000048e-04 1.000000000000000048e-04 1.000000000000000000e+00
-3.383000000000000007e+00 1.000000000000000048e-04 1.000000000000000048e-04 1.000000000000000000e+00
-3.382249999999999979e+00 1.000000000000000048e-04 1.000000000000000048e-04 1.000000000000000000e+00
-3.381499999999999950e+00 1.000000000000000048e-04 1.000000000000000048e-04 1.000000000000000000e+00
-3.380749999999999922e+00 1.000000000000000048e-04 1.000000000000000048e-04 1.000000000000000000e+00
-3.379999999999999893e+00 1.000000000000000048e-04 1.000000000000000048e-04 1.000000000000000000e+00
-3.379249999999999865e+00 1.000000000000000048e-04 1.000000000000000048e-04 1.000000000000000000e+00
-3.378499999999999837e+00 1.000000000000000048e-04 1.000000000000000048e-04 1.000000000000000000e+00
-3.377749999999999808e+00 1.000000000000000048e-04 1.000000000000000048e-04 1.000000000000000000e+00
-3.376999999999999780e+00 1.000000000000000048e-04 1.000000000000000048e-04 1.000000000000000000e+00
-3.376249999999999751e+00 1.000000000000000048e-04 1.000000000000000048e-04 1.000000000000000000e+00
-3.375499999999999723e+00 1.000000000000000048e-04 1.000000000000000048e-04 1.000000000000000000e+00
-3.374749999999999694e+00 1.000000000000000048e-04 1.000000000000000048e-04 1.000000000000000000e+00
-3.373999999999999666e+00 1.000000000000000048e-04 1.000000000000000048e-04 1.000000000000000000e+00
-3.373249999999999638e+00 1.000000000000000048e-04 1.000000000000000048e-04 1.000000000000000000e+00
-3.372500000000000053e+00 1.000000000000000048e-04 1.000000000000000048e-04 1.000000000000000000e+00
-3.371750000000000025e+00 1.000000000000000048e-04 1.000000000000000048e-04 1.000000000000000000e+00
-3.370999999999999996e+00 1.000000000000000048e-04 1.000000000000000048e-04 1.000000000000000000e+00
-3.370249999999999968e+00 1.000000000000000048e-04 1.000000000000000048e-04 1.000000000000000000e+00
-3.369499999999999940e+00 1.000000000000000048e-04 1.000000000000000048e-04 1.000000000000000000e+00
-3.368749999999999911e+00 1.000000000000000048e-04 1.000000000000000048e-04 1.000000000000000000e+00
-3.367999999999999883e+00 1.000000000000000048e-04 1.000000000000000048e-04 1.000000000000000000e+00
-3.367250000000000298e+00 1.000000000000000048e-04 1.000000000000000048e-04 1.000000000000000000e+00
-3.366500000000000270e+00 1.000000000000000048e-04 1.000000000000000048e-04 1.000000000000000000e+00
-3.365750000000000242e+00 1.000000000000000048e-04 1.000000000000000048e-04 1.000000000000000000e+00
-3.365000000000000213e+00 1.000000000000000048e-04 1.000000000000000048e-04 1.000000000000000000e+00
-3.364250000000000185e+00 1.000000000000000048e-04 1.000000000000000048e-04 1.000000000000000000e+00
-3.363500000000000156e+00 1.000000000000000048e-04 1.000000000000000048e-04 1.000000000000000000e+00
-3.362750000000000128e+00 1.000000000000000048e-04 1.000000000000000048e-04 1.000000000000000000e+00
-3.362000000000000099e+00 1.000000000000000048e-04 1.000000000000000048e-04 1.000000000000000000e+00
-3.361250000000000071e+00 1.000000000000000048e-04 1.000000000000000048e-04 1.000000000000000000e+00
-3.360500000000000043e+00 1.000000000000000048e-04 1.000000000000000048e-04 1.000000000000000000e+00
-3.359750000000000014e+00 1.000000000000000048e-04 1.000000000000000048e-04 1.000000000000000000e+00
-3.358999999999999986e+00 1.000000000000000048e-04 1.000000000000000048e-04 1.000000000000000000e+00
-3.358249999999999957e+00 1.000000000000000048e-04 1.000000000000000048e-04 1.000000000000000000e+00
-3.357499999999999929e+00 1.000000000000000048e-04 1.000000000000000048e-04 1.000000000000000000e+00
-3.356749999999999901e+00 1.000000000000000048e-04 1.000000000000000048e-04 1.000000000000000000e+00
-3.355999999999999872e+00 1.000000000000000048e-04 1.000000000000000048e-04 1.000000000000000000e+00
-3.355249999999999844e+00 1.000000000000000048e-04 1.000000000000000048e-04 1.000000000000000000e+00
-3.354499999999999815e+00 1.000000000000000048e-04 1.000000000000000048e-04 1.000000000000000000e+00
-3.353749999999999787e+00 1.000000000000000048e-04 1.000000000000000048e-04 1.000000000000000000e+00
-3.352999999999999758e+00 1.000000000000000048e-04 1.000000000000000048e-04 1.000000000000000000e+00
-3.352249999999999730e+00 1.000000000000000048e-04 1.000000000000000048e-04 1.000000000000000000e+00
-3.351499999999999702e+00 1.000000000000000048e-04 1.000000000000000048e-04 1.000000000000000000e+00
-3.350749999999999673e+00 1.000000000000000048e-04 1.000000000000000048e-04 1.000000000000000000e+00
-3.349999999999999645e+00 1.000000000000000048e-04 1.000000000000000048e-04 1.000000000000000000e+00
-3.349250000000000060e+00 1.000000000000000048e-04 1.000000000000000048e-04 1.000000000000000000e+00
-3.348500000000000032e+00 1.000000000000000048e-04 1.000000000000000048e-04 1.000000000000000000e+00
-3.347750000000000004e+00 1.000000000000000048e-04 1.000000000000000048e-04 1.000000000000000000e+00
-3.346999999999999975e+00 1.000000000000000048e-04 1.000000000000000048e-04 1.000000000000000000e+00
-3.346249999999999947e+00 1.000000000000000048e-04 1.000000000000000048e-04 1.000000000000000000e+00
-3.345499999999999918e+00 1.000000000000000048e-04 1.000000000000000048e-04 1.000000000000000000e+00
-3.344749999999999890e+00 1.000000000000000048e-04 1.000000000000000048e-04 1.000000000000000000e+00
-3.343999999999999861e+00 1.000000000000000048e-04 1.000000000000000048e-04 1.000000000000000000e+00
-3.343250000000000277e+00 1.000000000000000048e-04 1.000000000000000048e-04 1.000000000000000000e+00
-3.342500000000000249e+00 1.000000000000000048e-04 1.000000000000000048e-04 1.000000000000000000e+00
-3.341750000000000220e+00 1.000000000000000048e-04 1.000000000000000048e-04 1.000000000000000000e+00
-3.341000000000000192e+00 1.000000000000000048e-04 1.000000000000000048e-04 1.000000000000000000e+00
-3.340250000000000163e+00 1.000000000000000048e-04 1.000000000000000048e-04 1.000000000000000000e+00
-3.339500000000000135e+00 1.000000000000000048e-04 1.000000000000000048e-04 1.000000000000000000e+00
-3.338750000000000107e+00 1.000000000000000048e-04 1.000000000000000048e-04 1.000000000000000000e+00
-3.338000000000000078e+00 1.000000000000000048e-04 1.000000000000000048e-04 1.000000000000000000e+00
-3.337250000000000050e+00 1.000000000000000048e-04 1.000000000000000048e-04 1.000000000000000000e+00
-3.336500000000000021e+00 1.000000000000000048e-04 1.000000000000000048e-04 1.000000000000000000e+00
-3.335749999999999993e+00 1.000000000000000048e-04 1.000000000000000048e-04 1.000000000000000000e+00
-3.334999999999999964e+00 1.000000000000000048e-04 1.000000000000000048e-04 1.000000000000000000e+00
-3.334249999999999936e+00 1.000000000000000048e-04 1.000000000000000048e-04 1.000000000000000000e+00
-3.333499999999999908e+00 1.000000000000000048e-04 1.000000000000000048e-04 1.000000000000000000e+00
-3.332749999999999879e+00 1.000000000000000048e-04 1.000000000000000048e-04 1.000000000000000000e+00
-3.331999999999999851e+00 1.000000000000000048e-04 1.000000000000000048e-04 1.000000000000000000e+00
-3.331249999999999822e+00 1.000000000000000048e-04 1.000000000000000048e-04 1.000000000000000000e+00
-3.330499999999999794e+00 1.000000000000000048e-04 1.000000000000000048e-04 1.000000000000000000e+00
-3.329749999999999766e+00 1.000000000000000048e-04 1.000000000000000048e-04 1.000000000000000000e+00
-3.328999999999999737e+00 1.000000000000000048e-04 1.000000000000000048e-04 1.000000000000000000e+00
-3.328249999999999709e+00 1.000000000000000048e-04 1.000000000000000048e-04 1.000000000000000000e+00
-3.327499999999999680e+00 1.000000000000000048e-04 1.000000000000000048e-04 1.000000000000000000e+00
-3.326749999999999652e+00 1.000000000000000048e-04 1.000000000000000048e-04 1.000000000000000000e+00
-3.326000000000000068e+00 1.000000000000000048e-04 1.000000000000000048e-04 1.000000000000000000e+00
-3.325250000000000039e+00 1.000000000000000048e-04 1.000000000000000048e-04 1.000000000000000000e+00
-3.324500000000000011e+00 1.000000000000000048e-04 1.000000000000000048e-04 1.000000000000000000e+00
-3.323749999999999982e+00 1.000000000000000048e-04 1.000000000000000048e-04 1.000000000000000000e+00
-3.322999999999999954e+00 1.000000000000000048e-04 1.000000000000000048e-04 1.000000000000000000e+00
-3.322249999999999925e+00 1.000000000000000048e-04 1.000000000000000048e-04 1.000000000000000000e+00
-3.321499999999999897e+00 1.000000000000000048e-04 1.000000000000000048e-04 1.000000000000000000e+00
-3.320749999999999869e+00 1.000000000000000048e-04 1.000000000000000048e-04 1.000000000000000000e+00
-3.320000000000000284e+00 1.000000000000000048e-04 1.000000000000000048e-04 1.000000000000000000e+00
-3.319250000000000256e+00 1.000000000000000048e-04 1.000000000000000048e-04 1.000000000000000000e+00
-3.318500000000000227e+00 1.000000000000000048e-04 1.000000000000000048e-04 1.000000000000000000e+00
-3.317750000000000199e+00 1.000000000000000048e-04 1.000000000000000048e-04 1.000000000000000000e+00
-3.317000000000000171e+00 1.000000000000000048e-04 1.000000000000000048e-04 1.000000000000000000e+00
-3.316250000000000142e+00 1.000000000000000048e-04 1.000000000000000048e-04 1.000000000000000000e+00
-3.315500000000000114e+00 1.000000000000000048e-04 1.000000000000000048e-04 1.000000000000000000e+00
-3.314750000000000085e+00 1.000000000000000048e-04 1.000000000000000048e-04 1.000000000000000000e+00
-3.314000000000000057e+00 1.000000000000000048e-04 1.000000000000000048e-04 1.000000000000000000e+00
-3.313250000000000028e+00 1.000000000000000048e-04 1.000000000000000048e-04 1.000000000000000000e+00
-3.312500000000000000e+00 1.000000000000000048e-04 1.000000000000000048e-04 1.000000000000000000e+00
-3.311749999999999972e+00 1.000000000000000048e-04 1.000000000000000048e-04 1.000000000000000000e+00
-3.310999999999999943e+00 1.000000000000000048e-04 1.001184965985612560e-04 1.000000000000000000e+00
-3.310249999999999915e+00 1.000000000000000048e-04 1.002752677082907953e-04 1.000000000000000000e+00
-3.309499999999999886e+00 1.000000000000000048e-04 1.004322831142460260e-04 1.000000000000000000e+00
-3.308749999999999858e+00 1.000000000000000048e-04 1.005895431937004234e-04 1.000000000000000000e+00
-3.307999999999999829e+00 1.000000000000000048e-04 1.007470483244999221e-04 1.000000000000000000e+00
-3.307249999999999801e+00 1.000000000000000048e-04 1.009047988850638366e-04 1.000000000000000000e+00
-3.306499999999999773e+00 1.000000000000000048e-04 1.010627952543856209e-04 1.000000000000000000e+00
-3.305749999999999744e+00 1.000000000000000048e-04 1.012210378120338575e-04 1.000000000000000000e+00
-3.304999999999999716e+00 1.000000000000000048e-04 1.013795269381530435e-04 1.000000000000000000e+00
-3.304249999999999687e+00 1.000000000000000048e-04 1.015382630134642819e-04 1.000000000000000000e+00
-3.303499999999999659e+00 1.000000000000000048e-04 1.016972464192663793e-04 1.000000000000000000e+00
-3.302750000000000075e+00 1.000000000000000048e-04 1.018564775374363065e-04 1.000000000000000000e+00
-3.302000000000000046e+00 1.000000000000000048e-04 1.020159567504308522e-04 1.000000000000000000e+00
-3.301250000000000018e+00 1.000000000000000048e-04 1.021756844412862299e-04 1.000000000000000000e+00
-3.300499999999999989e+00 1.000000000000000048e-04 1.023356609936200835e-04 1.000000000000000000e+00
-3.299749999999999961e+00 1.000000000000000048e-04 1.024958867916317314e-04 1.000000000000000000e+00
-3.298999999999999932e+00 1.000000000000000048e-04 1.026563622201030068e-04 1.000000000000000000e+00
-3.298249999999999904e+00 1.000000000000000048e-04 1.028170876643995043e-04 1.000000000000000000e+00
-3.297499999999999876e+00 1.000000000000000048e-04 1.029780635104710410e-04 1.000000000000000000e+00
-3.296750000000000291e+00 1.000000000000000048e-04 1.031392901448524964e-04 1.000000000000000000e+00
-3.296000000000000263e+00 1.000000000000000048e-04 1.033007679546652088e-04 1.000000000000000000e+00
-3.295250000000000234e+00 1.000000000000000048e-04 1.034624973276171509e-04 1.000000000000000000e+00
-3.294500000000000206e+00 1.000000000000000048e-04 1.036244786520041365e-04 1.000000000000000000e+00
-3.293750000000000178e+00 1.000000000000000048e-04 1.037867123167107280e-04 1.000000000000000000e+00
-3.293000000000000149e+00 1.000000000000000048e-04 1.039491987112107656e-04 1.000000000000000000e+00
-3.292250000000000121e+00 1.000000000000000048e-04 1.041119382255686134e-04 1.000000000000000000e+00
-3.291500000000000092e+00 1.000000000000000048e-04 1.042749312504399596e-04 1.000000000000000000e+00
-3.290750000000000064e+00 1.000000000000000048e-04 1.044381781770723720e-04 1.000000000000000000e+00
-3.290000000000000036e+00 1.000000000000000048e-04 1.046016793973064766e-04 1.000000000000000000e+00
-3.289250000000000007e+00 1.000000000000000048e-04 1.047654353035767309e-04 1.000000000000000000e+00
-3.288499999999999979e+00 1.000000000000000048e-04 1.049294462889121957e-04 1.000000000000000000e+00
-3.287749999999999950e+00 1.000000000000000048e-04 1.050937127469375113e-04 1.000000000000000000e+00
-3.286999999999999922e+00 1.000000000000000048e-04 1.052582350718739409e-04 1.000000000000000000e+00
-3.286249999999999893e+00 1.000000000000000048e-04 1.054230136585396823e-04 1.000000000000000000e+00
-3.285499999999999865e+00 1.000000000000000048e-04 1.055880489023513857e-04 1.000000000000000000e+00
-3.284749999999999837e+00 1.000000000000000048e-04 1.057533411993246010e-04 1.000000000000000000e+00
-3.283999999999999808e+00 1.000000000000000048e-04 1.059188909460748217e-04 1.000000000000000000e+00
-3.283249999999999780e+00 1.000000000000000048e-04 1.060846985398183380e-04 1.000000000000000000e+00
-3.282499999999999751e+00 1.000000000000000048e-04 1.062507643783730640e-04 1.000000000000000000e+00
-3.281749999999999723e+00 1.000000000000000048e-04 1.064170888601594322e-04 1.000000000000000000e+00
-3.280999999999999694e+00 1.000000000000000048e-04 1.065836723842013690e-04 1.000000000000000000e+00
-3.280249999999999666e+00 1.000000000000000048e-04 1.067505153501270673e-04 1.000000000000000000e+00
-3.279499999999999638e+00 1.000000000000000048e-04 1.069176181581698540e-04 1.000000000000000000e+00
-3.278750000000000053e+00 1.000000000000000048e-04 1.070849812091691114e-04 1.000000000000000000e+00
-3.278000000000000025e+00 1.000000000000000048e-04 1.072526049045713207e-04 1.000000000000000000e+00
-3.277249999999999996e+00 1.000000000000000048e-04 1.074204896464305367e-04 1.000000000000000000e+00
-3.276499999999999968e+00 1.000000000000000048e-04 1.075886358374096748e-04 1.000000000000000000e+00
-3.275749999999999940e+00 1.000000000000000048e-04 1.077570438807811889e-04 1.000000000000000000e+00
-3.274999999999999911e+00 1.000000000000000048e-04 1.079257141804281693e-04 1.000000000000000000e+00
-3.274249999999999883e+00 1.000000000000000048e-04 1.080946471408447760e-04 1.000000000000000000e+00
-3.273499999999999854e+00 1.000000000000000048e-04 1.082638431671377569e-04 1.000000000000000000e+00
-3.272750000000000270e+00 1.000000000000000048e-04 1.084333026650265288e-04 1.000000000000000000e+00
-3.272000000000000242e+00 1.000000000000000048e-04 1.086030260408454005e-04 1.000000000000000000e+00
-3.271250000000000213e+00 1.000000000000000048e-04 1.087730137015427049e-04 1.000000000000000000e+00
-3.270500000000000185e+00 1.000000000000000048e-04 1.089432660546831711e-04 1.000000000000000000e+00
-3.269750000000000156e+00 1.000000000000000048e-04 1.091137835084481680e-04 1.000000000000000000e+00
-3.269000000000000128e+00 1.000000000000000048e-04 1.092845664716363959e-04 1.000000000000000000e+00
-3.268250000000000099e+00 1.000000000000000048e-04 1.094556153536654176e-04 1.000000000000000000e+00
-3.267500000000000071e+00 1.000000000000000048e-04 1.096269305645721870e-04 1.000000000000000000e+00
-3.266750000000000043e+00 1.000000000000000048e-04 1.097985125150137810e-04 1.000000000000000000e+00
-3.266000000000000014e+00 1.000000000000000048e-04 1.099703616162685921e-04 1.000000000000000000e+00
-3.265249999999999986e+00 1.000000000000000048e-04 1.101424782802373179e-04 1.000000000000000000e+00
-3.264499999999999957e+00 1.000000000000000048e-04 1.103148629194433808e-04 1.000000000000000000e+00
-3.263749999999999929e+00 1.000000000000000048e-04 1.104875159470343786e-04 1.000000000000000000e+00
-3.262999999999999901e+00 1.000000000000000048e-04 1.106604377767827618e-04 1.000000000000000000e+00
-3.262249999999999872e+00 1.000000000000000048e-04 1.108336288230865792e-04 1.000000000000000000e+00
-3.261499999999999844e+00 1.000000000000000048e-04 1.110070895009705619e-04 1.000000000000000000e+00
-3.260749999999999815e+00 1.000000000000000048e-04 1.111808202260870722e-04 1.000000000000000000e+00
-3.259999999999999787e+00 1.000000000000000048e-04 1.113548214147170657e-04 1.000000000000000000e+00
-3.259249999999999758e+00 1.000000000000000048e-04 1.115290934837707417e-04 1.000000000000000000e+00
-3.258499999999999730e+00 1.000000000000000048e-04 1.117036368507885735e-04 1.000000000000000000e+00
-3.257749999999999702e+00 1.000000000000000048e-04 1.118784519339424872e-04 1.000000000000000000e+00
-3.256999999999999673e+00 1.000000000000000048e-04 1.120535391520362142e-04 1.000000000000000000e+00
-3.256249999999999645e+00 1.000000000000000048e-04 1.122288989245068768e-04 1.000000000000000000e+00
-3.255500000000000060e+00 1.000000000000000048e-04 1.124045316714253405e-04 1.000000000000000000e+00
-3.254750000000000032e+00 1.000000000000000048e-04 1.125804378134975152e-04 1.000000000000000000e+00
-3.254000000000000004e+00 1.000000000000000048e-04 1.127566177720651277e-04 1.000000000000000000e+00
-3.253249999999999975e+00 1.000000000000000048e-04 1.129330719691065888e-04 1.000000000000000000e+00
-3.252499999999999947e+00 1.000000000000000048e-04 1.131098008272379287e-04 1.000000000000000000e+00
-3.251749999999999918e+00 1.000000000000000048e-04 1.132868047697138133e-04 1.000000000000000000e+00
-3.250999999999999890e+00 1.000000000000000048e-04 1.134640842204283980e-04 1.000000000000000000e+00
-3.250249999999999861e+00 1.000000000000000048e-04 1.136416396039165204e-04 1.000000000000000000e+00
-3.249500000000000277e+00 1.000000000000000048e-04 1.138194713453538089e-04 1.000000000000000000e+00
-3.248750000000000249e+00 1.000000000000000048e-04 1.139975798705589996e-04 1.000000000000000000e+00
-3.248000000000000220e+00 1.000000000000000048e-04 1.141759656059933677e-04 1.000000000000000000e+00
-3.247250000000000192e+00 1.000000000000000048e-04 1.143546289787627059e-04 1.000000000000000000e+00
-3.246500000000000163e+00 1.000000000000000048e-04 1.145335704166177988e-04 1.000000000000000000e+00
-3.245750000000000135e+00 1.000000000000000048e-04 1.147127903479554933e-04 1.000000000000000000e+00
-3.245000000000000107e+00 1.000000000000000048e-04 1.148922892018195666e-04 1.000000000000000000e+00
-3.244250000000000078e+00 1.000000000000000048e-04 1.150720674079017011e-04 1.000000000000000000e+00
-3.243500000000000050e+00 1.000000000000000048e-04 1.152521253965425830e-04 1.000000000000000000e+00
-3.242750000000000021e+00 1.000000000000000048e-04 1.154324635987323354e-04 1.000000000000000000e+00
-3.241999999999999993e+00 1.000000000000000048e-04 1.156130824461120907e-04 1.000000000000000000e+00
-3.241249999999999964e+00 1.000000000000000048e-04 1.157939823709747086e-04 1.000000000000000000e+00
-3.240499999999999936e+00 1.000000000000000048e-04 1.159751638062653050e-04 1.000000000000000000e+00
-3.239749999999999908e+00 1.000000000000000048e-04 1.161566271855828781e-04 1.000000000000000000e+00
-3.238999999999999879e+00 1.000000000000000048e-04 1.163383729431807556e-04 1.000000000000000000e+00
-3.238249999999999851e+00 1.000000000000000048e-04 1.165204015139677739e-04 1.000000000000000000e+00
-3.237499999999999822e+00 1.000000000000000048e-04 1.167027133335092268e-04 1.000000000000000000e+00
-3.236749999999999794e+00 1.000000000000000048e-04 1.168853088380276105e-04 1.000000000000000000e+00
-3.235999999999999766e+00 1.000000000000000048e-04 1.170681884644037354e-04 1.000000000000000000e+00
-3.235249999999999737e+00 1.000000000000000048e-04 1.172513526501777154e-04 1.000000000000000000e+00
-3.234499999999999709e+00 1.000000000000000048e-04 1.174348018335499161e-04 1.000000000000000000e+00
-3.233749999999999680e+00 1.000000000000000048e-04 1.176185364533817549e-04 1.000000000000000000e+00
-3.232999999999999652e+00 1.000000000000000048e-04 1.178025569491967037e-04 1.000000000000000000e+00
-3.232250000000000068e+00 1.000000000000000048e-04 1.179868637611813866e-04 1.000000000000000000e+00
-3.231500000000000039e+00 1.000000000000000048e-04 1.181714573301865151e-04 1.000000000000000000e+00
-3.230750000000000011e+00 1.000000000000000048e-04 1.183563380977277962e-04 1.000000000000000000e+00
-3.229999999999999982e+00 1.000000000000000048e-04 1.185415065059866233e-04 1.000000000000000000e+00
-3.229249999999999954e+00 1.000000000000000048e-04 1.187269629978115944e-04 1.000000000000000000e+00
-3.228499999999999925e+00 1.000000000000000048e-04 1.189127080167189186e-04 1.000000000000000000e+00
-3.227749999999999897e+00 1.000000000000000048e-04 1.190987420068938930e-04 1.000000000000000000e+00
-3.226999999999999869e+00 1.000000000000000048e-04 1.192850654131913097e-04 1.000000000000000000e+00
-3.226250000000000284e+00 1.000000000000000048e-04 1.194716786811369737e-04 1.000000000000000000e+00
-3.225500000000000256e+00 1.000000000000000048e-04 1.196585822569283937e-04 1.000000000000000000e+00
-3.224750000000000227e+00 1.000000000000000048e-04 1.198457765874358122e-04 1.000000000000000000e+00
-3.224000000000000199e+00 1.000000000000000048e-04 1.200332621202028835e-04 1.000000000000000000e+00
-3.223250000000000171e+00 1.000000000000000048e-04 1.202210393034481233e-04 1.000000000000000000e+00
-3.222500000000000142e+00 1.000000000000000048e-04 1.204091085860657087e-04 1.000000000000000000e+00
-3.221750000000000114e+00 1.000000000000000048e-04 1.205974704176261691e-04 1.000000000000000000e+00
-3.221000000000000085e+00 1.000000000000000048e-04 1.207861252483778772e-04 1.000000000000000000e+00
-3.220250000000000057e+00 1.000000000000000048e-04 1.209750735292476452e-04 1.000000000000000000e+00
-3.219500000000000028e+00 1.000000000000000048e-04 1.211643157118416734e-04 1.000000000000000000e+00
-3.218750000000000000e+00 1.000000000000000048e-04 1.213538522484468378e-04 1.000000000000000000e+00
-3.217999999999999972e+00 1.000000000000000048e-04 1.215436835920313677e-04 1.000000000000000000e+00
-3.217249999999999943e+00 1.000000000000000048e-04 1.217338101962461199e-04 1.000000000000000000e+00
-3.216499999999999915e+00 1.000000000000000048e-04 1.219242325154252691e-04 1.000000000000000000e+00
-3.215749999999999886e+00 1.000000000000000048e-04 1.221149510045873795e-04 1.000000000000000000e+00
-3.214999999999999858e+00 1.000000000000000048e-04 1.223059661194366105e-04 1.000000000000000000e+00
-3.214249999999999829e+00 1.000000000000000048e-04 1.224972783163633127e-04 1.000000000000000000e+00
-3.213499999999999801e+00 1.000000000000000048e-04 1.226888880524454111e-04 1.000000000000000000e+00
-3.212749999999999773e+00 1.000000000000000048e-04 1.228807957854490278e-04 1.000000000000000000e+00
-3.211999999999999744e+00 1.000000000000000048e-04 1.230730019738299728e-04 1.000000000000000000e+00
-3.211249999999999716e+00 1.000000000000000048e-04 1.232655070767340699e-04 1.000000000000000000e+00
-3.210499999999999687e+00 1.000000000000000048e-04 1.234583115539985925e-04 1.000000000000000000e+00
-3.209749999999999659e+00 1.000000000000000048e-04 1.236514158661533211e-04 1.000000000000000000e+00
-3.208999999999999631e+00 1.000000000000000048e-04 1.238448204744212753e-04 1.000000000000000000e+00
-3.208250000000000046e+00 1.000000000000000048e-04 1.240385258407196347e-04 1.000000000000000000e+00
-3.207500000000000018e+00 1.000000000000000048e-04 1.242325324276614745e-04 1.000000000000000000e+00
-3.206749999999999989e+00 1.000000000000000048e-04 1.244268406985556293e-04 1.000000000000000000e+00
-3.205999999999999961e+00 1.000000000000000048e-04 1.246214511174085907e-04 1.000000000000000000e+00
-3.205249999999999932e+00 1.000000000000000048e-04 1.248163641489251038e-04 1.000000000000000000e+00
-3.204499999999999904e+00 1.000000000000000048e-04 1.250115802585091967e-04 1.000000000000000000e+00
-3.203749999999999876e+00 1.000000000000000048e-04 1.252070999122653736e-04 1.000000000000000000e+00
-3.203000000000000291e+00 1.000000000000000048e-04 1.254029235769994820e-04 1.000000000000000000e+00
-3.202250000000000263e+00 1.000000000000000048e-04 1.255990517202197967e-04 1.000000000000000000e+00
-3.201500000000000234e+00 1.000000000000000048e-04 1.257954848101378064e-04 1.000000000000000000e+00
-3.200750000000000206e+00 1.000000000000000048e-04 1.259922233156695139e-04 1.000000000000000000e+00
-3.200000000000000178e+00 1.000000000000000048e-04 1.261892677064363586e-04 1.000000000000000000e+00
-3.199250000000000149e+00 1.000000000000000048e-04 1.263866184527658932e-04 1.000000000000000000e+00
-3.198500000000000121e+00 1.000000000000000048e-04 1.265842760256936277e-04 1.000000000000000000e+00
-3.197750000000000092e+00 1.000000000000000048e-04 1.267822408969630560e-04 1.000000000000000000e+00
-3.197000000000000064e+00 1.000000000000000048e-04 1.269805135390272822e-04 1.000000000000000000e+00
-3.196250000000000036e+00 1.000000000000000048e-04 1.271790944250499424e-04 1.000000000000000000e+00
-3.195500000000000007e+00 1.000000000000000048e-04 1.273779840289062076e-04 1.000000000000000000e+00
-3.194749999999999979e+00 1.000000000000000048e-04 1.275771828251835694e-04 1.000000000000000000e+00
-3.193999999999999950e+00 1.000000000000000048e-04 1.277766912891831685e-04 1.000000000000000000e+00
-3.193249999999999922e+00 1.000000000000000048e-04 1.279765098969209058e-04 1.000000000000000000e+00
-3.192499999999999893e+00 1.000000000000000048e-04 1.281766391251278221e-04 1.000000000000000000e+00
-3.191749999999999865e+00 1.000000000000000048e-04 1.283770794512519953e-04 1.000000000000000000e+00
-3.190999999999999837e+00 1.000000000000000048e-04 1.285778313534589466e-04 1.000000000000000000e+00
-3.190249999999999808e+00 1.000000000000000048e-04 1.287788953106329968e-04 1.000000000000000000e+00
-3.189499999999999780e+00 1.000000000000000048e-04 1.289802718023778613e-04 1.000000000000000000e+00
-3.188749999999999751e+00 1.000000000000000048e-04 1.291819613090184401e-04 1.000000000000000000e+00
-3.187999999999999723e+00 1.000000000000000048e-04 1.293839643116009256e-04 1.000000000000000000e+00
-3.187249999999999694e+00 1.000000000000000048e-04 1.295862812918946731e-04 1.000000000000000000e+00
-3.186499999999999666e+00 1.000000000000000048e-04 1.297889127323926346e-04 1.000000000000000000e+00
-3.185749999999999638e+00 1.000000000000000048e-04 1.299918591163127949e-04 1.000000000000000000e+00
-3.185000000000000053e+00 1.000000000000000048e-04 1.301951209275988496e-04 1.000000000000000000e+00
-3.184250000000000025e+00 1.000000000000000048e-04 1.303986986509216961e-04 1.000000000000000000e+00
-3.183499999999999996e+00 1.000000000000000048e-04 1.306025927716800833e-04 1.000000000000000000e+00
-3.182749999999999968e+00 1.000000000000000048e-04 1.308068037760016968e-04 1.000000000000000000e+00
-3.181999999999999940e+00 1.000000000000000048e-04 1.310113321507444593e-04 1.000000000000000000e+00
-3.181249999999999911e+00 1.000000000000000048e-04 1.312161783834970999e-04 1.000000000000000000e+00
-3.180499999999999883e+00 1.000000000000000048e-04 1.314213429625810516e-04 1.000000000000000000e+00
-3.179749999999999854e+00 1.000000000000000048e-04 1.316268263770502614e-04 1.000000000000000000e+00
-3.179000000000000270e+00 1.000000000000000048e-04 1.318326291166935216e-04 1.000000000000000000e+00
-3.178250000000000242e+00 1.000000000000000048e-04 1.320387516720346864e-04 1.000000000000000000e+00
-3.177500000000000213e+00 1.000000000000000048e-04 1.322451945343340542e-04 1.000000000000000000e+00
-3.176750000000000185e+00 1.000000000000000048e-04 1.324519581955891268e-04 1.000000000000000000e+00
-3.176000000000000156e+00 1.000000000000000048e-04 1.326590431485359374e-04 1.000000000000000000e+00
-3.175250000000000128e+00 1.000000000000000048e-04 1.328664498866502161e-04 1.000000000000000000e+00
-3.174500000000000099e+00 1.000000000000000048e-04 1.330741789041481218e-04 1.000000000000000000e+00
-3.173750000000000071e+00 1.000000000000000048e-04 1.332822306959873806e-04 1.000000000000000000e+00
-3.173000000000000043e+00 1.000000000000000048e-04 1.334906057578685054e-04 1.000000000000000000e+00
-3.172250000000000014e+00 1.000000000000000048e-04 1.336993045862357719e-04 1.000000000000000000e+00
-3.171499999999999986e+00 1.000000000000000048e-04 1.339083276782781400e-04 1.000000000000000000e+00
-3.170749999999999957e+00 1.000000000000000048e-04 1.341176755319305820e-04 1.000000000000000000e+00
-3.169999999999999929e+00 1.000000000000000048e-04 1.343273486458749502e-04 1.000000000000000000e+00
-3.169249999999999901e+00 1.000000000000000048e-04 1.345373475195410604e-04 1.000000000000000000e+00
-3.168499999999999872e+00 1.000000000000000048e-04 1.347476726531079126e-04 1.000000000000000000e+00
-3.167749999999999844e+00 1.000000000000000048e-04 1.349583245475044220e-04 1.000000000000000000e+00
-3.166999999999999815e+00 1.000000000000000048e-04 1.351693037044109915e-04 1.000000000000000000e+00
-3.166249999999999787e+00 1.000000000000000048e-04 1.353806106262600811e-04 1.000000000000000000e+00
-3.165499999999999758e+00 1.000000000000000048e-04 1.355922458162375896e-04 1.000000000000000000e+00
-3.164749999999999730e+00 1.000000000000000048e-04 1.358042097782838310e-04 1.000000000000000000e+00
-3.163999999999999702e+00 1.000000000000000048e-04 1.360165030170945913e-04 1.000000000000000000e+00
-3.163249999999999673e+00 1.000000000000000048e-04 1.362291260381223214e-04 1.000000000000000000e+00
-3.162499999999999645e+00 1.000000000000000048e-04 1.364420793475769496e-04 1.000000000000000000e+00
-3.161750000000000060e+00 1.000000000000000048e-04 1.366553634524271836e-04 1.000000000000000000e+00
-3.161000000000000032e+00 1.000000000000000048e-04 1.368689788604018920e-04 1.000000000000000000e+00
-3.160250000000000004e+00 1.000000000000000048e-04 1.370829260799903216e-04 1.000000000000000000e+00
-3.159499999999999975e+00 1.000000000000000048e-04 1.372972056204440218e-04 1.000000000000000000e+00
-3.158749999999999947e+00 1.000000000000000048e-04 1.375118179917774949e-04 1.000000000000000000e+00
-3.157999999999999918e+00 1.000000000000000048e-04 1.377267637047692808e-04 1.000000000000000000e+00
-3.157249999999999890e+00 1.000000000000000048e-04 1.379420432709633387e-04 1.000000000000000000e+00
-3.156499999999999861e+00 1.000000000000000048e-04 1.381576572026698606e-04 1.000000000000000000e+00
-3.155750000000000277e+00 1.000000000000000048e-04 1.383736060129662473e-04 1.000000000000000000e+00
-3.155000000000000249e+00 1.000000000000000048e-04 1.385898902156991951e-04 1.000000000000000000e+00
-3.154250000000000220e+00 1.000000000000000048e-04 1.388065103254839912e-04 1.000000000000000000e+00
-3.153500000000000192e+00 1.000000000000000048e-04 1.390234668577071701e-04 1.000000000000000000e+00
-3.152750000000000163e+00 1.000000000000000048e-04 1.392407603285268657e-04 1.000000000000000000e+00
-3.152000000000000135e+00 1.000000000000000048e-04 1.394583912548741399e-04 1.000000000000000000e+00
-3.151250000000000107e+00 1.000000000000000048e-04 1.396763601544541477e-04 1.000000000000000000e+00
-3.150500000000000078e+00 1.000000000000000048e-04 1.398946675457470317e-04 1.000000000000000000e+00
-3.149750000000000050e+00 1.000000000000000048e-04 1.401133139480090065e-04 1.000000000000000000e+00
-3.149000000000000021e+00 1.000000000000000048e-04 1.403322998812737412e-04 1.000000000000000000e+00
-3.148249999999999993e+00 1.000000000000000048e-04 1.405516258663532534e-04 1.000000000000000000e+00
-3.147499999999999964e+00 1.000000000000000048e-04 1.407712924248388851e-04 1.000000000000000000e+00
-3.146749999999999936e+00 1.000000000000000048e-04 1.409913000791028481e-04 1.000000000000000000e+00
-3.145999999999999908e+00 1.000000000000000048e-04 1.412116493522989013e-04 1.000000000000000000e+00
-3.145249999999999879e+00 1.000000000000000048e-04 1.414323407683635973e-04 1.000000000000000000e+00
-3.144499999999999851e+00 1.000000000000000048e-04 1.416533748520174755e-04 1.000000000000000000e+00
-3.143749999999999822e+00 1.000000000000000048e-04 1.418747521287660649e-04 1.000000000000000000e+00
-3.142999999999999794e+00 1.000000000000000048e-04 1.420964731249010763e-04 1.000000000000000000e+00
-3.142249999999999766e+00 1.000000000000000048e-04 1.423185383675015683e-04 1.000000000000000000e+00
-3.141499999999999737e+00 1.000000000000000048e-04 1.425409483844347061e-04 1.000000000000000000e+00
-3.140749999999999709e+00 1.000000000000000048e-04 1.427637037043575231e-04 1.000000000000000000e+00
-3.139999999999999680e+00 1.000000000000000048e-04 1.429868048567174363e-04 1.000000000000000000e+00
-3.139249999999999652e+00 1.000000000000000048e-04 1.432102523717536011e-04 1.000000000000000000e+00
-3.138500000000000068e+00 1.000000000000000048e-04 1.434340467804978334e-04 1.000000000000000000e+00
-3.137750000000000039e+00 1.000000000000000048e-04 1.436581886147766420e-04 1.000000000000000000e+00
-3.137000000000000011e+00 1.000000000000000048e-04 1.438826784072109847e-04 1.000000000000000000e+00
-3.136249999999999982e+00 1.000000000000000048e-04 1.441075166912181391e-04 1.000000000000000000e+00
-3.135499999999999954e+00 1.000000000000000048e-04 1.443327040010128944e-04 1.000000000000000000e+00
-3.134749999999999925e+00 1.000000000000000048e-04 1.445582408716085008e-04 1.000000000000000000e+00
-3.133999999999999897e+00 1.000000000000000048e-04 1.447841278388176719e-04 1.000000000000000000e+00
-3.133249999999999869e+00 1.000000000000000048e-04 1.450103654392540214e-04 1.000000000000000000e+00
-3.132500000000000284e+00 1.000000000000000048e-04 1.452369542103330391e-04 1.000000000000000000e+00
-3.131750000000000256e+00 1.000000000000000048e-04 1.454638946902733104e-04 1.000000000000000000e+00
-3.131000000000000227e+00 1.000000000000000048e-04 1.456911874180972209e-04 1.000000000000000000e+00
-3.130250000000000199e+00 1.000000000000000048e-04 1.459188329336328813e-04 1.000000000000000000e+00
-3.129500000000000171e+00 1.000000000000000048e-04 1.461468317775145066e-04 1.000000000000000000e+00
-3.128750000000000142e+00 1.000000000000000048e-04 1.463751844911840422e-04 1.000000000000000000e+00
-3.128000000000000114e+00 1.000000000000000048e-04 1.466038916168919775e-04 1.000000000000000000e+00
-3.127250000000000085e+00 1.000000000000000048e-04 1.468329536976988904e-04 1.000000000000000000e+00
-3.126500000000000057e+00 1.000000000000000048e-04 1.470623712774761526e-04 1.000000000000000000e+00
-3.125750000000000028e+00 1.000000000000000048e-04 1.472921449009072844e-04 1.000000000000000000e+00
-3.125000000000000000e+00 1.000000000000000048e-04 1.475222751134892016e-04 1.000000000000000000e+00
-3.124249999999999972e+00 1.000000000000000048e-04 1.477527624615331101e-04 1.000000000000000000e+00
-3.123499999999999943e+00 1.000000000000000048e-04 1.479836074921658882e-04 1.000000000000000000e+00
-3.122749999999999915e+00 1.000000000000000048e-04 1.482148107533312251e-04 1.000000000000000000e+00
-3.121999999999999886e+00 1.000000000000000048e-04 1.484463727937904609e-04 1.000000000000000000e+00
-3.121249999999999858e+00 1.000000000000000048e-04 1.486782941631240506e-04 1.000000000000000000e+00
-3.120499999999999829e+00 1.000000000000000048e-04 1.489105754117328920e-04 1.000000000000000000e+00
-3.119749999999999801e+00 1.000000000000000048e-04 1.491432170908389763e-04 1.000000000000000000e+00
-3.118999999999999773e+00 1.000000000000000048e-04 1.493762197524867164e-04 1.000000000000000000e+00
-3.118249999999999744e+00 1.000000000000000048e-04 1.496095839495444372e-04 1.000000000000000000e+00
-3.117499999999999716e+00 1.000000000000000048e-04 1.498433102357050540e-04 1.000000000000000000e+00
-3.116749999999999687e+00 1.000000000000000048e-04 1.500773991654878335e-04 1.000000000000000000e+00
-3.115999999999999659e+00 1.000000000000000048e-04 1.503118512942385300e-04 1.000000000000000000e+00
-3.115249999999999631e+00 1.000000000000000048e-04 1.505466671781321498e-04 1.000000000000000000e+00
-3.114500000000000046e+00 1.000000000000000048e-04 1.507818473741721107e-04 1.000000000000000000e+00
-3.113750000000000018e+00 1.000000000000000048e-04 1.510173924401935494e-04 1.000000000000000000e+00
-3.112999999999999989e+00 1.000000000000000048e-04 1.512533029348626435e-04 1.000000000000000000e+00
-3.112249999999999961e+00 1.000000000000000048e-04 1.514895794176789154e-04 1.000000000000000000e+00
-3.111499999999999932e+00 1.000000000000000048e-04 1.517262224489758558e-04 1.000000000000000000e+00
-3.110749999999999904e+00 1.000000000000000048e-04 1.519632325899223605e-04 1.000000000000000000e+00
-3.109999999999999876e+00 1.000000000000000048e-04 1.522006104025240309e-04 1.000000000000000000e+00
-3.109250000000000291e+00 1.000000000000000048e-04 1.524383564496236895e-04 1.000000000000000000e+00
-3.108500000000000263e+00 1.000000000000000048e-04 1.526764712949035753e-04 1.000000000000000000e+00
-3.107750000000000234e+00 1.000000000000000048e-04 1.529149555028857231e-04 1.000000000000000000e+00
-3.107000000000000206e+00 1.000000000000000048e-04 1.531538096389332645e-04 1.000000000000000000e+00
-3.106250000000000178e+00 1.000000000000000048e-04 1.533930342692517836e-04 1.000000000000000000e+00
-3.105500000000000149e+00 1.000000000000000048e-04 1.536326299608906717e-04 1.000000000000000000e+00
-3.104750000000000121e+00 1.000000000000000048e-04 1.538725972817439136e-04 1.000000000000000000e+00
-3.104000000000000092e+00 1.000000000000000048e-04 1.541129368005511992e-04 1.000000000000000000e+00
-3.103250000000000064e+00 1.000000000000000048e-04 1.543536490869000641e-04 1.000000000000000000e+00
-3.102500000000000036e+00 1.000000000000000048e-04 1.545947347112257547e-04 1.000000000000000000e+00
-3.101750000000000007e+00 1.000000000000000048e-04 1.548361942448131523e-04 1.000000000000000000e+00
-3.100999999999999979e+00 1.000000000000000048e-04 1.550780282597980203e-04 1.000000000000000000e+00
-3.100249999999999950e+00 1.000000000000000048e-04 1.553202373291679523e-04 1.000000000000000000e+00
-3.099499999999999922e+00 1.000000000000000048e-04 1.555628220267636739e-04 1.000000000000000000e+00
-3.098749999999999893e+00 1.000000000000000048e-04 1.558057829272802345e-04 1.000000000000000000e+00
-3.097999999999999865e+00 1.000000000000000048e-04 1.560491206062680108e-04 1.000000000000000000e+00
-3.097249999999999837e+00 1.000000000000000048e-04 1.562928356401343058e-04 1.000000000000000000e+00
-3.096499999999999808e+00 1.000000000000000048e-04 1.565369286061442432e-04 1.000000000000000000e+00
-3.095749999999999780e+00 1.000000000000000048e-04 1.567814000824220143e-04 1.000000000000000000e+00
-3.094999999999999751e+00 1.000000000000000048e-04 1.570262506479520707e-04 1.000000000000000000e+00
-3.094249999999999723e+00 1.000000000000000048e-04 1.572714808825804794e-04 1.000000000000000000e+00
-3.093499999999999694e+00 1.000000000000000048e-04 1.575170913670159527e-04 1.000000000000000000e+00
-3.092749999999999666e+00 1.000000000000000048e-04 1.577630826828311768e-04 1.000000000000000000e+00
-3.091999999999999638e+00 1.000000000000000048e-04 1.580094554124640040e-04 1.000000000000000000e+00
-3.091250000000000053e+00 1.000000000000000048e-04 1.582562101392181574e-04 1.000000000000000000e+00
-3.090500000000000025e+00 1.000000000000000048e-04 1.585033474472659148e-04 1.000000000000000000e+00
-3.089749999999999996e+00 1.000000000000000048e-04 1.587508679216474033e-04 1.000000000000000000e+00
-3.088999999999999968e+00 1.000000000000000048e-04 1.589987721482732019e-04 1.000000000000000000e+00
-3.088249999999999940e+00 1.000000000000000048e-04 1.592470607139249376e-04 1.000000000000000000e+00
-3.087499999999999911e+00 1.000000000000000048e-04 1.594957342062564779e-04 1.000000000000000000e+00
-3.086749999999999883e+00 1.000000000000000048e-04 1.597447932137957744e-04 1.000000000000000000e+00
-3.085999999999999854e+00 1.000000000000000048e-04 1.599942383259452417e-04 1.000000000000000000e+00
-3.085250000000000270e+00 1.000000000000000048e-04 1.602440701329834382e-04 1.000000000000000000e+00
-3.084500000000000242e+00 1.000000000000000048e-04 1.604942892260664486e-04 1.000000000000000000e+00
-3.083750000000000213e+00 1.000000000000000048e-04 1.607448961972287238e-04 1.000000000000000000e+00
-3.083000000000000185e+00 1.000000000000000048e-04 1.609958916393844093e-04 1.000000000000000000e+00
-3.082250000000000156e+00 1.000000000000000048e-04 1.612472761463288088e-04 1.000000000000000000e+00
-3.081500000000000128e+00 1.000000000000000048e-04 1.614990503127392517e-04 1.000000000000000000e+00
-3.080750000000000099e+00 1.000000000000000048e-04 1.617512147341765836e-04 1.000000000000000000e+00
-3.080000000000000071e+00 1.000000000000000048e-04 1.620037700070863862e-04 1.000000000000000000e+00
-3.079250000000000043e+00 1.000000000000000048e-04 1.622567167288001429e-04 1.000000000000000000e+00
-3.078500000000000014e+00 1.000000000000000048e-04 1.625100554975363498e-04 1.000000000000000000e+00
-3.077749999999999986e+00 1.000000000000000048e-04 1.627637869124021154e-04 1.000000000000000000e+00
-3.076999999999999957e+00 1.000000000000000048e-04 1.630179115733938104e-04 1.000000000000000000e+00
-3.076249999999999929e+00 1.000000000000000048e-04 1.632724300813991286e-04 1.000000000000000000e+00
-3.075499999999999901e+00 1.000000000000000048e-04 1.635273430381973571e-04 1.000000000000000000e+00
-3.074749999999999872e+00 1.000000000000000048e-04 1.637826510464616264e-04 1.000000000000000000e+00
-3.073999999999999844e+00 1.000000000000000048e-04 1.640383547097593443e-04 1.000000000000000000e+00
-3.073249999999999815e+00 1.000000000000000048e-04 1.642944546325537404e-04 1.000000000000000000e+00
-3.072499999999999787e+00 1.000000000000000048e-04 1.645509514202053031e-04 1.000000000000000000e+00
-3.071749999999999758e+00 1.000000000000000048e-04 1.648078456789726465e-04 1.000000000000000000e+00
-3.070999999999999730e+00 1.000000000000000048e-04 1.650651380160142456e-04 1.000000000000000000e+00
-3.070249999999999702e+00 1.000000000000000048e-04 1.653228290393890596e-04 1.000000000000000000e+00
-3.069499999999999673e+00 1.000000000000000048e-04 1.655809193580582664e-04 1.000000000000000000e+00
-3.068749999999999645e+00 1.000000000000000048e-04 1.658394095818866722e-04 1.000000000000000000e+00
-3.068000000000000060e+00 1.000000000000000048e-04 1.660983003216429013e-04 1.000000000000000000e+00
-3.067250000000000032e+00 1.000000000000000048e-04 1.663575921890024587e-04 1.000000000000000000e+00
-3.066500000000000004e+00 1.000000000000000048e-04 1.666172857965471886e-04 1.000000000000000000e+00
-3.065749999999999975e+00 1.000000000000000048e-04 1.668773817577676047e-04 1.000000000000000000e+00
-3.064999999999999947e+00 1.000000000000000048e-04 1.671378806870638394e-04 1.000000000000000000e+00
-3.064249999999999918e+00 1.000000000000000048e-04 1.673987831997467818e-04 1.000000000000000000e+00
-3.063499999999999890e+00 1.000000000000000048e-04 1.676600899120396233e-04 1.000000000000000000e+00
-3.062749999999999861e+00 1.000000000000000048e-04 1.679218014410788868e-04 1.000000000000000000e+00
-3.062000000000000277e+00 1.000000000000000048e-04 1.681839184049157014e-04 1.000000000000000000e+00
-3.061250000000000249e+00 1.000000000000000048e-04 1.684464414225175094e-04 1.000000000000000000e+00
-3.060500000000000220e+00 1.000000000000000048e-04 1.687093711137686901e-04 1.000000000000000000e+00
-3.059750000000000192e+00 1.000000000000000048e-04 1.689727080994720505e-04 1.000000000000000000e+00
-3.059000000000000163e+00 1.000000000000000048e-04 1.692364530013504786e-04 1.000000000000000000e+00
-3.058250000000000135e+00 1.000000000000000048e-04 1.695006064420476752e-04 1.000000000000000000e+00
-3.057500000000000107e+00 1.000000000000000048e-04 1.697651690451295909e-04 1.000000000000000000e+00
-3.056750000000000078e+00 1.000000000000000048e-04 1.700301414350861059e-04 1.000000000000000000e+00
-3.056000000000000050e+00 1.000000000000000048e-04 1.702955242373315457e-04 1.000000000000000000e+00
-3.055250000000000021e+00 1.000000000000000048e-04 1.705613180782069574e-04 1.000000000000000000e+00
-3.054499999999999993e+00 1.000000000000000048e-04 1.708275235849803539e-04 1.000000000000000000e+00
-3.053749999999999964e+00 1.000000000000000048e-04 1.710941413858487468e-04 1.000000000000000000e+00
-3.052999999999999936e+00 1.000000000000000048e-04 1.713611721099389052e-04 1.000000000000000000e+00
-3.052249999999999908e+00 1.000000000000000048e-04 1.716286163873091718e-04 1.000000000000000000e+00
-3.051499999999999879e+00 1.000000000000000048e-04 1.718964748489503304e-04 1.000000000000000000e+00
-3.050749999999999851e+00 1.000000000000000048e-04 1.721647481267871507e-04 1.000000000000000000e+00
-3.049999999999999822e+00 1.000000000000000048e-04 1.724334368536793911e-04 1.000000000000000000e+00
-3.049249999999999794e+00 1.000000000000000048e-04 1.727025416634234796e-04 1.000000000000000000e+00
-3.048499999999999766e+00 1.000000000000000048e-04 1.729720631907534349e-04 1.000000000000000000e+00
-3.047749999999999737e+00 1.000000000000000048e-04 1.732420020713424931e-04 1.000000000000000000e+00
-3.046999999999999709e+00 1.000000000000000048e-04 1.735123589418040833e-04 1.000000000000000000e+00
-3.046249999999999680e+00 1.000000000000000048e-04 1.737831344396933726e-04 1.000000000000000000e+00
-3.045499999999999652e+00 1.000000000000000048e-04 1.740543292035083773e-04 1.000000000000000000e+00
-3.044750000000000068e+00 1.000000000000000048e-04 1.743259438726913726e-04 1.000000000000000000e+00
-3.044000000000000039e+00 1.000000000000000048e-04 1.745979790876305460e-04 1.000000000000000000e+00
-3.043250000000000011e+00 1.000000000000000048e-04 1.748704354896604848e-04 1.000000000000000000e+00
-3.042499999999999982e+00 1.000000000000000048e-04 1.751433137210641551e-04 1.000000000000000000e+00
-3.041749999999999954e+00 1.000000000000000048e-04 1.754166144250738236e-04 1.000000000000000000e+00
-3.040999999999999925e+00 1.000000000000000048e-04 1.756903382458727917e-04 1.000000000000000000e+00
-3.040249999999999897e+00 1.000000000000000048e-04 1.759644858285961549e-04 1.000000000000000000e+00
-3.039499999999999869e+00 1.000000000000000048e-04 1.762390578193327273e-04 1.000000000000000000e+00
-3.038750000000000284e+00 1.000000000000000048e-04 1.765140548651256646e-04 1.000000000000000000e+00
-3.038000000000000256e+00 1.000000000000000048e-04 1.767894776139747684e-04 1.000000000000000000e+00
-3.037250000000000227e+00 1.000000000000000048e-04 1.770653267148363777e-04 1.000000000000000000e+00
-3.036500000000000199e+00 1.000000000000000048e-04 1.773416028176261878e-04 1.000000000000000000e+00
-3.035750000000000171e+00 1.000000000000000048e-04 1.776183065732194941e-04 1.000000000000000000e+00
-3.035000000000000142e+00 1.000000000000000048e-04 1.778954386334530085e-04 1.000000000000000000e+00
-3.034250000000000114e+00 1.000000000000000048e-04 1.781729996511260516e-04 1.000000000000000000e+00
-3.033500000000000085e+00 1.000000000000000048e-04 1.784509902800020438e-04 1.000000000000000000e+00
-3.032750000000000057e+00 1.000000000000000048e-04 1.787294111748092911e-04 1.000000000000000000e+00
-3.032000000000000028e+00 1.000000000000000048e-04 1.790082629912432080e-04 1.000000000000000000e+00
-3.031250000000000000e+00 1.000000000000000048e-04 1.792875463859667780e-04 1.000000000000000000e+00
-3.030499999999999972e+00 1.000000000000000048e-04 1.795672620166124240e-04 1.000000000000000000e+00
-3.029749999999999943e+00 1.000000000000000048e-04 1.798474105417830111e-04 1.000000000000000000e+00
-3.028999999999999915e+00 1.000000000000000048e-04 1.801279926210536087e-04 1.000000000000000000e+00
-3.028249999999999886e+00 1.000000000000000048e-04 1.804090089149721406e-04 1.000000000000000000e+00
-3.027499999999999858e+00 1.000000000000000048e-04 1.806904600850614182e-04 1.000000000000000000e+00
-3.026749999999999829e+00 1.000000000000000048e-04 1.809723467938201974e-04 1.000000000000000000e+00
-3.025999999999999801e+00 1.000000000000000048e-04 1.812546697047244255e-04 1.000000000000000000e+00
-3.025249999999999773e+00 1.000000000000000048e-04 1.815374294822286237e-04 1.000000000000000000e+00
-3.024499999999999744e+00 1.000000000000000048e-04 1.818206267917672422e-04 1.000000000000000000e+00
-3.023749999999999716e+00 1.000000000000000048e-04 1.821042622997562322e-04 1.000000000000000000e+00
-3.022999999999999687e+00 1.000000000000000048e-04 1.823883366735939136e-04 1.000000000000000000e+00
-3.022249999999999659e+00 1.000000000000000048e-04 1.826728505816629532e-04 1.000000000000000000e+00
-3.021499999999999631e+00 1.000000000000000048e-04 1.829578046933309885e-04 1.000000000000000000e+00
-3.020750000000000046e+00 1.000000000000000048e-04 1.832431996789523352e-04 1.000000000000000000e+00
-3.020000000000000018e+00 1.000000000000000048e-04 1.835290362098698303e-04 1.000000000000000000e+00
-3.019249999999999989e+00 1.000000000000000048e-04 1.838153149584153200e-04 1.000000000000000000e+00
-3.018499999999999961e+00 1.000000000000000048e-04 1.841020365979113675e-04 1.000000000000000000e+00
-3.017749999999999932e+00 1.000000000000000048e-04 1.843892018026728789e-04 1.000000000000000000e+00
-3.016999999999999904e+00 1.000000000000000048e-04 1.846768112480078083e-04 1.000000000000000000e+00
-3.016249999999999876e+00 1.000000000000000048e-04 1.849648656102194345e-04 1.000000000000000000e+00
-3.015500000000000291e+00 1.000000000000000048e-04 1.852533655666065236e-04 1.000000000000000000e+00
-3.014750000000000263e+00 1.000000000000000048e-04 1.855423117954664190e-04 1.000000000000000000e+00
-3.014000000000000234e+00 1.000000000000000048e-04 1.858317049760944452e-04 1.000000000000000000e+00
-3.013250000000000206e+00 1.000000000000000048e-04 1.861215457887866181e-04 1.000000000000000000e+00
-3.012500000000000178e+00 1.000000000000000048e-04 1.864118349148403497e-04 1.000000000000000000e+00
-3.011750000000000149e+00 1.000000000000000048e-04 1.867025730365562376e-04 1.000000000000000000e+00
-3.011000000000000121e+00 1.000000000000000048e-04 1.869937608372391753e-04 1.000000000000000000e+00
-3.010250000000000092e+00 1.000000000000000048e-04 1.872853990011997627e-04 1.000000000000000000e+00
-3.009500000000000064e+00 1.000000000000000048e-04 1.875774882137558504e-04 1.000000000000000000e+00
-3.008750000000000036e+00 1.000000000000000048e-04 1.878700291612335699e-04 1.000000000000000000e+00
-3.008000000000000007e+00 1.000000000000000048e-04 1.881630225309690956e-04 1.000000000000000000e+00
-3.007249999999999979e+00 1.000000000000000048e-04 1.884564690113097287e-04 1.000000000000000000e+00
-3.006499999999999950e+00 1.000000000000000048e-04 1.887503692916152798e-04 1.000000000000000000e+00
-3.005749999999999922e+00 1.000000000000000048e-04 1.890447240622598034e-04 1.000000000000000000e+00
-3.004999999999999893e+00 1.000000000000000048e-04 1.893395340146326823e-04 1.000000000000000000e+00
-3.004249999999999865e+00 1.000000000000000048e-04 1.896347998411397390e-04 1.000000000000000000e+00
-3.003499999999999837e+00 1.000000000000000048e-04 1.899305222352054578e-04 1.000000000000000000e+00
-3.002749999999999808e+00 1.000000000000000048e-04 1.902267018912733108e-04 1.000000000000000000e+00
-3.001999999999999780e+00 1.000000000000000048e-04 1.905233395048081424e-04 1.000000000000000000e+00
-3.001249999999999751e+00 1.000000000000000048e-04 1.908204357722966579e-04 1.000000000000000000e+00
-3.000499999999999723e+00 1.000000000000000048e-04 1.911179913912497809e-04 1.000000000000000000e+00
-2.999750000000000139e+00 1.000000000000000048e-04 1.914160070602028980e-04 1.000000000000000000e+00
-2.999000000000000110e+00 1.000000000000000048e-04 1.917144834787184603e-04 1.000000000000000000e+00
-2.998250000000000082e+00 1.000000000000000048e-04 1.920134213473865528e-04 1.000000000000000000e+00
-2.997500000000000053e+00 1.000000000000000048e-04 1.923128213678262769e-04 1.000000000000000000e+00
-2.996750000000000025e+00 1.000000000000000048e-04 1.926126842426878103e-04 1.000000000000000000e+00
-2.995999999999999996e+00 1.000000000000000048e-04 1.929130106756531929e-04 1.000000000000000000e+00
-2.995249999999999968e+00 1.000000000000000048e-04 1.932138013714379803e-04 1.000000000000000000e+00
-2.994499999999999940e+00 1.000000000000000048e-04 1.935150570357924908e-04 1.000000000000000000e+00
-2.993749999999999911e+00 1.000000000000000048e-04 1.938167783755033501e-04 1.000000000000000000e+00
-2.992999999999999883e+00 1.000000000000000048e-04 1.941189660983949552e-04 1.000000000000000000e+00
-2.992249999999999854e+00 1.000000000000000048e-04 1.944216209133306939e-04 1.000000000000000000e+00
-2.991499999999999826e+00 1.000000000000000048e-04 1.947247435302146799e-04 1.000000000000000000e+00
-2.990749999999999797e+00 1.000000000000000048e-04 1.950283346599924030e-04 1.000000000000000000e+00
-2.989999999999999769e+00 1.000000000000000048e-04 1.953323950146534124e-04 1.000000000000000000e+00
-2.989249999999999741e+00 1.000000000000000048e-04 1.956369253072310461e-04 1.000000000000000000e+00
-2.988500000000000156e+00 1.000000000000000048e-04 1.959419262518057373e-04 1.000000000000000000e+00
-2.987750000000000128e+00 1.000000000000000048e-04 1.962473985635048248e-04 1.000000000000000000e+00
-2.987000000000000099e+00 1.000000000000000048e-04 1.965533429585051282e-04 1.000000000000000000e+00
-2.986250000000000071e+00 1.000000000000000048e-04 1.968597601540332455e-04 1.000000000000000000e+00
-2.985500000000000043e+00 1.000000000000000048e-04 1.971666508683681289e-04 1.000000000000000000e+00
-2.984750000000000014e+00 1.000000000000000048e-04 1.974740158208415175e-04 1.000000000000000000e+00
-2.983999999999999986e+00 1.000000000000000048e-04 1.977818557318402693e-04 1.000000000000000000e+00
-2.983249999999999957e+00 1.000000000000000048e-04 1.980901713228069296e-04 1.000000000000000000e+00
-2.982499999999999929e+00 1.000000000000000048e-04 1.983989633162418730e-04 1.000000000000000000e+00
-2.981749999999999901e+00 1.000000000000000048e-04 1.987082324357043327e-04 1.000000000000000000e+00
-2.980999999999999872e+00 1.000000000000000048e-04 1.990179794058135395e-04 1.000000000000000000e+00
-2.980249999999999844e+00 1.000000000000000048e-04 1.993282049522510796e-04 1.000000000000000000e+00
-2.979499999999999815e+00 1.000000000000000048e-04 1.996389098017613555e-04 1.000000000000000000e+00
-2.978749999999999787e+00 1.000000000000000048e-04 1.999500946821536459e-04 1.000000000000000000e+00
-2.977999999999999758e+00 1.000000000000000048e-04 2.002617603223034342e-04 1.000000000000000000e+00
-2.977250000000000174e+00 1.000000000000000048e-04 2.005739074521533023e-04 1.000000000000000000e+00
-2.976500000000000146e+00 1.000000000000000048e-04 2.008865368027153706e-04 1.000000000000000000e+00
-2.975750000000000117e+00 1.000000000000000048e-04 2.011996491060720298e-04 1.000000000000000000e+00
-2.975000000000000089e+00 1.000000000000000048e-04 2.015132450953771061e-04 1.000000000000000000e+00
-2.974250000000000060e+00 1.000000000000000048e-04 2.018273255048580028e-04 1.000000000000000000e+00
-2.973500000000000032e+00 1.000000000000000048e-04 2.021418910698170824e-04 1.000000000000000000e+00
-2.972750000000000004e+00 1.000000000000000048e-04 2.024569425266326429e-04 1.000000000000000000e+00
-2.971999999999999975e+00 1.000000000000000048e-04 2.027724806127607872e-04 1.000000000000000000e+00
-2.971249999999999947e+00 1.000000000000000048e-04 2.030885060667366165e-04 1.000000000000000000e+00
-2.970499999999999918e+00 1.000000000000000048e-04 2.034050196281755581e-04 1.000000000000000000e+00
-2.969749999999999890e+00 1.000000000000000048e-04 2.037220220377755338e-04 1.000000000000000000e+00
-2.968999999999999861e+00 1.000000000000000048e-04 2.040395140373175292e-04 1.000000000000000000e+00
-2.968249999999999833e+00 1.000000000000000048e-04 2.043574963696673827e-04 1.000000000000000000e+00
-2.967499999999999805e+00 1.000000000000000048e-04 2.046759697787777367e-04 1.000000000000000000e+00
-2.966749999999999776e+00 1.000000000000000048e-04 2.049949350096885530e-04 1.000000000000000000e+00
-2.965999999999999748e+00 1.000000000000000048e-04 2.053143928085294438e-04 1.000000000000000000e+00
-2.965250000000000163e+00 1.000000000000000048e-04 2.056343439225203219e-04 1.000000000000000000e+00
-2.964500000000000135e+00 1.000000000000000048e-04 2.059547890999739489e-04 1.000000000000000000e+00
-2.963750000000000107e+00 1.000000000000000048e-04 2.062757290902963146e-04 1.000000000000000000e+00
-2.963000000000000078e+00 1.000000000000000048e-04 2.065971646439884529e-04 1.000000000000000000e+00
-2.962250000000000050e+00 1.000000000000000048e-04 2.069190965126484747e-04 1.000000000000000000e+00
-2.961500000000000021e+00 1.000000000000000048e-04 2.072415254489719477e-04 1.000000000000000000e+00
-2.960749999999999993e+00 1.000000000000000048e-04 2.075644522067543896e-04 1.000000000000000000e+00
-2.959999999999999964e+00 1.000000000000000048e-04 2.078878775408922442e-04 1.000000000000000000e+00
-2.959249999999999936e+00 1.000000000000000048e-04 2.082118022073845074e-04 1.000000000000000000e+00
-2.958499999999999908e+00 1.000000000000000048e-04 2.085362269633340016e-04 1.000000000000000000e+00
-2.957749999999999879e+00 1.000000000000000048e-04 2.088611525669489474e-04 1.000000000000000000e+00
-2.956999999999999851e+00 1.000000000000000048e-04 2.091865797775447526e-04 1.000000000000000000e+00
-2.956249999999999822e+00 1.000000000000000048e-04 2.095125093555450966e-04 1.000000000000000000e+00
-2.955499999999999794e+00 1.000000000000000048e-04 2.098389420624832853e-04 1.000000000000000000e+00
-2.954749999999999766e+00 1.000000000000000048e-04 2.101658786610042845e-04 1.000000000000000000e+00
-2.953999999999999737e+00 1.000000000000000048e-04 2.104933199148660203e-04 1.000000000000000000e+00
-2.953250000000000153e+00 1.000000000000000048e-04 2.108212665889400844e-04 1.000000000000000000e+00
-2.952500000000000124e+00 1.000000000000000048e-04 2.111497194492147967e-04 1.000000000000000000e+00
-2.951750000000000096e+00 1.000000000000000048e-04 2.114786792627952594e-04 1.000000000000000000e+00
-2.951000000000000068e+00 1.000000000000000048e-04 2.118081467979053090e-04 1.000000000000000000e+00
-2.950250000000000039e+00 1.000000000000000048e-04 2.121381228238893859e-04 1.000000000000000000e+00
-2.949500000000000011e+00 1.000000000000000048e-04 2.124686081112135108e-04 1.000000000000000000e+00
-2.948749999999999982e+00 1.000000000000000048e-04 2.127996034314668023e-04 1.000000000000000000e+00
-2.947999999999999954e+00 1.000000000000000048e-04 2.131311095573637537e-04 1.000000000000000000e+00
-2.947249999999999925e+00 1.000000000000000048e-04 2.134631272627444498e-04 1.000000000000000000e+00
-2.946499999999999897e+00 1.000000000000000048e-04 2.137956573225770608e-04 1.000000000000000000e+00
-2.945749999999999869e+00 1.000000000000000048e-04 2.141287005129591432e-04 1.000000000000000000e+00
-2.944999999999999840e+00 1.000000000000000048e-04 2.144622576111189136e-04 1.000000000000000000e+00
-2.944249999999999812e+00 1.000000000000000048e-04 2.147963293954167126e-04 1.000000000000000000e+00
-2.943499999999999783e+00 1.000000000000000048e-04 2.151309166453470377e-04 1.000000000000000000e+00
-2.942749999999999755e+00 1.000000000000000048e-04 2.154660201415390308e-04 1.000000000000000000e+00
-2.942000000000000171e+00 1.000000000000000048e-04 2.158016406657592434e-04 1.000000000000000000e+00
-2.941250000000000142e+00 1.000000000000000048e-04 2.161377790009126392e-04 1.000000000000000000e+00
-2.940500000000000114e+00 1.000000000000000048e-04 2.164744359310435972e-04 1.000000000000000000e+00
-2.939750000000000085e+00 1.000000000000000048e-04 2.168116122413376733e-04 1.000000000000000000e+00
-2.939000000000000057e+00 1.000000000000000048e-04 2.171493087181238229e-04 1.000000000000000000e+00
-2.938250000000000028e+00 1.000000000000000048e-04 2.174875261488749161e-04 1.000000000000000000e+00
-2.937500000000000000e+00 1.000000000000000048e-04 2.178262653222099604e-04 1.000000000000000000e+00
-2.936749999999999972e+00 1.000000000000000048e-04 2.181655270278953741e-04 1.000000000000000000e+00
-2.935999999999999943e+00 1.000000000000000048e-04 2.185053120568462609e-04 1.000000000000000000e+00
-2.935249999999999915e+00 1.000000000000000048e-04 2.188456212011284153e-04 1.000000000000000000e+00
-2.934499999999999886e+00 1.000000000000000048e-04 2.191864552539594610e-04 1.000000000000000000e+00
-2.933749999999999858e+00 1.000000000000000048e-04 2.195278150097106941e-04 1.000000000000000000e+00
-2.932999999999999829e+00 1.000000000000000048e-04 2.198697012639081404e-04 1.000000000000000000e+00
-2.932249999999999801e+00 1.000000000000000048e-04 2.202121148132343712e-04 1.000000000000000000e+00
-2.931499999999999773e+00 1.000000000000000048e-04 2.205550564555306444e-04 1.000000000000000000e+00
-2.930749999999999744e+00 1.000000000000000048e-04 2.208985269897970950e-04 1.000000000000000000e+00
-2.930000000000000160e+00 1.000000000000000048e-04 2.212425272161950922e-04 1.000000000000000000e+00
-2.929250000000000131e+00 1.000000000000000048e-04 2.215870579360494630e-04 1.000000000000000000e+00
-2.928500000000000103e+00 1.000000000000000048e-04 2.219321199518482475e-04 1.000000000000000000e+00
-2.927750000000000075e+00 1.000000000000000048e-04 2.222777140672458165e-04 1.000000000000000000e+00
-2.927000000000000046e+00 1.000000000000000048e-04 2.226238410870636029e-04 1.000000000000000000e+00
-2.926250000000000018e+00 1.000000000000000048e-04 2.229705018172918097e-04 1.000000000000000000e+00
-2.925499999999999989e+00 1.000000000000000048e-04 2.233176970650914157e-04 1.000000000000000000e+00
-2.924749999999999961e+00 1.000000000000000048e-04 2.236654276387947714e-04 1.000000000000000000e+00
-2.923999999999999932e+00 1.000000000000000048e-04 2.240136943479080663e-04 1.000000000000000000e+00
-2.923249999999999904e+00 1.000000000000000048e-04 2.243624980031123581e-04 1.000000000000000000e+00
-2.922499999999999876e+00 1.000000000000000048e-04 2.247118394162653352e-04 1.000000000000000000e+00
-2.921749999999999847e+00 1.000000000000000048e-04 2.250617194004025359e-04 1.000000000000000000e+00
-2.920999999999999819e+00 1.000000000000000048e-04 2.254121387697395173e-04 1.000000000000000000e+00
-2.920249999999999790e+00 1.000000000000000048e-04 2.257630983396727764e-04 1.000000000000000000e+00
-2.919499999999999762e+00 1.000000000000000048e-04 2.261145989267818103e-04 1.000000000000000000e+00
-2.918750000000000178e+00 1.000000000000000048e-04 2.264666413488298482e-04 1.000000000000000000e+00
-2.918000000000000149e+00 1.000000000000000048e-04 2.268192264247669953e-04 1.000000000000000000e+00
-2.917250000000000121e+00 1.000000000000000048e-04 2.271723549747299618e-04 1.000000000000000000e+00
-2.916500000000000092e+00 1.000000000000000048e-04 2.275260278200447466e-04 1.000000000000000000e+00
-2.915750000000000064e+00 1.000000000000000048e-04 2.278802457832275854e-04 1.000000000000000000e+00
-2.915000000000000036e+00 1.000000000000000048e-04 2.282350096879875263e-04 1.000000000000000000e+00
-2.914250000000000007e+00 1.000000000000000048e-04 2.285903203592265379e-04 1.000000000000000000e+00
-2.913499999999999979e+00 1.000000000000000048e-04 2.289461786230422740e-04 1.000000000000000000e+00
-2.912749999999999950e+00 1.000000000000000048e-04 2.293025853067290223e-04 1.000000000000000000e+00
-2.911999999999999922e+00 1.000000000000000048e-04 2.296595412387795478e-04 1.000000000000000000e+00
-2.911249999999999893e+00 1.000000000000000048e-04 2.300170472488864476e-04 1.000000000000000000e+00
-2.910499999999999865e+00 1.000000000000000048e-04 2.303751041679439671e-04 1.000000000000000000e+00
-2.909749999999999837e+00 1.000000000000000048e-04 2.307337128280493557e-04 1.000000000000000000e+00
-2.908999999999999808e+00 1.000000000000000048e-04 2.310928740625046822e-04 1.000000000000000000e+00
-2.908249999999999780e+00 1.000000000000000048e-04 2.314525887058178108e-04 1.000000000000000000e+00
-2.907499999999999751e+00 1.000000000000000048e-04 2.318128575937053015e-04 1.000000000000000000e+00
-2.906750000000000167e+00 1.000000000000000048e-04 2.321736815630918679e-04 1.000000000000000000e+00
-2.906000000000000139e+00 1.000000000000000048e-04 2.325350614521146054e-04 1.000000000000000000e+00
-2.905250000000000110e+00 1.000000000000000048e-04 2.328969981001221244e-04 1.000000000000000000e+00
-2.904500000000000082e+00 1.000000000000000048e-04 2.332594923476777478e-04 1.000000000000000000e+00
-2.903750000000000053e+00 1.000000000000000048e-04 2.336225450365600812e-04 1.000000000000000000e+00
-2.903000000000000025e+00 1.000000000000000048e-04 2.339861570097653972e-04 1.000000000000000000e+00
-2.902249999999999996e+00 1.000000000000000048e-04 2.343503291115088018e-04 1.000000000000000000e+00
-2.901499999999999968e+00 1.000000000000000048e-04 2.347150621872258599e-04 1.000000000000000000e+00
-2.900749999999999940e+00 1.000000000000000048e-04 2.350803570835740869e-04 1.000000000000000000e+00
-2.899999999999999911e+00 1.000000000000000048e-04 2.354462146484349264e-04 1.000000000000000000e+00
-2.899249999999999883e+00 1.000000000000000048e-04 2.358126357309150252e-04 1.000000000000000000e+00
-2.898499999999999854e+00 1.000000000000000048e-04 2.361796211813479670e-04 1.000000000000000000e+00
-2.897749999999999826e+00 1.000000000000000048e-04 2.365471718512955472e-04 1.000000000000000000e+00
-2.896999999999999797e+00 1.000000000000000048e-04 2.369152885935497509e-04 1.000000000000000000e+00
-2.896249999999999769e+00 1.000000000000000048e-04 2.372839722621343528e-04 1.000000000000000000e+00
-2.895499999999999741e+00 1.000000000000000048e-04 2.376532237123061902e-04 1.000000000000000000e+00
-2.894750000000000156e+00 1.000000000000000048e-04 2.380230438005570613e-04 1.000000000000000000e+00
-2.894000000000000128e+00 1.000000000000000048e-04 2.383934333846156220e-04 1.000000000000000000e+00
-2.893250000000000099e+00 1.000000000000000048e-04 2.387643933234479010e-04 1.000000000000000000e+00
-2.892500000000000071e+00 1.000000000000000048e-04 2.391359244772600103e-04 1.000000000000000000e+00
-2.891750000000000043e+00 1.000000000000000048e-04 2.395080277074995278e-04 1.000000000000000000e+00
-2.891000000000000014e+00 1.000000000000000048e-04 2.398807038768563642e-04 1.000000000000000000e+00
-2.890249999999999986e+00 1.000000000000000048e-04 2.402539538492654740e-04 1.000000000000000000e+00
-2.889499999999999957e+00 1.000000000000000048e-04 2.406277784899077225e-04 1.000000000000000000e+00
-2.888749999999999929e+00 1.000000000000000048e-04 2.410021786652118917e-04 1.000000000000000000e+00
-2.887999999999999901e+00 1.000000000000000048e-04 2.413771552428557916e-04 1.000000000000000000e+00
-2.887249999999999872e+00 1.000000000000000048e-04 2.417527090917686184e-04 1.000000000000000000e+00
-2.886499999999999844e+00 1.000000000000000048e-04 2.421288410821318218e-04 1.000000000000000000e+00
-2.885749999999999815e+00 1.000000000000000048e-04 2.425055520853813275e-04 1.000000000000000000e+00
-2.884999999999999787e+00 1.000000000000000048e-04 2.428828429742086218e-04 1.000000000000000000e+00
-2.884249999999999758e+00 1.000000000000000048e-04 2.432607146225628382e-04 1.000000000000000000e+00
-2.883500000000000174e+00 1.000000000000000048e-04 2.436391679056521128e-04 1.000000000000000000e+00
-2.882750000000000146e+00 1.000000000000000048e-04 2.440182036999457801e-04 1.000000000000000000e+00
-2.882000000000000117e+00 1.000000000000000048e-04 2.443978228831747250e-04 1.000000000000000000e+00
-2.881250000000000089e+00 1.000000000000000048e-04 2.447780263343343104e-04 1.000000000000000000e+00
-2.880500000000000060e+00 1.000000000000000048e-04 2.451588149336852984e-04 1.000000000000000000e+00
-2.879750000000000032e+00 1.000000000000000048e-04 2.455401895627558296e-04 1.000000000000000000e+00
-2.879000000000000004e+00 1.000000000000000048e-04 2.459221511043427778e-04 1.000000000000000000e+00
-2.878249999999999975e+00 1.000000000000000048e-04 2.463047004425135389e-04 1.000000000000000000e+00
-2.877499999999999947e+00 1.000000000000000048e-04 2.466878384626077121e-04 1.000000000000000000e+00
-2.876749999999999918e+00 1.000000000000000048e-04 2.470715660512386711e-04 1.000000000000000000e+00
-2.875999999999999890e+00 1.000000000000000048e-04 2.474558840962952453e-04 1.000000000000000000e+00
-2.875249999999999861e+00 1.000000000000000048e-04 2.478407934869431830e-04 1.000000000000000000e+00
-2.874499999999999833e+00 1.000000000000000048e-04 2.482262951136270492e-04 1.000000000000000000e+00
-2.873749999999999805e+00 1.000000000000000048e-04 2.486123898680716888e-04 1.000000000000000000e+00
-2.872999999999999776e+00 1.000000000000000048e-04 2.489990786432838533e-04 1.000000000000000000e+00
-2.872249999999999748e+00 1.000000000000000048e-04 2.493863623335542605e-04 1.000000000000000000e+00
-2.871500000000000163e+00 1.000000000000000048e-04 2.497742418344582453e-04 1.000000000000000000e+00
-2.870750000000000135e+00 1.000000000000000048e-04 2.501627180428590120e-04 1.000000000000000000e+00
-2.870000000000000107e+00 1.000000000000000048e-04 2.505517918569076345e-04 1.000000000000000000e+00
-2.869250000000000078e+00 1.000000000000000048e-04 2.509414641760459295e-04 1.000000000000000000e+00
-2.868500000000000050e+00 1.000000000000000048e-04 2.513317359010068357e-04 1.000000000000000000e+00
-2.867750000000000021e+00 1.000000000000000048e-04 2.517226079338173955e-04 1.000000000000000000e+00
-2.866999999999999993e+00 1.000000000000000048e-04 2.521140811777999478e-04 1.000000000000000000e+00
-2.866249999999999964e+00 1.000000000000000048e-04 2.525061565375734830e-04 1.000000000000000000e+00
-2.865499999999999936e+00 1.000000000000000048e-04 2.528988349190554861e-04 1.000000000000000000e+00
-2.864749999999999908e+00 1.000000000000000048e-04 2.532921172294636176e-04 1.000000000000000000e+00
-2.863999999999999879e+00 1.000000000000000048e-04 2.536860043773173936e-04 1.000000000000000000e+00
-2.863249999999999851e+00 1.000000000000000048e-04 2.540804972724400833e-04 1.000000000000000000e+00
-2.862499999999999822e+00 1.000000000000000048e-04 2.544755968259595764e-04 1.000000000000000000e+00
-2.861749999999999794e+00 1.000000000000000048e-04 2.548713039503113106e-04 1.000000000000000000e+00
-2.860999999999999766e+00 1.000000000000000048e-04 2.552676195592385963e-04 1.000000000000000000e+00
-2.860249999999999737e+00 1.000000000000000048e-04 2.556645445677952736e-04 1.000000000000000000e+00
-2.859500000000000153e+00 1.000000000000000048e-04 2.560620798923465792e-04 1.000000000000000000e+00
-2.858750000000000124e+00 1.000000000000000048e-04 2.564602264505721281e-04 1.000000000000000000e+00
-2.858000000000000096e+00 1.000000000000000048e-04 2.568589851614660221e-04 1.000000000000000000e+00
-2.857250000000000068e+00 1.000000000000000048e-04 2.572583569453393976e-04 1.000000000000000000e+00
-2.856500000000000039e+00 1.000000000000000048e-04 2.576583427238220516e-04 1.000000000000000000e+00
-2.855750000000000011e+00 1.000000000000000048e-04 2.580589434198636350e-04 1.000000000000000000e+00
-2.854999999999999982e+00 1.000000000000000048e-04 2.584601599577360915e-04 1.000000000000000000e+00
-2.854249999999999954e+00 1.000000000000000048e-04 2.588619932630347961e-04 1.000000000000000000e+00
-2.853499999999999925e+00 1.000000000000000048e-04 2.592644442626806153e-04 1.000000000000000000e+00
-2.852749999999999897e+00 1.000000000000000048e-04 2.596675138849208284e-04 1.000000000000000000e+00
-2.851999999999999869e+00 1.000000000000000048e-04 2.600712030593319468e-04 1.000000000000000000e+00
-2.851249999999999840e+00 1.000000000000000048e-04 2.604755127168201473e-04 1.000000000000000000e+00
-2.850499999999999812e+00 1.000000000000000048e-04 2.608804437896241994e-04 1.000000000000000000e+00
-2.849749999999999783e+00 1.000000000000000048e-04 2.612859972113163332e-04 1.000000000000000000e+00
-2.848999999999999755e+00 1.000000000000000048e-04 2.616921739168040820e-04 1.000000000000000000e+00
-2.848250000000000171e+00 1.000000000000000048e-04 2.620989748423321799e-04 1.000000000000000000e+00
-2.847500000000000142e+00 1.000000000000000048e-04 2.625064009254840795e-04 1.000000000000000000e+00
-2.846750000000000114e+00 1.000000000000000048e-04 2.629144531051837413e-04 1.000000000000000000e+00
-2.846000000000000085e+00 1.000000000000000048e-04 2.633231323216974219e-04 1.000000000000000000e+00
-2.845250000000000057e+00 1.000000000000000048e-04 2.637324395166345961e-04 1.000000000000000000e+00
-2.844500000000000028e+00 1.000000000000000048e-04 2.641423756329510470e-04 1.000000000000000000e+00
-2.843750000000000000e+00 1.000000000000000048e-04 2.645529416149495160e-04 1.000000000000000000e+00
-2.842999999999999972e+00 1.000000000000000048e-04 2.649641384082816547e-04 1.000000000000000000e+00
-2.842249999999999943e+00 1.000000000000000048e-04 2.653759669599499221e-04 1.000000000000000000e+00
-2.841499999999999915e+00 1.000000000000000048e-04 2.657884282183085606e-04 1.000000000000000000e+00
-2.840749999999999886e+00 1.000000000000000048e-04 2.662015231330669028e-04 1.000000000000000000e+00
-2.839999999999999858e+00 1.000000000000000048e-04 2.666152526552890457e-04 1.000000000000000000e+00
-2.839249999999999829e+00 1.000000000000000048e-04 2.670296177373976463e-04 1.000000000000000000e+00
-2.838499999999999801e+00 1.000000000000000048e-04 2.674446193331732162e-04 1.000000000000000000e+00
-2.837749999999999773e+00 1.000000000000000048e-04 2.678602583977582417e-04 1.000000000000000000e+00
-2.836999999999999744e+00 1.000000000000000048e-04 2.682765358876576718e-04 1.000000000000000000e+00
-2.836250000000000160e+00 1.000000000000000048e-04 2.686934527607397856e-04 1.000000000000000000e+00
-2.835500000000000131e+00 1.000000000000000048e-04 2.691110099762405831e-04 1.000000000000000000e+00
-2.834750000000000103e+00 1.000000000000000048e-04 2.695292084947625388e-04 1.000000000000000000e+00
-2.834000000000000075e+00 1.000000000000000048e-04 2.699480492782781790e-04 1.000000000000000000e+00
-2.833250000000000046e+00 1.000000000000000048e-04 2.703675332901309494e-04 1.000000000000000000e+00
-2.832500000000000018e+00 1.000000000000000048e-04 2.707876614950372753e-04 1.000000000000000000e+00
-2.831749999999999989e+00 1.000000000000000048e-04 2.712084348590884045e-04 1.000000000000000000e+00
-2.830999999999999961e+00 1.000000000000000048e-04 2.716298543497514375e-04 1.000000000000000000e+00
-2.830249999999999932e+00 1.000000000000000048e-04 2.720519209358724711e-04 1.000000000000000000e+00
-2.829499999999999904e+00 1.000000000000000048e-04 2.724746355876763826e-04 1.000000000000000000e+00
-2.828749999999999876e+00 1.000000000000000048e-04 2.728979992767704608e-04 1.000000000000000000e+00
-2.827999999999999847e+00 1.000000000000000048e-04 2.733220129761446777e-04 1.000000000000000000e+00
-2.827249999999999819e+00 1.000000000000000048e-04 2.737466776601740737e-04 1.000000000000000000e+00
-2.826499999999999790e+00 1.000000000000000048e-04 2.741719943046209257e-04 1.000000000000000000e+00
-2.825749999999999762e+00 1.000000000000000048e-04 2.745979638866352353e-04 1.000000000000000000e+00
-2.824999999999999734e+00 1.000000000000000048e-04 2.750245873847577101e-04 1.000000000000000000e+00
-2.824250000000000149e+00 1.000000000000000048e-04 2.754518657789207397e-04 1.000000000000000000e+00
-2.823500000000000121e+00 1.000000000000000048e-04 2.758798000504507808e-04 1.000000000000000000e+00
-2.822750000000000092e+00 1.000000000000000048e-04 2.763083911820688994e-04 1.000000000000000000e+00
-2.822000000000000064e+00 1.000000000000000048e-04 2.767376401578942402e-04 1.000000000000000000e+00
-2.821250000000000036e+00 1.000000000000000048e-04 2.771675479634444061e-04 1.000000000000000000e+00
-2.820500000000000007e+00 1.000000000000000048e-04 2.775981155856372469e-04 1.000000000000000000e+00
-2.819749999999999979e+00 1.000000000000000048e-04 2.780293440127937330e-04 1.000000000000000000e+00
-2.818999999999999950e+00 1.000000000000000048e-04 2.784612342346379547e-04 1.000000000000000000e+00
-2.818249999999999922e+00 1.000000000000000048e-04 2.788937872423011884e-04 1.000000000000000000e+00
-2.817499999999999893e+00 1.000000000000000048e-04 2.793270040283210836e-04 1.000000000000000000e+00
-2.816749999999999865e+00 1.000000000000000048e-04 2.797608855866452401e-04 1.000000000000000000e+00
-2.815999999999999837e+00 1.000000000000000048e-04 2.801954329126324014e-04 1.000000000000000000e+00
-2.815249999999999808e+00 1.000000000000000048e-04 2.806306470030541346e-04 1.000000000000000000e+00
-2.814499999999999780e+00 1.000000000000000048e-04 2.810665288560958608e-04 1.000000000000000000e+00
-2.813749999999999751e+00 1.000000000000000048e-04 2.815030794713607037e-04 1.000000000000000000e+00
-2.813000000000000167e+00 1.000000000000000048e-04 2.819402998498686769e-04 1.000000000000000000e+00
-2.812250000000000139e+00 1.000000000000000048e-04 2.823781909940605321e-04 1.000000000000000000e+00
-2.811500000000000110e+00 1.000000000000000048e-04 2.828167539077984104e-04 1.000000000000000000e+00
-2.810750000000000082e+00 1.000000000000000048e-04 2.832559895963671971e-04 1.000000000000000000e+00
-2.810000000000000053e+00 1.000000000000000048e-04 2.836958990664781538e-04 1.000000000000000000e+00
-2.809250000000000025e+00 1.000000000000000048e-04 2.841364833262679428e-04 1.000000000000000000e+00
-2.808499999999999996e+00 1.000000000000000048e-04 2.845777433853033432e-04 1.000000000000000000e+00
-2.807749999999999968e+00 1.000000000000000048e-04 2.850196802545806006e-04 1.000000000000000000e+00
-2.806999999999999940e+00 1.000000000000000048e-04 2.854622949465282456e-04 1.000000000000000000e+00
-2.806249999999999911e+00 1.000000000000000048e-04 2.859055884750094797e-04 1.000000000000000000e+00
-2.805499999999999883e+00 1.000000000000000048e-04 2.863495618553224455e-04 1.000000000000000000e+00
-2.804749999999999854e+00 1.000000000000000048e-04 2.867942161042031008e-04 1.000000000000000000e+00
-2.803999999999999826e+00 1.000000000000000048e-04 2.872395522398264105e-04 1.000000000000000000e+00
-2.803249999999999797e+00 1.000000000000000048e-04 2.876855712818091114e-04 1.000000000000000000e+00
-2.802499999999999769e+00 1.000000000000000048e-04 2.881322742512098210e-04 1.000000000000000000e+00
-2.801749999999999741e+00 1.000000000000000048e-04 2.885796621705323983e-04 1.000000000000000000e+00
-2.801000000000000156e+00 1.000000000000000048e-04 2.890277360637264316e-04 1.000000000000000000e+00
-2.800250000000000128e+00 1.000000000000000048e-04 2.894764969561905454e-04 1.000000000000000000e+00
-2.799500000000000099e+00 1.000000000000000048e-04 2.899259458747726172e-04 1.000000000000000000e+00
-2.798750000000000071e+00 1.000000000000000048e-04 2.903760838477721087e-04 1.000000000000000000e+00
-2.798000000000000043e+00 1.000000000000000048e-04 2.908269119049426135e-04 1.000000000000000000e+00
-2.797250000000000014e+00 1.000000000000000048e-04 2.912784310774920739e-04 1.000000000000000000e+00
-2.796499999999999986e+00 1.000000000000000048e-04 2.917306423980864675e-04 1.000000000000000000e+00
-2.795749999999999957e+00 1.000000000000000048e-04 2.921835469008493731e-04 1.000000000000000000e+00
-2.794999999999999929e+00 1.000000000000000048e-04 2.926371456213663078e-04 1.000000000000000000e+00
-2.794249999999999901e+00 1.000000000000000048e-04 2.930914395966841847e-04 1.000000000000000000e+00
-2.793499999999999872e+00 1.000000000000000048e-04 2.935464298653144032e-04 1.000000000000000000e+00
-2.792749999999999844e+00 1.000000000000000048e-04 2.940021174672344749e-04 1.000000000000000000e+00
-2.791999999999999815e+00 1.000000000000000048e-04 2.944585034438897044e-04 1.000000000000000000e+00
-2.791249999999999787e+00 1.000000000000000048e-04 2.949155888381941649e-04 1.000000000000000000e+00
-2.790499999999999758e+00 1.000000000000000048e-04 2.953733746945343846e-04 1.000000000000000000e+00
-2.789750000000000174e+00 1.000000000000000048e-04 2.958318620587690757e-04 1.000000000000000000e+00
-2.789000000000000146e+00 1.000000000000000048e-04 2.962910519782324410e-04 1.000000000000000000e+00
-2.788250000000000117e+00 1.000000000000000048e-04 2.967509455017356920e-04 1.000000000000000000e+00
-2.787500000000000089e+00 1.000000000000000048e-04 2.972115436795674825e-04 1.000000000000000000e+00
-2.786750000000000060e+00 1.000000000000000048e-04 2.976728475634975949e-04 1.000000000000000000e+00
-2.786000000000000032e+00 1.000000000000000048e-04 2.981348582067775365e-04 1.000000000000000000e+00
-2.785250000000000004e+00 1.000000000000000048e-04 2.985975766641430331e-04 1.000000000000000000e+00
-2.784499999999999975e+00 1.000000000000000048e-04 2.990610039918153843e-04 1.000000000000000000e+00
-2.783749999999999947e+00 1.000000000000000048e-04 2.995251412475032527e-04 1.000000000000000000e+00
-2.782999999999999918e+00 1.000000000000000048e-04 2.999899894904047232e-04 1.000000000000000000e+00
-2.782249999999999890e+00 1.000000000000000048e-04 3.004555497812089302e-04 1.000000000000000000e+00
-2.781499999999999861e+00 1.000000000000000048e-04 3.009218231820982793e-04 1.000000000000000000e+00
-2.780749999999999833e+00 1.000000000000000048e-04 3.013888107567492614e-04 1.000000000000000000e+00
-2.779999999999999805e+00 1.000000000000000048e-04 3.018565135703354875e-04 1.000000000000000000e+00
-2.779249999999999776e+00 1.000000000000000048e-04 3.023249326895287195e-04 1.000000000000000000e+00
-2.778499999999999748e+00 1.000000000000000048e-04 3.027940691825008212e-04 1.000000000000000000e+00
-2.777750000000000163e+00 1.000000000000000048e-04 3.032639241189252224e-04 1.000000000000000000e+00
-2.777000000000000135e+00 1.000000000000000048e-04 3.037344985699801168e-04 1.000000000000000000e+00
-2.776250000000000107e+00 1.000000000000000048e-04 3.042057936083485169e-04 1.000000000000000000e+00
-2.775500000000000078e+00 1.000000000000000048e-04 3.046778103082210722e-04 1.000000000000000000e+00
-2.774750000000000050e+00 1.000000000000000048e-04 3.051505497452976961e-04 1.000000000000000000e+00
-2.774000000000000021e+00 1.000000000000000048e-04 3.056240129967891916e-04 1.000000000000000000e+00
-2.773249999999999993e+00 1.000000000000000048e-04 3.060982011414193119e-04 1.000000000000000000e+00
-2.772499999999999964e+00 1.000000000000000048e-04 3.065731152594263322e-04 1.000000000000000000e+00
-2.771749999999999936e+00 1.000000000000000048e-04 3.070487564325655432e-04 1.000000000000000000e+00
-2.770999999999999908e+00 1.000000000000000048e-04 3.075251257441097394e-04 1.000000000000000000e+00
-2.770249999999999879e+00 1.000000000000000048e-04 3.080022242788527966e-04 1.000000000000000000e+00
-2.769499999999999851e+00 1.000000000000000048e-04 3.084800531231095093e-04 1.000000000000000000e+00
-2.768749999999999822e+00 1.000000000000000048e-04 3.089586133647197110e-04 1.000000000000000000e+00
-2.767999999999999794e+00 1.000000000000000048e-04 3.094379060930475150e-04 1.000000000000000000e+00
-2.767249999999999766e+00 1.000000000000000048e-04 3.099179323989853800e-04 1.000000000000000000e+00
-2.766499999999999737e+00 1.000000000000000048e-04 3.103986933749546527e-04 1.000000000000000000e+00
-2.765750000000000153e+00 1.000000000000000048e-04 3.108801901149078981e-04 1.000000000000000000e+00
-2.765000000000000124e+00 1.000000000000000048e-04 3.113624237143305809e-04 1.000000000000000000e+00
-2.764250000000000096e+00 1.000000000000000048e-04 3.118453952702433959e-04 1.000000000000000000e+00
-2.763500000000000068e+00 1.000000000000000048e-04 3.123291058812028100e-04 1.000000000000000000e+00
-2.762750000000000039e+00 1.000000000000000048e-04 3.128135566473040446e-04 1.000000000000000000e+00
-2.762000000000000011e+00 1.000000000000000048e-04 3.132987486701827549e-04 1.000000000000000000e+00
-2.761249999999999982e+00 1.000000000000000048e-04 3.137846830530164406e-04 1.000000000000000000e+00
-2.760499999999999954e+00 1.000000000000000048e-04 3.142713609005267218e-04 1.000000000000000000e+00
-2.759749999999999925e+00 1.000000000000000048e-04 3.147587833189809657e-04 1.000000000000000000e+00
-2.758999999999999897e+00 1.000000000000000048e-04 3.152469514161938585e-04 1.000000000000000000e+00
-2.758249999999999869e+00 1.000000000000000048e-04 3.157358663015300622e-04 1.000000000000000000e+00
-2.757499999999999840e+00 1.000000000000000048e-04 3.162255290859051354e-04 1.000000000000000000e+00
-2.756749999999999812e+00 1.000000000000000048e-04 3.167159408817878108e-04 1.000000000000000000e+00
-2.755999999999999783e+00 1.000000000000000048e-04 3.172071028032018378e-04 1.000000000000000000e+00
-2.755249999999999755e+00 1.000000000000000048e-04 3.176990159657277720e-04 1.000000000000000000e+00
-2.754500000000000171e+00 1.000000000000000048e-04 3.181916814865046010e-04 1.000000000000000000e+00
-2.753750000000000142e+00 1.000000000000000048e-04 3.186851004842325094e-04 1.000000000000000000e+00
-2.753000000000000114e+00 1.000000000000000048e-04 3.191792740791736375e-04 1.000000000000000000e+00
-2.752250000000000085e+00 1.000000000000000048e-04 3.196742033931539791e-04 1.000000000000000000e+00
-2.751500000000000057e+00 1.000000000000000048e-04 3.201698895495657662e-04 1.000000000000000000e+00
-2.750750000000000028e+00 1.000000000000000048e-04 3.206663336733693668e-04 1.000000000000000000e+00
-2.750000000000000000e+00 1.000000000000000048e-04 3.211635368910947482e-04 1.000000000000000000e+00
-2.749249999999999972e+00 1.000000000000000048e-04 3.216615003308434832e-04 1.000000000000000000e+00
-2.748499999999999943e+00 1.000000000000000048e-04 3.221602251222903217e-04 1.000000000000000000e+00
-2.747749999999999915e+00 1.000000000000000048e-04 3.226597123966860100e-04 1.000000000000000000e+00
-2.746999999999999886e+00 1.000000000000000048e-04 3.231599632868576160e-04 1.000000000000000000e+00
-2.746249999999999858e+00 1.000000000000000048e-04 3.236609789272117273e-04 1.000000000000000000e+00
-2.745499999999999829e+00 1.000000000000000048e-04 3.241627604537360781e-04 1.000000000000000000e+00
-2.744749999999999801e+00 1.000000000000000048e-04 3.246653090040000364e-04 1.000000000000000000e+00
-2.743999999999999773e+00 1.000000000000000048e-04 3.251686257171588872e-04 1.000000000000000000e+00
-2.743249999999999744e+00 1.000000000000000048e-04 3.256727117339533440e-04 1.000000000000000000e+00
-2.742500000000000160e+00 1.000000000000000048e-04 3.261775681967126394e-04 1.000000000000000000e+00
-2.741750000000000131e+00 1.000000000000000048e-04 3.266831962493571269e-04 1.000000000000000000e+00
-2.741000000000000103e+00 1.000000000000000048e-04 3.271895970373977927e-04 1.000000000000000000e+00
-2.740250000000000075e+00 1.000000000000000048e-04 3.276967717079402680e-04 1.000000000000000000e+00
-2.739500000000000046e+00 1.000000000000000048e-04 3.282047214096858040e-04 1.000000000000000000e+00
-2.738750000000000018e+00 1.000000000000000048e-04 3.287134472929331155e-04 1.000000000000000000e+00
-2.737999999999999989e+00 1.000000000000000048e-04 3.292229505095806033e-04 1.000000000000000000e+00
-2.737249999999999961e+00 1.000000000000000048e-04 3.297332322131279808e-04 1.000000000000000000e+00
-2.736499999999999932e+00 1.000000000000000048e-04 3.302442935586782794e-04 1.000000000000000000e+00
-2.735749999999999904e+00 1.000000000000000048e-04 3.307561357029392040e-04 1.000000000000000000e+00
-2.734999999999999876e+00 1.000000000000000048e-04 3.312687598042258433e-04 1.000000000000000000e+00
-2.734249999999999847e+00 1.000000000000000048e-04 3.317821670224617545e-04 1.000000000000000000e+00
-2.733499999999999819e+00 1.000000000000000048e-04 3.322963585191816729e-04 1.000000000000000000e+00
-2.732749999999999790e+00 1.000000000000000048e-04 3.328113354575321634e-04 1.000000000000000000e+00
-2.731999999999999762e+00 1.000000000000000048e-04 3.333270990022751978e-04 1.000000000000000000e+00
-2.731249999999999734e+00 1.000000000000000048e-04 3.338436503197884258e-04 1.000000000000000000e+00
-2.730500000000000149e+00 1.000000000000000048e-04 3.343609905780672354e-04 1.000000000000000000e+00
-2.729750000000000121e+00 1.000000000000000048e-04 3.348791209467280052e-04 1.000000000000000000e+00
-2.729000000000000092e+00 1.000000000000000048e-04 3.353980425970091344e-04 1.000000000000000000e+00
-2.728250000000000064e+00 1.000000000000000048e-04 3.359177567017716933e-04 1.000000000000000000e+00
-2.727500000000000036e+00 1.000000000000000048e-04 3.364382644355035979e-04 1.000000000000000000e+00
-2.726750000000000007e+00 1.000000000000000048e-04 3.369595669743192840e-04 1.000000000000000000e+00
-2.725999999999999979e+00 1.000000000000000048e-04 3.374816654959635022e-04 1.000000000000000000e+00
-2.725249999999999950e+00 1.000000000000000048e-04 3.380045611798122396e-04 1.000000000000000000e+00
-2.724499999999999922e+00 1.000000000000000048e-04 3.385282552068743459e-04 1.000000000000000000e+00
-2.723749999999999893e+00 1.000000000000000048e-04 3.390527487597935394e-04 1.000000000000000000e+00
-2.722999999999999865e+00 1.000000000000000048e-04 3.395780430228511173e-04 1.000000000000000000e+00
-2.722249999999999837e+00 1.000000000000000048e-04 3.401041391819671481e-04 1.000000000000000000e+00
-2.721499999999999808e+00 1.000000000000000048e-04 3.406310384247020987e-04 1.000000000000000000e+00
-2.720749999999999780e+00 1.000000000000000048e-04 3.411587419402593814e-04 1.000000000000000000e+00
-2.719999999999999751e+00 1.000000000000000048e-04 3.416872509194863300e-04 1.000000000000000000e+00
-2.719250000000000167e+00 1.000000000000000048e-04 3.422165665548772360e-04 1.000000000000000000e+00
-2.718500000000000139e+00 1.000000000000000048e-04 3.427466900405747572e-04 1.000000000000000000e+00
-2.717750000000000110e+00 1.000000000000000048e-04 3.432776225723715448e-04 1.000000000000000000e+00
-2.717000000000000082e+00 1.000000000000000048e-04 3.438093653477122488e-04 1.000000000000000000e+00
-2.716250000000000053e+00 1.000000000000000048e-04 3.443419195656954152e-04 1.000000000000000000e+00
-2.715500000000000025e+00 1.000000000000000048e-04 3.448752864270752754e-04 1.000000000000000000e+00
-2.714749999999999996e+00 1.000000000000000048e-04 3.454094671342643479e-04 1.000000000000000000e+00
-2.713999999999999968e+00 1.000000000000000048e-04 3.459444628913340889e-04 1.000000000000000000e+00
-2.713249999999999940e+00 1.000000000000000048e-04 3.464802749040181993e-04 1.000000000000000000e+00
-2.712499999999999911e+00 1.000000000000000048e-04 3.470169043797128954e-04 1.000000000000000000e+00
-2.711749999999999883e+00 1.000000000000000048e-04 3.475543525274808125e-04 1.000000000000000000e+00
-2.710999999999999854e+00 1.000000000000000048e-04 3.480926205580504623e-04 1.000000000000000000e+00
-2.710249999999999826e+00 1.000000000000000048e-04 3.486317096838206786e-04 1.000000000000000000e+00
-2.709499999999999797e+00 1.000000000000000048e-04 3.491716211188602916e-04 1.000000000000000000e+00
-2.708749999999999769e+00 1.000000000000000048e-04 3.497123560789119770e-04 1.000000000000000000e+00
-2.707999999999999741e+00 1.000000000000000048e-04 3.502539157813923105e-04 1.000000000000000000e+00
-2.707250000000000156e+00 1.000000000000000048e-04 3.507963014453942068e-04 1.000000000000000000e+00
-2.706500000000000128e+00 1.000000000000000048e-04 3.513395142916912565e-04 1.000000000000000000e+00
-2.705750000000000099e+00 1.000000000000000048e-04 3.518835555427352870e-04 1.000000000000000000e+00
-2.705000000000000071e+00 1.000000000000000048e-04 3.524284264226613494e-04 1.000000000000000000e+00
-2.704250000000000043e+00 1.000000000000000048e-04 3.529741281572888571e-04 1.000000000000000000e+00
-2.703500000000000014e+00 1.000000000000000048e-04 3.535206619741231037e-04 1.000000000000000000e+00
-2.702749999999999986e+00 1.000000000000000048e-04 3.540680291023578109e-04 1.000000000000000000e+00
-2.701999999999999957e+00 1.000000000000000048e-04 3.546162307728762124e-04 1.000000000000000000e+00
-2.701249999999999929e+00 1.000000000000000048e-04 3.551652682182537108e-04 1.000000000000000000e+00
-2.700499999999999901e+00 1.000000000000000048e-04 3.557151426727598285e-04 1.000000000000000000e+00
-2.699749999999999872e+00 1.000000000000000048e-04 3.562658553723588046e-04 1.000000000000000000e+00
-2.698999999999999844e+00 1.000000000000000048e-04 3.568174075547133348e-04 1.000000000000000000e+00
-2.698249999999999815e+00 1.000000000000000048e-04 3.573698004591857645e-04 1.000000000000000000e+00
-2.697499999999999787e+00 1.000000000000000048e-04 3.579230353268388477e-04 1.000000000000000000e+00
-2.696749999999999758e+00 1.000000000000000048e-04 3.584771134004393245e-04 1.000000000000000000e+00
-2.695999999999999730e+00 1.000000000000000048e-04 3.590320359244591141e-04 1.000000000000000000e+00
-2.695250000000000146e+00 1.000000000000000048e-04 3.595878041450766699e-04 1.000000000000000000e+00
-2.694500000000000117e+00 1.000000000000000048e-04 3.601444193101812079e-04 1.000000000000000000e+00
-2.693750000000000089e+00 1.000000000000000048e-04 3.607018826693701588e-04 1.000000000000000000e+00
-2.693000000000000060e+00 1.000000000000000048e-04 3.612601954739564324e-04 1.000000000000000000e+00
-2.692250000000000032e+00 1.000000000000000048e-04 3.618193589769664112e-04 1.000000000000000000e+00
-2.691500000000000004e+00 1.000000000000000048e-04 3.623793744331427701e-04 1.000000000000000000e+00
-2.690749999999999975e+00 1.000000000000000048e-04 3.629402430989474575e-04 1.000000000000000000e+00
-2.689999999999999947e+00 1.000000000000000048e-04 3.635019662325627253e-04 1.000000000000000000e+00
-2.689249999999999918e+00 1.000000000000000048e-04 3.640645450938934059e-04 1.000000000000000000e+00
-2.688499999999999890e+00 1.000000000000000048e-04 3.646279809445681047e-04 1.000000000000000000e+00
-2.687749999999999861e+00 1.000000000000000048e-04 3.651922750479426154e-04 1.000000000000000000e+00
-2.686999999999999833e+00 1.000000000000000048e-04 3.657574286690995404e-04 1.000000000000000000e+00
-2.686249999999999805e+00 1.000000000000000048e-04 3.663234430748526279e-04 1.000000000000000000e+00
-2.685499999999999776e+00 1.000000000000000048e-04 3.668903195337473678e-04 1.000000000000000000e+00
-2.684749999999999748e+00 1.000000000000000048e-04 3.674580593160625642e-04 1.000000000000000000e+00
-2.684000000000000163e+00 1.000000000000000048e-04 3.680266636938133167e-04 1.000000000000000000e+00
-2.683250000000000135e+00 1.000000000000000048e-04 3.685961339407525382e-04 1.000000000000000000e+00
-2.682500000000000107e+00 1.000000000000000048e-04 3.691664713323723648e-04 1.000000000000000000e+00
-2.681750000000000078e+00 1.000000000000000048e-04 3.697376771459070827e-04 1.000000000000000000e+00
-2.681000000000000050e+00 1.000000000000000048e-04 3.703097526603336162e-04 1.000000000000000000e+00
-2.680250000000000021e+00 1.000000000000000048e-04 3.708826991563748347e-04 1.000000000000000000e+00
-2.679499999999999993e+00 1.000000000000000048e-04 3.714565179165006908e-04 1.000000000000000000e+00
-2.678749999999999964e+00 1.000000000000000048e-04 3.720312102249303892e-04 1.000000000000000000e+00
-2.677999999999999936e+00 1.000000000000000048e-04 3.726067773676341750e-04 1.000000000000000000e+00
-2.677249999999999908e+00 1.000000000000000048e-04 3.731832206323359362e-04 1.000000000000000000e+00
-2.676499999999999879e+00 1.000000000000000048e-04 3.737605413085134747e-04 1.000000000000000000e+00
-2.675749999999999851e+00 1.000000000000000048e-04 3.743387406874021926e-04 1.000000000000000000e+00
-2.674999999999999822e+00 1.000000000000000048e-04 3.749178200619963388e-04 1.000000000000000000e+00
-2.674249999999999794e+00 1.000000000000000048e-04 3.754977807270502561e-04 1.000000000000000000e+00
-2.673499999999999766e+00 1.000000000000000048e-04 3.760786239790817422e-04 1.000000000000000000e+00
-2.672749999999999737e+00 1.000000000000000048e-04 3.766603511163725917e-04 1.000000000000000000e+00
-2.672000000000000153e+00 1.000000000000000048e-04 3.772429634389712523e-04 1.000000000000000000e+00
-2.671250000000000124e+00 1.000000000000000048e-04 3.778264622486948309e-04 1.000000000000000000e+00
-2.670500000000000096e+00 1.000000000000000048e-04 3.784108488491307195e-04 1.000000000000000000e+00
-2.669750000000000068e+00 1.000000000000000048e-04 3.789961245456376798e-04 1.000000000000000000e+00
-2.669000000000000039e+00 1.000000000000000048e-04 3.795822906453499086e-04 1.000000000000000000e+00
-2.668250000000000011e+00 1.000000000000000048e-04 3.801693484571770382e-04 1.000000000000000000e+00
-2.667499999999999982e+00 1.000000000000000048e-04 3.807572992918069007e-04 1.000000000000000000e+00
-2.666749999999999954e+00 1.000000000000000048e-04 3.813461444617071002e-04 1.000000000000000000e+00
-2.665999999999999925e+00 1.000000000000000048e-04 3.819358852811270189e-04 1.000000000000000000e+00
-2.665249999999999897e+00 1.000000000000000048e-04 3.825265230661003646e-04 1.000000000000000000e+00
-2.664499999999999869e+00 1.000000000000000048e-04 3.831180591344460922e-04 1.000000000000000000e+00
-2.663749999999999840e+00 1.000000000000000048e-04 3.837104948057711148e-04 1.000000000000000000e+00
-2.662999999999999812e+00 1.000000000000000048e-04 3.843038314014711162e-04 1.000000000000000000e+00
-2.662249999999999783e+00 1.000000000000000048e-04 3.848980702447347252e-04 1.000000000000000000e+00
-2.661499999999999755e+00 1.000000000000000048e-04 3.854932126605420525e-04 1.000000000000000000e+00
-2.660750000000000171e+00 1.000000000000000048e-04 3.860892599756703277e-04 1.000000000000000000e+00
-2.660000000000000142e+00 1.000000000000000048e-04 3.866862135186935746e-04 1.000000000000000000e+00
-2.659250000000000114e+00 1.000000000000000048e-04 3.872840746199843458e-04 1.000000000000000000e+00
-2.658500000000000085e+00 1.000000000000000048e-04 3.878828446117170295e-04 1.000000000000000000e+00
-2.657750000000000057e+00 1.000000000000000048e-04 3.884825248278682831e-04 1.000000000000000000e+00
-2.657000000000000028e+00 1.000000000000000048e-04 3.890831166042207196e-04 1.000000000000000000e+00
-2.656250000000000000e+00 1.000000000000000048e-04 3.896846212783629075e-04 1.000000000000000000e+00
-2.655499999999999972e+00 1.000000000000000048e-04 3.902870401896931657e-04 1.000000000000000000e+00
-2.654749999999999943e+00 1.000000000000000048e-04 3.908903746794194548e-04 1.000000000000000000e+00
-2.653999999999999915e+00 1.000000000000000048e-04 3.914946260905633889e-04 1.000000000000000000e+00
-2.653249999999999886e+00 1.000000000000000048e-04 3.920997957679606691e-04 1.000000000000000000e+00
-2.652499999999999858e+00 1.000000000000000048e-04 3.927058850582637942e-04 1.000000000000000000e+00
-2.651749999999999829e+00 1.000000000000000048e-04 3.933128953099433072e-04 1.000000000000000000e+00
-2.650999999999999801e+00 1.000000000000000048e-04 3.939208278732904520e-04 1.000000000000000000e+00
-2.650249999999999773e+00 1.000000000000000048e-04 3.945296841004189621e-04 1.000000000000000000e+00
-2.649499999999999744e+00 1.000000000000000048e-04 3.951394653452663616e-04 1.000000000000000000e+00
-2.648750000000000160e+00 1.000000000000000048e-04 3.957501729635959711e-04 1.000000000000000000e+00
-2.648000000000000131e+00 1.000000000000000048e-04 3.963618083130007025e-04 1.000000000000000000e+00
-2.647250000000000103e+00 1.000000000000000048e-04 3.969743727529022456e-04 1.000000000000000000e+00
-2.646500000000000075e+00 1.000000000000000048e-04 3.975878676445541581e-04 1.000000000000000000e+00
-2.645750000000000046e+00 1.000000000000000048e-04 3.982022943510445763e-04 1.000000000000000000e+00
-2.645000000000000018e+00 1.000000000000000048e-04 3.988176542372970823e-04 1.000000000000000000e+00
-2.644249999999999989e+00 1.000000000000000048e-04 3.994339486700726558e-04 1.000000000000000000e+00
-2.643499999999999961e+00 1.000000000000000048e-04 4.000511790179723842e-04 1.000000000000000000e+00
-2.642749999999999932e+00 1.000000000000000048e-04 4.006693466514388725e-04 1.000000000000000000e+00
-2.641999999999999904e+00 1.000000000000000048e-04 4.012884529427580859e-04 1.000000000000000000e+00
-2.641249999999999876e+00 1.000000000000000048e-04 4.019084992660615732e-04 1.000000000000000000e+00
-2.640499999999999847e+00 1.000000000000000048e-04 4.025294869973278754e-04 1.000000000000000000e+00
-2.639749999999999819e+00 1.000000000000000048e-04 4.031514175143854537e-04 1.000000000000000000e+00
-2.638999999999999790e+00 1.000000000000000048e-04 4.037742921969132313e-04 1.000000000000000000e+00
-2.638249999999999762e+00 1.000000000000000048e-04 4.043981124264437919e-04 1.000000000000000000e+00
-2.637499999999999734e+00 1.000000000000000048e-04 4.050228795863648431e-04 1.000000000000000000e+00
-2.636750000000000149e+00 1.000000000000000048e-04 4.056485950619201928e-04 1.000000000000000000e+00
-2.636000000000000121e+00 1.000000000000000048e-04 4.062752602402140852e-04 1.000000000000000000e+00
-2.635250000000000092e+00 1.000000000000000048e-04 4.069028765102103884e-04 1.000000000000000000e+00
-2.634500000000000064e+00 1.000000000000000048e-04 4.075314452627359549e-04 1.000000000000000000e+00
-2.633750000000000036e+00 1.000000000000000048e-04 4.081609678904830072e-04 1.000000000000000000e+00
-2.633000000000000007e+00 1.000000000000000048e-04 4.087914457880096795e-04 1.000000000000000000e+00
-2.632249999999999979e+00 1.000000000000000048e-04 4.094228803517426744e-04 1.000000000000000000e+00
-2.631499999999999950e+00 1.000000000000000048e-04 4.100552729799793227e-04 1.000000000000000000e+00
-2.630749999999999922e+00 1.000000000000000048e-04 4.106886250728894808e-04 1.000000000000000000e+00
-2.629999999999999893e+00 1.000000000000000048e-04 4.113229380325169400e-04 1.000000000000000000e+00
-2.629249999999999865e+00 1.000000000000000048e-04 4.119582132627827337e-04 1.000000000000000000e+00
-2.628499999999999837e+00 1.000000000000000048e-04 4.125944521694845405e-04 1.000000000000000000e+00
-2.627749999999999808e+00 1.000000000000000048e-04 4.132316561603015638e-04 1.000000000000000000e+00
-2.626999999999999780e+00 1.000000000000000048e-04 4.138698266447939349e-04 1.000000000000000000e+00
-2.626249999999999751e+00 1.000000000000000048e-04 4.145089650344066165e-04 1.000000000000000000e+00
-2.625500000000000167e+00 1.000000000000000048e-04 4.151490727424694024e-04 1.000000000000000000e+00
-2.624750000000000139e+00 1.000000000000000048e-04 4.157901511842013089e-04 1.000000000000000000e+00
-2.624000000000000110e+00 1.000000000000000048e-04 4.164322017767101950e-04 1.000000000000000000e+00
-2.623250000000000082e+00 1.000000000000000048e-04 4.170752259389950934e-04 1.000000000000000000e+00
-2.622500000000000053e+00 1.000000000000000048e-04 4.177192250919494095e-04 1.000000000000000000e+00
-2.621750000000000025e+00 1.000000000000000048e-04 4.183642006583616793e-04 1.000000000000000000e+00
-2.620999999999999996e+00 1.000000000000000048e-04 4.190101540629180099e-04 1.000000000000000000e+00
-2.620249999999999968e+00 1.000000000000000048e-04 4.196570867322038678e-04 1.000000000000000000e+00
-2.619499999999999940e+00 1.000000000000000048e-04 4.203050000947055969e-04 1.000000000000000000e+00
-2.618749999999999911e+00 1.000000000000000048e-04 4.209538955808126955e-04 1.000000000000000000e+00
-2.617999999999999883e+00 1.000000000000000048e-04 4.216037746228207977e-04 1.000000000000000000e+00
-2.617249999999999854e+00 1.000000000000000048e-04 4.222546386549310771e-04 1.000000000000000000e+00
-2.616499999999999826e+00 1.000000000000000048e-04 4.229064891132544753e-04 1.000000000000000000e+00
-2.615749999999999797e+00 1.000000000000000048e-04 4.235593274358129484e-04 1.000000000000000000e+00
-2.614999999999999769e+00 1.000000000000000048e-04 4.242131550625402809e-04 1.000000000000000000e+00
-2.614249999999999741e+00 1.000000000000000048e-04 4.248679734352864756e-04 1.000000000000000000e+00
-2.613500000000000156e+00 1.000000000000000048e-04 4.255237839978158031e-04 1.000000000000000000e+00
-2.612750000000000128e+00 1.000000000000000048e-04 4.261805881958137944e-04 1.000000000000000000e+00
-2.612000000000000099e+00 1.000000000000000048e-04 4.268383874768848555e-04 1.000000000000000000e+00
-2.611250000000000071e+00 1.000000000000000048e-04 4.274971832905554662e-04 1.000000000000000000e+00
-2.610500000000000043e+00 1.000000000000000048e-04 4.281569770882770530e-04 1.000000000000000000e+00
-2.609750000000000014e+00 1.000000000000000048e-04 4.288177703234273444e-04 1.000000000000000000e+00
-2.608999999999999986e+00 1.000000000000000048e-04 4.294795644513118888e-04 1.000000000000000000e+00
-2.608249999999999957e+00 1.000000000000000048e-04 4.301423609291658975e-04 1.000000000000000000e+00
-2.607499999999999929e+00 1.000000000000000048e-04 4.308061612161572808e-04 1.000000000000000000e+00
-2.606749999999999901e+00 1.000000000000000048e-04 4.314709667733870814e-04 1.000000000000000000e+00
-2.605999999999999872e+00 1.000000000000000048e-04 4.321367790638924559e-04 1.000000000000000000e+00
-2.605249999999999844e+00 1.000000000000000048e-04 4.328035995526479220e-04 1.000000000000000000e+00
-2.604499999999999815e+00 1.000000000000000048e-04 4.334714297065685022e-04 1.000000000000000000e+00
-2.603749999999999787e+00 1.000000000000000048e-04 4.341402709945092362e-04 1.000000000000000000e+00
-2.602999999999999758e+00 1.000000000000000048e-04 4.348101248872698974e-04 1.000000000000000000e+00
-2.602249999999999730e+00 1.000000000000000048e-04 4.354809928575948839e-04 1.000000000000000000e+00
-2.601500000000000146e+00 1.000000000000000048e-04 4.361528763801756042e-04 1.000000000000000000e+00
-2.600750000000000117e+00 1.000000000000000048e-04 4.368257769316534586e-04 1.000000000000000000e+00
-2.600000000000000089e+00 1.000000000000000048e-04 4.374996959906202187e-04 1.000000000000000000e+00
-2.599250000000000060e+00 1.000000000000000048e-04 4.381746350376207379e-04 1.000000000000000000e+00
-2.598500000000000032e+00 1.000000000000000048e-04 4.388505955551548487e-04 1.000000000000000000e+00
-2.597750000000000004e+00 1.000000000000000048e-04 4.395275790276787181e-04 1.000000000000000000e+00
-2.596999999999999975e+00 1.000000000000000048e-04 4.402055869416077747e-04 1.000000000000000000e+00
-2.596249999999999947e+00 1.000000000000000048e-04 4.408846207853173594e-04 1.000000000000000000e+00
-2.595499999999999918e+00 1.000000000000000048e-04 4.415646820491458697e-04 1.000000000000000000e+00
-2.594749999999999890e+00 1.000000000000000048e-04 4.422457722253959520e-04 1.000000000000000000e+00
-2.593999999999999861e+00 1.000000000000000048e-04 4.429278928083360740e-04 1.000000000000000000e+00
-2.593249999999999833e+00 1.000000000000000048e-04 4.436110452942037771e-04 1.000000000000000000e+00
-2.592499999999999805e+00 1.000000000000000048e-04 4.442952311812054596e-04 1.000000000000000000e+00
-2.591749999999999776e+00 1.000000000000000048e-04 4.449804519695206594e-04 1.000000000000000000e+00
-2.590999999999999748e+00 1.000000000000000048e-04 4.456667091613021082e-04 1.000000000000000000e+00
-2.590250000000000163e+00 1.000000000000000048e-04 4.463540042606778998e-04 1.000000000000000000e+00
-2.589500000000000135e+00 1.000000000000000048e-04 4.470423387737551763e-04 1.000000000000000000e+00
-2.588750000000000107e+00 1.000000000000000048e-04 4.477317142086196405e-04 1.000000000000000000e+00
-2.588000000000000078e+00 1.000000000000000048e-04 4.484221320753389167e-04 1.000000000000000000e+00
-2.587250000000000050e+00 1.000000000000000048e-04 4.491135938859627135e-04 1.000000000000000000e+00
-2.586500000000000021e+00 1.000000000000000048e-04 4.498061011545282989e-04 1.000000000000000000e+00
-2.585749999999999993e+00 1.000000000000000048e-04 4.504996553970580606e-04 1.000000000000000000e+00
-2.584999999999999964e+00 1.000000000000000048e-04 4.511942581315640062e-04 1.000000000000000000e+00
-2.584249999999999936e+00 1.000000000000000048e-04 4.518899108780497138e-04 1.000000000000000000e+00
-2.583499999999999908e+00 1.000000000000000048e-04 4.525866151585104954e-04 1.000000000000000000e+00
-2.582749999999999879e+00 1.000000000000000048e-04 4.532843724969370827e-04 1.000000000000000000e+00
-2.581999999999999851e+00 1.000000000000000048e-04 4.539831844193167659e-04 1.000000000000000000e+00
-2.581249999999999822e+00 1.000000000000000048e-04 4.546830524536355075e-04 1.000000000000000000e+00
-2.580499999999999794e+00 1.000000000000000048e-04 4.553839781298784847e-04 1.000000000000000000e+00
-2.579749999999999766e+00 1.000000000000000048e-04 4.560859629800344262e-04 1.000000000000000000e+00
-2.578999999999999737e+00 1.000000000000000048e-04 4.567890085380954491e-04 1.000000000000000000e+00
-2.578250000000000153e+00 1.000000000000000048e-04 4.574931163400598245e-04 1.000000000000000000e+00
-2.577500000000000124e+00 1.000000000000000048e-04 4.581982879239346871e-04 1.000000000000000000e+00
-2.576750000000000096e+00 1.000000000000000048e-04 4.589045248297352227e-04 1.000000000000000000e+00
-2.576000000000000068e+00 1.000000000000000048e-04 4.596118285994894924e-04 1.000000000000000000e+00
-2.575250000000000039e+00 1.000000000000000048e-04 4.603202007772384330e-04 1.000000000000000000e+00
-2.574500000000000011e+00 1.000000000000000048e-04 4.610296429090390553e-04 1.000000000000000000e+00
-2.573749999999999982e+00 1.000000000000000048e-04 4.617401565429650944e-04 1.000000000000000000e+00
-2.572999999999999954e+00 1.000000000000000048e-04 4.624517432291095579e-04 1.000000000000000000e+00
-2.572249999999999925e+00 1.000000000000000048e-04 4.631644045195863518e-04 1.000000000000000000e+00
-2.571499999999999897e+00 1.000000000000000048e-04 4.638781419685327747e-04 1.000000000000000000e+00
-2.570749999999999869e+00 1.000000000000000048e-04 4.645929571321107099e-04 1.000000000000000000e+00
-2.569999999999999840e+00 1.000000000000000048e-04 4.653088515685081979e-04 1.000000000000000000e+00
-2.569249999999999812e+00 1.000000000000000048e-04 4.660258268379424717e-04 1.000000000000000000e+00
-2.568499999999999783e+00 1.000000000000000048e-04 4.667438845026608790e-04 1.000000000000000000e+00
-2.567749999999999755e+00 1.000000000000000048e-04 4.674630261269423995e-04 1.000000000000000000e+00
-2.567000000000000171e+00 1.000000000000000048e-04 4.681832532771010064e-04 1.000000000000000000e+00
-2.566250000000000142e+00 1.000000000000000048e-04 4.689045675214868585e-04 1.000000000000000000e+00
-2.565500000000000114e+00 1.000000000000000048e-04 4.696269704304870595e-04 1.000000000000000000e+00
-2.564750000000000085e+00 1.000000000000000048e-04 4.703504635765286940e-04 1.000000000000000000e+00
-2.564000000000000057e+00 1.000000000000000048e-04 4.710750485340808326e-04 1.000000000000000000e+00
-2.563250000000000028e+00 1.000000000000000048e-04 4.718007268796550746e-04 1.000000000000000000e+00
-2.562500000000000000e+00 1.000000000000000048e-04 4.725275001918091797e-04 1.000000000000000000e+00
-2.561749999999999972e+00 1.000000000000000048e-04 4.732553700511476645e-04 1.000000000000000000e+00
-2.560999999999999943e+00 1.000000000000000048e-04 4.739843380403238084e-04 1.000000000000000000e+00
-2.560249999999999915e+00 1.000000000000000048e-04 4.747144057440424720e-04 1.000000000000000000e+00
-2.559499999999999886e+00 1.000000000000000048e-04 4.754455747490601522e-04 1.000000000000000000e+00
-2.558749999999999858e+00 1.000000000000000048e-04 4.761778466441888842e-04 1.000000000000000000e+00
-2.557999999999999829e+00 1.000000000000000048e-04 4.769112230202959715e-04 1.000000000000000000e+00
-2.557249999999999801e+00 1.000000000000000048e-04 4.776457054703081594e-04 1.000000000000000000e+00
-2.556499999999999773e+00 1.000000000000000048e-04 4.783812955892116896e-04 1.000000000000000000e+00
-2.555749999999999744e+00 1.000000000000000048e-04 4.791179949740541431e-04 1.000000000000000000e+00
-2.555000000000000160e+00 1.000000000000000048e-04 4.798558052239474759e-04 1.000000000000000000e+00
-2.554250000000000131e+00 1.000000000000000048e-04 4.805947279400699166e-04 1.000000000000000000e+00
-2.553500000000000103e+00 1.000000000000000048e-04 4.813347647256662918e-04 1.000000000000000000e+00
-2.552750000000000075e+00 1.000000000000000048e-04 4.820759171860498687e-04 1.000000000000000000e+00
-2.552000000000000046e+00 1.000000000000000048e-04 4.828181869286073428e-04 1.000000000000000000e+00
-2.551250000000000018e+00 1.000000000000000048e-04 4.835615755627956937e-04 1.000000000000000000e+00
-2.550499999999999989e+00 1.000000000000000048e-04 4.843060847001485277e-04 1.000000000000000000e+00
-2.549749999999999961e+00 1.000000000000000048e-04 4.850517159542756438e-04 1.000000000000000000e+00
-2.548999999999999932e+00 1.000000000000000048e-04 4.857984709408647147e-04 1.000000000000000000e+00
-2.548249999999999904e+00 1.000000000000000048e-04 4.865463512776838344e-04 1.000000000000000000e+00
-2.547499999999999876e+00 1.000000000000000048e-04 4.872953585845841745e-04 1.000000000000000000e+00
-2.546749999999999847e+00 1.000000000000000048e-04 4.880454944834995506e-04 1.000000000000000000e+00
-2.545999999999999819e+00 1.000000000000000048e-04 4.887967605984498915e-04 1.000000000000000000e+00
-2.545249999999999790e+00 1.000000000000000048e-04 4.895491585555430828e-04 1.000000000000000000e+00
-2.544499999999999762e+00 1.000000000000000048e-04 4.903026899829757796e-04 1.000000000000000000e+00
-2.543749999999999734e+00 1.000000000000000048e-04 4.910573565110360091e-04 1.000000000000000000e+00
-2.543000000000000149e+00 1.000000000000000048e-04 4.918131597721052840e-04 1.000000000000000000e+00
-2.542250000000000121e+00 1.000000000000000048e-04 4.925701014006592538e-04 1.000000000000000000e+00
-2.541500000000000092e+00 1.000000000000000048e-04 4.933281830332706319e-04 1.000000000000000000e+00
-2.540750000000000064e+00 1.000000000000000048e-04 4.940874063086106048e-04 1.000000000000000000e+00
-2.540000000000000036e+00 1.000000000000000048e-04 4.948477728674502418e-04 1.000000000000000000e+00
-2.539250000000000007e+00 1.000000000000000048e-04 4.956092843526620131e-04 1.000000000000000000e+00
-2.538499999999999979e+00 1.000000000000000048e-04 4.963719424092242344e-04 1.000000000000000000e+00
-2.537749999999999950e+00 1.000000000000000048e-04 4.971357486842188991e-04 1.000000000000000000e+00
-2.536999999999999922e+00 1.000000000000000048e-04 4.979007048268362318e-04 1.000000000000000000e+00
-2.536249999999999893e+00 1.000000000000000048e-04 4.986668124883756638e-04 1.000000000000000000e+00
-2.535499999999999865e+00 1.000000000000000048e-04 4.994340733222480018e-04 1.000000000000000000e+00
-2.534749999999999837e+00 1.000000000000000048e-04 5.002024889839762952e-04 1.000000000000000000e+00
-2.533999999999999808e+00 1.000000000000000048e-04 5.009720611311978961e-04 1.000000000000000000e+00
-2.533249999999999780e+00 1.000000000000000048e-04 5.017427914236679285e-04 1.000000000000000000e+00
-2.532499999999999751e+00 1.000000000000000048e-04 5.025146815232585298e-04 1.000000000000000000e+00
-2.531750000000000167e+00 1.000000000000000048e-04 5.032877330939617777e-04 1.000000000000000000e+00
-2.531000000000000139e+00 1.000000000000000048e-04 5.040619478018929433e-04 1.000000000000000000e+00
-2.530250000000000110e+00 1.000000000000000048e-04 5.048373273152891895e-04 1.000000000000000000e+00
-2.529500000000000082e+00 1.000000000000000048e-04 5.056138733045134745e-04 1.000000000000000000e+00
-2.528750000000000053e+00 1.000000000000000048e-04 5.063915874420562863e-04 1.000000000000000000e+00
-2.528000000000000025e+00 1.000000000000000048e-04 5.071704714025364021e-04 1.000000000000000000e+00
-2.527249999999999996e+00 1.000000000000000048e-04 5.079505268627039234e-04 1.000000000000000000e+00
-2.526499999999999968e+00 1.000000000000000048e-04 5.087317555014406016e-04 1.000000000000000000e+00
-2.525749999999999940e+00 1.000000000000000048e-04 5.095141589997626572e-04 1.000000000000000000e+00
-2.524999999999999911e+00 1.000000000000000048e-04 5.102977390408227308e-04 1.000000000000000000e+00
-2.524249999999999883e+00 1.000000000000000048e-04 5.110824973099107509e-04 1.000000000000000000e+00
-2.523499999999999854e+00 1.000000000000000048e-04 5.118684354944551262e-04 1.000000000000000000e+00
-2.522749999999999826e+00 1.000000000000000048e-04 5.126555552840276250e-04 1.000000000000000000e+00
-2.521999999999999797e+00 1.000000000000000048e-04 5.134438583703414228e-04 1.000000000000000000e+00
-2.521249999999999769e+00 1.000000000000000048e-04 5.142333464472550065e-04 1.000000000000000000e+00
-2.520499999999999741e+00 1.000000000000000048e-04 5.150240212107729323e-04 1.000000000000000000e+00
-2.519750000000000156e+00 1.000000000000000048e-04 5.158158843590476697e-04 1.000000000000000000e+00
-2.519000000000000128e+00 1.000000000000000048e-04 5.166089375923837209e-04 1.000000000000000000e+00
-2.518250000000000099e+00 1.000000000000000048e-04 5.174031826132342599e-04 1.000000000000000000e+00
-2.517500000000000071e+00 1.000000000000000048e-04 5.181986211262088306e-04 1.000000000000000000e+00
-2.516750000000000043e+00 1.000000000000000048e-04 5.189952548380695517e-04 1.000000000000000000e+00
-2.516000000000000014e+00 1.000000000000000048e-04 5.197930854577376223e-04 1.000000000000000000e+00
-2.515249999999999986e+00 1.000000000000000048e-04 5.205921146962912615e-04 1.000000000000000000e+00
-2.514499999999999957e+00 1.000000000000000048e-04 5.213923442669704793e-04 1.000000000000000000e+00
-2.513749999999999929e+00 1.000000000000000048e-04 5.221937758851766427e-04 1.000000000000000000e+00
-2.512999999999999901e+00 1.000000000000000048e-04 5.229964112684743188e-04 1.000000000000000000e+00
-2.512249999999999872e+00 1.000000000000000048e-04 5.238002521365956116e-04 1.000000000000000000e+00
-2.511499999999999844e+00 1.000000000000000048e-04 5.246053002114375603e-04 1.000000000000000000e+00
-2.510749999999999815e+00 1.000000000000000048e-04 5.254115572170677765e-04 1.000000000000000000e+00
-2.509999999999999787e+00 1.000000000000000048e-04 5.262190248797242280e-04 1.000000000000000000e+00
-2.509249999999999758e+00 1.000000000000000048e-04 5.270277049278169730e-04 1.000000000000000000e+00
-2.508499999999999730e+00 1.000000000000000048e-04 5.278375990919310879e-04 1.000000000000000000e+00
-2.507750000000000146e+00 1.000000000000000048e-04 5.286487091048256912e-04 1.000000000000000000e+00
-2.507000000000000117e+00 1.000000000000000048e-04 5.294610367014403402e-04 1.000000000000000000e+00
-2.506250000000000089e+00 1.000000000000000048e-04 5.302745836188905862e-04 1.000000000000000000e+00
-2.505500000000000060e+00 1.000000000000000048e-04 5.310893515964754553e-04 1.000000000000000000e+00
-2.504750000000000032e+00 1.000000000000000048e-04 5.319053423756752797e-04 1.000000000000000000e+00
-2.504000000000000004e+00 1.000000000000000048e-04 5.327225577001549507e-04 1.000000000000000000e+00
-2.503249999999999975e+00 1.000000000000000048e-04 5.335409993157655449e-04 1.000000000000000000e+00
-2.502499999999999947e+00 1.000000000000000048e-04 5.343606689705460589e-04 1.000000000000000000e+00
-2.501749999999999918e+00 1.000000000000000048e-04 5.351815684147244933e-04 1.000000000000000000e+00
-2.500999999999999890e+00 1.000000000000000048e-04 5.360036994007198047e-04 1.000000000000000000e+00
-2.500249999999999861e+00 1.000000000000000048e-04 5.368270636831445073e-04 1.000000000000000000e+00
-2.499499999999999833e+00 1.000000000000000048e-04 5.376516630188042396e-04 1.000000000000000000e+00
-2.498749999999999805e+00 1.000000000000000048e-04 5.384774991667023178e-04 1.000000000000000000e+00
-2.497999999999999776e+00 1.000000000000000048e-04 5.393045738880380014e-04 1.000000000000000000e+00
-2.497249999999999748e+00 1.000000000000000048e-04 5.401328889462120222e-04 1.000000000000000000e+00
-2.496500000000000163e+00 1.000000000000000048e-04 5.409624461068237656e-04 1.000000000000000000e+00
-2.495750000000000135e+00 1.000000000000000048e-04 5.417932471376779927e-04 1.000000000000000000e+00
-2.495000000000000107e+00 1.000000000000000048e-04 5.426252938087822381e-04 1.000000000000000000e+00
-2.494250000000000078e+00 1.000000000000000048e-04 5.434585878923502795e-04 1.000000000000000000e+00
-2.493500000000000050e+00 1.000000000000000048e-04 5.442931311628036554e-04 1.000000000000000000e+00
-2.492750000000000021e+00 1.000000000000000048e-04 5.451289253967736169e-04 1.000000000000000000e+00
-2.491999999999999993e+00 1.000000000000000048e-04 5.459659723731022114e-04 1.000000000000000000e+00
-2.491249999999999964e+00 1.000000000000000048e-04 5.468042738728433674e-04 1.000000000000000000e+00
-2.490499999999999936e+00 1.000000000000000048e-04 5.476438316792663638e-04 1.000000000000000000e+00
-2.489749999999999908e+00 1.000000000000000048e-04 5.484846475778561549e-04 1.000000000000000000e+00
-2.488999999999999879e+00 1.000000000000000048e-04 5.493267233563149969e-04 1.000000000000000000e+00
-2.488249999999999851e+00 1.000000000000000048e-04 5.501700608045639656e-04 1.000000000000000000e+00
-2.487499999999999822e+00 1.000000000000000048e-04 5.510146617147454505e-04 1.000000000000000000e+00
-2.486749999999999794e+00 1.000000000000000048e-04 5.518605278812243470e-04 1.000000000000000000e+00
-2.485999999999999766e+00 1.000000000000000048e-04 5.527076611005882732e-04 1.000000000000000000e+00
-2.485249999999999737e+00 1.000000000000000048e-04 5.535560631716525577e-04 1.000000000000000000e+00
-2.484500000000000153e+00 1.000000000000000048e-04 5.544057358954577455e-04 1.000000000000000000e+00
-2.483750000000000124e+00 1.000000000000000048e-04 5.552566810752749106e-04 1.000000000000000000e+00
-2.483000000000000096e+00 1.000000000000000048e-04 5.561089005166042470e-04 1.000000000000000000e+00
-2.482250000000000068e+00 1.000000000000000048e-04 5.569623960271787542e-04 1.000000000000000000e+00
-2.481500000000000039e+00 1.000000000000000048e-04 5.578171694169645634e-04 1.000000000000000000e+00
-2.480750000000000011e+00 1.000000000000000048e-04 5.586732224981634303e-04 1.000000000000000000e+00
-2.479999999999999982e+00 1.000000000000000048e-04 5.595305570852137115e-04 1.000000000000000000e+00
-2.479249999999999954e+00 1.000000000000000048e-04 5.603891749947917736e-04 1.000000000000000000e+00
-2.478499999999999925e+00 1.000000000000000048e-04 5.612490780458147038e-04 1.000000000000000000e+00
-2.477749999999999897e+00 1.000000000000000048e-04 5.621102680594407437e-04 1.000000000000000000e+00
-2.476999999999999869e+00 1.000000000000000048e-04 5.629727468590709155e-04 1.000000000000000000e+00
-2.476249999999999840e+00 1.000000000000000048e-04 5.638365162703514073e-04 1.000000000000000000e+00
-2.475499999999999812e+00 1.000000000000000048e-04 5.647015781211749824e-04 1.000000000000000000e+00
-2.474749999999999783e+00 1.000000000000000048e-04 5.655679342416811963e-04 1.000000000000000000e+00
-2.473999999999999755e+00 1.000000000000000048e-04 5.664355864642593242e-04 1.000000000000000000e+00
-2.473249999999999726e+00 1.000000000000000048e-04 5.673045366235502035e-04 1.000000000000000000e+00
-2.472500000000000142e+00 1.000000000000000048e-04 5.681747865564460180e-04 1.000000000000000000e+00
-2.471750000000000114e+00 1.000000000000000048e-04 5.690463381020941999e-04 1.000000000000000000e+00
-2.471000000000000085e+00 1.000000000000000048e-04 5.699191931018968886e-04 1.000000000000000000e+00
-2.470250000000000057e+00 1.000000000000000048e-04 5.707933533995134239e-04 1.000000000000000000e+00
-2.469500000000000028e+00 1.000000000000000048e-04 5.716688208408619723e-04 1.000000000000000000e+00
-2.468750000000000000e+00 1.000000000000000048e-04 5.725455972741202862e-04 1.000000000000000000e+00
-2.467999999999999972e+00 1.000000000000000048e-04 5.734236845497290647e-04 1.000000000000000000e+00
-2.467249999999999943e+00 1.000000000000000048e-04 5.743030845203900021e-04 1.000000000000000000e+00
-2.466499999999999915e+00 1.000000000000000048e-04 5.751837990410721847e-04 1.000000000000000000e+00
-2.465749999999999886e+00 1.000000000000000048e-04 5.760658299690092719e-04 1.000000000000000000e+00
-2.464999999999999858e+00 1.000000000000000048e-04 5.769491791637020982e-04 1.000000000000000000e+00
-2.464249999999999829e+00 1.000000000000000048e-04 5.778338484869223598e-04 1.000000000000000000e+00
-2.463499999999999801e+00 1.000000000000000048e-04 5.787198398027112046e-04 1.000000000000000000e+00
-2.462749999999999773e+00 1.000000000000000048e-04 5.796071549773823767e-04 1.000000000000000000e+00
-2.461999999999999744e+00 1.000000000000000048e-04 5.804957958795242765e-04 1.000000000000000000e+00
-2.461250000000000160e+00 1.000000000000000048e-04 5.813857643799977921e-04 1.000000000000000000e+00
-2.460500000000000131e+00 1.000000000000000048e-04 5.822770623519446477e-04 1.000000000000000000e+00
-2.459750000000000103e+00 1.000000000000000048e-04 5.831696916707812236e-04 1.000000000000000000e+00
-2.459000000000000075e+00 1.000000000000000048e-04 5.840636542142044110e-04 1.000000000000000000e+00
-2.458250000000000046e+00 1.000000000000000048e-04 5.849589518621931298e-04 1.000000000000000000e+00
-2.457500000000000018e+00 1.000000000000000048e-04 5.858555864970077867e-04 1.000000000000000000e+00
-2.456749999999999989e+00 1.000000000000000048e-04 5.867535600031933106e-04 1.000000000000000000e+00
-2.455999999999999961e+00 1.000000000000000048e-04 5.876528742675803454e-04 1.000000000000000000e+00
-2.455249999999999932e+00 1.000000000000000048e-04 5.885535311792855755e-04 1.000000000000000000e+00
-2.454499999999999904e+00 1.000000000000000048e-04 5.894555326297149780e-04 1.000000000000000000e+00
-2.453749999999999876e+00 1.000000000000000048e-04 5.903588805125637145e-04 1.000000000000000000e+00
-2.452999999999999847e+00 1.000000000000000048e-04 5.912635767238190584e-04 1.000000000000000000e+00
-2.452249999999999819e+00 1.000000000000000048e-04 5.921696231617599613e-04 1.000000000000000000e+00
-2.451499999999999790e+00 1.000000000000000048e-04 5.930770217269593298e-04 1.000000000000000000e+00
-2.450749999999999762e+00 1.000000000000000048e-04 5.939857743222873862e-04 1.000000000000000000e+00
-2.449999999999999734e+00 1.000000000000000048e-04 5.948958828529088503e-04 1.000000000000000000e+00
-2.449250000000000149e+00 1.000000000000000048e-04 5.958073492262878175e-04 1.000000000000000000e+00
-2.448500000000000121e+00 1.000000000000000048e-04 5.967201753521899276e-04 1.000000000000000000e+00
-2.447750000000000092e+00 1.000000000000000048e-04 5.976343631426794378e-04 1.000000000000000000e+00
-2.447000000000000064e+00 1.000000000000000048e-04 5.985499145121239923e-04 1.000000000000000000e+00
-2.446250000000000036e+00 1.000000000000000048e-04 5.994668313771951652e-04 1.000000000000000000e+00
-2.445500000000000007e+00 1.000000000000000048e-04 6.003851156568707371e-04 1.000000000000000000e+00
-2.444749999999999979e+00 1.000000000000000048e-04 6.013047692724342612e-04 1.000000000000000000e+00
-2.443999999999999950e+00 1.000000000000000048e-04 6.022257941474767982e-04 1.000000000000000000e+00
-2.443249999999999922e+00 1.000000000000000048e-04 6.031481922079009279e-04 1.000000000000000000e+00
-2.442499999999999893e+00 1.000000000000000048e-04 6.040719653819183639e-04 1.000000000000000000e+00
-2.441749999999999865e+00 1.000000000000000048e-04 6.049971156000538567e-04 1.000000000000000000e+00
-2.440999999999999837e+00 1.000000000000000048e-04 6.059236447951449767e-04 1.000000000000000000e+00
-2.440249999999999808e+00 1.000000000000000048e-04 6.068515549023446084e-04 1.000000000000000000e+00
-2.439499999999999780e+00 1.000000000000000048e-04 6.077808478591220339e-04 1.000000000000000000e+00
-2.438749999999999751e+00 1.000000000000000048e-04 6.087115256052645597e-04 1.000000000000000000e+00
-2.438000000000000167e+00 1.000000000000000048e-04 6.096435900828769744e-04 1.000000000000000000e+00
-2.437250000000000139e+00 1.000000000000000048e-04 6.105770432363865361e-04 1.000000000000000000e+00
-2.436500000000000110e+00 1.000000000000000048e-04 6.115118870125402619e-04 1.000000000000000000e+00
-2.435750000000000082e+00 1.000000000000000048e-04 6.124481233604082888e-04 1.000000000000000000e+00
-2.435000000000000053e+00 1.000000000000000048e-04 6.133857542313863676e-04 1.000000000000000000e+00
-2.434250000000000025e+00 1.000000000000000048e-04 6.143247815791939110e-04 1.000000000000000000e+00
-2.433499999999999996e+00 1.000000000000000048e-04 6.152652073598786561e-04 1.000000000000000000e+00
-2.432749999999999968e+00 1.000000000000000048e-04 6.162070335318153630e-04 1.000000000000000000e+00
-2.431999999999999940e+00 1.000000000000000048e-04 6.171502620557091758e-04 1.000000000000000000e+00
-2.431249999999999911e+00 1.000000000000000048e-04 6.180948948945957314e-04 1.000000000000000000e+00
-2.430499999999999883e+00 1.000000000000000048e-04 6.190409340138423519e-04 1.000000000000000000e+00
-2.429749999999999854e+00 1.000000000000000048e-04 6.199883813811493454e-04 1.000000000000000000e+00
-2.428999999999999826e+00 1.000000000000000048e-04 6.209372389665529339e-04 1.000000000000000000e+00
-2.428249999999999797e+00 1.000000000000000048e-04 6.218875087424239516e-04 1.000000000000000000e+00
-2.427499999999999769e+00 1.000000000000000048e-04 6.228391926834703392e-04 1.000000000000000000e+00
-2.426749999999999741e+00 1.000000000000000048e-04 6.237922927667390949e-04 1.000000000000000000e+00
-2.426000000000000156e+00 1.000000000000000048e-04 6.247468109716152991e-04 1.000000000000000000e+00
-2.425250000000000128e+00 1.000000000000000048e-04 6.257027492798275352e-04 1.000000000000000000e+00
-2.424500000000000099e+00 1.000000000000000048e-04 6.266601096754437694e-04 1.000000000000000000e+00
-2.423750000000000071e+00 1.000000000000000048e-04 6.276188941448767721e-04 1.000000000000000000e+00
-2.423000000000000043e+00 1.000000000000000048e-04 6.285791046768832505e-04 1.000000000000000000e+00
-2.422250000000000014e+00 1.000000000000000048e-04 6.295407432625654744e-04 1.000000000000000000e+00
-2.421499999999999986e+00 1.000000000000000048e-04 6.305038118953735539e-04 1.000000000000000000e+00
-2.420749999999999957e+00 1.000000000000000048e-04 6.314683125711044627e-04 1.000000000000000000e+00
-2.419999999999999929e+00 1.000000000000000048e-04 6.324342472879051829e-04 1.000000000000000000e+00
-2.419249999999999901e+00 1.000000000000000048e-04 6.334016180462734638e-04 1.000000000000000000e+00
-2.418499999999999872e+00 1.000000000000000048e-04 6.343704268490583638e-04 1.000000000000000000e+00
-2.417749999999999844e+00 1.000000000000000048e-04 6.353406757014623107e-04 1.000000000000000000e+00
-2.416999999999999815e+00 1.000000000000000048e-04 6.363123666110407761e-04 1.000000000000000000e+00
-2.416249999999999787e+00 1.000000000000000048e-04 6.372855015877060703e-04 1.000000000000000000e+00
-2.415499999999999758e+00 1.000000000000000048e-04 6.382600826437256078e-04 1.000000000000000000e+00
-2.414749999999999730e+00 1.000000000000000048e-04 6.392361117937246174e-04 1.000000000000000000e+00
-2.414000000000000146e+00 1.000000000000000048e-04 6.402135910546867927e-04 1.000000000000000000e+00
-2.413250000000000117e+00 1.000000000000000048e-04 6.411925224459572199e-04 1.000000000000000000e+00
-2.412500000000000089e+00 1.000000000000000048e-04 6.421729079892406428e-04 1.000000000000000000e+00
-2.411750000000000060e+00 1.000000000000000048e-04 6.431547497086033058e-04 1.000000000000000000e+00
-2.411000000000000032e+00 1.000000000000000048e-04 6.441380496304758814e-04 1.000000000000000000e+00
-2.410250000000000004e+00 1.000000000000000048e-04 6.451228097836536873e-04 1.000000000000000000e+00
-2.409499999999999975e+00 1.000000000000000048e-04 6.461090321992957099e-04 1.000000000000000000e+00
-2.408749999999999947e+00 1.000000000000000048e-04 6.470967189109295926e-04 1.000000000000000000e+00
-2.407999999999999918e+00 1.000000000000000048e-04 6.480858719544484907e-04 1.000000000000000000e+00
-2.407249999999999890e+00 1.000000000000000048e-04 6.490764933681175772e-04 1.000000000000000000e+00
-2.406499999999999861e+00 1.000000000000000048e-04 6.500685851925676459e-04 1.000000000000000000e+00
-2.405749999999999833e+00 1.000000000000000048e-04 6.510621494708034593e-04 1.000000000000000000e+00
-2.404999999999999805e+00 1.000000000000000048e-04 6.520571882482008221e-04 1.000000000000000000e+00
-2.404249999999999776e+00 1.000000000000000048e-04 6.530537035725086405e-04 1.000000000000000000e+00
-2.403499999999999748e+00 1.000000000000000048e-04 6.540516974938500065e-04 1.000000000000000000e+00
-2.402750000000000163e+00 1.000000000000000048e-04 6.550511720647221982e-04 1.000000000000000000e+00
-2.402000000000000135e+00 1.000000000000000048e-04 6.560521293400009080e-04 1.000000000000000000e+00
-2.401250000000000107e+00 1.000000000000000048e-04 6.570545713769367730e-04 1.000000000000000000e+00
-2.400500000000000078e+00 1.000000000000000048e-04 6.580585002351598206e-04 1.000000000000000000e+00
-2.399750000000000050e+00 1.000000000000000048e-04 6.590639179766792513e-04 1.000000000000000000e+00
-2.399000000000000021e+00 1.000000000000000048e-04 6.600708266658840894e-04 1.000000000000000000e+00
-2.398249999999999993e+00 1.000000000000000048e-04 6.610792283695449177e-04 1.000000000000000000e+00
-2.397499999999999964e+00 1.000000000000000048e-04 6.620891251568152870e-04 1.000000000000000000e+00
-2.396749999999999936e+00 1.000000000000000048e-04 6.631005190992306318e-04 1.000000000000000000e+00
-2.395999999999999908e+00 1.000000000000000048e-04 6.641134122707115228e-04 1.000000000000000000e+00
-2.395249999999999879e+00 1.000000000000000048e-04 6.651278067475638843e-04 1.000000000000000000e+00
-2.394499999999999851e+00 1.000000000000000048e-04 6.661437046084798608e-04 1.000000000000000000e+00
-2.393749999999999822e+00 1.000000000000000048e-04 6.671611079345379260e-04 1.000000000000000000e+00
-2.392999999999999794e+00 1.000000000000000048e-04 6.681800188092053760e-04 1.000000000000000000e+00
-2.392249999999999766e+00 1.000000000000000048e-04 6.692004393183386551e-04 1.000000000000000000e+00
-2.391499999999999737e+00 1.000000000000000048e-04 6.702223715501836807e-04 1.000000000000000000e+00
-2.390750000000000153e+00 1.000000000000000048e-04 6.712458175953776862e-04 1.000000000000000000e+00
-2.390000000000000124e+00 1.000000000000000048e-04 6.722707795469504144e-04 1.000000000000000000e+00
-2.389250000000000096e+00 1.000000000000000048e-04 6.732972595003231409e-04 1.000000000000000000e+00
-2.388500000000000068e+00 1.000000000000000048e-04 6.743252595533109515e-04 1.000000000000000000e+00
-2.387750000000000039e+00 1.000000000000000048e-04 6.753547818061250187e-04 1.000000000000000000e+00
-2.387000000000000011e+00 1.000000000000000048e-04 6.763858283613696743e-04 1.000000000000000000e+00
-2.386249999999999982e+00 1.000000000000000048e-04 6.774184013240473973e-04 1.000000000000000000e+00
-2.385499999999999954e+00 1.000000000000000048e-04 6.784525028015577289e-04 1.000000000000000000e+00
-2.384749999999999925e+00 1.000000000000000048e-04 6.794881349036974898e-04 1.000000000000000000e+00
-2.383999999999999897e+00 1.000000000000000048e-04 6.805252997426627318e-04 1.000000000000000000e+00
-2.383249999999999869e+00 1.000000000000000048e-04 6.815639994330497135e-04 1.000000000000000000e+00
-2.382499999999999840e+00 1.000000000000000048e-04 6.826042360918552253e-04 1.000000000000000000e+00
-2.381749999999999812e+00 1.000000000000000048e-04 6.836460118384775657e-04 1.000000000000000000e+00
-2.380999999999999783e+00 1.000000000000000048e-04 6.846893287947165407e-04 1.000000000000000000e+00
-2.380249999999999755e+00 1.000000000000000048e-04 6.857341890847767170e-04 1.000000000000000000e+00
-2.379499999999999726e+00 1.000000000000000048e-04 6.867805948352652531e-04 1.000000000000000000e+00
-2.378750000000000142e+00 1.000000000000000048e-04 6.878285481751940681e-04 1.000000000000000000e+00
-2.378000000000000114e+00 1.000000000000000048e-04 6.888780512359821183e-04 1.000000000000000000e+00
-2.377250000000000085e+00 1.000000000000000048e-04 6.899291061514532288e-04 1.000000000000000000e+00
-2.376500000000000057e+00 1.000000000000000048e-04 6.909817150578391291e-04 1.000000000000000000e+00
-2.375750000000000028e+00 1.000000000000000048e-04 6.920358800937786948e-04 1.000000000000000000e+00
-2.375000000000000000e+00 1.000000000000000048e-04 6.930916034003201153e-04 1.000000000000000000e+00
-2.374249999999999972e+00 1.000000000000000048e-04 6.941488871209198098e-04 1.000000000000000000e+00
-2.373499999999999943e+00 1.000000000000000048e-04 6.952077334014469812e-04 1.000000000000000000e+00
-2.372749999999999915e+00 1.000000000000000048e-04 6.962681443901779779e-04 1.000000000000000000e+00
-2.371999999999999886e+00 1.000000000000000048e-04 6.973301222378046425e-04 1.000000000000000000e+00
-2.371249999999999858e+00 1.000000000000000048e-04 6.983936690974283483e-04 1.000000000000000000e+00
-2.370499999999999829e+00 1.000000000000000048e-04 6.994587871245648786e-04 1.000000000000000000e+00
-2.369749999999999801e+00 1.000000000000000048e-04 7.005254784771425833e-04 1.000000000000000000e+00
-2.368999999999999773e+00 1.000000000000000048e-04 7.015937453155053063e-04 1.000000000000000000e+00
-2.368249999999999744e+00 1.000000000000000048e-04 7.026635898024117350e-04 1.000000000000000000e+00
-2.367500000000000160e+00 1.000000000000000048e-04 7.037350141030354004e-04 1.000000000000000000e+00
-2.366750000000000131e+00 1.000000000000000048e-04 7.048080203849684715e-04 1.000000000000000000e+00
-2.366000000000000103e+00 1.000000000000000048e-04 7.058826108182189368e-04 1.000000000000000000e+00
-2.365250000000000075e+00 1.000000000000000048e-04 7.069587875752111460e-04 1.000000000000000000e+00
-2.364500000000000046e+00 1.000000000000000048e-04 7.080365528307900388e-04 1.000000000000000000e+00
-2.363750000000000018e+00 1.000000000000000048e-04 7.091159087622182170e-04 1.000000000000000000e+00
-2.362999999999999989e+00 1.000000000000000048e-04 7.101968575491789809e-04 1.000000000000000000e+00
-2.362249999999999961e+00 1.000000000000000048e-04 7.112794013737740520e-04 1.000000000000000000e+00
-2.361499999999999932e+00 1.000000000000000048e-04 7.123635424205283437e-04 1.000000000000000000e+00
-2.360749999999999904e+00 1.000000000000000048e-04 7.134492828763868170e-04 1.000000000000000000e+00
-2.359999999999999876e+00 1.000000000000000048e-04 7.145366249307153481e-04 1.000000000000000000e+00
-2.359249999999999847e+00 1.000000000000000048e-04 7.156255707753053901e-04 1.000000000000000000e+00
-2.358499999999999819e+00 1.000000000000000048e-04 7.167161226043689860e-04 1.000000000000000000e+00
-2.357749999999999790e+00 1.000000000000000048e-04 7.178082826145431054e-04 1.000000000000000000e+00
-2.356999999999999762e+00 1.000000000000000048e-04 7.189020530048874759e-04 1.000000000000000000e+00
-2.356249999999999734e+00 1.000000000000000048e-04 7.199974359768884866e-04 1.000000000000000000e+00
-2.355500000000000149e+00 1.000000000000000048e-04 7.210944337344557184e-04 1.000000000000000000e+00
-2.354750000000000121e+00 1.000000000000000048e-04 7.221930484839276902e-04 1.000000000000000000e+00
-2.354000000000000092e+00 1.000000000000000048e-04 7.232932824340663298e-04 1.000000000000000000e+00
-2.353250000000000064e+00 1.000000000000000048e-04 7.243951377960616356e-04 1.000000000000000000e+00
-2.352500000000000036e+00 1.000000000000000048e-04 7.254986167835301590e-04 1.000000000000000000e+00
-2.351750000000000007e+00 1.000000000000000048e-04 7.266037216125166304e-04 1.000000000000000000e+00
-2.350999999999999979e+00 1.000000000000000048e-04 7.277104545014939597e-04 1.000000000000000000e+00
-2.350249999999999950e+00 1.000000000000000048e-04 7.288188176713635610e-04 1.000000000000000000e+00
-2.349499999999999922e+00 1.000000000000000048e-04 7.299288133454566539e-04 1.000000000000000000e+00
-2.348749999999999893e+00 1.000000000000000048e-04 7.310404437495330709e-04 1.000000000000000000e+00
-2.347999999999999865e+00 1.000000000000000048e-04 7.321537111117822332e-04 1.000000000000000000e+00
-2.347249999999999837e+00 1.000000000000000048e-04 7.332686176628258612e-04 1.000000000000000000e+00
-2.346499999999999808e+00 1.000000000000000048e-04 7.343851656357145048e-04 1.000000000000000000e+00
-2.345749999999999780e+00 1.000000000000000048e-04 7.355033572659305796e-04 1.000000000000000000e+00
-2.344999999999999751e+00 1.000000000000000048e-04 7.366231947913884750e-04 1.000000000000000000e+00
-2.344249999999999723e+00 1.000000000000000048e-04 7.377446804524334699e-04 1.000000000000000000e+00
-2.343500000000000139e+00 1.000000000000000048e-04 7.388678164918437933e-04 1.000000000000000000e+00
-2.342750000000000110e+00 1.000000000000000048e-04 7.399926051548307319e-04 1.000000000000000000e+00
-2.342000000000000082e+00 1.000000000000000048e-04 7.411190486890374381e-04 1.000000000000000000e+00
-2.341250000000000053e+00 1.000000000000000048e-04 7.422471493445415317e-04 1.000000000000000000e+00
-2.340500000000000025e+00 1.000000000000000048e-04 7.433769093738524982e-04 1.000000000000000000e+00
-2.339749999999999996e+00 1.000000000000000048e-04 7.445083310319152662e-04 1.000000000000000000e+00
-2.338999999999999968e+00 1.000000000000000048e-04 7.456414165761091235e-04 1.000000000000000000e+00
-2.338249999999999940e+00 1.000000000000000048e-04 7.467761682662461993e-04 1.000000000000000000e+00
-2.337499999999999911e+00 1.000000000000000048e-04 7.479125883645748249e-04 1.000000000000000000e+00
-2.336749999999999883e+00 1.000000000000000048e-04 7.490506791357772571e-04 1.000000000000000000e+00
-2.335999999999999854e+00 1.000000000000000048e-04 7.501904428469727141e-04 1.000000000000000000e+00
-2.335249999999999826e+00 1.000000000000000048e-04 7.513318817677133634e-04 1.000000000000000000e+00
-2.334499999999999797e+00 1.000000000000000048e-04 7.524749981699896352e-04 1.000000000000000000e+00
-2.333749999999999769e+00 1.000000000000000048e-04 7.536197943282258848e-04 1.000000000000000000e+00
-2.332999999999999741e+00 1.000000000000000048e-04 7.547662725192848384e-04 1.000000000000000000e+00
-2.332250000000000156e+00 1.000000000000000048e-04 7.559144350224619550e-04 1.000000000000000000e+00
-2.331500000000000128e+00 1.000000000000000048e-04 7.570642841194935579e-04 1.000000000000000000e+00
-2.330750000000000099e+00 1.000000000000000048e-04 7.582158220945501128e-04 1.000000000000000000e+00
-2.330000000000000071e+00 1.000000000000000048e-04 7.593690512342386126e-04 1.000000000000000000e+00
-2.329250000000000043e+00 1.000000000000000048e-04 7.605239738276048551e-04 1.000000000000000000e+00
-2.328500000000000014e+00 1.000000000000000048e-04 7.616805921661297558e-04 1.000000000000000000e+00
-2.327749999999999986e+00 1.000000000000000048e-04 7.628389085437327095e-04 1.000000000000000000e+00
-2.326999999999999957e+00 1.000000000000000048e-04 7.639989252567702888e-04 1.000000000000000000e+00
-2.326249999999999929e+00 1.000000000000000048e-04 7.651606446040360278e-04 1.000000000000000000e+00
-2.325499999999999901e+00 1.000000000000000048e-04 7.663240688867621565e-04 1.000000000000000000e+00
-2.324749999999999872e+00 1.000000000000000048e-04 7.674892004086165649e-04 1.000000000000000000e+00
-2.323999999999999844e+00 1.000000000000000048e-04 7.686560414757069234e-04 1.000000000000000000e+00
-2.323249999999999815e+00 1.000000000000000048e-04 7.698245943965775382e-04 1.000000000000000000e+00
-2.322499999999999787e+00 1.000000000000000048e-04 7.709948614822108694e-04 1.000000000000000000e+00
-2.321749999999999758e+00 1.000000000000000048e-04 7.721668450460263382e-04 1.000000000000000000e+00
-2.320999999999999730e+00 1.000000000000000048e-04 7.733405474038814115e-04 1.000000000000000000e+00
-2.320250000000000146e+00 1.000000000000000048e-04 7.745159708740719266e-04 1.000000000000000000e+00
-2.319500000000000117e+00 1.000000000000000048e-04 7.756931177773335011e-04 1.000000000000000000e+00
-2.318750000000000089e+00 1.000000000000000048e-04 7.768719904368350275e-04 1.000000000000000000e+00
-2.318000000000000060e+00 1.000000000000000048e-04 7.780525911781861542e-04 1.000000000000000000e+00
-2.317250000000000032e+00 1.000000000000000048e-04 7.792349223294332741e-04 1.000000000000000000e+00
-2.316500000000000004e+00 1.000000000000000048e-04 7.804189862210620179e-04 1.000000000000000000e+00
-2.315749999999999975e+00 1.000000000000000048e-04 7.816047851859925927e-04 1.000000000000000000e+00
-2.314999999999999947e+00 1.000000000000000048e-04 7.827923215595849853e-04 1.000000000000000000e+00
-2.314249999999999918e+00 1.000000000000000048e-04 7.839815976796361439e-04 1.000000000000000000e+00
-2.313499999999999890e+00 1.000000000000000048e-04 7.851726158863800865e-04 1.000000000000000000e+00
-2.312749999999999861e+00 1.000000000000000048e-04 7.863653785224874668e-04 1.000000000000000000e+00
-2.311999999999999833e+00 1.000000000000000048e-04 7.875598879330667672e-04 1.000000000000000000e+00
-2.311249999999999805e+00 1.000000000000000048e-04 7.887561464656631062e-04 1.000000000000000000e+00
-2.310499999999999776e+00 1.000000000000000048e-04 7.899541564702578043e-04 1.000000000000000000e+00
-2.309749999999999748e+00 1.000000000000000048e-04 7.911539202992687097e-04 1.000000000000000000e+00
-2.309000000000000163e+00 1.000000000000000048e-04 7.923554403075506319e-04 1.000000000000000000e+00
-2.308250000000000135e+00 1.000000000000000048e-04 7.935587188523943658e-04 1.000000000000000000e+00
-2.307500000000000107e+00 1.000000000000000048e-04 7.947637582935269084e-04 1.000000000000000000e+00
-2.306750000000000078e+00 1.000000000000000048e-04 7.959705609931092907e-04 1.000000000000000000e+00
-2.306000000000000050e+00 1.000000000000000048e-04 7.971791293157395051e-04 1.000000000000000000e+00
-2.305250000000000021e+00 1.000000000000000048e-04 7.983894656284509870e-04 1.000000000000000000e+00
-2.304499999999999993e+00 1.000000000000000048e-04 7.996015723007099049e-04 1.000000000000000000e+00
-2.303749999999999964e+00 1.000000000000000048e-04 8.008154517044193885e-04 1.000000000000000000e+00
-2.302999999999999936e+00 1.000000000000000048e-04 8.020311062139162759e-04 1.000000000000000000e+00
-2.302249999999999908e+00 1.000000000000000048e-04 8.032485382059697046e-04 1.000000000000000000e+00
-2.301499999999999879e+00 1.000000000000000048e-04 8.044677500597850143e-04 1.000000000000000000e+00
-2.300749999999999851e+00 1.000000000000000048e-04 8.056887441569989764e-04 1.000000000000000000e+00
-2.299999999999999822e+00 1.000000000000000048e-04 8.069115228816825048e-04 1.000000000000000000e+00
-2.299249999999999794e+00 1.000000000000000048e-04 8.081360886203380533e-04 1.000000000000000000e+00
-2.298499999999999766e+00 1.000000000000000048e-04 8.093624437619011342e-04 1.000000000000000000e+00
-2.297749999999999737e+00 1.000000000000000048e-04 8.105905906977391249e-04 1.000000000000000000e+00
-2.297000000000000153e+00 1.000000000000000048e-04 8.118205318216489916e-04 1.000000000000000000e+00
-2.296250000000000124e+00 1.000000000000000048e-04 8.130522695298616261e-04 1.000000000000000000e+00
-2.295500000000000096e+00 1.000000000000000048e-04 8.142858062210368581e-04 1.000000000000000000e+00
-2.294750000000000068e+00 1.000000000000000048e-04 8.155211442962638892e-04 1.000000000000000000e+00
-2.294000000000000039e+00 1.000000000000000048e-04 8.167582861590622686e-04 1.000000000000000000e+00
-2.293250000000000011e+00 1.000000000000000048e-04 8.179972342153813509e-04 1.000000000000000000e+00
-2.292499999999999982e+00 1.000000000000000048e-04 8.192379908735973690e-04 1.000000000000000000e+00
-2.291749999999999954e+00 1.000000000000000048e-04 8.204805585445173370e-04 1.000000000000000000e+00
-2.290999999999999925e+00 1.000000000000000048e-04 8.217249396413724366e-04 1.000000000000000000e+00
-2.290249999999999897e+00 1.000000000000000048e-04 8.229711365798234382e-04 1.000000000000000000e+00
-2.289499999999999869e+00 1.000000000000000048e-04 8.242191517779564724e-04 1.000000000000000000e+00
-2.288749999999999840e+00 1.000000000000000048e-04 8.254689876562836806e-04 1.000000000000000000e+00
-2.287999999999999812e+00 1.000000000000000048e-04 8.267206466377436487e-04 1.000000000000000000e+00
-2.287249999999999783e+00 1.000000000000000048e-04 8.279741311476975039e-04 1.000000000000000000e+00
-2.286499999999999755e+00 1.000000000000000048e-04 8.292294436139317337e-04 1.000000000000000000e+00
-2.285749999999999726e+00 1.000000000000000048e-04 8.304865864666568847e-04 1.000000000000000000e+00
-2.285000000000000142e+00 1.000000000000000048e-04 8.317455621385038767e-04 1.000000000000000000e+00
-2.284250000000000114e+00 1.000000000000000048e-04 8.330063730645293147e-04 1.000000000000000000e+00
-2.283500000000000085e+00 1.000000000000000048e-04 8.342690216822077915e-04 1.000000000000000000e+00
-2.282750000000000057e+00 1.000000000000000048e-04 8.355335104314373087e-04 1.000000000000000000e+00
-2.282000000000000028e+00 1.000000000000000048e-04 8.367998417545341808e-04 1.000000000000000000e+00
-2.281250000000000000e+00 1.000000000000000048e-04 8.380680180962343361e-04 1.000000000000000000e+00
-2.280499999999999972e+00 1.000000000000000048e-04 8.393380419036921246e-04 1.000000000000000000e+00
-2.279749999999999943e+00 1.000000000000000048e-04 8.406099156264808595e-04 1.000000000000000000e+00
-2.278999999999999915e+00 1.000000000000000048e-04 8.418836417165885891e-04 1.000000000000000000e+00
-2.278249999999999886e+00 1.000000000000000048e-04 8.431592226284220001e-04 1.000000000000000000e+00
-2.277499999999999858e+00 1.000000000000000048e-04 8.444366608188019719e-04 1.000000000000000000e+00
-2.276749999999999829e+00 1.000000000000000048e-04 8.457159587469634688e-04 1.000000000000000000e+00
-2.275999999999999801e+00 1.000000000000000048e-04 8.469971188745560814e-04 1.000000000000000000e+00
-2.275249999999999773e+00 1.000000000000000048e-04 8.482801436656422925e-04 1.000000000000000000e+00
-2.274499999999999744e+00 1.000000000000000048e-04 8.495650355866948746e-04 1.000000000000000000e+00
-2.273750000000000160e+00 1.000000000000000048e-04 8.508517971066004680e-04 1.000000000000000000e+00
-2.273000000000000131e+00 1.000000000000000048e-04 8.521404306966541596e-04 1.000000000000000000e+00
-2.272250000000000103e+00 1.000000000000000048e-04 8.534309388305607843e-04 1.000000000000000000e+00
-2.271500000000000075e+00 1.000000000000000048e-04 8.547233239844319970e-04 1.000000000000000000e+00
-2.270750000000000046e+00 1.000000000000000048e-04 8.560175886367899596e-04 1.000000000000000000e+00
-2.270000000000000018e+00 1.000000000000000048e-04 8.573137352685593175e-04 1.000000000000000000e+00
-2.269249999999999989e+00 1.000000000000000048e-04 8.586117663630734882e-04 1.000000000000000000e+00
-2.268499999999999961e+00 1.000000000000000048e-04 8.599116844060683724e-04 1.000000000000000000e+00
-2.267749999999999932e+00 1.000000000000000048e-04 8.612134918856843065e-04 1.000000000000000000e+00
-2.266999999999999904e+00 1.000000000000000048e-04 8.625171912924620501e-04 1.000000000000000000e+00
-2.266249999999999876e+00 1.000000000000000048e-04 8.638227851193460392e-04 1.000000000000000000e+00
-2.265499999999999847e+00 1.000000000000000048e-04 8.651302758616787481e-04 1.000000000000000000e+00
-2.264749999999999819e+00 1.000000000000000048e-04 8.664396660172038337e-04 1.000000000000000000e+00
-2.263999999999999790e+00 1.000000000000000048e-04 8.677509580860602806e-04 1.000000000000000000e+00
-2.263249999999999762e+00 1.000000000000000048e-04 8.690641545707857626e-04 1.000000000000000000e+00
-2.262499999999999734e+00 1.000000000000000048e-04 8.703792579763134979e-04 1.000000000000000000e+00
-2.261750000000000149e+00 1.000000000000000048e-04 8.716962708099702979e-04 1.000000000000000000e+00
-2.261000000000000121e+00 1.000000000000000048e-04 8.730151955814777600e-04 1.000000000000000000e+00
-2.260250000000000092e+00 1.000000000000000048e-04 8.743360348029472796e-04 1.000000000000000000e+00
-2.259500000000000064e+00 1.000000000000000048e-04 8.756587909888834120e-04 1.000000000000000000e+00
-2.258750000000000036e+00 1.000000000000000048e-04 8.769834666561787759e-04 1.000000000000000000e+00
-2.258000000000000007e+00 1.000000000000000048e-04 8.783100643241154633e-04 1.000000000000000000e+00
-2.257249999999999979e+00 1.000000000000000048e-04 8.796385865143614615e-04 1.000000000000000000e+00
-2.256499999999999950e+00 1.000000000000000048e-04 8.809690357509711951e-04 1.000000000000000000e+00
-2.255749999999999922e+00 1.000000000000000048e-04 8.823014145603837914e-04 1.000000000000000000e+00
-2.254999999999999893e+00 1.000000000000000048e-04 8.836357254714218880e-04 1.000000000000000000e+00
-2.254249999999999865e+00 1.000000000000000048e-04 8.849719710152883796e-04 1.000000000000000000e+00
-2.253499999999999837e+00 1.000000000000000048e-04 8.863101537255680448e-04 1.000000000000000000e+00
-2.252749999999999808e+00 1.000000000000000048e-04 8.876502761382237513e-04 1.000000000000000000e+00
-2.251999999999999780e+00 1.000000000000000048e-04 8.889923407915972147e-04 1.000000000000000000e+00
-2.251249999999999751e+00 1.000000000000000048e-04 8.903363502264039029e-04 1.000000000000000000e+00
-2.250499999999999723e+00 1.000000000000000048e-04 8.916823069857374813e-04 1.000000000000000000e+00
-2.249750000000000139e+00 1.000000000000000048e-04 8.930302136150616811e-04 1.000000000000000000e+00
-2.249000000000000110e+00 1.000000000000000048e-04 8.943800726622144195e-04 1.000000000000000000e+00
-2.248250000000000082e+00 1.000000000000000048e-04 8.957318866774033545e-04 1.000000000000000000e+00
-2.247500000000000053e+00 1.000000000000000048e-04 8.970856582132026320e-04 1.000000000000000000e+00
-2.246750000000000025e+00 1.000000000000000048e-04 8.984413898245572228e-04 1.000000000000000000e+00
-2.245999999999999996e+00 1.000000000000000048e-04 8.997990840687747913e-04 1.000000000000000000e+00
-2.245249999999999968e+00 1.000000000000000048e-04 9.011587435055292729e-04 1.000000000000000000e+00
-2.244499999999999940e+00 1.000000000000000048e-04 9.025203706968549112e-04 1.000000000000000000e+00
-2.243749999999999911e+00 1.000000000000000048e-04 9.038839682071492937e-04 1.000000000000000000e+00
-2.242999999999999883e+00 1.000000000000000048e-04 9.052495386031673887e-04 1.000000000000000000e+00
-2.242249999999999854e+00 1.000000000000000048e-04 9.066170844540214369e-04 1.000000000000000000e+00
-2.241499999999999826e+00 1.000000000000000048e-04 9.079866083311812766e-04 1.000000000000000000e+00
-2.240749999999999797e+00 1.000000000000000048e-04 9.093581128084703320e-04 1.000000000000000000e+00
-2.239999999999999769e+00 1.000000000000000048e-04 9.107316004620629032e-04 1.000000000000000000e+00
-2.239249999999999741e+00 1.000000000000000048e-04 9.121070738704856835e-04 1.000000000000000000e+00
-2.238500000000000156e+00 1.000000000000000048e-04 9.134845356146134229e-04 1.000000000000000000e+00
-2.237750000000000128e+00 1.000000000000000048e-04 9.148639882776699039e-04 1.000000000000000000e+00
-2.237000000000000099e+00 1.000000000000000048e-04 9.162454344452211109e-04 1.000000000000000000e+00
-2.236250000000000071e+00 1.000000000000000048e-04 9.176288767051800008e-04 1.000000000000000000e+00
-2.235500000000000043e+00 1.000000000000000048e-04 9.190143176477973954e-04 1.000000000000000000e+00
-2.234750000000000014e+00 1.000000000000000048e-04 9.204017598656668610e-04 1.000000000000000000e+00
-2.233999999999999986e+00 1.000000000000000048e-04 9.217912059537190696e-04 1.000000000000000000e+00
-2.233249999999999957e+00 1.000000000000000048e-04 9.231826585092203904e-04 1.000000000000000000e+00
-2.232499999999999929e+00 1.000000000000000048e-04 9.245761201317713712e-04 1.000000000000000000e+00
-2.231749999999999901e+00 1.000000000000000048e-04 9.259715934233041365e-04 1.000000000000000000e+00
-2.230999999999999872e+00 1.000000000000000048e-04 9.273690809880829299e-04 1.000000000000000000e+00
-2.230249999999999844e+00 1.000000000000000048e-04 9.287685854326973916e-04 1.000000000000000000e+00
-2.229499999999999815e+00 1.000000000000000048e-04 9.301701093660661368e-04 1.000000000000000000e+00
-2.228749999999999787e+00 1.000000000000000048e-04 9.315736553994299245e-04 1.000000000000000000e+00
-2.227999999999999758e+00 1.000000000000000048e-04 9.329792261463505740e-04 1.000000000000000000e+00
-2.227249999999999730e+00 1.000000000000000048e-04 9.343868242227124825e-04 1.000000000000000000e+00
-2.226500000000000146e+00 1.000000000000000048e-04 9.357964522467167702e-04 1.000000000000000000e+00
-2.225750000000000117e+00 1.000000000000000048e-04 9.372081128388807386e-04 1.000000000000000000e+00
-2.225000000000000089e+00 1.000000000000000048e-04 9.386218086220339670e-04 1.000000000000000000e+00
-2.224250000000000060e+00 1.000000000000000048e-04 9.400375422213184213e-04 1.000000000000000000e+00
-2.223500000000000032e+00 1.000000000000000048e-04 9.414553162641853094e-04 1.000000000000000000e+00
-2.222750000000000004e+00 1.000000000000000048e-04 9.428751333803924795e-04 1.000000000000000000e+00
-2.221999999999999975e+00 1.000000000000000048e-04 9.442969962020021429e-04 1.000000000000000000e+00
-2.221249999999999947e+00 1.000000000000000048e-04 9.457209073633802239e-04 1.000000000000000000e+00
-2.220499999999999918e+00 1.000000000000000048e-04 9.471468695011922394e-04 1.000000000000000000e+00
-2.219749999999999890e+00 1.000000000000000048e-04 9.485748852544000466e-04 1.000000000000000000e+00
-2.218999999999999861e+00 1.000000000000000048e-04 9.500049572642643367e-04 1.000000000000000000e+00
-2.218249999999999833e+00 1.000000000000000048e-04 9.514370881743358524e-04 1.000000000000000000e+00
-2.217499999999999805e+00 1.000000000000000048e-04 9.528712806304589665e-04 1.000000000000000000e+00
-2.216749999999999776e+00 1.000000000000000048e-04 9.543075372807627906e-04 1.000000000000000000e+00
-2.215999999999999748e+00 1.000000000000000048e-04 9.557458607756664885e-04 1.000000000000000000e+00
-2.215250000000000163e+00 1.000000000000000048e-04 9.571862537678696263e-04 1.000000000000000000e+00
-2.214500000000000135e+00 1.000000000000000048e-04 9.586287189123558587e-04 1.000000000000000000e+00
-2.213750000000000107e+00 1.000000000000000048e-04 9.600732588663852315e-04 1.000000000000000000e+00
-2.213000000000000078e+00 1.000000000000000048e-04 9.615198762894940727e-04 1.000000000000000000e+00
-2.212250000000000050e+00 1.000000000000000048e-04 9.629685738434929330e-04 1.000000000000000000e+00
-2.211500000000000021e+00 1.000000000000000048e-04 9.644193541924635498e-04 1.000000000000000000e+00
-2.210749999999999993e+00 1.000000000000000048e-04 9.658722200027541850e-04 1.000000000000000000e+00
-2.209999999999999964e+00 1.000000000000000048e-04 9.673271739429813599e-04 1.000000000000000000e+00
-2.209249999999999936e+00 1.000000000000000048e-04 9.687842186840234585e-04 1.000000000000000000e+00
-2.208499999999999908e+00 1.000000000000000048e-04 9.702433568990189924e-04 1.000000000000000000e+00
-2.207749999999999879e+00 1.000000000000000048e-04 9.717045912633656257e-04 1.000000000000000000e+00
-2.206999999999999851e+00 1.000000000000000048e-04 9.731679244547141025e-04 1.000000000000000000e+00
-2.206249999999999822e+00 1.000000000000000048e-04 9.746333591529694404e-04 1.000000000000000000e+00
-2.205499999999999794e+00 1.000000000000000048e-04 9.761008980402858344e-04 1.000000000000000000e+00
-2.204749999999999766e+00 1.000000000000000048e-04 9.775705438010628620e-04 1.000000000000000000e+00
-2.203999999999999737e+00 1.000000000000000048e-04 9.790422991219458089e-04 1.000000000000000000e+00
-2.203250000000000153e+00 1.000000000000000048e-04 9.805161666918188381e-04 1.000000000000000000e+00
-2.202500000000000124e+00 1.000000000000000048e-04 9.819921492018081344e-04 1.000000000000000000e+00
-2.201750000000000096e+00 1.000000000000000048e-04 9.834702493452720379e-04 1.000000000000000000e+00
-2.201000000000000068e+00 1.000000000000000048e-04 9.849504698178032126e-04 1.000000000000000000e+00
-2.200250000000000039e+00 1.000000000000000048e-04 9.864328133172223581e-04 1.000000000000000000e+00
-2.199500000000000011e+00 1.000000000000000048e-04 9.879172825435771250e-04 1.000000000000000000e+00
-2.198749999999999982e+00 1.000000000000000048e-04 9.894038801991397302e-04 1.000000000000000000e+00
-2.197999999999999954e+00 1.000000000000000048e-04 9.908926089884021859e-04 1.000000000000000000e+00
-2.197249999999999925e+00 1.000000000000000048e-04 9.923834716180743483e-04 1.000000000000000000e+00
-2.196499999999999897e+00 1.000000000000000048e-04 9.938764707970791472e-04 1.000000000000000000e+00
-2.195749999999999869e+00 1.000000000000000048e-04 9.953716092365543205e-04 1.000000000000000000e+00
-2.194999999999999840e+00 1.000000000000000048e-04 9.968688896498415723e-04 1.000000000000000000e+00
-2.194249999999999812e+00 1.000000000000000048e-04 9.983683147524917770e-04 1.000000000000000000e+00
-2.193499999999999783e+00 1.000000000000000048e-04 9.998698872622539206e-04 1.000000000000000000e+00
-2.192749999999999755e+00 1.000000000000000048e-04 1.001373609899078136e-03 1.000000000000000000e+00
-2.191999999999999726e+00 1.000000000000000048e-04 1.002879485385109416e-03 1.000000000000000000e+00
-2.191250000000000142e+00 1.000000000000000048e-04 1.004387516444684792e-03 1.000000000000000000e+00
-2.190500000000000114e+00 1.000000000000000048e-04 1.005897705804331818e-03 1.000000000000000000e+00
-2.189750000000000085e+00 1.000000000000000048e-04 1.007410056192761198e-03 1.000000000000000000e+00
-2.189000000000000057e+00 1.000000000000000048e-04 1.008924570340867435e-03 1.000000000000000000e+00
-2.188250000000000028e+00 1.000000000000000048e-04 1.010441250981723845e-03 1.000000000000000000e+00
-2.187500000000000000e+00 1.000000000000000048e-04 1.011960100850578656e-03 1.000000000000000000e+00
-2.186749999999999972e+00 1.000000000000000048e-04 1.013481122684853700e-03 1.000000000000000000e+00
-2.185999999999999943e+00 1.000000000000000048e-04 1.015004319224137915e-03 1.000000000000000000e+00
-2.185249999999999915e+00 1.000000000000000048e-04 1.016529693210186042e-03 1.000000000000000000e+00
-2.184499999999999886e+00 1.000000000000000048e-04 1.018057247386914502e-03 1.000000000000000000e+00
-2.183749999999999858e+00 1.000000000000000048e-04 1.019586984500399016e-03 1.000000000000000000e+00
-2.182999999999999829e+00 1.000000000000000048e-04 1.021118907298868526e-03 1.000000000000000000e+00
-2.182249999999999801e+00 1.000000000000000048e-04 1.022653018532703037e-03 1.000000000000000000e+00
-2.181499999999999773e+00 1.000000000000000048e-04 1.024189320954429269e-03 1.000000000000000000e+00
-2.180749999999999744e+00 1.000000000000000048e-04 1.025727817318721966e-03 1.000000000000000000e+00
-2.180000000000000160e+00 1.000000000000000048e-04 1.027268510382389364e-03 1.000000000000000000e+00
-2.179250000000000131e+00 1.000000000000000048e-04 1.028811402904382735e-03 1.000000000000000000e+00
-2.178500000000000103e+00 1.000000000000000048e-04 1.030356497645781638e-03 1.000000000000000000e+00
-2.177750000000000075e+00 1.000000000000000048e-04 1.031903797369795872e-03 1.000000000000000000e+00
-2.177000000000000046e+00 1.000000000000000048e-04 1.033453304841761141e-03 1.000000000000000000e+00
-2.176250000000000018e+00 1.000000000000000048e-04 1.035005022829132331e-03 1.000000000000000000e+00
-2.175499999999999989e+00 1.000000000000000048e-04 1.036558954101484157e-03 1.000000000000000000e+00
-2.174749999999999961e+00 1.000000000000000048e-04 1.038115101430503147e-03 1.000000000000000000e+00
-2.173999999999999932e+00 1.000000000000000048e-04 1.039673467589987419e-03 1.000000000000000000e+00
-2.173249999999999904e+00 1.000000000000000048e-04 1.041234055355838659e-03 1.000000000000000000e+00
-2.172499999999999876e+00 1.000000000000000048e-04 1.042796867506062125e-03 1.000000000000000000e+00
-2.171749999999999847e+00 1.000000000000000048e-04 1.044361906820760787e-03 1.000000000000000000e+00
-2.170999999999999819e+00 1.000000000000000048e-04 1.045929176082129475e-03 1.000000000000000000e+00
-2.170249999999999790e+00 1.000000000000000048e-04 1.047498678074453363e-03 1.000000000000000000e+00
-2.169499999999999762e+00 1.000000000000000048e-04 1.049070415584106662e-03 1.000000000000000000e+00
-2.168749999999999734e+00 1.000000000000000048e-04 1.050644391399540049e-03 1.000000000000000000e+00
-2.168000000000000149e+00 1.000000000000000048e-04 1.052220608311283051e-03 1.000000000000000000e+00
-2.167250000000000121e+00 1.000000000000000048e-04 1.053799069111941876e-03 1.000000000000000000e+00
-2.166500000000000092e+00 1.000000000000000048e-04 1.055379776596188134e-03 1.000000000000000000e+00
-2.165750000000000064e+00 1.000000000000000048e-04 1.056962733560757759e-03 1.000000000000000000e+00
-2.165000000000000036e+00 1.000000000000000048e-04 1.058547942804448404e-03 1.000000000000000000e+00
-2.164250000000000007e+00 1.000000000000000048e-04 1.060135407128115319e-03 1.000000000000000000e+00
-2.163499999999999979e+00 1.000000000000000048e-04 1.061725129334662246e-03 1.000000000000000000e+00
-2.162749999999999950e+00 1.000000000000000048e-04 1.063317112229043371e-03 1.000000000000000000e+00
-2.161999999999999922e+00 1.000000000000000048e-04 1.064911358618254433e-03 1.000000000000000000e+00
-2.161249999999999893e+00 1.000000000000000048e-04 1.066507871311329252e-03 1.000000000000000000e+00
-2.160499999999999865e+00 1.000000000000000048e-04 1.068106653119337999e-03 1.000000000000000000e+00
-2.159749999999999837e+00 1.000000000000000048e-04 1.069707706855378086e-03 1.000000000000000000e+00
-2.158999999999999808e+00 1.000000000000000048e-04 1.071311035334573079e-03 1.000000000000000000e+00
-2.158249999999999780e+00 1.000000000000000048e-04 1.072916641374066851e-03 1.000000000000000000e+00
-2.157499999999999751e+00 1.000000000000000048e-04 1.074524527793019888e-03 1.000000000000000000e+00
-2.156749999999999723e+00 1.000000000000000048e-04 1.076134697412603220e-03 1.000000000000000000e+00
-2.156000000000000139e+00 1.000000000000000048e-04 1.077747153055994521e-03 1.000000000000000000e+00
-2.155250000000000110e+00 1.000000000000000048e-04 1.079361897548375068e-03 1.000000000000000000e+00
-2.154500000000000082e+00 1.000000000000000048e-04 1.080978933716922157e-03 1.000000000000000000e+00
-2.153750000000000053e+00 1.000000000000000048e-04 1.082598264390804109e-03 1.000000000000000000e+00
-2.153000000000000025e+00 1.000000000000000048e-04 1.084219892401180061e-03 1.000000000000000000e+00
-2.152249999999999996e+00 1.000000000000000048e-04 1.085843820581189334e-03 1.000000000000000000e+00
-2.151499999999999968e+00 1.000000000000000048e-04 1.087470051765951004e-03 1.000000000000000000e+00
-2.150749999999999940e+00 1.000000000000000048e-04 1.089098588792556310e-03 1.000000000000000000e+00
-2.149999999999999911e+00 1.000000000000000048e-04 1.090729434500065402e-03 1.000000000000000000e+00
-2.149249999999999883e+00 1.000000000000000048e-04 1.092362591729500836e-03 1.000000000000000000e+00
-2.148499999999999854e+00 1.000000000000000048e-04 1.093998063323844321e-03 1.000000000000000000e+00
-2.147749999999999826e+00 1.000000000000000048e-04 1.095635852128030866e-03 1.000000000000000000e+00
-2.146999999999999797e+00 1.000000000000000048e-04 1.097275960988942922e-03 1.000000000000000000e+00
-2.146249999999999769e+00 1.000000000000000048e-04 1.098918392755406049e-03 1.000000000000000000e+00
-2.145499999999999741e+00 1.000000000000000048e-04 1.100563150278184143e-03 1.000000000000000000e+00
-2.144750000000000156e+00 1.000000000000000048e-04 1.102210236409972713e-03 1.000000000000000000e+00
-2.144000000000000128e+00 1.000000000000000048e-04 1.103859654005397801e-03 1.000000000000000000e+00
-2.143250000000000099e+00 1.000000000000000048e-04 1.105511405921005136e-03 1.000000000000000000e+00
-2.142500000000000071e+00 1.000000000000000048e-04 1.107165495015258834e-03 1.000000000000000000e+00
-2.141750000000000043e+00 1.000000000000000048e-04 1.108821924148532508e-03 1.000000000000000000e+00
-2.141000000000000014e+00 1.000000000000000048e-04 1.110480696183108835e-03 1.000000000000000000e+00
-2.140249999999999986e+00 1.000000000000000048e-04 1.112141813983170665e-03 1.000000000000000000e+00
-2.139499999999999957e+00 1.000000000000000048e-04 1.113805280414796248e-03 1.000000000000000000e+00
-2.138749999999999929e+00 1.000000000000000048e-04 1.115471098345953383e-03 1.000000000000000000e+00
-2.137999999999999901e+00 1.000000000000000048e-04 1.117139270646495949e-03 1.000000000000000000e+00
-2.137249999999999872e+00 1.000000000000000048e-04 1.118809800188156527e-03 1.000000000000000000e+00
-2.136499999999999844e+00 1.000000000000000048e-04 1.120482689844539467e-03 1.000000000000000000e+00
-2.135749999999999815e+00 1.000000000000000048e-04 1.122157942491120233e-03 1.000000000000000000e+00
-2.134999999999999787e+00 1.000000000000000048e-04 1.123835561005233699e-03 1.000000000000000000e+00
-2.134249999999999758e+00 1.000000000000000048e-04 1.125515548266073709e-03 1.000000000000000000e+00
-2.133499999999999730e+00 1.000000000000000048e-04 1.127197907154683541e-03 1.000000000000000000e+00
-2.132750000000000146e+00 1.000000000000000048e-04 1.128882640553952434e-03 1.000000000000000000e+00
-2.132000000000000117e+00 1.000000000000000048e-04 1.130569751348609086e-03 1.000000000000000000e+00
-2.131250000000000089e+00 1.000000000000000048e-04 1.132259242425215362e-03 1.000000000000000000e+00
-2.130500000000000060e+00 1.000000000000000048e-04 1.133951116672161962e-03 1.000000000000000000e+00
-2.129750000000000032e+00 1.000000000000000048e-04 1.135645376979659308e-03 1.000000000000000000e+00
-2.129000000000000004e+00 1.000000000000000048e-04 1.137342026239736466e-03 1.000000000000000000e+00
-2.128249999999999975e+00 1.000000000000000048e-04 1.139041067346229213e-03 1.000000000000000000e+00
-2.127499999999999947e+00 1.000000000000000048e-04 1.140742503194780910e-03 1.000000000000000000e+00
-2.126749999999999918e+00 1.000000000000000048e-04 1.142446336682829272e-03 1.000000000000000000e+00
-2.125999999999999890e+00 1.000000000000000048e-04 1.144152570709607887e-03 1.000000000000000000e+00
-2.125249999999999861e+00 1.000000000000000048e-04 1.145861208176132337e-03 1.000000000000000000e+00
-2.124499999999999833e+00 1.000000000000000048e-04 1.147572251985197814e-03 1.000000000000000000e+00
-2.123749999999999805e+00 1.000000000000000048e-04 1.149285705041376299e-03 1.000000000000000000e+00
-2.122999999999999776e+00 1.000000000000000048e-04 1.151001570251003556e-03 1.000000000000000000e+00
-2.122249999999999748e+00 1.000000000000000048e-04 1.152719850522176525e-03 1.000000000000000000e+00
-2.121499999999999719e+00 1.000000000000000048e-04 1.154440548764748119e-03 1.000000000000000000e+00
-2.120750000000000135e+00 1.000000000000000048e-04 1.156163667890317687e-03 1.000000000000000000e+00
-2.120000000000000107e+00 1.000000000000000048e-04 1.157889210812227320e-03 1.000000000000000000e+00
-2.119250000000000078e+00 1.000000000000000048e-04 1.159617180445554922e-03 1.000000000000000000e+00
-2.118500000000000050e+00 1.000000000000000048e-04 1.161347579707105310e-03 1.000000000000000000e+00
-2.117750000000000021e+00 1.000000000000000048e-04 1.163080411515406316e-03 1.000000000000000000e+00
-2.116999999999999993e+00 1.000000000000000048e-04 1.164815678790701416e-03 1.000000000000000000e+00
-2.116249999999999964e+00 1.000000000000000048e-04 1.166553384454943653e-03 1.000000000000000000e+00
-2.115499999999999936e+00 1.000000000000000048e-04 1.168293531431788702e-03 1.000000000000000000e+00
-2.114749999999999908e+00 1.000000000000000048e-04 1.170036122646586196e-03 1.000000000000000000e+00
-2.113999999999999879e+00 1.000000000000000048e-04 1.171781161026375605e-03 1.000000000000000000e+00
-2.113249999999999851e+00 1.000000000000000048e-04 1.173528649499880165e-03 1.000000000000000000e+00
-2.112499999999999822e+00 1.000000000000000048e-04 1.175278590997496254e-03 1.000000000000000000e+00
-2.111749999999999794e+00 1.000000000000000048e-04 1.177030988451290136e-03 1.000000000000000000e+00
-2.110999999999999766e+00 1.000000000000000048e-04 1.178785844794989508e-03 1.000000000000000000e+00
-2.110249999999999737e+00 1.000000000000000048e-04 1.180543162963976125e-03 1.000000000000000000e+00
-2.109500000000000153e+00 1.000000000000000048e-04 1.182302945895279730e-03 1.000000000000000000e+00
-2.108750000000000124e+00 1.000000000000000048e-04 1.184065196527571981e-03 1.000000000000000000e+00
-2.108000000000000096e+00 1.000000000000000048e-04 1.185829917801156262e-03 1.000000000000000000e+00
-2.107250000000000068e+00 1.000000000000000048e-04 1.187597112657964209e-03 1.000000000000000000e+00
-2.106500000000000039e+00 1.000000000000000048e-04 1.189366784041545741e-03 1.000000000000000000e+00
-2.105750000000000011e+00 1.000000000000000048e-04 1.191138934897062549e-03 1.000000000000000000e+00
-2.104999999999999982e+00 1.000000000000000048e-04 1.192913568171282248e-03 1.000000000000000000e+00
-2.104249999999999954e+00 1.000000000000000048e-04 1.194690686812570129e-03 1.000000000000000000e+00
-2.103499999999999925e+00 1.000000000000000048e-04 1.196470293770880494e-03 1.000000000000000000e+00
-2.102749999999999897e+00 1.000000000000000048e-04 1.198252391997753179e-03 1.000000000000000000e+00
-2.101999999999999869e+00 1.000000000000000048e-04 1.200036984446300548e-03 1.000000000000000000e+00
-2.101249999999999840e+00 1.000000000000000048e-04 1.201824074071204673e-03 1.000000000000000000e+00
-2.100499999999999812e+00 1.000000000000000048e-04 1.203613663828708444e-03 1.000000000000000000e+00
-2.099749999999999783e+00 1.000000000000000048e-04 1.205405756676607328e-03 1.000000000000000000e+00
-2.098999999999999755e+00 1.000000000000000048e-04 1.207200355574241562e-03 1.000000000000000000e+00
-2.098249999999999726e+00 1.000000000000000048e-04 1.208997463482490301e-03 1.000000000000000000e+00
-2.097500000000000142e+00 1.000000000000000048e-04 1.210797083363761642e-03 1.000000000000000000e+00
-2.096750000000000114e+00 1.000000000000000048e-04 1.212599218181987853e-03 1.000000000000000000e+00
-2.096000000000000085e+00 1.000000000000000048e-04 1.214403870902614965e-03 1.000000000000000000e+00
-2.095250000000000057e+00 1.000000000000000048e-04 1.216211044492595617e-03 1.000000000000000000e+00
-2.094500000000000028e+00 1.000000000000000048e-04 1.218020741920380380e-03 1.000000000000000000e+00
-2.093750000000000000e+00 1.000000000000000048e-04 1.219832966155912123e-03 1.000000000000000000e+00
-2.092999999999999972e+00 1.000000000000000048e-04 1.221647720170616902e-03 1.000000000000000000e+00
-2.092249999999999943e+00 1.000000000000000048e-04 1.223465006937395723e-03 1.000000000000000000e+00
-2.091499999999999915e+00 1.000000000000000048e-04 1.225284829430616299e-03 1.000000000000000000e+00
-2.090749999999999886e+00 1.000000000000000048e-04 1.227107190626104162e-03 1.000000000000000000e+00
-2.089999999999999858e+00 1.000000000000000048e-04 1.228932093501138110e-03 1.000000000000000000e+00
-2.089249999999999829e+00 1.000000000000000048e-04 1.230759541034437627e-03 1.000000000000000000e+00
-2.088499999999999801e+00 1.000000000000000048e-04 1.232589536206157030e-03 1.000000000000000000e+00
-2.087749999999999773e+00 1.000000000000000048e-04 1.234422081997877882e-03 1.000000000000000000e+00
-2.086999999999999744e+00 1.000000000000000048e-04 1.236257181392597278e-03 1.000000000000000000e+00
-2.086250000000000160e+00 1.000000000000000048e-04 1.238094837374721776e-03 1.000000000000000000e+00
-2.085500000000000131e+00 1.000000000000000048e-04 1.239935052930062629e-03 1.000000000000000000e+00
-2.084750000000000103e+00 1.000000000000000048e-04 1.241777831045819082e-03 1.000000000000000000e+00
-2.084000000000000075e+00 1.000000000000000048e-04 1.243623174710576859e-03 1.000000000000000000e+00
-2.083250000000000046e+00 1.000000000000000048e-04 1.245471086914296454e-03 1.000000000000000000e+00
-2.082500000000000018e+00 1.000000000000000048e-04 1.247321570648302286e-03 1.000000000000000000e+00
-2.081749999999999989e+00 1.000000000000000048e-04 1.249174628905282049e-03 1.000000000000000000e+00
-2.080999999999999961e+00 1.000000000000000048e-04 1.251030264679268934e-03 1.000000000000000000e+00
-2.080249999999999932e+00 1.000000000000000048e-04 1.252888480965638372e-03 1.000000000000000000e+00
-2.079499999999999904e+00 1.000000000000000048e-04 1.254749280761095461e-03 1.000000000000000000e+00
-2.078749999999999876e+00 1.000000000000000048e-04 1.256612667063671494e-03 1.000000000000000000e+00
-2.077999999999999847e+00 1.000000000000000048e-04 1.258478642872709000e-03 1.000000000000000000e+00
-2.077249999999999819e+00 1.000000000000000048e-04 1.260347211188857838e-03 1.000000000000000000e+00
-2.076499999999999790e+00 1.000000000000000048e-04 1.262218375014060017e-03 1.000000000000000000e+00
-2.075749999999999762e+00 1.000000000000000048e-04 1.264092137351548618e-03 1.000000000000000000e+00
-2.074999999999999734e+00 1.000000000000000048e-04 1.265968501205831090e-03 1.000000000000000000e+00
-2.074250000000000149e+00 1.000000000000000048e-04 1.267847469582685134e-03 1.000000000000000000e+00
-2.073500000000000121e+00 1.000000000000000048e-04 1.269729045489149380e-03 1.000000000000000000e+00
-2.072750000000000092e+00 1.000000000000000048e-04 1.271613231933510805e-03 1.000000000000000000e+00
-2.072000000000000064e+00 1.000000000000000048e-04 1.273500031925295199e-03 1.000000000000000000e+00
-2.071250000000000036e+00 1.000000000000000048e-04 1.275389448475263039e-03 1.000000000000000000e+00
-2.070500000000000007e+00 1.000000000000000048e-04 1.277281484595395615e-03 1.000000000000000000e+00
-2.069749999999999979e+00 1.000000000000000048e-04 1.279176143298885919e-03 1.000000000000000000e+00
-2.068999999999999950e+00 1.000000000000000048e-04 1.281073427600131062e-03 1.000000000000000000e+00
-2.068249999999999922e+00 1.000000000000000048e-04 1.282973340514719255e-03 1.000000000000000000e+00
-2.067499999999999893e+00 1.000000000000000048e-04 1.284875885059426565e-03 1.000000000000000000e+00
-2.066749999999999865e+00 1.000000000000000048e-04 1.286781064252198693e-03 1.000000000000000000e+00
-2.065999999999999837e+00 1.000000000000000048e-04 1.288688881112147943e-03 1.000000000000000000e+00
-2.065249999999999808e+00 1.000000000000000048e-04 1.290599338659539777e-03 1.000000000000000000e+00
-2.064499999999999780e+00 1.000000000000000048e-04 1.292512439915786526e-03 1.000000000000000000e+00
-2.063749999999999751e+00 1.000000000000000048e-04 1.294428187903432425e-03 1.000000000000000000e+00
-2.062999999999999723e+00 1.000000000000000048e-04 1.296346585646147766e-03 1.000000000000000000e+00
-2.062250000000000139e+00 1.000000000000000048e-04 1.298267636168717399e-03 1.000000000000000000e+00
-2.061500000000000110e+00 1.000000000000000048e-04 1.300191342497031841e-03 1.000000000000000000e+00
-2.060750000000000082e+00 1.000000000000000048e-04 1.302117707658074271e-03 1.000000000000000000e+00
-2.060000000000000053e+00 1.000000000000000048e-04 1.304046734679913154e-03 1.000000000000000000e+00
-2.059250000000000025e+00 1.000000000000000048e-04 1.305978426591690748e-03 1.000000000000000000e+00
-2.058499999999999996e+00 1.000000000000000048e-04 1.307912786423613997e-03 1.000000000000000000e+00
-2.057749999999999968e+00 1.000000000000000048e-04 1.309849817206942173e-03 1.000000000000000000e+00
-2.056999999999999940e+00 1.000000000000000048e-04 1.311789521973976899e-03 1.000000000000000000e+00
-2.056249999999999911e+00 1.000000000000000048e-04 1.313731903758054344e-03 1.000000000000000000e+00
-2.055499999999999883e+00 1.000000000000000048e-04 1.315676965593531563e-03 1.000000000000000000e+00
-2.054749999999999854e+00 1.000000000000000048e-04 1.317624710515777169e-03 1.000000000000000000e+00
-2.053999999999999826e+00 1.000000000000000048e-04 1.319575141561161145e-03 1.000000000000000000e+00
-2.053249999999999797e+00 1.000000000000000048e-04 1.321528261767042703e-03 1.000000000000000000e+00
-2.052499999999999769e+00 1.000000000000000048e-04 1.323484074171761820e-03 1.000000000000000000e+00
-2.051749999999999741e+00 1.000000000000000048e-04 1.325442581814624717e-03 1.000000000000000000e+00
-2.051000000000000156e+00 1.000000000000000048e-04 1.327403787735897565e-03 1.000000000000000000e+00
-2.050250000000000128e+00 1.000000000000000048e-04 1.329367694976793914e-03 1.000000000000000000e+00
-2.049500000000000099e+00 1.000000000000000048e-04 1.331334306579461677e-03 1.000000000000000000e+00
-2.048750000000000071e+00 1.000000000000000048e-04 1.333303625586971857e-03 1.000000000000000000e+00
-2.048000000000000043e+00 1.000000000000000048e-04 1.335275655043313778e-03 1.000000000000000000e+00
-2.047250000000000014e+00 1.000000000000000048e-04 1.337250397993374699e-03 1.000000000000000000e+00
-2.046499999999999986e+00 1.000000000000000048e-04 1.339227857482937429e-03 1.000000000000000000e+00
-2.045749999999999957e+00 1.000000000000000048e-04 1.341208036558661030e-03 1.000000000000000000e+00
-2.044999999999999929e+00 1.000000000000000048e-04 1.343190938268075396e-03 1.000000000000000000e+00
-2.044249999999999901e+00 1.000000000000000048e-04 1.345176565659568025e-03 1.000000000000000000e+00
-2.043499999999999872e+00 1.000000000000000048e-04 1.347164921782371440e-03 1.000000000000000000e+00
-2.042749999999999844e+00 1.000000000000000048e-04 1.349156009686553219e-03 1.000000000000000000e+00
-2.041999999999999815e+00 1.000000000000000048e-04 1.351149832423002546e-03 1.000000000000000000e+00
-2.041249999999999787e+00 1.000000000000000048e-04 1.353146393043422628e-03 1.000000000000000000e+00
-2.040499999999999758e+00 1.000000000000000048e-04 1.355145694600312905e-03 1.000000000000000000e+00
-2.039749999999999730e+00 1.000000000000000048e-04 1.357147740146962120e-03 1.000000000000000000e+00
-2.039000000000000146e+00 1.000000000000000048e-04 1.359152532737434001e-03 1.000000000000000000e+00
-2.038250000000000117e+00 1.000000000000000048e-04 1.361160075426559677e-03 1.000000000000000000e+00
-2.037500000000000089e+00 1.000000000000000048e-04 1.363170371269919242e-03 1.000000000000000000e+00
-2.036750000000000060e+00 1.000000000000000048e-04 1.365183423323833301e-03 1.000000000000000000e+00
-2.036000000000000032e+00 1.000000000000000048e-04 1.367199234645350391e-03 1.000000000000000000e+00
-2.035250000000000004e+00 1.000000000000000048e-04 1.369217808292237009e-03 1.000000000000000000e+00
-2.034499999999999975e+00 1.000000000000000048e-04 1.371239147322960046e-03 1.000000000000000000e+00
-2.033749999999999947e+00 1.000000000000000048e-04 1.373263254796682018e-03 1.000000000000000000e+00
-2.032999999999999918e+00 1.000000000000000048e-04 1.375290133773242199e-03 1.000000000000000000e+00
-2.032249999999999890e+00 1.000000000000000048e-04 1.377319787313145564e-03 1.000000000000000000e+00
-2.031499999999999861e+00 1.000000000000000048e-04 1.379352218477554329e-03 1.000000000000000000e+00
-2.030749999999999833e+00 1.000000000000000048e-04 1.381387430328270393e-03 1.000000000000000000e+00
-2.029999999999999805e+00 1.000000000000000048e-04 1.383425425927726875e-03 1.000000000000000000e+00
-2.029249999999999776e+00 1.000000000000000048e-04 1.385466208338971853e-03 1.000000000000000000e+00
-2.028499999999999748e+00 1.000000000000000048e-04 1.387509780625657309e-03 1.000000000000000000e+00
-2.027749999999999719e+00 1.000000000000000048e-04 1.389556145852028930e-03 1.000000000000000000e+00
-2.027000000000000135e+00 1.000000000000000048e-04 1.391605307082906598e-03 1.000000000000000000e+00
-2.026250000000000107e+00 1.000000000000000048e-04 1.393657267383681571e-03 1.000000000000000000e+00
-2.025500000000000078e+00 1.000000000000000048e-04 1.395712029820291977e-03 1.000000000000000000e+00
-2.024750000000000050e+00 1.000000000000000048e-04 1.397769597459219346e-03 1.000000000000000000e+00
-2.024000000000000021e+00 1.000000000000000048e-04 1.399829973367468011e-03 1.000000000000000000e+00
-2.023249999999999993e+00 1.000000000000000048e-04 1.401893160612559469e-03 1.000000000000000000e+00
-2.022499999999999964e+00 1.000000000000000048e-04 1.403959162262512217e-03 1.000000000000000000e+00
-2.021749999999999936e+00 1.000000000000000048e-04 1.406027981385833507e-03 1.000000000000000000e+00
-2.020999999999999908e+00 1.000000000000000048e-04 1.408099621051503089e-03 1.000000000000000000e+00
-2.020249999999999879e+00 1.000000000000000048e-04 1.410174084328960631e-03 1.000000000000000000e+00
-2.019499999999999851e+00 1.000000000000000048e-04 1.412251374288092925e-03 1.000000000000000000e+00
-2.018749999999999822e+00 1.000000000000000048e-04 1.414331493999218059e-03 1.000000000000000000e+00
-2.017999999999999794e+00 1.000000000000000048e-04 1.416414446533075444e-03 1.000000000000000000e+00
-2.017249999999999766e+00 1.000000000000000048e-04 1.418500234960807811e-03 1.000000000000000000e+00
-2.016499999999999737e+00 1.000000000000000048e-04 1.420588862353952759e-03 1.000000000000000000e+00
-2.015750000000000153e+00 1.000000000000000048e-04 1.422680331784422587e-03 1.000000000000000000e+00
-2.015000000000000124e+00 1.000000000000000048e-04 1.424774646324496489e-03 1.000000000000000000e+00
-2.014250000000000096e+00 1.000000000000000048e-04 1.426871809046802555e-03 1.000000000000000000e+00
-2.013500000000000068e+00 1.000000000000000048e-04 1.428971823024303457e-03 1.000000000000000000e+00
-2.012750000000000039e+00 1.000000000000000048e-04 1.431074691330284747e-03 1.000000000000000000e+00
-2.012000000000000011e+00 1.000000000000000048e-04 1.433180417038342272e-03 1.000000000000000000e+00
-2.011249999999999982e+00 1.000000000000000048e-04 1.435289003222360712e-03 1.000000000000000000e+00
-2.010499999999999954e+00 1.000000000000000048e-04 1.437400452956507724e-03 1.000000000000000000e+00
-2.009749999999999925e+00 1.000000000000000048e-04 1.439514769315213558e-03 1.000000000000000000e+00
-2.008999999999999897e+00 1.000000000000000048e-04 1.441631955373159999e-03 1.000000000000000000e+00
-2.008249999999999869e+00 1.000000000000000048e-04 1.443752014205262803e-03 1.000000000000000000e+00
-2.007499999999999840e+00 1.000000000000000048e-04 1.445874948886660856e-03 1.000000000000000000e+00
-2.006749999999999812e+00 1.000000000000000048e-04 1.448000762492698389e-03 1.000000000000000000e+00
-2.005999999999999783e+00 1.000000000000000048e-04 1.450129458098911757e-03 1.000000000000000000e+00
-2.005249999999999755e+00 1.000000000000000048e-04 1.452261038781013170e-03 1.000000000000000000e+00
-2.004499999999999726e+00 1.000000000000000048e-04 1.454395507614876602e-03 1.000000000000000000e+00
-2.003750000000000142e+00 1.000000000000000048e-04 1.456532867676524562e-03 1.000000000000000000e+00
-2.003000000000000114e+00 1.000000000000000048e-04 1.458673122042111834e-03 1.000000000000000000e+00
-2.002250000000000085e+00 1.000000000000000048e-04 1.460816273787905739e-03 1.000000000000000000e+00
-2.001500000000000057e+00 1.000000000000000048e-04 1.462962325990281153e-03 1.000000000000000000e+00
-2.000750000000000028e+00 1.000000000000000048e-04 1.465111281725694050e-03 1.000000000000000000e+00
-2.000000000000000000e+00 1.000000000000000048e-04 1.467263144070674128e-03 1.000000000000000000e+00
-1.999249999999999972e+00 1.000000000000000048e-04 1.469417916101804214e-03 1.000000000000000000e+00
-1.998499999999999943e+00 1.000000000000000048e-04 1.471575600895709849e-03 1.000000000000000000e+00
-1.997749999999999915e+00 1.000000000000000048e-04 1.473736201529039780e-03 1.000000000000000000e+00
-1.996999999999999886e+00 1.000000000000000048e-04 1.475899721078450556e-03 1.000000000000000000e+00
-1.996249999999999858e+00 1.000000000000000048e-04 1.478066162620593742e-03 1.000000000000000000e+00
-1.995499999999999829e+00 1.000000000000000048e-04 1.480235529232095098e-03 1.000000000000000000e+00
-1.994749999999999801e+00 1.000000000000000048e-04 1.482407823989544170e-03 1.000000000000000000e+00
-1.993999999999999773e+00 1.000000000000000048e-04 1.484583049969474995e-03 1.000000000000000000e+00
-1.993249999999999744e+00 1.000000000000000048e-04 1.486761210248351353e-03 1.000000000000000000e+00
-1.992499999999999716e+00 1.000000000000000048e-04 1.488942307902548770e-03 1.000000000000000000e+00
-1.991750000000000131e+00 1.000000000000000048e-04 1.491126346008339555e-03 1.000000000000000000e+00
-1.991000000000000103e+00 1.000000000000000048e-04 1.493313327641881093e-03 1.000000000000000000e+00
-1.990250000000000075e+00 1.000000000000000048e-04 1.495503255879189822e-03 1.000000000000000000e+00
-1.989500000000000046e+00 1.000000000000000048e-04 1.497696133796131476e-03 1.000000000000000000e+00
-1.988750000000000018e+00 1.000000000000000048e-04 1.499891964468405905e-03 1.000000000000000000e+00
-1.987999999999999989e+00 1.000000000000000048e-04 1.502090750971522793e-03 1.000000000000000000e+00
-1.987249999999999961e+00 1.000000000000000048e-04 1.504292496380794713e-03 1.000000000000000000e+00
-1.986499999999999932e+00 1.000000000000000048e-04 1.506497203771311544e-03 1.000000000000000000e+00
-1.985749999999999904e+00 1.000000000000000048e-04 1.508704876217931796e-03 1.000000000000000000e+00
-1.984999999999999876e+00 1.000000000000000048e-04 1.510915516795258108e-03 1.000000000000000000e+00
-1.984249999999999847e+00 1.000000000000000048e-04 1.513129128577624452e-03 1.000000000000000000e+00
-1.983499999999999819e+00 1.000000000000000048e-04 1.515345714639080524e-03 1.000000000000000000e+00
-1.982749999999999790e+00 1.000000000000000048e-04 1.517565278053370275e-03 1.000000000000000000e+00
-1.981999999999999762e+00 1.000000000000000048e-04 1.519787821893915864e-03 1.000000000000000000e+00
-1.981249999999999734e+00 1.000000000000000048e-04 1.522013349233803997e-03 1.000000000000000000e+00
-1.980500000000000149e+00 1.000000000000000048e-04 1.524241863145762727e-03 1.000000000000000000e+00
-1.979750000000000121e+00 1.000000000000000048e-04 1.526473366702150612e-03 1.000000000000000000e+00
-1.979000000000000092e+00 1.000000000000000048e-04 1.528707862974933076e-03 1.000000000000000000e+00
-1.978250000000000064e+00 1.000000000000000048e-04 1.530945355035665716e-03 1.000000000000000000e+00
-1.977500000000000036e+00 1.000000000000000048e-04 1.533185845955482591e-03 1.000000000000000000e+00
-1.976750000000000007e+00 1.000000000000000048e-04 1.535429338805069984e-03 1.000000000000000000e+00
-1.975999999999999979e+00 1.000000000000000048e-04 1.537675836654653827e-03 1.000000000000000000e+00
-1.975249999999999950e+00 1.000000000000000048e-04 1.539925342573978881e-03 1.000000000000000000e+00
-1.974499999999999922e+00 1.000000000000000048e-04 1.542177859632295079e-03 1.000000000000000000e+00
-1.973749999999999893e+00 1.000000000000000048e-04 1.544433390898332804e-03 1.000000000000000000e+00
-1.972999999999999865e+00 1.000000000000000048e-04 1.546691939440289010e-03 1.000000000000000000e+00
-1.972249999999999837e+00 1.000000000000000048e-04 1.548953508325809445e-03 1.000000000000000000e+00
-1.971499999999999808e+00 1.000000000000000048e-04 1.551218100621968698e-03 1.000000000000000000e+00
-1.970749999999999780e+00 1.000000000000000048e-04 1.553485719395249600e-03 1.000000000000000000e+00
-1.969999999999999751e+00 1.000000000000000048e-04 1.555756367711528913e-03 1.000000000000000000e+00
-1.969249999999999723e+00 1.000000000000000048e-04 1.558030048636053697e-03 1.000000000000000000e+00
-1.968500000000000139e+00 1.000000000000000048e-04 1.560306765233429160e-03 1.000000000000000000e+00
-1.967750000000000110e+00 1.000000000000000048e-04 1.562586520567593945e-03 1.000000000000000000e+00
-1.967000000000000082e+00 1.000000000000000048e-04 1.564869317701803866e-03 1.000000000000000000e+00
-1.966250000000000053e+00 1.000000000000000048e-04 1.567155159698610436e-03 1.000000000000000000e+00
-1.965500000000000025e+00 1.000000000000000048e-04 1.569444049619845259e-03 1.000000000000000000e+00
-1.964749999999999996e+00 1.000000000000000048e-04 1.571735990526598563e-03 1.000000000000000000e+00
-1.963999999999999968e+00 1.000000000000000048e-04 1.574030985479200765e-03 1.000000000000000000e+00
-1.963249999999999940e+00 1.000000000000000048e-04 1.576329037537201874e-03 1.000000000000000000e+00
-1.962499999999999911e+00 1.000000000000000048e-04 1.578630149759352192e-03 1.000000000000000000e+00
-1.961749999999999883e+00 1.000000000000000048e-04 1.580934325203586484e-03 1.000000000000000000e+00
-1.960999999999999854e+00 1.000000000000000048e-04 1.583241566926997307e-03 1.000000000000000000e+00
-1.960249999999999826e+00 1.000000000000000048e-04 1.585551877985820479e-03 1.000000000000000000e+00
-1.959499999999999797e+00 1.000000000000000048e-04 1.587865261435415136e-03 1.000000000000000000e+00
-1.958749999999999769e+00 1.000000000000000048e-04 1.590181720330242042e-03 1.000000000000000000e+00
-1.957999999999999741e+00 1.000000000000000048e-04 1.592501257723841906e-03 1.000000000000000000e+00
-1.957250000000000156e+00 1.000000000000000048e-04 1.594823876668818472e-03 1.000000000000000000e+00
-1.956500000000000128e+00 1.000000000000000048e-04 1.597149580216821168e-03 1.000000000000000000e+00
-1.955750000000000099e+00 1.000000000000000048e-04 1.599478371418513014e-03 1.000000000000000000e+00
-1.955000000000000071e+00 1.000000000000000048e-04 1.601810253323564552e-03 1.000000000000000000e+00
-1.954250000000000043e+00 1.000000000000000048e-04 1.604145228980622404e-03 1.000000000000000000e+00
-1.953500000000000014e+00 1.000000000000000048e-04 1.606483301437296911e-03 1.000000000000000000e+00
-1.952749999999999986e+00 1.000000000000000048e-04 1.608824473740133511e-03 1.000000000000000000e+00
-1.951999999999999957e+00 1.000000000000000048e-04 1.611168748934599078e-03 1.000000000000000000e+00
-1.951249999999999929e+00 1.000000000000000048e-04 1.613516130065056333e-03 1.000000000000000000e+00
-1.950499999999999901e+00 1.000000000000000048e-04 1.615866620174744115e-03 1.000000000000000000e+00
-1.949749999999999872e+00 1.000000000000000048e-04 1.618220222305757862e-03 1.000000000000000000e+00
-1.948999999999999844e+00 1.000000000000000048e-04 1.620576939499025542e-03 1.000000000000000000e+00
-1.948249999999999815e+00 1.000000000000000048e-04 1.622936774794291612e-03 1.000000000000000000e+00
-1.947499999999999787e+00 1.000000000000000048e-04 1.625299731230085785e-03 1.000000000000000000e+00
-1.946749999999999758e+00 1.000000000000000048e-04 1.627665811843713060e-03 1.000000000000000000e+00
-1.945999999999999730e+00 1.000000000000000048e-04 1.630035019671225750e-03 1.000000000000000000e+00
-1.945250000000000146e+00 1.000000000000000048e-04 1.632407357747399628e-03 1.000000000000000000e+00
-1.944500000000000117e+00 1.000000000000000048e-04 1.634782829105722000e-03 1.000000000000000000e+00
-1.943750000000000089e+00 1.000000000000000048e-04 1.637161436778357664e-03 1.000000000000000000e+00
-1.943000000000000060e+00 1.000000000000000048e-04 1.639543183796133294e-03 1.000000000000000000e+00
-1.942250000000000032e+00 1.000000000000000048e-04 1.641928073188516192e-03 1.000000000000000000e+00
-1.941500000000000004e+00 1.000000000000000048e-04 1.644316107983591086e-03 1.000000000000000000e+00
-1.940749999999999975e+00 1.000000000000000048e-04 1.646707291208035192e-03 1.000000000000000000e+00
-1.939999999999999947e+00 1.000000000000000048e-04 1.649101625887099565e-03 1.000000000000000000e+00
-1.939249999999999918e+00 1.000000000000000048e-04 1.651499115044584168e-03 1.000000000000000000e+00
-1.938499999999999890e+00 1.000000000000000048e-04 1.653899761702815746e-03 1.000000000000000000e+00
-1.937749999999999861e+00 1.000000000000000048e-04 1.656303568882627015e-03 1.000000000000000000e+00
-1.936999999999999833e+00 1.000000000000000048e-04 1.658710539603331291e-03 1.000000000000000000e+00
-1.936249999999999805e+00 1.000000000000000048e-04 1.661120676882700369e-03 1.000000000000000000e+00
-1.935499999999999776e+00 1.000000000000000048e-04 1.663533983736944577e-03 1.000000000000000000e+00
-1.934749999999999748e+00 1.000000000000000048e-04 1.665950463180683287e-03 1.000000000000000000e+00
-1.933999999999999719e+00 1.000000000000000048e-04 1.668370118226927780e-03 1.000000000000000000e+00
-1.933250000000000135e+00 1.000000000000000048e-04 1.670792951887051974e-03 1.000000000000000000e+00
-1.932500000000000107e+00 1.000000000000000048e-04 1.673218967170778549e-03 1.000000000000000000e+00
-1.931750000000000078e+00 1.000000000000000048e-04 1.675648167086146636e-03 1.000000000000000000e+00
-1.931000000000000050e+00 1.000000000000000048e-04 1.678080554639488830e-03 1.000000000000000000e+00
-1.930250000000000021e+00 1.000000000000000048e-04 1.680516132835413847e-03 1.000000000000000000e+00
-1.929499999999999993e+00 1.000000000000000048e-04 1.682954904676772692e-03 1.000000000000000000e+00
-1.928749999999999964e+00 1.000000000000000048e-04 1.685396873164647603e-03 1.000000000000000000e+00
-1.927999999999999936e+00 1.000000000000000048e-04 1.687842041298315190e-03 1.000000000000000000e+00
-1.927249999999999908e+00 1.000000000000000048e-04 1.690290412075230817e-03 1.000000000000000000e+00
-1.926499999999999879e+00 1.000000000000000048e-04 1.692741988491000419e-03 1.000000000000000000e+00
-1.925749999999999851e+00 1.000000000000000048e-04 1.695196773539358378e-03 1.000000000000000000e+00
-1.924999999999999822e+00 1.000000000000000048e-04 1.697654770212141508e-03 1.000000000000000000e+00
-1.924249999999999794e+00 1.000000000000000048e-04 1.700115981499262163e-03 1.000000000000000000e+00
-1.923499999999999766e+00 1.000000000000000048e-04 1.702580410388691108e-03 1.000000000000000000e+00
-1.922749999999999737e+00 1.000000000000000048e-04 1.705048059866423908e-03 1.000000000000000000e+00
-1.922000000000000153e+00 1.000000000000000048e-04 1.707518932916461630e-03 1.000000000000000000e+00
-1.921250000000000124e+00 1.000000000000000048e-04 1.709993032520782871e-03 1.000000000000000000e+00
-1.920500000000000096e+00 1.000000000000000048e-04 1.712470361659322289e-03 1.000000000000000000e+00
-1.919750000000000068e+00 1.000000000000000048e-04 1.714950923309939597e-03 1.000000000000000000e+00
-1.919000000000000039e+00 1.000000000000000048e-04 1.717434720448399611e-03 1.000000000000000000e+00
-1.918250000000000011e+00 1.000000000000000048e-04 1.719921756048342978e-03 1.000000000000000000e+00
-1.917499999999999982e+00 1.000000000000000048e-04 1.722412033081263628e-03 1.000000000000000000e+00
-1.916749999999999954e+00 1.000000000000000048e-04 1.724905554516481445e-03 1.000000000000000000e+00
-1.915999999999999925e+00 1.000000000000000048e-04 1.727402323321115384e-03 1.000000000000000000e+00
-1.915249999999999897e+00 1.000000000000000048e-04 1.729902342460060702e-03 1.000000000000000000e+00
-1.914499999999999869e+00 1.000000000000000048e-04 1.732405614895958816e-03 1.000000000000000000e+00
-1.913749999999999840e+00 1.000000000000000048e-04 1.734912143589173016e-03 1.000000000000000000e+00
-1.912999999999999812e+00 1.000000000000000048e-04 1.737421931497766785e-03 1.000000000000000000e+00
-1.912249999999999783e+00 1.000000000000000048e-04 1.739934981577467366e-03 1.000000000000000000e+00
-1.911499999999999755e+00 1.000000000000000048e-04 1.742451296781647547e-03 1.000000000000000000e+00
-1.910749999999999726e+00 1.000000000000000048e-04 1.744970880061297042e-03 1.000000000000000000e+00
-1.910000000000000142e+00 1.000000000000000048e-04 1.747493734364991913e-03 1.000000000000000000e+00
-1.909250000000000114e+00 1.000000000000000048e-04 1.750019862638875056e-03 1.000000000000000000e+00
-1.908500000000000085e+00 1.000000000000000048e-04 1.752549267826624107e-03 1.000000000000000000e+00
-1.907750000000000057e+00 1.000000000000000048e-04 1.755081952869420869e-03 1.000000000000000000e+00
-1.907000000000000028e+00 1.000000000000000048e-04 1.757617920705933532e-03 1.000000000000000000e+00
-1.906250000000000000e+00 1.000000000000000048e-04 1.760157174272281326e-03 1.000000000000000000e+00
-1.905499999999999972e+00 1.000000000000000048e-04 1.762699716502011318e-03 1.000000000000000000e+00
-1.904749999999999943e+00 1.000000000000000048e-04 1.765245550326067191e-03 1.000000000000000000e+00
-1.903999999999999915e+00 1.000000000000000048e-04 1.767794678672767123e-03 1.000000000000000000e+00
-1.903249999999999886e+00 1.000000000000000048e-04 1.770347104467768877e-03 1.000000000000000000e+00
-1.902499999999999858e+00 1.000000000000000048e-04 1.772902830634049201e-03 1.000000000000000000e+00
-1.901749999999999829e+00 1.000000000000000048e-04 1.775461860091868266e-03 1.000000000000000000e+00
-1.900999999999999801e+00 1.000000000000000048e-04 1.778024195758748632e-03 1.000000000000000000e+00
-1.900249999999999773e+00 1.000000000000000048e-04 1.780589840549441855e-03 1.000000000000000000e+00
-1.899499999999999744e+00 1.000000000000000048e-04 1.783158797375901383e-03 1.000000000000000000e+00
-1.898749999999999716e+00 1.000000000000000048e-04 1.785731069147254366e-03 1.000000000000000000e+00
-1.898000000000000131e+00 1.000000000000000048e-04 1.788306658769771079e-03 1.000000000000000000e+00
-1.897250000000000103e+00 1.000000000000000048e-04 1.790885569146847362e-03 1.000000000000000000e+00
-1.896500000000000075e+00 1.000000000000000048e-04 1.793467803178951710e-03 1.000000000000000000e+00
-1.895750000000000046e+00 1.000000000000000048e-04 1.796053363763620934e-03 1.000000000000000000e+00
-1.895000000000000018e+00 1.000000000000000048e-04 1.798642253795417660e-03 1.000000000000000000e+00
-1.894249999999999989e+00 1.000000000000000048e-04 1.801234476165903013e-03 1.000000000000000000e+00
-1.893499999999999961e+00 1.000000000000000048e-04 1.803830033763609286e-03 1.000000000000000000e+00
-1.892749999999999932e+00 1.000000000000000048e-04 1.806428929474010892e-03 1.000000000000000000e+00
-1.891999999999999904e+00 1.000000000000000048e-04 1.809031166179489230e-03 1.000000000000000000e+00
-1.891249999999999876e+00 1.000000000000000048e-04 1.811636746759308185e-03 1.000000000000000000e+00
-1.890499999999999847e+00 1.000000000000000048e-04 1.814245674089584636e-03 1.000000000000000000e+00
-1.889749999999999819e+00 1.000000000000000048e-04 1.816857951043253545e-03 1.000000000000000000e+00
-1.888999999999999790e+00 1.000000000000000048e-04 1.819473580490041506e-03 1.000000000000000000e+00
-1.888249999999999762e+00 1.000000000000000048e-04 1.822092565296434645e-03 1.000000000000000000e+00
-1.887499999999999734e+00 1.000000000000000048e-04 1.824714908325650005e-03 1.000000000000000000e+00
-1.886750000000000149e+00 1.000000000000000048e-04 1.827340612437602149e-03 1.000000000000000000e+00
-1.886000000000000121e+00 1.000000000000000048e-04 1.829969680488876919e-03 1.000000000000000000e+00
-1.885250000000000092e+00 1.000000000000000048e-04 1.832602115332693932e-03 1.000000000000000000e+00
-1.884500000000000064e+00 1.000000000000000048e-04 1.835237919818880547e-03 1.000000000000000000e+00
-1.883750000000000036e+00 1.000000000000000048e-04 1.837877096793840218e-03 1.000000000000000000e+00
-1.883000000000000007e+00 1.000000000000000048e-04 1.840519649100517355e-03 1.000000000000000000e+00
-1.882249999999999979e+00 1.000000000000000048e-04 1.843165579578373483e-03 1.000000000000000000e+00
-1.881499999999999950e+00 1.000000000000000048e-04 1.845814891063347332e-03 1.000000000000000000e+00
-1.880749999999999922e+00 1.000000000000000048e-04 1.848467586387827089e-03 1.000000000000000000e+00
-1.879999999999999893e+00 1.000000000000000048e-04 1.851123668380621557e-03 1.000000000000000000e+00
-1.879249999999999865e+00 1.000000000000000048e-04 1.853783139866919168e-03 1.000000000000000000e+00
-1.878499999999999837e+00 1.000000000000000048e-04 1.856446003668266523e-03 1.000000000000000000e+00
-1.877749999999999808e+00 1.000000000000000048e-04 1.859112262602528702e-03 1.000000000000000000e+00
-1.876999999999999780e+00 1.000000000000000048e-04 1.861781919483862166e-03 1.000000000000000000e+00
-1.876249999999999751e+00 1.000000000000000048e-04 1.864454977122674637e-03 1.000000000000000000e+00
-1.875499999999999723e+00 1.000000000000000048e-04 1.867131438325602116e-03 1.000000000000000000e+00
-1.874750000000000139e+00 1.000000000000000048e-04 1.869811305895467245e-03 1.000000000000000000e+00
-1.874000000000000110e+00 1.000000000000000048e-04 1.872494582631253077e-03 1.000000000000000000e+00
-1.873250000000000082e+00 1.000000000000000048e-04 1.875181271328067072e-03 1.000000000000000000e+00
-1.872500000000000053e+00 1.000000000000000048e-04 1.877871374777105975e-03 1.000000000000000000e+00
-1.871750000000000025e+00 1.000000000000000048e-04 1.880564895765625671e-03 1.000000000000000000e+00
-1.870999999999999996e+00 1.000000000000000048e-04 1.883261837076904543e-03 1.000000000000000000e+00
-1.870249999999999968e+00 1.000000000000000048e-04 1.885962201490216364e-03 1.000000000000000000e+00
-1.869499999999999940e+00 1.000000000000000048e-04 1.888665991780785628e-03 1.000000000000000000e+00
-1.868749999999999911e+00 1.000000000000000048e-04 1.891373210719766735e-03 1.000000000000000000e+00
-1.867999999999999883e+00 1.000000000000000048e-04 1.894083861074195418e-03 1.000000000000000000e+00
-1.867249999999999854e+00 1.000000000000000048e-04 1.896797945606968575e-03 1.000000000000000000e+00
-1.866499999999999826e+00 1.000000000000000048e-04 1.899515467076799387e-03 1.000000000000000000e+00
-1.865749999999999797e+00 1.000000000000000048e-04 1.902236428238188040e-03 1.000000000000000000e+00
-1.864999999999999769e+00 1.000000000000000048e-04 1.904960831841385083e-03 1.000000000000000000e+00
-1.864249999999999741e+00 1.000000000000000048e-04 1.907688680632358249e-03 1.000000000000000000e+00
-1.863500000000000156e+00 1.000000000000000048e-04 1.910419977352754723e-03 1.000000000000000000e+00
-1.862750000000000128e+00 1.000000000000000048e-04 1.913154724739872525e-03 1.000000000000000000e+00
-1.862000000000000099e+00 1.000000000000000048e-04 1.915892925526613885e-03 1.000000000000000000e+00
-1.861250000000000071e+00 1.000000000000000048e-04 1.918634582441462256e-03 1.000000000000000000e+00
-1.860500000000000043e+00 1.000000000000000048e-04 1.921379698208436565e-03 1.000000000000000000e+00
-1.859750000000000014e+00 1.000000000000000048e-04 1.924128275547060856e-03 1.000000000000000000e+00
-1.858999999999999986e+00 1.000000000000000048e-04 1.926880317172330456e-03 1.000000000000000000e+00
-1.858249999999999957e+00 1.000000000000000048e-04 1.929635825794669482e-03 1.000000000000000000e+00
-1.857499999999999929e+00 1.000000000000000048e-04 1.932394804119898094e-03 1.000000000000000000e+00
-1.856749999999999901e+00 1.000000000000000048e-04 1.935157254849199102e-03 1.000000000000000000e+00
-1.855999999999999872e+00 1.000000000000000048e-04 1.937923180679076551e-03 1.000000000000000000e+00
-1.855249999999999844e+00 1.000000000000000048e-04 1.940692584301320590e-03 1.000000000000000000e+00
-1.854499999999999815e+00 1.000000000000000048e-04 1.943465468402972565e-03 1.000000000000000000e+00
-1.853749999999999787e+00 1.000000000000000048e-04 1.946241835666283381e-03 1.000000000000000000e+00
-1.852999999999999758e+00 1.000000000000000048e-04 1.949021688768687484e-03 1.000000000000000000e+00
-1.852249999999999730e+00 1.000000000000000048e-04 1.951805030382748650e-03 1.000000000000000000e+00
-1.851500000000000146e+00 1.000000000000000048e-04 1.954591863176135483e-03 1.000000000000000000e+00
-1.850750000000000117e+00 1.000000000000000048e-04 1.957382189811581949e-03 1.000000000000000000e+00
-1.850000000000000089e+00 1.000000000000000048e-04 1.960176012946848127e-03 1.000000000000000000e+00
-1.849250000000000060e+00 1.000000000000000048e-04 1.962973335234677059e-03 1.000000000000000000e+00
-1.848500000000000032e+00 1.000000000000000048e-04 1.965774159322765044e-03 1.000000000000000000e+00
-1.847750000000000004e+00 1.000000000000000048e-04 1.968578487853722171e-03 1.000000000000000000e+00
-1.846999999999999975e+00 1.000000000000000048e-04 1.971386323465026784e-03 1.000000000000000000e+00
-1.846249999999999947e+00 1.000000000000000048e-04 1.974197668788995122e-03 1.000000000000000000e+00
-1.845499999999999918e+00 1.000000000000000048e-04 1.977012526452740990e-03 1.000000000000000000e+00
-1.844749999999999890e+00 1.000000000000000048e-04 1.979830899078130219e-03 1.000000000000000000e+00
-1.843999999999999861e+00 1.000000000000000048e-04 1.982652789281751180e-03 1.000000000000000000e+00
-1.843249999999999833e+00 1.000000000000000048e-04 1.985478199674870544e-03 1.000000000000000000e+00
-1.842499999999999805e+00 1.000000000000000048e-04 1.988307132863394687e-03 1.000000000000000000e+00
-1.841749999999999776e+00 1.000000000000000048e-04 1.991139591447828924e-03 1.000000000000000000e+00
-1.840999999999999748e+00 1.000000000000000048e-04 1.993975578023240644e-03 1.000000000000000000e+00
-1.840249999999999719e+00 1.000000000000000048e-04 1.996815095179216813e-03 1.000000000000000000e+00
-1.839500000000000135e+00 1.000000000000000048e-04 1.999658145499824506e-03 1.000000000000000000e+00
-1.838750000000000107e+00 1.000000000000000048e-04 2.002504731563574912e-03 1.000000000000000000e+00
-1.838000000000000078e+00 1.000000000000000048e-04 2.005354855943374329e-03 1.000000000000000000e+00
-1.837250000000000050e+00 1.000000000000000048e-04 2.008208521206493371e-03 1.000000000000000000e+00
-1.836500000000000021e+00 1.000000000000000048e-04 2.011065729914518398e-03 1.000000000000000000e+00
-1.835749999999999993e+00 1.000000000000000048e-04 2.013926484623314219e-03 1.000000000000000000e+00
-1.834999999999999964e+00 1.000000000000000048e-04 2.016790787882986793e-03 1.000000000000000000e+00
-1.834249999999999936e+00 1.000000000000000048e-04 2.019658642237832490e-03 1.000000000000000000e+00
-1.833499999999999908e+00 1.000000000000000048e-04 2.022530050226306001e-03 1.000000000000000000e+00
-1.832749999999999879e+00 1.000000000000000048e-04 2.025405014380973930e-03 1.000000000000000000e+00
-1.831999999999999851e+00 1.000000000000000048e-04 2.028283537228475764e-03 1.000000000000000000e+00
-1.831249999999999822e+00 1.000000000000000048e-04 2.031165621289475736e-03 1.000000000000000000e+00
-1.830499999999999794e+00 1.000000000000000048e-04 2.034051269078632901e-03 1.000000000000000000e+00
-1.829749999999999766e+00 1.000000000000000048e-04 2.036940483104546923e-03 1.000000000000000000e+00
-1.828999999999999737e+00 1.000000000000000048e-04 2.039833265869720781e-03 1.000000000000000000e+00
-1.828250000000000153e+00 1.000000000000000048e-04 2.042729619870517835e-03 1.000000000000000000e+00
-1.827500000000000124e+00 1.000000000000000048e-04 2.045629547597121491e-03 1.000000000000000000e+00
-1.826750000000000096e+00 1.000000000000000048e-04 2.048533051533488799e-03 1.000000000000000000e+00
-1.826000000000000068e+00 1.000000000000000048e-04 2.051440134157307086e-03 1.000000000000000000e+00
-1.825250000000000039e+00 1.000000000000000048e-04 2.054350797939951019e-03 1.000000000000000000e+00
-1.824500000000000011e+00 1.000000000000000048e-04 2.057265045346445310e-03 1.000000000000000000e+00
-1.823749999999999982e+00 1.000000000000000048e-04 2.060182878835408772e-03 1.000000000000000000e+00
-1.822999999999999954e+00 1.000000000000000048e-04 2.063104300859024826e-03 1.000000000000000000e+00
-1.822249999999999925e+00 1.000000000000000048e-04 2.066029313862985991e-03 1.000000000000000000e+00
-1.821499999999999897e+00 1.000000000000000048e-04 2.068957920286455289e-03 1.000000000000000000e+00
-1.820749999999999869e+00 1.000000000000000048e-04 2.071890122562020271e-03 1.000000000000000000e+00
-1.819999999999999840e+00 1.000000000000000048e-04 2.074825923115650953e-03 1.000000000000000000e+00
-1.819249999999999812e+00 1.000000000000000048e-04 2.077765324366651241e-03 1.000000000000000000e+00
-1.818499999999999783e+00 1.000000000000000048e-04 2.080708328727614263e-03 1.000000000000000000e+00
-1.817749999999999755e+00 1.000000000000000048e-04 2.083654938604383340e-03 1.000000000000000000e+00
-1.816999999999999726e+00 1.000000000000000048e-04 2.086605156395997772e-03 1.000000000000000000e+00
-1.816250000000000142e+00 1.000000000000000048e-04 2.089558984494654242e-03 1.000000000000000000e+00
-1.815500000000000114e+00 1.000000000000000048e-04 2.092516425285661716e-03 1.000000000000000000e+00
-1.814750000000000085e+00 1.000000000000000048e-04 2.095477481147385058e-03 1.000000000000000000e+00
-1.814000000000000057e+00 1.000000000000000048e-04 2.098442154451214681e-03 1.000000000000000000e+00
-1.813250000000000028e+00 1.000000000000000048e-04 2.101410447561507990e-03 1.000000000000000000e+00
-1.812500000000000000e+00 1.000000000000000048e-04 2.104382362835547325e-03 1.000000000000000000e+00
-1.811749999999999972e+00 1.000000000000000048e-04 2.107357902623496586e-03 1.000000000000000000e+00
-1.810999999999999943e+00 1.000000000000000048e-04 2.110337069268346157e-03 1.000000000000000000e+00
-1.810249999999999915e+00 1.000000000000000048e-04 2.113319865105875179e-03 1.000000000000000000e+00
-1.809499999999999886e+00 1.000000000000000048e-04 2.116306292464600371e-03 1.000000000000000000e+00
-1.808749999999999858e+00 1.000000000000000048e-04 2.119296353665724424e-03 1.000000000000000000e+00
-1.807999999999999829e+00 1.000000000000000048e-04 2.122290051023098707e-03 1.000000000000000000e+00
-1.807249999999999801e+00 1.000000000000000048e-04 2.125287386843165583e-03 1.000000000000000000e+00
-1.806499999999999773e+00 1.000000000000000048e-04 2.128288363424914176e-03 1.000000000000000000e+00
-1.805749999999999744e+00 1.000000000000000048e-04 2.131292983059834400e-03 1.000000000000000000e+00
-1.804999999999999716e+00 1.000000000000000048e-04 2.134301248031864918e-03 1.000000000000000000e+00
-1.804250000000000131e+00 1.000000000000000048e-04 2.137313160617344138e-03 1.000000000000000000e+00
-1.803500000000000103e+00 1.000000000000000048e-04 2.140328723084973777e-03 1.000000000000000000e+00
-1.802750000000000075e+00 1.000000000000000048e-04 2.143347937695748613e-03 1.000000000000000000e+00
-1.802000000000000046e+00 1.000000000000000048e-04 2.146370806702924388e-03 1.000000000000000000e+00
-1.801250000000000018e+00 1.000000000000000048e-04 2.149397332351958827e-03 1.000000000000000000e+00
-1.800499999999999989e+00 1.000000000000000048e-04 2.152427516880471743e-03 1.000000000000000000e+00
-1.799749999999999961e+00 1.000000000000000048e-04 2.155461362518186052e-03 1.000000000000000000e+00
-1.798999999999999932e+00 1.000000000000000048e-04 2.158498871486880938e-03 1.000000000000000000e+00
-1.798249999999999904e+00 1.000000000000000048e-04 2.161540046000344582e-03 1.000000000000000000e+00
-1.797499999999999876e+00 1.000000000000000048e-04 2.164584888264319950e-03 1.000000000000000000e+00
-1.796749999999999847e+00 1.000000000000000048e-04 2.167633400476456657e-03 1.000000000000000000e+00
-1.795999999999999819e+00 1.000000000000000048e-04 2.170685584826258490e-03 1.000000000000000000e+00
-1.795249999999999790e+00 1.000000000000000048e-04 2.173741443495033968e-03 1.000000000000000000e+00
-1.794499999999999762e+00 1.000000000000000048e-04 2.176800978655846902e-03 1.000000000000000000e+00
-1.793749999999999734e+00 1.000000000000000048e-04 2.179864192473458719e-03 1.000000000000000000e+00
-1.793000000000000149e+00 1.000000000000000048e-04 2.182931087104282488e-03 1.000000000000000000e+00
-1.792250000000000121e+00 1.000000000000000048e-04 2.186001664696334782e-03 1.000000000000000000e+00
-1.791500000000000092e+00 1.000000000000000048e-04 2.189075927389170628e-03 1.000000000000000000e+00
-1.790750000000000064e+00 1.000000000000000048e-04 2.192153877313844472e-03 1.000000000000000000e+00
-1.790000000000000036e+00 1.000000000000000048e-04 2.195235516592850770e-03 1.000000000000000000e+00
-1.789250000000000007e+00 1.000000000000000048e-04 2.198320847340072375e-03 1.000000000000000000e+00
-1.788499999999999979e+00 1.000000000000000048e-04 2.201409871660733701e-03 1.000000000000000000e+00
-1.787749999999999950e+00 1.000000000000000048e-04 2.204502591651336108e-03 1.000000000000000000e+00
-1.786999999999999922e+00 1.000000000000000048e-04 2.207599009399613225e-03 1.000000000000000000e+00
-1.786249999999999893e+00 1.000000000000000048e-04 2.210699126984479353e-03 1.000000000000000000e+00
-1.785499999999999865e+00 1.000000000000000048e-04 2.213802946475966135e-03 1.000000000000000000e+00
-1.784749999999999837e+00 1.000000000000000048e-04 2.216910469935178766e-03 1.000000000000000000e+00
-1.783999999999999808e+00 1.000000000000000048e-04 2.220021699414235269e-03 1.000000000000000000e+00
-1.783249999999999780e+00 1.000000000000000048e-04 2.223136636956216192e-03 1.000000000000000000e+00
-1.782499999999999751e+00 1.000000000000000048e-04 2.226255284595106930e-03 1.000000000000000000e+00
-1.781749999999999723e+00 1.000000000000000048e-04 2.229377644355743510e-03 1.000000000000000000e+00
-1.781000000000000139e+00 1.000000000000000048e-04 2.232503718253762287e-03 1.000000000000000000e+00
-1.780250000000000110e+00 1.000000000000000048e-04 2.235633508295537929e-03 1.000000000000000000e+00
-1.779500000000000082e+00 1.000000000000000048e-04 2.238767016478132674e-03 1.000000000000000000e+00
-1.778750000000000053e+00 1.000000000000000048e-04 2.241904244789238217e-03 1.000000000000000000e+00
-1.778000000000000025e+00 1.000000000000000048e-04 2.245045195207121501e-03 1.000000000000000000e+00
-1.777249999999999996e+00 1.000000000000000048e-04 2.248189869700565734e-03 1.000000000000000000e+00
-1.776499999999999968e+00 1.000000000000000048e-04 2.251338270228818786e-03 1.000000000000000000e+00
-1.775749999999999940e+00 1.000000000000000048e-04 2.254490398741532033e-03 1.000000000000000000e+00
-1.774999999999999911e+00 1.000000000000000048e-04 2.257646257178709190e-03 1.000000000000000000e+00
-1.774249999999999883e+00 1.000000000000000048e-04 2.260805847470639951e-03 1.000000000000000000e+00
-1.773499999999999854e+00 1.000000000000000048e-04 2.263969171537857060e-03 1.000000000000000000e+00
-1.772749999999999826e+00 1.000000000000000048e-04 2.267136231291061281e-03 1.000000000000000000e+00
-1.771999999999999797e+00 1.000000000000000048e-04 2.270307028631078899e-03 1.000000000000000000e+00
-1.771249999999999769e+00 1.000000000000000048e-04 2.273481565448796232e-03 1.000000000000000000e+00
-1.770499999999999741e+00 1.000000000000000048e-04 2.276659843625102823e-03 1.000000000000000000e+00
-1.769749999999999712e+00 1.000000000000000048e-04 2.279841865030833754e-03 1.000000000000000000e+00
-1.769000000000000128e+00 1.000000000000000048e-04 2.283027631526708505e-03 1.000000000000000000e+00
-1.768250000000000099e+00 1.000000000000000048e-04 2.286217144963280639e-03 1.000000000000000000e+00
-1.767500000000000071e+00 1.000000000000000048e-04 2.289410407180864516e-03 1.000000000000000000e+00
-1.766750000000000043e+00 1.000000000000000048e-04 2.292607420009489319e-03 1.000000000000000000e+00
-1.766000000000000014e+00 1.000000000000000048e-04 2.295808185268831837e-03 1.000000000000000000e+00
-1.765249999999999986e+00 1.000000000000000048e-04 2.299012704768159648e-03 1.000000000000000000e+00
-1.764499999999999957e+00 1.000000000000000048e-04 2.302220980306268240e-03 1.000000000000000000e+00
-1.763749999999999929e+00 1.000000000000000048e-04 2.305433013671429835e-03 1.000000000000000000e+00
-1.762999999999999901e+00 1.000000000000000048e-04 2.308648806641315325e-03 1.000000000000000000e+00
-1.762249999999999872e+00 1.000000000000000048e-04 2.311868360982952640e-03 1.000000000000000000e+00
-1.761499999999999844e+00 1.000000000000000048e-04 2.315091678452655191e-03 1.000000000000000000e+00
-1.760749999999999815e+00 1.000000000000000048e-04 2.318318760795962889e-03 1.000000000000000000e+00
-1.759999999999999787e+00 1.000000000000000048e-04 2.321549609747579693e-03 1.000000000000000000e+00
-1.759249999999999758e+00 1.000000000000000048e-04 2.324784227031312898e-03 1.000000000000000000e+00
-1.758499999999999730e+00 1.000000000000000048e-04 2.328022614360012853e-03 1.000000000000000000e+00
-1.757750000000000146e+00 1.000000000000000048e-04 2.331264773435505738e-03 1.000000000000000000e+00
-1.757000000000000117e+00 1.000000000000000048e-04 2.334510705948541955e-03 1.000000000000000000e+00
-1.756250000000000089e+00 1.000000000000000048e-04 2.337760413578719807e-03 1.000000000000000000e+00
-1.755500000000000060e+00 1.000000000000000048e-04 2.341013897994429546e-03 1.000000000000000000e+00
-1.754750000000000032e+00 1.000000000000000048e-04 2.344271160852788322e-03 1.000000000000000000e+00
-1.754000000000000004e+00 1.000000000000000048e-04 2.347532203799583377e-03 1.000000000000000000e+00
-1.753249999999999975e+00 1.000000000000000048e-04 2.350797028469197442e-03 1.000000000000000000e+00
-1.752499999999999947e+00 1.000000000000000048e-04 2.354065636484554101e-03 1.000000000000000000e+00
-1.751749999999999918e+00 1.000000000000000048e-04 2.357338029457045799e-03 1.000000000000000000e+00
-1.750999999999999890e+00 1.000000000000000048e-04 2.360614208986477457e-03 1.000000000000000000e+00
-1.750249999999999861e+00 1.000000000000000048e-04 2.363894176660998395e-03 1.000000000000000000e+00
-1.749499999999999833e+00 1.000000000000000048e-04 2.367177934057031630e-03 1.000000000000000000e+00
-1.748749999999999805e+00 1.000000000000000048e-04 2.370465482739217509e-03 1.000000000000000000e+00
-1.747999999999999776e+00 1.000000000000000048e-04 2.373756824260345177e-03 1.000000000000000000e+00
-1.747249999999999748e+00 1.000000000000000048e-04 2.377051960161286667e-03 1.000000000000000000e+00
-1.746499999999999719e+00 1.000000000000000048e-04 2.380350891970925767e-03 1.000000000000000000e+00
-1.745750000000000135e+00 1.000000000000000048e-04 2.383653621206104686e-03 1.000000000000000000e+00
-1.745000000000000107e+00 1.000000000000000048e-04 2.386960149371541648e-03 1.000000000000000000e+00
-1.744250000000000078e+00 1.000000000000000048e-04 2.390270477959779722e-03 1.000000000000000000e+00
-1.743500000000000050e+00 1.000000000000000048e-04 2.393584608451104854e-03 1.000000000000000000e+00
-1.742750000000000021e+00 1.000000000000000048e-04 2.396902542313490789e-03 1.000000000000000000e+00
-1.741999999999999993e+00 1.000000000000000048e-04 2.400224281002524048e-03 1.000000000000000000e+00
-1.741249999999999964e+00 1.000000000000000048e-04 2.403549825961341039e-03 1.000000000000000000e+00
-1.740499999999999936e+00 1.000000000000000048e-04 2.406879178620557370e-03 1.000000000000000000e+00
-1.739749999999999908e+00 1.000000000000000048e-04 2.410212340398197161e-03 1.000000000000000000e+00
-1.738999999999999879e+00 1.000000000000000048e-04 2.413549312699631889e-03 1.000000000000000000e+00
-1.738249999999999851e+00 1.000000000000000048e-04 2.416890096917500598e-03 1.000000000000000000e+00
-1.737499999999999822e+00 1.000000000000000048e-04 2.420234694431653948e-03 1.000000000000000000e+00
-1.736749999999999794e+00 1.000000000000000048e-04 2.423583106609073987e-03 1.000000000000000000e+00
-1.735999999999999766e+00 1.000000000000000048e-04 2.426935334803808231e-03 1.000000000000000000e+00
-1.735249999999999737e+00 1.000000000000000048e-04 2.430291380356899844e-03 1.000000000000000000e+00
-1.734500000000000153e+00 1.000000000000000048e-04 2.433651244596318677e-03 1.000000000000000000e+00
-1.733750000000000124e+00 1.000000000000000048e-04 2.437014928836892750e-03 1.000000000000000000e+00
-1.733000000000000096e+00 1.000000000000000048e-04 2.440382434380224553e-03 1.000000000000000000e+00
-1.732250000000000068e+00 1.000000000000000048e-04 2.443753762514642037e-03 1.000000000000000000e+00
-1.731500000000000039e+00 1.000000000000000048e-04 2.447128914515107976e-03 1.000000000000000000e+00
-1.730750000000000011e+00 1.000000000000000048e-04 2.450507891643151880e-03 1.000000000000000000e+00
-1.729999999999999982e+00 1.000000000000000048e-04 2.453890695146810144e-03 1.000000000000000000e+00
-1.729249999999999954e+00 1.000000000000000048e-04 2.457277326260538883e-03 1.000000000000000000e+00
-1.728499999999999925e+00 1.000000000000000048e-04 2.460667786205154514e-03 1.000000000000000000e+00
-1.727749999999999897e+00 1.000000000000000048e-04 2.464062076187747453e-03 1.000000000000000000e+00
-1.726999999999999869e+00 1.000000000000000048e-04 2.467460197401620970e-03 1.000000000000000000e+00
-1.726249999999999840e+00 1.000000000000000048e-04 2.470862151026207484e-03 1.000000000000000000e+00
-1.725499999999999812e+00 1.000000000000000048e-04 2.474267938227011319e-03 1.000000000000000000e+00
-1.724749999999999783e+00 1.000000000000000048e-04 2.477677560155512864e-03 1.000000000000000000e+00
-1.723999999999999755e+00 1.000000000000000048e-04 2.481091017949112187e-03 1.000000000000000000e+00
-1.723249999999999726e+00 1.000000000000000048e-04 2.484508312731046210e-03 1.000000000000000000e+00
-1.722500000000000142e+00 1.000000000000000048e-04 2.487929445610315409e-03 1.000000000000000000e+00
-1.721750000000000114e+00 1.000000000000000048e-04 2.491354417681613132e-03 1.000000000000000000e+00
-1.721000000000000085e+00 1.000000000000000048e-04 2.494783230025240158e-03 1.000000000000000000e+00
-1.720250000000000057e+00 1.000000000000000048e-04 2.498215883707042683e-03 1.000000000000000000e+00
-1.719500000000000028e+00 1.000000000000000048e-04 2.501652379778323849e-03 1.000000000000000000e+00
-1.718750000000000000e+00 1.000000000000000048e-04 2.505092719275771752e-03 1.000000000000000000e+00
-1.717999999999999972e+00 1.000000000000000048e-04 2.508536903221391355e-03 1.000000000000000000e+00
-1.717249999999999943e+00 1.000000000000000048e-04 2.511984932622415585e-03 1.000000000000000000e+00
-1.716499999999999915e+00 1.000000000000000048e-04 2.515436808471232036e-03 1.000000000000000000e+00
-1.715749999999999886e+00 1.000000000000000048e-04 2.518892531745309683e-03 1.000000000000000000e+00
-1.714999999999999858e+00 1.000000000000000048e-04 2.522352103407117779e-03 1.000000000000000000e+00
-1.714249999999999829e+00 1.000000000000000048e-04 2.525815524404048228e-03 1.000000000000000000e+00
-1.713499999999999801e+00 1.000000000000000048e-04 2.529282795668334922e-03 1.000000000000000000e+00
-1.712749999999999773e+00 1.000000000000000048e-04 2.532753918116981313e-03 1.000000000000000000e+00
-1.711999999999999744e+00 1.000000000000000048e-04 2.536228892651678449e-03 1.000000000000000000e+00
-1.711249999999999716e+00 1.000000000000000048e-04 2.539707720158723876e-03 1.000000000000000000e+00
-1.710500000000000131e+00 1.000000000000000048e-04 2.543190401508939238e-03 1.000000000000000000e+00
-1.709750000000000103e+00 1.000000000000000048e-04 2.546676937557604790e-03 1.000000000000000000e+00
-1.709000000000000075e+00 1.000000000000000048e-04 2.550167329144362258e-03 1.000000000000000000e+00
-1.708250000000000046e+00 1.000000000000000048e-04 2.553661577093143276e-03 1.000000000000000000e+00
-1.707500000000000018e+00 1.000000000000000048e-04 2.557159682212085255e-03 1.000000000000000000e+00
-1.706749999999999989e+00 1.000000000000000048e-04 2.560661645293453321e-03 1.000000000000000000e+00
-1.705999999999999961e+00 1.000000000000000048e-04 2.564167467113563550e-03 1.000000000000000000e+00
-1.705249999999999932e+00 1.000000000000000048e-04 2.567677148432685828e-03 1.000000000000000000e+00
-1.704499999999999904e+00 1.000000000000000048e-04 2.571190689994978795e-03 1.000000000000000000e+00
-1.703749999999999876e+00 1.000000000000000048e-04 2.574708092528396608e-03 1.000000000000000000e+00
-1.702999999999999847e+00 1.000000000000000048e-04 2.578229356744608271e-03 1.000000000000000000e+00
-1.702249999999999819e+00 1.000000000000000048e-04 2.581754483338924780e-03 1.000000000000000000e+00
-1.701499999999999790e+00 1.000000000000000048e-04 2.585283472990197208e-03 1.000000000000000000e+00
-1.700749999999999762e+00 1.000000000000000048e-04 2.588816326360755121e-03 1.000000000000000000e+00
-1.699999999999999734e+00 1.000000000000000048e-04 2.592353044096299894e-03 1.000000000000000000e+00
-1.699250000000000149e+00 1.000000000000000048e-04 2.595893626825836187e-03 1.000000000000000000e+00
-1.698500000000000121e+00 1.000000000000000048e-04 2.599438075161589114e-03 1.000000000000000000e+00
-1.697750000000000092e+00 1.000000000000000048e-04 2.602986389698906666e-03 1.000000000000000000e+00
-1.697000000000000064e+00 1.000000000000000048e-04 2.606538571016180778e-03 1.000000000000000000e+00
-1.696250000000000036e+00 1.000000000000000048e-04 2.610094619674765363e-03 1.000000000000000000e+00
-1.695500000000000007e+00 1.000000000000000048e-04 2.613654536218886978e-03 1.000000000000000000e+00
-1.694749999999999979e+00 1.000000000000000048e-04 2.617218321175555917e-03 1.000000000000000000e+00
-1.693999999999999950e+00 1.000000000000000048e-04 2.620785975054492484e-03 1.000000000000000000e+00
-1.693249999999999922e+00 1.000000000000000048e-04 2.624357498348019440e-03 1.000000000000000000e+00
-1.692499999999999893e+00 1.000000000000000048e-04 2.627932891530990016e-03 1.000000000000000000e+00
-1.691749999999999865e+00 1.000000000000000048e-04 2.631512155060698570e-03 1.000000000000000000e+00
-1.690999999999999837e+00 1.000000000000000048e-04 2.635095289376791685e-03 1.000000000000000000e+00
-1.690249999999999808e+00 1.000000000000000048e-04 2.638682294901173193e-03 1.000000000000000000e+00
-1.689499999999999780e+00 1.000000000000000048e-04 2.642273172037927845e-03 1.000000000000000000e+00
-1.688749999999999751e+00 1.000000000000000048e-04 2.645867921173222868e-03 1.000000000000000000e+00
-1.687999999999999723e+00 1.000000000000000048e-04 2.649466542675225130e-03 1.000000000000000000e+00
-1.687250000000000139e+00 1.000000000000000048e-04 2.653069036894003998e-03 1.000000000000000000e+00
-1.686500000000000110e+00 1.000000000000000048e-04 2.656675404161452404e-03 1.000000000000000000e+00
-1.685750000000000082e+00 1.000000000000000048e-04 2.660285644791186670e-03 1.000000000000000000e+00
-1.685000000000000053e+00 1.000000000000000048e-04 2.663899759078456730e-03 1.000000000000000000e+00
-1.684250000000000025e+00 1.000000000000000048e-04 2.667517747300067205e-03 1.000000000000000000e+00
-1.683499999999999996e+00 1.000000000000000048e-04 2.671139609714271151e-03 1.000000000000000000e+00
-1.682749999999999968e+00 1.000000000000000048e-04 2.674765346560682884e-03 1.000000000000000000e+00
-1.681999999999999940e+00 1.000000000000000048e-04 2.678394958060192552e-03 1.000000000000000000e+00
-1.681249999999999911e+00 1.000000000000000048e-04 2.682028444414867683e-03 1.000000000000000000e+00
-1.680499999999999883e+00 1.000000000000000048e-04 2.685665805807863852e-03 1.000000000000000000e+00
-1.679749999999999854e+00 1.000000000000000048e-04 2.689307042403327099e-03 1.000000000000000000e+00
-1.678999999999999826e+00 1.000000000000000048e-04 2.692952154346302425e-03 1.000000000000000000e+00
-1.678249999999999797e+00 1.000000000000000048e-04 2.696601141762647921e-03 1.000000000000000000e+00
-1.677499999999999769e+00 1.000000000000000048e-04 2.700254004758925915e-03 1.000000000000000000e+00
-1.676749999999999741e+00 1.000000000000000048e-04 2.703910743422321874e-03 1.000000000000000000e+00
-1.675999999999999712e+00 1.000000000000000048e-04 2.707571357820542923e-03 1.000000000000000000e+00
-1.675250000000000128e+00 1.000000000000000048e-04 2.711235848001722435e-03 1.000000000000000000e+00
-1.674500000000000099e+00 1.000000000000000048e-04 2.714904213994334160e-03 1.000000000000000000e+00
-1.673750000000000071e+00 1.000000000000000048e-04 2.718576455807080339e-03 1.000000000000000000e+00
-1.673000000000000043e+00 1.000000000000000048e-04 2.722252573428805833e-03 1.000000000000000000e+00
-1.672250000000000014e+00 1.000000000000000048e-04 2.725932566828401411e-03 1.000000000000000000e+00
-1.671499999999999986e+00 1.000000000000000048e-04 2.729616435954705309e-03 1.000000000000000000e+00
-1.670749999999999957e+00 1.000000000000000048e-04 2.733304180736403476e-03 1.000000000000000000e+00
-1.669999999999999929e+00 1.000000000000000048e-04 2.736995801081937209e-03 1.000000000000000000e+00
-1.669249999999999901e+00 1.000000000000000048e-04 2.740691296879397762e-03 1.000000000000000000e+00
-1.668499999999999872e+00 1.000000000000000048e-04 2.744390667996440911e-03 1.000000000000000000e+00
-1.667749999999999844e+00 1.000000000000000048e-04 2.748093914280168564e-03 1.000000000000000000e+00
-1.666999999999999815e+00 1.000000000000000048e-04 2.751801035557049392e-03 1.000000000000000000e+00
-1.666249999999999787e+00 1.000000000000000048e-04 2.755512031632803040e-03 1.000000000000000000e+00
-1.665499999999999758e+00 1.000000000000000048e-04 2.759226902292315989e-03 1.000000000000000000e+00
-1.664749999999999730e+00 1.000000000000000048e-04 2.762945647299530974e-03 1.000000000000000000e+00
-1.664000000000000146e+00 1.000000000000000048e-04 2.766668266397339856e-03 1.000000000000000000e+00
-1.663250000000000117e+00 1.000000000000000048e-04 2.770394759307504267e-03 1.000000000000000000e+00
-1.662500000000000089e+00 1.000000000000000048e-04 2.774125125730534172e-03 1.000000000000000000e+00
-1.661750000000000060e+00 1.000000000000000048e-04 2.777859365345595501e-03 1.000000000000000000e+00
-1.661000000000000032e+00 1.000000000000000048e-04 2.781597477810400856e-03 1.000000000000000000e+00
-1.660250000000000004e+00 1.000000000000000048e-04 2.785339462761119746e-03 1.000000000000000000e+00
-1.659499999999999975e+00 1.000000000000000048e-04 2.789085319812258882e-03 1.000000000000000000e+00
-1.658749999999999947e+00 1.000000000000000048e-04 2.792835048556572414e-03 1.000000000000000000e+00
-1.657999999999999918e+00 1.000000000000000048e-04 2.796588648564957407e-03 1.000000000000000000e+00
-1.657249999999999890e+00 1.000000000000000048e-04 2.800346119386338921e-03 1.000000000000000000e+00
-1.656499999999999861e+00 1.000000000000000048e-04 2.804107460547573729e-03 1.000000000000000000e+00
-1.655749999999999833e+00 1.000000000000000048e-04 2.807872671553347105e-03 1.000000000000000000e+00
-1.654999999999999805e+00 1.000000000000000048e-04 2.811641751886062666e-03 1.000000000000000000e+00
-1.654249999999999776e+00 1.000000000000000048e-04 2.815414701005737423e-03 1.000000000000000000e+00
-1.653499999999999748e+00 1.000000000000000048e-04 2.819191518349899866e-03 1.000000000000000000e+00
-1.652749999999999719e+00 1.000000000000000048e-04 2.822972203333476773e-03 1.000000000000000000e+00
-1.652000000000000135e+00 1.000000000000000048e-04 2.826756755348693029e-03 1.000000000000000000e+00
-1.651250000000000107e+00 1.000000000000000048e-04 2.830545173764959302e-03 1.000000000000000000e+00
-1.650500000000000078e+00 1.000000000000000048e-04 2.834337457928773167e-03 1.000000000000000000e+00
-1.649750000000000050e+00 1.000000000000000048e-04 2.838133607163591601e-03 1.000000000000000000e+00
-1.649000000000000021e+00 1.000000000000000048e-04 2.841933620769747718e-03 1.000000000000000000e+00
-1.648249999999999993e+00 1.000000000000000048e-04 2.845737498024322829e-03 1.000000000000000000e+00
-1.647499999999999964e+00 1.000000000000000048e-04 2.849545238181043667e-03 1.000000000000000000e+00
-1.646749999999999936e+00 1.000000000000000048e-04 2.853356840470176129e-03 1.000000000000000000e+00
-1.645999999999999908e+00 1.000000000000000048e-04 2.857172304098407750e-03 1.000000000000000000e+00
-1.645249999999999879e+00 1.000000000000000048e-04 2.860991628248745356e-03 1.000000000000000000e+00
-1.644499999999999851e+00 1.000000000000000048e-04 2.864814812080397968e-03 1.000000000000000000e+00
-1.643749999999999822e+00 1.000000000000000048e-04 2.868641854728668384e-03 1.000000000000000000e+00
-1.642999999999999794e+00 1.000000000000000048e-04 2.872472755304836950e-03 1.000000000000000000e+00
-1.642249999999999766e+00 1.000000000000000048e-04 2.876307512896060081e-03 1.000000000000000000e+00
-1.641499999999999737e+00 1.000000000000000048e-04 2.880146126565240588e-03 1.000000000000000000e+00
-1.640749999999999709e+00 1.000000000000000048e-04 2.883988595350934006e-03 1.000000000000000000e+00
-1.640000000000000124e+00 1.000000000000000048e-04 2.887834918267220222e-03 1.000000000000000000e+00
-1.639250000000000096e+00 1.000000000000000048e-04 2.891685094303601128e-03 1.000000000000000000e+00
-1.638500000000000068e+00 1.000000000000000048e-04 2.895539122424870947e-03 1.000000000000000000e+00
-1.637750000000000039e+00 1.000000000000000048e-04 2.899397001571020829e-03 1.000000000000000000e+00
-1.637000000000000011e+00 1.000000000000000048e-04 2.903258730657102670e-03 1.000000000000000000e+00
-1.636249999999999982e+00 1.000000000000000048e-04 2.907124308573139776e-03 1.000000000000000000e+00
-1.635499999999999954e+00 1.000000000000000048e-04 2.910993734183978110e-03 1.000000000000000000e+00
-1.634749999999999925e+00 1.000000000000000048e-04 2.914867006329200858e-03 1.000000000000000000e+00
-1.633999999999999897e+00 1.000000000000000048e-04 2.918744123822990949e-03 1.000000000000000000e+00
-1.633249999999999869e+00 1.000000000000000048e-04 2.922625085454026977e-03 1.000000000000000000e+00
-1.632499999999999840e+00 1.000000000000000048e-04 2.926509889985353524e-03 1.000000000000000000e+00
-1.631749999999999812e+00 1.000000000000000048e-04 2.930398536154274047e-03 1.000000000000000000e+00
-1.630999999999999783e+00 1.000000000000000048e-04 2.934291022672222502e-03 1.000000000000000000e+00
-1.630249999999999755e+00 1.000000000000000048e-04 2.938187348224649293e-03 1.000000000000000000e+00
-1.629499999999999726e+00 1.000000000000000048e-04 2.942087511470906774e-03 1.000000000000000000e+00
-1.628750000000000142e+00 1.000000000000000048e-04 2.945991511044116114e-03 1.000000000000000000e+00
-1.628000000000000114e+00 1.000000000000000048e-04 2.949899345551058871e-03 1.000000000000000000e+00
-1.627250000000000085e+00 1.000000000000000048e-04 2.953811013572059038e-03 1.000000000000000000e+00
-1.626500000000000057e+00 1.000000000000000048e-04 2.957726513660840790e-03 1.000000000000000000e+00
-1.625750000000000028e+00 1.000000000000000048e-04 2.961645844344426137e-03 1.000000000000000000e+00
-1.625000000000000000e+00 1.000000000000000048e-04 2.965569004123012192e-03 1.000000000000000000e+00
-1.624249999999999972e+00 1.000000000000000048e-04 2.969495991469838468e-03 1.000000000000000000e+00
-1.623499999999999943e+00 1.000000000000000048e-04 2.973426804831069779e-03 1.000000000000000000e+00
-1.622749999999999915e+00 1.000000000000000048e-04 2.977361442625671342e-03 1.000000000000000000e+00
-1.621999999999999886e+00 1.000000000000000048e-04 2.981299903245289949e-03 1.000000000000000000e+00
-1.621249999999999858e+00 1.000000000000000048e-04 2.985242185054117793e-03 1.000000000000000000e+00
-1.620499999999999829e+00 1.000000000000000048e-04 2.989188286388780574e-03 1.000000000000000000e+00
-1.619749999999999801e+00 1.000000000000000048e-04 2.993138205558197856e-03 1.000000000000000000e+00
-1.618999999999999773e+00 1.000000000000000048e-04 2.997091940843474647e-03 1.000000000000000000e+00
-1.618249999999999744e+00 1.000000000000000048e-04 3.001049490497764358e-03 1.000000000000000000e+00
-1.617499999999999716e+00 1.000000000000000048e-04 3.005010852746136957e-03 1.000000000000000000e+00
-1.616750000000000131e+00 1.000000000000000048e-04 3.008976025785460150e-03 1.000000000000000000e+00
-1.616000000000000103e+00 1.000000000000000048e-04 3.012945007784280978e-03 1.000000000000000000e+00
-1.615250000000000075e+00 1.000000000000000048e-04 3.016917796882671431e-03 1.000000000000000000e+00
-1.614500000000000046e+00 1.000000000000000048e-04 3.020894391192121328e-03 1.000000000000000000e+00
-1.613750000000000018e+00 1.000000000000000048e-04 3.024874788795403006e-03 1.000000000000000000e+00
-1.612999999999999989e+00 1.000000000000000048e-04 3.028858987746442955e-03 1.000000000000000000e+00
-1.612249999999999961e+00 1.000000000000000048e-04 3.032846986070184339e-03 1.000000000000000000e+00
-1.611499999999999932e+00 1.000000000000000048e-04 3.036838781762467299e-03 1.000000000000000000e+00
-1.610749999999999904e+00 1.000000000000000048e-04 3.040834372789887139e-03 1.000000000000000000e+00
-1.609999999999999876e+00 1.000000000000000048e-04 3.044833757089677236e-03 1.000000000000000000e+00
-1.609249999999999847e+00 1.000000000000000048e-04 3.048836932569560718e-03 1.000000000000000000e+00
-1.608499999999999819e+00 1.000000000000000048e-04 3.052843897107631200e-03 1.000000000000000000e+00
-1.607749999999999790e+00 1.000000000000000048e-04 3.056854648552201868e-03 1.000000000000000000e+00
-1.606999999999999762e+00 1.000000000000000048e-04 3.060869184721704862e-03 1.000000000000000000e+00
-1.606249999999999734e+00 1.000000000000000048e-04 3.064887503404516069e-03 1.000000000000000000e+00
-1.605500000000000149e+00 1.000000000000000048e-04 3.068909602358847570e-03 1.000000000000000000e+00
-1.604750000000000121e+00 1.000000000000000048e-04 3.072935479312618404e-03 1.000000000000000000e+00
-1.604000000000000092e+00 1.000000000000000048e-04 3.076965131963291938e-03 1.000000000000000000e+00
-1.603250000000000064e+00 1.000000000000000048e-04 3.080998557977756170e-03 1.000000000000000000e+00
-1.602500000000000036e+00 1.000000000000000048e-04 3.085035754992194058e-03 1.000000000000000000e+00
-1.601750000000000007e+00 1.000000000000000048e-04 3.089076720611931733e-03 1.000000000000000000e+00
-1.600999999999999979e+00 1.000000000000000048e-04 3.093121452411314899e-03 1.000000000000000000e+00
-1.600249999999999950e+00 1.000000000000000048e-04 3.097169947933552710e-03 1.000000000000000000e+00
-1.599499999999999922e+00 1.000000000000000048e-04 3.101222204690598505e-03 1.000000000000000000e+00
-1.598749999999999893e+00 1.000000000000000048e-04 3.105278220163005393e-03 1.000000000000000000e+00
-1.597999999999999865e+00 1.000000000000000048e-04 3.109337991799774031e-03 1.000000000000000000e+00
-1.597249999999999837e+00 1.000000000000000048e-04 3.113401517018229026e-03 1.000000000000000000e+00
-1.596499999999999808e+00 1.000000000000000048e-04 3.117468793203871918e-03 1.000000000000000000e+00
-1.595749999999999780e+00 1.000000000000000048e-04 3.121539817710240663e-03 1.000000000000000000e+00
-1.594999999999999751e+00 1.000000000000000048e-04 3.125614587858768258e-03 1.000000000000000000e+00
-1.594249999999999723e+00 1.000000000000000048e-04 3.129693100938634853e-03 1.000000000000000000e+00
-1.593500000000000139e+00 1.000000000000000048e-04 3.133775354206632443e-03 1.000000000000000000e+00
-1.592750000000000110e+00 1.000000000000000048e-04 3.137861344887030862e-03 1.000000000000000000e+00
-1.592000000000000082e+00 1.000000000000000048e-04 3.141951070171404743e-03 1.000000000000000000e+00
-1.591250000000000053e+00 1.000000000000000048e-04 3.146044527218518159e-03 1.000000000000000000e+00
-1.590500000000000025e+00 1.000000000000000048e-04 3.150141713154171099e-03 1.000000000000000000e+00
-1.589749999999999996e+00 1.000000000000000048e-04 3.154242625071045948e-03 1.000000000000000000e+00
-1.588999999999999968e+00 1.000000000000000048e-04 3.158347260028573911e-03 1.000000000000000000e+00
-1.588249999999999940e+00 1.000000000000000048e-04 3.162455615052777586e-03 1.000000000000000000e+00
-1.587499999999999911e+00 1.000000000000000048e-04 3.166567687136141295e-03 1.000000000000000000e+00
-1.586749999999999883e+00 1.000000000000000048e-04 3.170683473237438047e-03 1.000000000000000000e+00
-1.585999999999999854e+00 1.000000000000000048e-04 3.174802970281603767e-03 1.000000000000000000e+00
-1.585249999999999826e+00 1.000000000000000048e-04 3.178926175159579870e-03 1.000000000000000000e+00
-1.584499999999999797e+00 1.000000000000000048e-04 3.183053084728164946e-03 1.000000000000000000e+00
-1.583749999999999769e+00 1.000000000000000048e-04 3.187183695809869908e-03 1.000000000000000000e+00
-1.582999999999999741e+00 1.000000000000000048e-04 3.191318005192752324e-03 1.000000000000000000e+00
-1.582249999999999712e+00 1.000000000000000048e-04 3.195456009630295423e-03 1.000000000000000000e+00
-1.581500000000000128e+00 1.000000000000000048e-04 3.199597705841215976e-03 1.000000000000000000e+00
-1.580750000000000099e+00 1.000000000000000048e-04 3.203743090509356302e-03 1.000000000000000000e+00
-1.580000000000000071e+00 1.000000000000000048e-04 3.207892160283505167e-03 1.000000000000000000e+00
-1.579250000000000043e+00 1.000000000000000048e-04 3.212044911777242519e-03 1.000000000000000000e+00
-1.578500000000000014e+00 1.000000000000000048e-04 3.216201341568803319e-03 1.000000000000000000e+00
-1.577749999999999986e+00 1.000000000000000048e-04 3.220361446200914034e-03 1.000000000000000000e+00
-1.576999999999999957e+00 1.000000000000000048e-04 3.224525222180636523e-03 1.000000000000000000e+00
-1.576249999999999929e+00 1.000000000000000048e-04 3.228692665979217540e-03 1.000000000000000000e+00
-1.575499999999999901e+00 1.000000000000000048e-04 3.232863774031928712e-03 1.000000000000000000e+00
-1.574749999999999872e+00 1.000000000000000048e-04 3.237038542737919952e-03 1.000000000000000000e+00
-1.573999999999999844e+00 1.000000000000000048e-04 3.241216968460044687e-03 1.000000000000000000e+00
-1.573249999999999815e+00 1.000000000000000048e-04 3.245399047524721945e-03 1.000000000000000000e+00
-1.572499999999999787e+00 1.000000000000000048e-04 3.249584776221768959e-03 1.000000000000000000e+00
-1.571749999999999758e+00 1.000000000000000048e-04 3.253774150804240265e-03 1.000000000000000000e+00
-1.570999999999999730e+00 1.000000000000000048e-04 3.257967167488278089e-03 1.000000000000000000e+00
-1.570250000000000146e+00 1.000000000000000048e-04 3.262163822452938001e-03 1.000000000000000000e+00
-1.569500000000000117e+00 1.000000000000000048e-04 3.266364111840049708e-03 1.000000000000000000e+00
-1.568750000000000089e+00 1.000000000000000048e-04 3.270568031754036639e-03 1.000000000000000000e+00
-1.568000000000000060e+00 1.000000000000000048e-04 3.274775578261766330e-03 1.000000000000000000e+00
-1.567250000000000032e+00 1.000000000000000048e-04 3.278986747392376513e-03 1.000000000000000000e+00
-1.566500000000000004e+00 1.000000000000000048e-04 3.283201535137131137e-03 1.000000000000000000e+00
-1.565749999999999975e+00 1.000000000000000048e-04 3.287419937449242557e-03 1.000000000000000000e+00
-1.564999999999999947e+00 1.000000000000000048e-04 3.291641950243710205e-03 1.000000000000000000e+00
-1.564249999999999918e+00 1.000000000000000048e-04 3.295867569397157529e-03 1.000000000000000000e+00
-1.563499999999999890e+00 1.000000000000000048e-04 3.300096790747676732e-03 1.000000000000000000e+00
-1.562749999999999861e+00 1.000000000000000048e-04 3.304329610094642287e-03 1.000000000000000000e+00
-1.561999999999999833e+00 1.000000000000000048e-04 3.308566023198566530e-03 1.000000000000000000e+00
-1.561249999999999805e+00 1.000000000000000048e-04 3.312806025780920104e-03 1.000000000000000000e+00
-1.560499999999999776e+00 1.000000000000000048e-04 3.317049613523966305e-03 1.000000000000000000e+00
-1.559749999999999748e+00 1.000000000000000048e-04 3.321296782070603647e-03 1.000000000000000000e+00
-1.558999999999999719e+00 1.000000000000000048e-04 3.325547527024175914e-03 1.000000000000000000e+00
-1.558250000000000135e+00 1.000000000000000048e-04 3.329801843948321672e-03 1.000000000000000000e+00
-1.557500000000000107e+00 1.000000000000000048e-04 3.334059728366808167e-03 1.000000000000000000e+00
-1.556750000000000078e+00 1.000000000000000048e-04 3.338321175763336607e-03 1.000000000000000000e+00
-1.556000000000000050e+00 1.000000000000000048e-04 3.342586181581403814e-03 1.000000000000000000e+00
-1.555250000000000021e+00 1.000000000000000048e-04 3.346854741224093623e-03 1.000000000000000000e+00
-1.554499999999999993e+00 1.000000000000000048e-04 3.351126850053937675e-03 1.000000000000000000e+00
-1.553749999999999964e+00 1.000000000000000048e-04 3.355402503392731096e-03 1.000000000000000000e+00
-1.552999999999999936e+00 1.000000000000000048e-04 3.359681696521350357e-03 1.000000000000000000e+00
-1.552249999999999908e+00 1.000000000000000048e-04 3.363964424679590642e-03 1.000000000000000000e+00
-1.551499999999999879e+00 1.000000000000000048e-04 3.368250683065986302e-03 1.000000000000000000e+00
-1.550749999999999851e+00 1.000000000000000048e-04 3.372540466837636516e-03 1.000000000000000000e+00
-1.549999999999999822e+00 1.000000000000000048e-04 3.376833771110033990e-03 1.000000000000000000e+00
-1.549249999999999794e+00 1.000000000000000048e-04 3.381130590956872833e-03 1.000000000000000000e+00
-1.548499999999999766e+00 1.000000000000000048e-04 3.385430921409895468e-03 1.000000000000000000e+00
-1.547749999999999737e+00 1.000000000000000048e-04 3.389734757458690972e-03 1.000000000000000000e+00
-1.546999999999999709e+00 1.000000000000000048e-04 3.394042094050538517e-03 1.000000000000000000e+00
-1.546250000000000124e+00 1.000000000000000048e-04 3.398352926090203539e-03 1.000000000000000000e+00
-1.545500000000000096e+00 1.000000000000000048e-04 3.402667248439786817e-03 1.000000000000000000e+00
-1.544750000000000068e+00 1.000000000000000048e-04 3.406985055918523679e-03 1.000000000000000000e+00
-1.544000000000000039e+00 1.000000000000000048e-04 3.411306343302604460e-03 1.000000000000000000e+00
-1.543250000000000011e+00 1.000000000000000048e-04 3.415631105324999726e-03 1.000000000000000000e+00
-1.542499999999999982e+00 1.000000000000000048e-04 3.419959336675275526e-03 1.000000000000000000e+00
-1.541749999999999954e+00 1.000000000000000048e-04 3.424291031999413416e-03 1.000000000000000000e+00
-1.540999999999999925e+00 1.000000000000000048e-04 3.428626185899617904e-03 1.000000000000000000e+00
-1.540249999999999897e+00 1.000000000000000048e-04 3.432964792934143847e-03 1.000000000000000000e+00
-1.539499999999999869e+00 1.000000000000000048e-04 3.437306847617098253e-03 1.000000000000000000e+00
-1.538749999999999840e+00 1.000000000000000048e-04 3.441652344418272887e-03 1.000000000000000000e+00
-1.537999999999999812e+00 1.000000000000000048e-04 3.446001277762939137e-03 1.000000000000000000e+00
-1.537249999999999783e+00 1.000000000000000048e-04 3.450353642031668468e-03 1.000000000000000000e+00
-1.536499999999999755e+00 1.000000000000000048e-04 3.454709431560154184e-03 1.000000000000000000e+00
-1.535749999999999726e+00 1.000000000000000048e-04 3.459068640639007160e-03 1.000000000000000000e+00
-1.535000000000000142e+00 1.000000000000000048e-04 3.463431263513575865e-03 1.000000000000000000e+00
-1.534250000000000114e+00 1.000000000000000048e-04 3.467797294383760751e-03 1.000000000000000000e+00
-1.533500000000000085e+00 1.000000000000000048e-04 3.472166727403813453e-03 1.000000000000000000e+00
-1.532750000000000057e+00 1.000000000000000048e-04 3.476539556682150742e-03 1.000000000000000000e+00
-1.532000000000000028e+00 1.000000000000000048e-04 3.480915776281165875e-03 1.000000000000000000e+00
-1.531250000000000000e+00 1.000000000000000048e-04 3.485295380217036908e-03 1.000000000000000000e+00
-1.530499999999999972e+00 1.000000000000000048e-04 3.489678362459521996e-03 1.000000000000000000e+00
-1.529749999999999943e+00 1.000000000000000048e-04 3.494064716931783755e-03 1.000000000000000000e+00
-1.528999999999999915e+00 1.000000000000000048e-04 3.498454437510177626e-03 1.000000000000000000e+00
-1.528249999999999886e+00 1.000000000000000048e-04 3.502847518024070159e-03 1.000000000000000000e+00
-1.527499999999999858e+00 1.000000000000000048e-04 3.507243952255639091e-03 1.000000000000000000e+00
-1.526749999999999829e+00 1.000000000000000048e-04 3.511643733939668645e-03 1.000000000000000000e+00
-1.525999999999999801e+00 1.000000000000000048e-04 3.516046856763362614e-03 1.000000000000000000e+00
-1.525249999999999773e+00 1.000000000000000048e-04 3.520453314366147907e-03 1.000000000000000000e+00
-1.524499999999999744e+00 1.000000000000000048e-04 3.524863100339468546e-03 1.000000000000000000e+00
-1.523749999999999716e+00 1.000000000000000048e-04 3.529276208226583573e-03 1.000000000000000000e+00
-1.523000000000000131e+00 1.000000000000000048e-04 3.533692631522382301e-03 1.000000000000000000e+00
-1.522250000000000103e+00 1.000000000000000048e-04 3.538112363673169645e-03 1.000000000000000000e+00
-1.521500000000000075e+00 1.000000000000000048e-04 3.542535398076468358e-03 1.000000000000000000e+00
-1.520750000000000046e+00 1.000000000000000048e-04 3.546961728080824314e-03 1.000000000000000000e+00
-1.520000000000000018e+00 1.000000000000000048e-04 3.551391346985587061e-03 1.000000000000000000e+00
-1.519249999999999989e+00 1.000000000000000048e-04 3.555824248040724209e-03 1.000000000000000000e+00
-1.518499999999999961e+00 1.000000000000000048e-04 3.560260424446611959e-03 1.000000000000000000e+00
-1.517749999999999932e+00 1.000000000000000048e-04 3.564699869353817399e-03 1.000000000000000000e+00
-1.516999999999999904e+00 1.000000000000000048e-04 3.569142575862909849e-03 1.000000000000000000e+00
-1.516249999999999876e+00 1.000000000000000048e-04 3.573588537024251829e-03 1.000000000000000000e+00
-1.515499999999999847e+00 1.000000000000000048e-04 3.578037745837779181e-03 1.000000000000000000e+00
-1.514749999999999819e+00 1.000000000000000048e-04 3.582490195252807652e-03 1.000000000000000000e+00
-1.513999999999999790e+00 1.000000000000000048e-04 3.586945878167813878e-03 1.000000000000000000e+00
-1.513249999999999762e+00 1.000000000000000048e-04 3.591404787430241968e-03 1.000000000000000000e+00
-1.512499999999999734e+00 1.000000000000000048e-04 3.595866915836269315e-03 1.000000000000000000e+00
-1.511750000000000149e+00 1.000000000000000048e-04 3.600332256130607533e-03 1.000000000000000000e+00
-1.511000000000000121e+00 1.000000000000000048e-04 3.604800801006310777e-03 1.000000000000000000e+00
-1.510250000000000092e+00 1.000000000000000048e-04 3.609272543104521599e-03 1.000000000000000000e+00
-1.509500000000000064e+00 1.000000000000000048e-04 3.613747475014294878e-03 1.000000000000000000e+00
-1.508750000000000036e+00 1.000000000000000048e-04 3.618225589272365365e-03 1.000000000000000000e+00
-1.508000000000000007e+00 1.000000000000000048e-04 3.622706878362941252e-03 1.000000000000000000e+00
-1.507249999999999979e+00 1.000000000000000048e-04 3.627191334717474319e-03 1.000000000000000000e+00
-1.506499999999999950e+00 1.000000000000000048e-04 3.631678950714473889e-03 1.000000000000000000e+00
-1.505749999999999922e+00 1.000000000000000048e-04 3.636169718679252254e-03 1.000000000000000000e+00
-1.504999999999999893e+00 1.000000000000000048e-04 3.640663630883736023e-03 1.000000000000000000e+00
-1.504249999999999865e+00 1.000000000000000048e-04 3.645160679546236276e-03 1.000000000000000000e+00
-1.503499999999999837e+00 1.000000000000000048e-04 3.649660856831226079e-03 1.000000000000000000e+00
-1.502749999999999808e+00 1.000000000000000048e-04 3.654164154849128422e-03 1.000000000000000000e+00
-1.501999999999999780e+00 1.000000000000000048e-04 3.658670565656097634e-03 1.000000000000000000e+00
-1.501249999999999751e+00 1.000000000000000048e-04 3.663180081253782604e-03 1.000000000000000000e+00
-1.500499999999999723e+00 1.000000000000000048e-04 3.667692693589113834e-03 1.000000000000000000e+00
-1.499750000000000139e+00 1.000000000000000048e-04 3.672208394554091378e-03 1.000000000000000000e+00
-1.499000000000000110e+00 1.000000000000000048e-04 3.676727175985543706e-03 1.000000000000000000e+00
-1.498250000000000082e+00 1.000000000000000048e-04 3.681249029664910438e-03 1.000000000000000000e+00
-1.497500000000000053e+00 1.000000000000000048e-04 3.685773947318015525e-03 1.000000000000000000e+00
-1.496750000000000025e+00 1.000000000000000048e-04 3.690301920614842603e-03 1.000000000000000000e+00
-1.495999999999999996e+00 1.000000000000000048e-04 3.694832941169309479e-03 1.000000000000000000e+00
-1.495249999999999968e+00 1.000000000000000048e-04 3.699367000539037845e-03 1.000000000000000000e+00
-1.494499999999999940e+00 1.000000000000000048e-04 3.703904090225121695e-03 1.000000000000000000e+00
-1.493749999999999911e+00 1.000000000000000048e-04 3.708444201671904847e-03 1.000000000000000000e+00
-1.492999999999999883e+00 1.000000000000000048e-04 3.712987326266742848e-03 1.000000000000000000e+00
-1.492249999999999854e+00 1.000000000000000048e-04 3.717533455339780499e-03 1.000000000000000000e+00
-1.491499999999999826e+00 1.000000000000000048e-04 3.722082580163717236e-03 1.000000000000000000e+00
-1.490749999999999797e+00 1.000000000000000048e-04 3.726634691953571200e-03 1.000000000000000000e+00
-1.489999999999999769e+00 1.000000000000000048e-04 3.731189781866442456e-03 1.000000000000000000e+00
-1.489249999999999741e+00 1.000000000000000048e-04 3.735747841001292244e-03 1.000000000000000000e+00
-1.488499999999999712e+00 1.000000000000000048e-04 3.740308860398697515e-03 1.000000000000000000e+00
-1.487750000000000128e+00 1.000000000000000048e-04 3.744872831040608075e-03 1.000000000000000000e+00
-1.487000000000000099e+00 1.000000000000000048e-04 3.749439743850141882e-03 1.000000000000000000e+00
-1.486250000000000071e+00 1.000000000000000048e-04 3.754009589691299689e-03 1.000000000000000000e+00
-1.485500000000000043e+00 1.000000000000000048e-04 3.758582359368763809e-03 1.000000000000000000e+00
-1.484750000000000014e+00 1.000000000000000048e-04 3.763158043627646155e-03 1.000000000000000000e+00
-1.483999999999999986e+00 1.000000000000000048e-04 3.767736633153249710e-03 1.000000000000000000e+00
-1.483249999999999957e+00 1.000000000000000048e-04 3.772318118570817860e-03 1.000000000000000000e+00
-1.482499999999999929e+00 1.000000000000000048e-04 3.776902490445319723e-03 1.000000000000000000e+00
-1.481749999999999901e+00 1.000000000000000048e-04 3.781489739281169993e-03 1.000000000000000000e+00
-1.480999999999999872e+00 1.000000000000000048e-04 3.786079855522014696e-03 1.000000000000000000e+00
-1.480249999999999844e+00 1.000000000000000048e-04 3.790672829550474892e-03 1.000000000000000000e+00
-1.479499999999999815e+00 1.000000000000000048e-04 3.795268651687912914e-03 1.000000000000000000e+00
-1.478749999999999787e+00 1.000000000000000048e-04 3.799867312194159154e-03 1.000000000000000000e+00
-1.477999999999999758e+00 1.000000000000000048e-04 3.804468801267301293e-03 1.000000000000000000e+00
-1.477249999999999730e+00 1.000000000000000048e-04 3.809073109043407176e-03 1.000000000000000000e+00
-1.476500000000000146e+00 1.000000000000000048e-04 3.813680225596292363e-03 1.000000000000000000e+00
-1.475750000000000117e+00 1.000000000000000048e-04 3.818290140937272495e-03 1.000000000000000000e+00
-1.475000000000000089e+00 1.000000000000000048e-04 3.822902845014893112e-03 1.000000000000000000e+00
-1.474250000000000060e+00 1.000000000000000048e-04 3.827518327714703704e-03 1.000000000000000000e+00
-1.473500000000000032e+00 1.000000000000000048e-04 3.832136578858986661e-03 1.000000000000000000e+00
-1.472750000000000004e+00 1.000000000000000048e-04 3.836757588206521352e-03 1.000000000000000000e+00
-1.471999999999999975e+00 1.000000000000000048e-04 3.841381345452313072e-03 1.000000000000000000e+00
-1.471249999999999947e+00 1.000000000000000048e-04 3.846007840227347579e-03 1.000000000000000000e+00
-1.470499999999999918e+00 1.000000000000000048e-04 3.850637062098333924e-03 1.000000000000000000e+00
-1.469749999999999890e+00 1.000000000000000048e-04 3.855269000567451611e-03 1.000000000000000000e+00
-1.468999999999999861e+00 1.000000000000000048e-04 3.859903645072085190e-03 1.000000000000000000e+00
-1.468249999999999833e+00 1.000000000000000048e-04 3.864540984984577484e-03 1.000000000000000000e+00
-1.467499999999999805e+00 1.000000000000000048e-04 3.869181009611958114e-03 1.000000000000000000e+00
-1.466749999999999776e+00 1.000000000000000048e-04 3.873823708195691957e-03 1.000000000000000000e+00
-1.465999999999999748e+00 1.000000000000000048e-04 3.878469069911419376e-03 1.000000000000000000e+00
-1.465249999999999719e+00 1.000000000000000048e-04 3.883117083868680829e-03 1.000000000000000000e+00
-1.464500000000000135e+00 1.000000000000000048e-04 3.887767739110667073e-03 1.000000000000000000e+00
-1.463750000000000107e+00 1.000000000000000048e-04 3.892421024613965021e-03 1.000000000000000000e+00
-1.463000000000000078e+00 1.000000000000000048e-04 3.897076929288263280e-03 1.000000000000000000e+00
-1.462250000000000050e+00 1.000000000000000048e-04 3.901735441976117522e-03 1.000000000000000000e+00
-1.461500000000000021e+00 1.000000000000000048e-04 3.906396551452658190e-03 1.000000000000000000e+00
-1.460749999999999993e+00 1.000000000000000048e-04 3.911060246425344597e-03 1.000000000000000000e+00
-1.459999999999999964e+00 1.000000000000000048e-04 3.915726515533690839e-03 1.000000000000000000e+00
-1.459249999999999936e+00 1.000000000000000048e-04 3.920395347348982172e-03 1.000000000000000000e+00
-1.458499999999999908e+00 1.000000000000000048e-04 3.925066730374026508e-03 1.000000000000000000e+00
-1.457749999999999879e+00 1.000000000000000048e-04 3.929740653042867321e-03 1.000000000000000000e+00
-1.456999999999999851e+00 1.000000000000000048e-04 3.934417103720520836e-03 1.000000000000000000e+00
-1.456249999999999822e+00 1.000000000000000048e-04 3.939096070702698474e-03 1.000000000000000000e+00
-1.455499999999999794e+00 1.000000000000000048e-04 3.943777542215539701e-03 1.000000000000000000e+00
-1.454749999999999766e+00 1.000000000000000048e-04 3.948461506415324937e-03 1.000000000000000000e+00
-1.453999999999999737e+00 1.000000000000000048e-04 3.953147951388211005e-03 1.000000000000000000e+00
-1.453249999999999709e+00 1.000000000000000048e-04 3.957836865149953580e-03 1.000000000000000000e+00
-1.452500000000000124e+00 1.000000000000000048e-04 3.962528235645620088e-03 1.000000000000000000e+00
-1.451750000000000096e+00 1.000000000000000048e-04 3.967222050749323430e-03 1.000000000000000000e+00
-1.451000000000000068e+00 1.000000000000000048e-04 3.971918298263929677e-03 1.000000000000000000e+00
-1.450250000000000039e+00 1.000000000000000048e-04 3.976616965920798732e-03 1.000000000000000000e+00
-1.449500000000000011e+00 1.000000000000000048e-04 3.981318041379470346e-03 1.000000000000000000e+00
-1.448749999999999982e+00 1.000000000000000048e-04 3.986021512227418649e-03 1.000000000000000000e+00
-1.447999999999999954e+00 1.000000000000000048e-04 3.990727365979736437e-03 1.000000000000000000e+00
-1.447249999999999925e+00 1.000000000000000048e-04 3.995435590078868018e-03 1.000000000000000000e+00
-1.446499999999999897e+00 1.000000000000000048e-04 4.000146171894325593e-03 1.000000000000000000e+00
-1.445749999999999869e+00 1.000000000000000048e-04 4.004859098722393478e-03 1.000000000000000000e+00
-1.444999999999999840e+00 1.000000000000000048e-04 4.009574357785847948e-03 1.000000000000000000e+00
-1.444249999999999812e+00 1.000000000000000048e-04 4.014291936233665807e-03 1.000000000000000000e+00
-1.443499999999999783e+00 1.000000000000000048e-04 4.019011821140731217e-03 1.000000000000000000e+00
-1.442749999999999755e+00 1.000000000000000048e-04 4.023733999507556405e-03 1.000000000000000000e+00
-1.441999999999999726e+00 1.000000000000000048e-04 4.028458458259983298e-03 1.000000000000000000e+00
-1.441250000000000142e+00 1.000000000000000048e-04 4.033185184248886876e-03 1.000000000000000000e+00
-1.440500000000000114e+00 1.000000000000000048e-04 4.037914164249889817e-03 1.000000000000000000e+00
-1.439750000000000085e+00 1.000000000000000048e-04 4.042645384963070194e-03 1.000000000000000000e+00
-1.439000000000000057e+00 1.000000000000000048e-04 4.047378833012653561e-03 1.000000000000000000e+00
-1.438250000000000028e+00 1.000000000000000048e-04 4.052114494946727589e-03 1.000000000000000000e+00
-1.437500000000000000e+00 1.000000000000000048e-04 4.056852357236941965e-03 1.000000000000000000e+00
-1.436749999999999972e+00 1.000000000000000048e-04 4.061592406278208278e-03 1.000000000000000000e+00
-1.435999999999999943e+00 1.000000000000000048e-04 4.066334628388409457e-03 1.000000000000000000e+00
-1.435249999999999915e+00 1.000000000000000048e-04 4.071079009808078845e-03 1.000000000000000000e+00
-1.434499999999999886e+00 1.000000000000000048e-04 4.075825536700126116e-03 1.000000000000000000e+00
-1.433749999999999858e+00 1.000000000000000048e-04 4.080574195149513743e-03 1.000000000000000000e+00
-1.432999999999999829e+00 1.000000000000000048e-04 4.085324971162960367e-03 1.000000000000000000e+00
-1.432249999999999801e+00 1.000000000000000048e-04 4.090077850668641553e-03 1.000000000000000000e+00
-1.431499999999999773e+00 1.000000000000000048e-04 4.094832819515873204e-03 1.000000000000000000e+00
-1.430749999999999744e+00 1.000000000000000048e-04 4.099589863474815792e-03 1.000000000000000000e+00
-1.429999999999999716e+00 1.000000000000000048e-04 4.104348968236168176e-03 1.000000000000000000e+00
-1.429250000000000131e+00 1.000000000000000048e-04 4.109110119410830202e-03 1.000000000000000000e+00
-1.428500000000000103e+00 1.000000000000000048e-04 4.113873302529649431e-03 1.000000000000000000e+00
-1.427750000000000075e+00 1.000000000000000048e-04 4.118638503043051645e-03 1.000000000000000000e+00
-1.427000000000000046e+00 1.000000000000000048e-04 4.123405706320764155e-03 1.000000000000000000e+00
-1.426250000000000018e+00 1.000000000000000048e-04 4.128174897651490545e-03 1.000000000000000000e+00
-1.425499999999999989e+00 1.000000000000000048e-04 4.132946062242604489e-03 1.000000000000000000e+00
-1.424749999999999961e+00 1.000000000000000048e-04 4.137719185219818421e-03 1.000000000000000000e+00
-1.423999999999999932e+00 1.000000000000000048e-04 4.142494251626888634e-03 1.000000000000000000e+00
-1.423249999999999904e+00 1.000000000000000048e-04 4.147271246425286544e-03 1.000000000000000000e+00
-1.422499999999999876e+00 1.000000000000000048e-04 4.152050154493882109e-03 1.000000000000000000e+00
-1.421749999999999847e+00 1.000000000000000048e-04 4.156830960628622035e-03 1.000000000000000000e+00
-1.420999999999999819e+00 1.000000000000000048e-04 4.161613649542212322e-03 1.000000000000000000e+00
-1.420249999999999790e+00 1.000000000000000048e-04 4.166398205863796472e-03 1.000000000000000000e+00
-1.419499999999999762e+00 1.000000000000000048e-04 4.171184614138638905e-03 1.000000000000000000e+00
-1.418749999999999734e+00 1.000000000000000048e-04 4.175972858827784948e-03 1.000000000000000000e+00
-1.417999999999999705e+00 1.000000000000000048e-04 4.180762924307761599e-03 1.000000000000000000e+00
-1.417250000000000121e+00 1.000000000000000048e-04 4.185554794870209767e-03 1.000000000000000000e+00
-1.416500000000000092e+00 1.000000000000000048e-04 4.190348454721619723e-03 1.000000000000000000e+00
-1.415750000000000064e+00 1.000000000000000048e-04 4.195143887982936449e-03 1.000000000000000000e+00
-1.415000000000000036e+00 1.000000000000000048e-04 4.199941078689283826e-03 1.000000000000000000e+00
-1.414250000000000007e+00 1.000000000000000048e-04 4.204740010789598595e-03 1.000000000000000000e+00
-1.413499999999999979e+00 1.000000000000000048e-04 4.209540668146315515e-03 1.000000000000000000e+00
-1.412749999999999950e+00 1.000000000000000048e-04 4.214343034535029953e-03 1.000000000000000000e+00
-1.411999999999999922e+00 1.000000000000000048e-04 4.219147093644174361e-03 1.000000000000000000e+00
-1.411249999999999893e+00 1.000000000000000048e-04 4.223952829074666127e-03 1.000000000000000000e+00
-1.410499999999999865e+00 1.000000000000000048e-04 4.228760224339584914e-03 1.000000000000000000e+00
-1.409749999999999837e+00 1.000000000000000048e-04 4.233569262863832658e-03 1.000000000000000000e+00
-1.408999999999999808e+00 1.000000000000000048e-04 4.238379927983790957e-03 1.000000000000000000e+00
-1.408249999999999780e+00 1.000000000000000048e-04 4.243192202946987138e-03 1.000000000000000000e+00
-1.407499999999999751e+00 1.000000000000000048e-04 4.248006070911752516e-03 1.000000000000000000e+00
-1.406749999999999723e+00 1.000000000000000048e-04 4.252821514946878920e-03 1.000000000000000000e+00
-1.406000000000000139e+00 1.000000000000000048e-04 4.257638518031270011e-03 1.000000000000000000e+00
-1.405250000000000110e+00 1.000000000000000048e-04 4.262457063053622097e-03 1.000000000000000000e+00
-1.404500000000000082e+00 1.000000000000000048e-04 4.267277132812046826e-03 1.000000000000000000e+00
-1.403750000000000053e+00 1.000000000000000048e-04 4.272098710013750265e-03 1.000000000000000000e+00
-1.403000000000000025e+00 1.000000000000000048e-04 4.276921777274657333e-03 1.000000000000000000e+00
-1.402249999999999996e+00 1.000000000000000048e-04 4.281746317119096944e-03 1.000000000000000000e+00
-1.401499999999999968e+00 1.000000000000000048e-04 4.286572311979435987e-03 1.000000000000000000e+00
-1.400749999999999940e+00 1.000000000000000048e-04 4.291399744195715897e-03 1.000000000000000000e+00
-1.399999999999999911e+00 1.000000000000000048e-04 4.296228596015328263e-03 1.000000000000000000e+00
-1.399249999999999883e+00 1.000000000000000048e-04 4.301058849592636658e-03 1.000000000000000000e+00
-1.398499999999999854e+00 1.000000000000000048e-04 4.305890486988633165e-03 1.000000000000000000e+00
-1.397749999999999826e+00 1.000000000000000048e-04 4.310723490170587958e-03 1.000000000000000000e+00
-1.396999999999999797e+00 1.000000000000000048e-04 4.315557841011685020e-03 1.000000000000000000e+00
-1.396249999999999769e+00 1.000000000000000048e-04 4.320393521290656104e-03 1.000000000000000000e+00
-1.395499999999999741e+00 1.000000000000000048e-04 4.325230512691438135e-03 1.000000000000000000e+00
-1.394749999999999712e+00 1.000000000000000048e-04 4.330068796802811516e-03 1.000000000000000000e+00
-1.394000000000000128e+00 1.000000000000000048e-04 4.334908355118014152e-03 1.000000000000000000e+00
-1.393250000000000099e+00 1.000000000000000048e-04 4.339749169034420526e-03 1.000000000000000000e+00
-1.392500000000000071e+00 1.000000000000000048e-04 4.344591219853139244e-03 1.000000000000000000e+00
-1.391750000000000043e+00 1.000000000000000048e-04 4.349434488778663489e-03 1.000000000000000000e+00
-1.391000000000000014e+00 1.000000000000000048e-04 4.354278956918506728e-03 1.000000000000000000e+00
-1.390249999999999986e+00 1.000000000000000048e-04 4.359124605282828878e-03 1.000000000000000000e+00
-1.389499999999999957e+00 1.000000000000000048e-04 4.363971414784076353e-03 1.000000000000000000e+00
-1.388749999999999929e+00 1.000000000000000048e-04 4.368819366236601290e-03 1.000000000000000000e+00
-1.387999999999999901e+00 1.000000000000000048e-04 4.373668440356297260e-03 1.000000000000000000e+00
-1.387249999999999872e+00 1.000000000000000048e-04 4.378518617760219361e-03 1.000000000000000000e+00
-1.386499999999999844e+00 1.000000000000000048e-04 4.383369878966222530e-03 1.000000000000000000e+00
-1.385749999999999815e+00 1.000000000000000048e-04 4.388222204392569492e-03 1.000000000000000000e+00
-1.384999999999999787e+00 1.000000000000000048e-04 4.393075574357579484e-03 1.000000000000000000e+00
-1.384249999999999758e+00 1.000000000000000048e-04 4.397929969079213651e-03 1.000000000000000000e+00
-1.383499999999999730e+00 1.000000000000000048e-04 4.402785368674738513e-03 1.000000000000000000e+00
-1.382750000000000146e+00 1.000000000000000048e-04 4.407641753160311364e-03 1.000000000000000000e+00
-1.382000000000000117e+00 1.000000000000000048e-04 4.412499102450618584e-03 1.000000000000000000e+00
-1.381250000000000089e+00 1.000000000000000048e-04 4.417357396358483589e-03 1.000000000000000000e+00
-1.380500000000000060e+00 1.000000000000000048e-04 4.422216614594488664e-03 1.000000000000000000e+00
-1.379750000000000032e+00 1.000000000000000048e-04 4.427076736766589853e-03 1.000000000000000000e+00
-1.379000000000000004e+00 1.000000000000000048e-04 4.431937742379717105e-03 1.000000000000000000e+00
-1.378249999999999975e+00 1.000000000000000048e-04 4.436799610835409115e-03 1.000000000000000000e+00
-1.377499999999999947e+00 1.000000000000000048e-04 4.441662321431399593e-03 1.000000000000000000e+00
-1.376749999999999918e+00 1.000000000000000048e-04 4.446525853361252972e-03 1.000000000000000000e+00
-1.375999999999999890e+00 1.000000000000000048e-04 4.451390185713955013e-03 1.000000000000000000e+00
-1.375249999999999861e+00 1.000000000000000048e-04 4.456255297473512081e-03 1.000000000000000000e+00
-1.374499999999999833e+00 1.000000000000000048e-04 4.461121167518592064e-03 1.000000000000000000e+00
-1.373749999999999805e+00 1.000000000000000048e-04 4.465987774622087216e-03 1.000000000000000000e+00
-1.372999999999999776e+00 1.000000000000000048e-04 4.470855097450735123e-03 1.000000000000000000e+00
-1.372249999999999748e+00 1.000000000000000048e-04 4.475723114564736198e-03 1.000000000000000000e+00
-1.371499999999999719e+00 1.000000000000000048e-04 4.480591804417324332e-03 1.000000000000000000e+00
-1.370750000000000135e+00 1.000000000000000048e-04 4.485461145354385261e-03 1.000000000000000000e+00
-1.370000000000000107e+00 1.000000000000000048e-04 4.490331115614059308e-03 1.000000000000000000e+00
-1.369250000000000078e+00 1.000000000000000048e-04 4.495201693326311178e-03 1.000000000000000000e+00
-1.368500000000000050e+00 1.000000000000000048e-04 4.500072856512556119e-03 1.000000000000000000e+00
-1.367750000000000021e+00 1.000000000000000048e-04 4.504944583085233184e-03 1.000000000000000000e+00
-1.366999999999999993e+00 1.000000000000000048e-04 4.509816850847410581e-03 1.000000000000000000e+00
-1.366249999999999964e+00 1.000000000000000048e-04 4.514689637492359797e-03 1.000000000000000000e+00
-1.365499999999999936e+00 1.000000000000000048e-04 4.519562920603169623e-03 1.000000000000000000e+00
-1.364749999999999908e+00 1.000000000000000048e-04 4.524436677652309002e-03 1.000000000000000000e+00
-1.363999999999999879e+00 1.000000000000000048e-04 4.529310886001247129e-03 1.000000000000000000e+00
-1.363249999999999851e+00 1.000000000000000048e-04 4.534185522899991140e-03 1.000000000000000000e+00
-1.362499999999999822e+00 1.000000000000000048e-04 4.539060565486716624e-03 1.000000000000000000e+00
-1.361749999999999794e+00 1.000000000000000048e-04 4.543935990787326129e-03 1.000000000000000000e+00
-1.360999999999999766e+00 1.000000000000000048e-04 4.548811775715038905e-03 1.000000000000000000e+00
-1.360249999999999737e+00 1.000000000000000048e-04 4.553687897069962423e-03 1.000000000000000000e+00
-1.359499999999999709e+00 1.000000000000000048e-04 4.558564331538687321e-03 1.000000000000000000e+00
-1.358750000000000124e+00 1.000000000000000048e-04 4.563441055693851986e-03 1.000000000000000000e+00
-1.358000000000000096e+00 1.000000000000000048e-04 4.568318045993715812e-03 1.000000000000000000e+00
-1.357250000000000068e+00 1.000000000000000048e-04 4.573195278781750674e-03 1.000000000000000000e+00
-1.356500000000000039e+00 1.000000000000000048e-04 4.578072730286196837e-03 1.000000000000000000e+00
-1.355750000000000011e+00 1.000000000000000048e-04 4.582950376619633615e-03 1.000000000000000000e+00
-1.354999999999999982e+00 1.000000000000000048e-04 4.587828193778585584e-03 1.000000000000000000e+00
-1.354249999999999954e+00 1.000000000000000048e-04 4.592706157643035129e-03 1.000000000000000000e+00
-1.353499999999999925e+00 1.000000000000000048e-04 4.597584243976026927e-03 1.000000000000000000e+00
-1.352749999999999897e+00 1.000000000000000048e-04 4.602462428423231659e-03 1.000000000000000000e+00
-1.351999999999999869e+00 1.000000000000000048e-04 4.607340686512507132e-03 1.000000000000000000e+00
-1.351249999999999840e+00 1.000000000000000048e-04 4.612218993653451581e-03 1.000000000000000000e+00
-1.350499999999999812e+00 1.000000000000000048e-04 4.617097325136985606e-03 1.000000000000000000e+00
-1.349749999999999783e+00 1.000000000000000048e-04 4.621975656134885528e-03 1.000000000000000000e+00
-1.348999999999999755e+00 1.000000000000000048e-04 4.626853961699376599e-03 1.000000000000000000e+00
-1.348249999999999726e+00 1.000000000000000048e-04 4.631732216762666360e-03 1.000000000000000000e+00
-1.347500000000000142e+00 1.000000000000000048e-04 4.636610396136490141e-03 1.000000000000000000e+00
-1.346750000000000114e+00 1.000000000000000048e-04 4.641488474511717283e-03 1.000000000000000000e+00
-1.346000000000000085e+00 1.000000000000000048e-04 4.646366426457835055e-03 1.000000000000000000e+00
-1.345250000000000057e+00 1.000000000000000048e-04 4.651244226422558345e-03 1.000000000000000000e+00
-1.344500000000000028e+00 1.000000000000000048e-04 4.656121848731349135e-03 1.000000000000000000e+00
-1.343750000000000000e+00 1.000000000000000048e-04 4.660999267586975019e-03 1.000000000000000000e+00
-1.342999999999999972e+00 1.000000000000000048e-04 4.665876457069050368e-03 1.000000000000000000e+00
-1.342249999999999943e+00 1.000000000000000048e-04 4.670753391133595708e-03 1.000000000000000000e+00
-1.341499999999999915e+00 1.000000000000000048e-04 4.675630043612574553e-03 1.000000000000000000e+00
-1.340749999999999886e+00 1.000000000000000048e-04 4.680506388213421555e-03 1.000000000000000000e+00
-1.339999999999999858e+00 1.000000000000000048e-04 4.685382398518618367e-03 1.000000000000000000e+00
-1.339249999999999829e+00 1.000000000000000048e-04 4.690258047985196646e-03 1.000000000000000000e+00
-1.338499999999999801e+00 1.000000000000000048e-04 4.695133309944313910e-03 1.000000000000000000e+00
-1.337749999999999773e+00 1.000000000000000048e-04 4.700008157600743530e-03 1.000000000000000000e+00
-1.336999999999999744e+00 1.000000000000000048e-04 4.704882564032458400e-03 1.000000000000000000e+00
-1.336249999999999716e+00 1.000000000000000048e-04 4.709756502190142607e-03 1.000000000000000000e+00
-1.335500000000000131e+00 1.000000000000000048e-04 4.714629944896710050e-03 1.000000000000000000e+00
-1.334750000000000103e+00 1.000000000000000048e-04 4.719502864846874222e-03 1.000000000000000000e+00
-1.334000000000000075e+00 1.000000000000000048e-04 4.724375234606632140e-03 1.000000000000000000e+00
-1.333250000000000046e+00 1.000000000000000048e-04 4.729247026612831521e-03 1.000000000000000000e+00
-1.332500000000000018e+00 1.000000000000000048e-04 4.734118213172673791e-03 1.000000000000000000e+00
-1.331749999999999989e+00 1.000000000000000048e-04 4.738988766463238765e-03 1.000000000000000000e+00
-1.330999999999999961e+00 1.000000000000000048e-04 4.743858658531035360e-03 1.000000000000000000e+00
-1.330249999999999932e+00 1.000000000000000048e-04 4.748727861291480307e-03 1.000000000000000000e+00
-1.329499999999999904e+00 1.000000000000000048e-04 4.753596346528451456e-03 1.000000000000000000e+00
-1.328749999999999876e+00 1.000000000000000048e-04 4.758464085893805533e-03 1.000000000000000000e+00
-1.327999999999999847e+00 1.000000000000000048e-04 4.763331050906871589e-03 1.000000000000000000e+00
-1.327249999999999819e+00 1.000000000000000048e-04 4.768197212953998246e-03 1.000000000000000000e+00
-1.326499999999999790e+00 1.000000000000000048e-04 4.773062543288030674e-03 1.000000000000000000e+00
-1.325749999999999762e+00 1.000000000000000048e-04 4.777927013027856093e-03 1.000000000000000000e+00
-1.324999999999999734e+00 1.000000000000000048e-04 4.782790593157908512e-03 1.000000000000000000e+00
-1.324249999999999705e+00 1.000000000000000048e-04 4.787653254527662189e-03 1.000000000000000000e+00
-1.323500000000000121e+00 1.000000000000000048e-04 4.792514967851148507e-03 1.000000000000000000e+00
-1.322750000000000092e+00 1.000000000000000048e-04 4.797375703706468521e-03 1.000000000000000000e+00
-1.322000000000000064e+00 1.000000000000000048e-04 4.802235432535301163e-03 1.000000000000000000e+00
-1.321250000000000036e+00 1.000000000000000048e-04 4.807094124642381089e-03 1.000000000000000000e+00
-1.320500000000000007e+00 1.000000000000000048e-04 4.811951750195024233e-03 1.000000000000000000e+00
-1.319749999999999979e+00 1.000000000000000048e-04 4.816808279222613461e-03 1.000000000000000000e+00
-1.318999999999999950e+00 1.000000000000000048e-04 4.821663681616115450e-03 1.000000000000000000e+00
-1.318249999999999922e+00 1.000000000000000048e-04 4.826517927127555070e-03 1.000000000000000000e+00
-1.317499999999999893e+00 1.000000000000000048e-04 4.831370985369539198e-03 1.000000000000000000e+00
-1.316749999999999865e+00 1.000000000000000048e-04 4.836222825814703342e-03 1.000000000000000000e+00
-1.315999999999999837e+00 1.000000000000000048e-04 4.841073417795257149e-03 1.000000000000000000e+00
-1.315249999999999808e+00 1.000000000000000048e-04 4.845922730502430151e-03 1.000000000000000000e+00
-1.314499999999999780e+00 1.000000000000000048e-04 4.850770732985993858e-03 1.000000000000000000e+00
-1.313749999999999751e+00 1.000000000000000048e-04 4.855617394153734397e-03 1.000000000000000000e+00
-1.312999999999999723e+00 1.000000000000000048e-04 4.860462682770929493e-03 1.000000000000000000e+00
-1.312250000000000139e+00 1.000000000000000048e-04 4.865306567459840199e-03 1.000000000000000000e+00
-1.311500000000000110e+00 1.000000000000000048e-04 4.870149016699212158e-03 1.000000000000000000e+00
-1.310750000000000082e+00 1.000000000000000048e-04 4.874989998823704880e-03 1.000000000000000000e+00
-1.310000000000000053e+00 1.000000000000000048e-04 4.879829482023434646e-03 1.000000000000000000e+00
-1.309250000000000025e+00 1.000000000000000048e-04 4.884667434343410719e-03 1.000000000000000000e+00
-1.308499999999999996e+00 1.000000000000000048e-04 4.889503823682994979e-03 1.000000000000000000e+00
-1.307749999999999968e+00 1.000000000000000048e-04 4.894338617795441354e-03 1.000000000000000000e+00
-1.306999999999999940e+00 1.000000000000000048e-04 4.899171784287298208e-03 1.000000000000000000e+00
-1.306249999999999911e+00 1.000000000000000048e-04 4.904003290617913076e-03 1.000000000000000000e+00
-1.305499999999999883e+00 1.000000000000000048e-04 4.908833104098901841e-03 1.000000000000000000e+00
-1.304749999999999854e+00 1.000000000000000048e-04 4.913661191893603161e-03 1.000000000000000000e+00
-1.303999999999999826e+00 1.000000000000000048e-04 4.918487521016558055e-03 1.000000000000000000e+00
-1.303249999999999797e+00 1.000000000000000048e-04 4.923312058332951317e-03 1.000000000000000000e+00
-1.302499999999999769e+00 1.000000000000000048e-04 4.928134770558105851e-03 1.000000000000000000e+00
-1.301749999999999741e+00 1.000000000000000048e-04 4.932955624256907604e-03 1.000000000000000000e+00
-1.300999999999999712e+00 1.000000000000000048e-04 4.937774585843292957e-03 1.000000000000000000e+00
-1.300250000000000128e+00 1.000000000000000048e-04 4.942591621579691882e-03 1.000000000000000000e+00
-1.299500000000000099e+00 1.000000000000000048e-04 4.947406697576484103e-03 1.000000000000000000e+00
-1.298750000000000071e+00 1.000000000000000048e-04 4.952219779791442247e-03 1.000000000000000000e+00
-1.298000000000000043e+00 1.000000000000000048e-04 4.957030834029209701e-03 1.000000000000000000e+00
-1.297250000000000014e+00 1.000000000000000048e-04 4.961839825940733348e-03 1.000000000000000000e+00
-1.296499999999999986e+00 1.000000000000000048e-04 4.966646721022705858e-03 1.000000000000000000e+00
-1.295749999999999957e+00 1.000000000000000048e-04 4.971451484617012313e-03 1.000000000000000000e+00
-1.294999999999999929e+00 1.000000000000000048e-04 4.976254081910210653e-03 1.000000000000000000e+00
-1.294249999999999901e+00 1.000000000000000048e-04 4.981054477932911513e-03 1.000000000000000000e+00
-1.293499999999999872e+00 1.000000000000000048e-04 4.985852637559275158e-03 1.000000000000000000e+00
-1.292749999999999844e+00 1.000000000000000048e-04 4.990648525506426007e-03 1.000000000000000000e+00
-1.291999999999999815e+00 1.000000000000000048e-04 4.995442106333894058e-03 1.000000000000000000e+00
-1.291249999999999787e+00 1.000000000000000048e-04 5.000233344443039823e-03 1.000000000000000000e+00
-1.290499999999999758e+00 1.000000000000000048e-04 5.005022204076513964e-03 1.000000000000000000e+00
-1.289749999999999730e+00 1.000000000000000048e-04 5.009808649317663148e-03 1.000000000000000000e+00
-1.288999999999999702e+00 1.000000000000000048e-04 5.014592644089972337e-03 1.000000000000000000e+00
-1.288250000000000117e+00 1.000000000000000048e-04 5.019374152156505335e-03 1.000000000000000000e+00
-1.287500000000000089e+00 1.000000000000000048e-04 5.024153137119301109e-03 1.000000000000000000e+00
-1.286750000000000060e+00 1.000000000000000048e-04 5.028929562418839490e-03 1.000000000000000000e+00
-1.286000000000000032e+00 1.000000000000000048e-04 5.033703391333420145e-03 1.000000000000000000e+00
-1.285250000000000004e+00 1.000000000000000048e-04 5.038474586978611801e-03 1.000000000000000000e+00
-1.284499999999999975e+00 1.000000000000000048e-04 5.043243112306669378e-03 1.000000000000000000e+00
-1.283749999999999947e+00 1.000000000000000048e-04 5.048008930105952856e-03 1.000000000000000000e+00
-1.282999999999999918e+00 1.000000000000000048e-04 5.052772003000328797e-03 1.000000000000000000e+00
-1.282249999999999890e+00 1.000000000000000048e-04 5.057532293448608295e-03 1.000000000000000000e+00
-1.281499999999999861e+00 1.000000000000000048e-04 5.062289763743919868e-03 1.000000000000000000e+00
-1.280749999999999833e+00 1.000000000000000048e-04 5.067044376013179509e-03 1.000000000000000000e+00
-1.279999999999999805e+00 1.000000000000000048e-04 5.071796092216442758e-03 1.000000000000000000e+00
-1.279249999999999776e+00 1.000000000000000048e-04 5.076544874146340057e-03 1.000000000000000000e+00
-1.278499999999999748e+00 1.000000000000000048e-04 5.081290683427475662e-03 1.000000000000000000e+00
-1.277749999999999719e+00 1.000000000000000048e-04 5.086033481515836105e-03 1.000000000000000000e+00
-1.277000000000000135e+00 1.000000000000000048e-04 5.090773229698169165e-03 1.000000000000000000e+00
-1.276250000000000107e+00 1.000000000000000048e-04 5.095509889091440030e-03 1.000000000000000000e+00
-1.275500000000000078e+00 1.000000000000000048e-04 5.100243420642143477e-03 1.000000000000000000e+00
-1.274750000000000050e+00 1.000000000000000048e-04 5.104973785125773052e-03 1.000000000000000000e+00
-1.274000000000000021e+00 1.000000000000000048e-04 5.109700943146177482e-03 1.000000000000000000e+00
-1.273249999999999993e+00 1.000000000000000048e-04 5.114424855134964802e-03 1.000000000000000000e+00
-1.272499999999999964e+00 1.000000000000000048e-04 5.119145481350894332e-03 1.000000000000000000e+00
-1.271749999999999936e+00 1.000000000000000048e-04 5.123862781879255646e-03 1.000000000000000000e+00
-1.270999999999999908e+00 1.000000000000000048e-04 5.128576716631255347e-03 1.000000000000000000e+00
-1.270249999999999879e+00 1.000000000000000048e-04 5.133287245343419458e-03 1.000000000000000000e+00
-1.269499999999999851e+00 1.000000000000000048e-04 5.137994327576945498e-03 1.000000000000000000e+00
-1.268749999999999822e+00 1.000000000000000048e-04 5.142697922717104873e-03 1.000000000000000000e+00
-1.267999999999999794e+00 1.000000000000000048e-04 5.147397989972632253e-03 1.000000000000000000e+00
-1.267249999999999766e+00 1.000000000000000048e-04 5.152094488375070711e-03 1.000000000000000000e+00
-1.266499999999999737e+00 1.000000000000000048e-04 5.156787376778151563e-03 1.000000000000000000e+00
-1.265749999999999709e+00 1.000000000000000048e-04 5.161476613857197623e-03 1.000000000000000000e+00
-1.265000000000000124e+00 1.000000000000000048e-04 5.166162158108451863e-03 1.000000000000000000e+00
-1.264250000000000096e+00 1.000000000000000048e-04 5.170843967848511892e-03 1.000000000000000000e+00
-1.263500000000000068e+00 1.000000000000000048e-04 5.175522001213600509e-03 1.000000000000000000e+00
-1.262750000000000039e+00 1.000000000000000048e-04 5.180196216159014058e-03 1.000000000000000000e+00
-1.262000000000000011e+00 1.000000000000000048e-04 5.184866570458444152e-03 1.000000000000000000e+00
-1.261249999999999982e+00 1.000000000000000048e-04 5.189533021703360109e-03 1.000000000000000000e+00
-1.260499999999999954e+00 1.000000000000000048e-04 5.194195527302345426e-03 1.000000000000000000e+00
-1.259749999999999925e+00 1.000000000000000048e-04 5.198854044480474140e-03 1.000000000000000000e+00
-1.258999999999999897e+00 1.000000000000000048e-04 5.203508530278661177e-03 1.000000000000000000e+00
-1.258249999999999869e+00 1.000000000000000048e-04 5.208158941553004025e-03 1.000000000000000000e+00
-1.257499999999999840e+00 1.000000000000000048e-04 5.212805234974150423e-03 1.000000000000000000e+00
-1.256749999999999812e+00 1.000000000000000048e-04 5.217447367026638305e-03 1.000000000000000000e+00
-1.255999999999999783e+00 1.000000000000000048e-04 5.222085294008247010e-03 1.000000000000000000e+00
-1.255249999999999755e+00 1.000000000000000048e-04 5.226718972029344157e-03 1.000000000000000000e+00
-1.254499999999999726e+00 1.000000000000000048e-04 5.231348357012216913e-03 1.000000000000000000e+00
-1.253750000000000142e+00 1.000000000000000048e-04 5.235973404690419733e-03 1.000000000000000000e+00
-1.253000000000000114e+00 1.000000000000000048e-04 5.240594070608135986e-03 1.000000000000000000e+00
-1.252250000000000085e+00 1.000000000000000048e-04 5.245210310119464980e-03 1.000000000000000000e+00
-1.251500000000000057e+00 1.000000000000000048e-04 5.249822078387822617e-03 1.000000000000000000e+00
-1.250750000000000028e+00 1.000000000000000048e-04 5.254429330385202400e-03 1.000000000000000000e+00
-1.250000000000000000e+00 1.000000000000000048e-04 5.259032020891555269e-03 1.000000000000000000e+00
-1.249249999999999972e+00 1.000000000000000048e-04 5.263630104494130407e-03 1.000000000000000000e+00
-1.248499999999999943e+00 1.000000000000000048e-04 5.268223535586738851e-03 1.000000000000000000e+00
-1.247749999999999915e+00 1.000000000000000048e-04 5.272812268369151539e-03 1.000000000000000000e+00
-1.246999999999999886e+00 1.000000000000000048e-04 5.277396256846362058e-03 1.000000000000000000e+00
-1.246249999999999858e+00 1.000000000000000048e-04 5.281975454827952596e-03 1.000000000000000000e+00
-1.245499999999999829e+00 1.000000000000000048e-04 5.286549815927388783e-03 1.000000000000000000e+00
-1.244749999999999801e+00 1.000000000000000048e-04 5.291119293561329269e-03 1.000000000000000000e+00
-1.243999999999999773e+00 1.000000000000000048e-04 5.295683840948977802e-03 1.000000000000000000e+00
-1.243249999999999744e+00 1.000000000000000048e-04 5.300243411111343374e-03 1.000000000000000000e+00
-1.242499999999999716e+00 1.000000000000000048e-04 5.304797956870605305e-03 1.000000000000000000e+00
-1.241750000000000131e+00 1.000000000000000048e-04 5.309347430849363850e-03 1.000000000000000000e+00
-1.241000000000000103e+00 1.000000000000000048e-04 5.313891785470006152e-03 1.000000000000000000e+00
-1.240250000000000075e+00 1.000000000000000048e-04 5.318430972953966385e-03 1.000000000000000000e+00
-1.239500000000000046e+00 1.000000000000000048e-04 5.322964945321043140e-03 1.000000000000000000e+00
-1.238750000000000018e+00 1.000000000000000048e-04 5.327493654388692525e-03 1.000000000000000000e+00
-1.237999999999999989e+00 1.000000000000000048e-04 5.332017051771360296e-03 1.000000000000000000e+00
-1.237249999999999961e+00 1.000000000000000048e-04 5.336535088879714242e-03 1.000000000000000000e+00
-1.236499999999999932e+00 1.000000000000000048e-04 5.341047716919995400e-03 1.000000000000000000e+00
-1.235749999999999904e+00 1.000000000000000048e-04 5.345554886893285132e-03 1.000000000000000000e+00
-1.234999999999999876e+00 1.000000000000000048e-04 5.350056549594784348e-03 1.000000000000000000e+00
-1.234249999999999847e+00 1.000000000000000048e-04 5.354552655613121354e-03 1.000000000000000000e+00
-1.233499999999999819e+00 1.000000000000000048e-04 5.359043155329644079e-03 1.000000000000000000e+00
-1.232749999999999790e+00 1.000000000000000048e-04 5.363527998917668946e-03 1.000000000000000000e+00
-1.231999999999999762e+00 1.000000000000000048e-04 5.368007136341775704e-03 1.000000000000000000e+00
-1.231249999999999734e+00 1.000000000000000048e-04 5.372480517357105731e-03 1.000000000000000000e+00
-1.230499999999999705e+00 1.000000000000000048e-04 5.376948091508626515e-03 1.000000000000000000e+00
-1.229750000000000121e+00 1.000000000000000048e-04 5.381409808130383117e-03 1.000000000000000000e+00
-1.229000000000000092e+00 1.000000000000000048e-04 5.385865616344805151e-03 1.000000000000000000e+00
-1.228250000000000064e+00 1.000000000000000048e-04 5.390315465061958251e-03 1.000000000000000000e+00
-1.227500000000000036e+00 1.000000000000000048e-04 5.394759302978813752e-03 1.000000000000000000e+00
-1.226750000000000007e+00 1.000000000000000048e-04 5.399197078578527043e-03 1.000000000000000000e+00
-1.225999999999999979e+00 1.000000000000000048e-04 5.403628740129668220e-03 1.000000000000000000e+00
-1.225249999999999950e+00 1.000000000000000048e-04 5.408054235685521259e-03 1.000000000000000000e+00
-1.224499999999999922e+00 1.000000000000000048e-04 5.412473513083323334e-03 1.000000000000000000e+00
-1.223749999999999893e+00 1.000000000000000048e-04 5.416886519943518892e-03 1.000000000000000000e+00
-1.222999999999999865e+00 1.000000000000000048e-04 5.421293203669026728e-03 1.000000000000000000e+00
-1.222249999999999837e+00 1.000000000000000048e-04 5.425693511444480178e-03 1.000000000000000000e+00
-1.221499999999999808e+00 1.000000000000000048e-04 5.430087390235487262e-03 1.000000000000000000e+00
-1.220749999999999780e+00 1.000000000000000048e-04 5.434474786787868265e-03 1.000000000000000000e+00
-1.219999999999999751e+00 1.000000000000000048e-04 5.438855647626911552e-03 1.000000000000000000e+00
-1.219249999999999723e+00 1.000000000000000048e-04 5.443229919056614616e-03 1.000000000000000000e+00
-1.218500000000000139e+00 1.000000000000000048e-04 5.447597547158906928e-03 1.000000000000000000e+00
-1.217750000000000110e+00 1.000000000000000048e-04 5.451958477792936096e-03 1.000000000000000000e+00
-1.217000000000000082e+00 1.000000000000000048e-04 5.456312656594236934e-03 1.000000000000000000e+00
-1.216250000000000053e+00 1.000000000000000048e-04 5.460660028974026296e-03 1.000000000000000000e+00
-1.215500000000000025e+00 1.000000000000000048e-04 5.465000540118405102e-03 1.000000000000000000e+00
-1.214749999999999996e+00 1.000000000000000048e-04 5.469334134987581184e-03 1.000000000000000000e+00
-1.213999999999999968e+00 1.000000000000000048e-04 5.473660758315139832e-03 1.000000000000000000e+00
-1.213249999999999940e+00 1.000000000000000048e-04 5.477980354607209397e-03 1.000000000000000000e+00
-1.212499999999999911e+00 1.000000000000000048e-04 5.482292868141720558e-03 1.000000000000000000e+00
-1.211749999999999883e+00 1.000000000000000048e-04 5.486598242967629172e-03 1.000000000000000000e+00
-1.210999999999999854e+00 1.000000000000000048e-04 5.490896422904123497e-03 1.000000000000000000e+00
-1.210249999999999826e+00 1.000000000000000048e-04 5.495187351539834036e-03 1.000000000000000000e+00
-1.209499999999999797e+00 1.000000000000000048e-04 5.499470972232064180e-03 1.000000000000000000e+00
-1.208749999999999769e+00 1.000000000000000048e-04 5.503747228105998306e-03 1.000000000000000000e+00
-1.207999999999999741e+00 1.000000000000000048e-04 5.508016062053879523e-03 1.000000000000000000e+00
-1.207249999999999712e+00 1.000000000000000048e-04 5.512277416734288893e-03 1.000000000000000000e+00
-1.206500000000000128e+00 1.000000000000000048e-04 5.516531234571255514e-03 1.000000000000000000e+00
-1.205750000000000099e+00 1.000000000000000048e-04 5.520777457753535747e-03 1.000000000000000000e+00
-1.205000000000000071e+00 1.000000000000000048e-04 5.525016028233784883e-03 1.000000000000000000e+00
-1.204250000000000043e+00 1.000000000000000048e-04 5.529246887727738355e-03 1.000000000000000000e+00
-1.203500000000000014e+00 1.000000000000000048e-04 5.533469977713442386e-03 1.000000000000000000e+00
-1.202749999999999986e+00 1.000000000000000048e-04 5.537685239430415254e-03 1.000000000000000000e+00
-1.201999999999999957e+00 1.000000000000000048e-04 5.541892613878844978e-03 1.000000000000000000e+00
-1.201249999999999929e+00 1.000000000000000048e-04 5.546092041818797419e-03 1.000000000000000000e+00
-1.200499999999999901e+00 1.000000000000000048e-04 5.550283463769379276e-03 1.000000000000000000e+00
-1.199749999999999872e+00 1.000000000000000048e-04 5.554466820007914092e-03 1.000000000000000000e+00
-1.198999999999999844e+00 1.000000000000000048e-04 5.558642050569181578e-03 1.000000000000000000e+00
-1.198249999999999815e+00 1.000000000000000048e-04 5.562809095244499943e-03 1.000000000000000000e+00
-1.197499999999999787e+00 1.000000000000000048e-04 5.566967893580990374e-03 1.000000000000000000e+00
-1.196749999999999758e+00 1.000000000000000048e-04 5.571118384880712274e-03 1.000000000000000000e+00
-1.195999999999999730e+00 1.000000000000000048e-04 5.575260508199819318e-03 1.000000000000000000e+00
-1.195249999999999702e+00 1.000000000000000048e-04 5.579394202347764953e-03 1.000000000000000000e+00
-1.194500000000000117e+00 1.000000000000000048e-04 5.583519405886438504e-03 1.000000000000000000e+00
-1.193750000000000089e+00 1.000000000000000048e-04 5.587636057129362864e-03 1.000000000000000000e+00
-1.193000000000000060e+00 1.000000000000000048e-04 5.591744094140808918e-03 1.000000000000000000e+00
-1.192250000000000032e+00 1.000000000000000048e-04 5.595843454735006245e-03 1.000000000000000000e+00
-1.191500000000000004e+00 1.000000000000000048e-04 5.599934076475257538e-03 1.000000000000000000e+00
-1.190749999999999975e+00 1.000000000000000048e-04 5.604015896673126759e-03 1.000000000000000000e+00
-1.189999999999999947e+00 1.000000000000000048e-04 5.608088852387547486e-03 1.000000000000000000e+00
-1.189249999999999918e+00 1.000000000000000048e-04 5.612152880424039689e-03 1.000000000000000000e+00
-1.188499999999999890e+00 1.000000000000000048e-04 5.616207917333788588e-03 1.000000000000000000e+00
-1.187749999999999861e+00 1.000000000000000048e-04 5.620253899412824133e-03 1.000000000000000000e+00
-1.186999999999999833e+00 1.000000000000000048e-04 5.624290762701167519e-03 1.000000000000000000e+00
-1.186249999999999805e+00 1.000000000000000048e-04 5.628318442981954280e-03 1.000000000000000000e+00
-1.185499999999999776e+00 1.000000000000000048e-04 5.632336875780588614e-03 1.000000000000000000e+00
-1.184749999999999748e+00 1.000000000000000048e-04 5.636345996363842197e-03 1.000000000000000000e+00
-1.183999999999999719e+00 1.000000000000000048e-04 5.640345739739043192e-03 1.000000000000000000e+00
-1.183250000000000135e+00 1.000000000000000048e-04 5.644336040653156854e-03 1.000000000000000000e+00
-1.182500000000000107e+00 1.000000000000000048e-04 5.648316833591945918e-03 1.000000000000000000e+00
-1.181750000000000078e+00 1.000000000000000048e-04 5.652288052779065076e-03 1.000000000000000000e+00
-1.181000000000000050e+00 1.000000000000000048e-04 5.656249632175211831e-03 1.000000000000000000e+00
-1.180250000000000021e+00 1.000000000000000048e-04 5.660201505477224435e-03 1.000000000000000000e+00
-1.179499999999999993e+00 1.000000000000000048e-04 5.664143606117225810e-03 1.000000000000000000e+00
-1.178749999999999964e+00 1.000000000000000048e-04 5.668075867261706743e-03 1.000000000000000000e+00
-1.177999999999999936e+00 1.000000000000000048e-04 5.671998221810650720e-03 1.000000000000000000e+00
-1.177249999999999908e+00 1.000000000000000048e-04 5.675910602396676101e-03 1.000000000000000000e+00
-1.176499999999999879e+00 1.000000000000000048e-04 5.679812941384076823e-03 1.000000000000000000e+00
-1.175749999999999851e+00 1.000000000000000048e-04 5.683705170867984525e-03 1.000000000000000000e+00
-1.174999999999999822e+00 1.000000000000000048e-04 5.687587222673442210e-03 1.000000000000000000e+00
-1.174249999999999794e+00 1.000000000000000048e-04 5.691459028354521263e-03 1.000000000000000000e+00
-1.173499999999999766e+00 1.000000000000000048e-04 5.695320519193402924e-03 1.000000000000000000e+00
-1.172749999999999737e+00 1.000000000000000048e-04 5.699171626199490102e-03 1.000000000000000000e+00
-1.171999999999999709e+00 1.000000000000000048e-04 5.703012280108476703e-03 1.000000000000000000e+00
-1.171250000000000124e+00 1.000000000000000048e-04 5.706842411381461179e-03 1.000000000000000000e+00
-1.170500000000000096e+00 1.000000000000000048e-04 5.710661950204003710e-03 1.000000000000000000e+00
-1.169750000000000068e+00 1.000000000000000048e-04 5.714470826485264915e-03 1.000000000000000000e+00
-1.169000000000000039e+00 1.000000000000000048e-04 5.718268969857008381e-03 1.000000000000000000e+00
-1.168250000000000011e+00 1.000000000000000048e-04 5.722056309672755858e-03 1.000000000000000000e+00
-1.167499999999999982e+00 1.000000000000000048e-04 5.725832775006806270e-03 1.000000000000000000e+00
-1.166749999999999954e+00 1.000000000000000048e-04 5.729598294653367486e-03 1.000000000000000000e+00
-1.165999999999999925e+00 1.000000000000000048e-04 5.733352797125558856e-03 1.000000000000000000e+00
-1.165249999999999897e+00 1.000000000000000048e-04 5.737096210654540375e-03 1.000000000000000000e+00
-1.164499999999999869e+00 1.000000000000000048e-04 5.740828463188558592e-03 1.000000000000000000e+00
-1.163749999999999840e+00 1.000000000000000048e-04 5.744549482391987302e-03 1.000000000000000000e+00
-1.162999999999999812e+00 1.000000000000000048e-04 5.748259195644411616e-03 1.000000000000000000e+00
-1.162249999999999783e+00 1.000000000000000048e-04 5.751957530039705085e-03 1.000000000000000000e+00
-1.161499999999999755e+00 1.000000000000000048e-04 5.755644412385036573e-03 1.000000000000000000e+00
-1.160749999999999726e+00 1.000000000000000048e-04 5.759319769199961261e-03 1.000000000000000000e+00
-1.160000000000000142e+00 1.000000000000000048e-04 5.762983526715463947e-03 1.000000000000000000e+00
-1.159250000000000114e+00 1.000000000000000048e-04 5.766635610872994540e-03 1.000000000000000000e+00
-1.158500000000000085e+00 1.000000000000000048e-04 5.770275947323529574e-03 1.000000000000000000e+00
-1.157750000000000057e+00 1.000000000000000048e-04 5.773904461426612907e-03 1.000000000000000000e+00
-1.157000000000000028e+00 1.000000000000000048e-04 5.777521078249369529e-03 1.000000000000000000e+00
-1.156250000000000000e+00 1.000000000000000048e-04 5.781125722565572285e-03 1.000000000000000000e+00
-1.155499999999999972e+00 1.000000000000000048e-04 5.784718318854671290e-03 1.000000000000000000e+00
-1.154749999999999943e+00 1.000000000000000048e-04 5.788298791300827695e-03 1.000000000000000000e+00
-1.153999999999999915e+00 1.000000000000000048e-04 5.791867063791931829e-03 1.000000000000000000e+00
-1.153249999999999886e+00 1.000000000000000048e-04 5.795423059918616143e-03 1.000000000000000000e+00
-1.152499999999999858e+00 1.000000000000000048e-04 5.798966702973334074e-03 1.000000000000000000e+00
-1.151749999999999829e+00 1.000000000000000048e-04 5.802497915949323543e-03 1.000000000000000000e+00
-1.150999999999999801e+00 1.000000000000000048e-04 5.806016621539644186e-03 1.000000000000000000e+00
-1.150249999999999773e+00 1.000000000000000048e-04 5.809522742136206779e-03 1.000000000000000000e+00
-1.149499999999999744e+00 1.000000000000000048e-04 5.813016199828780969e-03 1.000000000000000000e+00
-1.148749999999999716e+00 1.000000000000000048e-04 5.816496916403980470e-03 1.000000000000000000e+00
-1.148000000000000131e+00 1.000000000000000048e-04 5.819964813344315029e-03 1.000000000000000000e+00
-1.147250000000000103e+00 1.000000000000000048e-04 5.823419811827153930e-03 1.000000000000000000e+00
-1.146500000000000075e+00 1.000000000000000048e-04 5.826861832723758024e-03 1.000000000000000000e+00
-1.145750000000000046e+00 1.000000000000000048e-04 5.830290796598252764e-03 1.000000000000000000e+00
-1.145000000000000018e+00 1.000000000000000048e-04 5.833706623706656769e-03 1.000000000000000000e+00
-1.144249999999999989e+00 1.000000000000000048e-04 5.837109233995852256e-03 1.000000000000000000e+00
-1.143499999999999961e+00 1.000000000000000048e-04 5.840498547102575440e-03 1.000000000000000000e+00
-1.142749999999999932e+00 1.000000000000000048e-04 5.843874482352419929e-03 1.000000000000000000e+00
-1.141999999999999904e+00 1.000000000000000048e-04 5.847236958758824515e-03 1.000000000000000000e+00
-1.141249999999999876e+00 1.000000000000000048e-04 5.850585895022020200e-03 1.000000000000000000e+00
-1.140499999999999847e+00 1.000000000000000048e-04 5.853921209528073488e-03 1.000000000000000000e+00
-1.139749999999999819e+00 1.000000000000000048e-04 5.857242820347798723e-03 1.000000000000000000e+00
-1.138999999999999790e+00 1.000000000000000048e-04 5.860550645235773626e-03 1.000000000000000000e+00
-1.138249999999999762e+00 1.000000000000000048e-04 5.863844601629298464e-03 1.000000000000000000e+00
-1.137499999999999734e+00 1.000000000000000048e-04 5.867124606647380371e-03 1.000000000000000000e+00
-1.136749999999999705e+00 1.000000000000000048e-04 5.870390577089657815e-03 1.000000000000000000e+00
-1.136000000000000121e+00 1.000000000000000048e-04 5.873642429435418748e-03 1.000000000000000000e+00
-1.135250000000000092e+00 1.000000000000000048e-04 5.876880079842527679e-03 1.000000000000000000e+00
-1.134500000000000064e+00 1.000000000000000048e-04 5.880103444146388310e-03 1.000000000000000000e+00
-1.133750000000000036e+00 1.000000000000000048e-04 5.883312437858911371e-03 1.000000000000000000e+00
-1.133000000000000007e+00 1.000000000000000048e-04 5.886506976167451242e-03 1.000000000000000000e+00
-1.132249999999999979e+00 1.000000000000000048e-04 5.889686973933768582e-03 1.000000000000000000e+00
-1.131499999999999950e+00 1.000000000000000048e-04 5.892852345692956538e-03 1.000000000000000000e+00
-1.130749999999999922e+00 1.000000000000000048e-04 5.896003005652430268e-03 1.000000000000000000e+00
-1.129999999999999893e+00 1.000000000000000048e-04 5.899138867690805442e-03 1.000000000000000000e+00
-1.129249999999999865e+00 1.000000000000000048e-04 5.902259845356886900e-03 1.000000000000000000e+00
-1.128499999999999837e+00 1.000000000000000048e-04 5.905365851868584447e-03 1.000000000000000000e+00
-1.127749999999999808e+00 1.000000000000000048e-04 5.908456800111852938e-03 1.000000000000000000e+00
-1.126999999999999780e+00 1.000000000000000048e-04 5.911532602639602875e-03 1.000000000000000000e+00
-1.126249999999999751e+00 1.000000000000000048e-04 5.914593171670661301e-03 1.000000000000000000e+00
-1.125499999999999723e+00 1.000000000000000048e-04 5.917638419088669388e-03 1.000000000000000000e+00
-1.124750000000000139e+00 1.000000000000000048e-04 5.920668256441002572e-03 1.000000000000000000e+00
-1.124000000000000110e+00 1.000000000000000048e-04 5.923682594937706297e-03 1.000000000000000000e+00
-1.123250000000000082e+00 1.000000000000000048e-04 5.926681345450404009e-03 1.000000000000000000e+00
-1.122500000000000053e+00 1.000000000000000048e-04 5.929664418511204280e-03 1.000000000000000000e+00
-1.121750000000000025e+00 1.000000000000000048e-04 5.932631724311629613e-03 1.000000000000000000e+00
-1.120999999999999996e+00 1.000000000000000048e-04 5.935583172701507960e-03 1.000000000000000000e+00
-1.120249999999999968e+00 1.000000000000000048e-04 5.938518673187853820e-03 1.000000000000000000e+00
-1.119499999999999940e+00 1.000000000000000048e-04 5.941438134933830877e-03 1.000000000000000000e+00
-1.118749999999999911e+00 1.000000000000000048e-04 5.944341466757582793e-03 1.000000000000000000e+00
-1.117999999999999883e+00 1.000000000000000048e-04 5.947228577131200185e-03 1.000000000000000000e+00
-1.117249999999999854e+00 1.000000000000000048e-04 5.950099374179530602e-03 1.000000000000000000e+00
-1.116499999999999826e+00 1.000000000000000048e-04 5.952953765679138559e-03 1.000000000000000000e+00
-1.115749999999999797e+00 1.000000000000000048e-04 5.955791659057160618e-03 1.000000000000000000e+00
-1.114999999999999769e+00 1.000000000000000048e-04 5.958612961390198637e-03 1.000000000000000000e+00
-1.114249999999999741e+00 1.000000000000000048e-04 5.961417579403188727e-03 1.000000000000000000e+00
-1.113499999999999712e+00 1.000000000000000048e-04 5.964205419468301440e-03 1.000000000000000000e+00
-1.112750000000000128e+00 1.000000000000000048e-04 5.966976387603777771e-03 1.000000000000000000e+00
-1.112000000000000099e+00 1.000000000000000048e-04 5.969730389472847551e-03 1.000000000000000000e+00
-1.111250000000000071e+00 1.000000000000000048e-04 5.972467330382594079e-03 1.000000000000000000e+00
-1.110500000000000043e+00 1.000000000000000048e-04 5.975187115282775373e-03 1.000000000000000000e+00
-1.109750000000000014e+00 1.000000000000000048e-04 5.977889648764715680e-03 1.000000000000000000e+00
-1.108999999999999986e+00 1.000000000000000048e-04 5.980574835060205666e-03 1.000000000000000000e+00
-1.108249999999999957e+00 1.000000000000000048e-04 5.983242578040288105e-03 1.000000000000000000e+00
-1.107499999999999929e+00 1.000000000000000048e-04 5.985892781214163273e-03 1.000000000000000000e+00
-1.106749999999999901e+00 1.000000000000000048e-04 5.988525347728012801e-03 1.000000000000000000e+00
-1.105999999999999872e+00 1.000000000000000048e-04 5.991140180363879915e-03 1.000000000000000000e+00
-1.105249999999999844e+00 1.000000000000000048e-04 5.993737181538477676e-03 1.000000000000000000e+00
-1.104499999999999815e+00 1.000000000000000048e-04 5.996316253302063151e-03 1.000000000000000000e+00
-1.103749999999999787e+00 1.000000000000000048e-04 5.998877297337267336e-03 1.000000000000000000e+00
-1.102999999999999758e+00 1.000000000000000048e-04 6.001420214957919885e-03 1.000000000000000000e+00
-1.102249999999999730e+00 1.000000000000000048e-04 6.003944907107894649e-03 1.000000000000000000e+00
-1.101499999999999702e+00 1.000000000000000048e-04 6.006451274359942208e-03 1.000000000000000000e+00
-1.100750000000000117e+00 1.000000000000000048e-04 6.008939216914525872e-03 1.000000000000000000e+00
-1.100000000000000089e+00 1.000000000000000048e-04 6.011408634598620383e-03 1.000000000000000000e+00
-1.099250000000000060e+00 1.000000000000000048e-04 6.013859426864554859e-03 1.000000000000000000e+00
-1.098500000000000032e+00 1.000000000000000048e-04 6.016291492788837514e-03 1.000000000000000000e+00
-1.097750000000000004e+00 1.000000000000000048e-04 6.018704731070962169e-03 1.000000000000000000e+00
-1.096999999999999975e+00 1.000000000000000048e-04 6.021099040032188744e-03 1.000000000000000000e+00
-1.096249999999999947e+00 1.000000000000000048e-04 6.023474317614442575e-03 1.000000000000000000e+00
-1.095499999999999918e+00 1.000000000000000048e-04 6.025830461379015970e-03 1.000000000000000000e+00
-1.094749999999999890e+00 1.000000000000000048e-04 6.028167368505441513e-03 1.000000000000000000e+00
-1.093999999999999861e+00 1.000000000000000048e-04 6.030484935790269944e-03 1.000000000000000000e+00
-1.093249999999999833e+00 1.000000000000000048e-04 6.032783059645883614e-03 1.000000000000000000e+00
-1.092499999999999805e+00 1.000000000000000048e-04 6.035061636099272632e-03 1.000000000000000000e+00
-1.091749999999999776e+00 1.000000000000000048e-04 6.037320560790830105e-03 1.000000000000000000e+00
-1.090999999999999748e+00 1.000000000000000048e-04 6.039559728973157779e-03 1.000000000000000000e+00
-1.090249999999999719e+00 1.000000000000000048e-04 6.041779035509820504e-03 1.000000000000000000e+00
-1.089500000000000135e+00 1.000000000000000048e-04 6.043978374874163159e-03 1.000000000000000000e+00
-1.088750000000000107e+00 1.000000000000000048e-04 6.046157641148079860e-03 1.000000000000000000e+00
-1.088000000000000078e+00 1.000000000000000048e-04 6.048316728020786646e-03 1.000000000000000000e+00
-1.087250000000000050e+00 1.000000000000000048e-04 6.050455528787600235e-03 1.000000000000000000e+00
-1.086500000000000021e+00 1.000000000000000048e-04 6.052573936348685547e-03 1.000000000000000000e+00
-1.085749999999999993e+00 1.000000000000000048e-04 6.054671843207870899e-03 1.000000000000000000e+00
-1.084999999999999964e+00 1.000000000000000048e-04 6.056749141471376441e-03 1.000000000000000000e+00
-1.084249999999999936e+00 1.000000000000000048e-04 6.058805722846581643e-03 1.000000000000000000e+00
-1.083499999999999908e+00 1.000000000000000048e-04 6.060841478640787566e-03 1.000000000000000000e+00
-1.082749999999999879e+00 1.000000000000000048e-04 6.062856299759988681e-03 1.000000000000000000e+00
-1.081999999999999851e+00 1.000000000000000048e-04 6.064850076707591769e-03 1.000000000000000000e+00
-1.081249999999999822e+00 1.000000000000000048e-04 6.066822699583192952e-03 1.000000000000000000e+00
-1.080499999999999794e+00 1.000000000000000048e-04 6.068774058081313934e-03 1.000000000000000000e+00
-1.079749999999999766e+00 1.000000000000000048e-04 6.070704041490162552e-03 1.000000000000000000e+00
-1.078999999999999737e+00 1.000000000000000048e-04 6.072612538690324788e-03 1.000000000000000000e+00
-1.078249999999999709e+00 1.000000000000000048e-04 6.074499438153569547e-03 1.000000000000000000e+00
-1.077500000000000124e+00 1.000000000000000048e-04 6.076364627941531135e-03 1.000000000000000000e+00
-1.076750000000000096e+00 1.000000000000000048e-04 6.078207995704456787e-03 1.000000000000000000e+00
-1.076000000000000068e+00 1.000000000000000048e-04 6.080029428679959401e-03 1.000000000000000000e+00
-1.075250000000000039e+00 1.000000000000000048e-04 6.081828813691685272e-03 1.000000000000000000e+00
-1.074500000000000011e+00 1.000000000000000048e-04 6.083606037148103253e-03 1.000000000000000000e+00
-1.073749999999999982e+00 1.000000000000000048e-04 6.085360985041161214e-03 1.000000000000000000e+00
-1.072999999999999954e+00 1.000000000000000048e-04 6.087093542945063926e-03 1.000000000000000000e+00
-1.072249999999999925e+00 1.000000000000000048e-04 6.088803596014930389e-03 1.000000000000000000e+00
-1.071499999999999897e+00 1.000000000000000048e-04 6.090491028985527480e-03 1.000000000000000000e+00
-1.070749999999999869e+00 1.000000000000000048e-04 6.092155726170001007e-03 1.000000000000000000e+00
-1.069999999999999840e+00 1.000000000000000048e-04 6.093797571458522619e-03 1.000000000000000000e+00
-1.069249999999999812e+00 1.000000000000000048e-04 6.095416448317039944e-03 1.000000000000000000e+00
-1.068499999999999783e+00 1.000000000000000048e-04 6.097012239785952990e-03 1.000000000000000000e+00
-1.067749999999999755e+00 1.000000000000000048e-04 6.098584828478815709e-03 1.000000000000000000e+00
-1.066999999999999726e+00 1.000000000000000048e-04 6.100134096581005458e-03 1.000000000000000000e+00
-1.066249999999999698e+00 1.000000000000000048e-04 6.101659925848446249e-03 1.000000000000000000e+00
-1.065500000000000114e+00 1.000000000000000048e-04 6.103162197606275610e-03 1.000000000000000000e+00
-1.064750000000000085e+00 1.000000000000000048e-04 6.104640792747513187e-03 1.000000000000000000e+00
-1.064000000000000057e+00 1.000000000000000048e-04 6.106095591731769238e-03 1.000000000000000000e+00
-1.063250000000000028e+00 1.000000000000000048e-04 6.107526474583878547e-03 1.000000000000000000e+00
-1.062500000000000000e+00 1.000000000000000048e-04 6.108933320892629727e-03 1.000000000000000000e+00
-1.061749999999999972e+00 1.000000000000000048e-04 6.110316009809383525e-03 1.000000000000000000e+00
-1.060999999999999943e+00 1.000000000000000048e-04 6.111674420046757025e-03 1.000000000000000000e+00
-1.060249999999999915e+00 1.000000000000000048e-04 6.113008429877291386e-03 1.000000000000000000e+00
-1.059499999999999886e+00 1.000000000000000048e-04 6.114317917132118703e-03 1.000000000000000000e+00
-1.058749999999999858e+00 1.000000000000000048e-04 6.115602759199594181e-03 1.000000000000000000e+00
-1.057999999999999829e+00 1.000000000000000048e-04 6.116862833023956059e-03 1.000000000000000000e+00
-1.057249999999999801e+00 1.000000000000000048e-04 6.118098015104010690e-03 1.000000000000000000e+00
-1.056499999999999773e+00 1.000000000000000048e-04 6.119308181491736089e-03 1.000000000000000000e+00
-1.055749999999999744e+00 1.000000000000000048e-04 6.120493207790942726e-03 1.000000000000000000e+00
-1.054999999999999716e+00 1.000000000000000048e-04 6.121652969155919576e-03 1.000000000000000000e+00
-1.054250000000000131e+00 1.000000000000000048e-04 6.122787340290069755e-03 1.000000000000000000e+00
-1.053500000000000103e+00 1.000000000000000048e-04 6.123896195444544430e-03 1.000000000000000000e+00
-1.052750000000000075e+00 1.000000000000000048e-04 6.124979408416856771e-03 1.000000000000000000e+00
-1.052000000000000046e+00 1.000000000000000048e-04 6.126036852549548821e-03 1.000000000000000000e+00
-1.051250000000000018e+00 1.000000000000000048e-04 6.127068400728804577e-03 1.000000000000000000e+00
-1.050499999999999989e+00 1.000000000000000048e-04 6.128073925383017116e-03 1.000000000000000000e+00
-1.049749999999999961e+00 1.000000000000000048e-04 6.129053298481491885e-03 1.000000000000000000e+00
-1.048999999999999932e+00 1.000000000000000048e-04 6.130006391533033769e-03 1.000000000000000000e+00
-1.048249999999999904e+00 1.000000000000000048e-04 6.130933075584505537e-03 1.000000000000000000e+00
-1.047499999999999876e+00 1.000000000000000048e-04 6.131833221219528535e-03 1.000000000000000000e+00
-1.046749999999999847e+00 1.000000000000000048e-04 6.132706698557011636e-03 1.000000000000000000e+00
-1.045999999999999819e+00 1.000000000000000048e-04 6.133553377249815509e-03 1.000000000000000000e+00
-1.045249999999999790e+00 1.000000000000000048e-04 6.134373126483291978e-03 1.000000000000000000e+00
-1.044499999999999762e+00 1.000000000000000048e-04 6.135165814973934408e-03 1.000000000000000000e+00
-1.043749999999999734e+00 1.000000000000000048e-04 6.135931310967948291e-03 1.000000000000000000e+00
-1.042999999999999705e+00 1.000000000000000048e-04 6.136669482239843522e-03 1.000000000000000000e+00
-1.042250000000000121e+00 1.000000000000000048e-04 6.137380196091007586e-03 1.000000000000000000e+00
-1.041500000000000092e+00 1.000000000000000048e-04 6.138063319348329924e-03 1.000000000000000000e+00
-1.040750000000000064e+00 1.000000000000000048e-04 6.138718718362732620e-03 1.000000000000000000e+00
-1.040000000000000036e+00 1.000000000000000048e-04 6.139346259007810377e-03 1.000000000000000000e+00
-1.039250000000000007e+00 1.000000000000000048e-04 6.139945806678313509e-03 1.000000000000000000e+00
-1.038499999999999979e+00 1.000000000000000048e-04 6.140517226288822600e-03 1.000000000000000000e+00
-1.037749999999999950e+00 1.000000000000000048e-04 6.141060382272273133e-03 1.000000000000000000e+00
-1.036999999999999922e+00 1.000000000000000048e-04 6.141575138578476631e-03 1.000000000000000000e+00
-1.036249999999999893e+00 1.000000000000000048e-04 6.142061358672748494e-03 1.000000000000000000e+00
-1.035499999999999865e+00 1.000000000000000048e-04 6.142518905534454302e-03 1.000000000000000000e+00
-1.034749999999999837e+00 1.000000000000000048e-04 6.142947641655544834e-03 1.000000000000000000e+00
-1.033999999999999808e+00 1.000000000000000048e-04 6.143347429039096308e-03 1.000000000000000000e+00
-1.033249999999999780e+00 1.000000000000000048e-04 6.143718129197928667e-03 1.000000000000000000e+00
-1.032499999999999751e+00 1.000000000000000048e-04 6.144059603153079890e-03 1.000000000000000000e+00
-1.031749999999999723e+00 1.000000000000000048e-04 6.144371711432371382e-03 1.000000000000000000e+00
-1.031000000000000139e+00 1.000000000000000048e-04 6.144654314068940387e-03 1.000000000000000000e+00
-1.030250000000000110e+00 1.000000000000000048e-04 6.144907270599837476e-03 1.000000000000000000e+00
-1.029500000000000082e+00 1.000000000000000048e-04 6.145130440064464419e-03 1.000000000000000000e+00
-1.028750000000000053e+00 1.000000000000000048e-04 6.145323681003162127e-03 1.000000000000000000e+00
-1.028000000000000025e+00 1.000000000000000048e-04 6.145486851455759549e-03 1.000000000000000000e+00
-1.027249999999999996e+00 1.000000000000000048e-04 6.145619808960025438e-03 1.000000000000000000e+00
-1.026499999999999968e+00 1.000000000000000048e-04 6.145722410550254547e-03 1.000000000000000000e+00
-1.025749999999999940e+00 1.000000000000000048e-04 6.145794512755758422e-03 1.000000000000000000e+00
-1.024999999999999911e+00 1.000000000000000048e-04 6.145835971599394355e-03 1.000000000000000000e+00
-1.024249999999999883e+00 1.000000000000000048e-04 6.145846642596049236e-03 1.000000000000000000e+00
-1.023499999999999854e+00 1.000000000000000048e-04 6.145826380751176314e-03 1.000000000000000000e+00
-1.022749999999999826e+00 1.000000000000000048e-04 6.145775040559285120e-03 1.000000000000000000e+00
-1.021999999999999797e+00 1.000000000000000048e-04 6.145692476002463482e-03 1.000000000000000000e+00
-1.021249999999999769e+00 1.000000000000000048e-04 6.145578540548849236e-03 1.000000000000000000e+00
-1.020499999999999741e+00 1.000000000000000048e-04 6.145433087151138361e-03 1.000000000000000000e+00
-1.019749999999999712e+00 1.000000000000000048e-04 6.145255968245099190e-03 1.000000000000000000e+00
-1.019000000000000128e+00 1.000000000000000048e-04 6.145047035748010290e-03 1.000000000000000000e+00
-1.018250000000000099e+00 1.000000000000000048e-04 6.144806141057204164e-03 1.000000000000000000e+00
-1.017500000000000071e+00 1.000000000000000048e-04 6.144533135048516406e-03 1.000000000000000000e+00
-1.016750000000000043e+00 1.000000000000000048e-04 6.144227868074787768e-03 1.000000000000000000e+00
-1.016000000000000014e+00 1.000000000000000048e-04 6.143890189964294236e-03 1.000000000000000000e+00
-1.015249999999999986e+00 1.000000000000000048e-04 6.143519950019305474e-03 1.000000000000000000e+00
-1.014499999999999957e+00 1.000000000000000048e-04 6.143116997014466327e-03 1.000000000000000000e+00
-1.013749999999999929e+00 1.000000000000000048e-04 6.142681179195304958e-03 1.000000000000000000e+00
-1.012999999999999901e+00 1.000000000000000048e-04 6.142212344276714968e-03 1.000000000000000000e+00
-1.012249999999999872e+00 1.000000000000000048e-04 6.141710339441384600e-03 1.000000000000000000e+00
-1.011499999999999844e+00 1.000000000000000048e-04 6.141175011338290135e-03 1.000000000000000000e+00
-1.010749999999999815e+00 1.000000000000000048e-04 6.140606206081093005e-03 1.000000000000000000e+00
-1.009999999999999787e+00 1.000000000000000048e-04 6.140003769246646197e-03 1.000000000000000000e+00
-1.009249999999999758e+00 1.000000000000000048e-04 6.139367545873442543e-03 1.000000000000000000e+00
-1.008499999999999730e+00 1.000000000000000048e-04 6.138697380460015306e-03 1.000000000000000000e+00
-1.007749999999999702e+00 1.000000000000000048e-04 6.137993116963425498e-03 1.000000000000000000e+00
-1.007000000000000117e+00 1.000000000000000048e-04 6.137254598797662469e-03 1.000000000000000000e+00
-1.006250000000000089e+00 1.000000000000000048e-04 6.136481668832135562e-03 1.000000000000000000e+00
-1.005500000000000060e+00 1.000000000000000048e-04 6.135674169390044341e-03 1.000000000000000000e+00
-1.004750000000000032e+00 1.000000000000000048e-04 6.134831942246847698e-03 1.000000000000000000e+00
-1.004000000000000004e+00 1.000000000000000048e-04 6.133954828628694796e-03 1.000000000000000000e+00
-1.003249999999999975e+00 1.000000000000000048e-04 6.133042669210806569e-03 1.000000000000000000e+00
-1.002499999999999947e+00 1.000000000000000048e-04 6.132095304115955242e-03 1.000000000000000000e+00
-1.001749999999999918e+00 1.000000000000000048e-04 6.131112572912821544e-03 1.000000000000000000e+00
-1.000999999999999890e+00 1.000000000000000048e-04 6.130094314614475091e-03 1.000000000000000000e+00
-1.000249999999999861e+00 1.000000000000000048e-04 6.129040367676711655e-03 1.000000000000000000e+00
-9.995000000000002771e-01 1.000000000000000048e-04 6.127950569996528339e-03 1.000000000000000000e+00
-9.987500000000002487e-01 1.000000000000000048e-04 6.126824758910510288e-03 1.000000000000000000e+00
-9.980000000000002203e-01 1.000000000000000048e-04 6.125662771193179229e-03 1.000000000000000000e+00
-9.972500000000001918e-01 1.000000000000000048e-04 6.124464443055462580e-03 1.000000000000000000e+00
-9.965000000000001634e-01 1.000000000000000048e-04 6.123229610143072349e-03 1.000000000000000000e+00
-9.957500000000001350e-01 1.000000000000000048e-04 6.121958107534878832e-03 1.000000000000000000e+00
-9.950000000000001066e-01 1.000000000000000048e-04 6.120649769741315534e-03 1.000000000000000000e+00
-9.942500000000000782e-01 1.000000000000000048e-04 6.119304430702750264e-03 1.000000000000000000e+00
-9.935000000000000497e-01 1.000000000000000048e-04 6.117921923787866638e-03 1.000000000000000000e+00
-9.927500000000000213e-01 1.000000000000000048e-04 6.116502081792102828e-03 1.000000000000000000e+00
-9.919999999999999929e-01 1.000000000000000048e-04 6.115044736935949798e-03 1.000000000000000000e+00
-9.912499999999999645e-01 1.000000000000000048e-04 6.113549720863353625e-03 1.000000000000000000e+00
-9.904999999999999361e-01 1.000000000000000048e-04 6.112016864640113477e-03 1.000000000000000000e+00
-9.897499999999999076e-01 1.000000000000000048e-04 6.110445998752211082e-03 1.000000000000000000e+00
-9.889999999999998792e-01 1.000000000000000048e-04 6.108836953104212174e-03 1.000000000000000000e+00
-9.882499999999998508e-01 1.000000000000000048e-04 6.107189557017601161e-03 1.000000000000000000e+00
-9.874999999999998224e-01 1.000000000000000048e-04 6.105503639229139211e-03 1.000000000000000000e+00
-9.867499999999997939e-01 1.000000000000000048e-04 6.103779027889245749e-03 1.000000000000000000e+00
-9.859999999999997655e-01 1.000000000000000048e-04 6.102015550560323590e-03 1.000000000000000000e+00
-9.852499999999997371e-01 1.000000000000000048e-04 6.100213034215123953e-03 1.000000000000000000e+00
-9.844999999999997087e-01 1.000000000000000048e-04 6.098371305235104553e-03 1.000000000000000000e+00
-9.837499999999996803e-01 1.000000000000000048e-04 6.096490189408750385e-03 1.000000000000000000e+00
-9.829999999999996518e-01 1.000000000000000048e-04 6.094569511929918797e-03 1.000000000000000000e+00
-9.822499999999996234e-01 1.000000000000000048e-04 6.092609097396203648e-03 1.000000000000000000e+00
-9.814999999999995950e-01 1.000000000000000048e-04 6.090608769807209256e-03 1.000000000000000000e+00
-9.807499999999995666e-01 1.000000000000000048e-04 6.088568352562957926e-03 1.000000000000000000e+00
-9.799999999999995381e-01 1.000000000000000048e-04 6.086487668462171700e-03 1.000000000000000000e+00
-9.792499999999995097e-01 1.000000000000000048e-04 6.084366539700605293e-03 1.000000000000000000e+00
-9.784999999999994813e-01 1.000000000000000048e-04 6.082204787869399838e-03 1.000000000000000000e+00
-9.777500000000003411e-01 1.000000000000000048e-04 6.080002233953339490e-03 1.000000000000000000e+00
-9.770000000000003126e-01 1.000000000000000048e-04 6.077758698329205171e-03 1.000000000000000000e+00
-9.762500000000002842e-01 1.000000000000000048e-04 6.075474000764133527e-03 1.000000000000000000e+00
-9.755000000000002558e-01 1.000000000000000048e-04 6.073147960413839697e-03 1.000000000000000000e+00
-9.747500000000002274e-01 1.000000000000000048e-04 6.070780395820986677e-03 1.000000000000000000e+00
-9.740000000000001990e-01 1.000000000000000048e-04 6.068371124913469680e-03 1.000000000000000000e+00
-9.732500000000001705e-01 1.000000000000000048e-04 6.065919965002725643e-03 1.000000000000000000e+00
-9.725000000000001421e-01 1.000000000000000048e-04 6.063426732782008048e-03 1.000000000000000000e+00
-9.717500000000001137e-01 1.000000000000000048e-04 6.060891244324725924e-03 1.000000000000000000e+00
-9.710000000000000853e-01 1.000000000000000048e-04 6.058313315082716928e-03 1.000000000000000000e+00
-9.702500000000000568e-01 1.000000000000000048e-04 6.055692759884495277e-03 1.000000000000000000e+00
-9.695000000000000284e-01 1.000000000000000048e-04 6.053029392933628912e-03 1.000000000000000000e+00
-9.687500000000000000e-01 1.000000000000000048e-04 6.050323027806949264e-03 1.000000000000000000e+00
-9.679999999999999716e-01 1.000000000000000048e-04 6.047573477452851225e-03 1.000000000000000000e+00
-9.672499999999999432e-01 1.000000000000000048e-04 6.044780554189603528e-03 1.000000000000000000e+00
-9.664999999999999147e-01 1.000000000000000048e-04 6.041944069703564582e-03 1.000000000000000000e+00
-9.657499999999998863e-01 1.000000000000000048e-04 6.039063835047511937e-03 1.000000000000000000e+00
-9.649999999999998579e-01 1.000000000000000048e-04 6.036139660638895413e-03 1.000000000000000000e+00
-9.642499999999998295e-01 1.000000000000000048e-04 6.033171356258085032e-03 1.000000000000000000e+00
-9.634999999999998010e-01 1.000000000000000048e-04 6.030158731046639763e-03 1.000000000000000000e+00
-9.627499999999997726e-01 1.000000000000000048e-04 6.027101593505602289e-03 1.000000000000000000e+00
-9.619999999999997442e-01 1.000000000000000048e-04 6.023999751493739133e-03 1.000000000000000000e+00
-9.612499999999997158e-01 1.000000000000000048e-04 6.020853012225745211e-03 1.000000000000000000e+00
-9.604999999999996874e-01 1.000000000000000048e-04 6.017661182270595856e-03 1.000000000000000000e+00
-9.597499999999996589e-01 1.000000000000000048e-04 6.014424067549723613e-03 1.000000000000000000e+00
-9.589999999999996305e-01 1.000000000000000048e-04 6.011141473335260103e-03 1.000000000000000000e+00
-9.582499999999996021e-01 1.000000000000000048e-04 6.007813204248347271e-03 1.000000000000000000e+00
-9.574999999999995737e-01 1.000000000000000048e-04 6.004439064257319388e-03 1.000000000000000000e+00
-9.567499999999995453e-01 1.000000000000000048e-04 6.001018856675939712e-03 1.000000000000000000e+00
-9.559999999999995168e-01 1.000000000000000048e-04 5.997552384161705663e-03 1.000000000000000000e+00
-9.552499999999994884e-01 1.000000000000000048e-04 5.994039448713977050e-03 1.000000000000000000e+00
-9.545000000000003482e-01 1.000000000000000048e-04 5.990479851672312478e-03 1.000000000000000000e+00
-9.537500000000003197e-01 1.000000000000000048e-04 5.986873393714597577e-03 1.000000000000000000e+00
-9.530000000000002913e-01 1.000000000000000048e-04 5.983219874855360589e-03 1.000000000000000000e+00
-9.522500000000002629e-01 1.000000000000000048e-04 5.979519094443943097e-03 1.000000000000000000e+00
-9.515000000000002345e-01 1.000000000000000048e-04 5.975770851162706329e-03 1.000000000000000000e+00
-9.507500000000002061e-01 1.000000000000000048e-04 5.971974943025303365e-03 1.000000000000000000e+00
-9.500000000000001776e-01 1.000000000000000048e-04 5.968131167374856813e-03 1.000000000000000000e+00
-9.492500000000001492e-01 1.000000000000000048e-04 5.964239320882159037e-03 1.000000000000000000e+00
-9.485000000000001208e-01 1.000000000000000048e-04 5.960299199543890591e-03 1.000000000000000000e+00
-9.477500000000000924e-01 1.000000000000000048e-04 5.956310598680850804e-03 1.000000000000000000e+00
-9.470000000000000639e-01 1.000000000000000048e-04 5.952273312936136318e-03 1.000000000000000000e+00
-9.462500000000000355e-01 1.000000000000000048e-04 5.948187136273336978e-03 1.000000000000000000e+00
-9.455000000000000071e-01 1.000000000000000048e-04 5.944051861974766413e-03 1.000000000000000000e+00
-9.447499999999999787e-01 1.000000000000000048e-04 5.939867282639618024e-03 1.000000000000000000e+00
-9.439999999999999503e-01 1.000000000000000048e-04 5.935633190182152200e-03 1.000000000000000000e+00
-9.432499999999999218e-01 1.000000000000000048e-04 5.931349375829952052e-03 1.000000000000000000e+00
-9.424999999999998934e-01 1.000000000000000048e-04 5.927015630122041238e-03 1.000000000000000000e+00
-9.417499999999998650e-01 1.000000000000000048e-04 5.922631742907086792e-03 1.000000000000000000e+00
-9.409999999999998366e-01 1.000000000000000048e-04 5.918197503341628835e-03 1.000000000000000000e+00
-9.402499999999998082e-01 1.000000000000000048e-04 5.913712699888152430e-03 1.000000000000000000e+00
-9.394999999999997797e-01 1.000000000000000048e-04 5.909177120313387557e-03 1.000000000000000000e+00
-9.387499999999997513e-01 1.000000000000000048e-04 5.904590551686420864e-03 1.000000000000000000e+00
-9.379999999999997229e-01 1.000000000000000048e-04 5.899952780376856859e-03 1.000000000000000000e+00
-9.372499999999996945e-01 1.000000000000000048e-04 5.895263592052986043e-03 1.000000000000000000e+00
-9.364999999999996660e-01 1.000000000000000048e-04 5.890522771680027636e-03 1.000000000000000000e+00
-9.357499999999996376e-01 1.000000000000000048e-04 5.885730103518175410e-03 1.000000000000000000e+00
-9.349999999999996092e-01 1.000000000000000048e-04 5.880885371120868170e-03 1.000000000000000000e+00
-9.342499999999995808e-01 1.000000000000000048e-04 5.875988357332861609e-03 1.000000000000000000e+00
-9.334999999999995524e-01 1.000000000000000048e-04 5.871038844288445878e-03 1.000000000000000000e+00
-9.327499999999995239e-01 1.000000000000000048e-04 5.866036613409584231e-03 1.000000000000000000e+00
-9.319999999999994955e-01 1.000000000000000048e-04 5.860981445404023910e-03 1.000000000000000000e+00
-9.312500000000003553e-01 1.000000000000000048e-04 5.855873120263511110e-03 1.000000000000000000e+00
-9.305000000000003268e-01 1.000000000000000048e-04 5.850711417261889730e-03 1.000000000000000000e+00
-9.297500000000002984e-01 1.000000000000000048e-04 5.845496114953288580e-03 1.000000000000000000e+00
-9.290000000000002700e-01 1.000000000000000048e-04 5.840226991170175894e-03 1.000000000000000000e+00
-9.282500000000002416e-01 1.000000000000000048e-04 5.834903823021647153e-03 1.000000000000000000e+00
-9.275000000000002132e-01 1.000000000000000048e-04 5.829526386891391992e-03 1.000000000000000000e+00
-9.267500000000001847e-01 1.000000000000000048e-04 5.824094458435975091e-03 1.000000000000000000e+00
-9.260000000000001563e-01 1.000000000000000048e-04 5.818607812582861187e-03 1.000000000000000000e+00
-9.252500000000001279e-01 1.000000000000000048e-04 5.813066223528589281e-03 1.000000000000000000e+00
-9.245000000000000995e-01 1.000000000000000048e-04 5.807469464736956383e-03 1.000000000000000000e+00
-9.237500000000000711e-01 1.000000000000000048e-04 5.801817308937000893e-03 1.000000000000000000e+00
-9.230000000000000426e-01 1.000000000000000048e-04 5.796109528121285229e-03 1.000000000000000000e+00
-9.222500000000000142e-01 1.000000000000000048e-04 5.790345893543902625e-03 1.000000000000000000e+00
-9.214999999999999858e-01 1.000000000000000048e-04 5.784526175718647870e-03 1.000000000000000000e+00
-9.207499999999999574e-01 1.000000000000000048e-04 5.778650144417132525e-03 1.000000000000000000e+00
-9.199999999999999289e-01 1.000000000000000048e-04 5.772717568666830765e-03 1.000000000000000000e+00
-9.192499999999999005e-01 1.000000000000000048e-04 5.766728216749337707e-03 1.000000000000000000e+00
-9.184999999999998721e-01 1.000000000000000048e-04 5.760681856198306833e-03 1.000000000000000000e+00
-9.177499999999998437e-01 1.000000000000000048e-04 5.754578253797690106e-03 1.000000000000000000e+00
-9.169999999999998153e-01 1.000000000000000048e-04 5.748417175579778604e-03 1.000000000000000000e+00
-9.162499999999997868e-01 1.000000000000000048e-04 5.742198386823300395e-03 1.000000000000000000e+00
-9.154999999999997584e-01 1.000000000000000048e-04 5.735921652051570452e-03 1.000000000000000000e+00
-9.147499999999997300e-01 1.000000000000000048e-04 5.729586735030530419e-03 1.000000000000000000e+00
-9.139999999999997016e-01 1.000000000000000048e-04 5.723193398766869035e-03 1.000000000000000000e+00
-9.132499999999996732e-01 1.000000000000000048e-04 5.716741405506155574e-03 1.000000000000000000e+00
-9.124999999999996447e-01 1.000000000000000048e-04 5.710230516730874402e-03 1.000000000000000000e+00
-9.117499999999996163e-01 1.000000000000000048e-04 5.703660493158530659e-03 1.000000000000000000e+00
-9.109999999999995879e-01 1.000000000000000048e-04 5.697031094739757676e-03 1.000000000000000000e+00
-9.102499999999995595e-01 1.000000000000000048e-04 5.690342080656390564e-03 1.000000000000000000e+00
-9.094999999999995310e-01 1.000000000000000048e-04 5.683593209319509447e-03 1.000000000000000000e+00
-9.087499999999995026e-01 1.000000000000000048e-04 5.676784238367618869e-03 1.000000000000000000e+00
-9.079999999999994742e-01 1.000000000000000048e-04 5.669914924664651128e-03 1.000000000000000000e+00
-9.072500000000003340e-01 1.000000000000000048e-04 5.662985024298058077e-03 1.000000000000000000e+00
-9.065000000000003055e-01 1.000000000000000048e-04 5.655994292576865638e-03 1.000000000000000000e+00
-9.057500000000002771e-01 1.000000000000000048e-04 5.648942484029808968e-03 1.000000000000000000e+00
-9.050000000000002487e-01 1.000000000000000048e-04 5.641829352403368754e-03 1.000000000000000000e+00
-9.042500000000002203e-01 1.000000000000000048e-04 5.634654650659817916e-03 1.000000000000000000e+00
-9.035000000000001918e-01 1.000000000000000048e-04 5.627418130975330758e-03 1.000000000000000000e+00
-9.027500000000001634e-01 1.000000000000000048e-04 5.620119544738019259e-03 1.000000000000000000e+00
-9.020000000000001350e-01 1.000000000000000048e-04 5.612758642546048296e-03 1.000000000000000000e+00
-9.012500000000001066e-01 1.000000000000000048e-04 5.605335174205601685e-03 1.000000000000000000e+00
-9.005000000000000782e-01 1.000000000000000048e-04 5.597848888729030359e-03 1.000000000000000000e+00
-8.997500000000000497e-01 1.000000000000000048e-04 5.590299534332902540e-03 1.000000000000000000e+00
-8.990000000000000213e-01 1.000000000000000048e-04 5.582686858436002736e-03 1.000000000000000000e+00
-8.982499999999999929e-01 1.000000000000000048e-04 5.575010607657440026e-03 1.000000000000000000e+00
-8.974999999999999645e-01 1.000000000000000048e-04 5.567270527814682617e-03 1.000000000000000000e+00
-8.967499999999999361e-01 1.000000000000000048e-04 5.559466363921614085e-03 1.000000000000000000e+00
-8.959999999999999076e-01 1.000000000000000048e-04 5.551597860186602632e-03 1.000000000000000000e+00
-8.952499999999998792e-01 1.000000000000000048e-04 5.543664760010490536e-03 1.000000000000000000e+00
-8.944999999999998508e-01 1.000000000000000048e-04 5.535666805984720655e-03 1.000000000000000000e+00
-8.937499999999998224e-01 1.000000000000000048e-04 5.527603739889294654e-03 1.000000000000000000e+00
-8.929999999999997939e-01 1.000000000000000048e-04 5.519475302690890831e-03 1.000000000000000000e+00
-8.922499999999997655e-01 1.000000000000000048e-04 5.511281234540884796e-03 1.000000000000000000e+00
-8.914999999999997371e-01 1.000000000000000048e-04 5.503021274773356279e-03 1.000000000000000000e+00
-8.907499999999997087e-01 1.000000000000000048e-04 5.494695161903160111e-03 1.000000000000000000e+00
-8.899999999999996803e-01 1.000000000000000048e-04 5.486302633623980733e-03 1.000000000000000000e+00
-8.892499999999996518e-01 1.000000000000000048e-04 5.477843426806305177e-03 1.000000000000000000e+00
-8.884999999999996234e-01 1.000000000000000048e-04 5.469317277495510526e-03 1.000000000000000000e+00
-8.877499999999995950e-01 1.000000000000000048e-04 5.460723920909881131e-03 1.000000000000000000e+00
-8.869999999999995666e-01 1.000000000000000048e-04 5.452063091438668317e-03 1.000000000000000000e+00
-8.862499999999995381e-01 1.000000000000000048e-04 5.443334522640022599e-03 1.000000000000000000e+00
-8.854999999999995097e-01 1.000000000000000048e-04 5.434537947239139258e-03 1.000000000000000000e+00
-8.847499999999994813e-01 1.000000000000000048e-04 5.425673097126224378e-03 1.000000000000000000e+00
-8.840000000000003411e-01 1.000000000000000048e-04 5.416739703354548491e-03 1.000000000000000000e+00
-8.832500000000003126e-01 1.000000000000000048e-04 5.407737496138410004e-03 1.000000000000000000e+00
-8.825000000000002842e-01 1.000000000000000048e-04 5.398666204851227876e-03 1.000000000000000000e+00
-8.817500000000002558e-01 1.000000000000000048e-04 5.389525558023541482e-03 1.000000000000000000e+00
-8.810000000000002274e-01 1.000000000000000048e-04 5.380315283340991392e-03 1.000000000000000000e+00
-8.802500000000001990e-01 1.000000000000000048e-04 5.371035107642421584e-03 1.000000000000000000e+00
-8.795000000000001705e-01 1.000000000000000048e-04 5.361684756917807319e-03 1.000000000000000000e+00
-8.787500000000001421e-01 1.000000000000000048e-04 5.352263956306328729e-03 1.000000000000000000e+00
-8.780000000000001137e-01 1.000000000000000048e-04 5.342772430094328180e-03 1.000000000000000000e+00
-8.772500000000000853e-01 1.000000000000000048e-04 5.333209901713445444e-03 1.000000000000000000e+00
-8.765000000000000568e-01 1.000000000000000048e-04 5.323576093738441491e-03 1.000000000000000000e+00
-8.757500000000000284e-01 1.000000000000000048e-04 5.313870727885405647e-03 1.000000000000000000e+00
-8.750000000000000000e-01 1.000000000000000048e-04 5.304093525009630564e-03 1.000000000000000000e+00
-8.742499999999999716e-01 1.000000000000000048e-04 5.294244205103660651e-03 1.000000000000000000e+00
-8.734999999999999432e-01 1.000000000000000048e-04 5.284322487295351790e-03 1.000000000000000000e+00
-8.727499999999999147e-01 1.000000000000000048e-04 5.274328089845776654e-03 1.000000000000000000e+00
-8.719999999999998863e-01 1.000000000000000048e-04 5.264260730147348605e-03 1.000000000000000000e+00
-8.712499999999998579e-01 1.000000000000000048e-04 5.254120124721687116e-03 1.000000000000000000e+00
-8.704999999999998295e-01 1.000000000000000048e-04 5.243905989217773761e-03 1.000000000000000000e+00
-8.697499999999998010e-01 1.000000000000000048e-04 5.233618038409857537e-03 1.000000000000000000e+00
-8.689999999999997726e-01 1.000000000000000048e-04 5.223255986195451256e-03 1.000000000000000000e+00
-8.682499999999997442e-01 1.000000000000000048e-04 5.212819545593386054e-03 1.000000000000000000e+00
-8.674999999999997158e-01 1.000000000000000048e-04 5.202308428741823400e-03 1.000000000000000000e+00
-8.667499999999996874e-01 1.000000000000000048e-04 5.191722346896168218e-03 1.000000000000000000e+00
-8.659999999999996589e-01 1.000000000000000048e-04 5.181061010427121666e-03 1.000000000000000000e+00
-8.652499999999996305e-01 1.000000000000000048e-04 5.170324128818731303e-03 1.000000000000000000e+00
-8.644999999999996021e-01 1.000000000000000048e-04 5.159511410666285137e-03 1.000000000000000000e+00
-8.637499999999995737e-01 1.000000000000000048e-04 5.148622563674342713e-03 1.000000000000000000e+00
-8.629999999999995453e-01 1.000000000000000048e-04 5.137657294654820843e-03 1.000000000000000000e+00
-8.622499999999995168e-01 1.000000000000000048e-04 5.126615309524823472e-03 1.000000000000000000e+00
-8.614999999999994884e-01 1.000000000000000048e-04 5.115496313304795928e-03 1.000000000000000000e+00
-8.607500000000003482e-01 1.000000000000000048e-04 5.104300010116440654e-03 1.000000000000000000e+00
-8.600000000000003197e-01 1.000000000000000048e-04 5.093026103180654622e-03 1.000000000000000000e+00
-8.592500000000002913e-01 1.000000000000000048e-04 5.081674294815659298e-03 1.000000000000000000e+00
-8.585000000000002629e-01 1.000000000000000048e-04 5.070244286434908570e-03 1.000000000000000000e+00
-8.577500000000002345e-01 1.000000000000000048e-04 5.058735778545048710e-03 1.000000000000000000e+00
-8.570000000000002061e-01 1.000000000000000048e-04 5.047148470744032729e-03 1.000000000000000000e+00
-8.562500000000001776e-01 1.000000000000000048e-04 5.035482061718953711e-03 1.000000000000000000e+00
-8.555000000000001492e-01 1.000000000000000048e-04 5.023736249244146156e-03 1.000000000000000000e+00
-8.547500000000001208e-01 1.000000000000000048e-04 5.011910730179145075e-03 1.000000000000000000e+00
-8.540000000000000924e-01 1.000000000000000048e-04 5.000005200466680656e-03 1.000000000000000000e+00
-8.532500000000000639e-01 1.000000000000000048e-04 4.988019355130632153e-03 1.000000000000000000e+00
-8.525000000000000355e-01 1.000000000000000048e-04 4.975952888274100608e-03 1.000000000000000000e+00
-8.517500000000000071e-01 1.000000000000000048e-04 4.963805493077287287e-03 1.000000000000000000e+00
-8.509999999999999787e-01 1.000000000000000048e-04 4.951576861795550788e-03 1.000000000000000000e+00
-8.502499999999999503e-01 1.000000000000000048e-04 4.939266685757393895e-03 1.000000000000000000e+00
-8.494999999999999218e-01 1.000000000000000048e-04 4.926874655362474716e-03 1.000000000000000000e+00
-8.487499999999998934e-01 1.000000000000000048e-04 4.914400460079466036e-03 1.000000000000000000e+00
-8.479999999999998650e-01 1.000000000000000048e-04 4.901843788444253808e-03 1.000000000000000000e+00
-8.472499999999998366e-01 1.000000000000000048e-04 4.889204328057709763e-03 1.000000000000000000e+00
-8.464999999999998082e-01 1.000000000000000048e-04 4.876481765583825720e-03 1.000000000000000000e+00
-8.457499999999997797e-01 1.000000000000000048e-04 4.863675786747671814e-03 1.000000000000000000e+00
-8.449999999999997513e-01 1.000000000000000048e-04 4.850786076333318299e-03 1.000000000000000000e+00
-8.442499999999997229e-01 1.000000000000000048e-04 4.837812318181919542e-03 1.000000000000000000e+00
-8.434999999999996945e-01 1.000000000000000048e-04 4.824754195189619350e-03 1.000000000000000000e+00
-8.427499999999996660e-01 1.000000000000000048e-04 4.811611389305580321e-03 1.000000000000000000e+00
-8.419999999999996376e-01 1.000000000000000048e-04 4.798383581529974164e-03 1.000000000000000000e+00
-8.412499999999996092e-01 1.000000000000000048e-04 4.785070451911992845e-03 1.000000000000000000e+00
-8.404999999999995808e-01 1.000000000000000048e-04 4.771671679547736557e-03 1.000000000000000000e+00
-8.397499999999995524e-01 1.000000000000000048e-04 4.758186942578315932e-03 1.000000000000000000e+00
-8.389999999999995239e-01 1.000000000000000048e-04 4.744615918187793796e-03 1.000000000000000000e+00
-8.382499999999994955e-01 1.000000000000000048e-04 4.730958282601184159e-03 1.000000000000000000e+00
-8.375000000000003553e-01 1.000000000000000048e-04 4.717213711082441675e-03 1.000000000000000000e+00
-8.367500000000003268e-01 1.000000000000000048e-04 4.703381877932386913e-03 1.000000000000000000e+00
-8.360000000000002984e-01 1.000000000000000048e-04 4.689462456486836323e-03 1.000000000000000000e+00
-8.352500000000002700e-01 1.000000000000000048e-04 4.675455119114475463e-03 1.000000000000000000e+00
-8.345000000000002416e-01 1.000000000000000048e-04 4.661359537214879688e-03 1.000000000000000000e+00
-8.337500000000002132e-01 1.000000000000000048e-04 4.647175381216553901e-03 1.000000000000000000e+00
-8.330000000000001847e-01 1.000000000000000048e-04 4.632902320574832679e-03 1.000000000000000000e+00
-8.322500000000001563e-01 1.000000000000000048e-04 4.618540023769986819e-03 1.000000000000000000e+00
-8.315000000000001279e-01 1.000000000000000048e-04 4.604088158305111311e-03 1.000000000000000000e+00
-8.307500000000000995e-01 1.000000000000000048e-04 4.589546390704194595e-03 1.000000000000000000e+00
-8.300000000000000711e-01 1.000000000000000048e-04 4.574914386510081123e-03 1.000000000000000000e+00
-8.292500000000000426e-01 1.000000000000000048e-04 4.560191810282441735e-03 1.000000000000000000e+00
-8.285000000000000142e-01 1.000000000000000048e-04 4.545378325595855924e-03 1.000000000000000000e+00
-8.277499999999999858e-01 1.000000000000000048e-04 4.530473595037712818e-03 1.000000000000000000e+00
-8.269999999999999574e-01 1.000000000000000048e-04 4.515477280206295178e-03 1.000000000000000000e+00
-8.262499999999999289e-01 1.000000000000000048e-04 4.500389041708667374e-03 1.000000000000000000e+00
-8.254999999999999005e-01 1.000000000000000048e-04 4.485208539158826169e-03 1.000000000000000000e+00
-8.247499999999998721e-01 1.000000000000000048e-04 4.469935431175555730e-03 1.000000000000000000e+00
-8.239999999999998437e-01 1.000000000000000048e-04 4.454569375380521175e-03 1.000000000000000000e+00
-8.232499999999998153e-01 1.000000000000000048e-04 4.439110028396258019e-03 1.000000000000000000e+00
-8.224999999999997868e-01 1.000000000000000048e-04 4.423557045844119136e-03 1.000000000000000000e+00
-8.217499999999997584e-01 1.000000000000000048e-04 4.407910082342401253e-03 1.000000000000000000e+00
-8.209999999999997300e-01 1.000000000000000048e-04 4.392168791504190428e-03 1.000000000000000000e+00
-8.202499999999997016e-01 1.000000000000000048e-04 4.376332825935548392e-03 1.000000000000000000e+00
-8.194999999999996732e-01 1.000000000000000048e-04 4.360401837233342411e-03 1.000000000000000000e+00
-8.187499999999996447e-01 1.000000000000000048e-04 4.344375475983385665e-03 1.000000000000000000e+00
-8.179999999999996163e-01 1.000000000000000048e-04 4.328253391758437110e-03 1.000000000000000000e+00
-8.172499999999995879e-01 1.000000000000000048e-04 4.312035233116108535e-03 1.000000000000000000e+00
-8.164999999999995595e-01 1.000000000000000048e-04 4.295720647597026619e-03 1.000000000000000000e+00
-8.157499999999995310e-01 1.000000000000000048e-04 4.279309281722735656e-03 1.000000000000000000e+00
-8.149999999999995026e-01 1.000000000000000048e-04 4.262800780993789354e-03 1.000000000000000000e+00
-8.142499999999994742e-01 1.000000000000000048e-04 4.246194789887719478e-03 1.000000000000000000e+00
-8.135000000000003340e-01 1.000000000000000048e-04 4.229490951857115509e-03 1.000000000000000000e+00
-8.127500000000003055e-01 1.000000000000000048e-04 4.212688909327517821e-03 1.000000000000000000e+00
-8.120000000000002771e-01 1.000000000000000048e-04 4.195788303695588417e-03 1.000000000000000000e+00
-8.112500000000002487e-01 1.000000000000000048e-04 4.178788775327148958e-03 1.000000000000000000e+00
-8.105000000000002203e-01 1.000000000000000048e-04 4.161689963555011487e-03 1.000000000000000000e+00
-8.097500000000001918e-01 1.000000000000000048e-04 4.144491506677227231e-03 1.000000000000000000e+00
-8.090000000000001634e-01 1.000000000000000048e-04 4.127193041955006664e-03 1.000000000000000000e+00
-8.082500000000001350e-01 1.000000000000000048e-04 4.109794205610766207e-03 1.000000000000000000e+00
-8.075000000000001066e-01 1.000000000000000048e-04 4.092294632826167129e-03 1.000000000000000000e+00
-8.067500000000000782e-01 1.000000000000000048e-04 4.074693957740180457e-03 1.000000000000000000e+00
-8.060000000000000497e-01 1.000000000000000048e-04 4.056991813447079036e-03 1.000000000000000000e+00
-8.052500000000000213e-01 1.000000000000000048e-04 4.039187831994518925e-03 1.000000000000000000e+00
-8.044999999999999929e-01 1.000000000000000048e-04 4.021281644381564414e-03 1.000000000000000000e+00
-8.037499999999999645e-01 1.000000000000000048e-04 4.003272880556711308e-03 1.000000000000000000e+00
-8.029999999999999361e-01 1.000000000000000048e-04 3.985161169415999544e-03 1.000000000000000000e+00
-8.022499999999999076e-01 1.000000000000000048e-04 3.966946138801033007e-03 1.000000000000000000e+00
-8.014999999999998792e-01 1.000000000000000048e-04 3.948627415496936896e-03 1.000000000000000000e+00
-8.007499999999998508e-01 1.000000000000000048e-04 3.930204625230621258e-03 1.000000000000000000e+00
-7.999999999999998224e-01 1.000000000000000048e-04 3.911677392668606520e-03 1.000000000000000000e+00
-7.992499999999997939e-01 1.000000000000000048e-04 3.893045341415268812e-03 1.000000000000000000e+00
-7.984999999999997655e-01 1.000000000000000048e-04 3.874308094010779115e-03 1.000000000000000000e+00
-7.977499999999997371e-01 1.000000000000000048e-04 3.855465271929252747e-03 1.000000000000000000e+00
-7.969999999999997087e-01 1.000000000000000048e-04 3.836516495576712798e-03 1.000000000000000000e+00
-7.962499999999996803e-01 1.000000000000000048e-04 3.817461384289317673e-03 1.000000000000000000e+00
-7.954999999999996518e-01 1.000000000000000048e-04 3.798299556331259479e-03 1.000000000000000000e+00
-7.947499999999996234e-01 1.000000000000000048e-04 3.779030628892967713e-03 1.000000000000000000e+00
-7.939999999999995950e-01 1.000000000000000048e-04 3.759654218089145562e-03 1.000000000000000000e+00
-7.932499999999995666e-01 1.000000000000000048e-04 3.740169938956785806e-03 1.000000000000000000e+00
-7.924999999999995381e-01 1.000000000000000048e-04 3.720577405453407479e-03 1.000000000000000000e+00
-7.917499999999995097e-01 1.000000000000000048e-04 3.700876230454983734e-03 1.000000000000000000e+00
-7.909999999999994813e-01 1.000000000000000048e-04 3.681066025754113884e-03 1.000000000000000000e+00
-7.902500000000003411e-01 1.000000000000000048e-04 3.661146402058138190e-03 1.000000000000000000e+00
-7.895000000000003126e-01 1.000000000000000048e-04 3.641116968987114736e-03 1.000000000000000000e+00
-7.887500000000002842e-01 1.000000000000000048e-04 3.620977335072069533e-03 1.000000000000000000e+00
-7.880000000000002558e-01 1.000000000000000048e-04 3.600727107753009387e-03 1.000000000000000000e+00
-7.872500000000002274e-01 1.000000000000000048e-04 3.580365893377067486e-03 1.000000000000000000e+00
-7.865000000000001990e-01 1.000000000000000048e-04 3.559893297196540553e-03 1.000000000000000000e+00
-7.857500000000001705e-01 1.000000000000000048e-04 3.539308923367114230e-03 1.000000000000000000e+00
-7.850000000000001421e-01 1.000000000000000048e-04 3.518612374945886793e-03 1.000000000000000000e+00
-7.842500000000001137e-01 1.000000000000000048e-04 3.497803253889508659e-03 1.000000000000000000e+00
-7.835000000000000853e-01 1.000000000000000048e-04 3.476881161052344446e-03 1.000000000000000000e+00
-7.827500000000000568e-01 1.000000000000000048e-04 3.455845696184548302e-03 1.000000000000000000e+00
-7.820000000000000284e-01 1.000000000000000048e-04 3.434696457930228129e-03 1.000000000000000000e+00
-7.812500000000000000e-01 1.000000000000000048e-04 3.413433043825553868e-03 1.000000000000000000e+00
-7.804999999999999716e-01 1.000000000000000048e-04 3.392055050296904385e-03 1.000000000000000000e+00
-7.797499999999999432e-01 1.000000000000000048e-04 3.370562072659028224e-03 1.000000000000000000e+00
-7.789999999999999147e-01 1.000000000000000048e-04 3.348953705113174879e-03 1.000000000000000000e+00
-7.782499999999998863e-01 1.000000000000000048e-04 3.327229540745199176e-03 1.000000000000000000e+00
-7.774999999999998579e-01 1.000000000000000048e-04 3.305389171523788819e-03 1.000000000000000000e+00
-7.767499999999998295e-01 1.000000000000000048e-04 3.283432188298591320e-03 1.000000000000000000e+00
-7.759999999999998010e-01 1.000000000000000048e-04 3.261358180798324888e-03 1.000000000000000000e+00
-7.752499999999997726e-01 1.000000000000000048e-04 3.239166737629079699e-03 1.000000000000000000e+00
-7.744999999999997442e-01 1.000000000000000048e-04 3.216857446272260949e-03 1.000000000000000000e+00
-7.737499999999997158e-01 1.000000000000000048e-04 3.194429893083026734e-03 1.000000000000000000e+00
-7.729999999999996874e-01 1.000000000000000048e-04 3.171883663288244549e-03 1.000000000000000000e+00
-7.722499999999996589e-01 1.000000000000000048e-04 3.149218340984803830e-03 1.000000000000000000e+00
-7.714999999999996305e-01 1.000000000000000048e-04 3.126433509137757638e-03 1.000000000000000000e+00
-7.707499999999996021e-01 1.000000000000000048e-04 3.103528749578506399e-03 1.000000000000000000e+00
-7.699999999999995737e-01 1.000000000000000048e-04 3.080503643003022849e-03 1.000000000000000000e+00
-7.692499999999995453e-01 1.000000000000000048e-04 3.057357768969992413e-03 1.000000000000000000e+00
-7.684999999999995168e-01 1.000000000000000048e-04 3.034090705899094090e-03 1.000000000000000000e+00
-7.677499999999994884e-01 1.000000000000000048e-04 3.010702031069172491e-03 1.000000000000000000e+00
-7.670000000000003482e-01 1.000000000000000048e-04 2.987191320616473626e-03 1.000000000000000000e+00
-7.662500000000003197e-01 1.000000000000000048e-04 2.963558149532718490e-03 1.000000000000000000e+00
-7.655000000000002913e-01 1.000000000000000048e-04 2.939802091663616841e-03 1.000000000000000000e+00
-7.647500000000002629e-01 1.000000000000000048e-04 2.915922719706818059e-03 1.000000000000000000e+00
-7.640000000000002345e-01 1.000000000000000048e-04 2.891919605210278767e-03 1.000000000000000000e+00
-7.632500000000002061e-01 1.000000000000000048e-04 2.867792318570505563e-03 1.000000000000000000e+00
-7.625000000000001776e-01 1.000000000000000048e-04 2.843540429030773885e-03 1.000000000000000000e+00
-7.617500000000001492e-01 1.000000000000000048e-04 2.819163504679305255e-03 1.000000000000000000e+00
-7.610000000000001208e-01 1.000000000000000048e-04 2.794661112447653986e-03 1.000000000000000000e+00
-7.602500000000000924e-01 1.000000000000000048e-04 2.770032818108875312e-03 1.000000000000000000e+00
-7.595000000000000639e-01 1.000000000000000048e-04 2.745278186275803677e-03 1.000000000000000000e+00
-7.587500000000000355e-01 1.000000000000000048e-04 2.720396780399412552e-03 1.000000000000000000e+00
-7.580000000000000071e-01 1.000000000000000048e-04 2.695388162766879786e-03 1.000000000000000000e+00
-7.572499999999999787e-01 1.000000000000000048e-04 2.670251894500100948e-03 1.000000000000000000e+00
-7.564999999999999503e-01 1.000000000000000048e-04 2.644987535553866564e-03 1.000000000000000000e+00
-7.557499999999999218e-01 1.000000000000000048e-04 2.619594644714101379e-03 1.000000000000000000e+00
-7.549999999999998934e-01 1.000000000000000048e-04 2.594072779596304831e-03 1.000000000000000000e+00
-7.542499999999998650e-01 1.000000000000000048e-04 2.568421496643733069e-03 1.000000000000000000e+00
-7.534999999999998366e-01 1.000000000000000048e-04 2.542640351125714532e-03 1.000000000000000000e+00
-7.527499999999998082e-01 1.000000000000000048e-04 2.516728897136099544e-03 1.000000000000000000e+00
-7.519999999999997797e-01 1.000000000000000048e-04 2.490686687591355149e-03 1.000000000000000000e+00
-7.512499999999997513e-01 1.000000000000000048e-04 2.464513274229138302e-03 1.000000000000000000e+00
-7.504999999999997229e-01 1.000000000000000048e-04 2.438208207606486124e-03 1.000000000000000000e+00
-7.497499999999996945e-01 1.000000000000000048e-04 2.411771037098096784e-03 1.000000000000000000e+00
-7.489999999999996660e-01 1.000000000000000048e-04 2.385201310894861926e-03 1.000000000000000000e+00
-7.482499999999996376e-01 1.000000000000000048e-04 2.358498576002084676e-03 1.000000000000000000e+00
-7.474999999999996092e-01 1.000000000000000048e-04 2.331662378237851600e-03 1.000000000000000000e+00
-7.467499999999995808e-01 1.000000000000000048e-04 2.304692262231433728e-03 1.000000000000000000e+00
-7.459999999999995524e-01 1.000000000000000048e-04 2.277587771421673690e-03 1.000000000000000000e+00
-7.452499999999995239e-01 1.000000000000000048e-04 2.250348448055275279e-03 1.000000000000000000e+00
-7.444999999999994955e-01 1.000000000000000048e-04 2.222973833185331108e-03 1.000000000000000000e+00
-7.437500000000003553e-01 1.000000000000000048e-04 2.195463466669548853e-03 1.000000000000000000e+00
-7.430000000000003268e-01 1.000000000000000048e-04 2.167816887168721660e-03 1.000000000000000000e+00
-7.422500000000002984e-01 1.000000000000000048e-04 2.140033632145238451e-03 1.000000000000000000e+00
-7.415000000000002700e-01 1.000000000000000048e-04 2.112113237861348337e-03 1.000000000000000000e+00
-7.407500000000002416e-01 1.000000000000000048e-04 2.084055239377603265e-03 1.000000000000000000e+00
-7.400000000000002132e-01 1.000000000000000048e-04 2.055859170551390877e-03 1.000000000000000000e+00
-7.392500000000001847e-01 1.000000000000000048e-04 2.027524564035181141e-03 1.000000000000000000e+00
-7.385000000000001563e-01 1.000000000000000048e-04 1.999050951275226171e-03 1.000000000000000000e+00
-7.377500000000001279e-01 1.000000000000000048e-04 1.970437862509769565e-03 1.000000000000000000e+00
-7.370000000000000995e-01 1.000000000000000048e-04 1.941684826767577738e-03 1.000000000000000000e+00
-7.362500000000000711e-01 1.000000000000000048e-04 1.912791371866450017e-03 1.000000000000000000e+00
-7.355000000000000426e-01 1.000000000000000048e-04 1.883757024411694247e-03 1.000000000000000000e+00
-7.347500000000000142e-01 1.000000000000000048e-04 1.854581309794502012e-03 1.000000000000000000e+00
-7.339999999999999858e-01 1.000000000000000048e-04 1.825263752190561936e-03 1.000000000000000000e+00
-7.332499999999999574e-01 1.000000000000000048e-04 1.795803874558427743e-03 1.000000000000000000e+00
-7.324999999999999289e-01 1.000000000000000048e-04 1.766201198638163656e-03 1.000000000000000000e+00
-7.317499999999999005e-01 1.000000000000000048e-04 1.736455244949681228e-03 1.000000000000000000e+00
-7.309999999999998721e-01 1.000000000000000048e-04 1.706565532791469095e-03 1.000000000000000000e+00
-7.302499999999998437e-01 1.000000000000000048e-04 1.676531580238905519e-03 1.000000000000000000e+00
-7.294999999999998153e-01 1.000000000000000048e-04 1.646352904142875818e-03 1.000000000000000000e+00
-7.287499999999997868e-01 1.000000000000000048e-04 1.616029020128417759e-03 1.000000000000000000e+00
-7.279999999999997584e-01 1.000000000000000048e-04 1.585559442593070757e-03 1.000000000000000000e+00
-7.272499999999997300e-01 1.000000000000000048e-04 1.554943684705621014e-03 1.000000000000000000e+00
-7.264999999999997016e-01 1.000000000000000048e-04 1.524181258404551332e-03 1.000000000000000000e+00
-7.257499999999996732e-01 1.000000000000000048e-04 1.493271674396638368e-03 1.000000000000000000e+00
-7.249999999999996447e-01 1.000000000000000048e-04 1.462214442155563990e-03 1.000000000000000000e+00
-7.242499999999996163e-01 1.000000000000000048e-04 1.431009069920520342e-03 1.000000000000000000e+00
-7.234999999999995879e-01 1.000000000000000048e-04 1.399655064694714729e-03 1.000000000000000000e+00
-7.227499999999995595e-01 1.000000000000000048e-04 1.368151932244114979e-03 1.000000000000000000e+00
-7.219999999999995310e-01 1.000000000000000048e-04 1.336499177095968639e-03 1.000000000000000000e+00
-7.212499999999995026e-01 1.000000000000000048e-04 1.304696302537463552e-03 1.000000000000000000e+00
-7.204999999999994742e-01 1.000000000000000048e-04 1.272742810614338124e-03 1.000000000000000000e+00
-7.197500000000003340e-01 1.000000000000000048e-04 1.240638202129639486e-03 1.000000000000000000e+00
-7.190000000000003055e-01 1.000000000000000048e-04 1.208381976642135345e-03 1.000000000000000000e+00
-7.182500000000002771e-01 1.000000000000000048e-04 1.175973632465239331e-03 1.000000000000000000e+00
-7.175000000000002487e-01 1.000000000000000048e-04 1.143412666665580713e-03 1.000000000000000000e+00
-7.167500000000002203e-01 1.000000000000000048e-04 1.110698575061639607e-03 1.000000000000000000e+00
-7.160000000000001918e-01 1.000000000000000048e-04 1.077830852222490601e-03 1.000000000000000000e+00
-7.152500000000001634e-01 1.000000000000000048e-04 1.044808991466475044e-03 1.000000000000000000e+00
-7.145000000000001350e-01 1.000000000000000048e-04 1.011632484860013623e-03 1.000000000000000000e+00
-7.137500000000001066e-01 1.000000000000000048e-04 9.783008232161262158e-04 1.000000000000000000e+00
-7.130000000000000782e-01 1.000000000000000048e-04 9.448134960933668751e-04 1.000000000000000000e+00
-7.122500000000000497e-01 1.000000000000000048e-04 9.111699917944351837e-04 1.000000000000000000e+00
-7.115000000000000213e-01 1.000000000000000048e-04 8.773697973649708390e-04 1.000000000000000000e+00
-7.107499999999999929e-01 1.000000000000000048e-04 8.434123985923456341e-04 1.000000000000000000e+00
-7.099999999999999645e-01 1.000000000000000048e-04 8.092972800043900629e-04 1.000000000000000000e+00
-7.092499999999999361e-01 1.000000000000000048e-04 7.750239248681503905e-04 1.000000000000000000e+00
-7.084999999999999076e-01 1.000000000000000048e-04 7.405918151887430851e-04 1.000000000000000000e+00
-7.077499999999998792e-01 1.000000000000000048e-04 7.060004317081151415e-04 1.000000000000000000e+00
-7.069999999999998508e-01 1.000000000000000048e-04 6.712492539039025246e-04 1.000000000000000000e+00
-7.062499999999998224e-01 1.000000000000000048e-04 6.363377599881375832e-04 1.000000000000000000e+00
-7.054999999999997939e-01 1.000000000000000048e-04 6.012654269062379236e-04 1.000000000000000000e+00
-7.047499999999997655e-01 1.000000000000000048e-04 5.660317303357711776e-04 1.000000000000000000e+00
-7.039999999999997371e-01 1.000000000000000048e-04 5.306361446852475268e-04 1.000000000000000000e+00
-7.032499999999997087e-01 1.000000000000000048e-04 4.950781430931240797e-04 1.000000000000000000e+00
-7.024999999999996803e-01 1.000000000000000048e-04 4.593571974265294160e-04 1.000000000000000000e+00
-7.017499999999996518e-01 1.000000000000000048e-04 4.234727782803060199e-04 1.000000000000000000e+00
-7.009999999999996234e-01 1.000000000000000048e-04 3.874243549757770536e-04 1.000000000000000000e+00
-7.002499999999995950e-01 1.000000000000000048e-04 3.512113955597379413e-04 1.000000000000000000e+00
-6.994999999999995666e-01 1.000000000000000048e-04 3.148333668033350872e-04 1.000000000000000000e+00
-6.987499999999995381e-01 1.000000000000000048e-04 2.782897342009917562e-04 1.000000000000000000e+00
-6.979999999999995097e-01 1.000000000000000048e-04 2.415799619693983569e-04 1.000000000000000000e+00
-6.972499999999994813e-01 1.000000000000000048e-04 2.047035130464259351e-04 1.000000000000000000e+00
-6.965000000000003411e-01 1.000000000000000048e-04 1.676598490901771987e-04 1.000000000000000000e+00
-6.957500000000003126e-01 1.000000000000000048e-04 1.304484304777195737e-04 1.000000000000000000e+00
-6.950000000000002842e-01 1.000000000000000048e-04 1.000000000000000048e-04 1.000000000000000000e+00
-6.942500000000002558e-01 1.000000000000000048e-04 1.000000000000000048e-04 1.000000000000000000e+00
-6.935000000000002274e-01 1.000000000000000048e-04 1.000000000000000048e-04 1.000000000000000000e+00
-6.927500000000001990e-01 1.000000000000000048e-04 1.000000000000000048e-04 1.000000000000000000e+00
-6.920000000000001705e-01 1.000000000000000048e-04 1.000000000000000048e-04 1.000000000000000000e+00
-6.912500000000001421e-01 1.000000000000000048e-04 1.000000000000000048e-04 1.000000000000000000e+00
-6.905000000000001137e-01 1.000000000000000048e-04 1.000000000000000048e-04 1.000000000000000000e+00
-6.897500000000000853e-01 1.000000000000000048e-04 1.000000000000000048e-04 1.000000000000000000e+00
-6.890000000000000568e-01 1.000000000000000048e-04 1.000000000000000048e-04 1.000000000000000000e+00
-6.882500000000000284e-01 1.000000000000000048e-04 1.000000000000000048e-04 1.000000000000000000e+00
-6.875000000000000000e-01 1.000000000000000048e-04 1.000000000000000048e-04 1.000000000000000000e+00
-6.867499999999999716e-01 1.000000000000000048e-04 1.000000000000000048e-04 1.000000000000000000e+00
-6.859999999999999432e-01 1.000000000000000048e-04 1.000000000000000048e-04 1.000000000000000000e+00
-6.852499999999999147e-01 1.000000000000000048e-04 1.000000000000000048e-04 1.000000000000000000e+00
-6.844999999999998863e-01 1.000000000000000048e-04 1.000000000000000048e-04 1.000000000000000000e+00
-6.837499999999998579e-01 1.000000000000000048e-04 1.000000000000000048e-04 1.000000000000000000e+00
-6.829999999999998295e-01 1.000000000000000048e-04 1.000000000000000048e-04 1.000000000000000000e+00
-6.822499999999998010e-01 1.000000000000000048e-04 1.000000000000000048e-04 1.000000000000000000e+00
-6.814999999999997726e-01 1.000000000000000048e-04 1.000000000000000048e-04 1.000000000000000000e+00
-6.807499999999997442e-01 1.000000000000000048e-04 1.000000000000000048e-04 1.000000000000000000e+00
-6.799999999999997158e-01 1.000000000000000048e-04 1.000000000000000048e-04 1.000000000000000000e+00
-6.792499999999996874e-01 1.000000000000000048e-04 1.000000000000000048e-04 1.000000000000000000e+00
-6.784999999999996589e-01 1.000000000000000048e-04 1.000000000000000048e-04 1.000000000000000000e+00
-6.777499999999996305e-01 1.000000000000000048e-04 1.000000000000000048e-04 1.000000000000000000e+00
-6.769999999999996021e-01 1.000000000000000048e-04 1.000000000000000048e-04 1.000000000000000000e+00
-6.762499999999995737e-01 1.000000000000000048e-04 1.000000000000000048e-04 1.000000000000000000e+00
-6.754999999999995453e-01 1.000000000000000048e-04 1.000000000000000048e-04 1.000000000000000000e+00
-6.747499999999995168e-01 1.000000000000000048e-04 1.000000000000000048e-04 1.000000000000000000e+00
-6.739999999999994884e-01 1.000000000000000048e-04 1.000000000000000048e-04 1.000000000000000000e+00
-6.732500000000003482e-01 1.000000000000000048e-04 1.000000000000000048e-04 1.000000000000000000e+00
-6.725000000000003197e-01 1.000000000000000048e-04 1.000000000000000048e-04 1.000000000000000000e+00
-6.717500000000002913e-01 1.000000000000000048e-04 1.000000000000000048e-04 1.000000000000000000e+00
-6.710000000000002629e-01 1.000000000000000048e-04 1.000000000000000048e-04 1.000000000000000000e+00
-6.702500000000002345e-01 1.000000000000000048e-04 1.000000000000000048e-04 1.000000000000000000e+00
-6.695000000000002061e-01 1.000000000000000048e-04 1.000000000000000048e-04 1.000000000000000000e+00
-6.687500000000001776e-01 1.000000000000000048e-04 1.000000000000000048e-04 1.000000000000000000e+00
-6.680000000000001492e-01 1.000000000000000048e-04 1.000000000000000048e-04 1.000000000000000000e+00
-6.672500000000001208e-01 1.000000000000000048e-04 1.000000000000000048e-04 1.000000000000000000e+00
-6.665000000000000924e-01 1.000000000000000048e-04 1.000000000000000048e-04 1.000000000000000000e+00
-6.657500000000000639e-01 1.000000000000000048e-04 1.000000000000000048e-04 1.000000000000000000e+00
-6.650000000000000355e-01 1.000000000000000048e-04 1.000000000000000048e-04 1.000000000000000000e+00
-6.642500000000000071e-01 1.000000000000000048e-04 1.000000000000000048e-04 1.000000000000000000e+00
-6.634999999999999787e-01 1.000000000000000048e-04 1.000000000000000048e-04 1.000000000000000000e+00
-6.627499999999999503e-01 1.000000000000000048e-04 1.000000000000000048e-04 1.000000000000000000e+00
-6.619999999999999218e-01 1.000000000000000048e-04 1.000000000000000048e-04 1.000000000000000000e+00
-6.612499999999998934e-01 1.000000000000000048e-04 1.000000000000000048e-04 1.000000000000000000e+00
-6.604999999999998650e-01 1.000000000000000048e-04 1.000000000000000048e-04 1.000000000000000000e+00
-6.597499999999998366e-01 1.000000000000000048e-04 1.000000000000000048e-04 1.000000000000000000e+00
-6.589999999999998082e-01 1.000000000000000048e-04 1.000000000000000048e-04 1.000000000000000000e+00
-6.582499999999997797e-01 1.000000000000000048e-04 1.000000000000000048e-04 1.000000000000000000e+00
-6.574999999999997513e-01 1.000000000000000048e-04 1.000000000000000048e-04 1.000000000000000000e+00
-6.567499999999997229e-01 1.000000000000000048e-04 1.000000000000000048e-04 1.000000000000000000e+00
-6.559999999999996945e-01 1.000000000000000048e-04 1.000000000000000048e-04 1.000000000000000000e+00
-6.552499999999996660e-01 1.000000000000000048e-04 1.000000000000000048e-04 1.000000000000000000e+00
-6.544999999999996376e-01 1.000000000000000048e-04 1.000000000000000048e-04 1.000000000000000000e+00
-6.537499999999996092e-01 1.000000000000000048e-04 1.000000000000000048e-04 1.000000000000000000e+00
-6.529999999999995808e-01 1.000000000000000048e-04 1.000000000000000048e-04 1.000000000000000000e+00
-6.522499999999995524e-01 1.000000000000000048e-04 1.000000000000000048e-04 1.000000000000000000e+00
-6.514999999999995239e-01 1.000000000000000048e-04 1.000000000000000048e-04 1.000000000000000000e+00
-6.507499999999994955e-01 1.000000000000000048e-04 1.000000000000000048e-04 1.000000000000000000e+00
-6.499999999999994671e-01 1.000000000000000048e-04 1.000000000000000048e-04 1.000000000000000000e+00
-6.492500000000003268e-01 1.000000000000000048e-04 1.000000000000000048e-04 1.000000000000000000e+00
-6.485000000000002984e-01 1.000000000000000048e-04 1.000000000000000048e-04 1.000000000000000000e+00
-6.477500000000002700e-01 1.000000000000000048e-04 1.000000000000000048e-04 1.000000000000000000e+00
-6.470000000000002416e-01 1.000000000000000048e-04 1.000000000000000048e-04 1.000000000000000000e+00
-6.462500000000002132e-01 1.000000000000000048e-04 1.000000000000000048e-04 1.000000000000000000e+00
-6.455000000000001847e-01 1.000000000000000048e-04 1.000000000000000048e-04 1.000000000000000000e+00
-6.447500000000001563e-01 1.000000000000000048e-04 1.000000000000000048e-04 1.000000000000000000e+00
-6.440000000000001279e-01 1.000000000000000048e-04 1.000000000000000048e-04 1.000000000000000000e+00
-6.432500000000000995e-01 1.000000000000000048e-04 1.000000000000000048e-04 1.000000000000000000e+00
-6.425000000000000711e-01 1.000000000000000048e-04 1.000000000000000048e-04 1.000000000000000000e+00
-6.417500000000000426e-01 1.000000000000000048e-04 1.000000000000000048e-04 1.000000000000000000e+00
-6.410000000000000142e-01 1.000000000000000048e-04 1.000000000000000048e-04 1.000000000000000000e+00
-6.402499999999999858e-01 1.000000000000000048e-04 1.000000000000000048e-04 1.000000000000000000e+00
-6.394999999999999574e-01 1.000000000000000048e-04 1.000000000000000048e-04 1.000000000000000000e+00
-6.387499999999999289e-01 1.000000000000000048e-04 1.000000000000000048e-04 1.000000000000000000e+00
-6.379999999999999005e-01 1.000000000000000048e-04 1.000000000000000048e-04 1.000000000000000000e+00
-6.372499999999998721e-01 1.000000000000000048e-04 1.000000000000000048e-04 1.000000000000000000e+00
-6.364999999999998437e-01 1.000000000000000048e-04 1.000000000000000048e-04 1.000000000000000000e+00
-6.357499999999998153e-01 1.000000000000000048e-04 1.000000000000000048e-04 1.000000000000000000e+00
-6.349999999999997868e-01 1.000000000000000048e-04 1.000000000000000048e-04 1.000000000000000000e+00
-6.342499999999997584e-01 1.000000000000000048e-04 1.000000000000000048e-04 1.000000000000000000e+00
-6.334999999999997300e-01 1.000000000000000048e-04 1.000000000000000048e-04 1.000000000000000000e+00
-6.327499999999997016e-01 1.000000000000000048e-04 1.000000000000000048e-04 1.000000000000000000e+00
-6.319999999999996732e-01 1.000000000000000048e-04 1.000000000000000048e-04 1.000000000000000000e+00
-6.312499999999996447e-01 1.000000000000000048e-04 1.000000000000000048e-04 1.000000000000000000e+00
-6.304999999999996163e-01 1.000000000000000048e-04 1.000000000000000048e-04 1.000000000000000000e+00
-6.297499999999995879e-01 1.000000000000000048e-04 1.000000000000000048e-04 1.000000000000000000e+00
-6.289999999999995595e-01 1.000000000000000048e-04 1.000000000000000048e-04 1.000000000000000000e+00
-6.282499999999995310e-01 1.000000000000000048e-04 1.000000000000000048e-04 1.000000000000000000e+00
-6.274999999999995026e-01 1.000000000000000048e-04 1.000000000000000048e-04 1.000000000000000000e+00
-6.267499999999994742e-01 1.000000000000000048e-04 1.000000000000000048e-04 1.000000000000000000e+00
-6.260000000000003340e-01 1.000000000000000048e-04 1.000000000000000048e-04 1.000000000000000000e+00
-6.252500000000003055e-01 1.000000000000000048e-04 1.000000000000000048e-04 1.000000000000000000e+00
-6.245000000000002771e-01 1.000000000000000048e-04 1.000000000000000048e-04 1.000000000000000000e+00
-6.237500000000002487e-01 1.000000000000000048e-04 1.000000000000000048e-04 1.000000000000000000e+00
-6.230000000000002203e-01 1.000000000000000048e-04 1.000000000000000048e-04 1.000000000000000000e+00
-6.222500000000001918e-01 1.000000000000000048e-04 1.000000000000000048e-04 1.000000000000000000e+00
-6.215000000000001634e-01 1.000000000000000048e-04 1.000000000000000048e-04 1.000000000000000000e+00
-6.207500000000001350e-01 1.000000000000000048e-04 1.000000000000000048e-04 1.000000000000000000e+00
-6.200000000000001066e-01 1.000000000000000048e-04 1.000000000000000048e-04 1.000000000000000000e+00
-6.192500000000000782e-01 1.000000000000000048e-04 1.000000000000000048e-04 1.000000000000000000e+00
-6.185000000000000497e-01 1.000000000000000048e-04 1.000000000000000048e-04 1.000000000000000000e+00
-6.177500000000000213e-01 1.000000000000000048e-04 1.000000000000000048e-04 1.000000000000000000e+00
-6.169999999999999929e-01 1.000000000000000048e-04 1.000000000000000048e-04 1.000000000000000000e+00
-6.162499999999999645e-01 1.000000000000000048e-04 1.000000000000000048e-04 1.000000000000000000e+00
-6.154999999999999361e-01 1.000000000000000048e-04 1.000000000000000048e-04 1.000000000000000000e+00
-6.147499999999999076e-01 1.000000000000000048e-04 1.000000000000000048e-04 1.000000000000000000e+00
-6.139999999999998792e-01 1.000000000000000048e-04 1.000000000000000048e-04 1.000000000000000000e+00
-6.132499999999998508e-01 1.000000000000000048e-04 1.000000000000000048e-04 1.000000000000000000e+00
-6.124999999999998224e-01 1.000000000000000048e-04 1.000000000000000048e-04 1.000000000000000000e+00
-6.117499999999997939e-01 1.000000000000000048e-04 1.000000000000000048e-04 1.000000000000000000e+00
-6.109999999999997655e-01 1.000000000000000048e-04 1.000000000000000048e-04 1.000000000000000000e+00
-6.102499999999997371e-01 1.000000000000000048e-04 1.000000000000000048e-04 1.000000000000000000e+00
-6.094999999999997087e-01 1.000000000000000048e-04 1.000000000000000048e-04 1.000000000000000000e+00
-6.087499999999996803e-01 1.000000000000000048e-04 1.000000000000000048e-04 1.000000000000000000e+00
-6.079999999999996518e-01 1.000000000000000048e-04 1.000000000000000048e-04 1.000000000000000000e+00
-6.072499999999996234e-01 1.000000000000000048e-04 1.000000000000000048e-04 1.000000000000000000e+00
-6.064999999999995950e-01 1.000000000000000048e-04 1.000000000000000048e-04 1.000000000000000000e+00
-6.057499999999995666e-01 1.000000000000000048e-04 1.000000000000000048e-04 1.000000000000000000e+00
-6.049999999999995381e-01 1.000000000000000048e-04 1.000000000000000048e-04 1.000000000000000000e+00
-6.042499999999995097e-01 1.000000000000000048e-04 1.000000000000000048e-04 1.000000000000000000e+00
-6.034999999999994813e-01 1.000000000000000048e-04 1.000000000000000048e-04 1.000000000000000000e+00
-6.027500000000003411e-01 1.000000000000000048e-04 1.000000000000000048e-04 1.000000000000000000e+00
-6.020000000000003126e-01 1.000000000000000048e-04 1.000000000000000048e-04 1.000000000000000000e+00
-6.012500000000002842e-01 1.000000000000000048e-04 1.000000000000000048e-04 1.000000000000000000e+00
-6.005000000000002558e-01 1.000000000000000048e-04 1.000000000000000048e-04 1.000000000000000000e+00
-5.997500000000002274e-01 1.000000000000000048e-04 1.000000000000000048e-04 1.000000000000000000e+00
-5.990000000000001990e-01 1.000000000000000048e-04 1.000000000000000048e-04 1.000000000000000000e+00
-5.982500000000001705e-01 1.000000000000000048e-04 1.000000000000000048e-04 1.000000000000000000e+00
-5.975000000000001421e-01 1.000000000000000048e-04 1.000000000000000048e-04 1.000000000000000000e+00
-5.967500000000001137e-01 1.000000000000000048e-04 1.000000000000000048e-04 1.000000000000000000e+00
-5.960000000000000853e-01 1.000000000000000048e-04 1.000000000000000048e-04 1.000000000000000000e+00
-5.952500000000000568e-01 1.000000000000000048e-04 1.000000000000000048e-04 1.000000000000000000e+00
-5.945000000000000284e-01 1.000000000000000048e-04 1.000000000000000048e-04 1.000000000000000000e+00
-5.937500000000000000e-01 1.000000000000000048e-04 1.000000000000000048e-04 1.000000000000000000e+00
-5.929999999999999716e-01 1.000000000000000048e-04 1.000000000000000048e-04 1.000000000000000000e+00
-5.922499999999999432e-01 1.000000000000000048e-04 1.000000000000000048e-04 1.000000000000000000e+00
-5.914999999999999147e-01 1.000000000000000048e-04 1.000000000000000048e-04 1.000000000000000000e+00
-5.907499999999998863e-01 1.000000000000000048e-04 1.000000000000000048e-04 1.000000000000000000e+00
-5.899999999999998579e-01 1.000000000000000048e-04 1.000000000000000048e-04 1.000000000000000000e+00
-5.892499999999998295e-01 1.000000000000000048e-04 1.000000000000000048e-04 1.000000000000000000e+00
-5.884999999999998010e-01 1.000000000000000048e-04 1.000000000000000048e-04 1.000000000000000000e+00
-5.877499999999997726e-01 1.000000000000000048e-04 1.000000000000000048e-04 1.000000000000000000e+00
-5.869999999999997442e-01 1.000000000000000048e-04 1.000000000000000048e-04 1.000000000000000000e+00
-5.862499999999997158e-01 1.000000000000000048e-04 1.000000000000000048e-04 1.000000000000000000e+00
-5.854999999999996874e-01 1.000000000000000048e-04 1.000000000000000048e-04 1.000000000000000000e+00
-5.847499999999996589e-01 1.000000000000000048e-04 1.000000000000000048e-04 1.000000000000000000e+00
-5.839999999999996305e-01 1.000000000000000048e-04 1.000000000000000048e-04 1.000000000000000000e+00
-5.832499999999996021e-01 1.000000000000000048e-04 1.000000000000000048e-04 1.000000000000000000e+00
-5.824999999999995737e-01 1.000000000000000048e-04 1.000000000000000048e-04 1.000000000000000000e+00
-5.817499999999995453e-01 1.000000000000000048e-04 1.000000000000000048e-04 1.000000000000000000e+00
-5.809999999999995168e-01 1.000000000000000048e-04 1.000000000000000048e-04 1.000000000000000000e+00
-5.802499999999994884e-01 1.000000000000000048e-04 1.000000000000000048e-04 1.000000000000000000e+00
-5.795000000000003482e-01 1.000000000000000048e-04 1.000000000000000048e-04 1.000000000000000000e+00
-5.787500000000003197e-01 1.000000000000000048e-04 1.000000000000000048e-04 1.000000000000000000e+00
-5.780000000000002913e-01 1.000000000000000048e-04 1.000000000000000048e-04 1.000000000000000000e+00
-5.772500000000002629e-01 1.000000000000000048e-04 1.000000000000000048e-04 1.000000000000000000e+00
-5.765000000000002345e-01 1.000000000000000048e-04 1.000000000000000048e-04 1.000000000000000000e+00
-5.757500000000002061e-01 1.000000000000000048e-04 1.000000000000000048e-04 1.000000000000000000e+00
-5.750000000000001776e-01 1.000000000000000048e-04 1.000000000000000048e-04 1.000000000000000000e+00
-5.742500000000001492e-01 1.000000000000000048e-04 1.000000000000000048e-04 1.000000000000000000e+00
-5.735000000000001208e-01 1.000000000000000048e-04 1.000000000000000048e-04 1.000000000000000000e+00
-5.727500000000000924e-01 1.000000000000000048e-04 1.000000000000000048e-04 1.000000000000000000e+00
-5.720000000000000639e-01 1.000000000000000048e-04 1.000000000000000048e-04 1.000000000000000000e+00
-5.712500000000000355e-01 1.000000000000000048e-04 1.000000000000000048e-04 1.000000000000000000e+00
-5.705000000000000071e-01 1.000000000000000048e-04 1.000000000000000048e-04 1.000000000000000000e+00
-5.697499999999999787e-01 1.000000000000000048e-04 1.000000000000000048e-04 1.000000000000000000e+00
-5.689999999999999503e-01 1.000000000000000048e-04 1.000000000000000048e-04 1.000000000000000000e+00
-5.682499999999999218e-01 1.000000000000000048e-04 1.000000000000000048e-04 1.000000000000000000e+00
-5.674999999999998934e-01 1.000000000000000048e-04 1.000000000000000048e-04 1.000000000000000000e+00
-5.667499999999998650e-01 1.000000000000000048e-04 1.000000000000000048e-04 1.000000000000000000e+00
-5.659999999999998366e-01 1.000000000000000048e-04 1.000000000000000048e-04 1.000000000000000000e+00
-5.652499999999998082e-01 1.000000000000000048e-04 1.000000000000000048e-04 1.000000000000000000e+00
-5.644999999999997797e-01 1.000000000000000048e-04 1.000000000000000048e-04 1.000000000000000000e+00
-5.637499999999997513e-01 1.000000000000000048e-04 1.000000000000000048e-04 1.000000000000000000e+00
-5.629999999999997229e-01 1.000000000000000048e-04 1.000000000000000048e-04 1.000000000000000000e+00
-5.622499999999996945e-01 1.000000000000000048e-04 1.000000000000000048e-04 1.000000000000000000e+00
-5.614999999999996660e-01 1.000000000000000048e-04 1.000000000000000048e-04 1.000000000000000000e+00
-5.607499999999996376e-01 1.000000000000000048e-04 1.000000000000000048e-04 1.000000000000000000e+00
-5.599999999999996092e-01 1.000000000000000048e-04 1.000000000000000048e-04 1.000000000000000000e+00
-5.592499999999995808e-01 1.000000000000000048e-04 1.000000000000000048e-04 1.000000000000000000e+00
-5.584999999999995524e-01 1.000000000000000048e-04 1.000000000000000048e-04 1.000000000000000000e+00
-5.577499999999995239e-01 1.000000000000000048e-04 1.000000000000000048e-04 1.000000000000000000e+00
-5.569999999999994955e-01 1.000000000000000048e-04 1.000000000000000048e-04 1.000000000000000000e+00
-5.562499999999994671e-01 1.000000000000000048e-04 1.000000000000000048e-04 1.000000000000000000e+00
-5.555000000000003268e-01 1.000000000000000048e-04 1.000000000000000048e-04 1.000000000000000000e+00
-5.547500000000002984e-01 1.000000000000000048e-04 1.000000000000000048e-04 1.000000000000000000e+00
-5.540000000000002700e-01 1.000000000000000048e-04 1.000000000000000048e-04 1.000000000000000000e+00
-5.532500000000002416e-01 1.000000000000000048e-04 1.000000000000000048e-04 1.000000000000000000e+00
-5.525000000000002132e-01 1.000000000000000048e-04 1.000000000000000048e-04 1.000000000000000000e+00
-5.517500000000001847e-01 1.000000000000000048e-04 1.000000000000000048e-04 1.000000000000000000e+00
-5.510000000000001563e-01 1.000000000000000048e-04 1.000000000000000048e-04 1.000000000000000000e+00
-5.502500000000001279e-01 1.000000000000000048e-04 1.000000000000000048e-04 1.000000000000000000e+00
-5.495000000000000995e-01 1.000000000000000048e-04 1.000000000000000048e-04 1.000000000000000000e+00
-5.487500000000000711e-01 1.000000000000000048e-04 1.000000000000000048e-04 1.000000000000000000e+00
-5.480000000000000426e-01 1.000000000000000048e-04 1.000000000000000048e-04 1.000000000000000000e+00
-5.472500000000000142e-01 1.000000000000000048e-04 1.000000000000000048e-04 1.000000000000000000e+00
-5.464999999999999858e-01 1.000000000000000048e-04 1.000000000000000048e-04 1.000000000000000000e+00
-5.457499999999999574e-01 1.000000000000000048e-04 1.000000000000000048e-04 1.000000000000000000e+00
-5.449999999999999289e-01 1.000000000000000048e-04 1.000000000000000048e-04 1.000000000000000000e+00
-5.442499999999999005e-01 1.000000000000000048e-04 1.000000000000000048e-04 1.000000000000000000e+00
-5.434999999999998721e-01 1.000000000000000048e-04 1.000000000000000048e-04 1.000000000000000000e+00
-5.427499999999998437e-01 1.000000000000000048e-04 1.000000000000000048e-04 1.000000000000000000e+00
-5.419999999999998153e-01 1.000000000000000048e-04 1.000000000000000048e-04 1.000000000000000000e+00
-5.412499999999997868e-01 1.000000000000000048e-04 1.000000000000000048e-04 1.000000000000000000e+00
-5.404999999999997584e-01 1.000000000000000048e-04 1.000000000000000048e-04 1.000000000000000000e+00
-5.397499999999997300e-01 1.000000000000000048e-04 1.000000000000000048e-04 1.000000000000000000e+00
-5.389999999999997016e-01 1.000000000000000048e-04 1.000000000000000048e-04 1.000000000000000000e+00
-5.382499999999996732e-01 1.000000000000000048e-04 1.000000000000000048e-04 1.000000000000000000e+00
-5.374999999999996447e-01 1.000000000000000048e-04 1.000000000000000048e-04 1.000000000000000000e+00
-5.367499999999996163e-01 1.000000000000000048e-04 1.000000000000000048e-04 1.000000000000000000e+00
-5.359999999999995879e-01 1.000000000000000048e-04 1.000000000000000048e-04 1.000000000000000000e+00
-5.352499999999995595e-01 1.000000000000000048e-04 1.000000000000000048e-04 1.000000000000000000e+00
-5.344999999999995310e-01 1.000000000000000048e-04 1.000000000000000048e-04 1.000000000000000000e+00
-5.337499999999995026e-01 1.000000000000000048e-04 1.000000000000000048e-04 1.000000000000000000e+00
-5.329999999999994742e-01 1.000000000000000048e-04 1.000000000000000048e-04 1.000000000000000000e+00
-5.322500000000003340e-01 1.000000000000000048e-04 1.000000000000000048e-04 1.000000000000000000e+00
-5.315000000000003055e-01 1.000000000000000048e-04 1.000000000000000048e-04 1.000000000000000000e+00
-5.307500000000002771e-01 1.000000000000000048e-04 1.000000000000000048e-04 1.000000000000000000e+00
-5.300000000000002487e-01 1.000000000000000048e-04 1.000000000000000048e-04 1.000000000000000000e+00
-5.292500000000002203e-01 1.000000000000000048e-04 1.000000000000000048e-04 1.000000000000000000e+00
-5.285000000000001918e-01 1.000000000000000048e-04 1.000000000000000048e-04 1.000000000000000000e+00
-5.277500000000001634e-01 1.000000000000000048e-04 1.000000000000000048e-04 1.000000000000000000e+00
-5.270000000000001350e-01 1.000000000000000048e-04 1.000000000000000048e-04 1.000000000000000000e+00
-5.262500000000001066e-01 1.000000000000000048e-04 1.000000000000000048e-04 1.000000000000000000e+00
-5.255000000000000782e-01 1.000000000000000048e-04 1.000000000000000048e-04 1.000000000000000000e+00
-5.247500000000000497e-01 1.000000000000000048e-04 1.000000000000000048e-04 1.000000000000000000e+00
-5.240000000000000213e-01 1.000000000000000048e-04 1.000000000000000048e-04 1.000000000000000000e+00
-5.232499999999999929e-01 1.000000000000000048e-04 1.000000000000000048e-04 1.000000000000000000e+00
-5.224999999999999645e-01 1.000000000000000048e-04 1.000000000000000048e-04 1.000000000000000000e+00
-5.217499999999999361e-01 1.000000000000000048e-04 1.000000000000000048e-04 1.000000000000000000e+00
-5.209999999999999076e-01 1.000000000000000048e-04 1.000000000000000048e-04 1.000000000000000000e+00
-5.202499999999998792e-01 1.000000000000000048e-04 1.000000000000000048e-04 1.000000000000000000e+00
-5.194999999999998508e-01 1.000000000000000048e-04 1.000000000000000048e-04 1.000000000000000000e+00
-5.187499999999998224e-01 1.000000000000000048e-04 1.000000000000000048e-04 1.000000000000000000e+00
-5.179999999999997939e-01 1.000000000000000048e-04 1.000000000000000048e-04 1.000000000000000000e+00
-5.172499999999997655e-01 1.000000000000000048e-04 1.000000000000000048e-04 1.000000000000000000e+00
-5.164999999999997371e-01 1.000000000000000048e-04 1.000000000000000048e-04 1.000000000000000000e+00
-5.157499999999997087e-01 1.000000000000000048e-04 1.000000000000000048e-04 1.000000000000000000e+00
-5.149999999999996803e-01 1.000000000000000048e-04 1.000000000000000048e-04 1.000000000000000000e+00
-5.142499999999996518e-01 1.000000000000000048e-04 1.000000000000000048e-04 1.000000000000000000e+00
-5.134999999999996234e-01 1.000000000000000048e-04 1.000000000000000048e-04 1.000000000000000000e+00
-5.127499999999995950e-01 1.000000000000000048e-04 1.000000000000000048e-04 1.000000000000000000e+00
-5.119999999999995666e-01 1.000000000000000048e-04 1.000000000000000048e-04 1.000000000000000000e+00
-5.112499999999995381e-01 1.000000000000000048e-04 1.000000000000000048e-04 1.000000000000000000e+00
-5.104999999999995097e-01 1.000000000000000048e-04 1.000000000000000048e-04 1.000000000000000000e+00
-5.097499999999994813e-01 1.000000000000000048e-04 1.000000000000000048e-04 1.000000000000000000e+00
-5.090000000000003411e-01 1.000000000000000048e-04 1.000000000000000048e-04 1.000000000000000000e+00
-5.082500000000003126e-01 1.000000000000000048e-04 1.000000000000000048e-04 1.000000000000000000e+00
-5.075000000000002842e-01 1.000000000000000048e-04 1.000000000000000048e-04 1.000000000000000000e+00
-5.067500000000002558e-01 1.000000000000000048e-04 1.000000000000000048e-04 1.000000000000000000e+00
-5.060000000000002274e-01 1.000000000000000048e-04 1.000000000000000048e-04 1.000000000000000000e+00
-5.052500000000001990e-01 1.000000000000000048e-04 1.000000000000000048e-04 1.000000000000000000e+00
-5.045000000000001705e-01 1.000000000000000048e-04 1.000000000000000048e-04 1.000000000000000000e+00
-5.037500000000001421e-01 1.000000000000000048e-04 1.000000000000000048e-04 1.000000000000000000e+00
-5.030000000000001137e-01 1.000000000000000048e-04 1.000000000000000048e-04 1.000000000000000000e+00
-5.022500000000000853e-01 1.000000000000000048e-04 1.000000000000000048e-04 1.000000000000000000e+00
-5.015000000000000568e-01 1.000000000000000048e-04 1.000000000000000048e-04 1.000000000000000000e+00
-5.007500000000000284e-01 1.000000000000000048e-04 1.000000000000000048e-04 1.000000000000000000e+00
-5.000000000000000000e-01 1.000000000000000048e-04 1.000000000000000048e-04 1.000000000000000000e+00
-4.992499999999999716e-01 1.000000000000000048e-04 1.000000000000000048e-04 1.000000000000000000e+00
-4.984999999999999432e-01 1.000000000000000048e-04 1.000000000000000048e-04 1.000000000000000000e+00
-4.977499999999999147e-01 1.000000000000000048e-04 1.000000000000000048e-04 1.000000000000000000e+00
-4.969999999999998863e-01 1.000000000000000048e-04 1.000000000000000048e-04 1.000000000000000000e+00
-4.962499999999998579e-01 1.000000000000000048e-04 1.000000000000000048e-04 1.000000000000000000e+00
-4.954999999999998295e-01 1.000000000000000048e-04 1.000000000000000048e-04 1.000000000000000000e+00
-4.947499999999998010e-01 1.000000000000000048e-04 1.000000000000000048e-04 1.000000000000000000e+00
-4.939999999999997726e-01 1.000000000000000048e-04 1.000000000000000048e-04 1.000000000000000000e+00
-4.932499999999997442e-01 1.000000000000000048e-04 1.000000000000000048e-04 1.000000000000000000e+00
-4.924999999999997158e-01 1.000000000000000048e-04 1.000000000000000048e-04 1.000000000000000000e+00
-4.917499999999996874e-01 1.000000000000000048e-04 1.000000000000000048e-04 1.000000000000000000e+00
-4.909999999999996589e-01 1.000000000000000048e-04 1.000000000000000048e-04 1.000000000000000000e+00
-4.902499999999996305e-01 1.000000000000000048e-04 1.000000000000000048e-04 1.000000000000000000e+00
-4.894999999999996021e-01 1.000000000000000048e-04 1.000000000000000048e-04 1.000000000000000000e+00
-4.887499999999995737e-01 1.000000000000000048e-04 1.000000000000000048e-04 1.000000000000000000e+00
-4.879999999999995453e-01 1.000000000000000048e-04 1.000000000000000048e-04 1.000000000000000000e+00
-4.872499999999995168e-01 1.000000000000000048e-04 1.000000000000000048e-04 1.000000000000000000e+00
-4.864999999999994884e-01 1.000000000000000048e-04 1.000000000000000048e-04 1.000000000000000000e+00
-4.857500000000003482e-01 1.000000000000000048e-04 1.000000000000000048e-04 1.000000000000000000e+00
-4.850000000000003197e-01 1.000000000000000048e-04 1.000000000000000048e-04 1.000000000000000000e+00
-4.842500000000002913e-01 1.000000000000000048e-04 1.000000000000000048e-04 1.000000000000000000e+00
-4.835000000000002629e-01 1.000000000000000048e-04 1.000000000000000048e-04 1.000000000000000000e+00
-4.827500000000002345e-01 1.000000000000000048e-04 1.000000000000000048e-04 1.000000000000000000e+00
-4.820000000000002061e-01 1.000000000000000048e-04 1.000000000000000048e-04 1.000000000000000000e+00
-4.812500000000001776e-01 1.000000000000000048e-04 1.000000000000000048e-04 1.000000000000000000e+00
-4.805000000000001492e-01 1.000000000000000048e-04 1.000000000000000048e-04 1.000000000000000000e+00
-4.797500000000001208e-01 1.000000000000000048e-04 1.000000000000000048e-04 1.000000000000000000e+00
-4.790000000000000924e-01 1.000000000000000048e-04 1.000000000000000048e-04 1.000000000000000000e+00
-4.782500000000000639e-01 1.000000000000000048e-04 1.000000000000000048e-04 1.000000000000000000e+00
-4.775000000000000355e-01 1.000000000000000048e-04 1.000000000000000048e-04 1.000000000000000000e+00
-4.767500000000000071e-01 1.000000000000000048e-04 1.000000000000000048e-04 1.000000000000000000e+00
-4.759999999999999787e-01 1.000000000000000048e-04 1.000000000000000048e-04 1.000000000000000000e+00
-4.752499999999999503e-01 1.000000000000000048e-04 1.000000000000000048e-04 1.000000000000000000e+00
-4.744999999999999218e-01 1.000000000000000048e-04 1.000000000000000048e-04 1.000000000000000000e+00
-4.737499999999998934e-01 1.000000000000000048e-04 1.000000000000000048e-04 1.000000000000000000e+00
-4.729999999999998650e-01 1.000000000000000048e-04 1.000000000000000048e-04 1.000000000000000000e+00
-4.722499999999998366e-01 1.000000000000000048e-04 1.000000000000000048e-04 1.000000000000000000e+00
-4.714999999999998082e-01 1.000000000000000048e-04 1.000000000000000048e-04 1.000000000000000000e+00
-4.707499999999997797e-01 1.000000000000000048e-04 1.000000000000000048e-04 1.000000000000000000e+00
-4.699999999999997513e-01 1.000000000000000048e-04 1.000000000000000048e-04 1.000000000000000000e+00
-4.692499999999997229e-01 1.000000000000000048e-04 1.000000000000000048e-04 1.000000000000000000e+00
-4.684999999999996945e-01 1.000000000000000048e-04 1.000000000000000048e-04 1.000000000000000000e+00
-4.677499999999996660e-01 1.000000000000000048e-04 1.000000000000000048e-04 1.000000000000000000e+00
-4.669999999999996376e-01 1.000000000000000048e-04 1.000000000000000048e-04 1.000000000000000000e+00
-4.662499999999996092e-01 1.000000000000000048e-04 1.000000000000000048e-04 1.000000000000000000e+00
-4.654999999999995808e-01 1.000000000000000048e-04 1.000000000000000048e-04 1.000000000000000000e+00
-4.647499999999995524e-01 1.000000000000000048e-04 1.000000000000000048e-04 1.000000000000000000e+00
-4.639999999999995239e-01 1.000000000000000048e-04 1.000000000000000048e-04 1.000000000000000000e+00
-4.632499999999994955e-01 1.000000000000000048e-04 1.000000000000000048e-04 1.000000000000000000e+00
-4.624999999999994671e-01 1.000000000000000048e-04 1.000000000000000048e-04 1.000000000000000000e+00
-4.617500000000003268e-01 1.000000000000000048e-04 1.000000000000000048e-04 1.000000000000000000e+00
-4.610000000000002984e-01 1.000000000000000048e-04 1.000000000000000048e-04 1.000000000000000000e+00
-4.602500000000002700e-01 1.000000000000000048e-04 1.000000000000000048e-04 1.000000000000000000e+00
-4.595000000000002416e-01 1.000000000000000048e-04 1.000000000000000048e-04 1.000000000000000000e+00
-4.587500000000002132e-01 1.000000000000000048e-04 1.000000000000000048e-04 1.000000000000000000e+00
-4.580000000000001847e-01 1.000000000000000048e-04 1.000000000000000048e-04 1.000000000000000000e+00
-4.572500000000001563e-01 1.000000000000000048e-04 1.000000000000000048e-04 1.000000000000000000e+00
-4.565000000000001279e-01 1.000000000000000048e-04 1.000000000000000048e-04 1.000000000000000000e+00
-4.557500000000000995e-01 1.000000000000000048e-04 1.000000000000000048e-04 1.000000000000000000e+00
-4.550000000000000711e-01 1.000000000000000048e-04 1.000000000000000048e-04 1.000000000000000000e+00
-4.542500000000000426e-01 1.000000000000000048e-04 1.000000000000000048e-04 1.000000000000000000e+00
-4.535000000000000142e-01 1.000000000000000048e-04 1.000000000000000048e-04 1.000000000000000000e+00
-4.527499999999999858e-01 1.000000000000000048e-04 1.000000000000000048e-04 1.000000000000000000e+00
-4.519999999999999574e-01 1.000000000000000048e-04 1.000000000000000048e-04 1.000000000000000000e+00
-4.512499999999999289e-01 1.000000000000000048e-04 1.000000000000000048e-04 1.000000000000000000e+00
-4.504999999999999005e-01 1.000000000000000048e-04 1.000000000000000048e-04 1.000000000000000000e+00
-4.497499999999998721e-01 1.000000000000000048e-04 1.000000000000000048e-04 1.000000000000000000e+00
-4.489999999999998437e-01 1.000000000000000048e-04 1.000000000000000048e-04 1.000000000000000000e+00
-4.482499999999998153e-01 1.000000000000000048e-04 1.000000000000000048e-04 1.000000000000000000e+00
-4.474999999999997868e-01 1.000000000000000048e-04 1.000000000000000048e-04 1.000000000000000000e+00
-4.467499999999997584e-01 1.000000000000000048e-04 1.000000000000000048e-04 1.000000000000000000e+00
-4.459999999999997300e-01 1.000000000000000048e-04 1.000000000000000048e-04 1.000000000000000000e+00
-4.452499999999997016e-01 1.000000000000000048e-04 1.000000000000000048e-04 1.000000000000000000e+00
-4.444999999999996732e-01 1.000000000000000048e-04 1.000000000000000048e-04 1.000000000000000000e+00
-4.437499999999996447e-01 1.000000000000000048e-04 1.000000000000000048e-04 1.000000000000000000e+00
-4.429999999999996163e-01 1.000000000000000048e-04 1.000000000000000048e-04 1.000000000000000000e+00
-4.422499999999995879e-01 1.000000000000000048e-04 1.000000000000000048e-04 1.000000000000000000e+00
-4.414999999999995595e-01 1.000000000000000048e-04 1.000000000000000048e-04 1.000000000000000000e+00
-4.407499999999995310e-01 1.000000000000000048e-04 1.000000000000000048e-04 1.000000000000000000e+00
-4.399999999999995026e-01 1.000000000000000048e-04 1.000000000000000048e-04 1.000000000000000000e+00
-4.392499999999994742e-01 1.000000000000000048e-04 1.000000000000000048e-04 1.000000000000000000e+00
-4.385000000000003340e-01 1.000000000000000048e-04 1.000000000000000048e-04 1.000000000000000000e+00
-4.377500000000003055e-01 1.000000000000000048e-04 1.000000000000000048e-04 1.000000000000000000e+00
-4.370000000000002771e-01 1.000000000000000048e-04 1.000000000000000048e-04 1.000000000000000000e+00
-4.362500000000002487e-01 1.000000000000000048e-04 1.000000000000000048e-04 1.000000000000000000e+00
-4.355000000000002203e-01 1.000000000000000048e-04 1.000000000000000048e-04 1.000000000000000000e+00
-4.347500000000001918e-01 1.000000000000000048e-04 1.000000000000000048e-04 1.000000000000000000e+00
-4.340000000000001634e-01 1.000000000000000048e-04 1.000000000000000048e-04 1.000000000000000000e+00
-4.332500000000001350e-01 1.000000000000000048e-04 1.000000000000000048e-04 1.000000000000000000e+00
-4.325000000000001066e-01 1.000000000000000048e-04 1.000000000000000048e-04 1.000000000000000000e+00
-4.317500000000000782e-01 1.000000000000000048e-04 1.000000000000000048e-04 1.000000000000000000e+00
-4.310000000000000497e-01 1.000000000000000048e-04 1.000000000000000048e-04 1.000000000000000000e+00
-4.302500000000000213e-01 1.000000000000000048e-04 1.000000000000000048e-04 1.000000000000000000e+00
-4.294999999999999929e-01 1.000000000000000048e-04 1.000000000000000048e-04 1.000000000000000000e+00
-4.287499999999999645e-01 1.000000000000000048e-04 1.000000000000000048e-04 1.000000000000000000e+00
-4.279999999999999361e-01 1.000000000000000048e-04 1.000000000000000048e-04 1.000000000000000000e+00
-4.272499999999999076e-01 1.000000000000000048e-04 1.000000000000000048e-04 1.000000000000000000e+00
-4.264999999999998792e-01 1.000000000000000048e-04 1.000000000000000048e-04 1.000000000000000000e+00
-4.257499999999998508e-01 1.000000000000000048e-04 1.000000000000000048e-04 1.000000000000000000e+00
-4.249999999999998224e-01 1.000000000000000048e-04 1.000000000000000048e-04 1.000000000000000000e+00
-4.242499999999997939e-01 1.000000000000000048e-04 1.000000000000000048e-04 1.000000000000000000e+00
-4.234999999999997655e-01 1.000000000000000048e-04 1.000000000000000048e-04 1.000000000000000000e+00
-4.227499999999997371e-01 1.000000000000000048e-04 1.000000000000000048e-04 1.000000000000000000e+00
-4.219999999999997087e-01 1.000000000000000048e-04 1.000000000000000048e-04 1.000000000000000000e+00
-4.212499999999996803e-01 1.000000000000000048e-04 1.000000000000000048e-04 1.000000000000000000e+00
-4.204999999999996518e-01 1.000000000000000048e-04 1.000000000000000048e-04 1.000000000000000000e+00
-4.197499999999996234e-01 1.000000000000000048e-04 1.000000000000000048e-04 1.000000000000000000e+00
-4.189999999999995950e-01 1.000000000000000048e-04 1.000000000000000048e-04 1.000000000000000000e+00
-4.182499999999995666e-01 1.000000000000000048e-04 1.000000000000000048e-04 1.000000000000000000e+00
-4.174999999999995381e-01 1.000000000000000048e-04 1.000000000000000048e-04 1.000000000000000000e+00
-4.167499999999995097e-01 1.000000000000000048e-04 1.000000000000000048e-04 1.000000000000000000e+00
-4.159999999999994813e-01 1.000000000000000048e-04 1.000000000000000048e-04 1.000000000000000000e+00
-4.152500000000003411e-01 1.000000000000000048e-04 1.000000000000000048e-04 1.000000000000000000e+00
-4.145000000000003126e-01 1.000000000000000048e-04 1.000000000000000048e-04 1.000000000000000000e+00
-4.137500000000002842e-01 1.000000000000000048e-04 1.000000000000000048e-04 1.000000000000000000e+00
-4.130000000000002558e-01 1.000000000000000048e-04 1.000000000000000048e-04 1.000000000000000000e+00
-4.122500000000002274e-01 1.000000000000000048e-04 1.000000000000000048e-04 1.000000000000000000e+00
-4.115000000000001990e-01 1.000000000000000048e-04 1.000000000000000048e-04 1.000000000000000000e+00
-4.107500000000001705e-01 1.000000000000000048e-04 1.000000000000000048e-04 1.000000000000000000e+00
-4.100000000000001421e-01 1.000000000000000048e-04 1.000000000000000048e-04 1.000000000000000000e+00
-4.092500000000001137e-01 1.000000000000000048e-04 1.000000000000000048e-04 1.000000000000000000e+00
-4.085000000000000853e-01 1.000000000000000048e-04 1.000000000000000048e-04 1.000000000000000000e+00
-4.077500000000000568e-01 1.000000000000000048e-04 1.000000000000000048e-04 1.000000000000000000e+00
-4.070000000000000284e-01 1.000000000000000048e-04 1.000000000000000048e-04 1.000000000000000000e+00
-4.062500000000000000e-01 1.000000000000000048e-04 1.000000000000000048e-04 1.000000000000000000e+00
-4.054999999999999716e-01 1.000000000000000048e-04 1.000000000000000048e-04 1.000000000000000000e+00
-4.047499999999999432e-01 1.000000000000000048e-04 1.000000000000000048e-04 1.000000000000000000e+00
-4.039999999999999147e-01 1.000000000000000048e-04 1.000000000000000048e-04 1.000000000000000000e+00
-4.032499999999998863e-01 1.000000000000000048e-04 1.000000000000000048e-04 1.000000000000000000e+00
-4.024999999999998579e-01 1.000000000000000048e-04 1.000000000000000048e-04 1.000000000000000000e+00
-4.017499999999998295e-01 1.000000000000000048e-04 1.000000000000000048e-04 1.000000000000000000e+00
-4.009999999999998010e-01 1.000000000000000048e-04 1.000000000000000048e-04 1.000000000000000000e+00
-4.002499999999997726e-01 1.000000000000000048e-04 1.000000000000000048e-04 1.000000000000000000e+00
-3.994999999999997442e-01 1.000000000000000048e-04 1.000000000000000048e-04 1.000000000000000000e+00
-3.987499999999997158e-01 1.000000000000000048e-04 1.000000000000000048e-04 1.000000000000000000e+00
-3.979999999999996874e-01 1.000000000000000048e-04 1.000000000000000048e-04 1.000000000000000000e+00
-3.972499999999996589e-01 1.000000000000000048e-04 1.000000000000000048e-04 1.000000000000000000e+00
-3.964999999999996305e-01 1.000000000000000048e-04 1.000000000000000048e-04 1.000000000000000000e+00
-3.957499999999996021e-01 1.000000000000000048e-04 1.000000000000000048e-04 1.000000000000000000e+00
-3.949999999999995737e-01 1.000000000000000048e-04 1.000000000000000048e-04 1.000000000000000000e+00
-3.942499999999995453e-01 1.000000000000000048e-04 1.000000000000000048e-04 1.000000000000000000e+00
-3.934999999999995168e-01 1.000000000000000048e-04 1.000000000000000048e-04 1.000000000000000000e+00
-3.927499999999994884e-01 1.000000000000000048e-04 1.000000000000000048e-04 1.000000000000000000e+00
-3.919999999999994600e-01 1.000000000000000048e-04 1.000000000000000048e-04 1.000000000000000000e+00
-3.912500000000003197e-01 1.000000000000000048e-04 1.000000000000000048e-04 1.000000000000000000e+00
-3.905000000000002913e-01 1.000000000000000048e-04 1.000000000000000048e-04 1.000000000000000000e+00
-3.897500000000002629e-01 1.000000000000000048e-04 1.000000000000000048e-04 1.000000000000000000e+00
-3.890000000000002345e-01 1.000000000000000048e-04 1.000000000000000048e-04 1.000000000000000000e+00
-3.882500000000002061e-01 1.000000000000000048e-04 1.000000000000000048e-04 1.000000000000000000e+00
-3.875000000000001776e-01 1.000000000000000048e-04 1.000000000000000048e-04 1.000000000000000000e+00
-3.867500000000001492e-01 1.000000000000000048e-04 1.000000000000000048e-04 1.000000000000000000e+00
-3.860000000000001208e-01 1.000000000000000048e-04 1.000000000000000048e-04 1.000000000000000000e+00
-3.852500000000000924e-01 1.000000000000000048e-04 1.000000000000000048e-04 1.000000000000000000e+00
-3.845000000000000639e-01 1.000000000000000048e-04 1.000000000000000048e-04 1.000000000000000000e+00
-3.837500000000000355e-01 1.000000000000000048e-04 1.000000000000000048e-04 1.000000000000000000e+00
-3.830000000000000071e-01 1.000000000000000048e-04 1.000000000000000048e-04 1.000000000000000000e+00
-3.822499999999999787e-01 1.000000000000000048e-04 1.000000000000000048e-04 1.000000000000000000e+00
-3.814999999999999503e-01 1.000000000000000048e-04 1.000000000000000048e-04 1.000000000000000000e+00
-3.807499999999999218e-01 1.000000000000000048e-04 1.000000000000000048e-04 1.000000000000000000e+00
-3.799999999999998934e-01 1.000000000000000048e-04 1.000000000000000048e-04 1.000000000000000000e+00
-3.792499999999998650e-01 1.000000000000000048e-04 1.000000000000000048e-04 1.000000000000000000e+00
-3.784999999999998366e-01 1.000000000000000048e-04 1.000000000000000048e-04 1.000000000000000000e+00
-3.777499999999998082e-01 1.000000000000000048e-04 1.000000000000000048e-04 1.000000000000000000e+00
-3.769999999999997797e-01 1.000000000000000048e-04 1.000000000000000048e-04 1.000000000000000000e+00
-3.762499999999997513e-01 1.000000000000000048e-04 1.000000000000000048e-04 1.000000000000000000e+00
-3.754999999999997229e-01 1.000000000000000048e-04 1.000000000000000048e-04 1.000000000000000000e+00
-3.747499999999996945e-01 1.000000000000000048e-04 1.000000000000000048e-04 1.000000000000000000e+00
-3.739999999999996660e-01 1.000000000000000048e-04 1.000000000000000048e-04 1.000000000000000000e+00
-3.732499999999996376e-01 1.000000000000000048e-04 1.000000000000000048e-04 1.000000000000000000e+00
-3.724999999999996092e-01 1.000000000000000048e-04 1.000000000000000048e-04 1.000000000000000000e+00
-3.717499999999995808e-01 1.000000000000000048e-04 1.000000000000000048e-04 1.000000000000000000e+00
-3.709999999999995524e-01 1.000000000000000048e-04 1.000000000000000048e-04 1.000000000000000000e+00
-3.702499999999995239e-01 1.000000000000000048e-04 1.000000000000000048e-04 1.000000000000000000e+00
-3.694999999999994955e-01 1.000000000000000048e-04 1.000000000000000048e-04 1.000000000000000000e+00
-3.687499999999994671e-01 1.000000000000000048e-04 1.000000000000000048e-04 1.000000000000000000e+00
-3.680000000000003268e-01 1.000000000000000048e-04 1.000000000000000048e-04 1.000000000000000000e+00
-3.672500000000002984e-01 1.000000000000000048e-04 1.000000000000000048e-04 1.000000000000000000e+00
-3.665000000000002700e-01 1.000000000000000048e-04 1.000000000000000048e-04 1.000000000000000000e+00
-3.657500000000002416e-01 1.000000000000000048e-04 1.000000000000000048e-04 1.000000000000000000e+00
-3.650000000000002132e-01 1.000000000000000048e-04 1.000000000000000048e-04 1.000000000000000000e+00
-3.642500000000001847e-01 1.000000000000000048e-04 1.000000000000000048e-04 1.000000000000000000e+00
-3.635000000000001563e-01 1.000000000000000048e-04 1.000000000000000048e-04 1.000000000000000000e+00
-3.627500000000001279e-01 1.000000000000000048e-04 1.000000000000000048e-04 1.000000000000000000e+00
-3.620000000000000995e-01 1.000000000000000048e-04 1.000000000000000048e-04 1.000000000000000000e+00
-3.612500000000000711e-01 1.000000000000000048e-04 1.000000000000000048e-04 1.000000000000000000e+00
-3.605000000000000426e-01 1.000000000000000048e-04 1.000000000000000048e-04 1.000000000000000000e+00
-3.597500000000000142e-01 1.000000000000000048e-04 1.000000000000000048e-04 1.000000000000000000e+00
-3.589999999999999858e-01 1.000000000000000048e-04 1.000000000000000048e-04 1.000000000000000000e+00
-3.582499999999999574e-01 1.000000000000000048e-04 1.000000000000000048e-04 1.000000000000000000e+00
-3.574999999999999289e-01 1.000000000000000048e-04 1.000000000000000048e-04 1.000000000000000000e+00
-3.567499999999999005e-01 1.000000000000000048e-04 1.000000000000000048e-04 1.000000000000000000e+00
-3.559999999999998721e-01 1.000000000000000048e-04 1.000000000000000048e-04 1.000000000000000000e+00
-3.552499999999998437e-01 1.000000000000000048e-04 1.000000000000000048e-04 1.000000000000000000e+00
-3.544999999999998153e-01 1.000000000000000048e-04 1.000000000000000048e-04 1.000000000000000000e+00
-3.537499999999997868e-01 1.000000000000000048e-04 1.000000000000000048e-04 1.000000000000000000e+00
-3.529999999999997584e-01 1.000000000000000048e-04 1.000000000000000048e-04 1.000000000000000000e+00
-3.522499999999997300e-01 1.000000000000000048e-04 1.000000000000000048e-04 1.000000000000000000e+00
-3.514999999999997016e-01 1.000000000000000048e-04 1.000000000000000048e-04 1.000000000000000000e+00
-3.507499999999996732e-01 1.000000000000000048e-04 1.000000000000000048e-04 1.000000000000000000e+00
-3.499999999999996447e-01 1.000000000000000048e-04 1.000000000000000048e-04 1.000000000000000000e+00
-3.492499999999996163e-01 1.000000000000000048e-04 1.000000000000000048e-04 1.000000000000000000e+00
-3.484999999999995879e-01 1.000000000000000048e-04 1.000000000000000048e-04 1.000000000000000000e+00
-3.477499999999995595e-01 1.000000000000000048e-04 1.000000000000000048e-04 1.000000000000000000e+00
-3.469999999999995310e-01 1.000000000000000048e-04 1.000000000000000048e-04 1.000000000000000000e+00
-3.462499999999995026e-01 1.000000000000000048e-04 1.000000000000000048e-04 1.000000000000000000e+00
-3.454999999999994742e-01 1.000000000000000048e-04 1.000000000000000048e-04 1.000000000000000000e+00
-3.447500000000003340e-01 1.000000000000000048e-04 1.000000000000000048e-04 1.000000000000000000e+00
-3.440000000000003055e-01 1.000000000000000048e-04 1.000000000000000048e-04 1.000000000000000000e+00
-3.432500000000002771e-01 1.000000000000000048e-04 1.000000000000000048e-04 1.000000000000000000e+00
-3.425000000000002487e-01 1.000000000000000048e-04 1.000000000000000048e-04 1.000000000000000000e+00
-3.417500000000002203e-01 1.000000000000000048e-04 1.000000000000000048e-04 1.000000000000000000e+00
-3.410000000000001918e-01 1.000000000000000048e-04 1.000000000000000048e-04 1.000000000000000000e+00
-3.402500000000001634e-01 1.000000000000000048e-04 1.000000000000000048e-04 1.000000000000000000e+00
-3.395000000000001350e-01 1.000000000000000048e-04 1.000000000000000048e-04 1.000000000000000000e+00
-3.387500000000001066e-01 1.000000000000000048e-04 1.000000000000000048e-04 1.000000000000000000e+00
-3.380000000000000782e-01 1.000000000000000048e-04 1.000000000000000048e-04 1.000000000000000000e+00
-3.372500000000000497e-01 1.000000000000000048e-04 1.000000000000000048e-04 1.000000000000000000e+00
-3.365000000000000213e-01 1.000000000000000048e-04 1.000000000000000048e-04 1.000000000000000000e+00
-3.357499999999999929e-01 1.000000000000000048e-04 1.000000000000000048e-04 1.000000000000000000e+00
-3.349999999999999645e-01 1.000000000000000048e-04 1.000000000000000048e-04 1.000000000000000000e+00
-3.342499999999999361e-01 1.000000000000000048e-04 1.000000000000000048e-04 1.000000000000000000e+00
-3.334999999999999076e-01 1.000000000000000048e-04 1.000000000000000048e-04 1.000000000000000000e+00
-3.327499999999998792e-01 1.000000000000000048e-04 1.000000000000000048e-04 1.000000000000000000e+00
-3.319999999999998508e-01 1.000000000000000048e-04 1.000000000000000048e-04 1.000000000000000000e+00
-3.312499999999998224e-01 1.000000000000000048e-04 1.000000000000000048e-04 1.000000000000000000e+00
-3.304999999999997939e-01 1.000000000000000048e-04 1.000000000000000048e-04 1.000000000000000000e+00
-3.297499999999997655e-01 1.000000000000000048e-04 1.000000000000000048e-04 1.000000000000000000e+00
-3.289999999999997371e-01 1.000000000000000048e-04 1.000000000000000048e-04 1.000000000000000000e+00
-3.282499999999997087e-01 1.000000000000000048e-04 1.000000000000000048e-04 1.000000000000000000e+00
-3.274999999999996803e-01 1.000000000000000048e-04 1.000000000000000048e-04 1.000000000000000000e+00
-3.267499999999996518e-01 1.000000000000000048e-04 1.000000000000000048e-04 1.000000000000000000e+00
-3.259999999999996234e-01 1.000000000000000048e-04 1.000000000000000048e-04 1.000000000000000000e+00
-3.252499999999995950e-01 1.000000000000000048e-04 1.000000000000000048e-04 1.000000000000000000e+00
-3.244999999999995666e-01 1.000000000000000048e-04 1.000000000000000048e-04 1.000000000000000000e+00
-3.237499999999995381e-01 1.000000000000000048e-04 1.000000000000000048e-04 1.000000000000000000e+00
-3.229999999999995097e-01 1.000000000000000048e-04 1.000000000000000048e-04 1.000000000000000000e+00
-3.222499999999994813e-01 1.000000000000000048e-04 1.000000000000000048e-04 1.000000000000000000e+00
-3.215000000000003411e-01 1.000000000000000048e-04 1.000000000000000048e-04 1.000000000000000000e+00
-3.207500000000003126e-01 1.000000000000000048e-04 1.000000000000000048e-04 1.000000000000000000e+00
-3.200000000000002842e-01 1.000000000000000048e-04 1.000000000000000048e-04 1.000000000000000000e+00
-3.192500000000002558e-01 1.000000000000000048e-04 1.000000000000000048e-04 1.000000000000000000e+00
-3.185000000000002274e-01 1.000000000000000048e-04 1.000000000000000048e-04 1.000000000000000000e+00
-3.177500000000001990e-01 1.000000000000000048e-04 1.000000000000000048e-04 1.000000000000000000e+00
-3.170000000000001705e-01 1.000000000000000048e-04 1.000000000000000048e-04 1.000000000000000000e+00
-3.162500000000001421e-01 1.000000000000000048e-04 1.000000000000000048e-04 1.000000000000000000e+00
-3.155000000000001137e-01 1.000000000000000048e-04 1.000000000000000048e-04 1.000000000000000000e+00
-3.147500000000000853e-01 1.000000000000000048e-04 1.000000000000000048e-04 1.000000000000000000e+00
-3.140000000000000568e-01 1.000000000000000048e-04 1.000000000000000048e-04 1.000000000000000000e+00
-3.132500000000000284e-01 1.000000000000000048e-04 1.000000000000000048e-04 1.000000000000000000e+00
-3.125000000000000000e-01 1.000000000000000048e-04 1.000000000000000048e-04 1.000000000000000000e+00
-3.117499999999999716e-01 1.000000000000000048e-04 1.000000000000000048e-04 1.000000000000000000e+00
-3.109999999999999432e-01 1.000000000000000048e-04 1.000000000000000048e-04 1.000000000000000000e+00
-3.102499999999999147e-01 1.000000000000000048e-04 1.000000000000000048e-04 1.000000000000000000e+00
-3.094999999999998863e-01 1.000000000000000048e-04 1.000000000000000048e-04 1.000000000000000000e+00
-3.087499999999998579e-01 1.000000000000000048e-04 1.000000000000000048e-04 1.000000000000000000e+00
-3.079999999999998295e-01 1.000000000000000048e-04 1.000000000000000048e-04 1.000000000000000000e+00
-3.072499999999998010e-01 1.000000000000000048e-04 1.000000000000000048e-04 1.000000000000000000e+00
-3.064999999999997726e-01 1.000000000000000048e-04 1.000000000000000048e-04 1.000000000000000000e+00
-3.057499999999997442e-01 1.000000000000000048e-04 1.000000000000000048e-04 1.000000000000000000e+00
-3.049999999999997158e-01 1.000000000000000048e-04 1.000000000000000048e-04 1.000000000000000000e+00
-3.042499999999996874e-01 1.000000000000000048e-04 1.000000000000000048e-04 1.000000000000000000e+00
-3.034999999999996589e-01 1.000000000000000048e-04 1.000000000000000048e-04 1.000000000000000000e+00
-3.027499999999996305e-01 1.000000000000000048e-04 1.000000000000000048e-04 1.000000000000000000e+00
-3.019999999999996021e-01 1.000000000000000048e-04 1.000000000000000048e-04 1.000000000000000000e+00
-3.012499999999995737e-01 1.000000000000000048e-04 1.000000000000000048e-04 1.000000000000000000e+00
-3.004999999999995453e-01 1.000000000000000048e-04 1.000000000000000048e-04 1.000000000000000000e+00
-2.997499999999995168e-01 1.000000000000000048e-04 1.000000000000000048e-04 1.000000000000000000e+00
-2.989999999999994884e-01 1.000000000000000048e-04 1.000000000000000048e-04 1.000000000000000000e+00
-2.982499999999994600e-01 1.000000000000000048e-04 1.000000000000000048e-04 1.000000000000000000e+00
-2.975000000000003197e-01 1.000000000000000048e-04 1.000000000000000048e-04 1.000000000000000000e+00
-2.967500000000002913e-01 1.000000000000000048e-04 1.000000000000000048e-04 1.000000000000000000e+00
-2.960000000000002629e-01 1.000000000000000048e-04 1.000000000000000048e-04 1.000000000000000000e+00
-2.952500000000002345e-01 1.000000000000000048e-04 1.000000000000000048e-04 1.000000000000000000e+00
-2.945000000000002061e-01 1.000000000000000048e-04 1.000000000000000048e-04 1.000000000000000000e+00
-2.937500000000001776e-01 1.000000000000000048e-04 1.000000000000000048e-04 1.000000000000000000e+00
-2.930000000000001492e-01 1.000000000000000048e-04 1.000000000000000048e-04 1.000000000000000000e+00
-2.922500000000001208e-01 1.000000000000000048e-04 1.000000000000000048e-04 1.000000000000000000e+00
-2.915000000000000924e-01 1.000000000000000048e-04 1.000000000000000048e-04 1.000000000000000000e+00
-2.907500000000000639e-01 1.000000000000000048e-04 1.000000000000000048e-04 1.000000000000000000e+00
-2.900000000000000355e-01 1.000000000000000048e-04 1.000000000000000048e-04 1.000000000000000000e+00
-2.892500000000000071e-01 1.000000000000000048e-04 1.000000000000000048e-04 1.000000000000000000e+00
-2.884999999999999787e-01 1.000000000000000048e-04 1.000000000000000048e-04 1.000000000000000000e+00
-2.877499999999999503e-01 1.000000000000000048e-04 1.000000000000000048e-04 1.000000000000000000e+00
-2.869999999999999218e-01 1.000000000000000048e-04 1.000000000000000048e-04 1.000000000000000000e+00
-2.862499999999998934e-01 1.000000000000000048e-04 1.000000000000000048e-04 1.000000000000000000e+00
-2.854999999999998650e-01 1.000000000000000048e-04 1.000000000000000048e-04 1.000000000000000000e+00
-2.847499999999998366e-01 1.000000000000000048e-04 1.000000000000000048e-04 1.000000000000000000e+00
-2.839999999999998082e-01 1.000000000000000048e-04 1.000000000000000048e-04 1.000000000000000000e+00
-2.832499999999997797e-01 1.000000000000000048e-04 1.000000000000000048e-04 1.000000000000000000e+00
-2.824999999999997513e-01 1.000000000000000048e-04 1.000000000000000048e-04 1.000000000000000000e+00
-2.817499999999997229e-01 1.000000000000000048e-04 1.000000000000000048e-04 1.000000000000000000e+00
-2.809999999999996945e-01 1.000000000000000048e-04 1.000000000000000048e-04 1.000000000000000000e+00
-2.802499999999996660e-01 1.000000000000000048e-04 1.000000000000000048e-04 1.000000000000000000e+00
-2.794999999999996376e-01 1.000000000000000048e-04 1.000000000000000048e-04 1.000000000000000000e+00
-2.787499999999996092e-01 1.000000000000000048e-04 1.000000000000000048e-04 1.000000000000000000e+00
-2.779999999999995808e-01 1.000000000000000048e-04 1.000000000000000048e-04 1.000000000000000000e+00
-2.772499999999995524e-01 1.000000000000000048e-04 1.000000000000000048e-04 1.000000000000000000e+00
-2.764999999999995239e-01 1.000000000000000048e-04 1.000000000000000048e-04 1.000000000000000000e+00
-2.757499999999994955e-01 1.000000000000000048e-04 1.000000000000000048e-04 1.000000000000000000e+00
-2.749999999999994671e-01 1.000000000000000048e-04 1.000000000000000048e-04 1.000000000000000000e+00
-2.742500000000003268e-01 1.000000000000000048e-04 1.000000000000000048e-04 1.000000000000000000e+00
-2.735000000000002984e-01 1.000000000000000048e-04 1.000000000000000048e-04 1.000000000000000000e+00
-2.727500000000002700e-01 1.000000000000000048e-04 1.000000000000000048e-04 1.000000000000000000e+00
-2.720000000000002416e-01 1.000000000000000048e-04 1.000000000000000048e-04 1.000000000000000000e+00
-2.712500000000002132e-01 1.000000000000000048e-04 1.000000000000000048e-04 1.000000000000000000e+00
-2.705000000000001847e-01 1.000000000000000048e-04 1.000000000000000048e-04 1.000000000000000000e+00
-2.697500000000001563e-01 1.000000000000000048e-04 1.000000000000000048e-04 1.000000000000000000e+00
-2.690000000000001279e-01 1.000000000000000048e-04 1.000000000000000048e-04 1.000000000000000000e+00
-2.682500000000000995e-01 1.000000000000000048e-04 1.000000000000000048e-04 1.000000000000000000e+00
-2.675000000000000711e-01 1.000000000000000048e-04 1.000000000000000048e-04 1.000000000000000000e+00
-2.667500000000000426e-01 1.000000000000000048e-04 1.000000000000000048e-04 1.000000000000000000e+00
-2.660000000000000142e-01 1.000000000000000048e-04 1.000000000000000048e-04 1.000000000000000000e+00
-2.652499999999999858e-01 1.000000000000000048e-04 1.000000000000000048e-04 1.000000000000000000e+00
-2.644999999999999574e-01 1.000000000000000048e-04 1.000000000000000048e-04 1.000000000000000000e+00
-2.637499999999999289e-01 1.000000000000000048e-04 1.000000000000000048e-04 1.000000000000000000e+00
-2.629999999999999005e-01 1.000000000000000048e-04 1.000000000000000048e-04 1.000000000000000000e+00
-2.622499999999998721e-01 1.000000000000000048e-04 1.000000000000000048e-04 1.000000000000000000e+00
-2.614999999999998437e-01 1.000000000000000048e-04 1.000000000000000048e-04 1.000000000000000000e+00
-2.607499999999998153e-01 1.000000000000000048e-04 1.000000000000000048e-04 1.000000000000000000e+00
-2.599999999999997868e-01 1.000000000000000048e-04 1.000000000000000048e-04 1.000000000000000000e+00
-2.592499999999997584e-01 1.000000000000000048e-04 1.000000000000000048e-04 1.000000000000000000e+00
-2.584999999999997300e-01 1.000000000000000048e-04 1.000000000000000048e-04 1.000000000000000000e+00
-2.577499999999997016e-01 1.000000000000000048e-04 1.000000000000000048e-04 1.000000000000000000e+00
-2.569999999999996732e-01 1.000000000000000048e-04 1.000000000000000048e-04 1.000000000000000000e+00
-2.562499999999996447e-01 1.000000000000000048e-04 1.000000000000000048e-04 1.000000000000000000e+00
-2.554999999999996163e-01 1.000000000000000048e-04 1.000000000000000048e-04 1.000000000000000000e+00
-2.547499999999995879e-01 1.000000000000000048e-04 1.000000000000000048e-04 1.000000000000000000e+00
-2.539999999999995595e-01 1.000000000000000048e-04 1.000000000000000048e-04 1.000000000000000000e+00
-2.532499999999995310e-01 1.000000000000000048e-04 1.000000000000000048e-04 1.000000000000000000e+00
-2.524999999999995026e-01 1.000000000000000048e-04 1.000000000000000048e-04 1.000000000000000000e+00
-2.517499999999994742e-01 1.000000000000000048e-04 1.000000000000000048e-04 1.000000000000000000e+00
-2.510000000000003340e-01 1.000000000000000048e-04 1.000000000000000048e-04 1.000000000000000000e+00
-2.502500000000003055e-01 1.000000000000000048e-04 1.000000000000000048e-04 1.000000000000000000e+00
-2.495000000000002771e-01 1.000000000000000048e-04 1.000000000000000048e-04 1.000000000000000000e+00
-2.487500000000002487e-01 1.000000000000000048e-04 1.000000000000000048e-04 1.000000000000000000e+00
-2.480000000000002203e-01 1.000000000000000048e-04 1.000000000000000048e-04 1.000000000000000000e+00
-2.472500000000001918e-01 1.000000000000000048e-04 1.000000000000000048e-04 1.000000000000000000e+00
-2.465000000000001634e-01 1.000000000000000048e-04 1.000000000000000048e-04 1.000000000000000000e+00
-2.457500000000001350e-01 1.000000000000000048e-04 1.000000000000000048e-04 1.000000000000000000e+00
-2.450000000000001066e-01 1.000000000000000048e-04 1.000000000000000048e-04 1.000000000000000000e+00
-2.442500000000000782e-01 1.000000000000000048e-04 1.000000000000000048e-04 1.000000000000000000e+00
-2.435000000000000497e-01 1.000000000000000048e-04 1.000000000000000048e-04 1.000000000000000000e+00
-2.427500000000000213e-01 1.000000000000000048e-04 1.000000000000000048e-04 1.000000000000000000e+00
-2.419999999999999929e-01 1.000000000000000048e-04 1.000000000000000048e-04 1.000000000000000000e+00
-2.412499999999999645e-01 1.000000000000000048e-04 1.000000000000000048e-04 1.000000000000000000e+00
-2.404999999999999361e-01 1.000000000000000048e-04 1.000000000000000048e-04 1.000000000000000000e+00
-2.397499999999999076e-01 1.000000000000000048e-04 1.000000000000000048e-04 1.000000000000000000e+00
-2.389999999999998792e-01 1.000000000000000048e-04 1.000000000000000048e-04 1.000000000000000000e+00
-2.382499999999998508e-01 1.000000000000000048e-04 1.000000000000000048e-04 1.000000000000000000e+00
-2.374999999999998224e-01 1.000000000000000048e-04 1.000000000000000048e-04 1.000000000000000000e+00
-2.367499999999997939e-01 1.000000000000000048e-04 1.000000000000000048e-04 1.000000000000000000e+00
-2.359999999999997655e-01 1.000000000000000048e-04 1.000000000000000048e-04 1.000000000000000000e+00
-2.352499999999997371e-01 1.000000000000000048e-04 1.000000000000000048e-04 1.000000000000000000e+00
-2.344999999999997087e-01 1.000000000000000048e-04 1.000000000000000048e-04 1.000000000000000000e+00
-2.337499999999996803e-01 1.000000000000000048e-04 1.000000000000000048e-04 1.000000000000000000e+00
-2.329999999999996518e-01 1.000000000000000048e-04 1.000000000000000048e-04 1.000000000000000000e+00
-2.322499999999996234e-01 1.000000000000000048e-04 1.000000000000000048e-04 1.000000000000000000e+00
-2.314999999999995950e-01 1.000000000000000048e-04 1.000000000000000048e-04 1.000000000000000000e+00
-2.307499999999995666e-01 1.000000000000000048e-04 1.000000000000000048e-04 1.000000000000000000e+00
-2.299999999999995381e-01 1.000000000000000048e-04 1.000000000000000048e-04 1.000000000000000000e+00
-2.292499999999995097e-01 1.000000000000000048e-04 1.000000000000000048e-04 1.000000000000000000e+00
-2.284999999999994813e-01 1.000000000000000048e-04 1.000000000000000048e-04 1.000000000000000000e+00
-2.277500000000003411e-01 1.000000000000000048e-04 1.000000000000000048e-04 1.000000000000000000e+00
-2.270000000000003126e-01 1.000000000000000048e-04 1.000000000000000048e-04 1.000000000000000000e+00
-2.262500000000002842e-01 1.000000000000000048e-04 1.000000000000000048e-04 1.000000000000000000e+00
-2.255000000000002558e-01 1.000000000000000048e-04 1.000000000000000048e-04 1.000000000000000000e+00
-2.247500000000002274e-01 1.000000000000000048e-04 1.000000000000000048e-04 1.000000000000000000e+00
-2.240000000000001990e-01 1.000000000000000048e-04 1.000000000000000048e-04 1.000000000000000000e+00
-2.232500000000001705e-01 1.000000000000000048e-04 1.000000000000000048e-04 1.000000000000000000e+00
-2.225000000000001421e-01 1.000000000000000048e-04 1.000000000000000048e-04 1.000000000000000000e+00
-2.217500000000001137e-01 1.000000000000000048e-04 1.000000000000000048e-04 1.000000000000000000e+00
-2.210000000000000853e-01 1.000000000000000048e-04 1.000000000000000048e-04 1.000000000000000000e+00
-2.202500000000000568e-01 1.000000000000000048e-04 1.000000000000000048e-04 1.000000000000000000e+00
-2.195000000000000284e-01 1.000000000000000048e-04 1.000000000000000048e-04 1.000000000000000000e+00
-2.187500000000000000e-01 1.000000000000000048e-04 1.000000000000000048e-04 1.000000000000000000e+00
-2.179999999999999716e-01 1.000000000000000048e-04 1.000000000000000048e-04 1.000000000000000000e+00
-2.172499999999999432e-01 1.000000000000000048e-04 1.000000000000000048e-04 1.000000000000000000e+00
-2.164999999999999147e-01 1.000000000000000048e-04 1.000000000000000048e-04 1.000000000000000000e+00
-2.157499999999998863e-01 1.000000000000000048e-04 1.000000000000000048e-04 1.000000000000000000e+00
-2.149999999999998579e-01 1.000000000000000048e-04 1.000000000000000048e-04 1.000000000000000000e+00
-2.142499999999998295e-01 1.000000000000000048e-04 1.000000000000000048e-04 1.000000000000000000e+00
-2.134999999999998010e-01 1.000000000000000048e-04 1.000000000000000048e-04 1.000000000000000000e+00
-2.127499999999997726e-01 1.000000000000000048e-04 1.000000000000000048e-04 1.000000000000000000e+00
-2.119999999999997442e-01 1.000000000000000048e-04 1.000000000000000048e-04 1.000000000000000000e+00
-2.112499999999997158e-01 1.000000000000000048e-04 1.000000000000000048e-04 1.000000000000000000e+00
-2.104999999999996874e-01 1.000000000000000048e-04 1.000000000000000048e-04 1.000000000000000000e+00
-2.097499999999996589e-01 1.000000000000000048e-04 1.000000000000000048e-04 1.000000000000000000e+00
-2.089999999999996305e-01 1.000000000000000048e-04 1.000000000000000048e-04 1.000000000000000000e+00
-2.082499999999996021e-01 1.000000000000000048e-04 1.000000000000000048e-04 1.000000000000000000e+00
-2.074999999999995737e-01 1.000000000000000048e-04 1.000000000000000048e-04 1.000000000000000000e+00
-2.067499999999995453e-01 1.000000000000000048e-04 1.000000000000000048e-04 1.000000000000000000e+00
-2.059999999999995168e-01 1.000000000000000048e-04 1.000000000000000048e-04 1.000000000000000000e+00
-2.052499999999994884e-01 1.000000000000000048e-04 1.000000000000000048e-04 1.000000000000000000e+00
-2.044999999999994600e-01 1.000000000000000048e-04 1.000000000000000048e-04 1.000000000000000000e+00
-2.037500000000003197e-01 1.000000000000000048e-04 1.000000000000000048e-04 1.000000000000000000e+00
-2.030000000000002913e-01 1.000000000000000048e-04 1.000000000000000048e-04 1.000000000000000000e+00
-2.022500000000002629e-01 1.000000000000000048e-04 1.000000000000000048e-04 1.000000000000000000e+00
-2.015000000000002345e-01 1.000000000000000048e-04 1.000000000000000048e-04 1.000000000000000000e+00
-2.007500000000002061e-01 1.000000000000000048e-04 1.000000000000000048e-04 1.000000000000000000e+00
-2.000000000000001776e-01 1.000000000000000048e-04 1.000000000000000048e-04 1.000000000000000000e+00
-1.992500000000001492e-01 1.000000000000000048e-04 1.000000000000000048e-04 1.000000000000000000e+00
-1.985000000000001208e-01 1.000000000000000048e-04 1.000000000000000048e-04 1.000000000000000000e+00
-1.977500000000000924e-01 1.000000000000000048e-04 1.000000000000000048e-04 1.000000000000000000e+00
-1.970000000000000639e-01 1.000000000000000048e-04 1.000000000000000048e-04 1.000000000000000000e+00
-1.962500000000000355e-01 1.000000000000000048e-04 1.000000000000000048e-04 1.000000000000000000e+00
-1.955000000000000071e-01 1.000000000000000048e-04 1.000000000000000048e-04 1.000000000000000000e+00
-1.947499999999999787e-01 1.000000000000000048e-04 1.000000000000000048e-04 1.000000000000000000e+00
-1.939999999999999503e-01 1.000000000000000048e-04 1.000000000000000048e-04 1.000000000000000000e+00
-1.932499999999999218e-01 1.000000000000000048e-04 1.000000000000000048e-04 1.000000000000000000e+00
-1.924999999999998934e-01 1.000000000000000048e-04 1.000000000000000048e-04 1.000000000000000000e+00
-1.917499999999998650e-01 1.000000000000000048e-04 1.000000000000000048e-04 1.000000000000000000e+00
-1.909999999999998366e-01 1.000000000000000048e-04 1.000000000000000048e-04 1.000000000000000000e+00
-1.902499999999998082e-01 1.000000000000000048e-04 1.000000000000000048e-04 1.000000000000000000e+00
-1.894999999999997797e-01 1.000000000000000048e-04 1.000000000000000048e-04 1.000000000000000000e+00
-1.887499999999997513e-01 1.000000000000000048e-04 1.000000000000000048e-04 1.000000000000000000e+00
-1.879999999999997229e-01 1.000000000000000048e-04 1.000000000000000048e-04 1.000000000000000000e+00
-1.872499999999996945e-01 1.000000000000000048e-04 1.000000000000000048e-04 1.000000000000000000e+00
-1.864999999999996660e-01 1.000000000000000048e-04 1.000000000000000048e-04 1.000000000000000000e+00
-1.857499999999996376e-01 1.000000000000000048e-04 1.000000000000000048e-04 1.000000000000000000e+00
-1.849999999999996092e-01 1.000000000000000048e-04 1.000000000000000048e-04 1.000000000000000000e+00
-1.842499999999995808e-01 1.000000000000000048e-04 1.000000000000000048e-04 1.000000000000000000e+00
-1.834999999999995524e-01 1.000000000000000048e-04 1.000000000000000048e-04 1.000000000000000000e+00
-1.827499999999995239e-01 1.000000000000000048e-04 1.000000000000000048e-04 1.000000000000000000e+00
-1.819999999999994955e-01 1.000000000000000048e-04 1.000000000000000048e-04 1.000000000000000000e+00
-1.812499999999994671e-01 1.000000000000000048e-04 1.000000000000000048e-04 1.000000000000000000e+00
-1.805000000000003268e-01 1.000000000000000048e-04 1.000000000000000048e-04 1.000000000000000000e+00
-1.797500000000002984e-01 1.000000000000000048e-04 1.000000000000000048e-04 1.000000000000000000e+00
-1.790000000000002700e-01 1.000000000000000048e-04 1.000000000000000048e-04 1.000000000000000000e+00
-1.782500000000002416e-01 1.000000000000000048e-04 1.000000000000000048e-04 1.000000000000000000e+00
-1.775000000000002132e-01 1.000000000000000048e-04 1.000000000000000048e-04 1.000000000000000000e+00
-1.767500000000001847e-01 1.000000000000000048e-04 1.000000000000000048e-04 1.000000000000000000e+00
-1.760000000000001563e-01 1.000000000000000048e-04 1.000000000000000048e-04 1.000000000000000000e+00
-1.752500000000001279e-01 1.000000000000000048e-04 1.000000000000000048e-04 1.000000000000000000e+00
-1.745000000000000995e-01 1.000000000000000048e-04 1.000000000000000048e-04 1.000000000000000000e+00
-1.737500000000000711e-01 1.000000000000000048e-04 1.000000000000000048e-04 1.000000000000000000e+00
-1.730000000000000426e-01 1.000000000000000048e-04 1.000000000000000048e-04 1.000000000000000000e+00
-1.722500000000000142e-01 1.000000000000000048e-04 1.000000000000000048e-04 1.000000000000000000e+00
-1.714999999999999858e-01 1.000000000000000048e-04 1.000000000000000048e-04 1.000000000000000000e+00
-1.707499999999999574e-01 1.000000000000000048e-04 1.000000000000000048e-04 1.000000000000000000e+00
-1.699999999999999289e-01 1.000000000000000048e-04 1.000000000000000048e-04 1.000000000000000000e+00
-1.692499999999999005e-01 1.000000000000000048e-04 1.000000000000000048e-04 1.000000000000000000e+00
-1.684999999999998721e-01 1.000000000000000048e-04 1.000000000000000048e-04 1.000000000000000000e+00
-1.677499999999998437e-01 1.000000000000000048e-04 1.000000000000000048e-04 1.000000000000000000e+00
-1.669999999999998153e-01 1.000000000000000048e-04 1.000000000000000048e-04 1.000000000000000000e+00
-1.662499999999997868e-01 1.000000000000000048e-04 1.000000000000000048e-04 1.000000000000000000e+00
-1.654999999999997584e-01 1.000000000000000048e-04 1.000000000000000048e-04 1.000000000000000000e+00
-1.647499999999997300e-01 1.000000000000000048e-04 1.000000000000000048e-04 1.000000000000000000e+00
-1.639999999999997016e-01 1.000000000000000048e-04 1.000000000000000048e-04 1.000000000000000000e+00
-1.632499999999996732e-01 1.000000000000000048e-04 1.000000000000000048e-04 1.000000000000000000e+00
-1.624999999999996447e-01 1.000000000000000048e-04 1.000000000000000048e-04 1.000000000000000000e+00
-1.617499999999996163e-01 1.000000000000000048e-04 1.000000000000000048e-04 1.000000000000000000e+00
-1.609999999999995879e-01 1.000000000000000048e-04 1.000000000000000048e-04 1.000000000000000000e+00
-1.602499999999995595e-01 1.000000000000000048e-04 1.000000000000000048e-04 1.000000000000000000e+00
-1.594999999999995310e-01 1.000000000000000048e-04 1.000000000000000048e-04 1.000000000000000000e+00
-1.587499999999995026e-01 1.000000000000000048e-04 1.000000000000000048e-04 1.000000000000000000e+00
-1.579999999999994742e-01 1.000000000000000048e-04 1.000000000000000048e-04 1.000000000000000000e+00
-1.572500000000003340e-01 1.000000000000000048e-04 1.000000000000000048e-04 1.000000000000000000e+00
-1.565000000000003055e-01 1.000000000000000048e-04 1.000000000000000048e-04 1.000000000000000000e+00
-1.557500000000002771e-01 1.000000000000000048e-04 1.000000000000000048e-04 1.000000000000000000e+00
-1.550000000000002487e-01 1.000000000000000048e-04 1.000000000000000048e-04 1.000000000000000000e+00
-1.542500000000002203e-01 1.000000000000000048e-04 1.000000000000000048e-04 1.000000000000000000e+00
-1.535000000000001918e-01 1.000000000000000048e-04 1.000000000000000048e-04 1.000000000000000000e+00
-1.527500000000001634e-01 1.000000000000000048e-04 1.000000000000000048e-04 1.000000000000000000e+00
-1.520000000000001350e-01 1.000000000000000048e-04 1.000000000000000048e-04 1.000000000000000000e+00
-1.512500000000001066e-01 1.000000000000000048e-04 1.000000000000000048e-04 1.000000000000000000e+00
-1.505000000000000782e-01 1.000000000000000048e-04 1.000000000000000048e-04 1.000000000000000000e+00
-1.497500000000000497e-01 1.000000000000000048e-04 1.000000000000000048e-04 1.000000000000000000e+00
-1.490000000000000213e-01 1.000000000000000048e-04 1.000000000000000048e-04 1.000000000000000000e+00
-1.482499999999999929e-01 1.000000000000000048e-04 1.000000000000000048e-04 1.000000000000000000e+00
-1.474999999999999645e-01 1.000000000000000048e-04 1.000000000000000048e-04 1.000000000000000000e+00
-1.467499999999999361e-01 1.000000000000000048e-04 1.000000000000000048e-04 1.000000000000000000e+00
-1.459999999999999076e-01 1.000000000000000048e-04 1.000000000000000048e-04 1.000000000000000000e+00
-1.452499999999998792e-01 1.000000000000000048e-04 1.000000000000000048e-04 1.000000000000000000e+00
-1.444999999999998508e-01 1.000000000000000048e-04 1.000000000000000048e-04 1.000000000000000000e+00
-1.437499999999998224e-01 1.000000000000000048e-04 1.000000000000000048e-04 1.000000000000000000e+00
-1.429999999999997939e-01 1.000000000000000048e-04 1.000000000000000048e-04 1.000000000000000000e+00
-1.422499999999997655e-01 1.000000000000000048e-04 1.000000000000000048e-04 1.000000000000000000e+00
-1.414999999999997371e-01 1.000000000000000048e-04 1.000000000000000048e-04 1.000000000000000000e+00
-1.407499999999997087e-01 1.000000000000000048e-04 1.000000000000000048e-04 1.000000000000000000e+00
-1.399999999999996803e-01 1.000000000000000048e-04 1.000000000000000048e-04 1.000000000000000000e+00
-1.392499999999996518e-01 1.000000000000000048e-04 1.000000000000000048e-04 1.000000000000000000e+00
-1.384999999999996234e-01 1.000000000000000048e-04 1.000000000000000048e-04 1.000000000000000000e+00
-1.377499999999995950e-01 1.000000000000000048e-04 1.000000000000000048e-04 1.000000000000000000e+00
-1.369999999999995666e-01 1.000000000000000048e-04 1.000000000000000048e-04 1.000000000000000000e+00
-1.362499999999995381e-01 1.000000000000000048e-04 1.000000000000000048e-04 1.000000000000000000e+00
-1.354999999999995097e-01 1.000000000000000048e-04 1.000000000000000048e-04 1.000000000000000000e+00
-1.347499999999994813e-01 1.000000000000000048e-04 1.000000000000000048e-04 1.000000000000000000e+00
-1.340000000000003411e-01 1.000000000000000048e-04 1.000000000000000048e-04 1.000000000000000000e+00
-1.332500000000003126e-01 1.000000000000000048e-04 1.000000000000000048e-04 1.000000000000000000e+00
-1.325000000000002842e-01 1.000000000000000048e-04 1.000000000000000048e-04 1.000000000000000000e+00
-1.317500000000002558e-01 1.000000000000000048e-04 1.000000000000000048e-04 1.000000000000000000e+00
-1.310000000000002274e-01 1.000000000000000048e-04 1.000000000000000048e-04 1.000000000000000000e+00
-1.302500000000001990e-01 1.000000000000000048e-04 1.000000000000000048e-04 1.000000000000000000e+00
-1.295000000000001705e-01 1.000000000000000048e-04 1.000000000000000048e-04 1.000000000000000000e+00
-1.287500000000001421e-01 1.000000000000000048e-04 1.000000000000000048e-04 1.000000000000000000e+00
-1.280000000000001137e-01 1.000000000000000048e-04 1.000000000000000048e-04 1.000000000000000000e+00
-1.272500000000000853e-01 1.000000000000000048e-04 1.000000000000000048e-04 1.000000000000000000e+00
-1.265000000000000568e-01 1.000000000000000048e-04 1.000000000000000048e-04 1.000000000000000000e+00
-1.257500000000000284e-01 1.000000000000000048e-04 1.000000000000000048e-04 1.000000000000000000e+00
-1.250000000000000000e-01 1.000000000000000048e-04 1.000000000000000048e-04 1.000000000000000000e+00
-1.242499999999999716e-01 1.000000000000000048e-04 1.000000000000000048e-04 1.000000000000000000e+00
-1.234999999999999432e-01 1.000000000000000048e-04 1.000000000000000048e-04 1.000000000000000000e+00
-1.227499999999999147e-01 1.000000000000000048e-04 1.000000000000000048e-04 1.000000000000000000e+00
-1.219999999999998863e-01 1.000000000000000048e-04 1.000000000000000048e-04 1.000000000000000000e+00
-1.212499999999998579e-01 1.000000000000000048e-04 1.000000000000000048e-04 1.000000000000000000e+00
-1.204999999999998295e-01 1.000000000000000048e-04 1.000000000000000048e-04 1.000000000000000000e+00
-1.197499999999998010e-01 1.000000000000000048e-04 1.000000000000000048e-04 1.000000000000000000e+00
-1.189999999999997726e-01 1.000000000000000048e-04 1.000000000000000048e-04 1.000000000000000000e+00
-1.182499999999997442e-01 1.000000000000000048e-04 1.000000000000000048e-04 1.000000000000000000e+00
-1.174999999999997158e-01 1.000000000000000048e-04 1.000000000000000048e-04 1.000000000000000000e+00
-1.167499999999996874e-01 1.000000000000000048e-04 1.000000000000000048e-04 1.000000000000000000e+00
-1.159999999999996589e-01 1.000000000000000048e-04 1.000000000000000048e-04 1.000000000000000000e+00
-1.152499999999996305e-01 1.000000000000000048e-04 1.000000000000000048e-04 1.000000000000000000e+00
-1.144999999999996021e-01 1.000000000000000048e-04 1.000000000000000048e-04 1.000000000000000000e+00
-1.137499999999995737e-01 1.000000000000000048e-04 1.000000000000000048e-04 1.000000000000000000e+00
-1.129999999999995453e-01 1.000000000000000048e-04 1.000000000000000048e-04 1.000000000000000000e+00
-1.122499999999995168e-01 1.000000000000000048e-04 1.000000000000000048e-04 1.000000000000000000e+00
-1.114999999999994884e-01 1.000000000000000048e-04 1.000000000000000048e-04 1.000000000000000000e+00
-1.107499999999994600e-01 1.000000000000000048e-04 1.000000000000000048e-04 1.000000000000000000e+00
-1.100000000000003197e-01 1.000000000000000048e-04 1.000000000000000048e-04 1.000000000000000000e+00
-1.092500000000002913e-01 1.000000000000000048e-04 1.000000000000000048e-04 1.000000000000000000e+00
-1.085000000000002629e-01 1.000000000000000048e-04 1.000000000000000048e-04 1.000000000000000000e+00
-1.077500000000002345e-01 1.000000000000000048e-04 1.000000000000000048e-04 1.000000000000000000e+00
-1.070000000000002061e-01 1.000000000000000048e-04 1.000000000000000048e-04 1.000000000000000000e+00
-1.062500000000001776e-01 1.000000000000000048e-04 1.000000000000000048e-04 1.000000000000000000e+00
-1.055000000000001492e-01 1.000000000000000048e-04 1.000000000000000048e-04 1.000000000000000000e+00
-1.047500000000001208e-01 1.000000000000000048e-04 1.000000000000000048e-04 1.000000000000000000e+00
-1.040000000000000924e-01 1.000000000000000048e-04 1.000000000000000048e-04 1.000000000000000000e+00
-1.032500000000000639e-01 1.000000000000000048e-04 1.000000000000000048e-04 1.000000000000000000e+00
-1.025000000000000355e-01 1.000000000000000048e-04 1.000000000000000048e-04 1.000000000000000000e+00
-1.017500000000000071e-01 1.000000000000000048e-04 1.000000000000000048e-04 1.000000000000000000e+00
-1.009999999999999787e-01 1.000000000000000048e-04 1.000000000000000048e-04 1.000000000000000000e+00
-1.002499999999999503e-01 1.000000000000000048e-04 1.000000000000000048e-04 1.000000000000000000e+00
-9.949999999999992184e-02 1.000000000000000048e-04 1.000000000000000048e-04 1.000000000000000000e+00
-9.874999999999989342e-02 1.000000000000000048e-04 1.000000000000000048e-04 1.000000000000000000e+00
-9.799999999999986500e-02 1.000000000000000048e-04 1.000000000000000048e-04 1.000000000000000000e+00
-9.724999999999983658e-02 1.000000000000000048e-04 1.000000000000000048e-04 1.000000000000000000e+00
-9.649999999999980815e-02 1.000000000000000048e-04 1.000000000000000048e-04 1.000000000000000000e+00
-9.574999999999977973e-02 1.000000000000000048e-04 1.000000000000000048e-04 1.000000000000000000e+00
-9.499999999999975131e-02 1.000000000000000048e-04 1.000000000000000048e-04 1.000000000000000000e+00
-9.424999999999972289e-02 1.000000000000000048e-04 1.000000000000000048e-04 1.000000000000000000e+00
-9.349999999999969447e-02 1.000000000000000048e-04 1.000000000000000048e-04 1.000000000000000000e+00
-9.274999999999966604e-02 1.000000000000000048e-04 1.000000000000000048e-04 1.000000000000000000e+00
-9.199999999999963762e-02 1.000000000000000048e-04 1.000000000000000048e-04 1.000000000000000000e+00
-9.124999999999960920e-02 1.000000000000000048e-04 1.000000000000000048e-04 1.000000000000000000e+00
-9.049999999999958078e-02 1.000000000000000048e-04 1.000000000000000048e-04 1.000000000000000000e+00
-8.974999999999955236e-02 1.000000000000000048e-04 1.000000000000000048e-04 1.000000000000000000e+00
-8.899999999999952394e-02 1.000000000000000048e-04 1.000000000000000048e-04 1.000000000000000000e+00
-8.824999999999949551e-02 1.000000000000000048e-04 1.000000000000000048e-04 1.000000000000000000e+00
-8.749999999999946709e-02 1.000000000000000048e-04 1.000000000000000048e-04 1.000000000000000000e+00
-8.675000000000032685e-02 1.000000000000000048e-04 1.000000000000000048e-04 1.000000000000000000e+00
-8.600000000000029843e-02 1.000000000000000048e-04 1.000000000000000048e-04 1.000000000000000000e+00
-8.525000000000027001e-02 1.000000000000000048e-04 1.000000000000000048e-04 1.000000000000000000e+00
-8.450000000000024158e-02 1.000000000000000048e-04 1.000000000000000048e-04 1.000000000000000000e+00
-8.375000000000021316e-02 1.000000000000000048e-04 1.000000000000000048e-04 1.000000000000000000e+00
-8.300000000000018474e-02 1.000000000000000048e-04 1.000000000000000048e-04 1.000000000000000000e+00
-8.225000000000015632e-02 1.000000000000000048e-04 1.000000000000000048e-04 1.000000000000000000e+00
-8.150000000000012790e-02 1.000000000000000048e-04 1.000000000000000048e-04 1.000000000000000000e+00
-8.075000000000009948e-02 1.000000000000000048e-04 1.000000000000000048e-04 1.000000000000000000e+00
-8.000000000000007105e-02 1.000000000000000048e-04 1.000000000000000048e-04 1.000000000000000000e+00
-7.925000000000004263e-02 1.000000000000000048e-04 1.000000000000000048e-04 1.000000000000000000e+00
-7.850000000000001421e-02 1.000000000000000048e-04 1.000000000000000048e-04 1.000000000000000000e+00
-7.774999999999998579e-02 1.000000000000000048e-04 1.000000000000000048e-04 1.000000000000000000e+00
-7.699999999999995737e-02 1.000000000000000048e-04 1.000000000000000048e-04 1.000000000000000000e+00
-7.624999999999992895e-02 1.000000000000000048e-04 1.000000000000000048e-04 1.000000000000000000e+00
-7.549999999999990052e-02 1.000000000000000048e-04 1.000000000000000048e-04 1.000000000000000000e+00
-7.474999999999987210e-02 1.000000000000000048e-04 1.000000000000000048e-04 1.000000000000000000e+00
-7.399999999999984368e-02 1.000000000000000048e-04 1.000000000000000048e-04 1.000000000000000000e+00
-7.324999999999981526e-02 1.000000000000000048e-04 1.000000000000000048e-04 1.000000000000000000e+00
-7.249999999999978684e-02 1.000000000000000048e-04 1.000000000000000048e-04 1.000000000000000000e+00
-7.174999999999975842e-02 1.000000000000000048e-04 1.000000000000000048e-04 1.000000000000000000e+00
-7.099999999999972999e-02 1.000000000000000048e-04 1.000000000000000048e-04 1.000000000000000000e+00
-7.024999999999970157e-02 1.000000000000000048e-04 1.000000000000000048e-04 1.000000000000000000e+00
-6.949999999999967315e-02 1.000000000000000048e-04 1.000000000000000048e-04 1.000000000000000000e+00
-6.874999999999964473e-02 1.000000000000000048e-04 1.000000000000000048e-04 1.000000000000000000e+00
-6.799999999999961631e-02 1.000000000000000048e-04 1.000000000000000048e-04 1.000000000000000000e+00
-6.724999999999958789e-02 1.000000000000000048e-04 1.000000000000000048e-04 1.000000000000000000e+00
-6.649999999999955946e-02 1.000000000000000048e-04 1.000000000000000048e-04 1.000000000000000000e+00
-6.574999999999953104e-02 1.000000000000000048e-04 1.000000000000000048e-04 1.000000000000000000e+00
-6.499999999999950262e-02 1.000000000000000048e-04 1.000000000000000048e-04 1.000000000000000000e+00
-6.424999999999947420e-02 1.000000000000000048e-04 1.000000000000000048e-04 1.000000000000000000e+00
-6.350000000000033396e-02 1.000000000000000048e-04 1.000000000000000048e-04 1.000000000000000000e+00
-6.275000000000030553e-02 1.000000000000000048e-04 1.000000000000000048e-04 1.000000000000000000e+00
-6.200000000000027711e-02 1.000000000000000048e-04 1.000000000000000048e-04 1.000000000000000000e+00
-6.125000000000024869e-02 1.000000000000000048e-04 1.000000000000000048e-04 1.000000000000000000e+00
-6.050000000000022027e-02 1.000000000000000048e-04 1.000000000000000048e-04 1.000000000000000000e+00
-5.975000000000019185e-02 1.000000000000000048e-04 1.000000000000000048e-04 1.000000000000000000e+00
-5.900000000000016342e-02 1.000000000000000048e-04 1.000000000000000048e-04 1.000000000000000000e+00
-5.825000000000013500e-02 1.000000000000000048e-04 1.000000000000000048e-04 1.000000000000000000e+00
-5.750000000000010658e-02 1.000000000000000048e-04 1.000000000000000048e-04 1.000000000000000000e+00
-5.675000000000007816e-02 1.000000000000000048e-04 1.000000000000000048e-04 1.000000000000000000e+00
-5.600000000000004974e-02 1.000000000000000048e-04 1.000000000000000048e-04 1.000000000000000000e+00
-5.525000000000002132e-02 1.000000000000000048e-04 1.000000000000000048e-04 1.000000000000000000e+00
-5.449999999999999289e-02 1.000000000000000048e-04 1.000000000000000048e-04 1.000000000000000000e+00
-5.374999999999996447e-02 1.000000000000000048e-04 1.000000000000000048e-04 1.000000000000000000e+00
-5.299999999999993605e-02 1.000000000000000048e-04 1.000000000000000048e-04 1.000000000000000000e+00
-5.224999999999990763e-02 1.000000000000000048e-04 1.000000000000000048e-04 1.000000000000000000e+00
-5.149999999999987921e-02 1.000000000000000048e-04 1.000000000000000048e-04 1.000000000000000000e+00
-5.074999999999985079e-02 1.000000000000000048e-04 1.000000000000000048e-04 1.000000000000000000e+00
-4.999999999999982236e-02 1.000000000000000048e-04 1.000000000000000048e-04 1.000000000000000000e+00
-4.924999999999979394e-02 1.000000000000000048e-04 1.000000000000000048e-04 1.000000000000000000e+00
-4.849999999999976552e-02 1.000000000000000048e-04 1.000000000000000048e-04 1.000000000000000000e+00
-4.774999999999973710e-02 1.000000000000000048e-04 1.000000000000000048e-04 1.000000000000000000e+00
-4.699999999999970868e-02 1.000000000000000048e-04 1.000000000000000048e-04 1.000000000000000000e+00
-4.624999999999968026e-02 1.000000000000000048e-04 1.000000000000000048e-04 1.000000000000000000e+00
-4.549999999999965183e-02 1.000000000000000048e-04 1.000000000000000048e-04 1.000000000000000000e+00
-4.474999999999962341e-02 1.000000000000000048e-04 1.000000000000000048e-04 1.000000000000000000e+00
-4.399999999999959499e-02 1.000000000000000048e-04 1.000000000000000048e-04 1.000000000000000000e+00
-4.324999999999956657e-02 1.000000000000000048e-04 1.000000000000000048e-04 1.000000000000000000e+00
-4.249999999999953815e-02 1.000000000000000048e-04 1.000000000000000048e-04 1.000000000000000000e+00
-4.174999999999950973e-02 1.000000000000000048e-04 1.000000000000000048e-04 1.000000000000000000e+00
-4.099999999999948130e-02 1.000000000000000048e-04 1.000000000000000048e-04 1.000000000000000000e+00
-4.024999999999945288e-02 1.000000000000000048e-04 1.000000000000000048e-04 1.000000000000000000e+00
-3.950000000000031264e-02 1.000000000000000048e-04 1.000000000000000048e-04 1.000000000000000000e+00
-3.875000000000028422e-02 1.000000000000000048e-04 1.000000000000000048e-04 1.000000000000000000e+00
-3.800000000000025580e-02 1.000000000000000048e-04 1.000000000000000048e-04 1.000000000000000000e+00
-3.725000000000022737e-02 1.000000000000000048e-04 1.000000000000000048e-04 1.000000000000000000e+00
-3.650000000000019895e-02 1.000000000000000048e-04 1.000000000000000048e-04 1.000000000000000000e+00
-3.575000000000017053e-02 1.000000000000000048e-04 1.000000000000000048e-04 1.000000000000000000e+00
-3.500000000000014211e-02 1.000000000000000048e-04 1.000000000000000048e-04 1.000000000000000000e+00
-3.425000000000011369e-02 1.000000000000000048e-04 1.000000000000000048e-04 1.000000000000000000e+00
-3.350000000000008527e-02 1.000000000000000048e-04 1.000000000000000048e-04 1.000000000000000000e+00
-3.275000000000005684e-02 1.000000000000000048e-04 1.000000000000000048e-04 1.000000000000000000e+00
-3.200000000000002842e-02 1.000000000000000048e-04 1.000000000000000048e-04 1.000000000000000000e+00
-3.125000000000000000e-02 1.000000000000000048e-04 1.000000000000000048e-04 1.000000000000000000e+00
-3.049999999999997158e-02 1.000000000000000048e-04 1.000000000000000048e-04 1.000000000000000000e+00
-2.974999999999994316e-02 1.000000000000000048e-04 1.000000000000000048e-04 1.000000000000000000e+00
-2.899999999999991473e-02 1.000000000000000048e-04 1.000000000000000048e-04 1.000000000000000000e+00
-2.824999999999988631e-02 1.000000000000000048e-04 1.000000000000000048e-04 1.000000000000000000e+00
-2.749999999999985789e-02 1.000000000000000048e-04 1.000000000000000048e-04 1.000000000000000000e+00
-2.674999999999982947e-02 1.000000000000000048e-04 1.000000000000000048e-04 1.000000000000000000e+00
-2.599999999999980105e-02 1.000000000000000048e-04 1.000000000000000048e-04 1.000000000000000000e+00
-2.524999999999977263e-02 1.000000000000000048e-04 1.000000000000000048e-04 1.000000000000000000e+00
-2.449999999999974420e-02 1.000000000000000048e-04 1.000000000000000048e-04 1.000000000000000000e+00
-2.374999999999971578e-02 1.000000000000000048e-04 1.000000000000000048e-04 1.000000000000000000e+00
-2.299999999999968736e-02 1.000000000000000048e-04 1.000000000000000048e-04 1.000000000000000000e+00
-2.224999999999965894e-02 1.000000000000000048e-04 1.000000000000000048e-04 1.000000000000000000e+00
-2.149999999999963052e-02 1.000000000000000048e-04 1.000000000000000048e-04 1.000000000000000000e+00
-2.074999999999960210e-02 1.000000000000000048e-04 1.000000000000000048e-04 1.000000000000000000e+00
-1.999999999999957367e-02 1.000000000000000048e-04 1.000000000000000048e-04 1.000000000000000000e+00
-1.924999999999954525e-02 1.000000000000000048e-04 1.000000000000000048e-04 1.000000000000000000e+00
-1.849999999999951683e-02 1.000000000000000048e-04 1.000000000000000048e-04 1.000000000000000000e+00
-1.774999999999948841e-02 1.000000000000000048e-04 1.000000000000000048e-04 1.000000000000000000e+00
-1.699999999999945999e-02 1.000000000000000048e-04 1.000000000000000048e-04 1.000000000000000000e+00
-1.625000000000031974e-02 1.000000000000000048e-04 1.000000000000000048e-04 1.000000000000000000e+00
-1.550000000000029132e-02 1.000000000000000048e-04 1.000000000000000048e-04 1.000000000000000000e+00
-1.475000000000026290e-02 1.000000000000000048e-04 1.000000000000000048e-04 1.000000000000000000e+00
-1.400000000000023448e-02 1.000000000000000048e-04 1.000000000000000048e-04 1.000000000000000000e+00
-1.325000000000020606e-02 1.000000000000000048e-04 1.000000000000000048e-04 1.000000000000000000e+00
-1.250000000000017764e-02 1.000000000000000048e-04 1.000000000000000048e-04 1.000000000000000000e+00
-1.175000000000014921e-02 1.000000000000000048e-04 1.000000000000000048e-04 1.000000000000000000e+00
-1.100000000000012079e-02 1.000000000000000048e-04 1.000000000000000048e-04 1.000000000000000000e+00
-1.025000000000009237e-02 1.000000000000000048e-04 1.000000000000000048e-04 1.000000000000000000e+00
-9.500000000000063949e-03 1.000000000000000048e-04 1.000000000000000048e-04 1.000000000000000000e+00
-8.750000000000035527e-03 1.000000000000000048e-04 1.000000000000000048e-04 1.000000000000000000e+00
-8.000000000000007105e-03 1.000000000000000048e-04 1.000000000000000048e-04 1.000000000000000000e+00
-7.249999999999978684e-03 1.000000000000000048e-04 1.000000000000000048e-04 1.000000000000000000e+00
-6.499999999999950262e-03 1.000000000000000048e-04 1.000000000000000048e-04 1.000000000000000000e+00
-5.749999999999921840e-03 1.000000000000000048e-04 1.000000000000000048e-04 1.000000000000000000e+00
-4.999999999999893419e-03 1.000000000000000048e-04 1.000000000000000048e-04 1.000000000000000000e+00
-4.249999999999864997e-03 1.000000000000000048e-04 1.000000000000000048e-04 1.000000000000000000e+00
-3.499999999999836575e-03 1.000000000000000048e-04 1.000000000000000048e-04 1.000000000000000000e+00
-2.749999999999808153e-03 1.000000000000000048e-04 1.000000000000000048e-04 1.000000000000000000e+00
-1.999999999999779732e-03 1.000000000000000048e-04 1.000000000000000048e-04 1.000000000000000000e+00
-1.249999999999751310e-03 1.000000000000000048e-04 1.000000000000000048e-04 1.000000000000000000e+00
-4.999999999997228883e-04 1.000000000000000048e-04 1.000000000000000048e-04 1.000000000000000000e+00
2.500000000003055334e-04 1.000000000000000048e-04 1.000000000000000048e-04 1.000000000000000000e+00
1.000000000000333955e-03 1.000000000000000048e-04 1.000000000000000048e-04 1.000000000000000000e+00
1.750000000000362377e-03 1.000000000000000048e-04 1.000000000000000048e-04 1.000000000000000000e+00
2.500000000000390799e-03 1.000000000000000048e-04 1.000000000000000048e-04 1.000000000000000000e+00
3.250000000000419220e-03 1.000000000000000048e-04 1.000000000000000048e-04 1.000000000000000000e+00
4.000000000000447642e-03 1.000000000000000048e-04 1.000000000000000048e-04 1.000000000000000000e+00
4.750000000000476064e-03 1.000000000000000048e-04 1.000000000000000048e-04 1.000000000000000000e+00
5.500000000000504485e-03 1.000000000000000048e-04 1.000000000000000048e-04 1.000000000000000000e+00
6.250000000000532907e-03 1.000000000000000048e-04 1.000000000000000048e-04 1.000000000000000000e+00
6.999999999999673150e-03 1.000000000000000048e-04 1.000000000000000048e-04 1.000000000000000000e+00
7.749999999999701572e-03 1.000000000000000048e-04 1.000000000000000048e-04 1.000000000000000000e+00
8.499999999999729994e-03 1.000000000000000048e-04 1.000000000000000048e-04 1.000000000000000000e+00
9.249999999999758415e-03 1.000000000000000048e-04 1.000000000000000048e-04 1.000000000000000000e+00
9.999999999999786837e-03 1.000000000000000048e-04 1.000000000000000048e-04 1.000000000000000000e+00
1.074999999999981526e-02 1.000000000000000048e-04 1.000000000000000048e-04 1.000000000000000000e+00
1.149999999999984368e-02 1.000000000000000048e-04 1.000000000000000048e-04 1.000000000000000000e+00
1.224999999999987210e-02 1.000000000000000048e-04 1.000000000000000048e-04 1.000000000000000000e+00
1.299999999999990052e-02 1.000000000000000048e-04 1.000000000000000048e-04 1.000000000000000000e+00
1.374999999999992895e-02 1.000000000000000048e-04 1.000000000000000048e-04 1.000000000000000000e+00
1.449999999999995737e-02 1.000000000000000048e-04 1.000000000000000048e-04 1.000000000000000000e+00
1.524999999999998579e-02 1.000000000000000048e-04 1.000000000000000048e-04 1.000000000000000000e+00
1.600000000000001421e-02 1.000000000000000048e-04 1.000000000000000048e-04 1.000000000000000000e+00
1.675000000000004263e-02 1.000000000000000048e-04 1.000000000000000048e-04 1.000000000000000000e+00
1.750000000000007105e-02 1.000000000000000048e-04 1.000000000000000048e-04 1.000000000000000000e+00
1.825000000000009948e-02 1.000000000000000048e-04 1.000000000000000048e-04 1.000000000000000000e+00
1.900000000000012790e-02 1.000000000000000048e-04 1.000000000000000048e-04 1.000000000000000000e+00
1.975000000000015632e-02 1.000000000000000048e-04 1.000000000000000048e-04 1.000000000000000000e+00
2.050000000000018474e-02 1.000000000000000048e-04 1.000000000000000048e-04 1.000000000000000000e+00
2.125000000000021316e-02 1.000000000000000048e-04 1.000000000000000048e-04 1.000000000000000000e+00
2.200000000000024158e-02 1.000000000000000048e-04 1.000000000000000048e-04 1.000000000000000000e+00
2.275000000000027001e-02 1.000000000000000048e-04 1.000000000000000048e-04 1.000000000000000000e+00
2.350000000000029843e-02 1.000000000000000048e-04 1.000000000000000048e-04 1.000000000000000000e+00
2.425000000000032685e-02 1.000000000000000048e-04 1.000000000000000048e-04 1.000000000000000000e+00
2.500000000000035527e-02 1.000000000000000048e-04 1.000000000000000048e-04 1.000000000000000000e+00
2.575000000000038369e-02 1.000000000000000048e-04 1.000000000000000048e-04 1.000000000000000000e+00
2.650000000000041211e-02 1.000000000000000048e-04 1.000000000000000048e-04 1.000000000000000000e+00
2.725000000000044054e-02 1.000000000000000048e-04 1.000000000000000048e-04 1.000000000000000000e+00
2.800000000000046896e-02 1.000000000000000048e-04 1.000000000000000048e-04 1.000000000000000000e+00
2.875000000000049738e-02 1.000000000000000048e-04 1.000000000000000048e-04 1.000000000000000000e+00
2.950000000000052580e-02 1.000000000000000048e-04 1.000000000000000048e-04 1.000000000000000000e+00
3.024999999999966604e-02 1.000000000000000048e-04 1.000000000000000048e-04 1.000000000000000000e+00
3.099999999999969447e-02 1.000000000000000048e-04 1.000000000000000048e-04 1.000000000000000000e+00
3.174999999999972289e-02 1.000000000000000048e-04 1.000000000000000048e-04 1.000000000000000000e+00
3.249999999999975131e-02 1.000000000000000048e-04 1.000000000000000048e-04 1.000000000000000000e+00
3.324999999999977973e-02 1.000000000000000048e-04 1.000000000000000048e-04 1.000000000000000000e+00
3.399999999999980815e-02 1.000000000000000048e-04 1.000000000000000048e-04 1.000000000000000000e+00
3.474999999999983658e-02 1.000000000000000048e-04 1.000000000000000048e-04 1.000000000000000000e+00
3.549999999999986500e-02 1.000000000000000048e-04 1.000000000000000048e-04 1.000000000000000000e+00
3.624999999999989342e-02 1.000000000000000048e-04 1.000000000000000048e-04 1.000000000000000000e+00
3.699999999999992184e-02 1.000000000000000048e-04 1.000000000000000048e-04 1.000000000000000000e+00
3.774999999999995026e-02 1.000000000000000048e-04 1.000000000000000048e-04 1.000000000000000000e+00
3.849999999999997868e-02 1.000000000000000048e-04 1.000000000000000048e-04 1.000000000000000000e+00
3.925000000000000711e-02 1.000000000000000048e-04 1.000000000000000048e-04 1.000000000000000000e+00
4.000000000000003553e-02 1.000000000000000048e-04 1.000000000000000048e-04 1.000000000000000000e+00
4.075000000000006395e-02 1.000000000000000048e-04 1.000000000000000048e-04 1.000000000000000000e+00
4.150000000000009237e-02 1.000000000000000048e-04 1.000000000000000048e-04 1.000000000000000000e+00
4.225000000000012079e-02 1.000000000000000048e-04 1.000000000000000048e-04 1.000000000000000000e+00
4.300000000000014921e-02 1.000000000000000048e-04 1.000000000000000048e-04 1.000000000000000000e+00
4.375000000000017764e-02 1.000000000000000048e-04 1.000000000000000048e-04 1.000000000000000000e+00
4.450000000000020606e-02 1.000000000000000048e-04 1.000000000000000048e-04 1.000000000000000000e+00
4.525000000000023448e-02 1.000000000000000048e-04 1.000000000000000048e-04 1.000000000000000000e+00
4.600000000000026290e-02 1.000000000000000048e-04 1.000000000000000048e-04 1.000000000000000000e+00
4.675000000000029132e-02 1.000000000000000048e-04 1.000000000000000048e-04 1.000000000000000000e+00
4.750000000000031974e-02 1.000000000000000048e-04 1.000000000000000048e-04 1.000000000000000000e+00
4.825000000000034817e-02 1.000000000000000048e-04 1.000000000000000048e-04 1.000000000000000000e+00
4.900000000000037659e-02 1.000000000000000048e-04 1.000000000000000048e-04 1.000000000000000000e+00
4.975000000000040501e-02 1.000000000000000048e-04 1.000000000000000048e-04 1.000000000000000000e+00
5.050000000000043343e-02 1.000000000000000048e-04 1.000000000000000048e-04 1.000000000000000000e+00
5.125000000000046185e-02 1.000000000000000048e-04 1.000000000000000048e-04 1.000000000000000000e+00
5.200000000000049027e-02 1.000000000000000048e-04 1.000000000000000048e-04 1.000000000000000000e+00
5.275000000000051870e-02 1.000000000000000048e-04 1.000000000000000048e-04 1.000000000000000000e+00
5.350000000000054712e-02 1.000000000000000048e-04 1.000000000000000048e-04 1.000000000000000000e+00
5.424999999999968736e-02 1.000000000000000048e-04 1.000000000000000048e-04 1.000000000000000000e+00
5.499999999999971578e-02 1.000000000000000048e-04 1.000000000000000048e-04 1.000000000000000000e+00
5.574999999999974420e-02 1.000000000000000048e-04 1.000000000000000048e-04 1.000000000000000000e+00
5.649999999999977263e-02 1.000000000000000048e-04 1.000000000000000048e-04 1.000000000000000000e+00
5.724999999999980105e-02 1.000000000000000048e-04 1.000000000000000048e-04 1.000000000000000000e+00
5.799999999999982947e-02 1.000000000000000048e-04 1.000000000000000048e-04 1.000000000000000000e+00
5.874999999999985789e-02 1.000000000000000048e-04 1.000000000000000048e-04 1.000000000000000000e+00
5.949999999999988631e-02 1.000000000000000048e-04 1.000000000000000048e-04 1.000000000000000000e+00
6.024999999999991473e-02 1.000000000000000048e-04 1.000000000000000048e-04 1.000000000000000000e+00
6.099999999999994316e-02 1.000000000000000048e-04 1.000000000000000048e-04 1.000000000000000000e+00
6.174999999999997158e-02 1.000000000000000048e-04 1.000000000000000048e-04 1.000000000000000000e+00
6.250000000000000000e-02 1.000000000000000048e-04 1.000000000000000048e-04 1.000000000000000000e+00
6.325000000000002842e-02 1.000000000000000048e-04 1.000000000000000048e-04 1.000000000000000000e+00
6.400000000000005684e-02 1.000000000000000048e-04 1.000000000000000048e-04 1.000000000000000000e+00
6.475000000000008527e-02 1.000000000000000048e-04 1.000000000000000048e-04 1.000000000000000000e+00
6.550000000000011369e-02 1.000000000000000048e-04 1.000000000000000048e-04 1.000000000000000000e+00
6.625000000000014211e-02 1.000000000000000048e-04 1.000000000000000048e-04 1.000000000000000000e+00
6.700000000000017053e-02 1.000000000000000048e-04 1.000000000000000048e-04 1.000000000000000000e+00
6.775000000000019895e-02 1.000000000000000048e-04 1.000000000000000048e-04 1.000000000000000000e+00
6.850000000000022737e-02 1.000000000000000048e-04 1.000000000000000048e-04 1.000000000000000000e+00
6.925000000000025580e-02 1.000000000000000048e-04 1.000000000000000048e-04 1.000000000000000000e+00
7.000000000000028422e-02 1.000000000000000048e-04 1.000000000000000048e-04 1.000000000000000000e+00
7.075000000000031264e-02 1.000000000000000048e-04 1.000000000000000048e-04 1.000000000000000000e+00
7.150000000000034106e-02 1.000000000000000048e-04 1.000000000000000048e-04 1.000000000000000000e+00
7.225000000000036948e-02 1.000000000000000048e-04 1.000000000000000048e-04 1.000000000000000000e+00
7.300000000000039790e-02 1.000000000000000048e-04 1.000000000000000048e-04 1.000000000000000000e+00
7.375000000000042633e-02 1.000000000000000048e-04 1.000000000000000048e-04 1.000000000000000000e+00
7.450000000000045475e-02 1.000000000000000048e-04 1.000000000000000048e-04 1.000000000000000000e+00
7.525000000000048317e-02 1.000000000000000048e-04 1.000000000000000048e-04 1.000000000000000000e+00
7.600000000000051159e-02 1.000000000000000048e-04 1.000000000000000048e-04 1.000000000000000000e+00
7.675000000000054001e-02 1.000000000000000048e-04 1.000000000000000048e-04 1.000000000000000000e+00
7.749999999999968026e-02 1.000000000000000048e-04 1.000000000000000048e-04 1.000000000000000000e+00
7.824999999999970868e-02 1.000000000000000048e-04 1.000000000000000048e-04 1.000000000000000000e+00
7.899999999999973710e-02 1.000000000000000048e-04 1.000000000000000048e-04 1.000000000000000000e+00
7.974999999999976552e-02 1.000000000000000048e-04 1.000000000000000048e-04 1.000000000000000000e+00
8.049999999999979394e-02 1.000000000000000048e-04 1.000000000000000048e-04 1.000000000000000000e+00
8.124999999999982236e-02 1.000000000000000048e-04 1.000000000000000048e-04 1.000000000000000000e+00
8.199999999999985079e-02 1.000000000000000048e-04 1.000000000000000048e-04 1.000000000000000000e+00
8.274999999999987921e-02 1.000000000000000048e-04 1.000000000000000048e-04 1.000000000000000000e+00
8.349999999999990763e-02 1.000000000000000048e-04 1.000000000000000048e-04 1.000000000000000000e+00
8.424999999999993605e-02 1.000000000000000048e-04 1.000000000000000048e-04 1.000000000000000000e+00
8.499999999999996447e-02 1.000000000000000048e-04 1.000000000000000048e-04 1.000000000000000000e+00
8.574999999999999289e-02 1.000000000000000048e-04 1.000000000000000048e-04 1.000000000000000000e+00
8.650000000000002132e-02 1.000000000000000048e-04 1.000000000000000048e-04 1.000000000000000000e+00
8.725000000000004974e-02 1.000000000000000048e-04 1.000000000000000048e-04 1.000000000000000000e+00
8.800000000000007816e-02 1.000000000000000048e-04 1.000000000000000048e-04 1.000000000000000000e+00
8.875000000000010658e-02 1.000000000000000048e-04 1.000000000000000048e-04 1.000000000000000000e+00
8.950000000000013500e-02 1.000000000000000048e-04 1.000000000000000048e-04 1.000000000000000000e+00
9.025000000000016342e-02 1.000000000000000048e-04 1.000000000000000048e-04 1.000000000000000000e+00
9.100000000000019185e-02 1.000000000000000048e-04 1.000000000000000048e-04 1.000000000000000000e+00
9.175000000000022027e-02 1.000000000000000048e-04 1.000000000000000048e-04 1.000000000000000000e+00
9.250000000000024869e-02 1.000000000000000048e-04 1.000000000000000048e-04 1.000000000000000000e+00
9.325000000000027711e-02 1.000000000000000048e-04 1.000000000000000048e-04 1.000000000000000000e+00
9.400000000000030553e-02 1.000000000000000048e-04 1.000000000000000048e-04 1.000000000000000000e+00
9.475000000000033396e-02 1.000000000000000048e-04 1.000000000000000048e-04 1.000000000000000000e+00
9.550000000000036238e-02 1.000000000000000048e-04 1.000000000000000048e-04 1.000000000000000000e+00
9.625000000000039080e-02 1.000000000000000048e-04 1.000000000000000048e-04 1.000000000000000000e+00
9.700000000000041922e-02 1.000000000000000048e-04 1.000000000000000048e-04 1.000000000000000000e+00
9.775000000000044764e-02 1.000000000000000048e-04 1.000000000000000048e-04 1.000000000000000000e+00
9.850000000000047606e-02 1.000000000000000048e-04 1.000000000000000048e-04 1.000000000000000000e+00
9.925000000000050449e-02 1.000000000000000048e-04 1.000000000000000048e-04 1.000000000000000000e+00
1.000000000000005329e-01 1.000000000000000048e-04 1.000000000000000048e-04 1.000000000000000000e+00
1.007499999999996732e-01 1.000000000000000048e-04 1.000000000000000048e-04 1.000000000000000000e+00
1.014999999999997016e-01 1.000000000000000048e-04 1.000000000000000048e-04 1.000000000000000000e+00
1.022499999999997300e-01 1.000000000000000048e-04 1.000000000000000048e-04 1.000000000000000000e+00
1.029999999999997584e-01 1.000000000000000048e-04 1.000000000000000048e-04 1.000000000000000000e+00
1.037499999999997868e-01 1.000000000000000048e-04 1.000000000000000048e-04 1.000000000000000000e+00
1.044999999999998153e-01 1.000000000000000048e-04 1.000000000000000048e-04 1.000000000000000000e+00
1.052499999999998437e-01 1.000000000000000048e-04 1.000000000000000048e-04 1.000000000000000000e+00
1.059999999999998721e-01 1.000000000000000048e-04 1.000000000000000048e-04 1.000000000000000000e+00
1.067499999999999005e-01 1.000000000000000048e-04 1.000000000000000048e-04 1.000000000000000000e+00
1.074999999999999289e-01 1.000000000000000048e-04 1.000000000000000048e-04 1.000000000000000000e+00
1.082499999999999574e-01 1.000000000000000048e-04 1.000000000000000048e-04 1.000000000000000000e+00
1.089999999999999858e-01 1.000000000000000048e-04 1.000000000000000048e-04 1.000000000000000000e+00
1.097500000000000142e-01 1.000000000000000048e-04 1.000000000000000048e-04 1.000000000000000000e+00
1.105000000000000426e-01 1.000000000000000048e-04 1.000000000000000048e-04 1.000000000000000000e+00
1.112500000000000711e-01 1.000000000000000048e-04 1.000000000000000048e-04 1.000000000000000000e+00
1.120000000000000995e-01 1.000000000000000048e-04 1.000000000000000048e-04 1.000000000000000000e+00
1.127500000000001279e-01 1.000000000000000048e-04 1.000000000000000048e-04 1.000000000000000000e+00
1.135000000000001563e-01 1.000000000000000048e-04 1.000000000000000048e-04 1.000000000000000000e+00
1.142500000000001847e-01 1.000000000000000048e-04 1.000000000000000048e-04 1.000000000000000000e+00
1.150000000000002132e-01 1.000000000000000048e-04 1.000000000000000048e-04 1.000000000000000000e+00
1.157500000000002416e-01 1.000000000000000048e-04 1.000000000000000048e-04 1.000000000000000000e+00
1.165000000000002700e-01 1.000000000000000048e-04 1.000000000000000048e-04 1.000000000000000000e+00
1.172500000000002984e-01 1.000000000000000048e-04 1.000000000000000048e-04 1.000000000000000000e+00
1.180000000000003268e-01 1.000000000000000048e-04 1.000000000000000048e-04 1.000000000000000000e+00
1.187500000000003553e-01 1.000000000000000048e-04 1.000000000000000048e-04 1.000000000000000000e+00
1.195000000000003837e-01 1.000000000000000048e-04 1.000000000000000048e-04 1.000000000000000000e+00
1.202500000000004121e-01 1.000000000000000048e-04 1.000000000000000048e-04 1.000000000000000000e+00
1.210000000000004405e-01 1.000000000000000048e-04 1.000000000000000048e-04 1.000000000000000000e+00
1.217500000000004690e-01 1.000000000000000048e-04 1.000000000000000048e-04 1.000000000000000000e+00
1.225000000000004974e-01 1.000000000000000048e-04 1.000000000000000048e-04 1.000000000000000000e+00
1.232500000000005258e-01 1.000000000000000048e-04 1.000000000000000048e-04 1.000000000000000000e+00
1.239999999999996660e-01 1.000000000000000048e-04 1.000000000000000048e-04 1.000000000000000000e+00
1.247499999999996945e-01 1.000000000000000048e-04 1.000000000000000048e-04 1.000000000000000000e+00
1.254999999999997229e-01 1.000000000000000048e-04 1.000000000000000048e-04 1.000000000000000000e+00
1.262499999999997513e-01 1.000000000000000048e-04 1.000000000000000048e-04 1.000000000000000000e+00
1.269999999999997797e-01 1.000000000000000048e-04 1.000000000000000048e-04 1.000000000000000000e+00
1.277499999999998082e-01 1.000000000000000048e-04 1.000000000000000048e-04 1.000000000000000000e+00
1.284999999999998366e-01 1.000000000000000048e-04 1.000000000000000048e-04 1.000000000000000000e+00
1.292499999999998650e-01 1.000000000000000048e-04 1.000000000000000048e-04 1.000000000000000000e+00
1.299999999999998934e-01 1.000000000000000048e-04 1.000000000000000048e-04 1.000000000000000000e+00
1.307499999999999218e-01 1.000000000000000048e-04 1.000000000000000048e-04 1.000000000000000000e+00
1.314999999999999503e-01 1.000000000000000048e-04 1.000000000000000048e-04 1.000000000000000000e+00
1.322499999999999787e-01 1.000000000000000048e-04 1.000000000000000048e-04 1.000000000000000000e+00
1.330000000000000071e-01 1.000000000000000048e-04 1.000000000000000048e-04 1.000000000000000000e+00
1.337500000000000355e-01 1.000000000000000048e-04 1.000000000000000048e-04 1.000000000000000000e+00
1.345000000000000639e-01 1.000000000000000048e-04 1.000000000000000048e-04 1.000000000000000000e+00
1.352500000000000924e-01 1.000000000000000048e-04 1.000000000000000048e-04 1.000000000000000000e+00
1.360000000000001208e-01 1.000000000000000048e-04 1.000000000000000048e-04 1.000000000000000000e+00
1.367500000000001492e-01 1.000000000000000048e-04 1.000000000000000048e-04 1.000000000000000000e+00
1.375000000000001776e-01 1.000000000000000048e-04 1.000000000000000048e-04 1.000000000000000000e+00
1.382500000000002061e-01 1.000000000000000048e-04 1.000000000000000048e-04 1.000000000000000000e+00
1.390000000000002345e-01 1.000000000000000048e-04 1.000000000000000048e-04 1.000000000000000000e+00
1.397500000000002629e-01 1.000000000000000048e-04 1.000000000000000048e-04 1.000000000000000000e+00
1.405000000000002913e-01 1.000000000000000048e-04 1.000000000000000048e-04 1.000000000000000000e+00
1.412500000000003197e-01 1.000000000000000048e-04 1.000000000000000048e-04 1.000000000000000000e+00
1.420000000000003482e-01 1.000000000000000048e-04 1.000000000000000048e-04 1.000000000000000000e+00
1.427500000000003766e-01 1.000000000000000048e-04 1.000000000000000048e-04 1.000000000000000000e+00
1.435000000000004050e-01 1.000000000000000048e-04 1.000000000000000048e-04 1.000000000000000000e+00
1.442500000000004334e-01 1.000000000000000048e-04 1.000000000000000048e-04 1.000000000000000000e+00
1.450000000000004619e-01 1.000000000000000048e-04 1.000000000000000048e-04 1.000000000000000000e+00
1.457500000000004903e-01 1.000000000000000048e-04 1.000000000000000048e-04 1.000000000000000000e+00
1.465000000000005187e-01 1.000000000000000048e-04 1.000000000000000048e-04 1.000000000000000000e+00
1.472500000000005471e-01 1.000000000000000048e-04 1.000000000000000048e-04 1.000000000000000000e+00
1.479999999999996874e-01 1.000000000000000048e-04 1.000000000000000048e-04 1.000000000000000000e+00
1.487499999999997158e-01 1.000000000000000048e-04 1.000000000000000048e-04 1.000000000000000000e+00
1.494999999999997442e-01 1.000000000000000048e-04 1.000000000000000048e-04 1.000000000000000000e+00
1.502499999999997726e-01 1.000000000000000048e-04 1.000000000000000048e-04 1.000000000000000000e+00
1.509999999999998010e-01 1.000000000000000048e-04 1.000000000000000048e-04 1.000000000000000000e+00
1.517499999999998295e-01 1.000000000000000048e-04 1.000000000000000048e-04 1.000000000000000000e+00
1.524999999999998579e-01 1.000000000000000048e-04 1.000000000000000048e-04 1.000000000000000000e+00
1.532499999999998863e-01 1.000000000000000048e-04 1.000000000000000048e-04 1.000000000000000000e+00
1.539999999999999147e-01 1.000000000000000048e-04 1.000000000000000048e-04 1.000000000000000000e+00
1.547499999999999432e-01 1.000000000000000048e-04 1.000000000000000048e-04 1.000000000000000000e+00
1.554999999999999716e-01 1.000000000000000048e-04 1.000000000000000048e-04 1.000000000000000000e+00
1.562500000000000000e-01 1.000000000000000048e-04 1.000000000000000048e-04 1.000000000000000000e+00
1.570000000000000284e-01 1.000000000000000048e-04 1.000000000000000048e-04 1.000000000000000000e+00
1.577500000000000568e-01 1.000000000000000048e-04 1.000000000000000048e-04 1.000000000000000000e+00
1.585000000000000853e-01 1.000000000000000048e-04 1.000000000000000048e-04 1.000000000000000000e+00
1.592500000000001137e-01 1.000000000000000048e-04 1.000000000000000048e-04 1.000000000000000000e+00
1.600000000000001421e-01 1.000000000000000048e-04 1.000000000000000048e-04 1.000000000000000000e+00
1.607500000000001705e-01 1.000000000000000048e-04 1.000000000000000048e-04 1.000000000000000000e+00
1.615000000000001990e-01 1.000000000000000048e-04 1.000000000000000048e-04 1.000000000000000000e+00
1.622500000000002274e-01 1.000000000000000048e-04 1.000000000000000048e-04 1.000000000000000000e+00
1.630000000000002558e-01 1.000000000000000048e-04 1.000000000000000048e-04 1.000000000000000000e+00
1.637500000000002842e-01 1.000000000000000048e-04 1.000000000000000048e-04 1.000000000000000000e+00
1.645000000000003126e-01 1.000000000000000048e-04 1.000000000000000048e-04 1.000000000000000000e+00
1.652500000000003411e-01 1.000000000000000048e-04 1.000000000000000048e-04 1.000000000000000000e+00
1.660000000000003695e-01 1.000000000000000048e-04 1.000000000000000048e-04 1.000000000000000000e+00
1.667500000000003979e-01 1.000000000000000048e-04 1.000000000000000048e-04 1.000000000000000000e+00
1.675000000000004263e-01 1.000000000000000048e-04 1.000000000000000048e-04 1.000000000000000000e+00
1.682500000000004547e-01 1.000000000000000048e-04 1.000000000000000048e-04 1.000000000000000000e+00
1.690000000000004832e-01 1.000000000000000048e-04 1.000000000000000048e-04 1.000000000000000000e+00
1.697500000000005116e-01 1.000000000000000048e-04 1.000000000000000048e-04 1.000000000000000000e+00
1.705000000000005400e-01 1.000000000000000048e-04 1.000000000000000048e-04 1.000000000000000000e+00
1.712499999999996803e-01 1.000000000000000048e-04 1.000000000000000048e-04 1.000000000000000000e+00
1.719999999999997087e-01 1.000000000000000048e-04 1.000000000000000048e-04 1.000000000000000000e+00
1.727499999999997371e-01 1.000000000000000048e-04 1.000000000000000048e-04 1.000000000000000000e+00
1.734999999999997655e-01 1.000000000000000048e-04 1.000000000000000048e-04 1.000000000000000000e+00
1.742499999999997939e-01 1.000000000000000048e-04 1.000000000000000048e-04 1.000000000000000000e+00
1.749999999999998224e-01 1.000000000000000048e-04 1.000000000000000048e-04 1.000000000000000000e+00
1.757499999999998508e-01 1.000000000000000048e-04 1.000000000000000048e-04 1.000000000000000000e+00
1.764999999999998792e-01 1.000000000000000048e-04 1.000000000000000048e-04 1.000000000000000000e+00
1.772499999999999076e-01 1.000000000000000048e-04 1.000000000000000048e-04 1.000000000000000000e+00
1.779999999999999361e-01 1.000000000000000048e-04 1.000000000000000048e-04 1.000000000000000000e+00
1.787499999999999645e-01 1.000000000000000048e-04 1.000000000000000048e-04 1.000000000000000000e+00
1.794999999999999929e-01 1.000000000000000048e-04 1.000000000000000048e-04 1.000000000000000000e+00
1.802500000000000213e-01 1.000000000000000048e-04 1.000000000000000048e-04 1.000000000000000000e+00
1.810000000000000497e-01 1.000000000000000048e-04 1.000000000000000048e-04 1.000000000000000000e+00
1.817500000000000782e-01 1.000000000000000048e-04 1.000000000000000048e-04 1.000000000000000000e+00
1.825000000000001066e-01 1.000000000000000048e-04 1.000000000000000048e-04 1.000000000000000000e+00
1.832500000000001350e-01 1.000000000000000048e-04 1.000000000000000048e-04 1.000000000000000000e+00
1.840000000000001634e-01 1.000000000000000048e-04 1.000000000000000048e-04 1.000000000000000000e+00
1.847500000000001918e-01 1.000000000000000048e-04 1.000000000000000048e-04 1.000000000000000000e+00
1.855000000000002203e-01 1.000000000000000048e-04 1.000000000000000048e-04 1.000000000000000000e+00
1.862500000000002487e-01 1.000000000000000048e-04 1.000000000000000048e-04 1.000000000000000000e+00
1.870000000000002771e-01 1.000000000000000048e-04 1.000000000000000048e-04 1.000000000000000000e+00
1.877500000000003055e-01 1.000000000000000048e-04 1.000000000000000048e-04 1.000000000000000000e+00
1.885000000000003340e-01 1.000000000000000048e-04 1.000000000000000048e-04 1.000000000000000000e+00
1.892500000000003624e-01 1.000000000000000048e-04 1.000000000000000048e-04 1.000000000000000000e+00
1.900000000000003908e-01 1.000000000000000048e-04 1.000000000000000048e-04 1.000000000000000000e+00
1.907500000000004192e-01 1.000000000000000048e-04 1.000000000000000048e-04 1.000000000000000000e+00
1.915000000000004476e-01 1.000000000000000048e-04 1.000000000000000048e-04 1.000000000000000000e+00
1.922500000000004761e-01 1.000000000000000048e-04 1.000000000000000048e-04 1.000000000000000000e+00
1.930000000000005045e-01 1.000000000000000048e-04 1.000000000000000048e-04 1.000000000000000000e+00
1.937500000000005329e-01 1.000000000000000048e-04 1.000000000000000048e-04 1.000000000000000000e+00
1.944999999999996732e-01 1.000000000000000048e-04 1.000000000000000048e-04 1.000000000000000000e+00
1.952499999999997016e-01 1.000000000000000048e-04 1.000000000000000048e-04 1.000000000000000000e+00
1.959999999999997300e-01 1.000000000000000048e-04 1.000000000000000048e-04 1.000000000000000000e+00
1.967499999999997584e-01 1.000000000000000048e-04 1.000000000000000048e-04 1.000000000000000000e+00
1.974999999999997868e-01 1.000000000000000048e-04 1.000000000000000048e-04 1.000000000000000000e+00
1.982499999999998153e-01 1.000000000000000048e-04 1.000000000000000048e-04 1.000000000000000000e+00
1.989999999999998437e-01 1.000000000000000048e-04 1.000000000000000048e-04 1.000000000000000000e+00
1.997499999999998721e-01 1.000000000000000048e-04 1.000000000000000048e-04 1.000000000000000000e+00
2.004999999999999005e-01 1.000000000000000048e-04 1.000000000000000048e-04 1.000000000000000000e+00
2.012499999999999289e-01 1.000000000000000048e-04 1.000000000000000048e-04 1.000000000000000000e+00
2.019999999999999574e-01 1.000000000000000048e-04 1.000000000000000048e-04 1.000000000000000000e+00
2.027499999999999858e-01 1.000000000000000048e-04 1.000000000000000048e-04 1.000000000000000000e+00
2.035000000000000142e-01 1.000000000000000048e-04 1.000000000000000048e-04 1.000000000000000000e+00
2.042500000000000426e-01 1.000000000000000048e-04 1.000000000000000048e-04 1.000000000000000000e+00
2.050000000000000711e-01 1.000000000000000048e-04 1.000000000000000048e-04 1.000000000000000000e+00
2.057500000000000995e-01 1.000000000000000048e-04 1.000000000000000048e-04 1.000000000000000000e+00
2.065000000000001279e-01 1.000000000000000048e-04 1.000000000000000048e-04 1.000000000000000000e+00
2.072500000000001563e-01 1.000000000000000048e-04 1.000000000000000048e-04 1.000000000000000000e+00
2.080000000000001847e-01 1.000000000000000048e-04 1.000000000000000048e-04 1.000000000000000000e+00
2.087500000000002132e-01 1.000000000000000048e-04 1.000000000000000048e-04 1.000000000000000000e+00
2.095000000000002416e-01 1.000000000000000048e-04 1.000000000000000048e-04 1.000000000000000000e+00
2.102500000000002700e-01 1.000000000000000048e-04 1.000000000000000048e-04 1.000000000000000000e+00
2.110000000000002984e-01 1.000000000000000048e-04 1.000000000000000048e-04 1.000000000000000000e+00
2.117500000000003268e-01 1.000000000000000048e-04 1.000000000000000048e-04 1.000000000000000000e+00
2.125000000000003553e-01 1.000000000000000048e-04 1.000000000000000048e-04 1.000000000000000000e+00
2.132500000000003837e-01 1.000000000000000048e-04 1.000000000000000048e-04 1.000000000000000000e+00
2.140000000000004121e-01 1.000000000000000048e-04 1.000000000000000048e-04 1.000000000000000000e+00
2.147500000000004405e-01 1.000000000000000048e-04 1.000000000000000048e-04 1.000000000000000000e+00
2.155000000000004690e-01 1.000000000000000048e-04 1.000000000000000048e-04 1.000000000000000000e+00
2.162500000000004974e-01 1.000000000000000048e-04 1.000000000000000048e-04 1.000000000000000000e+00
2.170000000000005258e-01 1.000000000000000048e-04 1.000000000000000048e-04 1.000000000000000000e+00
2.177499999999996660e-01 1.000000000000000048e-04 1.000000000000000048e-04 1.000000000000000000e+00
2.184999999999996945e-01 1.000000000000000048e-04 1.000000000000000048e-04 1.000000000000000000e+00
2.192499999999997229e-01 1.000000000000000048e-04 1.000000000000000048e-04 1.000000000000000000e+00
2.199999999999997513e-01 1.000000000000000048e-04 1.000000000000000048e-04 1.000000000000000000e+00
2.207499999999997797e-01 1.000000000000000048e-04 1.000000000000000048e-04 1.000000000000000000e+00
2.214999999999998082e-01 1.000000000000000048e-04 1.000000000000000048e-04 1.000000000000000000e+00
2.222499999999998366e-01 1.000000000000000048e-04 1.000000000000000048e-04 1.000000000000000000e+00
2.229999999999998650e-01 1.000000000000000048e-04 1.000000000000000048e-04 1.000000000000000000e+00
2.237499999999998934e-01 1.000000000000000048e-04 1.000000000000000048e-04 1.000000000000000000e+00
2.244999999999999218e-01 1.000000000000000048e-04 1.000000000000000048e-04 1.000000000000000000e+00
2.252499999999999503e-01 1.000000000000000048e-04 1.000000000000000048e-04 1.000000000000000000e+00
2.259999999999999787e-01 1.000000000000000048e-04 1.000000000000000048e-04 1.000000000000000000e+00
2.267500000000000071e-01 1.000000000000000048e-04 1.000000000000000048e-04 1.000000000000000000e+00
2.275000000000000355e-01 1.000000000000000048e-04 1.000000000000000048e-04 1.000000000000000000e+00
2.282500000000000639e-01 1.000000000000000048e-04 1.000000000000000048e-04 1.000000000000000000e+00
2.290000000000000924e-01 1.000000000000000048e-04 1.000000000000000048e-04 1.000000000000000000e+00
2.297500000000001208e-01 1.000000000000000048e-04 1.000000000000000048e-04 1.000000000000000000e+00
2.305000000000001492e-01 1.000000000000000048e-04 1.000000000000000048e-04 1.000000000000000000e+00
2.312500000000001776e-01 1.000000000000000048e-04 1.000000000000000048e-04 1.000000000000000000e+00
2.320000000000002061e-01 1.000000000000000048e-04 1.000000000000000048e-04 1.000000000000000000e+00
2.327500000000002345e-01 1.000000000000000048e-04 1.000000000000000048e-04 1.000000000000000000e+00
2.335000000000002629e-01 1.000000000000000048e-04 1.000000000000000048e-04 1.000000000000000000e+00
2.342500000000002913e-01 1.000000000000000048e-04 1.000000000000000048e-04 1.000000000000000000e+00
2.350000000000003197e-01 1.000000000000000048e-04 1.000000000000000048e-04 1.000000000000000000e+00
2.357500000000003482e-01 1.000000000000000048e-04 1.000000000000000048e-04 1.000000000000000000e+00
2.365000000000003766e-01 1.000000000000000048e-04 1.000000000000000048e-04 1.000000000000000000e+00
2.372500000000004050e-01 1.000000000000000048e-04 1.000000000000000048e-04 1.000000000000000000e+00
2.380000000000004334e-01 1.000000000000000048e-04 1.000000000000000048e-04 1.000000000000000000e+00
2.387500000000004619e-01 1.000000000000000048e-04 1.000000000000000048e-04 1.000000000000000000e+00
2.395000000000004903e-01 1.000000000000000048e-04 1.000000000000000048e-04 1.000000000000000000e+00
2.402500000000005187e-01 1.000000000000000048e-04 1.000000000000000048e-04 1.000000000000000000e+00
2.410000000000005471e-01 1.000000000000000048e-04 1.000000000000000048e-04 1.000000000000000000e+00
2.417499999999996874e-01 1.000000000000000048e-04 1.000000000000000048e-04 1.000000000000000000e+00
2.424999999999997158e-01 1.000000000000000048e-04 1.000000000000000048e-04 1.000000000000000000e+00
2.432499999999997442e-01 1.000000000000000048e-04 1.000000000000000048e-04 1.000000000000000000e+00
2.439999999999997726e-01 1.000000000000000048e-04 1.000000000000000048e-04 1.000000000000000000e+00
2.447499999999998010e-01 1.000000000000000048e-04 1.000000000000000048e-04 1.000000000000000000e+00
2.454999999999998295e-01 1.000000000000000048e-04 1.000000000000000048e-04 1.000000000000000000e+00
2.462499999999998579e-01 1.000000000000000048e-04 1.000000000000000048e-04 1.000000000000000000e+00
2.469999999999998863e-01 1.000000000000000048e-04 1.000000000000000048e-04 1.000000000000000000e+00
2.477499999999999147e-01 1.000000000000000048e-04 1.000000000000000048e-04 1.000000000000000000e+00
2.484999999999999432e-01 1.000000000000000048e-04 1.000000000000000048e-04 1.000000000000000000e+00
2.492499999999999716e-01 1.000000000000000048e-04 1.000000000000000048e-04 1.000000000000000000e+00
2.500000000000000000e-01 1.000000000000000048e-04 1.000000000000000048e-04 1.000000000000000000e+00
