-5.000000000000000000e+00 1.000000000000000048e-04 6.613579015796673677e-02 1.000000000000000000e+00
-4.999249999999999972e+00 1.000000000000000048e-04 6.614990716282004302e-02 1.000000000000000000e+00
-4.998499999999999943e+00 1.000000000000000048e-04 6.616402718261459037e-02 1.000000000000000000e+00
-4.997749999999999915e+00 1.000000000000000048e-04 6.617815021810957710e-02 1.000000000000000000e+00
-4.996999999999999886e+00 1.000000000000000048e-04 6.619227627006447900e-02 1.000000000000000000e+00
-4.996249999999999858e+00 1.000000000000000048e-04 6.620640533923909110e-02 1.000000000000000000e+00
-4.995499999999999829e+00 1.000000000000000048e-04 6.622053742639363860e-02 1.000000000000000000e+00
-4.994749999999999801e+00 1.000000000000000048e-04 6.623467253228858265e-02 1.000000000000000000e+00
-4.993999999999999773e+00 1.000000000000000048e-04 6.624881065768480071e-02 1.000000000000000000e+00
-4.993249999999999744e+00 1.000000000000000048e-04 6.626295180334339230e-02 1.000000000000000000e+00
-4.992499999999999716e+00 1.000000000000000048e-04 6.627709597002597042e-02 1.000000000000000000e+00
-4.991749999999999687e+00 1.000000000000000048e-04 6.629124315849431459e-02 1.000000000000000000e+00
-4.990999999999999659e+00 1.000000000000000048e-04 6.630539336951057905e-02 1.000000000000000000e+00
-4.990249999999999631e+00 1.000000000000000048e-04 6.631954660383733435e-02 1.000000000000000000e+00
-4.989499999999999602e+00 1.000000000000000048e-04 6.633370286223745638e-02 1.000000000000000000e+00
-4.988749999999999574e+00 1.000000000000000048e-04 6.634786214547409855e-02 1.000000000000000000e+00
-4.988000000000000433e+00 1.000000000000000048e-04 6.636202445431080288e-02 1.000000000000000000e+00
-4.987250000000000405e+00 1.000000000000000048e-04 6.637618978951144444e-02 1.000000000000000000e+00
-4.986500000000000377e+00 1.000000000000000048e-04 6.639035815184023137e-02 1.000000000000000000e+00
-4.985750000000000348e+00 1.000000000000000048e-04 6.640452954206171876e-02 1.000000000000000000e+00
-4.985000000000000320e+00 1.000000000000000048e-04 6.641870396094075313e-02 1.000000000000000000e+00
-4.984250000000000291e+00 1.000000000000000048e-04 6.643288140924265284e-02 1.000000000000000000e+00
-4.983500000000000263e+00 1.000000000000000048e-04 6.644706188773286115e-02 1.000000000000000000e+00
-4.982750000000000234e+00 1.000000000000000048e-04 6.646124539717736257e-02 1.000000000000000000e+00
-4.982000000000000206e+00 1.000000000000000048e-04 6.647543193834240527e-02 1.000000000000000000e+00
-4.981250000000000178e+00 1.000000000000000048e-04 6.648962151199451498e-02 1.000000000000000000e+00
-4.980500000000000149e+00 1.000000000000000048e-04 6.650381411890067540e-02 1.000000000000000000e+00
-4.979750000000000121e+00 1.000000000000000048e-04 6.651800975982810615e-02 1.000000000000000000e+00
-4.979000000000000092e+00 1.000000000000000048e-04 6.653220843554447095e-02 1.000000000000000000e+00
-4.978250000000000064e+00 1.000000000000000048e-04 6.654641014681765554e-02 1.000000000000000000e+00
-4.977500000000000036e+00 1.000000000000000048e-04 6.656061489441597590e-02 1.000000000000000000e+00
-4.976750000000000007e+00 1.000000000000000048e-04 6.657482267910806717e-02 1.000000000000000000e+00
-4.975999999999999979e+00 1.000000000000000048e-04 6.658903350166289759e-02 1.000000000000000000e+00
-4.975249999999999950e+00 1.000000000000000048e-04 6.660324736284976843e-02 1.000000000000000000e+00
-4.974499999999999922e+00 1.000000000000000048e-04 6.661746426343835570e-02 1.000000000000000000e+00
-4.973749999999999893e+00 1.000000000000000048e-04 6.663168420419865456e-02 1.000000000000000000e+00
-4.972999999999999865e+00 1.000000000000000048e-04 6.664590718590097940e-02 1.000000000000000000e+00
-4.972249999999999837e+00 1.000000000000000048e-04 6.666013320931608865e-02 1.000000000000000000e+00
-4.971499999999999808e+00 1.000000000000000048e-04 6.667436227521493508e-02 1.000000000000000000e+00
-4.970749999999999780e+00 1.000000000000000048e-04 6.668859438436891551e-02 1.000000000000000000e+00
-4.969999999999999751e+00 1.000000000000000048e-04 6.670282953754974598e-02 1.000000000000000000e+00
-4.969249999999999723e+00 1.000000000000000048e-04 6.671706773552948944e-02 1.000000000000000000e+00
-4.968499999999999694e+00 1.000000000000000048e-04 6.673130897908055581e-02 1.000000000000000000e+00
-4.967749999999999666e+00 1.000000000000000048e-04 6.674555326897568808e-02 1.000000000000000000e+00
-4.966999999999999638e+00 1.000000000000000048e-04 6.675980060598799004e-02 1.000000000000000000e+00
-4.966249999999999609e+00 1.000000000000000048e-04 6.677405099089089857e-02 1.000000000000000000e+00
-4.965499999999999581e+00 1.000000000000000048e-04 6.678830442445818361e-02 1.000000000000000000e+00
-4.964750000000000441e+00 1.000000000000000048e-04 6.680256090746397590e-02 1.000000000000000000e+00
-4.964000000000000412e+00 1.000000000000000048e-04 6.681682044068280868e-02 1.000000000000000000e+00
-4.963250000000000384e+00 1.000000000000000048e-04 6.683108302488945107e-02 1.000000000000000000e+00
-4.962500000000000355e+00 1.000000000000000048e-04 6.684534866085910243e-02 1.000000000000000000e+00
-4.961750000000000327e+00 1.000000000000000048e-04 6.685961734936725354e-02 1.000000000000000000e+00
-4.961000000000000298e+00 1.000000000000000048e-04 6.687388909118981151e-02 1.000000000000000000e+00
-4.960250000000000270e+00 1.000000000000000048e-04 6.688816388710290550e-02 1.000000000000000000e+00
-4.959500000000000242e+00 1.000000000000000048e-04 6.690244173788317816e-02 1.000000000000000000e+00
-4.958750000000000213e+00 1.000000000000000048e-04 6.691672264430750805e-02 1.000000000000000000e+00
-4.958000000000000185e+00 1.000000000000000048e-04 6.693100660715312067e-02 1.000000000000000000e+00
-4.957250000000000156e+00 1.000000000000000048e-04 6.694529362719769949e-02 1.000000000000000000e+00
-4.956500000000000128e+00 1.000000000000000048e-04 6.695958370521910841e-02 1.000000000000000000e+00
-4.955750000000000099e+00 1.000000000000000048e-04 6.697387684199569702e-02 1.000000000000000000e+00
-4.955000000000000071e+00 1.000000000000000048e-04 6.698817303830613412e-02 1.000000000000000000e+00
-4.954250000000000043e+00 1.000000000000000048e-04 6.700247229492935219e-02 1.000000000000000000e+00
-4.953500000000000014e+00 1.000000000000000048e-04 6.701677461264472779e-02 1.000000000000000000e+00
-4.952749999999999986e+00 1.000000000000000048e-04 6.703107999223202607e-02 1.000000000000000000e+00
-4.951999999999999957e+00 1.000000000000000048e-04 6.704538843447120644e-02 1.000000000000000000e+00
-4.951249999999999929e+00 1.000000000000000048e-04 6.705969994014274183e-02 1.000000000000000000e+00
-4.950499999999999901e+00 1.000000000000000048e-04 6.707401451002732717e-02 1.000000000000000000e+00
-4.949749999999999872e+00 1.000000000000000048e-04 6.708833214490608765e-02 1.000000000000000000e+00
-4.948999999999999844e+00 1.000000000000000048e-04 6.710265284556046761e-02 1.000000000000000000e+00
-4.948249999999999815e+00 1.000000000000000048e-04 6.711697661277229998e-02 1.000000000000000000e+00
-4.947499999999999787e+00 1.000000000000000048e-04 6.713130344732373689e-02 1.000000000000000000e+00
-4.946749999999999758e+00 1.000000000000000048e-04 6.714563334999729127e-02 1.000000000000000000e+00
-4.945999999999999730e+00 1.000000000000000048e-04 6.715996632157576751e-02 1.000000000000000000e+00
-4.945249999999999702e+00 1.000000000000000048e-04 6.717430236284245570e-02 1.000000000000000000e+00
-4.944499999999999673e+00 1.000000000000000048e-04 6.718864147458086800e-02 1.000000000000000000e+00
-4.943749999999999645e+00 1.000000000000000048e-04 6.720298365757494674e-02 1.000000000000000000e+00
-4.942999999999999616e+00 1.000000000000000048e-04 6.721732891260898124e-02 1.000000000000000000e+00
-4.942249999999999588e+00 1.000000000000000048e-04 6.723167724046759386e-02 1.000000000000000000e+00
-4.941499999999999559e+00 1.000000000000000048e-04 6.724602864193574003e-02 1.000000000000000000e+00
-4.940750000000000419e+00 1.000000000000000048e-04 6.726038311779876377e-02 1.000000000000000000e+00
-4.940000000000000391e+00 1.000000000000000048e-04 6.727474066884238380e-02 1.000000000000000000e+00
-4.939250000000000362e+00 1.000000000000000048e-04 6.728910129585263800e-02 1.000000000000000000e+00
-4.938500000000000334e+00 1.000000000000000048e-04 6.730346499961589735e-02 1.000000000000000000e+00
-4.937750000000000306e+00 1.000000000000000048e-04 6.731783178091893527e-02 1.000000000000000000e+00
-4.937000000000000277e+00 1.000000000000000048e-04 6.733220164054889989e-02 1.000000000000000000e+00
-4.936250000000000249e+00 1.000000000000000048e-04 6.734657457929318913e-02 1.000000000000000000e+00
-4.935500000000000220e+00 1.000000000000000048e-04 6.736095059793964501e-02 1.000000000000000000e+00
-4.934750000000000192e+00 1.000000000000000048e-04 6.737532969727651200e-02 1.000000000000000000e+00
-4.934000000000000163e+00 1.000000000000000048e-04 6.738971187809225660e-02 1.000000000000000000e+00
-4.933250000000000135e+00 1.000000000000000048e-04 6.740409714117578943e-02 1.000000000000000000e+00
-4.932500000000000107e+00 1.000000000000000048e-04 6.741848548731638191e-02 1.000000000000000000e+00
-4.931750000000000078e+00 1.000000000000000048e-04 6.743287691730359690e-02 1.000000000000000000e+00
-4.931000000000000050e+00 1.000000000000000048e-04 6.744727143192748298e-02 1.000000000000000000e+00
-4.930250000000000021e+00 1.000000000000000048e-04 6.746166903197825526e-02 1.000000000000000000e+00
-4.929499999999999993e+00 1.000000000000000048e-04 6.747606971824667010e-02 1.000000000000000000e+00
-4.928749999999999964e+00 1.000000000000000048e-04 6.749047349152373365e-02 1.000000000000000000e+00
-4.927999999999999936e+00 1.000000000000000048e-04 6.750488035260088227e-02 1.000000000000000000e+00
-4.927249999999999908e+00 1.000000000000000048e-04 6.751929030226985762e-02 1.000000000000000000e+00
-4.926499999999999879e+00 1.000000000000000048e-04 6.753370334132278996e-02 1.000000000000000000e+00
-4.925749999999999851e+00 1.000000000000000048e-04 6.754811947055211485e-02 1.000000000000000000e+00
-4.924999999999999822e+00 1.000000000000000048e-04 6.756253869075071194e-02 1.000000000000000000e+00
-4.924249999999999794e+00 1.000000000000000048e-04 6.757696100271178008e-02 1.000000000000000000e+00
-4.923499999999999766e+00 1.000000000000000048e-04 6.759138640722883729e-02 1.000000000000000000e+00
-4.922749999999999737e+00 1.000000000000000048e-04 6.760581490509584568e-02 1.000000000000000000e+00
-4.921999999999999709e+00 1.000000000000000048e-04 6.762024649710705881e-02 1.000000000000000000e+00
-4.921249999999999680e+00 1.000000000000000048e-04 6.763468118405713270e-02 1.000000000000000000e+00
-4.920499999999999652e+00 1.000000000000000048e-04 6.764911896674107028e-02 1.000000000000000000e+00
-4.919749999999999623e+00 1.000000000000000048e-04 6.766355984595426309e-02 1.000000000000000000e+00
-4.918999999999999595e+00 1.000000000000000048e-04 6.767800382249236635e-02 1.000000000000000000e+00
-4.918249999999999567e+00 1.000000000000000048e-04 6.769245089715156261e-02 1.000000000000000000e+00
-4.917500000000000426e+00 1.000000000000000048e-04 6.770690107072820096e-02 1.000000000000000000e+00
-4.916750000000000398e+00 1.000000000000000048e-04 6.772135434401919951e-02 1.000000000000000000e+00
-4.916000000000000369e+00 1.000000000000000048e-04 6.773581071782164287e-02 1.000000000000000000e+00
-4.915250000000000341e+00 1.000000000000000048e-04 6.775027019293318464e-02 1.000000000000000000e+00
-4.914500000000000313e+00 1.000000000000000048e-04 6.776473277015160335e-02 1.000000000000000000e+00
-4.913750000000000284e+00 1.000000000000000048e-04 6.777919845027527423e-02 1.000000000000000000e+00
-4.913000000000000256e+00 1.000000000000000048e-04 6.779366723410278073e-02 1.000000000000000000e+00
-4.912250000000000227e+00 1.000000000000000048e-04 6.780813912243312258e-02 1.000000000000000000e+00
-4.911500000000000199e+00 1.000000000000000048e-04 6.782261411606566037e-02 1.000000000000000000e+00
-4.910750000000000171e+00 1.000000000000000048e-04 6.783709221580014326e-02 1.000000000000000000e+00
-4.910000000000000142e+00 1.000000000000000048e-04 6.785157342243668122e-02 1.000000000000000000e+00
-4.909250000000000114e+00 1.000000000000000048e-04 6.786605773677567566e-02 1.000000000000000000e+00
-4.908500000000000085e+00 1.000000000000000048e-04 6.788054515961804147e-02 1.000000000000000000e+00
-4.907750000000000057e+00 1.000000000000000048e-04 6.789503569176488784e-02 1.000000000000000000e+00
-4.907000000000000028e+00 1.000000000000000048e-04 6.790952933401779579e-02 1.000000000000000000e+00
-4.906250000000000000e+00 1.000000000000000048e-04 6.792402608717872103e-02 1.000000000000000000e+00
-4.905499999999999972e+00 1.000000000000000048e-04 6.793852595204991074e-02 1.000000000000000000e+00
-4.904749999999999943e+00 1.000000000000000048e-04 6.795302892943408390e-02 1.000000000000000000e+00
-4.903999999999999915e+00 1.000000000000000048e-04 6.796753502013422321e-02 1.000000000000000000e+00
-4.903249999999999886e+00 1.000000000000000048e-04 6.798204422495374155e-02 1.000000000000000000e+00
-4.902499999999999858e+00 1.000000000000000048e-04 6.799655654469639876e-02 1.000000000000000000e+00
-4.901749999999999829e+00 1.000000000000000048e-04 6.801107198016635713e-02 1.000000000000000000e+00
-4.900999999999999801e+00 1.000000000000000048e-04 6.802559053216807039e-02 1.000000000000000000e+00
-4.900249999999999773e+00 1.000000000000000048e-04 6.804011220150639472e-02 1.000000000000000000e+00
-4.899499999999999744e+00 1.000000000000000048e-04 6.805463698898665814e-02 1.000000000000000000e+00
-4.898749999999999716e+00 1.000000000000000048e-04 6.806916489541439685e-02 1.000000000000000000e+00
-4.897999999999999687e+00 1.000000000000000048e-04 6.808369592159563277e-02 1.000000000000000000e+00
-4.897249999999999659e+00 1.000000000000000048e-04 6.809823006833669312e-02 1.000000000000000000e+00
-4.896499999999999631e+00 1.000000000000000048e-04 6.811276733644430759e-02 1.000000000000000000e+00
-4.895749999999999602e+00 1.000000000000000048e-04 6.812730772672552504e-02 1.000000000000000000e+00
-4.894999999999999574e+00 1.000000000000000048e-04 6.814185123998789395e-02 1.000000000000000000e+00
-4.894250000000000433e+00 1.000000000000000048e-04 6.815639787703914321e-02 1.000000000000000000e+00
-4.893500000000000405e+00 1.000000000000000048e-04 6.817094763868759844e-02 1.000000000000000000e+00
-4.892750000000000377e+00 1.000000000000000048e-04 6.818550052574176568e-02 1.000000000000000000e+00
-4.892000000000000348e+00 1.000000000000000048e-04 6.820005653901053955e-02 1.000000000000000000e+00
-4.891250000000000320e+00 1.000000000000000048e-04 6.821461567930339753e-02 1.000000000000000000e+00
-4.890500000000000291e+00 1.000000000000000048e-04 6.822917794742990039e-02 1.000000000000000000e+00
-4.889750000000000263e+00 1.000000000000000048e-04 6.824374334420013621e-02 1.000000000000000000e+00
-4.889000000000000234e+00 1.000000000000000048e-04 6.825831187042458170e-02 1.000000000000000000e+00
-4.888250000000000206e+00 1.000000000000000048e-04 6.827288352691404660e-02 1.000000000000000000e+00
-4.887500000000000178e+00 1.000000000000000048e-04 6.828745831447972925e-02 1.000000000000000000e+00
-4.886750000000000149e+00 1.000000000000000048e-04 6.830203623393313328e-02 1.000000000000000000e+00
-4.886000000000000121e+00 1.000000000000000048e-04 6.831661728608630357e-02 1.000000000000000000e+00
-4.885250000000000092e+00 1.000000000000000048e-04 6.833120147175145154e-02 1.000000000000000000e+00
-4.884500000000000064e+00 1.000000000000000048e-04 6.834578879174130206e-02 1.000000000000000000e+00
-4.883750000000000036e+00 1.000000000000000048e-04 6.836037924686889922e-02 1.000000000000000000e+00
-4.883000000000000007e+00 1.000000000000000048e-04 6.837497283794773117e-02 1.000000000000000000e+00
-4.882249999999999979e+00 1.000000000000000048e-04 6.838956956579154978e-02 1.000000000000000000e+00
-4.881499999999999950e+00 1.000000000000000048e-04 6.840416943121460647e-02 1.000000000000000000e+00
-4.880749999999999922e+00 1.000000000000000048e-04 6.841877243503143025e-02 1.000000000000000000e+00
-4.879999999999999893e+00 1.000000000000000048e-04 6.843337857805695257e-02 1.000000000000000000e+00
-4.879249999999999865e+00 1.000000000000000048e-04 6.844798786110650735e-02 1.000000000000000000e+00
-4.878499999999999837e+00 1.000000000000000048e-04 6.846260028499578931e-02 1.000000000000000000e+00
-4.877749999999999808e+00 1.000000000000000048e-04 6.847721585054093729e-02 1.000000000000000000e+00
-4.876999999999999780e+00 1.000000000000000048e-04 6.849183455855829827e-02 1.000000000000000000e+00
-4.876249999999999751e+00 1.000000000000000048e-04 6.850645640986478824e-02 1.000000000000000000e+00
-4.875499999999999723e+00 1.000000000000000048e-04 6.852108140527758684e-02 1.000000000000000000e+00
-4.874749999999999694e+00 1.000000000000000048e-04 6.853570954561424844e-02 1.000000000000000000e+00
-4.873999999999999666e+00 1.000000000000000048e-04 6.855034083169279924e-02 1.000000000000000000e+00
-4.873249999999999638e+00 1.000000000000000048e-04 6.856497526433154299e-02 1.000000000000000000e+00
-4.872499999999999609e+00 1.000000000000000048e-04 6.857961284434922755e-02 1.000000000000000000e+00
-4.871749999999999581e+00 1.000000000000000048e-04 6.859425357256497546e-02 1.000000000000000000e+00
-4.871000000000000441e+00 1.000000000000000048e-04 6.860889744979825622e-02 1.000000000000000000e+00
-4.870250000000000412e+00 1.000000000000000048e-04 6.862354447686891401e-02 1.000000000000000000e+00
-4.869500000000000384e+00 1.000000000000000048e-04 6.863819465459720937e-02 1.000000000000000000e+00
-4.868750000000000355e+00 1.000000000000000048e-04 6.865284798380383302e-02 1.000000000000000000e+00
-4.868000000000000327e+00 1.000000000000000048e-04 6.866750446530971164e-02 1.000000000000000000e+00
-4.867250000000000298e+00 1.000000000000000048e-04 6.868216409993627147e-02 1.000000000000000000e+00
-4.866500000000000270e+00 1.000000000000000048e-04 6.869682688850529961e-02 1.000000000000000000e+00
-4.865750000000000242e+00 1.000000000000000048e-04 6.871149283183893008e-02 1.000000000000000000e+00
-4.865000000000000213e+00 1.000000000000000048e-04 6.872616193075972713e-02 1.000000000000000000e+00
-4.864250000000000185e+00 1.000000000000000048e-04 6.874083418609061580e-02 1.000000000000000000e+00
-4.863500000000000156e+00 1.000000000000000048e-04 6.875550959865485423e-02 1.000000000000000000e+00
-4.862750000000000128e+00 1.000000000000000048e-04 6.877018816927617240e-02 1.000000000000000000e+00
-4.862000000000000099e+00 1.000000000000000048e-04 6.878486989877863333e-02 1.000000000000000000e+00
-4.861250000000000071e+00 1.000000000000000048e-04 6.879955478798670254e-02 1.000000000000000000e+00
-4.860500000000000043e+00 1.000000000000000048e-04 6.881424283772519246e-02 1.000000000000000000e+00
-4.859750000000000014e+00 1.000000000000000048e-04 6.882893404881938737e-02 1.000000000000000000e+00
-4.858999999999999986e+00 1.000000000000000048e-04 6.884362842209480748e-02 1.000000000000000000e+00
-4.858249999999999957e+00 1.000000000000000048e-04 6.885832595837755588e-02 1.000000000000000000e+00
-4.857499999999999929e+00 1.000000000000000048e-04 6.887302665849388827e-02 1.000000000000000000e+00
-4.856749999999999901e+00 1.000000000000000048e-04 6.888773052327069879e-02 1.000000000000000000e+00
-4.855999999999999872e+00 1.000000000000000048e-04 6.890243755353507582e-02 1.000000000000000000e+00
-4.855249999999999844e+00 1.000000000000000048e-04 6.891714775011455185e-02 1.000000000000000000e+00
-4.854499999999999815e+00 1.000000000000000048e-04 6.893186111383706183e-02 1.000000000000000000e+00
-4.853749999999999787e+00 1.000000000000000048e-04 6.894657764553094315e-02 1.000000000000000000e+00
-4.852999999999999758e+00 1.000000000000000048e-04 6.896129734602486627e-02 1.000000000000000000e+00
-4.852249999999999730e+00 1.000000000000000048e-04 6.897602021614791801e-02 1.000000000000000000e+00
-4.851499999999999702e+00 1.000000000000000048e-04 6.899074625672960148e-02 1.000000000000000000e+00
-4.850749999999999673e+00 1.000000000000000048e-04 6.900547546859976678e-02 1.000000000000000000e+00
-4.849999999999999645e+00 1.000000000000000048e-04 6.902020785258866642e-02 1.000000000000000000e+00
-4.849249999999999616e+00 1.000000000000000048e-04 6.903494340952692765e-02 1.000000000000000000e+00
-4.848499999999999588e+00 1.000000000000000048e-04 6.904968214024559403e-02 1.000000000000000000e+00
-4.847749999999999559e+00 1.000000000000000048e-04 6.906442404557609771e-02 1.000000000000000000e+00
-4.847000000000000419e+00 1.000000000000000048e-04 6.907916912635019002e-02 1.000000000000000000e+00
-4.846250000000000391e+00 1.000000000000000048e-04 6.909391738340016353e-02 1.000000000000000000e+00
-4.845500000000000362e+00 1.000000000000000048e-04 6.910866881755853286e-02 1.000000000000000000e+00
-4.844750000000000334e+00 1.000000000000000048e-04 6.912342342965832609e-02 1.000000000000000000e+00
-4.844000000000000306e+00 1.000000000000000048e-04 6.913818122053286275e-02 1.000000000000000000e+00
-4.843250000000000277e+00 1.000000000000000048e-04 6.915294219101593420e-02 1.000000000000000000e+00
-4.842500000000000249e+00 1.000000000000000048e-04 6.916770634194172040e-02 1.000000000000000000e+00
-4.841750000000000220e+00 1.000000000000000048e-04 6.918247367414472049e-02 1.000000000000000000e+00
-4.841000000000000192e+00 1.000000000000000048e-04 6.919724418845989156e-02 1.000000000000000000e+00
-4.840250000000000163e+00 1.000000000000000048e-04 6.921201788572255154e-02 1.000000000000000000e+00
-4.839500000000000135e+00 1.000000000000000048e-04 6.922679476676842081e-02 1.000000000000000000e+00
-4.838750000000000107e+00 1.000000000000000048e-04 6.924157483243364997e-02 1.000000000000000000e+00
-4.838000000000000078e+00 1.000000000000000048e-04 6.925635808355472267e-02 1.000000000000000000e+00
-4.837250000000000050e+00 1.000000000000000048e-04 6.927114452096853892e-02 1.000000000000000000e+00
-4.836500000000000021e+00 1.000000000000000048e-04 6.928593414551237339e-02 1.000000000000000000e+00
-4.835749999999999993e+00 1.000000000000000048e-04 6.930072695802394489e-02 1.000000000000000000e+00
-4.834999999999999964e+00 1.000000000000000048e-04 6.931552295934136076e-02 1.000000000000000000e+00
-4.834249999999999936e+00 1.000000000000000048e-04 6.933032215030303369e-02 1.000000000000000000e+00
-4.833499999999999908e+00 1.000000000000000048e-04 6.934512453174787594e-02 1.000000000000000000e+00
-4.832749999999999879e+00 1.000000000000000048e-04 6.935993010451517449e-02 1.000000000000000000e+00
-4.831999999999999851e+00 1.000000000000000048e-04 6.937473886944454937e-02 1.000000000000000000e+00
-4.831249999999999822e+00 1.000000000000000048e-04 6.938955082737610636e-02 1.000000000000000000e+00
-4.830499999999999794e+00 1.000000000000000048e-04 6.940436597915025652e-02 1.000000000000000000e+00
-4.829749999999999766e+00 1.000000000000000048e-04 6.941918432560791052e-02 1.000000000000000000e+00
-4.828999999999999737e+00 1.000000000000000048e-04 6.943400586759025661e-02 1.000000000000000000e+00
-4.828249999999999709e+00 1.000000000000000048e-04 6.944883060593899649e-02 1.000000000000000000e+00
-4.827499999999999680e+00 1.000000000000000048e-04 6.946365854149615104e-02 1.000000000000000000e+00
-4.826749999999999652e+00 1.000000000000000048e-04 6.947848967510414364e-02 1.000000000000000000e+00
-4.825999999999999623e+00 1.000000000000000048e-04 6.949332400760585560e-02 1.000000000000000000e+00
-4.825249999999999595e+00 1.000000000000000048e-04 6.950816153984448742e-02 1.000000000000000000e+00
-4.824499999999999567e+00 1.000000000000000048e-04 6.952300227266372534e-02 1.000000000000000000e+00
-4.823750000000000426e+00 1.000000000000000048e-04 6.953784620690753315e-02 1.000000000000000000e+00
-4.823000000000000398e+00 1.000000000000000048e-04 6.955269334342040199e-02 1.000000000000000000e+00
-4.822250000000000369e+00 1.000000000000000048e-04 6.956754368304718383e-02 1.000000000000000000e+00
-4.821500000000000341e+00 1.000000000000000048e-04 6.958239722663307758e-02 1.000000000000000000e+00
-4.820750000000000313e+00 1.000000000000000048e-04 6.959725397502374011e-02 1.000000000000000000e+00
-4.820000000000000284e+00 1.000000000000000048e-04 6.961211392906518913e-02 1.000000000000000000e+00
-4.819250000000000256e+00 1.000000000000000048e-04 6.962697708960387255e-02 1.000000000000000000e+00
-4.818500000000000227e+00 1.000000000000000048e-04 6.964184345748664073e-02 1.000000000000000000e+00
-4.817750000000000199e+00 1.000000000000000048e-04 6.965671303356067712e-02 1.000000000000000000e+00
-4.817000000000000171e+00 1.000000000000000048e-04 6.967158581867370637e-02 1.000000000000000000e+00
-4.816250000000000142e+00 1.000000000000000048e-04 6.968646181367374459e-02 1.000000000000000000e+00
-4.815500000000000114e+00 1.000000000000000048e-04 6.970134101940915483e-02 1.000000000000000000e+00
-4.814750000000000085e+00 1.000000000000000048e-04 6.971622343672893851e-02 1.000000000000000000e+00
-4.814000000000000057e+00 1.000000000000000048e-04 6.973110906648223584e-02 1.000000000000000000e+00
-4.813250000000000028e+00 1.000000000000000048e-04 6.974599790951872824e-02 1.000000000000000000e+00
-4.812500000000000000e+00 1.000000000000000048e-04 6.976088996668848574e-02 1.000000000000000000e+00
-4.811749999999999972e+00 1.000000000000000048e-04 6.977578523884196693e-02 1.000000000000000000e+00
-4.810999999999999943e+00 1.000000000000000048e-04 6.979068372683006061e-02 1.000000000000000000e+00
-4.810249999999999915e+00 1.000000000000000048e-04 6.980558543150398865e-02 1.000000000000000000e+00
-4.809499999999999886e+00 1.000000000000000048e-04 6.982049035371543089e-02 1.000000000000000000e+00
-4.808749999999999858e+00 1.000000000000000048e-04 6.983539849431653901e-02 1.000000000000000000e+00
-4.807999999999999829e+00 1.000000000000000048e-04 6.985030985415975613e-02 1.000000000000000000e+00
-4.807249999999999801e+00 1.000000000000000048e-04 6.986522443409794170e-02 1.000000000000000000e+00
-4.806499999999999773e+00 1.000000000000000048e-04 6.988014223498444089e-02 1.000000000000000000e+00
-4.805749999999999744e+00 1.000000000000000048e-04 6.989506325767293193e-02 1.000000000000000000e+00
-4.804999999999999716e+00 1.000000000000000048e-04 6.990998750301755105e-02 1.000000000000000000e+00
-4.804249999999999687e+00 1.000000000000000048e-04 6.992491497187280913e-02 1.000000000000000000e+00
-4.803499999999999659e+00 1.000000000000000048e-04 6.993984566509363343e-02 1.000000000000000000e+00
-4.802749999999999631e+00 1.000000000000000048e-04 6.995477958353535364e-02 1.000000000000000000e+00
-4.801999999999999602e+00 1.000000000000000048e-04 6.996971672805370190e-02 1.000000000000000000e+00
-4.801249999999999574e+00 1.000000000000000048e-04 6.998465709950485447e-02 1.000000000000000000e+00
-4.800499999999999545e+00 1.000000000000000048e-04 6.999960069874536228e-02 1.000000000000000000e+00
-4.799750000000000405e+00 1.000000000000000048e-04 7.001454752663215098e-02 1.000000000000000000e+00
-4.799000000000000377e+00 1.000000000000000048e-04 7.002949758402264580e-02 1.000000000000000000e+00
-4.798250000000000348e+00 1.000000000000000048e-04 7.004445087177461893e-02 1.000000000000000000e+00
-4.797500000000000320e+00 1.000000000000000048e-04 7.005940739074631440e-02 1.000000000000000000e+00
-4.796750000000000291e+00 1.000000000000000048e-04 7.007436714179625381e-02 1.000000000000000000e+00
-4.796000000000000263e+00 1.000000000000000048e-04 7.008933012578352773e-02 1.000000000000000000e+00
-4.795250000000000234e+00 1.000000000000000048e-04 7.010429634356751816e-02 1.000000000000000000e+00
-4.794500000000000206e+00 1.000000000000000048e-04 7.011926579600806508e-02 1.000000000000000000e+00
-4.793750000000000178e+00 1.000000000000000048e-04 7.013423848396543869e-02 1.000000000000000000e+00
-4.793000000000000149e+00 1.000000000000000048e-04 7.014921440830029775e-02 1.000000000000000000e+00
-4.792250000000000121e+00 1.000000000000000048e-04 7.016419356987374512e-02 1.000000000000000000e+00
-4.791500000000000092e+00 1.000000000000000048e-04 7.017917596954718895e-02 1.000000000000000000e+00
-4.790750000000000064e+00 1.000000000000000048e-04 7.019416160818262029e-02 1.000000000000000000e+00
-4.790000000000000036e+00 1.000000000000000048e-04 7.020915048664230773e-02 1.000000000000000000e+00
-4.789250000000000007e+00 1.000000000000000048e-04 7.022414260578893619e-02 1.000000000000000000e+00
-4.788499999999999979e+00 1.000000000000000048e-04 7.023913796648574570e-02 1.000000000000000000e+00
-4.787749999999999950e+00 1.000000000000000048e-04 7.025413656959619835e-02 1.000000000000000000e+00
-4.786999999999999922e+00 1.000000000000000048e-04 7.026913841598429744e-02 1.000000000000000000e+00
-4.786249999999999893e+00 1.000000000000000048e-04 7.028414350651444875e-02 1.000000000000000000e+00
-4.785499999999999865e+00 1.000000000000000048e-04 7.029915184205137724e-02 1.000000000000000000e+00
-4.784749999999999837e+00 1.000000000000000048e-04 7.031416342346039072e-02 1.000000000000000000e+00
-4.783999999999999808e+00 1.000000000000000048e-04 7.032917825160706071e-02 1.000000000000000000e+00
-4.783249999999999780e+00 1.000000000000000048e-04 7.034419632735743055e-02 1.000000000000000000e+00
-4.782499999999999751e+00 1.000000000000000048e-04 7.035921765157801544e-02 1.000000000000000000e+00
-4.781749999999999723e+00 1.000000000000000048e-04 7.037424222513559424e-02 1.000000000000000000e+00
-4.780999999999999694e+00 1.000000000000000048e-04 7.038927004889754258e-02 1.000000000000000000e+00
-4.780249999999999666e+00 1.000000000000000048e-04 7.040430112373154137e-02 1.000000000000000000e+00
-4.779499999999999638e+00 1.000000000000000048e-04 7.041933545050572951e-02 1.000000000000000000e+00
-4.778749999999999609e+00 1.000000000000000048e-04 7.043437303008863448e-02 1.000000000000000000e+00
-4.777999999999999581e+00 1.000000000000000048e-04 7.044941386334925559e-02 1.000000000000000000e+00
-4.777250000000000441e+00 1.000000000000000048e-04 7.046445795115689748e-02 1.000000000000000000e+00
-4.776500000000000412e+00 1.000000000000000048e-04 7.047950529438147538e-02 1.000000000000000000e+00
-4.775750000000000384e+00 1.000000000000000048e-04 7.049455589389314047e-02 1.000000000000000000e+00
-4.775000000000000355e+00 1.000000000000000048e-04 7.050960975056254354e-02 1.000000000000000000e+00
-4.774250000000000327e+00 1.000000000000000048e-04 7.052466686526077944e-02 1.000000000000000000e+00
-4.773500000000000298e+00 1.000000000000000048e-04 7.053972723885926221e-02 1.000000000000000000e+00
-4.772750000000000270e+00 1.000000000000000048e-04 7.055479087222991941e-02 1.000000000000000000e+00
-4.772000000000000242e+00 1.000000000000000048e-04 7.056985776624510875e-02 1.000000000000000000e+00
-4.771250000000000213e+00 1.000000000000000048e-04 7.058492792177750719e-02 1.000000000000000000e+00
-4.770500000000000185e+00 1.000000000000000048e-04 7.060000133970037450e-02 1.000000000000000000e+00
-4.769750000000000156e+00 1.000000000000000048e-04 7.061507802088717867e-02 1.000000000000000000e+00
-4.769000000000000128e+00 1.000000000000000048e-04 7.063015796621203990e-02 1.000000000000000000e+00
-4.768250000000000099e+00 1.000000000000000048e-04 7.064524117654925883e-02 1.000000000000000000e+00
-4.767500000000000071e+00 1.000000000000000048e-04 7.066032765277380223e-02 1.000000000000000000e+00
-4.766750000000000043e+00 1.000000000000000048e-04 7.067541739576091442e-02 1.000000000000000000e+00
-4.766000000000000014e+00 1.000000000000000048e-04 7.069051040638629768e-02 1.000000000000000000e+00
-4.765249999999999986e+00 1.000000000000000048e-04 7.070560668552602901e-02 1.000000000000000000e+00
-4.764499999999999957e+00 1.000000000000000048e-04 7.072070623405669887e-02 1.000000000000000000e+00
-4.763749999999999929e+00 1.000000000000000048e-04 7.073580905285525855e-02 1.000000000000000000e+00
-4.762999999999999901e+00 1.000000000000000048e-04 7.075091514279913119e-02 1.000000000000000000e+00
-4.762249999999999872e+00 1.000000000000000048e-04 7.076602450476611461e-02 1.000000000000000000e+00
-4.761499999999999844e+00 1.000000000000000048e-04 7.078113713963446463e-02 1.000000000000000000e+00
-4.760749999999999815e+00 1.000000000000000048e-04 7.079625304828282562e-02 1.000000000000000000e+00
-4.759999999999999787e+00 1.000000000000000048e-04 7.081137223159031380e-02 1.000000000000000000e+00
-4.759249999999999758e+00 1.000000000000000048e-04 7.082649469043648949e-02 1.000000000000000000e+00
-4.758499999999999730e+00 1.000000000000000048e-04 7.084162042570121831e-02 1.000000000000000000e+00
-4.757749999999999702e+00 1.000000000000000048e-04 7.085674943826494876e-02 1.000000000000000000e+00
-4.756999999999999673e+00 1.000000000000000048e-04 7.087188172900847627e-02 1.000000000000000000e+00
-4.756249999999999645e+00 1.000000000000000048e-04 7.088701729881299873e-02 1.000000000000000000e+00
-4.755499999999999616e+00 1.000000000000000048e-04 7.090215614856019977e-02 1.000000000000000000e+00
-4.754749999999999588e+00 1.000000000000000048e-04 7.091729827913219320e-02 1.000000000000000000e+00
-4.753999999999999559e+00 1.000000000000000048e-04 7.093244369141142591e-02 1.000000000000000000e+00
-4.753250000000000419e+00 1.000000000000000048e-04 7.094759238628088605e-02 1.000000000000000000e+00
-4.752500000000000391e+00 1.000000000000000048e-04 7.096274436462395030e-02 1.000000000000000000e+00
-4.751750000000000362e+00 1.000000000000000048e-04 7.097789962732443947e-02 1.000000000000000000e+00
-4.751000000000000334e+00 1.000000000000000048e-04 7.099305817526654905e-02 1.000000000000000000e+00
-4.750250000000000306e+00 1.000000000000000048e-04 7.100822000933496025e-02 1.000000000000000000e+00
-4.749500000000000277e+00 1.000000000000000048e-04 7.102338513041478452e-02 1.000000000000000000e+00
-4.748750000000000249e+00 1.000000000000000048e-04 7.103855353939152184e-02 1.000000000000000000e+00
-4.748000000000000220e+00 1.000000000000000048e-04 7.105372523715111632e-02 1.000000000000000000e+00
-4.747250000000000192e+00 1.000000000000000048e-04 7.106890022458001166e-02 1.000000000000000000e+00
-4.746500000000000163e+00 1.000000000000000048e-04 7.108407850256498461e-02 1.000000000000000000e+00
-4.745750000000000135e+00 1.000000000000000048e-04 7.109926007199329767e-02 1.000000000000000000e+00
-4.745000000000000107e+00 1.000000000000000048e-04 7.111444493375265741e-02 1.000000000000000000e+00
-4.744250000000000078e+00 1.000000000000000048e-04 7.112963308873111734e-02 1.000000000000000000e+00
-4.743500000000000050e+00 1.000000000000000048e-04 7.114482453781729998e-02 1.000000000000000000e+00
-4.742750000000000021e+00 1.000000000000000048e-04 7.116001928190018866e-02 1.000000000000000000e+00
-4.741999999999999993e+00 1.000000000000000048e-04 7.117521732186915528e-02 1.000000000000000000e+00
-4.741249999999999964e+00 1.000000000000000048e-04 7.119041865861408525e-02 1.000000000000000000e+00
-4.740499999999999936e+00 1.000000000000000048e-04 7.120562329302523863e-02 1.000000000000000000e+00
-4.739749999999999908e+00 1.000000000000000048e-04 7.122083122599338900e-02 1.000000000000000000e+00
-4.738999999999999879e+00 1.000000000000000048e-04 7.123604245840962912e-02 1.000000000000000000e+00
-4.738249999999999851e+00 1.000000000000000048e-04 7.125125699116559297e-02 1.000000000000000000e+00
-4.737499999999999822e+00 1.000000000000000048e-04 7.126647482515333087e-02 1.000000000000000000e+00
-4.736749999999999794e+00 1.000000000000000048e-04 7.128169596126524010e-02 1.000000000000000000e+00
-4.735999999999999766e+00 1.000000000000000048e-04 7.129692040039427303e-02 1.000000000000000000e+00
-4.735249999999999737e+00 1.000000000000000048e-04 7.131214814343377062e-02 1.000000000000000000e+00
-4.734499999999999709e+00 1.000000000000000048e-04 7.132737919127749016e-02 1.000000000000000000e+00
-4.733749999999999680e+00 1.000000000000000048e-04 7.134261354481964690e-02 1.000000000000000000e+00
-4.732999999999999652e+00 1.000000000000000048e-04 7.135785120495490019e-02 1.000000000000000000e+00
-4.732249999999999623e+00 1.000000000000000048e-04 7.137309217257833960e-02 1.000000000000000000e+00
-4.731499999999999595e+00 1.000000000000000048e-04 7.138833644858548488e-02 1.000000000000000000e+00
-4.730750000000000455e+00 1.000000000000000048e-04 7.140358403387229991e-02 1.000000000000000000e+00
-4.730000000000000426e+00 1.000000000000000048e-04 7.141883492933522037e-02 1.000000000000000000e+00
-4.729250000000000398e+00 1.000000000000000048e-04 7.143408913587107056e-02 1.000000000000000000e+00
-4.728500000000000369e+00 1.000000000000000048e-04 7.144934665437716048e-02 1.000000000000000000e+00
-4.727750000000000341e+00 1.000000000000000048e-04 7.146460748575117483e-02 1.000000000000000000e+00
-4.727000000000000313e+00 1.000000000000000048e-04 7.147987163089133955e-02 1.000000000000000000e+00
-4.726250000000000284e+00 1.000000000000000048e-04 7.149513909069618589e-02 1.000000000000000000e+00
-4.725500000000000256e+00 1.000000000000000048e-04 7.151040986606482797e-02 1.000000000000000000e+00
-4.724750000000000227e+00 1.000000000000000048e-04 7.152568395789671296e-02 1.000000000000000000e+00
-4.724000000000000199e+00 1.000000000000000048e-04 7.154096136709181541e-02 1.000000000000000000e+00
-4.723250000000000171e+00 1.000000000000000048e-04 7.155624209455049844e-02 1.000000000000000000e+00
-4.722500000000000142e+00 1.000000000000000048e-04 7.157152614117355538e-02 1.000000000000000000e+00
-4.721750000000000114e+00 1.000000000000000048e-04 7.158681350786229303e-02 1.000000000000000000e+00
-4.721000000000000085e+00 1.000000000000000048e-04 7.160210419551836514e-02 1.000000000000000000e+00
-4.720250000000000057e+00 1.000000000000000048e-04 7.161739820504398057e-02 1.000000000000000000e+00
-4.719500000000000028e+00 1.000000000000000048e-04 7.163269553734166739e-02 1.000000000000000000e+00
-4.718750000000000000e+00 1.000000000000000048e-04 7.164799619331452263e-02 1.000000000000000000e+00
-4.717999999999999972e+00 1.000000000000000048e-04 7.166330017386594864e-02 1.000000000000000000e+00
-4.717249999999999943e+00 1.000000000000000048e-04 7.167860747989995840e-02 1.000000000000000000e+00
-4.716499999999999915e+00 1.000000000000000048e-04 7.169391811232089795e-02 1.000000000000000000e+00
-4.715749999999999886e+00 1.000000000000000048e-04 7.170923207203354355e-02 1.000000000000000000e+00
-4.714999999999999858e+00 1.000000000000000048e-04 7.172454935994319880e-02 1.000000000000000000e+00
-4.714249999999999829e+00 1.000000000000000048e-04 7.173986997695559753e-02 1.000000000000000000e+00
-4.713499999999999801e+00 1.000000000000000048e-04 7.175519392397683438e-02 1.000000000000000000e+00
-4.712749999999999773e+00 1.000000000000000048e-04 7.177052120191357298e-02 1.000000000000000000e+00
-4.711999999999999744e+00 1.000000000000000048e-04 7.178585181167283780e-02 1.000000000000000000e+00
-4.711249999999999716e+00 1.000000000000000048e-04 7.180118575416213900e-02 1.000000000000000000e+00
-4.710499999999999687e+00 1.000000000000000048e-04 7.181652303028940310e-02 1.000000000000000000e+00
-4.709749999999999659e+00 1.000000000000000048e-04 7.183186364096304233e-02 1.000000000000000000e+00
-4.708999999999999631e+00 1.000000000000000048e-04 7.184720758709189914e-02 1.000000000000000000e+00
-4.708249999999999602e+00 1.000000000000000048e-04 7.186255486958524619e-02 1.000000000000000000e+00
-4.707499999999999574e+00 1.000000000000000048e-04 7.187790548935289736e-02 1.000000000000000000e+00
-4.706749999999999545e+00 1.000000000000000048e-04 7.189325944730501350e-02 1.000000000000000000e+00
-4.706000000000000405e+00 1.000000000000000048e-04 7.190861674435217177e-02 1.000000000000000000e+00
-4.705250000000000377e+00 1.000000000000000048e-04 7.192397738140557384e-02 1.000000000000000000e+00
-4.704500000000000348e+00 1.000000000000000048e-04 7.193934135937671281e-02 1.000000000000000000e+00
-4.703750000000000320e+00 1.000000000000000048e-04 7.195470867917758140e-02 1.000000000000000000e+00
-4.703000000000000291e+00 1.000000000000000048e-04 7.197007934172067189e-02 1.000000000000000000e+00
-4.702250000000000263e+00 1.000000000000000048e-04 7.198545334791879580e-02 1.000000000000000000e+00
-4.701500000000000234e+00 1.000000000000000048e-04 7.200083069868541685e-02 1.000000000000000000e+00
-4.700750000000000206e+00 1.000000000000000048e-04 7.201621139493424861e-02 1.000000000000000000e+00
-4.700000000000000178e+00 1.000000000000000048e-04 7.203159543757964300e-02 1.000000000000000000e+00
-4.699250000000000149e+00 1.000000000000000048e-04 7.204698282753624339e-02 1.000000000000000000e+00
-4.698500000000000121e+00 1.000000000000000048e-04 7.206237356571922048e-02 1.000000000000000000e+00
-4.697750000000000092e+00 1.000000000000000048e-04 7.207776765304423072e-02 1.000000000000000000e+00
-4.697000000000000064e+00 1.000000000000000048e-04 7.209316509042733301e-02 1.000000000000000000e+00
-4.696250000000000036e+00 1.000000000000000048e-04 7.210856587878503032e-02 1.000000000000000000e+00
-4.695500000000000007e+00 1.000000000000000048e-04 7.212397001903436689e-02 1.000000000000000000e+00
-4.694749999999999979e+00 1.000000000000000048e-04 7.213937751209273386e-02 1.000000000000000000e+00
-4.693999999999999950e+00 1.000000000000000048e-04 7.215478835887803588e-02 1.000000000000000000e+00
-4.693249999999999922e+00 1.000000000000000048e-04 7.217020256030866332e-02 1.000000000000000000e+00
-4.692499999999999893e+00 1.000000000000000048e-04 7.218562011730336736e-02 1.000000000000000000e+00
-4.691749999999999865e+00 1.000000000000000048e-04 7.220104103078145430e-02 1.000000000000000000e+00
-4.690999999999999837e+00 1.000000000000000048e-04 7.221646530166261901e-02 1.000000000000000000e+00
-4.690249999999999808e+00 1.000000000000000048e-04 7.223189293086711149e-02 1.000000000000000000e+00
-4.689499999999999780e+00 1.000000000000000048e-04 7.224732391931551478e-02 1.000000000000000000e+00
-4.688749999999999751e+00 1.000000000000000048e-04 7.226275826792892543e-02 1.000000000000000000e+00
-4.687999999999999723e+00 1.000000000000000048e-04 7.227819597762892567e-02 1.000000000000000000e+00
-4.687249999999999694e+00 1.000000000000000048e-04 7.229363704933751411e-02 1.000000000000000000e+00
-4.686499999999999666e+00 1.000000000000000048e-04 7.230908148397714730e-02 1.000000000000000000e+00
-4.685749999999999638e+00 1.000000000000000048e-04 7.232452928247083690e-02 1.000000000000000000e+00
-4.684999999999999609e+00 1.000000000000000048e-04 7.233998044574187214e-02 1.000000000000000000e+00
-4.684249999999999581e+00 1.000000000000000048e-04 7.235543497471419450e-02 1.000000000000000000e+00
-4.683500000000000441e+00 1.000000000000000048e-04 7.237089287031207852e-02 1.000000000000000000e+00
-4.682750000000000412e+00 1.000000000000000048e-04 7.238635413346029834e-02 1.000000000000000000e+00
-4.682000000000000384e+00 1.000000000000000048e-04 7.240181876508411385e-02 1.000000000000000000e+00
-4.681250000000000355e+00 1.000000000000000048e-04 7.241728676610925675e-02 1.000000000000000000e+00
-4.680500000000000327e+00 1.000000000000000048e-04 7.243275813746183345e-02 1.000000000000000000e+00
-4.679750000000000298e+00 1.000000000000000048e-04 7.244823288006850548e-02 1.000000000000000000e+00
-4.679000000000000270e+00 1.000000000000000048e-04 7.246371099485630907e-02 1.000000000000000000e+00
-4.678250000000000242e+00 1.000000000000000048e-04 7.247919248275289106e-02 1.000000000000000000e+00
-4.677500000000000213e+00 1.000000000000000048e-04 7.249467734468618973e-02 1.000000000000000000e+00
-4.676750000000000185e+00 1.000000000000000048e-04 7.251016558158472625e-02 1.000000000000000000e+00
-4.676000000000000156e+00 1.000000000000000048e-04 7.252565719437741032e-02 1.000000000000000000e+00
-4.675250000000000128e+00 1.000000000000000048e-04 7.254115218399369291e-02 1.000000000000000000e+00
-4.674500000000000099e+00 1.000000000000000048e-04 7.255665055136339969e-02 1.000000000000000000e+00
-4.673750000000000071e+00 1.000000000000000048e-04 7.257215229741693918e-02 1.000000000000000000e+00
-4.673000000000000043e+00 1.000000000000000048e-04 7.258765742308508073e-02 1.000000000000000000e+00
-4.672250000000000014e+00 1.000000000000000048e-04 7.260316592929905166e-02 1.000000000000000000e+00
-4.671499999999999986e+00 1.000000000000000048e-04 7.261867781699066215e-02 1.000000000000000000e+00
-4.670749999999999957e+00 1.000000000000000048e-04 7.263419308709209710e-02 1.000000000000000000e+00
-4.669999999999999929e+00 1.000000000000000048e-04 7.264971174053602709e-02 1.000000000000000000e+00
-4.669249999999999901e+00 1.000000000000000048e-04 7.266523377825559460e-02 1.000000000000000000e+00
-4.668499999999999872e+00 1.000000000000000048e-04 7.268075920118440003e-02 1.000000000000000000e+00
-4.667749999999999844e+00 1.000000000000000048e-04 7.269628801025654341e-02 1.000000000000000000e+00
-4.666999999999999815e+00 1.000000000000000048e-04 7.271182020640654109e-02 1.000000000000000000e+00
-4.666249999999999787e+00 1.000000000000000048e-04 7.272735579056942290e-02 1.000000000000000000e+00
-4.665499999999999758e+00 1.000000000000000048e-04 7.274289476368067664e-02 1.000000000000000000e+00
-4.664749999999999730e+00 1.000000000000000048e-04 7.275843712667628971e-02 1.000000000000000000e+00
-4.663999999999999702e+00 1.000000000000000048e-04 7.277398288049263808e-02 1.000000000000000000e+00
-4.663249999999999673e+00 1.000000000000000048e-04 7.278953202606662509e-02 1.000000000000000000e+00
-4.662499999999999645e+00 1.000000000000000048e-04 7.280508456433566755e-02 1.000000000000000000e+00
-4.661749999999999616e+00 1.000000000000000048e-04 7.282064049623748758e-02 1.000000000000000000e+00
-4.660999999999999588e+00 1.000000000000000048e-04 7.283619982271052895e-02 1.000000000000000000e+00
-4.660249999999999559e+00 1.000000000000000048e-04 7.285176254469352686e-02 1.000000000000000000e+00
-4.659499999999999531e+00 1.000000000000000048e-04 7.286732866312571610e-02 1.000000000000000000e+00
-4.658750000000000391e+00 1.000000000000000048e-04 7.288289817894681721e-02 1.000000000000000000e+00
-4.658000000000000362e+00 1.000000000000000048e-04 7.289847109309706419e-02 1.000000000000000000e+00
-4.657250000000000334e+00 1.000000000000000048e-04 7.291404740651710736e-02 1.000000000000000000e+00
-4.656500000000000306e+00 1.000000000000000048e-04 7.292962712014811055e-02 1.000000000000000000e+00
-4.655750000000000277e+00 1.000000000000000048e-04 7.294521023493170941e-02 1.000000000000000000e+00
-4.655000000000000249e+00 1.000000000000000048e-04 7.296079675180992818e-02 1.000000000000000000e+00
-4.654250000000000220e+00 1.000000000000000048e-04 7.297638667172542948e-02 1.000000000000000000e+00
-4.653500000000000192e+00 1.000000000000000048e-04 7.299197999562122285e-02 1.000000000000000000e+00
-4.652750000000000163e+00 1.000000000000000048e-04 7.300757672444083135e-02 1.000000000000000000e+00
-4.652000000000000135e+00 1.000000000000000048e-04 7.302317685912826373e-02 1.000000000000000000e+00
-4.651250000000000107e+00 1.000000000000000048e-04 7.303878040062800059e-02 1.000000000000000000e+00
-4.650500000000000078e+00 1.000000000000000048e-04 7.305438734988495275e-02 1.000000000000000000e+00
-4.649750000000000050e+00 1.000000000000000048e-04 7.306999770784458614e-02 1.000000000000000000e+00
-4.649000000000000021e+00 1.000000000000000048e-04 7.308561147545282466e-02 1.000000000000000000e+00
-4.648249999999999993e+00 1.000000000000000048e-04 7.310122865365599465e-02 1.000000000000000000e+00
-4.647499999999999964e+00 1.000000000000000048e-04 7.311684924340100533e-02 1.000000000000000000e+00
-4.646749999999999936e+00 1.000000000000000048e-04 7.313247324563522389e-02 1.000000000000000000e+00
-4.645999999999999908e+00 1.000000000000000048e-04 7.314810066130640609e-02 1.000000000000000000e+00
-4.645249999999999879e+00 1.000000000000000048e-04 7.316373149136287668e-02 1.000000000000000000e+00
-4.644499999999999851e+00 1.000000000000000048e-04 7.317936573675343226e-02 1.000000000000000000e+00
-4.643749999999999822e+00 1.000000000000000048e-04 7.319500339842734127e-02 1.000000000000000000e+00
-4.642999999999999794e+00 1.000000000000000048e-04 7.321064447733431624e-02 1.000000000000000000e+00
-4.642249999999999766e+00 1.000000000000000048e-04 7.322628897442459706e-02 1.000000000000000000e+00
-4.641499999999999737e+00 1.000000000000000048e-04 7.324193689064890933e-02 1.000000000000000000e+00
-4.640749999999999709e+00 1.000000000000000048e-04 7.325758822695839501e-02 1.000000000000000000e+00
-4.639999999999999680e+00 1.000000000000000048e-04 7.327324298430475114e-02 1.000000000000000000e+00
-4.639249999999999652e+00 1.000000000000000048e-04 7.328890116364010499e-02 1.000000000000000000e+00
-4.638499999999999623e+00 1.000000000000000048e-04 7.330456276591706954e-02 1.000000000000000000e+00
-4.637749999999999595e+00 1.000000000000000048e-04 7.332022779208884067e-02 1.000000000000000000e+00
-4.637000000000000455e+00 1.000000000000000048e-04 7.333589624310893340e-02 1.000000000000000000e+00
-4.636250000000000426e+00 1.000000000000000048e-04 7.335156811993152892e-02 1.000000000000000000e+00
-4.635500000000000398e+00 1.000000000000000048e-04 7.336724342351109984e-02 1.000000000000000000e+00
-4.634750000000000369e+00 1.000000000000000048e-04 7.338292215480270164e-02 1.000000000000000000e+00
-4.634000000000000341e+00 1.000000000000000048e-04 7.339860431476195879e-02 1.000000000000000000e+00
-4.633250000000000313e+00 1.000000000000000048e-04 7.341428990434482882e-02 1.000000000000000000e+00
-4.632500000000000284e+00 1.000000000000000048e-04 7.342997892450781050e-02 1.000000000000000000e+00
-4.631750000000000256e+00 1.000000000000000048e-04 7.344567137620794384e-02 1.000000000000000000e+00
-4.631000000000000227e+00 1.000000000000000048e-04 7.346136726040269904e-02 1.000000000000000000e+00
-4.630250000000000199e+00 1.000000000000000048e-04 7.347706657804999042e-02 1.000000000000000000e+00
-4.629500000000000171e+00 1.000000000000000048e-04 7.349276933010834290e-02 1.000000000000000000e+00
-4.628750000000000142e+00 1.000000000000000048e-04 7.350847551753669773e-02 1.000000000000000000e+00
-4.628000000000000114e+00 1.000000000000000048e-04 7.352418514129444027e-02 1.000000000000000000e+00
-4.627250000000000085e+00 1.000000000000000048e-04 7.353989820234151098e-02 1.000000000000000000e+00
-4.626500000000000057e+00 1.000000000000000048e-04 7.355561470163832216e-02 1.000000000000000000e+00
-4.625750000000000028e+00 1.000000000000000048e-04 7.357133464014577184e-02 1.000000000000000000e+00
-4.625000000000000000e+00 1.000000000000000048e-04 7.358705801882527153e-02 1.000000000000000000e+00
-4.624249999999999972e+00 1.000000000000000048e-04 7.360278483863863519e-02 1.000000000000000000e+00
-4.623499999999999943e+00 1.000000000000000048e-04 7.361851510054830128e-02 1.000000000000000000e+00
-4.622749999999999915e+00 1.000000000000000048e-04 7.363424880551709684e-02 1.000000000000000000e+00
-4.621999999999999886e+00 1.000000000000000048e-04 7.364998595450836238e-02 1.000000000000000000e+00
-4.621249999999999858e+00 1.000000000000000048e-04 7.366572654848595192e-02 1.000000000000000000e+00
-4.620499999999999829e+00 1.000000000000000048e-04 7.368147058841423291e-02 1.000000000000000000e+00
-4.619749999999999801e+00 1.000000000000000048e-04 7.369721807525798918e-02 1.000000000000000000e+00
-4.618999999999999773e+00 1.000000000000000048e-04 7.371296900998253188e-02 1.000000000000000000e+00
-4.618249999999999744e+00 1.000000000000000048e-04 7.372872339355367177e-02 1.000000000000000000e+00
-4.617499999999999716e+00 1.000000000000000048e-04 7.374448122693777474e-02 1.000000000000000000e+00
-4.616749999999999687e+00 1.000000000000000048e-04 7.376024251110155361e-02 1.000000000000000000e+00
-4.615999999999999659e+00 1.000000000000000048e-04 7.377600724701238732e-02 1.000000000000000000e+00
-4.615249999999999631e+00 1.000000000000000048e-04 7.379177543563798791e-02 1.000000000000000000e+00
-4.614499999999999602e+00 1.000000000000000048e-04 7.380754707794670577e-02 1.000000000000000000e+00
-4.613749999999999574e+00 1.000000000000000048e-04 7.382332217490725212e-02 1.000000000000000000e+00
-4.612999999999999545e+00 1.000000000000000048e-04 7.383910072748893494e-02 1.000000000000000000e+00
-4.612250000000000405e+00 1.000000000000000048e-04 7.385488273666150627e-02 1.000000000000000000e+00
-4.611500000000000377e+00 1.000000000000000048e-04 7.387066820339525941e-02 1.000000000000000000e+00
-4.610750000000000348e+00 1.000000000000000048e-04 7.388645712866095949e-02 1.000000000000000000e+00
-4.610000000000000320e+00 1.000000000000000048e-04 7.390224951342988513e-02 1.000000000000000000e+00
-4.609250000000000291e+00 1.000000000000000048e-04 7.391804535867371739e-02 1.000000000000000000e+00
-4.608500000000000263e+00 1.000000000000000048e-04 7.393384466536477573e-02 1.000000000000000000e+00
-4.607750000000000234e+00 1.000000000000000048e-04 7.394964743447578204e-02 1.000000000000000000e+00
-4.607000000000000206e+00 1.000000000000000048e-04 7.396545366698002721e-02 1.000000000000000000e+00
-4.606250000000000178e+00 1.000000000000000048e-04 7.398126336385121848e-02 1.000000000000000000e+00
-4.605500000000000149e+00 1.000000000000000048e-04 7.399707652606367370e-02 1.000000000000000000e+00
-4.604750000000000121e+00 1.000000000000000048e-04 7.401289315459204377e-02 1.000000000000000000e+00
-4.604000000000000092e+00 1.000000000000000048e-04 7.402871325041168737e-02 1.000000000000000000e+00
-4.603250000000000064e+00 1.000000000000000048e-04 7.404453681449826852e-02 1.000000000000000000e+00
-4.602500000000000036e+00 1.000000000000000048e-04 7.406036384782811732e-02 1.000000000000000000e+00
-4.601750000000000007e+00 1.000000000000000048e-04 7.407619435137796637e-02 1.000000000000000000e+00
-4.600999999999999979e+00 1.000000000000000048e-04 7.409202832612506173e-02 1.000000000000000000e+00
-4.600249999999999950e+00 1.000000000000000048e-04 7.410786577304713518e-02 1.000000000000000000e+00
-4.599499999999999922e+00 1.000000000000000048e-04 7.412370669312250138e-02 1.000000000000000000e+00
-4.598749999999999893e+00 1.000000000000000048e-04 7.413955108732989130e-02 1.000000000000000000e+00
-4.597999999999999865e+00 1.000000000000000048e-04 7.415539895664863268e-02 1.000000000000000000e+00
-4.597249999999999837e+00 1.000000000000000048e-04 7.417125030205841407e-02 1.000000000000000000e+00
-4.596499999999999808e+00 1.000000000000000048e-04 7.418710512453957628e-02 1.000000000000000000e+00
-4.595749999999999780e+00 1.000000000000000048e-04 7.420296342507289034e-02 1.000000000000000000e+00
-4.594999999999999751e+00 1.000000000000000048e-04 7.421882520463964072e-02 1.000000000000000000e+00
-4.594249999999999723e+00 1.000000000000000048e-04 7.423469046422158379e-02 1.000000000000000000e+00
-4.593499999999999694e+00 1.000000000000000048e-04 7.425055920480105875e-02 1.000000000000000000e+00
-4.592749999999999666e+00 1.000000000000000048e-04 7.426643142736084890e-02 1.000000000000000000e+00
-4.591999999999999638e+00 1.000000000000000048e-04 7.428230713288430653e-02 1.000000000000000000e+00
-4.591249999999999609e+00 1.000000000000000048e-04 7.429818632235520026e-02 1.000000000000000000e+00
-4.590499999999999581e+00 1.000000000000000048e-04 7.431406899675790934e-02 1.000000000000000000e+00
-4.589750000000000441e+00 1.000000000000000048e-04 7.432995515707720158e-02 1.000000000000000000e+00
-4.589000000000000412e+00 1.000000000000000048e-04 7.434584480429848319e-02 1.000000000000000000e+00
-4.588250000000000384e+00 1.000000000000000048e-04 7.436173793940756283e-02 1.000000000000000000e+00
-4.587500000000000355e+00 1.000000000000000048e-04 7.437763456339083201e-02 1.000000000000000000e+00
-4.586750000000000327e+00 1.000000000000000048e-04 7.439353467723514024e-02 1.000000000000000000e+00
-4.586000000000000298e+00 1.000000000000000048e-04 7.440943828192789211e-02 1.000000000000000000e+00
-4.585250000000000270e+00 1.000000000000000048e-04 7.442534537845690856e-02 1.000000000000000000e+00
-4.584500000000000242e+00 1.000000000000000048e-04 7.444125596781067666e-02 1.000000000000000000e+00
-4.583750000000000213e+00 1.000000000000000048e-04 7.445717005097805818e-02 1.000000000000000000e+00
-4.583000000000000185e+00 1.000000000000000048e-04 7.447308762894847001e-02 1.000000000000000000e+00
-4.582250000000000156e+00 1.000000000000000048e-04 7.448900870271187025e-02 1.000000000000000000e+00
-4.581500000000000128e+00 1.000000000000000048e-04 7.450493327325868886e-02 1.000000000000000000e+00
-4.580750000000000099e+00 1.000000000000000048e-04 7.452086134157992481e-02 1.000000000000000000e+00
-4.580000000000000071e+00 1.000000000000000048e-04 7.453679290866699336e-02 1.000000000000000000e+00
-4.579250000000000043e+00 1.000000000000000048e-04 7.455272797551190656e-02 1.000000000000000000e+00
-4.578500000000000014e+00 1.000000000000000048e-04 7.456866654310717601e-02 1.000000000000000000e+00
-4.577749999999999986e+00 1.000000000000000048e-04 7.458460861244579909e-02 1.000000000000000000e+00
-4.576999999999999957e+00 1.000000000000000048e-04 7.460055418452128662e-02 1.000000000000000000e+00
-4.576249999999999929e+00 1.000000000000000048e-04 7.461650326032769065e-02 1.000000000000000000e+00
-4.575499999999999901e+00 1.000000000000000048e-04 7.463245584085959061e-02 1.000000000000000000e+00
-4.574749999999999872e+00 1.000000000000000048e-04 7.464841192711207940e-02 1.000000000000000000e+00
-4.573999999999999844e+00 1.000000000000000048e-04 7.466437152008069400e-02 1.000000000000000000e+00
-4.573249999999999815e+00 1.000000000000000048e-04 7.468033462076158202e-02 1.000000000000000000e+00
-4.572499999999999787e+00 1.000000000000000048e-04 7.469630123015133516e-02 1.000000000000000000e+00
-4.571749999999999758e+00 1.000000000000000048e-04 7.471227134924711411e-02 1.000000000000000000e+00
-4.570999999999999730e+00 1.000000000000000048e-04 7.472824497904655139e-02 1.000000000000000000e+00
-4.570249999999999702e+00 1.000000000000000048e-04 7.474422212054790404e-02 1.000000000000000000e+00
-4.569499999999999673e+00 1.000000000000000048e-04 7.476020277474977604e-02 1.000000000000000000e+00
-4.568749999999999645e+00 1.000000000000000048e-04 7.477618694265139587e-02 1.000000000000000000e+00
-4.567999999999999616e+00 1.000000000000000048e-04 7.479217462525254712e-02 1.000000000000000000e+00
-4.567249999999999588e+00 1.000000000000000048e-04 7.480816582355344357e-02 1.000000000000000000e+00
-4.566499999999999559e+00 1.000000000000000048e-04 7.482416053855488192e-02 1.000000000000000000e+00
-4.565749999999999531e+00 1.000000000000000048e-04 7.484015877125814453e-02 1.000000000000000000e+00
-4.565000000000000391e+00 1.000000000000000048e-04 7.485616052266502729e-02 1.000000000000000000e+00
-4.564250000000000362e+00 1.000000000000000048e-04 7.487216579377790893e-02 1.000000000000000000e+00
-4.563500000000000334e+00 1.000000000000000048e-04 7.488817458559966778e-02 1.000000000000000000e+00
-4.562750000000000306e+00 1.000000000000000048e-04 7.490418689913361239e-02 1.000000000000000000e+00
-4.562000000000000277e+00 1.000000000000000048e-04 7.492020273538370356e-02 1.000000000000000000e+00
-4.561250000000000249e+00 1.000000000000000048e-04 7.493622209535433232e-02 1.000000000000000000e+00
-4.560500000000000220e+00 1.000000000000000048e-04 7.495224498005045866e-02 1.000000000000000000e+00
-4.559750000000000192e+00 1.000000000000000048e-04 7.496827139047758382e-02 1.000000000000000000e+00
-4.559000000000000163e+00 1.000000000000000048e-04 7.498430132764169476e-02 1.000000000000000000e+00
-4.558250000000000135e+00 1.000000000000000048e-04 7.500033479254929192e-02 1.000000000000000000e+00
-4.557500000000000107e+00 1.000000000000000048e-04 7.501637178620745861e-02 1.000000000000000000e+00
-4.556750000000000078e+00 1.000000000000000048e-04 7.503241230962373609e-02 1.000000000000000000e+00
-4.556000000000000050e+00 1.000000000000000048e-04 7.504845636380623464e-02 1.000000000000000000e+00
-4.555250000000000021e+00 1.000000000000000048e-04 7.506450394976360574e-02 1.000000000000000000e+00
-4.554499999999999993e+00 1.000000000000000048e-04 7.508055506850495886e-02 1.000000000000000000e+00
-4.553749999999999964e+00 1.000000000000000048e-04 7.509660972104002796e-02 1.000000000000000000e+00
-4.552999999999999936e+00 1.000000000000000048e-04 7.511266790837897722e-02 1.000000000000000000e+00
-4.552249999999999908e+00 1.000000000000000048e-04 7.512872963153256756e-02 1.000000000000000000e+00
-4.551499999999999879e+00 1.000000000000000048e-04 7.514479489151203173e-02 1.000000000000000000e+00
-4.550749999999999851e+00 1.000000000000000048e-04 7.516086368932918538e-02 1.000000000000000000e+00
-4.549999999999999822e+00 1.000000000000000048e-04 7.517693602599638536e-02 1.000000000000000000e+00
-4.549249999999999794e+00 1.000000000000000048e-04 7.519301190252646039e-02 1.000000000000000000e+00
-4.548499999999999766e+00 1.000000000000000048e-04 7.520909131993273877e-02 1.000000000000000000e+00
-4.547749999999999737e+00 1.000000000000000048e-04 7.522517427922918720e-02 1.000000000000000000e+00
-4.546999999999999709e+00 1.000000000000000048e-04 7.524126078143023033e-02 1.000000000000000000e+00
-4.546249999999999680e+00 1.000000000000000048e-04 7.525735082755088956e-02 1.000000000000000000e+00
-4.545499999999999652e+00 1.000000000000000048e-04 7.527344441860658875e-02 1.000000000000000000e+00
-4.544749999999999623e+00 1.000000000000000048e-04 7.528954155561343176e-02 1.000000000000000000e+00
-4.543999999999999595e+00 1.000000000000000048e-04 7.530564223958795267e-02 1.000000000000000000e+00
-4.543250000000000455e+00 1.000000000000000048e-04 7.532174647154726843e-02 1.000000000000000000e+00
-4.542500000000000426e+00 1.000000000000000048e-04 7.533785425250903722e-02 1.000000000000000000e+00
-4.541750000000000398e+00 1.000000000000000048e-04 7.535396558349141682e-02 1.000000000000000000e+00
-4.541000000000000369e+00 1.000000000000000048e-04 7.537008046551309237e-02 1.000000000000000000e+00
-4.540250000000000341e+00 1.000000000000000048e-04 7.538619889959331799e-02 1.000000000000000000e+00
-4.539500000000000313e+00 1.000000000000000048e-04 7.540232088675188904e-02 1.000000000000000000e+00
-4.538750000000000284e+00 1.000000000000000048e-04 7.541844642800907272e-02 1.000000000000000000e+00
-4.538000000000000256e+00 1.000000000000000048e-04 7.543457552438576075e-02 1.000000000000000000e+00
-4.537250000000000227e+00 1.000000000000000048e-04 7.545070817690333054e-02 1.000000000000000000e+00
-4.536500000000000199e+00 1.000000000000000048e-04 7.546684438658365912e-02 1.000000000000000000e+00
-4.535750000000000171e+00 1.000000000000000048e-04 7.548298415444923415e-02 1.000000000000000000e+00
-4.535000000000000142e+00 1.000000000000000048e-04 7.549912748152307063e-02 1.000000000000000000e+00
-4.534250000000000114e+00 1.000000000000000048e-04 7.551527436882864153e-02 1.000000000000000000e+00
-4.533500000000000085e+00 1.000000000000000048e-04 7.553142481739005820e-02 1.000000000000000000e+00
-4.532750000000000057e+00 1.000000000000000048e-04 7.554757882823188997e-02 1.000000000000000000e+00
-4.532000000000000028e+00 1.000000000000000048e-04 7.556373640237937228e-02 1.000000000000000000e+00
-4.531250000000000000e+00 1.000000000000000048e-04 7.557989754085811529e-02 1.000000000000000000e+00
-4.530499999999999972e+00 1.000000000000000048e-04 7.559606224469435365e-02 1.000000000000000000e+00
-4.529749999999999943e+00 1.000000000000000048e-04 7.561223051491491876e-02 1.000000000000000000e+00
-4.528999999999999915e+00 1.000000000000000048e-04 7.562840235254703058e-02 1.000000000000000000e+00
-4.528249999999999886e+00 1.000000000000000048e-04 7.564457775861857525e-02 1.000000000000000000e+00
-4.527499999999999858e+00 1.000000000000000048e-04 7.566075673415798009e-02 1.000000000000000000e+00
-4.526749999999999829e+00 1.000000000000000048e-04 7.567693928019414429e-02 1.000000000000000000e+00
-4.525999999999999801e+00 1.000000000000000048e-04 7.569312539775652215e-02 1.000000000000000000e+00
-4.525249999999999773e+00 1.000000000000000048e-04 7.570931508787517861e-02 1.000000000000000000e+00
-4.524499999999999744e+00 1.000000000000000048e-04 7.572550835158067817e-02 1.000000000000000000e+00
-4.523749999999999716e+00 1.000000000000000048e-04 7.574170518990405720e-02 1.000000000000000000e+00
-4.522999999999999687e+00 1.000000000000000048e-04 7.575790560387708761e-02 1.000000000000000000e+00
-4.522249999999999659e+00 1.000000000000000048e-04 7.577410959453187433e-02 1.000000000000000000e+00
-4.521499999999999631e+00 1.000000000000000048e-04 7.579031716290116072e-02 1.000000000000000000e+00
-4.520749999999999602e+00 1.000000000000000048e-04 7.580652831001828684e-02 1.000000000000000000e+00
-4.519999999999999574e+00 1.000000000000000048e-04 7.582274303691702300e-02 1.000000000000000000e+00
-4.519249999999999545e+00 1.000000000000000048e-04 7.583896134463180561e-02 1.000000000000000000e+00
-4.518500000000000405e+00 1.000000000000000048e-04 7.585518323419750131e-02 1.000000000000000000e+00
-4.517750000000000377e+00 1.000000000000000048e-04 7.587140870664964287e-02 1.000000000000000000e+00
-4.517000000000000348e+00 1.000000000000000048e-04 7.588763776302423492e-02 1.000000000000000000e+00
-4.516250000000000320e+00 1.000000000000000048e-04 7.590387040435782329e-02 1.000000000000000000e+00
-4.515500000000000291e+00 1.000000000000000048e-04 7.592010663168753670e-02 1.000000000000000000e+00
-4.514750000000000263e+00 1.000000000000000048e-04 7.593634644605104511e-02 1.000000000000000000e+00
-4.514000000000000234e+00 1.000000000000000048e-04 7.595258984848654582e-02 1.000000000000000000e+00
-4.513250000000000206e+00 1.000000000000000048e-04 7.596883684003286064e-02 1.000000000000000000e+00
-4.512500000000000178e+00 1.000000000000000048e-04 7.598508742172925545e-02 1.000000000000000000e+00
-4.511750000000000149e+00 1.000000000000000048e-04 7.600134159461557903e-02 1.000000000000000000e+00
-4.511000000000000121e+00 1.000000000000000048e-04 7.601759935973230464e-02 1.000000000000000000e+00
-4.510250000000000092e+00 1.000000000000000048e-04 7.603386071812034963e-02 1.000000000000000000e+00
-4.509500000000000064e+00 1.000000000000000048e-04 7.605012567082128361e-02 1.000000000000000000e+00
-4.508750000000000036e+00 1.000000000000000048e-04 7.606639421887716190e-02 1.000000000000000000e+00
-4.508000000000000007e+00 1.000000000000000048e-04 7.608266636333060884e-02 1.000000000000000000e+00
-4.507249999999999979e+00 1.000000000000000048e-04 7.609894210522480384e-02 1.000000000000000000e+00
-4.506499999999999950e+00 1.000000000000000048e-04 7.611522144560342595e-02 1.000000000000000000e+00
-4.505749999999999922e+00 1.000000000000000048e-04 7.613150438551087584e-02 1.000000000000000000e+00
-4.504999999999999893e+00 1.000000000000000048e-04 7.614779092599191501e-02 1.000000000000000000e+00
-4.504249999999999865e+00 1.000000000000000048e-04 7.616408106809194334e-02 1.000000000000000000e+00
-4.503499999999999837e+00 1.000000000000000048e-04 7.618037481285697132e-02 1.000000000000000000e+00
-4.502749999999999808e+00 1.000000000000000048e-04 7.619667216133341192e-02 1.000000000000000000e+00
-4.501999999999999780e+00 1.000000000000000048e-04 7.621297311456839974e-02 1.000000000000000000e+00
-4.501249999999999751e+00 1.000000000000000048e-04 7.622927767360956897e-02 1.000000000000000000e+00
-4.500499999999999723e+00 1.000000000000000048e-04 7.624558583950503954e-02 1.000000000000000000e+00
-4.499749999999999694e+00 1.000000000000000048e-04 7.626189761330355588e-02 1.000000000000000000e+00
-4.498999999999999666e+00 1.000000000000000048e-04 7.627821299605445915e-02 1.000000000000000000e+00
-4.498249999999999638e+00 1.000000000000000048e-04 7.629453198880759013e-02 1.000000000000000000e+00
-4.497499999999999609e+00 1.000000000000000048e-04 7.631085459261333082e-02 1.000000000000000000e+00
-4.496750000000000469e+00 1.000000000000000048e-04 7.632718080852264608e-02 1.000000000000000000e+00
-4.496000000000000441e+00 1.000000000000000048e-04 7.634351063758709754e-02 1.000000000000000000e+00
-4.495250000000000412e+00 1.000000000000000048e-04 7.635984408085877417e-02 1.000000000000000000e+00
-4.494500000000000384e+00 1.000000000000000048e-04 7.637618113939030617e-02 1.000000000000000000e+00
-4.493750000000000355e+00 1.000000000000000048e-04 7.639252181423494825e-02 1.000000000000000000e+00
-4.493000000000000327e+00 1.000000000000000048e-04 7.640886610644639920e-02 1.000000000000000000e+00
-4.492250000000000298e+00 1.000000000000000048e-04 7.642521401707906559e-02 1.000000000000000000e+00
-4.491500000000000270e+00 1.000000000000000048e-04 7.644156554718779806e-02 1.000000000000000000e+00
-4.490750000000000242e+00 1.000000000000000048e-04 7.645792069782809952e-02 1.000000000000000000e+00
-4.490000000000000213e+00 1.000000000000000048e-04 7.647427947005595861e-02 1.000000000000000000e+00
-4.489250000000000185e+00 1.000000000000000048e-04 7.649064186492798845e-02 1.000000000000000000e+00
-4.488500000000000156e+00 1.000000000000000048e-04 7.650700788350132953e-02 1.000000000000000000e+00
-4.487750000000000128e+00 1.000000000000000048e-04 7.652337752683370520e-02 1.000000000000000000e+00
-4.487000000000000099e+00 1.000000000000000048e-04 7.653975079598336617e-02 1.000000000000000000e+00
-4.486250000000000071e+00 1.000000000000000048e-04 7.655612769200920154e-02 1.000000000000000000e+00
-4.485500000000000043e+00 1.000000000000000048e-04 7.657250821597059998e-02 1.000000000000000000e+00
-4.484750000000000014e+00 1.000000000000000048e-04 7.658889236892754693e-02 1.000000000000000000e+00
-4.483999999999999986e+00 1.000000000000000048e-04 7.660528015194059681e-02 1.000000000000000000e+00
-4.483249999999999957e+00 1.000000000000000048e-04 7.662167156607084528e-02 1.000000000000000000e+00
-4.482499999999999929e+00 1.000000000000000048e-04 7.663806661237998474e-02 1.000000000000000000e+00
-4.481749999999999901e+00 1.000000000000000048e-04 7.665446529193026270e-02 1.000000000000000000e+00
-4.480999999999999872e+00 1.000000000000000048e-04 7.667086760578452342e-02 1.000000000000000000e+00
-4.480249999999999844e+00 1.000000000000000048e-04 7.668727355500608300e-02 1.000000000000000000e+00
-4.479499999999999815e+00 1.000000000000000048e-04 7.670368314065897919e-02 1.000000000000000000e+00
-4.478749999999999787e+00 1.000000000000000048e-04 7.672009636380767994e-02 1.000000000000000000e+00
-4.477999999999999758e+00 1.000000000000000048e-04 7.673651322551731935e-02 1.000000000000000000e+00
-4.477249999999999730e+00 1.000000000000000048e-04 7.675293372685351723e-02 1.000000000000000000e+00
-4.476499999999999702e+00 1.000000000000000048e-04 7.676935786888255953e-02 1.000000000000000000e+00
-4.475749999999999673e+00 1.000000000000000048e-04 7.678578565267125955e-02 1.000000000000000000e+00
-4.474999999999999645e+00 1.000000000000000048e-04 7.680221707928695796e-02 1.000000000000000000e+00
-4.474249999999999616e+00 1.000000000000000048e-04 7.681865214979763379e-02 1.000000000000000000e+00
-4.473499999999999588e+00 1.000000000000000048e-04 7.683509086527180731e-02 1.000000000000000000e+00
-4.472749999999999559e+00 1.000000000000000048e-04 7.685153322677859555e-02 1.000000000000000000e+00
-4.471999999999999531e+00 1.000000000000000048e-04 7.686797923538764288e-02 1.000000000000000000e+00
-4.471249999999999503e+00 1.000000000000000048e-04 7.688442889216924592e-02 1.000000000000000000e+00
-4.470500000000000362e+00 1.000000000000000048e-04 7.690088219819414539e-02 1.000000000000000000e+00
-4.469750000000000334e+00 1.000000000000000048e-04 7.691733915453384529e-02 1.000000000000000000e+00
-4.469000000000000306e+00 1.000000000000000048e-04 7.693379976226027983e-02 1.000000000000000000e+00
-4.468250000000000277e+00 1.000000000000000048e-04 7.695026402244593833e-02 1.000000000000000000e+00
-4.467500000000000249e+00 1.000000000000000048e-04 7.696673193616405950e-02 1.000000000000000000e+00
-4.466750000000000220e+00 1.000000000000000048e-04 7.698320350448825677e-02 1.000000000000000000e+00
-4.466000000000000192e+00 1.000000000000000048e-04 7.699967872849286521e-02 1.000000000000000000e+00
-4.465250000000000163e+00 1.000000000000000048e-04 7.701615760925273335e-02 1.000000000000000000e+00
-4.464500000000000135e+00 1.000000000000000048e-04 7.703264014784326486e-02 1.000000000000000000e+00
-4.463750000000000107e+00 1.000000000000000048e-04 7.704912634534051563e-02 1.000000000000000000e+00
-4.463000000000000078e+00 1.000000000000000048e-04 7.706561620282106895e-02 1.000000000000000000e+00
-4.462250000000000050e+00 1.000000000000000048e-04 7.708210972136213257e-02 1.000000000000000000e+00
-4.461500000000000021e+00 1.000000000000000048e-04 7.709860690204139999e-02 1.000000000000000000e+00
-4.460749999999999993e+00 1.000000000000000048e-04 7.711510774593731410e-02 1.000000000000000000e+00
-4.459999999999999964e+00 1.000000000000000048e-04 7.713161225412863697e-02 1.000000000000000000e+00
-4.459249999999999936e+00 1.000000000000000048e-04 7.714812042769499112e-02 1.000000000000000000e+00
-4.458499999999999908e+00 1.000000000000000048e-04 7.716463226771644313e-02 1.000000000000000000e+00
-4.457749999999999879e+00 1.000000000000000048e-04 7.718114777527362858e-02 1.000000000000000000e+00
-4.456999999999999851e+00 1.000000000000000048e-04 7.719766695144777979e-02 1.000000000000000000e+00
-4.456249999999999822e+00 1.000000000000000048e-04 7.721418979732079524e-02 1.000000000000000000e+00
-4.455499999999999794e+00 1.000000000000000048e-04 7.723071631397500358e-02 1.000000000000000000e+00
-4.454749999999999766e+00 1.000000000000000048e-04 7.724724650249346902e-02 1.000000000000000000e+00
-4.453999999999999737e+00 1.000000000000000048e-04 7.726378036395976923e-02 1.000000000000000000e+00
-4.453249999999999709e+00 1.000000000000000048e-04 7.728031789945802310e-02 1.000000000000000000e+00
-4.452499999999999680e+00 1.000000000000000048e-04 7.729685911007305732e-02 1.000000000000000000e+00
-4.451749999999999652e+00 1.000000000000000048e-04 7.731340399689015652e-02 1.000000000000000000e+00
-4.450999999999999623e+00 1.000000000000000048e-04 7.732995256099528536e-02 1.000000000000000000e+00
-4.450250000000000483e+00 1.000000000000000048e-04 7.734650480347490809e-02 1.000000000000000000e+00
-4.449500000000000455e+00 1.000000000000000048e-04 7.736306072541618284e-02 1.000000000000000000e+00
-4.448750000000000426e+00 1.000000000000000048e-04 7.737962032790675349e-02 1.000000000000000000e+00
-4.448000000000000398e+00 1.000000000000000048e-04 7.739618361203494390e-02 1.000000000000000000e+00
-4.447250000000000369e+00 1.000000000000000048e-04 7.741275057888960531e-02 1.000000000000000000e+00
-4.446500000000000341e+00 1.000000000000000048e-04 7.742932122956017182e-02 1.000000000000000000e+00
-4.445750000000000313e+00 1.000000000000000048e-04 7.744589556513670203e-02 1.000000000000000000e+00
-4.445000000000000284e+00 1.000000000000000048e-04 7.746247358670985128e-02 1.000000000000000000e+00
-4.444250000000000256e+00 1.000000000000000048e-04 7.747905529537081615e-02 1.000000000000000000e+00
-4.443500000000000227e+00 1.000000000000000048e-04 7.749564069221143159e-02 1.000000000000000000e+00
-4.442750000000000199e+00 1.000000000000000048e-04 7.751222977832411543e-02 1.000000000000000000e+00
-4.442000000000000171e+00 1.000000000000000048e-04 7.752882255480185447e-02 1.000000000000000000e+00
-4.441250000000000142e+00 1.000000000000000048e-04 7.754541902273824616e-02 1.000000000000000000e+00
-4.440500000000000114e+00 1.000000000000000048e-04 7.756201918322745692e-02 1.000000000000000000e+00
-4.439750000000000085e+00 1.000000000000000048e-04 7.757862303736431930e-02 1.000000000000000000e+00
-4.439000000000000057e+00 1.000000000000000048e-04 7.759523058624420710e-02 1.000000000000000000e+00
-4.438250000000000028e+00 1.000000000000000048e-04 7.761184183096303535e-02 1.000000000000000000e+00
-4.437500000000000000e+00 1.000000000000000048e-04 7.762845677261739907e-02 1.000000000000000000e+00
-4.436749999999999972e+00 1.000000000000000048e-04 7.764507541230442067e-02 1.000000000000000000e+00
-4.435999999999999943e+00 1.000000000000000048e-04 7.766169775112193030e-02 1.000000000000000000e+00
-4.435249999999999915e+00 1.000000000000000048e-04 7.767832379016824385e-02 1.000000000000000000e+00
-4.434499999999999886e+00 1.000000000000000048e-04 7.769495353054231557e-02 1.000000000000000000e+00
-4.433749999999999858e+00 1.000000000000000048e-04 7.771158697334365484e-02 1.000000000000000000e+00
-4.432999999999999829e+00 1.000000000000000048e-04 7.772822411967242329e-02 1.000000000000000000e+00
-4.432249999999999801e+00 1.000000000000000048e-04 7.774486497062940704e-02 1.000000000000000000e+00
-4.431499999999999773e+00 1.000000000000000048e-04 7.776150952731586408e-02 1.000000000000000000e+00
-4.430749999999999744e+00 1.000000000000000048e-04 7.777815779083382952e-02 1.000000000000000000e+00
-4.429999999999999716e+00 1.000000000000000048e-04 7.779480976228576872e-02 1.000000000000000000e+00
-4.429249999999999687e+00 1.000000000000000048e-04 7.781146544277484089e-02 1.000000000000000000e+00
-4.428499999999999659e+00 1.000000000000000048e-04 7.782812483340478815e-02 1.000000000000000000e+00
-4.427749999999999631e+00 1.000000000000000048e-04 7.784478793527996321e-02 1.000000000000000000e+00
-4.426999999999999602e+00 1.000000000000000048e-04 7.786145474950528778e-02 1.000000000000000000e+00
-4.426249999999999574e+00 1.000000000000000048e-04 7.787812527718628031e-02 1.000000000000000000e+00
-4.425499999999999545e+00 1.000000000000000048e-04 7.789479951942916702e-02 1.000000000000000000e+00
-4.424749999999999517e+00 1.000000000000000048e-04 7.791147747734061824e-02 1.000000000000000000e+00
-4.423999999999999488e+00 1.000000000000000048e-04 7.792815915202801202e-02 1.000000000000000000e+00
-4.423250000000000348e+00 1.000000000000000048e-04 7.794484454459930933e-02 1.000000000000000000e+00
-4.422500000000000320e+00 1.000000000000000048e-04 7.796153365616306785e-02 1.000000000000000000e+00
-4.421750000000000291e+00 1.000000000000000048e-04 7.797822648782846977e-02 1.000000000000000000e+00
-4.421000000000000263e+00 1.000000000000000048e-04 7.799492304070526627e-02 1.000000000000000000e+00
-4.420250000000000234e+00 1.000000000000000048e-04 7.801162331590380528e-02 1.000000000000000000e+00
-4.419500000000000206e+00 1.000000000000000048e-04 7.802832731453511472e-02 1.000000000000000000e+00
-4.418750000000000178e+00 1.000000000000000048e-04 7.804503503771077766e-02 1.000000000000000000e+00
-4.418000000000000149e+00 1.000000000000000048e-04 7.806174648654293224e-02 1.000000000000000000e+00
-4.417250000000000121e+00 1.000000000000000048e-04 7.807846166214446604e-02 1.000000000000000000e+00
-4.416500000000000092e+00 1.000000000000000048e-04 7.809518056562872457e-02 1.000000000000000000e+00
-4.415750000000000064e+00 1.000000000000000048e-04 7.811190319810974725e-02 1.000000000000000000e+00
-4.415000000000000036e+00 1.000000000000000048e-04 7.812862956070215636e-02 1.000000000000000000e+00
-4.414250000000000007e+00 1.000000000000000048e-04 7.814535965452121258e-02 1.000000000000000000e+00
-4.413499999999999979e+00 1.000000000000000048e-04 7.816209348068274554e-02 1.000000000000000000e+00
-4.412749999999999950e+00 1.000000000000000048e-04 7.817883104030319552e-02 1.000000000000000000e+00
-4.411999999999999922e+00 1.000000000000000048e-04 7.819557233449965505e-02 1.000000000000000000e+00
-4.411249999999999893e+00 1.000000000000000048e-04 7.821231736438981341e-02 1.000000000000000000e+00
-4.410499999999999865e+00 1.000000000000000048e-04 7.822906613109197049e-02 1.000000000000000000e+00
-4.409749999999999837e+00 1.000000000000000048e-04 7.824581863572498130e-02 1.000000000000000000e+00
-4.408999999999999808e+00 1.000000000000000048e-04 7.826257487940838087e-02 1.000000000000000000e+00
-4.408249999999999780e+00 1.000000000000000048e-04 7.827933486326231483e-02 1.000000000000000000e+00
-4.407499999999999751e+00 1.000000000000000048e-04 7.829609858840751169e-02 1.000000000000000000e+00
-4.406749999999999723e+00 1.000000000000000048e-04 7.831286605596535222e-02 1.000000000000000000e+00
-4.405999999999999694e+00 1.000000000000000048e-04 7.832963726705777230e-02 1.000000000000000000e+00
-4.405249999999999666e+00 1.000000000000000048e-04 7.834641222280738782e-02 1.000000000000000000e+00
-4.404499999999999638e+00 1.000000000000000048e-04 7.836319092433739752e-02 1.000000000000000000e+00
-4.403749999999999609e+00 1.000000000000000048e-04 7.837997337277162468e-02 1.000000000000000000e+00
-4.403000000000000469e+00 1.000000000000000048e-04 7.839675956923446154e-02 1.000000000000000000e+00
-4.402250000000000441e+00 1.000000000000000048e-04 7.841354951485102198e-02 1.000000000000000000e+00
-4.401500000000000412e+00 1.000000000000000048e-04 7.843034321074697501e-02 1.000000000000000000e+00
-4.400750000000000384e+00 1.000000000000000048e-04 7.844714065804855863e-02 1.000000000000000000e+00
-4.400000000000000355e+00 1.000000000000000048e-04 7.846394185788271858e-02 1.000000000000000000e+00
-4.399250000000000327e+00 1.000000000000000048e-04 7.848074681137696962e-02 1.000000000000000000e+00
-4.398500000000000298e+00 1.000000000000000048e-04 7.849755551965946487e-02 1.000000000000000000e+00
-4.397750000000000270e+00 1.000000000000000048e-04 7.851436798385895421e-02 1.000000000000000000e+00
-4.397000000000000242e+00 1.000000000000000048e-04 7.853118420510482589e-02 1.000000000000000000e+00
-4.396250000000000213e+00 1.000000000000000048e-04 7.854800418452712041e-02 1.000000000000000000e+00
-4.395500000000000185e+00 1.000000000000000048e-04 7.856482792325643338e-02 1.000000000000000000e+00
-4.394750000000000156e+00 1.000000000000000048e-04 7.858165542242402657e-02 1.000000000000000000e+00
-4.394000000000000128e+00 1.000000000000000048e-04 7.859848668316173070e-02 1.000000000000000000e+00
-4.393250000000000099e+00 1.000000000000000048e-04 7.861532170660213981e-02 1.000000000000000000e+00
-4.392500000000000071e+00 1.000000000000000048e-04 7.863216049387823647e-02 1.000000000000000000e+00
-4.391750000000000043e+00 1.000000000000000048e-04 7.864900304612390536e-02 1.000000000000000000e+00
-4.391000000000000014e+00 1.000000000000000048e-04 7.866584936447341969e-02 1.000000000000000000e+00
-4.390249999999999986e+00 1.000000000000000048e-04 7.868269945006182986e-02 1.000000000000000000e+00
-4.389499999999999957e+00 1.000000000000000048e-04 7.869955330402467197e-02 1.000000000000000000e+00
-4.388749999999999929e+00 1.000000000000000048e-04 7.871641092749828705e-02 1.000000000000000000e+00
-4.387999999999999901e+00 1.000000000000000048e-04 7.873327232161947409e-02 1.000000000000000000e+00
-4.387249999999999872e+00 1.000000000000000048e-04 7.875013748752576759e-02 1.000000000000000000e+00
-4.386499999999999844e+00 1.000000000000000048e-04 7.876700642635528493e-02 1.000000000000000000e+00
-4.385749999999999815e+00 1.000000000000000048e-04 7.878387913924674024e-02 1.000000000000000000e+00
-4.384999999999999787e+00 1.000000000000000048e-04 7.880075562733958316e-02 1.000000000000000000e+00
-4.384249999999999758e+00 1.000000000000000048e-04 7.881763589177374907e-02 1.000000000000000000e+00
-4.383499999999999730e+00 1.000000000000000048e-04 7.883451993368993660e-02 1.000000000000000000e+00
-4.382749999999999702e+00 1.000000000000000048e-04 7.885140775422933013e-02 1.000000000000000000e+00
-4.381999999999999673e+00 1.000000000000000048e-04 7.886829935453393281e-02 1.000000000000000000e+00
-4.381249999999999645e+00 1.000000000000000048e-04 7.888519473574621965e-02 1.000000000000000000e+00
-4.380499999999999616e+00 1.000000000000000048e-04 7.890209389900931791e-02 1.000000000000000000e+00
-4.379749999999999588e+00 1.000000000000000048e-04 7.891899684546707650e-02 1.000000000000000000e+00
-4.378999999999999559e+00 1.000000000000000048e-04 7.893590357626389942e-02 1.000000000000000000e+00
-4.378249999999999531e+00 1.000000000000000048e-04 7.895281409254485683e-02 1.000000000000000000e+00
-4.377499999999999503e+00 1.000000000000000048e-04 7.896972839545558787e-02 1.000000000000000000e+00
-4.376750000000000362e+00 1.000000000000000048e-04 7.898664648614243944e-02 1.000000000000000000e+00
-4.376000000000000334e+00 1.000000000000000048e-04 7.900356836575239683e-02 1.000000000000000000e+00
-4.375250000000000306e+00 1.000000000000000048e-04 7.902049403543301431e-02 1.000000000000000000e+00
-4.374500000000000277e+00 1.000000000000000048e-04 7.903742349633255393e-02 1.000000000000000000e+00
-4.373750000000000249e+00 1.000000000000000048e-04 7.905435674959984671e-02 1.000000000000000000e+00
-4.373000000000000220e+00 1.000000000000000048e-04 7.907129379638443145e-02 1.000000000000000000e+00
-4.372250000000000192e+00 1.000000000000000048e-04 7.908823463783638819e-02 1.000000000000000000e+00
-4.371500000000000163e+00 1.000000000000000048e-04 7.910517927510650471e-02 1.000000000000000000e+00
-4.370750000000000135e+00 1.000000000000000048e-04 7.912212770934624884e-02 1.000000000000000000e+00
-4.370000000000000107e+00 1.000000000000000048e-04 7.913907994170757410e-02 1.000000000000000000e+00
-4.369250000000000078e+00 1.000000000000000048e-04 7.915603597334321118e-02 1.000000000000000000e+00
-4.368500000000000050e+00 1.000000000000000048e-04 7.917299580540655690e-02 1.000000000000000000e+00
-4.367750000000000021e+00 1.000000000000000048e-04 7.918995943905146606e-02 1.000000000000000000e+00
-4.366999999999999993e+00 1.000000000000000048e-04 7.920692687543259836e-02 1.000000000000000000e+00
-4.366249999999999964e+00 1.000000000000000048e-04 7.922389811570515472e-02 1.000000000000000000e+00
-4.365499999999999936e+00 1.000000000000000048e-04 7.924087316102509937e-02 1.000000000000000000e+00
-4.364749999999999908e+00 1.000000000000000048e-04 7.925785201254889611e-02 1.000000000000000000e+00
-4.363999999999999879e+00 1.000000000000000048e-04 7.927483467143373042e-02 1.000000000000000000e+00
-4.363249999999999851e+00 1.000000000000000048e-04 7.929182113883746774e-02 1.000000000000000000e+00
-4.362499999999999822e+00 1.000000000000000048e-04 7.930881141591850092e-02 1.000000000000000000e+00
-4.361749999999999794e+00 1.000000000000000048e-04 7.932580550383597218e-02 1.000000000000000000e+00
-4.360999999999999766e+00 1.000000000000000048e-04 7.934280340374956497e-02 1.000000000000000000e+00
-4.360249999999999737e+00 1.000000000000000048e-04 7.935980511681971217e-02 1.000000000000000000e+00
-4.359499999999999709e+00 1.000000000000000048e-04 7.937681064420748500e-02 1.000000000000000000e+00
-4.358749999999999680e+00 1.000000000000000048e-04 7.939381998707448207e-02 1.000000000000000000e+00
-4.357999999999999652e+00 1.000000000000000048e-04 7.941083314658309300e-02 1.000000000000000000e+00
-4.357249999999999623e+00 1.000000000000000048e-04 7.942785012389626254e-02 1.000000000000000000e+00
-4.356500000000000483e+00 1.000000000000000048e-04 7.944487092017758767e-02 1.000000000000000000e+00
-4.355750000000000455e+00 1.000000000000000048e-04 7.946189553659138705e-02 1.000000000000000000e+00
-4.355000000000000426e+00 1.000000000000000048e-04 7.947892397430254829e-02 1.000000000000000000e+00
-4.354250000000000398e+00 1.000000000000000048e-04 7.949595623447668069e-02 1.000000000000000000e+00
-4.353500000000000369e+00 1.000000000000000048e-04 7.951299231827989311e-02 1.000000000000000000e+00
-4.352750000000000341e+00 1.000000000000000048e-04 7.953003222687912710e-02 1.000000000000000000e+00
-4.352000000000000313e+00 1.000000000000000048e-04 7.954707596144190707e-02 1.000000000000000000e+00
-4.351250000000000284e+00 1.000000000000000048e-04 7.956412352313635417e-02 1.000000000000000000e+00
-4.350500000000000256e+00 1.000000000000000048e-04 7.958117491313128344e-02 1.000000000000000000e+00
-4.349750000000000227e+00 1.000000000000000048e-04 7.959823013259621771e-02 1.000000000000000000e+00
-4.349000000000000199e+00 1.000000000000000048e-04 7.961528918270120714e-02 1.000000000000000000e+00
-4.348250000000000171e+00 1.000000000000000048e-04 7.963235206461706517e-02 1.000000000000000000e+00
-4.347500000000000142e+00 1.000000000000000048e-04 7.964941877951521587e-02 1.000000000000000000e+00
-4.346750000000000114e+00 1.000000000000000048e-04 7.966648932856769394e-02 1.000000000000000000e+00
-4.346000000000000085e+00 1.000000000000000048e-04 7.968356371294729734e-02 1.000000000000000000e+00
-4.345250000000000057e+00 1.000000000000000048e-04 7.970064193382736528e-02 1.000000000000000000e+00
-4.344500000000000028e+00 1.000000000000000048e-04 7.971772399238194473e-02 1.000000000000000000e+00
-4.343750000000000000e+00 1.000000000000000048e-04 7.973480988978577655e-02 1.000000000000000000e+00
-4.342999999999999972e+00 1.000000000000000048e-04 7.975189962721414283e-02 1.000000000000000000e+00
-4.342249999999999943e+00 1.000000000000000048e-04 7.976899320584313058e-02 1.000000000000000000e+00
-4.341499999999999915e+00 1.000000000000000048e-04 7.978609062684942355e-02 1.000000000000000000e+00
-4.340749999999999886e+00 1.000000000000000048e-04 7.980319189141021896e-02 1.000000000000000000e+00
-4.339999999999999858e+00 1.000000000000000048e-04 7.982029700070362999e-02 1.000000000000000000e+00
-4.339249999999999829e+00 1.000000000000000048e-04 7.983740595590819999e-02 1.000000000000000000e+00
-4.338499999999999801e+00 1.000000000000000048e-04 7.985451875820336054e-02 1.000000000000000000e+00
-4.337749999999999773e+00 1.000000000000000048e-04 7.987163540876897339e-02 1.000000000000000000e+00
-4.336999999999999744e+00 1.000000000000000048e-04 7.988875590878569133e-02 1.000000000000000000e+00
-4.336249999999999716e+00 1.000000000000000048e-04 7.990588025943480555e-02 1.000000000000000000e+00
-4.335499999999999687e+00 1.000000000000000048e-04 7.992300846189823171e-02 1.000000000000000000e+00
-4.334749999999999659e+00 1.000000000000000048e-04 7.994014051735864879e-02 1.000000000000000000e+00
-4.333999999999999631e+00 1.000000000000000048e-04 7.995727642699920756e-02 1.000000000000000000e+00
-4.333249999999999602e+00 1.000000000000000048e-04 7.997441619200397478e-02 1.000000000000000000e+00
-4.332499999999999574e+00 1.000000000000000048e-04 7.999155981355744738e-02 1.000000000000000000e+00
-4.331749999999999545e+00 1.000000000000000048e-04 8.000870729284495497e-02 1.000000000000000000e+00
-4.330999999999999517e+00 1.000000000000000048e-04 8.002585863105239616e-02 1.000000000000000000e+00
-4.330249999999999488e+00 1.000000000000000048e-04 8.004301382936634957e-02 1.000000000000000000e+00
-4.329500000000000348e+00 1.000000000000000048e-04 8.006017288897404605e-02 1.000000000000000000e+00
-4.328750000000000320e+00 1.000000000000000048e-04 8.007733581106342424e-02 1.000000000000000000e+00
-4.328000000000000291e+00 1.000000000000000048e-04 8.009450259682314444e-02 1.000000000000000000e+00
-4.327250000000000263e+00 1.000000000000000048e-04 8.011167324744240814e-02 1.000000000000000000e+00
-4.326500000000000234e+00 1.000000000000000048e-04 8.012884776411113852e-02 1.000000000000000000e+00
-4.325750000000000206e+00 1.000000000000000048e-04 8.014602614801989711e-02 1.000000000000000000e+00
-4.325000000000000178e+00 1.000000000000000048e-04 8.016320840035999484e-02 1.000000000000000000e+00
-4.324250000000000149e+00 1.000000000000000048e-04 8.018039452232336717e-02 1.000000000000000000e+00
-4.323500000000000121e+00 1.000000000000000048e-04 8.019758451510253239e-02 1.000000000000000000e+00
-4.322750000000000092e+00 1.000000000000000048e-04 8.021477837989086923e-02 1.000000000000000000e+00
-4.322000000000000064e+00 1.000000000000000048e-04 8.023197611788220052e-02 1.000000000000000000e+00
-4.321250000000000036e+00 1.000000000000000048e-04 8.024917773027123724e-02 1.000000000000000000e+00
-4.320500000000000007e+00 1.000000000000000048e-04 8.026638321825320388e-02 1.000000000000000000e+00
-4.319749999999999979e+00 1.000000000000000048e-04 8.028359258302408819e-02 1.000000000000000000e+00
-4.318999999999999950e+00 1.000000000000000048e-04 8.030080582578054404e-02 1.000000000000000000e+00
-4.318249999999999922e+00 1.000000000000000048e-04 8.031802294771978046e-02 1.000000000000000000e+00
-4.317499999999999893e+00 1.000000000000000048e-04 8.033524395003985297e-02 1.000000000000000000e+00
-4.316749999999999865e+00 1.000000000000000048e-04 8.035246883393938611e-02 1.000000000000000000e+00
-4.315999999999999837e+00 1.000000000000000048e-04 8.036969760061768442e-02 1.000000000000000000e+00
-4.315249999999999808e+00 1.000000000000000048e-04 8.038693025127481573e-02 1.000000000000000000e+00
-4.314499999999999780e+00 1.000000000000000048e-04 8.040416678711140297e-02 1.000000000000000000e+00
-4.313749999999999751e+00 1.000000000000000048e-04 8.042140720932879072e-02 1.000000000000000000e+00
-4.312999999999999723e+00 1.000000000000000048e-04 8.043865151912901745e-02 1.000000000000000000e+00
-4.312249999999999694e+00 1.000000000000000048e-04 8.045589971771477389e-02 1.000000000000000000e+00
-4.311499999999999666e+00 1.000000000000000048e-04 8.047315180628952791e-02 1.000000000000000000e+00
-4.310749999999999638e+00 1.000000000000000048e-04 8.049040778605728863e-02 1.000000000000000000e+00
-4.309999999999999609e+00 1.000000000000000048e-04 8.050766765822278681e-02 1.000000000000000000e+00
-4.309250000000000469e+00 1.000000000000000048e-04 8.052493142399137771e-02 1.000000000000000000e+00
-4.308500000000000441e+00 1.000000000000000048e-04 8.054219908456933252e-02 1.000000000000000000e+00
-4.307750000000000412e+00 1.000000000000000048e-04 8.055947064116333878e-02 1.000000000000000000e+00
-4.307000000000000384e+00 1.000000000000000048e-04 8.057674609498084728e-02 1.000000000000000000e+00
-4.306250000000000355e+00 1.000000000000000048e-04 8.059402544723003048e-02 1.000000000000000000e+00
-4.305500000000000327e+00 1.000000000000000048e-04 8.061130869911972696e-02 1.000000000000000000e+00
-4.304750000000000298e+00 1.000000000000000048e-04 8.062859585185942757e-02 1.000000000000000000e+00
-4.304000000000000270e+00 1.000000000000000048e-04 8.064588690665933091e-02 1.000000000000000000e+00
-4.303250000000000242e+00 1.000000000000000048e-04 8.066318186473034335e-02 1.000000000000000000e+00
-4.302500000000000213e+00 1.000000000000000048e-04 8.068048072728399578e-02 1.000000000000000000e+00
-4.301750000000000185e+00 1.000000000000000048e-04 8.069778349553259622e-02 1.000000000000000000e+00
-4.301000000000000156e+00 1.000000000000000048e-04 8.071509017068899394e-02 1.000000000000000000e+00
-4.300250000000000128e+00 1.000000000000000048e-04 8.073240075396684312e-02 1.000000000000000000e+00
-4.299500000000000099e+00 1.000000000000000048e-04 8.074971524658046407e-02 1.000000000000000000e+00
-4.298750000000000071e+00 1.000000000000000048e-04 8.076703364974488486e-02 1.000000000000000000e+00
-4.298000000000000043e+00 1.000000000000000048e-04 8.078435596467573032e-02 1.000000000000000000e+00
-4.297250000000000014e+00 1.000000000000000048e-04 8.080168219258938855e-02 1.000000000000000000e+00
-4.296499999999999986e+00 1.000000000000000048e-04 8.081901233470291379e-02 1.000000000000000000e+00
-4.295749999999999957e+00 1.000000000000000048e-04 8.083634639223408191e-02 1.000000000000000000e+00
-4.294999999999999929e+00 1.000000000000000048e-04 8.085368436640129330e-02 1.000000000000000000e+00
-4.294249999999999901e+00 1.000000000000000048e-04 8.087102625842371162e-02 1.000000000000000000e+00
-4.293499999999999872e+00 1.000000000000000048e-04 8.088837206952112502e-02 1.000000000000000000e+00
-4.292749999999999844e+00 1.000000000000000048e-04 8.090572180091408494e-02 1.000000000000000000e+00
-4.291999999999999815e+00 1.000000000000000048e-04 8.092307545382373957e-02 1.000000000000000000e+00
-4.291249999999999787e+00 1.000000000000000048e-04 8.094043302947201424e-02 1.000000000000000000e+00
-4.290499999999999758e+00 1.000000000000000048e-04 8.095779452908154206e-02 1.000000000000000000e+00
-4.289749999999999730e+00 1.000000000000000048e-04 8.097515995387552512e-02 1.000000000000000000e+00
-4.288999999999999702e+00 1.000000000000000048e-04 8.099252930507801207e-02 1.000000000000000000e+00
-4.288249999999999673e+00 1.000000000000000048e-04 8.100990258391360666e-02 1.000000000000000000e+00
-4.287499999999999645e+00 1.000000000000000048e-04 8.102727979160770366e-02 1.000000000000000000e+00
-4.286749999999999616e+00 1.000000000000000048e-04 8.104466092938641952e-02 1.000000000000000000e+00
-4.285999999999999588e+00 1.000000000000000048e-04 8.106204599847642578e-02 1.000000000000000000e+00
-4.285249999999999559e+00 1.000000000000000048e-04 8.107943500010519888e-02 1.000000000000000000e+00
-4.284499999999999531e+00 1.000000000000000048e-04 8.109682793550096469e-02 1.000000000000000000e+00
-4.283749999999999503e+00 1.000000000000000048e-04 8.111422480589243478e-02 1.000000000000000000e+00
-4.283000000000000362e+00 1.000000000000000048e-04 8.113162561250923666e-02 1.000000000000000000e+00
-4.282250000000000334e+00 1.000000000000000048e-04 8.114903035658167785e-02 1.000000000000000000e+00
-4.281500000000000306e+00 1.000000000000000048e-04 8.116643903934064874e-02 1.000000000000000000e+00
-4.280750000000000277e+00 1.000000000000000048e-04 8.118385166201780301e-02 1.000000000000000000e+00
-4.280000000000000249e+00 1.000000000000000048e-04 8.120126822584546045e-02 1.000000000000000000e+00
-4.279250000000000220e+00 1.000000000000000048e-04 8.121868873205667638e-02 1.000000000000000000e+00
-4.278500000000000192e+00 1.000000000000000048e-04 8.123611318188524166e-02 1.000000000000000000e+00
-4.277750000000000163e+00 1.000000000000000048e-04 8.125354157656561327e-02 1.000000000000000000e+00
-4.277000000000000135e+00 1.000000000000000048e-04 8.127097391733287268e-02 1.000000000000000000e+00
-4.276250000000000107e+00 1.000000000000000048e-04 8.128841020542293405e-02 1.000000000000000000e+00
-4.275500000000000078e+00 1.000000000000000048e-04 8.130585044207239154e-02 1.000000000000000000e+00
-4.274750000000000050e+00 1.000000000000000048e-04 8.132329462851846380e-02 1.000000000000000000e+00
-4.274000000000000021e+00 1.000000000000000048e-04 8.134074276599913278e-02 1.000000000000000000e+00
-4.273249999999999993e+00 1.000000000000000048e-04 8.135819485575307430e-02 1.000000000000000000e+00
-4.272499999999999964e+00 1.000000000000000048e-04 8.137565089901968585e-02 1.000000000000000000e+00
-4.271749999999999936e+00 1.000000000000000048e-04 8.139311089703905877e-02 1.000000000000000000e+00
-4.270999999999999908e+00 1.000000000000000048e-04 8.141057485105197833e-02 1.000000000000000000e+00
-4.270249999999999879e+00 1.000000000000000048e-04 8.142804276229997917e-02 1.000000000000000000e+00
-4.269499999999999851e+00 1.000000000000000048e-04 8.144551463202522046e-02 1.000000000000000000e+00
-4.268749999999999822e+00 1.000000000000000048e-04 8.146299046147068013e-02 1.000000000000000000e+00
-4.267999999999999794e+00 1.000000000000000048e-04 8.148047025187998837e-02 1.000000000000000000e+00
-4.267249999999999766e+00 1.000000000000000048e-04 8.149795400449744154e-02 1.000000000000000000e+00
-4.266499999999999737e+00 1.000000000000000048e-04 8.151544172056814086e-02 1.000000000000000000e+00
-4.265749999999999709e+00 1.000000000000000048e-04 8.153293340133783984e-02 1.000000000000000000e+00
-4.264999999999999680e+00 1.000000000000000048e-04 8.155042904805301363e-02 1.000000000000000000e+00
-4.264249999999999652e+00 1.000000000000000048e-04 8.156792866196083125e-02 1.000000000000000000e+00
-4.263499999999999623e+00 1.000000000000000048e-04 8.158543224430919727e-02 1.000000000000000000e+00
-4.262750000000000483e+00 1.000000000000000048e-04 8.160293979634673789e-02 1.000000000000000000e+00
-4.262000000000000455e+00 1.000000000000000048e-04 8.162045131932278708e-02 1.000000000000000000e+00
-4.261250000000000426e+00 1.000000000000000048e-04 8.163796681448738657e-02 1.000000000000000000e+00
-4.260500000000000398e+00 1.000000000000000048e-04 8.165548628309127199e-02 1.000000000000000000e+00
-4.259750000000000369e+00 1.000000000000000048e-04 8.167300972638592838e-02 1.000000000000000000e+00
-4.259000000000000341e+00 1.000000000000000048e-04 8.169053714562357627e-02 1.000000000000000000e+00
-4.258250000000000313e+00 1.000000000000000048e-04 8.170806854205707459e-02 1.000000000000000000e+00
-4.257500000000000284e+00 1.000000000000000048e-04 8.172560391694007331e-02 1.000000000000000000e+00
-4.256750000000000256e+00 1.000000000000000048e-04 8.174314327152691628e-02 1.000000000000000000e+00
-4.256000000000000227e+00 1.000000000000000048e-04 8.176068660707262736e-02 1.000000000000000000e+00
-4.255250000000000199e+00 1.000000000000000048e-04 8.177823392483302145e-02 1.000000000000000000e+00
-4.254500000000000171e+00 1.000000000000000048e-04 8.179578522606455182e-02 1.000000000000000000e+00
-4.253750000000000142e+00 1.000000000000000048e-04 8.181334051202450441e-02 1.000000000000000000e+00
-4.253000000000000114e+00 1.000000000000000048e-04 8.183089978397077580e-02 1.000000000000000000e+00
-4.252250000000000085e+00 1.000000000000000048e-04 8.184846304316201193e-02 1.000000000000000000e+00
-4.251500000000000057e+00 1.000000000000000048e-04 8.186603029085763594e-02 1.000000000000000000e+00
-4.250750000000000028e+00 1.000000000000000048e-04 8.188360152831766769e-02 1.000000000000000000e+00
-4.250000000000000000e+00 1.000000000000000048e-04 8.190117675680302911e-02 1.000000000000000000e+00
-4.249249999999999972e+00 1.000000000000000048e-04 8.191875597757521110e-02 1.000000000000000000e+00
-4.248499999999999943e+00 1.000000000000000048e-04 8.193633919189649562e-02 1.000000000000000000e+00
-4.247749999999999915e+00 1.000000000000000048e-04 8.195392640102990012e-02 1.000000000000000000e+00
-4.246999999999999886e+00 1.000000000000000048e-04 8.197151760623916372e-02 1.000000000000000000e+00
-4.246249999999999858e+00 1.000000000000000048e-04 8.198911280878863617e-02 1.000000000000000000e+00
-4.245499999999999829e+00 1.000000000000000048e-04 8.200671200994362475e-02 1.000000000000000000e+00
-4.244749999999999801e+00 1.000000000000000048e-04 8.202431521096995026e-02 1.000000000000000000e+00
-4.243999999999999773e+00 1.000000000000000048e-04 8.204192241313419676e-02 1.000000000000000000e+00
-4.243249999999999744e+00 1.000000000000000048e-04 8.205953361770383647e-02 1.000000000000000000e+00
-4.242499999999999716e+00 1.000000000000000048e-04 8.207714882594684125e-02 1.000000000000000000e+00
-4.241749999999999687e+00 1.000000000000000048e-04 8.209476803913212661e-02 1.000000000000000000e+00
-4.240999999999999659e+00 1.000000000000000048e-04 8.211239125852914933e-02 1.000000000000000000e+00
-4.240249999999999631e+00 1.000000000000000048e-04 8.213001848540822658e-02 1.000000000000000000e+00
-4.239499999999999602e+00 1.000000000000000048e-04 8.214764972104036944e-02 1.000000000000000000e+00
-4.238749999999999574e+00 1.000000000000000048e-04 8.216528496669728288e-02 1.000000000000000000e+00
-4.237999999999999545e+00 1.000000000000000048e-04 8.218292422365143512e-02 1.000000000000000000e+00
-4.237249999999999517e+00 1.000000000000000048e-04 8.220056749317604383e-02 1.000000000000000000e+00
-4.236499999999999488e+00 1.000000000000000048e-04 8.221821477654503441e-02 1.000000000000000000e+00
-4.235750000000000348e+00 1.000000000000000048e-04 8.223586607503305390e-02 1.000000000000000000e+00
-4.235000000000000320e+00 1.000000000000000048e-04 8.225352138991554041e-02 1.000000000000000000e+00
-4.234250000000000291e+00 1.000000000000000048e-04 8.227118072246858427e-02 1.000000000000000000e+00
-4.233500000000000263e+00 1.000000000000000048e-04 8.228884407396906686e-02 1.000000000000000000e+00
-4.232750000000000234e+00 1.000000000000000048e-04 8.230651144569461897e-02 1.000000000000000000e+00
-4.232000000000000206e+00 1.000000000000000048e-04 8.232418283892356525e-02 1.000000000000000000e+00
-4.231250000000000178e+00 1.000000000000000048e-04 8.234185825493497979e-02 1.000000000000000000e+00
-4.230500000000000149e+00 1.000000000000000048e-04 8.235953769500868604e-02 1.000000000000000000e+00
-4.229750000000000121e+00 1.000000000000000048e-04 8.237722116042522913e-02 1.000000000000000000e+00
-4.229000000000000092e+00 1.000000000000000048e-04 8.239490865246590356e-02 1.000000000000000000e+00
-4.228250000000000064e+00 1.000000000000000048e-04 8.241260017241271163e-02 1.000000000000000000e+00
-4.227500000000000036e+00 1.000000000000000048e-04 8.243029572154850215e-02 1.000000000000000000e+00
-4.226750000000000007e+00 1.000000000000000048e-04 8.244799530115670683e-02 1.000000000000000000e+00
-4.225999999999999979e+00 1.000000000000000048e-04 8.246569891252163165e-02 1.000000000000000000e+00
-4.225249999999999950e+00 1.000000000000000048e-04 8.248340655692823487e-02 1.000000000000000000e+00
-4.224499999999999922e+00 1.000000000000000048e-04 8.250111823566225189e-02 1.000000000000000000e+00
-4.223749999999999893e+00 1.000000000000000048e-04 8.251883395001019528e-02 1.000000000000000000e+00
-4.222999999999999865e+00 1.000000000000000048e-04 8.253655370125927149e-02 1.000000000000000000e+00
-4.222249999999999837e+00 1.000000000000000048e-04 8.255427749069743637e-02 1.000000000000000000e+00
-4.221499999999999808e+00 1.000000000000000048e-04 8.257200531961342294e-02 1.000000000000000000e+00
-4.220749999999999780e+00 1.000000000000000048e-04 8.258973718929665808e-02 1.000000000000000000e+00
-4.219999999999999751e+00 1.000000000000000048e-04 8.260747310103737362e-02 1.000000000000000000e+00
-4.219249999999999723e+00 1.000000000000000048e-04 8.262521305612645361e-02 1.000000000000000000e+00
-4.218499999999999694e+00 1.000000000000000048e-04 8.264295705585567031e-02 1.000000000000000000e+00
-4.217749999999999666e+00 1.000000000000000048e-04 8.266070510151743433e-02 1.000000000000000000e+00
-4.216999999999999638e+00 1.000000000000000048e-04 8.267845719440494734e-02 1.000000000000000000e+00
-4.216249999999999609e+00 1.000000000000000048e-04 8.269621333581213263e-02 1.000000000000000000e+00
-4.215500000000000469e+00 1.000000000000000048e-04 8.271397352703360739e-02 1.000000000000000000e+00
-4.214750000000000441e+00 1.000000000000000048e-04 8.273173776936493251e-02 1.000000000000000000e+00
-4.214000000000000412e+00 1.000000000000000048e-04 8.274950606410222398e-02 1.000000000000000000e+00
-4.213250000000000384e+00 1.000000000000000048e-04 8.276727841254245821e-02 1.000000000000000000e+00
-4.212500000000000355e+00 1.000000000000000048e-04 8.278505481598327775e-02 1.000000000000000000e+00
-4.211750000000000327e+00 1.000000000000000048e-04 8.280283527572313007e-02 1.000000000000000000e+00
-4.211000000000000298e+00 1.000000000000000048e-04 8.282061979306125366e-02 1.000000000000000000e+00
-4.210250000000000270e+00 1.000000000000000048e-04 8.283840836929753926e-02 1.000000000000000000e+00
-4.209500000000000242e+00 1.000000000000000048e-04 8.285620100573273805e-02 1.000000000000000000e+00
-4.208750000000000213e+00 1.000000000000000048e-04 8.287399770366825347e-02 1.000000000000000000e+00
-4.208000000000000185e+00 1.000000000000000048e-04 8.289179846440632160e-02 1.000000000000000000e+00
-4.207250000000000156e+00 1.000000000000000048e-04 8.290960328924988632e-02 1.000000000000000000e+00
-4.206500000000000128e+00 1.000000000000000048e-04 8.292741217950269639e-02 1.000000000000000000e+00
-4.205750000000000099e+00 1.000000000000000048e-04 8.294522513646922224e-02 1.000000000000000000e+00
-4.205000000000000071e+00 1.000000000000000048e-04 8.296304216145466981e-02 1.000000000000000000e+00
-4.204250000000000043e+00 1.000000000000000048e-04 8.298086325576507771e-02 1.000000000000000000e+00
-4.203500000000000014e+00 1.000000000000000048e-04 8.299868842070716457e-02 1.000000000000000000e+00
-4.202749999999999986e+00 1.000000000000000048e-04 8.301651765758842616e-02 1.000000000000000000e+00
-4.201999999999999957e+00 1.000000000000000048e-04 8.303435096771717705e-02 1.000000000000000000e+00
-4.201249999999999929e+00 1.000000000000000048e-04 8.305218835240243958e-02 1.000000000000000000e+00
-4.200499999999999901e+00 1.000000000000000048e-04 8.307002981295392996e-02 1.000000000000000000e+00
-4.199749999999999872e+00 1.000000000000000048e-04 8.308787535068229424e-02 1.000000000000000000e+00
-4.198999999999999844e+00 1.000000000000000048e-04 8.310572496689878907e-02 1.000000000000000000e+00
-4.198249999999999815e+00 1.000000000000000048e-04 8.312357866291550379e-02 1.000000000000000000e+00
-4.197499999999999787e+00 1.000000000000000048e-04 8.314143644004526323e-02 1.000000000000000000e+00
-4.196749999999999758e+00 1.000000000000000048e-04 8.315929829960176656e-02 1.000000000000000000e+00
-4.195999999999999730e+00 1.000000000000000048e-04 8.317716424289921251e-02 1.000000000000000000e+00
-4.195249999999999702e+00 1.000000000000000048e-04 8.319503427125285455e-02 1.000000000000000000e+00
-4.194499999999999673e+00 1.000000000000000048e-04 8.321290838597851514e-02 1.000000000000000000e+00
-4.193749999999999645e+00 1.000000000000000048e-04 8.323078658839293265e-02 1.000000000000000000e+00
-4.192999999999999616e+00 1.000000000000000048e-04 8.324866887981351160e-02 1.000000000000000000e+00
-4.192249999999999588e+00 1.000000000000000048e-04 8.326655526155840592e-02 1.000000000000000000e+00
-4.191499999999999559e+00 1.000000000000000048e-04 8.328444573494664382e-02 1.000000000000000000e+00
-4.190749999999999531e+00 1.000000000000000048e-04 8.330234030129790579e-02 1.000000000000000000e+00
-4.189999999999999503e+00 1.000000000000000048e-04 8.332023896193274659e-02 1.000000000000000000e+00
-4.189250000000000362e+00 1.000000000000000048e-04 8.333814171817233163e-02 1.000000000000000000e+00
-4.188500000000000334e+00 1.000000000000000048e-04 8.335604857133881163e-02 1.000000000000000000e+00
-4.187750000000000306e+00 1.000000000000000048e-04 8.337395952275497568e-02 1.000000000000000000e+00
-4.187000000000000277e+00 1.000000000000000048e-04 8.339187457374440393e-02 1.000000000000000000e+00
-4.186250000000000249e+00 1.000000000000000048e-04 8.340979372563146754e-02 1.000000000000000000e+00
-4.185500000000000220e+00 1.000000000000000048e-04 8.342771697974123157e-02 1.000000000000000000e+00
-4.184750000000000192e+00 1.000000000000000048e-04 8.344564433739966314e-02 1.000000000000000000e+00
-4.184000000000000163e+00 1.000000000000000048e-04 8.346357579993340936e-02 1.000000000000000000e+00
-4.183250000000000135e+00 1.000000000000000048e-04 8.348151136866990840e-02 1.000000000000000000e+00
-4.182500000000000107e+00 1.000000000000000048e-04 8.349945104493743109e-02 1.000000000000000000e+00
-4.181750000000000078e+00 1.000000000000000048e-04 8.351739483006494214e-02 1.000000000000000000e+00
-4.181000000000000050e+00 1.000000000000000048e-04 8.353534272538222505e-02 1.000000000000000000e+00
-4.180250000000000021e+00 1.000000000000000048e-04 8.355329473221981273e-02 1.000000000000000000e+00
-4.179499999999999993e+00 1.000000000000000048e-04 8.357125085190907077e-02 1.000000000000000000e+00
-4.178749999999999964e+00 1.000000000000000048e-04 8.358921108578215575e-02 1.000000000000000000e+00
-4.177999999999999936e+00 1.000000000000000048e-04 8.360717543517183492e-02 1.000000000000000000e+00
-4.177249999999999908e+00 1.000000000000000048e-04 8.362514390141184695e-02 1.000000000000000000e+00
-4.176499999999999879e+00 1.000000000000000048e-04 8.364311648583663827e-02 1.000000000000000000e+00
-4.175749999999999851e+00 1.000000000000000048e-04 8.366109318978143250e-02 1.000000000000000000e+00
-4.174999999999999822e+00 1.000000000000000048e-04 8.367907401458220262e-02 1.000000000000000000e+00
-4.174249999999999794e+00 1.000000000000000048e-04 8.369705896157580982e-02 1.000000000000000000e+00
-4.173499999999999766e+00 1.000000000000000048e-04 8.371504803209976753e-02 1.000000000000000000e+00
-4.172749999999999737e+00 1.000000000000000048e-04 8.373304122749244960e-02 1.000000000000000000e+00
-4.171999999999999709e+00 1.000000000000000048e-04 8.375103854909297929e-02 1.000000000000000000e+00
-4.171249999999999680e+00 1.000000000000000048e-04 8.376903999824129865e-02 1.000000000000000000e+00
-4.170499999999999652e+00 1.000000000000000048e-04 8.378704557627809912e-02 1.000000000000000000e+00
-4.169749999999999623e+00 1.000000000000000048e-04 8.380505528454493258e-02 1.000000000000000000e+00
-4.168999999999999595e+00 1.000000000000000048e-04 8.382306912438397539e-02 1.000000000000000000e+00
-4.168250000000000455e+00 1.000000000000000048e-04 8.384108709713834762e-02 1.000000000000000000e+00
-4.167500000000000426e+00 1.000000000000000048e-04 8.385910920415189096e-02 1.000000000000000000e+00
-4.166750000000000398e+00 1.000000000000000048e-04 8.387713544676926591e-02 1.000000000000000000e+00
-4.166000000000000369e+00 1.000000000000000048e-04 8.389516582633591013e-02 1.000000000000000000e+00
-4.165250000000000341e+00 1.000000000000000048e-04 8.391320034419801066e-02 1.000000000000000000e+00
-4.164500000000000313e+00 1.000000000000000048e-04 8.393123900170254559e-02 1.000000000000000000e+00
-4.163750000000000284e+00 1.000000000000000048e-04 8.394928180019739505e-02 1.000000000000000000e+00
-4.163000000000000256e+00 1.000000000000000048e-04 8.396732874103106370e-02 1.000000000000000000e+00
-4.162250000000000227e+00 1.000000000000000048e-04 8.398537982555297210e-02 1.000000000000000000e+00
-4.161500000000000199e+00 1.000000000000000048e-04 8.400343505511330411e-02 1.000000000000000000e+00
-4.160750000000000171e+00 1.000000000000000048e-04 8.402149443106295135e-02 1.000000000000000000e+00
-4.160000000000000142e+00 1.000000000000000048e-04 8.403955795475373525e-02 1.000000000000000000e+00
-4.159250000000000114e+00 1.000000000000000048e-04 8.405762562753821276e-02 1.000000000000000000e+00
-4.158500000000000085e+00 1.000000000000000048e-04 8.407569745076969026e-02 1.000000000000000000e+00
-4.157750000000000057e+00 1.000000000000000048e-04 8.409377342580232062e-02 1.000000000000000000e+00
-4.157000000000000028e+00 1.000000000000000048e-04 8.411185355399104779e-02 1.000000000000000000e+00
-4.156250000000000000e+00 1.000000000000000048e-04 8.412993783669157899e-02 1.000000000000000000e+00
-4.155499999999999972e+00 1.000000000000000048e-04 8.414802627526046797e-02 1.000000000000000000e+00
-4.154749999999999943e+00 1.000000000000000048e-04 8.416611887105508727e-02 1.000000000000000000e+00
-4.153999999999999915e+00 1.000000000000000048e-04 8.418421562543342007e-02 1.000000000000000000e+00
-4.153249999999999886e+00 1.000000000000000048e-04 8.420231653975451813e-02 1.000000000000000000e+00
-4.152499999999999858e+00 1.000000000000000048e-04 8.422042161537805771e-02 1.000000000000000000e+00
-4.151749999999999829e+00 1.000000000000000048e-04 8.423853085366453386e-02 1.000000000000000000e+00
-4.150999999999999801e+00 1.000000000000000048e-04 8.425664425597532980e-02 1.000000000000000000e+00
-4.150249999999999773e+00 1.000000000000000048e-04 8.427476182367253654e-02 1.000000000000000000e+00
-4.149499999999999744e+00 1.000000000000000048e-04 8.429288355811910549e-02 1.000000000000000000e+00
-4.148749999999999716e+00 1.000000000000000048e-04 8.431100946067868196e-02 1.000000000000000000e+00
-4.147999999999999687e+00 1.000000000000000048e-04 8.432913953271586882e-02 1.000000000000000000e+00
-4.147249999999999659e+00 1.000000000000000048e-04 8.434727377559600447e-02 1.000000000000000000e+00
-4.146499999999999631e+00 1.000000000000000048e-04 8.436541219068519060e-02 1.000000000000000000e+00
-4.145749999999999602e+00 1.000000000000000048e-04 8.438355477935038929e-02 1.000000000000000000e+00
-4.144999999999999574e+00 1.000000000000000048e-04 8.440170154295935367e-02 1.000000000000000000e+00
-4.144249999999999545e+00 1.000000000000000048e-04 8.441985248288064181e-02 1.000000000000000000e+00
-4.143499999999999517e+00 1.000000000000000048e-04 8.443800760048361664e-02 1.000000000000000000e+00
-4.142749999999999488e+00 1.000000000000000048e-04 8.445616689713844605e-02 1.000000000000000000e+00
-4.142000000000000348e+00 1.000000000000000048e-04 8.447433037421607505e-02 1.000000000000000000e+00
-4.141250000000000320e+00 1.000000000000000048e-04 8.449249803308833684e-02 1.000000000000000000e+00
-4.140500000000000291e+00 1.000000000000000048e-04 8.451066987512777240e-02 1.000000000000000000e+00
-4.139750000000000263e+00 1.000000000000000048e-04 8.452884590170788026e-02 1.000000000000000000e+00
-4.139000000000000234e+00 1.000000000000000048e-04 8.454702611420279734e-02 1.000000000000000000e+00
-4.138250000000000206e+00 1.000000000000000048e-04 8.456521051398759037e-02 1.000000000000000000e+00
-4.137500000000000178e+00 1.000000000000000048e-04 8.458339910243806159e-02 1.000000000000000000e+00
-4.136750000000000149e+00 1.000000000000000048e-04 8.460159188093085980e-02 1.000000000000000000e+00
-4.136000000000000121e+00 1.000000000000000048e-04 8.461978885084353585e-02 1.000000000000000000e+00
-4.135250000000000092e+00 1.000000000000000048e-04 8.463799001355423735e-02 1.000000000000000000e+00
-4.134500000000000064e+00 1.000000000000000048e-04 8.465619537044215270e-02 1.000000000000000000e+00
-4.133750000000000036e+00 1.000000000000000048e-04 8.467440492288712262e-02 1.000000000000000000e+00
-4.133000000000000007e+00 1.000000000000000048e-04 8.469261867226994533e-02 1.000000000000000000e+00
-4.132249999999999979e+00 1.000000000000000048e-04 8.471083661997212688e-02 1.000000000000000000e+00
-4.131499999999999950e+00 1.000000000000000048e-04 8.472905876737596431e-02 1.000000000000000000e+00
-4.130749999999999922e+00 1.000000000000000048e-04 8.474728511586474000e-02 1.000000000000000000e+00
-4.129999999999999893e+00 1.000000000000000048e-04 8.476551566682236083e-02 1.000000000000000000e+00
-4.129249999999999865e+00 1.000000000000000048e-04 8.478375042163364961e-02 1.000000000000000000e+00
-4.128499999999999837e+00 1.000000000000000048e-04 8.480198938168424794e-02 1.000000000000000000e+00
-4.127749999999999808e+00 1.000000000000000048e-04 8.482023254836065784e-02 1.000000000000000000e+00
-4.126999999999999780e+00 1.000000000000000048e-04 8.483847992305006136e-02 1.000000000000000000e+00
-4.126249999999999751e+00 1.000000000000000048e-04 8.485673150714059809e-02 1.000000000000000000e+00
-4.125499999999999723e+00 1.000000000000000048e-04 8.487498730202115704e-02 1.000000000000000000e+00
-4.124749999999999694e+00 1.000000000000000048e-04 8.489324730908145988e-02 1.000000000000000000e+00
-4.123999999999999666e+00 1.000000000000000048e-04 8.491151152971213034e-02 1.000000000000000000e+00
-4.123249999999999638e+00 1.000000000000000048e-04 8.492977996530454154e-02 1.000000000000000000e+00
-4.122499999999999609e+00 1.000000000000000048e-04 8.494805261725080214e-02 1.000000000000000000e+00
-4.121750000000000469e+00 1.000000000000000048e-04 8.496632948694400611e-02 1.000000000000000000e+00
-4.121000000000000441e+00 1.000000000000000048e-04 8.498461057577805233e-02 1.000000000000000000e+00
-4.120250000000000412e+00 1.000000000000000048e-04 8.500289588514756134e-02 1.000000000000000000e+00
-4.119500000000000384e+00 1.000000000000000048e-04 8.502118541644808347e-02 1.000000000000000000e+00
-4.118750000000000355e+00 1.000000000000000048e-04 8.503947917107596011e-02 1.000000000000000000e+00
-4.118000000000000327e+00 1.000000000000000048e-04 8.505777715042829590e-02 1.000000000000000000e+00
-4.117250000000000298e+00 1.000000000000000048e-04 8.507607935590316695e-02 1.000000000000000000e+00
-4.116500000000000270e+00 1.000000000000000048e-04 8.509438578889932936e-02 1.000000000000000000e+00
-4.115750000000000242e+00 1.000000000000000048e-04 8.511269645081651070e-02 1.000000000000000000e+00
-4.115000000000000213e+00 1.000000000000000048e-04 8.513101134305513240e-02 1.000000000000000000e+00
-4.114250000000000185e+00 1.000000000000000048e-04 8.514933046701651798e-02 1.000000000000000000e+00
-4.113500000000000156e+00 1.000000000000000048e-04 8.516765382410283747e-02 1.000000000000000000e+00
-4.112750000000000128e+00 1.000000000000000048e-04 8.518598141571703808e-02 1.000000000000000000e+00
-4.112000000000000099e+00 1.000000000000000048e-04 8.520431324326302458e-02 1.000000000000000000e+00
-4.111250000000000071e+00 1.000000000000000048e-04 8.522264930814534012e-02 1.000000000000000000e+00
-4.110500000000000043e+00 1.000000000000000048e-04 8.524098961176955480e-02 1.000000000000000000e+00
-4.109750000000000014e+00 1.000000000000000048e-04 8.525933415554189099e-02 1.000000000000000000e+00
-4.108999999999999986e+00 1.000000000000000048e-04 8.527768294086957024e-02 1.000000000000000000e+00
-4.108249999999999957e+00 1.000000000000000048e-04 8.529603596916057739e-02 1.000000000000000000e+00
-4.107499999999999929e+00 1.000000000000000048e-04 8.531439324182370221e-02 1.000000000000000000e+00
-4.106749999999999901e+00 1.000000000000000048e-04 8.533275476026867812e-02 1.000000000000000000e+00
-4.105999999999999872e+00 1.000000000000000048e-04 8.535112052590598797e-02 1.000000000000000000e+00
-4.105249999999999844e+00 1.000000000000000048e-04 8.536949054014691951e-02 1.000000000000000000e+00
-4.104499999999999815e+00 1.000000000000000048e-04 8.538786480440369031e-02 1.000000000000000000e+00
-4.103749999999999787e+00 1.000000000000000048e-04 8.540624332008933672e-02 1.000000000000000000e+00
-4.102999999999999758e+00 1.000000000000000048e-04 8.542462608861776940e-02 1.000000000000000000e+00
-4.102249999999999730e+00 1.000000000000000048e-04 8.544301311140356514e-02 1.000000000000000000e+00
-4.101499999999999702e+00 1.000000000000000048e-04 8.546140438986239707e-02 1.000000000000000000e+00
-4.100749999999999673e+00 1.000000000000000048e-04 8.547979992541059058e-02 1.000000000000000000e+00
-4.099999999999999645e+00 1.000000000000000048e-04 8.549819971946537311e-02 1.000000000000000000e+00
-4.099249999999999616e+00 1.000000000000000048e-04 8.551660377344490194e-02 1.000000000000000000e+00
-4.098499999999999588e+00 1.000000000000000048e-04 8.553501208876802819e-02 1.000000000000000000e+00
-4.097749999999999559e+00 1.000000000000000048e-04 8.555342466685454672e-02 1.000000000000000000e+00
-4.096999999999999531e+00 1.000000000000000048e-04 8.557184150912501563e-02 1.000000000000000000e+00
-4.096249999999999503e+00 1.000000000000000048e-04 8.559026261700103388e-02 1.000000000000000000e+00
-4.095500000000000362e+00 1.000000000000000048e-04 8.560868799190475553e-02 1.000000000000000000e+00
-4.094750000000000334e+00 1.000000000000000048e-04 8.562711763525947262e-02 1.000000000000000000e+00
-4.094000000000000306e+00 1.000000000000000048e-04 8.564555154848910168e-02 1.000000000000000000e+00
-4.093250000000000277e+00 1.000000000000000048e-04 8.566398973301855846e-02 1.000000000000000000e+00
-4.092500000000000249e+00 1.000000000000000048e-04 8.568243219027354973e-02 1.000000000000000000e+00
-4.091750000000000220e+00 1.000000000000000048e-04 8.570087892168054555e-02 1.000000000000000000e+00
-4.091000000000000192e+00 1.000000000000000048e-04 8.571932992866708456e-02 1.000000000000000000e+00
-4.090250000000000163e+00 1.000000000000000048e-04 8.573778521266130215e-02 1.000000000000000000e+00
-4.089500000000000135e+00 1.000000000000000048e-04 8.575624477509244392e-02 1.000000000000000000e+00
-4.088750000000000107e+00 1.000000000000000048e-04 8.577470861739033836e-02 1.000000000000000000e+00
-4.088000000000000078e+00 1.000000000000000048e-04 8.579317674098588253e-02 1.000000000000000000e+00
-4.087250000000000050e+00 1.000000000000000048e-04 8.581164914731079230e-02 1.000000000000000000e+00
-4.086500000000000021e+00 1.000000000000000048e-04 8.583012583779751903e-02 1.000000000000000000e+00
-4.085749999999999993e+00 1.000000000000000048e-04 8.584860681387955494e-02 1.000000000000000000e+00
-4.084999999999999964e+00 1.000000000000000048e-04 8.586709207699101676e-02 1.000000000000000000e+00
-4.084249999999999936e+00 1.000000000000000048e-04 8.588558162856707590e-02 1.000000000000000000e+00
-4.083499999999999908e+00 1.000000000000000048e-04 8.590407547004366706e-02 1.000000000000000000e+00
-4.082749999999999879e+00 1.000000000000000048e-04 8.592257360285766865e-02 1.000000000000000000e+00
-4.081999999999999851e+00 1.000000000000000048e-04 8.594107602844668070e-02 1.000000000000000000e+00
-4.081249999999999822e+00 1.000000000000000048e-04 8.595958274824930245e-02 1.000000000000000000e+00
-4.080499999999999794e+00 1.000000000000000048e-04 8.597809376370489642e-02 1.000000000000000000e+00
-4.079749999999999766e+00 1.000000000000000048e-04 8.599660907625371331e-02 1.000000000000000000e+00
-4.078999999999999737e+00 1.000000000000000048e-04 8.601512868733690587e-02 1.000000000000000000e+00
-4.078249999999999709e+00 1.000000000000000048e-04 8.603365259839647339e-02 1.000000000000000000e+00
-4.077499999999999680e+00 1.000000000000000048e-04 8.605218081087520621e-02 1.000000000000000000e+00
-4.076749999999999652e+00 1.000000000000000048e-04 8.607071332621683835e-02 1.000000000000000000e+00
-4.075999999999999623e+00 1.000000000000000048e-04 8.608925014586600588e-02 1.000000000000000000e+00
-4.075249999999999595e+00 1.000000000000000048e-04 8.610779127126806654e-02 1.000000000000000000e+00
-4.074500000000000455e+00 1.000000000000000048e-04 8.612633670386937723e-02 1.000000000000000000e+00
-4.073750000000000426e+00 1.000000000000000048e-04 8.614488644511707205e-02 1.000000000000000000e+00
-4.073000000000000398e+00 1.000000000000000048e-04 8.616344049645927039e-02 1.000000000000000000e+00
-4.072250000000000369e+00 1.000000000000000048e-04 8.618199885934479942e-02 1.000000000000000000e+00
-4.071500000000000341e+00 1.000000000000000048e-04 8.620056153522345777e-02 1.000000000000000000e+00
-4.070750000000000313e+00 1.000000000000000048e-04 8.621912852554590445e-02 1.000000000000000000e+00
-4.070000000000000284e+00 1.000000000000000048e-04 8.623769983176365894e-02 1.000000000000000000e+00
-4.069250000000000256e+00 1.000000000000000048e-04 8.625627545532915663e-02 1.000000000000000000e+00
-4.068500000000000227e+00 1.000000000000000048e-04 8.627485539769554068e-02 1.000000000000000000e+00
-4.067750000000000199e+00 1.000000000000000048e-04 8.629343966031700897e-02 1.000000000000000000e+00
-4.067000000000000171e+00 1.000000000000000048e-04 8.631202824464861978e-02 1.000000000000000000e+00
-4.066250000000000142e+00 1.000000000000000048e-04 8.633062115214616694e-02 1.000000000000000000e+00
-4.065500000000000114e+00 1.000000000000000048e-04 8.634921838426640184e-02 1.000000000000000000e+00
-4.064750000000000085e+00 1.000000000000000048e-04 8.636781994246700567e-02 1.000000000000000000e+00
-4.064000000000000057e+00 1.000000000000000048e-04 8.638642582820646454e-02 1.000000000000000000e+00
-4.063250000000000028e+00 1.000000000000000048e-04 8.640503604294409723e-02 1.000000000000000000e+00
-4.062500000000000000e+00 1.000000000000000048e-04 8.642365058814026335e-02 1.000000000000000000e+00
-4.061749999999999972e+00 1.000000000000000048e-04 8.644226946525598865e-02 1.000000000000000000e+00
-4.060999999999999943e+00 1.000000000000000048e-04 8.646089267575333970e-02 1.000000000000000000e+00
-4.060249999999999915e+00 1.000000000000000048e-04 8.647952022109522963e-02 1.000000000000000000e+00
-4.059499999999999886e+00 1.000000000000000048e-04 8.649815210274533483e-02 1.000000000000000000e+00
-4.058749999999999858e+00 1.000000000000000048e-04 8.651678832216835868e-02 1.000000000000000000e+00
-4.057999999999999829e+00 1.000000000000000048e-04 8.653542888082982332e-02 1.000000000000000000e+00
-4.057249999999999801e+00 1.000000000000000048e-04 8.655407378019615294e-02 1.000000000000000000e+00
-4.056499999999999773e+00 1.000000000000000048e-04 8.657272302173461831e-02 1.000000000000000000e+00
-4.055749999999999744e+00 1.000000000000000048e-04 8.659137660691339222e-02 1.000000000000000000e+00
-4.054999999999999716e+00 1.000000000000000048e-04 8.661003453720157730e-02 1.000000000000000000e+00
-4.054249999999999687e+00 1.000000000000000048e-04 8.662869681406901168e-02 1.000000000000000000e+00
-4.053499999999999659e+00 1.000000000000000048e-04 8.664736343898662985e-02 1.000000000000000000e+00
-4.052749999999999631e+00 1.000000000000000048e-04 8.666603441342606018e-02 1.000000000000000000e+00
-4.051999999999999602e+00 1.000000000000000048e-04 8.668470973885994413e-02 1.000000000000000000e+00
-4.051249999999999574e+00 1.000000000000000048e-04 8.670338941676179745e-02 1.000000000000000000e+00
-4.050499999999999545e+00 1.000000000000000048e-04 8.672207344860592693e-02 1.000000000000000000e+00
-4.049749999999999517e+00 1.000000000000000048e-04 8.674076183586761080e-02 1.000000000000000000e+00
-4.048999999999999488e+00 1.000000000000000048e-04 8.675945458002301547e-02 1.000000000000000000e+00
-4.048250000000000348e+00 1.000000000000000048e-04 8.677815168254912614e-02 1.000000000000000000e+00
-4.047500000000000320e+00 1.000000000000000048e-04 8.679685314492394110e-02 1.000000000000000000e+00
-4.046750000000000291e+00 1.000000000000000048e-04 8.681555896862623578e-02 1.000000000000000000e+00
-4.046000000000000263e+00 1.000000000000000048e-04 8.683426915513574318e-02 1.000000000000000000e+00
-4.045250000000000234e+00 1.000000000000000048e-04 8.685298370593307060e-02 1.000000000000000000e+00
-4.044500000000000206e+00 1.000000000000000048e-04 8.687170262249968578e-02 1.000000000000000000e+00
-4.043750000000000178e+00 1.000000000000000048e-04 8.689042590631797236e-02 1.000000000000000000e+00
-4.043000000000000149e+00 1.000000000000000048e-04 8.690915355887125771e-02 1.000000000000000000e+00
-4.042250000000000121e+00 1.000000000000000048e-04 8.692788558164366020e-02 1.000000000000000000e+00
-4.041500000000000092e+00 1.000000000000000048e-04 8.694662197612033905e-02 1.000000000000000000e+00
-4.040750000000000064e+00 1.000000000000000048e-04 8.696536274378717513e-02 1.000000000000000000e+00
-4.040000000000000036e+00 1.000000000000000048e-04 8.698410788613107625e-02 1.000000000000000000e+00
-4.039250000000000007e+00 1.000000000000000048e-04 8.700285740463983841e-02 1.000000000000000000e+00
-4.038499999999999979e+00 1.000000000000000048e-04 8.702161130080204865e-02 1.000000000000000000e+00
-4.037749999999999950e+00 1.000000000000000048e-04 8.704036957610727931e-02 1.000000000000000000e+00
-4.036999999999999922e+00 1.000000000000000048e-04 8.705913223204606033e-02 1.000000000000000000e+00
-4.036249999999999893e+00 1.000000000000000048e-04 8.707789927010971265e-02 1.000000000000000000e+00
-4.035499999999999865e+00 1.000000000000000048e-04 8.709667069179051480e-02 1.000000000000000000e+00
-4.034749999999999837e+00 1.000000000000000048e-04 8.711544649858160572e-02 1.000000000000000000e+00
-4.033999999999999808e+00 1.000000000000000048e-04 8.713422669197702641e-02 1.000000000000000000e+00
-4.033249999999999780e+00 1.000000000000000048e-04 8.715301127347183097e-02 1.000000000000000000e+00
-4.032499999999999751e+00 1.000000000000000048e-04 8.717180024456185061e-02 1.000000000000000000e+00
-4.031749999999999723e+00 1.000000000000000048e-04 8.719059360674379089e-02 1.000000000000000000e+00
-4.030999999999999694e+00 1.000000000000000048e-04 8.720939136151548143e-02 1.000000000000000000e+00
-4.030249999999999666e+00 1.000000000000000048e-04 8.722819351037541802e-02 1.000000000000000000e+00
-4.029499999999999638e+00 1.000000000000000048e-04 8.724700005482310949e-02 1.000000000000000000e+00
-4.028749999999999609e+00 1.000000000000000048e-04 8.726581099635898064e-02 1.000000000000000000e+00
-4.028000000000000469e+00 1.000000000000000048e-04 8.728462633648428892e-02 1.000000000000000000e+00
-4.027250000000000441e+00 1.000000000000000048e-04 8.730344607670133261e-02 1.000000000000000000e+00
-4.026500000000000412e+00 1.000000000000000048e-04 8.732227021851318716e-02 1.000000000000000000e+00
-4.025750000000000384e+00 1.000000000000000048e-04 8.734109876342392720e-02 1.000000000000000000e+00
-4.025000000000000355e+00 1.000000000000000048e-04 8.735993171293848780e-02 1.000000000000000000e+00
-4.024250000000000327e+00 1.000000000000000048e-04 8.737876906856270609e-02 1.000000000000000000e+00
-4.023500000000000298e+00 1.000000000000000048e-04 8.739761083180340451e-02 1.000000000000000000e+00
-4.022750000000000270e+00 1.000000000000000048e-04 8.741645700416823817e-02 1.000000000000000000e+00
-4.022000000000000242e+00 1.000000000000000048e-04 8.743530758716581974e-02 1.000000000000000000e+00
-4.021250000000000213e+00 1.000000000000000048e-04 8.745416258230565010e-02 1.000000000000000000e+00
-4.020500000000000185e+00 1.000000000000000048e-04 8.747302199109817378e-02 1.000000000000000000e+00
-4.019750000000000156e+00 1.000000000000000048e-04 8.749188581505475126e-02 1.000000000000000000e+00
-4.019000000000000128e+00 1.000000000000000048e-04 8.751075405568760346e-02 1.000000000000000000e+00
-4.018250000000000099e+00 1.000000000000000048e-04 8.752962671450993659e-02 1.000000000000000000e+00
-4.017500000000000071e+00 1.000000000000000048e-04 8.754850379303585894e-02 1.000000000000000000e+00
-4.016750000000000043e+00 1.000000000000000048e-04 8.756738529278036698e-02 1.000000000000000000e+00
-4.016000000000000014e+00 1.000000000000000048e-04 8.758627121525937309e-02 1.000000000000000000e+00
-4.015249999999999986e+00 1.000000000000000048e-04 8.760516156198977500e-02 1.000000000000000000e+00
-4.014499999999999957e+00 1.000000000000000048e-04 8.762405633448933084e-02 1.000000000000000000e+00
-4.013749999999999929e+00 1.000000000000000048e-04 8.764295553427674246e-02 1.000000000000000000e+00
-4.012999999999999901e+00 1.000000000000000048e-04 8.766185916287159985e-02 1.000000000000000000e+00
-4.012249999999999872e+00 1.000000000000000048e-04 8.768076722179446447e-02 1.000000000000000000e+00
-4.011499999999999844e+00 1.000000000000000048e-04 8.769967971256682759e-02 1.000000000000000000e+00
-4.010749999999999815e+00 1.000000000000000048e-04 8.771859663671104090e-02 1.000000000000000000e+00
-4.009999999999999787e+00 1.000000000000000048e-04 8.773751799575039978e-02 1.000000000000000000e+00
-4.009249999999999758e+00 1.000000000000000048e-04 8.775644379120921268e-02 1.000000000000000000e+00
-4.008499999999999730e+00 1.000000000000000048e-04 8.777537402461257909e-02 1.000000000000000000e+00
-4.007749999999999702e+00 1.000000000000000048e-04 8.779430869748658384e-02 1.000000000000000000e+00
-4.006999999999999673e+00 1.000000000000000048e-04 8.781324781135831092e-02 1.000000000000000000e+00
-4.006249999999999645e+00 1.000000000000000048e-04 8.783219136775567704e-02 1.000000000000000000e+00
-4.005499999999999616e+00 1.000000000000000048e-04 8.785113936820754255e-02 1.000000000000000000e+00
-4.004749999999999588e+00 1.000000000000000048e-04 8.787009181424371151e-02 1.000000000000000000e+00
-4.003999999999999559e+00 1.000000000000000048e-04 8.788904870739490394e-02 1.000000000000000000e+00
-4.003249999999999531e+00 1.000000000000000048e-04 8.790801004919285289e-02 1.000000000000000000e+00
-4.002499999999999503e+00 1.000000000000000048e-04 8.792697584117009635e-02 1.000000000000000000e+00
-4.001750000000000362e+00 1.000000000000000048e-04 8.794594608486019927e-02 1.000000000000000000e+00
-4.001000000000000334e+00 1.000000000000000048e-04 8.796492078179764251e-02 1.000000000000000000e+00
-4.000250000000000306e+00 1.000000000000000048e-04 8.798389993351776739e-02 1.000000000000000000e+00
-3.999500000000000277e+00 1.000000000000000048e-04 8.800288354155694215e-02 1.000000000000000000e+00
-3.998750000000000249e+00 1.000000000000000048e-04 8.802187160745243710e-02 1.000000000000000000e+00
-3.998000000000000220e+00 1.000000000000000048e-04 8.804086413274248013e-02 1.000000000000000000e+00
-3.997250000000000192e+00 1.000000000000000048e-04 8.805986111896615953e-02 1.000000000000000000e+00
-3.996500000000000163e+00 1.000000000000000048e-04 8.807886256766356281e-02 1.000000000000000000e+00
-3.995750000000000135e+00 1.000000000000000048e-04 8.809786848037574891e-02 1.000000000000000000e+00
-3.995000000000000107e+00 1.000000000000000048e-04 8.811687885864466496e-02 1.000000000000000000e+00
-3.994250000000000078e+00 1.000000000000000048e-04 8.813589370401317402e-02 1.000000000000000000e+00
-3.993500000000000050e+00 1.000000000000000048e-04 8.815491301802513835e-02 1.000000000000000000e+00
-3.992750000000000021e+00 1.000000000000000048e-04 8.817393680222532226e-02 1.000000000000000000e+00
-3.991999999999999993e+00 1.000000000000000048e-04 8.819296505815947540e-02 1.000000000000000000e+00
-3.991249999999999964e+00 1.000000000000000048e-04 8.821199778737419395e-02 1.000000000000000000e+00
-3.990499999999999936e+00 1.000000000000000048e-04 8.823103499141715655e-02 1.000000000000000000e+00
-3.989749999999999908e+00 1.000000000000000048e-04 8.825007667183687454e-02 1.000000000000000000e+00
-3.988999999999999879e+00 1.000000000000000048e-04 8.826912283018287231e-02 1.000000000000000000e+00
-3.988249999999999851e+00 1.000000000000000048e-04 8.828817346800554855e-02 1.000000000000000000e+00
-3.987499999999999822e+00 1.000000000000000048e-04 8.830722858685628729e-02 1.000000000000000000e+00
-3.986749999999999794e+00 1.000000000000000048e-04 8.832628818828744399e-02 1.000000000000000000e+00
-3.985999999999999766e+00 1.000000000000000048e-04 8.834535227385230394e-02 1.000000000000000000e+00
-3.985249999999999737e+00 1.000000000000000048e-04 8.836442084510506834e-02 1.000000000000000000e+00
-3.984499999999999709e+00 1.000000000000000048e-04 8.838349390360095148e-02 1.000000000000000000e+00
-3.983749999999999680e+00 1.000000000000000048e-04 8.840257145089605584e-02 1.000000000000000000e+00
-3.982999999999999652e+00 1.000000000000000048e-04 8.842165348854744145e-02 1.000000000000000000e+00
-3.982250000000000068e+00 1.000000000000000048e-04 8.844074001811309815e-02 1.000000000000000000e+00
-3.981500000000000039e+00 1.000000000000000048e-04 8.845983104115215379e-02 1.000000000000000000e+00
-3.980750000000000011e+00 1.000000000000000048e-04 8.847892655922438843e-02 1.000000000000000000e+00
-3.979999999999999982e+00 1.000000000000000048e-04 8.849802657389077565e-02 1.000000000000000000e+00
-3.979249999999999954e+00 1.000000000000000048e-04 8.851713108671314945e-02 1.000000000000000000e+00
-3.978499999999999925e+00 1.000000000000000048e-04 8.853624009925423199e-02 1.000000000000000000e+00
-3.977749999999999897e+00 1.000000000000000048e-04 8.855535361307788345e-02 1.000000000000000000e+00
-3.976999999999999869e+00 1.000000000000000048e-04 8.857447162974869947e-02 1.000000000000000000e+00
-3.976250000000000284e+00 1.000000000000000048e-04 8.859359415083238598e-02 1.000000000000000000e+00
-3.975500000000000256e+00 1.000000000000000048e-04 8.861272117789560643e-02 1.000000000000000000e+00
-3.974750000000000227e+00 1.000000000000000048e-04 8.863185271250589858e-02 1.000000000000000000e+00
-3.974000000000000199e+00 1.000000000000000048e-04 8.865098875623177166e-02 1.000000000000000000e+00
-3.973250000000000171e+00 1.000000000000000048e-04 8.867012931064277570e-02 1.000000000000000000e+00
-3.972500000000000142e+00 1.000000000000000048e-04 8.868927437730936281e-02 1.000000000000000000e+00
-3.971750000000000114e+00 1.000000000000000048e-04 8.870842395780292877e-02 1.000000000000000000e+00
-3.971000000000000085e+00 1.000000000000000048e-04 8.872757805369586859e-02 1.000000000000000000e+00
-3.970250000000000057e+00 1.000000000000000048e-04 8.874673666656152093e-02 1.000000000000000000e+00
-3.969500000000000028e+00 1.000000000000000048e-04 8.876589979797420982e-02 1.000000000000000000e+00
-3.968750000000000000e+00 1.000000000000000048e-04 8.878506744950916130e-02 1.000000000000000000e+00
-3.967999999999999972e+00 1.000000000000000048e-04 8.880423962274265615e-02 1.000000000000000000e+00
-3.967249999999999943e+00 1.000000000000000048e-04 8.882341631925189107e-02 1.000000000000000000e+00
-3.966499999999999915e+00 1.000000000000000048e-04 8.884259754061506198e-02 1.000000000000000000e+00
-3.965749999999999886e+00 1.000000000000000048e-04 8.886178328841126683e-02 1.000000000000000000e+00
-3.964999999999999858e+00 1.000000000000000048e-04 8.888097356422058892e-02 1.000000000000000000e+00
-3.964249999999999829e+00 1.000000000000000048e-04 8.890016836962412461e-02 1.000000000000000000e+00
-3.963499999999999801e+00 1.000000000000000048e-04 8.891936770620392783e-02 1.000000000000000000e+00
-3.962749999999999773e+00 1.000000000000000048e-04 8.893857157554299619e-02 1.000000000000000000e+00
-3.961999999999999744e+00 1.000000000000000048e-04 8.895777997922532654e-02 1.000000000000000000e+00
-3.961249999999999716e+00 1.000000000000000048e-04 8.897699291883585937e-02 1.000000000000000000e+00
-3.960499999999999687e+00 1.000000000000000048e-04 8.899621039596053440e-02 1.000000000000000000e+00
-3.959749999999999659e+00 1.000000000000000048e-04 8.901543241218626279e-02 1.000000000000000000e+00
-3.959000000000000075e+00 1.000000000000000048e-04 8.903465896910080224e-02 1.000000000000000000e+00
-3.958250000000000046e+00 1.000000000000000048e-04 8.905389006829317333e-02 1.000000000000000000e+00
-3.957500000000000018e+00 1.000000000000000048e-04 8.907312571135314605e-02 1.000000000000000000e+00
-3.956749999999999989e+00 1.000000000000000048e-04 8.909236589987142019e-02 1.000000000000000000e+00
-3.955999999999999961e+00 1.000000000000000048e-04 8.911161063543987515e-02 1.000000000000000000e+00
-3.955249999999999932e+00 1.000000000000000048e-04 8.913085991965125077e-02 1.000000000000000000e+00
-3.954499999999999904e+00 1.000000000000000048e-04 8.915011375409923056e-02 1.000000000000000000e+00
-3.953749999999999876e+00 1.000000000000000048e-04 8.916937214037853887e-02 1.000000000000000000e+00
-3.953000000000000291e+00 1.000000000000000048e-04 8.918863508008489926e-02 1.000000000000000000e+00
-3.952250000000000263e+00 1.000000000000000048e-04 8.920790257481497898e-02 1.000000000000000000e+00
-3.951500000000000234e+00 1.000000000000000048e-04 8.922717462616638895e-02 1.000000000000000000e+00
-3.950750000000000206e+00 1.000000000000000048e-04 8.924645123573780869e-02 1.000000000000000000e+00
-3.950000000000000178e+00 1.000000000000000048e-04 8.926573240512877816e-02 1.000000000000000000e+00
-3.949250000000000149e+00 1.000000000000000048e-04 8.928501813594003078e-02 1.000000000000000000e+00
-3.948500000000000121e+00 1.000000000000000048e-04 8.930430842977296613e-02 1.000000000000000000e+00
-3.947750000000000092e+00 1.000000000000000048e-04 8.932360328823027440e-02 1.000000000000000000e+00
-3.947000000000000064e+00 1.000000000000000048e-04 8.934290271291554786e-02 1.000000000000000000e+00
-3.946250000000000036e+00 1.000000000000000048e-04 8.936220670543318367e-02 1.000000000000000000e+00
-3.945500000000000007e+00 1.000000000000000048e-04 8.938151526738884189e-02 1.000000000000000000e+00
-3.944749999999999979e+00 1.000000000000000048e-04 8.940082840038894585e-02 1.000000000000000000e+00
-3.943999999999999950e+00 1.000000000000000048e-04 8.942014610604105684e-02 1.000000000000000000e+00
-3.943249999999999922e+00 1.000000000000000048e-04 8.943946838595359661e-02 1.000000000000000000e+00
-3.942499999999999893e+00 1.000000000000000048e-04 8.945879524173613873e-02 1.000000000000000000e+00
-3.941749999999999865e+00 1.000000000000000048e-04 8.947812667499911721e-02 1.000000000000000000e+00
-3.940999999999999837e+00 1.000000000000000048e-04 8.949746268735395138e-02 1.000000000000000000e+00
-3.940249999999999808e+00 1.000000000000000048e-04 8.951680328041315693e-02 1.000000000000000000e+00
-3.939499999999999780e+00 1.000000000000000048e-04 8.953614845579015158e-02 1.000000000000000000e+00
-3.938749999999999751e+00 1.000000000000000048e-04 8.955549821509939390e-02 1.000000000000000000e+00
-3.937999999999999723e+00 1.000000000000000048e-04 8.957485255995630002e-02 1.000000000000000000e+00
-3.937249999999999694e+00 1.000000000000000048e-04 8.959421149197734080e-02 1.000000000000000000e+00
-3.936499999999999666e+00 1.000000000000000048e-04 8.961357501277990301e-02 1.000000000000000000e+00
-3.935750000000000082e+00 1.000000000000000048e-04 8.963294312398244201e-02 1.000000000000000000e+00
-3.935000000000000053e+00 1.000000000000000048e-04 8.965231582720438464e-02 1.000000000000000000e+00
-3.934250000000000025e+00 1.000000000000000048e-04 8.967169312406614301e-02 1.000000000000000000e+00
-3.933499999999999996e+00 1.000000000000000048e-04 8.969107501618910072e-02 1.000000000000000000e+00
-3.932749999999999968e+00 1.000000000000000048e-04 8.971046150519572382e-02 1.000000000000000000e+00
-3.931999999999999940e+00 1.000000000000000048e-04 8.972985259270942204e-02 1.000000000000000000e+00
-3.931249999999999911e+00 1.000000000000000048e-04 8.974924828035463209e-02 1.000000000000000000e+00
-3.930499999999999883e+00 1.000000000000000048e-04 8.976864856975673435e-02 1.000000000000000000e+00
-3.929750000000000298e+00 1.000000000000000048e-04 8.978805346254223330e-02 1.000000000000000000e+00
-3.929000000000000270e+00 1.000000000000000048e-04 8.980746296033843834e-02 1.000000000000000000e+00
-3.928250000000000242e+00 1.000000000000000048e-04 8.982687706477389400e-02 1.000000000000000000e+00
-3.927500000000000213e+00 1.000000000000000048e-04 8.984629577747800522e-02 1.000000000000000000e+00
-3.926750000000000185e+00 1.000000000000000048e-04 8.986571910008119002e-02 1.000000000000000000e+00
-3.926000000000000156e+00 1.000000000000000048e-04 8.988514703421493501e-02 1.000000000000000000e+00
-3.925250000000000128e+00 1.000000000000000048e-04 8.990457958151169826e-02 1.000000000000000000e+00
-3.924500000000000099e+00 1.000000000000000048e-04 8.992401674360495090e-02 1.000000000000000000e+00
-3.923750000000000071e+00 1.000000000000000048e-04 8.994345852212909387e-02 1.000000000000000000e+00
-3.923000000000000043e+00 1.000000000000000048e-04 8.996290491871974937e-02 1.000000000000000000e+00
-3.922250000000000014e+00 1.000000000000000048e-04 8.998235593501328899e-02 1.000000000000000000e+00
-3.921499999999999986e+00 1.000000000000000048e-04 9.000181157264729170e-02 1.000000000000000000e+00
-3.920749999999999957e+00 1.000000000000000048e-04 9.002127183326026627e-02 1.000000000000000000e+00
-3.919999999999999929e+00 1.000000000000000048e-04 9.004073671849172067e-02 1.000000000000000000e+00
-3.919249999999999901e+00 1.000000000000000048e-04 9.006020622998221759e-02 1.000000000000000000e+00
-3.918499999999999872e+00 1.000000000000000048e-04 9.007968036937333278e-02 1.000000000000000000e+00
-3.917749999999999844e+00 1.000000000000000048e-04 9.009915913830755796e-02 1.000000000000000000e+00
-3.916999999999999815e+00 1.000000000000000048e-04 9.011864253842860606e-02 1.000000000000000000e+00
-3.916249999999999787e+00 1.000000000000000048e-04 9.013813057138099494e-02 1.000000000000000000e+00
-3.915499999999999758e+00 1.000000000000000048e-04 9.015762323881039431e-02 1.000000000000000000e+00
-3.914749999999999730e+00 1.000000000000000048e-04 9.017712054236340369e-02 1.000000000000000000e+00
-3.913999999999999702e+00 1.000000000000000048e-04 9.019662248368773283e-02 1.000000000000000000e+00
-3.913249999999999673e+00 1.000000000000000048e-04 9.021612906443200741e-02 1.000000000000000000e+00
-3.912499999999999645e+00 1.000000000000000048e-04 9.023564028624594946e-02 1.000000000000000000e+00
-3.911750000000000060e+00 1.000000000000000048e-04 9.025515615078030796e-02 1.000000000000000000e+00
-3.911000000000000032e+00 1.000000000000000048e-04 9.027467665968681720e-02 1.000000000000000000e+00
-3.910250000000000004e+00 1.000000000000000048e-04 9.029420181461818296e-02 1.000000000000000000e+00
-3.909499999999999975e+00 1.000000000000000048e-04 9.031373161722830445e-02 1.000000000000000000e+00
-3.908749999999999947e+00 1.000000000000000048e-04 9.033326606917191359e-02 1.000000000000000000e+00
-3.907999999999999918e+00 1.000000000000000048e-04 9.035280517210485252e-02 1.000000000000000000e+00
-3.907249999999999890e+00 1.000000000000000048e-04 9.037234892768399031e-02 1.000000000000000000e+00
-3.906500000000000306e+00 1.000000000000000048e-04 9.039189733756720913e-02 1.000000000000000000e+00
-3.905750000000000277e+00 1.000000000000000048e-04 9.041145040341351524e-02 1.000000000000000000e+00
-3.905000000000000249e+00 1.000000000000000048e-04 9.043100812688270596e-02 1.000000000000000000e+00
-3.904250000000000220e+00 1.000000000000000048e-04 9.045057050963588308e-02 1.000000000000000000e+00
-3.903500000000000192e+00 1.000000000000000048e-04 9.047013755333495333e-02 1.000000000000000000e+00
-3.902750000000000163e+00 1.000000000000000048e-04 9.048970925964301693e-02 1.000000000000000000e+00
-3.902000000000000135e+00 1.000000000000000048e-04 9.050928563022410389e-02 1.000000000000000000e+00
-3.901250000000000107e+00 1.000000000000000048e-04 9.052886666674331284e-02 1.000000000000000000e+00
-3.900500000000000078e+00 1.000000000000000048e-04 9.054845237086682486e-02 1.000000000000000000e+00
-3.899750000000000050e+00 1.000000000000000048e-04 9.056804274426175083e-02 1.000000000000000000e+00
-3.899000000000000021e+00 1.000000000000000048e-04 9.058763778859624249e-02 1.000000000000000000e+00
-3.898249999999999993e+00 1.000000000000000048e-04 9.060723750553964506e-02 1.000000000000000000e+00
-3.897499999999999964e+00 1.000000000000000048e-04 9.062684189676210866e-02 1.000000000000000000e+00
-3.896749999999999936e+00 1.000000000000000048e-04 9.064645096393501855e-02 1.000000000000000000e+00
-3.895999999999999908e+00 1.000000000000000048e-04 9.066606470873071755e-02 1.000000000000000000e+00
-3.895249999999999879e+00 1.000000000000000048e-04 9.068568313282249216e-02 1.000000000000000000e+00
-3.894499999999999851e+00 1.000000000000000048e-04 9.070530623788489177e-02 1.000000000000000000e+00
-3.893749999999999822e+00 1.000000000000000048e-04 9.072493402559324294e-02 1.000000000000000000e+00
-3.892999999999999794e+00 1.000000000000000048e-04 9.074456649762416283e-02 1.000000000000000000e+00
-3.892249999999999766e+00 1.000000000000000048e-04 9.076420365565507353e-02 1.000000000000000000e+00
-3.891499999999999737e+00 1.000000000000000048e-04 9.078384550136461839e-02 1.000000000000000000e+00
-3.890749999999999709e+00 1.000000000000000048e-04 9.080349203643245382e-02 1.000000000000000000e+00
-3.889999999999999680e+00 1.000000000000000048e-04 9.082314326253920767e-02 1.000000000000000000e+00
-3.889249999999999652e+00 1.000000000000000048e-04 9.084279918136652088e-02 1.000000000000000000e+00
-3.888500000000000068e+00 1.000000000000000048e-04 9.086245979459728339e-02 1.000000000000000000e+00
-3.887750000000000039e+00 1.000000000000000048e-04 9.088212510391523169e-02 1.000000000000000000e+00
-3.887000000000000011e+00 1.000000000000000048e-04 9.090179511100518472e-02 1.000000000000000000e+00
-3.886249999999999982e+00 1.000000000000000048e-04 9.092146981755311330e-02 1.000000000000000000e+00
-3.885499999999999954e+00 1.000000000000000048e-04 9.094114922524586253e-02 1.000000000000000000e+00
-3.884749999999999925e+00 1.000000000000000048e-04 9.096083333577151264e-02 1.000000000000000000e+00
-3.883999999999999897e+00 1.000000000000000048e-04 9.098052215081901817e-02 1.000000000000000000e+00
-3.883249999999999869e+00 1.000000000000000048e-04 9.100021567207859652e-02 1.000000000000000000e+00
-3.882500000000000284e+00 1.000000000000000048e-04 9.101991390124124226e-02 1.000000000000000000e+00
-3.881750000000000256e+00 1.000000000000000048e-04 9.103961683999928223e-02 1.000000000000000000e+00
-3.881000000000000227e+00 1.000000000000000048e-04 9.105932449004588980e-02 1.000000000000000000e+00
-3.880250000000000199e+00 1.000000000000000048e-04 9.107903685307540409e-02 1.000000000000000000e+00
-3.879500000000000171e+00 1.000000000000000048e-04 9.109875393078314953e-02 1.000000000000000000e+00
-3.878750000000000142e+00 1.000000000000000048e-04 9.111847572486557467e-02 1.000000000000000000e+00
-3.878000000000000114e+00 1.000000000000000048e-04 9.113820223702008561e-02 1.000000000000000000e+00
-3.877250000000000085e+00 1.000000000000000048e-04 9.115793346894530969e-02 1.000000000000000000e+00
-3.876500000000000057e+00 1.000000000000000048e-04 9.117766942234070693e-02 1.000000000000000000e+00
-3.875750000000000028e+00 1.000000000000000048e-04 9.119741009890702799e-02 1.000000000000000000e+00
-3.875000000000000000e+00 1.000000000000000048e-04 9.121715550034591169e-02 1.000000000000000000e+00
-3.874249999999999972e+00 1.000000000000000048e-04 9.123690562836009321e-02 1.000000000000000000e+00
-3.873499999999999943e+00 1.000000000000000048e-04 9.125666048465347346e-02 1.000000000000000000e+00
-3.872749999999999915e+00 1.000000000000000048e-04 9.127642007093088317e-02 1.000000000000000000e+00
-3.871999999999999886e+00 1.000000000000000048e-04 9.129618438889824938e-02 1.000000000000000000e+00
-3.871249999999999858e+00 1.000000000000000048e-04 9.131595344026265104e-02 1.000000000000000000e+00
-3.870499999999999829e+00 1.000000000000000048e-04 9.133572722673206912e-02 1.000000000000000000e+00
-3.869749999999999801e+00 1.000000000000000048e-04 9.135550575001569196e-02 1.000000000000000000e+00
-3.868999999999999773e+00 1.000000000000000048e-04 9.137528901182376262e-02 1.000000000000000000e+00
-3.868249999999999744e+00 1.000000000000000048e-04 9.139507701386744010e-02 1.000000000000000000e+00
-3.867499999999999716e+00 1.000000000000000048e-04 9.141486975785913238e-02 1.000000000000000000e+00
-3.866749999999999687e+00 1.000000000000000048e-04 9.143466724551223279e-02 1.000000000000000000e+00
-3.865999999999999659e+00 1.000000000000000048e-04 9.145446947854120323e-02 1.000000000000000000e+00
-3.865250000000000075e+00 1.000000000000000048e-04 9.147427645866160195e-02 1.000000000000000000e+00
-3.864500000000000046e+00 1.000000000000000048e-04 9.149408818759001416e-02 1.000000000000000000e+00
-3.863750000000000018e+00 1.000000000000000048e-04 9.151390466704413529e-02 1.000000000000000000e+00
-3.862999999999999989e+00 1.000000000000000048e-04 9.153372589874271548e-02 1.000000000000000000e+00
-3.862249999999999961e+00 1.000000000000000048e-04 9.155355188440561509e-02 1.000000000000000000e+00
-3.861499999999999932e+00 1.000000000000000048e-04 9.157338262575366594e-02 1.000000000000000000e+00
-3.860749999999999904e+00 1.000000000000000048e-04 9.159321812450892109e-02 1.000000000000000000e+00
-3.859999999999999876e+00 1.000000000000000048e-04 9.161305838239434951e-02 1.000000000000000000e+00
-3.859250000000000291e+00 1.000000000000000048e-04 9.163290340113412757e-02 1.000000000000000000e+00
-3.858500000000000263e+00 1.000000000000000048e-04 9.165275318245343084e-02 1.000000000000000000e+00
-3.857750000000000234e+00 1.000000000000000048e-04 9.167260772807857283e-02 1.000000000000000000e+00
-3.857000000000000206e+00 1.000000000000000048e-04 9.169246703973686630e-02 1.000000000000000000e+00
-3.856250000000000178e+00 1.000000000000000048e-04 9.171233111915683134e-02 1.000000000000000000e+00
-3.855500000000000149e+00 1.000000000000000048e-04 9.173219996806784848e-02 1.000000000000000000e+00
-3.854750000000000121e+00 1.000000000000000048e-04 9.175207358820063053e-02 1.000000000000000000e+00
-3.854000000000000092e+00 1.000000000000000048e-04 9.177195198128682008e-02 1.000000000000000000e+00
-3.853250000000000064e+00 1.000000000000000048e-04 9.179183514905914221e-02 1.000000000000000000e+00
-3.852500000000000036e+00 1.000000000000000048e-04 9.181172309325152936e-02 1.000000000000000000e+00
-3.851750000000000007e+00 1.000000000000000048e-04 9.183161581559880215e-02 1.000000000000000000e+00
-3.850999999999999979e+00 1.000000000000000048e-04 9.185151331783705797e-02 1.000000000000000000e+00
-3.850249999999999950e+00 1.000000000000000048e-04 9.187141560170331012e-02 1.000000000000000000e+00
-3.849499999999999922e+00 1.000000000000000048e-04 9.189132266893580703e-02 1.000000000000000000e+00
-3.848749999999999893e+00 1.000000000000000048e-04 9.191123452127381022e-02 1.000000000000000000e+00
-3.847999999999999865e+00 1.000000000000000048e-04 9.193115116045767754e-02 1.000000000000000000e+00
-3.847249999999999837e+00 1.000000000000000048e-04 9.195107258822884932e-02 1.000000000000000000e+00
-3.846499999999999808e+00 1.000000000000000048e-04 9.197099880632987612e-02 1.000000000000000000e+00
-3.845749999999999780e+00 1.000000000000000048e-04 9.199092981650434930e-02 1.000000000000000000e+00
-3.844999999999999751e+00 1.000000000000000048e-04 9.201086562049699824e-02 1.000000000000000000e+00
-3.844249999999999723e+00 1.000000000000000048e-04 9.203080622005366251e-02 1.000000000000000000e+00
-3.843499999999999694e+00 1.000000000000000048e-04 9.205075161692126418e-02 1.000000000000000000e+00
-3.842749999999999666e+00 1.000000000000000048e-04 9.207070181284769672e-02 1.000000000000000000e+00
-3.842000000000000082e+00 1.000000000000000048e-04 9.209065680958214428e-02 1.000000000000000000e+00
-3.841250000000000053e+00 1.000000000000000048e-04 9.211061660887477631e-02 1.000000000000000000e+00
-3.840500000000000025e+00 1.000000000000000048e-04 9.213058121247681698e-02 1.000000000000000000e+00
-3.839749999999999996e+00 1.000000000000000048e-04 9.215055062214076720e-02 1.000000000000000000e+00
-3.838999999999999968e+00 1.000000000000000048e-04 9.217052483961998832e-02 1.000000000000000000e+00
-3.838249999999999940e+00 1.000000000000000048e-04 9.219050386666913233e-02 1.000000000000000000e+00
-3.837499999999999911e+00 1.000000000000000048e-04 9.221048770504380876e-02 1.000000000000000000e+00
-3.836749999999999883e+00 1.000000000000000048e-04 9.223047635650083453e-02 1.000000000000000000e+00
-3.836000000000000298e+00 1.000000000000000048e-04 9.225046982279801189e-02 1.000000000000000000e+00
-3.835250000000000270e+00 1.000000000000000048e-04 9.227046810569441981e-02 1.000000000000000000e+00
-3.834500000000000242e+00 1.000000000000000048e-04 9.229047120695008100e-02 1.000000000000000000e+00
-3.833750000000000213e+00 1.000000000000000048e-04 9.231047912832621161e-02 1.000000000000000000e+00
-3.833000000000000185e+00 1.000000000000000048e-04 9.233049187158505478e-02 1.000000000000000000e+00
-3.832250000000000156e+00 1.000000000000000048e-04 9.235050943849004712e-02 1.000000000000000000e+00
-3.831500000000000128e+00 1.000000000000000048e-04 9.237053183080566610e-02 1.000000000000000000e+00
-3.830750000000000099e+00 1.000000000000000048e-04 9.239055905029747162e-02 1.000000000000000000e+00
-3.830000000000000071e+00 1.000000000000000048e-04 9.241059109873221711e-02 1.000000000000000000e+00
-3.829250000000000043e+00 1.000000000000000048e-04 9.243062797787776619e-02 1.000000000000000000e+00
-3.828500000000000014e+00 1.000000000000000048e-04 9.245066968950295394e-02 1.000000000000000000e+00
-3.827749999999999986e+00 1.000000000000000048e-04 9.247071623537789220e-02 1.000000000000000000e+00
-3.826999999999999957e+00 1.000000000000000048e-04 9.249076761727366425e-02 1.000000000000000000e+00
-3.826249999999999929e+00 1.000000000000000048e-04 9.251082383696261624e-02 1.000000000000000000e+00
-3.825499999999999901e+00 1.000000000000000048e-04 9.253088489621802415e-02 1.000000000000000000e+00
-3.824749999999999872e+00 1.000000000000000048e-04 9.255095079681446846e-02 1.000000000000000000e+00
-3.823999999999999844e+00 1.000000000000000048e-04 9.257102154052748721e-02 1.000000000000000000e+00
-3.823249999999999815e+00 1.000000000000000048e-04 9.259109712913381196e-02 1.000000000000000000e+00
-3.822499999999999787e+00 1.000000000000000048e-04 9.261117756441124282e-02 1.000000000000000000e+00
-3.821749999999999758e+00 1.000000000000000048e-04 9.263126284813875955e-02 1.000000000000000000e+00
-3.820999999999999730e+00 1.000000000000000048e-04 9.265135298209643822e-02 1.000000000000000000e+00
-3.820249999999999702e+00 1.000000000000000048e-04 9.267144796806543738e-02 1.000000000000000000e+00
-3.819499999999999673e+00 1.000000000000000048e-04 9.269154780782803971e-02 1.000000000000000000e+00
-3.818749999999999645e+00 1.000000000000000048e-04 9.271165250316772133e-02 1.000000000000000000e+00
-3.818000000000000060e+00 1.000000000000000048e-04 9.273176205586895759e-02 1.000000000000000000e+00
-3.817250000000000032e+00 1.000000000000000048e-04 9.275187646771747285e-02 1.000000000000000000e+00
-3.816500000000000004e+00 1.000000000000000048e-04 9.277199574049999065e-02 1.000000000000000000e+00
-3.815749999999999975e+00 1.000000000000000048e-04 9.279211987600445577e-02 1.000000000000000000e+00
-3.814999999999999947e+00 1.000000000000000048e-04 9.281224887601989548e-02 1.000000000000000000e+00
-3.814249999999999918e+00 1.000000000000000048e-04 9.283238274233647502e-02 1.000000000000000000e+00
-3.813499999999999890e+00 1.000000000000000048e-04 9.285252147674545597e-02 1.000000000000000000e+00
-3.812750000000000306e+00 1.000000000000000048e-04 9.287266508103922402e-02 1.000000000000000000e+00
-3.812000000000000277e+00 1.000000000000000048e-04 9.289281355701138609e-02 1.000000000000000000e+00
-3.811250000000000249e+00 1.000000000000000048e-04 9.291296690645650669e-02 1.000000000000000000e+00
-3.810500000000000220e+00 1.000000000000000048e-04 9.293312513117048257e-02 1.000000000000000000e+00
-3.809750000000000192e+00 1.000000000000000048e-04 9.295328823295015419e-02 1.000000000000000000e+00
-3.809000000000000163e+00 1.000000000000000048e-04 9.297345621359362489e-02 1.000000000000000000e+00
-3.808250000000000135e+00 1.000000000000000048e-04 9.299362907490003882e-02 1.000000000000000000e+00
-3.807500000000000107e+00 1.000000000000000048e-04 9.301380681866971978e-02 1.000000000000000000e+00
-3.806750000000000078e+00 1.000000000000000048e-04 9.303398944670414339e-02 1.000000000000000000e+00
-3.806000000000000050e+00 1.000000000000000048e-04 9.305417696080586776e-02 1.000000000000000000e+00
-3.805250000000000021e+00 1.000000000000000048e-04 9.307436936277861672e-02 1.000000000000000000e+00
-3.804499999999999993e+00 1.000000000000000048e-04 9.309456665442723822e-02 1.000000000000000000e+00
-3.803749999999999964e+00 1.000000000000000048e-04 9.311476883755771816e-02 1.000000000000000000e+00
-3.802999999999999936e+00 1.000000000000000048e-04 9.313497591397718045e-02 1.000000000000000000e+00
-3.802249999999999908e+00 1.000000000000000048e-04 9.315518788549388696e-02 1.000000000000000000e+00
-3.801499999999999879e+00 1.000000000000000048e-04 9.317540475391726529e-02 1.000000000000000000e+00
-3.800749999999999851e+00 1.000000000000000048e-04 9.319562652105782552e-02 1.000000000000000000e+00
-3.799999999999999822e+00 1.000000000000000048e-04 9.321585318872722958e-02 1.000000000000000000e+00
-3.799249999999999794e+00 1.000000000000000048e-04 9.323608475873840229e-02 1.000000000000000000e+00
-3.798499999999999766e+00 1.000000000000000048e-04 9.325632123290517050e-02 1.000000000000000000e+00
-3.797749999999999737e+00 1.000000000000000048e-04 9.327656261304274887e-02 1.000000000000000000e+00
-3.796999999999999709e+00 1.000000000000000048e-04 9.329680890096739287e-02 1.000000000000000000e+00
-3.796249999999999680e+00 1.000000000000000048e-04 9.331706009849641270e-02 1.000000000000000000e+00
-3.795499999999999652e+00 1.000000000000000048e-04 9.333731620744840918e-02 1.000000000000000000e+00
-3.794750000000000068e+00 1.000000000000000048e-04 9.335757722964306560e-02 1.000000000000000000e+00
-3.794000000000000039e+00 1.000000000000000048e-04 9.337784316690117548e-02 1.000000000000000000e+00
-3.793250000000000011e+00 1.000000000000000048e-04 9.339811402104480909e-02 1.000000000000000000e+00
-3.792499999999999982e+00 1.000000000000000048e-04 9.341838979389703590e-02 1.000000000000000000e+00
-3.791749999999999954e+00 1.000000000000000048e-04 9.343867048728218827e-02 1.000000000000000000e+00
-3.790999999999999925e+00 1.000000000000000048e-04 9.345895610302565326e-02 1.000000000000000000e+00
-3.790249999999999897e+00 1.000000000000000048e-04 9.347924664295401143e-02 1.000000000000000000e+00
-3.789499999999999869e+00 1.000000000000000048e-04 9.349954210889505068e-02 1.000000000000000000e+00
-3.788750000000000284e+00 1.000000000000000048e-04 9.351984250267758592e-02 1.000000000000000000e+00
-3.788000000000000256e+00 1.000000000000000048e-04 9.354014782613173651e-02 1.000000000000000000e+00
-3.787250000000000227e+00 1.000000000000000048e-04 9.356045808108864881e-02 1.000000000000000000e+00
-3.786500000000000199e+00 1.000000000000000048e-04 9.358077326938071816e-02 1.000000000000000000e+00
-3.785750000000000171e+00 1.000000000000000048e-04 9.360109339284142238e-02 1.000000000000000000e+00
-3.785000000000000142e+00 1.000000000000000048e-04 9.362141845330547441e-02 1.000000000000000000e+00
-3.784250000000000114e+00 1.000000000000000048e-04 9.364174845260864188e-02 1.000000000000000000e+00
-3.783500000000000085e+00 1.000000000000000048e-04 9.366208339258795534e-02 1.000000000000000000e+00
-3.782750000000000057e+00 1.000000000000000048e-04 9.368242327508155554e-02 1.000000000000000000e+00
-3.782000000000000028e+00 1.000000000000000048e-04 9.370276810192870731e-02 1.000000000000000000e+00
-3.781250000000000000e+00 1.000000000000000048e-04 9.372311787496995228e-02 1.000000000000000000e+00
-3.780499999999999972e+00 1.000000000000000048e-04 9.374347259604683125e-02 1.000000000000000000e+00
-3.779749999999999943e+00 1.000000000000000048e-04 9.376383226700218954e-02 1.000000000000000000e+00
-3.778999999999999915e+00 1.000000000000000048e-04 9.378419688967998269e-02 1.000000000000000000e+00
-3.778249999999999886e+00 1.000000000000000048e-04 9.380456646592533199e-02 1.000000000000000000e+00
-3.777499999999999858e+00 1.000000000000000048e-04 9.382494099758455219e-02 1.000000000000000000e+00
-3.776749999999999829e+00 1.000000000000000048e-04 9.384532048650501279e-02 1.000000000000000000e+00
-3.775999999999999801e+00 1.000000000000000048e-04 9.386570493453542940e-02 1.000000000000000000e+00
-3.775249999999999773e+00 1.000000000000000048e-04 9.388609434352557237e-02 1.000000000000000000e+00
-3.774499999999999744e+00 1.000000000000000048e-04 9.390648871532633613e-02 1.000000000000000000e+00
-3.773749999999999716e+00 1.000000000000000048e-04 9.392688805178993350e-02 1.000000000000000000e+00
-3.772999999999999687e+00 1.000000000000000048e-04 9.394729235476961815e-02 1.000000000000000000e+00
-3.772249999999999659e+00 1.000000000000000048e-04 9.396770162611990662e-02 1.000000000000000000e+00
-3.771500000000000075e+00 1.000000000000000048e-04 9.398811586769635629e-02 1.000000000000000000e+00
-3.770750000000000046e+00 1.000000000000000048e-04 9.400853508135591230e-02 1.000000000000000000e+00
-3.770000000000000018e+00 1.000000000000000048e-04 9.402895926895647738e-02 1.000000000000000000e+00
-3.769249999999999989e+00 1.000000000000000048e-04 9.404938843235725876e-02 1.000000000000000000e+00
-3.768499999999999961e+00 1.000000000000000048e-04 9.406982257341856002e-02 1.000000000000000000e+00
-3.767749999999999932e+00 1.000000000000000048e-04 9.409026169400190598e-02 1.000000000000000000e+00
-3.766999999999999904e+00 1.000000000000000048e-04 9.411070579597007046e-02 1.000000000000000000e+00
-3.766249999999999876e+00 1.000000000000000048e-04 9.413115488118685426e-02 1.000000000000000000e+00
-3.765500000000000291e+00 1.000000000000000048e-04 9.415160895151733489e-02 1.000000000000000000e+00
-3.764750000000000263e+00 1.000000000000000048e-04 9.417206800882776951e-02 1.000000000000000000e+00
-3.764000000000000234e+00 1.000000000000000048e-04 9.419253205498556714e-02 1.000000000000000000e+00
-3.763250000000000206e+00 1.000000000000000048e-04 9.421300109185933025e-02 1.000000000000000000e+00
-3.762500000000000178e+00 1.000000000000000048e-04 9.423347512131882708e-02 1.000000000000000000e+00
-3.761750000000000149e+00 1.000000000000000048e-04 9.425395414523503324e-02 1.000000000000000000e+00
-3.761000000000000121e+00 1.000000000000000048e-04 9.427443816548011779e-02 1.000000000000000000e+00
-3.760250000000000092e+00 1.000000000000000048e-04 9.429492718392737394e-02 1.000000000000000000e+00
-3.759500000000000064e+00 1.000000000000000048e-04 9.431542120245141325e-02 1.000000000000000000e+00
-3.758750000000000036e+00 1.000000000000000048e-04 9.433592022292783263e-02 1.000000000000000000e+00
-3.758000000000000007e+00 1.000000000000000048e-04 9.435642424723358901e-02 1.000000000000000000e+00
-3.757249999999999979e+00 1.000000000000000048e-04 9.437693327724681891e-02 1.000000000000000000e+00
-3.756499999999999950e+00 1.000000000000000048e-04 9.439744731484674134e-02 1.000000000000000000e+00
-3.755749999999999922e+00 1.000000000000000048e-04 9.441796636191381042e-02 1.000000000000000000e+00
-3.754999999999999893e+00 1.000000000000000048e-04 9.443849042032975705e-02 1.000000000000000000e+00
-3.754249999999999865e+00 1.000000000000000048e-04 9.445901949197738068e-02 1.000000000000000000e+00
-3.753499999999999837e+00 1.000000000000000048e-04 9.447955357874071591e-02 1.000000000000000000e+00
-3.752749999999999808e+00 1.000000000000000048e-04 9.450009268250503247e-02 1.000000000000000000e+00
-3.751999999999999780e+00 1.000000000000000048e-04 9.452063680515676580e-02 1.000000000000000000e+00
-3.751249999999999751e+00 1.000000000000000048e-04 9.454118594858355873e-02 1.000000000000000000e+00
-3.750499999999999723e+00 1.000000000000000048e-04 9.456174011467421980e-02 1.000000000000000000e+00
-3.749749999999999694e+00 1.000000000000000048e-04 9.458229930531875107e-02 1.000000000000000000e+00
-3.748999999999999666e+00 1.000000000000000048e-04 9.460286352240844521e-02 1.000000000000000000e+00
-3.748250000000000082e+00 1.000000000000000048e-04 9.462343276783563573e-02 1.000000000000000000e+00
-3.747500000000000053e+00 1.000000000000000048e-04 9.464400704349403004e-02 1.000000000000000000e+00
-3.746750000000000025e+00 1.000000000000000048e-04 9.466458635127841803e-02 1.000000000000000000e+00
-3.745999999999999996e+00 1.000000000000000048e-04 9.468517069308479694e-02 1.000000000000000000e+00
-3.745249999999999968e+00 1.000000000000000048e-04 9.470576007081046854e-02 1.000000000000000000e+00
-3.744499999999999940e+00 1.000000000000000048e-04 9.472635448635381705e-02 1.000000000000000000e+00
-3.743749999999999911e+00 1.000000000000000048e-04 9.474695394161446182e-02 1.000000000000000000e+00
-3.742999999999999883e+00 1.000000000000000048e-04 9.476755843849327121e-02 1.000000000000000000e+00
-3.742250000000000298e+00 1.000000000000000048e-04 9.478816797889232093e-02 1.000000000000000000e+00
-3.741500000000000270e+00 1.000000000000000048e-04 9.480878256471482468e-02 1.000000000000000000e+00
-3.740750000000000242e+00 1.000000000000000048e-04 9.482940219786530067e-02 1.000000000000000000e+00
-3.740000000000000213e+00 1.000000000000000048e-04 9.485002688024937734e-02 1.000000000000000000e+00
-3.739250000000000185e+00 1.000000000000000048e-04 9.487065661377395986e-02 1.000000000000000000e+00
-3.738500000000000156e+00 1.000000000000000048e-04 9.489129140034714693e-02 1.000000000000000000e+00
-3.737750000000000128e+00 1.000000000000000048e-04 9.491193124187817520e-02 1.000000000000000000e+00
-3.737000000000000099e+00 1.000000000000000048e-04 9.493257614027768299e-02 1.000000000000000000e+00
-3.736250000000000071e+00 1.000000000000000048e-04 9.495322609745730780e-02 1.000000000000000000e+00
-3.735500000000000043e+00 1.000000000000000048e-04 9.497388111533003330e-02 1.000000000000000000e+00
-3.734750000000000014e+00 1.000000000000000048e-04 9.499454119581002276e-02 1.000000000000000000e+00
-3.733999999999999986e+00 1.000000000000000048e-04 9.501520634081266070e-02 1.000000000000000000e+00
-3.733249999999999957e+00 1.000000000000000048e-04 9.503587655225452513e-02 1.000000000000000000e+00
-3.732499999999999929e+00 1.000000000000000048e-04 9.505655183205341530e-02 1.000000000000000000e+00
-3.731749999999999901e+00 1.000000000000000048e-04 9.507723218212837946e-02 1.000000000000000000e+00
-3.730999999999999872e+00 1.000000000000000048e-04 9.509791760439965935e-02 1.000000000000000000e+00
-3.730249999999999844e+00 1.000000000000000048e-04 9.511860810078875961e-02 1.000000000000000000e+00
-3.729499999999999815e+00 1.000000000000000048e-04 9.513930367321830894e-02 1.000000000000000000e+00
-3.728749999999999787e+00 1.000000000000000048e-04 9.516000432361229611e-02 1.000000000000000000e+00
-3.727999999999999758e+00 1.000000000000000048e-04 9.518071005389580619e-02 1.000000000000000000e+00
-3.727249999999999730e+00 1.000000000000000048e-04 9.520142086599518716e-02 1.000000000000000000e+00
-3.726499999999999702e+00 1.000000000000000048e-04 9.522213676183807762e-02 1.000000000000000000e+00
-3.725749999999999673e+00 1.000000000000000048e-04 9.524285774335325416e-02 1.000000000000000000e+00
-3.724999999999999645e+00 1.000000000000000048e-04 9.526358381247077012e-02 1.000000000000000000e+00
-3.724250000000000060e+00 1.000000000000000048e-04 9.528431497112187232e-02 1.000000000000000000e+00
-3.723500000000000032e+00 1.000000000000000048e-04 9.530505122123904271e-02 1.000000000000000000e+00
-3.722750000000000004e+00 1.000000000000000048e-04 9.532579256475604002e-02 1.000000000000000000e+00
-3.721999999999999975e+00 1.000000000000000048e-04 9.534653900360780254e-02 1.000000000000000000e+00
-3.721249999999999947e+00 1.000000000000000048e-04 9.536729053973048986e-02 1.000000000000000000e+00
-3.720499999999999918e+00 1.000000000000000048e-04 9.538804717506162156e-02 1.000000000000000000e+00
-3.719749999999999890e+00 1.000000000000000048e-04 9.540880891153967480e-02 1.000000000000000000e+00
-3.719000000000000306e+00 1.000000000000000048e-04 9.542957575110463941e-02 1.000000000000000000e+00
-3.718250000000000277e+00 1.000000000000000048e-04 9.545034769569762934e-02 1.000000000000000000e+00
-3.717500000000000249e+00 1.000000000000000048e-04 9.547112474726100750e-02 1.000000000000000000e+00
-3.716750000000000220e+00 1.000000000000000048e-04 9.549190690773828871e-02 1.000000000000000000e+00
-3.716000000000000192e+00 1.000000000000000048e-04 9.551269417907437553e-02 1.000000000000000000e+00
-3.715250000000000163e+00 1.000000000000000048e-04 9.553348656321525301e-02 1.000000000000000000e+00
-3.714500000000000135e+00 1.000000000000000048e-04 9.555428406210833558e-02 1.000000000000000000e+00
-3.713750000000000107e+00 1.000000000000000048e-04 9.557508667770202304e-02 1.000000000000000000e+00
-3.713000000000000078e+00 1.000000000000000048e-04 9.559589441194625559e-02 1.000000000000000000e+00
-3.712250000000000050e+00 1.000000000000000048e-04 9.561670726679190324e-02 1.000000000000000000e+00
-3.711500000000000021e+00 1.000000000000000048e-04 9.563752524419136258e-02 1.000000000000000000e+00
-3.710749999999999993e+00 1.000000000000000048e-04 9.565834834609808490e-02 1.000000000000000000e+00
-3.709999999999999964e+00 1.000000000000000048e-04 9.567917657446678437e-02 1.000000000000000000e+00
-3.709249999999999936e+00 1.000000000000000048e-04 9.570000993125353517e-02 1.000000000000000000e+00
-3.708499999999999908e+00 1.000000000000000048e-04 9.572084841841553560e-02 1.000000000000000000e+00
-3.707749999999999879e+00 1.000000000000000048e-04 9.574169203791133009e-02 1.000000000000000000e+00
-3.706999999999999851e+00 1.000000000000000048e-04 9.576254079170054556e-02 1.000000000000000000e+00
-3.706249999999999822e+00 1.000000000000000048e-04 9.578339468174430771e-02 1.000000000000000000e+00
-3.705499999999999794e+00 1.000000000000000048e-04 9.580425371000476920e-02 1.000000000000000000e+00
-3.704749999999999766e+00 1.000000000000000048e-04 9.582511787844548434e-02 1.000000000000000000e+00
-3.703999999999999737e+00 1.000000000000000048e-04 9.584598718903113157e-02 1.000000000000000000e+00
-3.703249999999999709e+00 1.000000000000000048e-04 9.586686164372773544e-02 1.000000000000000000e+00
-3.702499999999999680e+00 1.000000000000000048e-04 9.588774124450254177e-02 1.000000000000000000e+00
-3.701749999999999652e+00 1.000000000000000048e-04 9.590862599332403149e-02 1.000000000000000000e+00
-3.701000000000000068e+00 1.000000000000000048e-04 9.592951589216199004e-02 1.000000000000000000e+00
-3.700250000000000039e+00 1.000000000000000048e-04 9.595041094298739637e-02 1.000000000000000000e+00
-3.699500000000000011e+00 1.000000000000000048e-04 9.597131114777253391e-02 1.000000000000000000e+00
-3.698749999999999982e+00 1.000000000000000048e-04 9.599221650849099063e-02 1.000000000000000000e+00
-3.697999999999999954e+00 1.000000000000000048e-04 9.601312702711742308e-02 1.000000000000000000e+00
-3.697249999999999925e+00 1.000000000000000048e-04 9.603404270562798661e-02 1.000000000000000000e+00
-3.696499999999999897e+00 1.000000000000000048e-04 9.605496354599991904e-02 1.000000000000000000e+00
-3.695749999999999869e+00 1.000000000000000048e-04 9.607588955021183208e-02 1.000000000000000000e+00
-3.695000000000000284e+00 1.000000000000000048e-04 9.609682072024348931e-02 1.000000000000000000e+00
-3.694250000000000256e+00 1.000000000000000048e-04 9.611775705807606984e-02 1.000000000000000000e+00
-3.693500000000000227e+00 1.000000000000000048e-04 9.613869856569187688e-02 1.000000000000000000e+00
-3.692750000000000199e+00 1.000000000000000048e-04 9.615964524507458755e-02 1.000000000000000000e+00
-3.692000000000000171e+00 1.000000000000000048e-04 9.618059709820901693e-02 1.000000000000000000e+00
-3.691250000000000142e+00 1.000000000000000048e-04 9.620155412708129850e-02 1.000000000000000000e+00
-3.690500000000000114e+00 1.000000000000000048e-04 9.622251633367891188e-02 1.000000000000000000e+00
-3.689750000000000085e+00 1.000000000000000048e-04 9.624348371999054408e-02 1.000000000000000000e+00
-3.689000000000000057e+00 1.000000000000000048e-04 9.626445628800615884e-02 1.000000000000000000e+00
-3.688250000000000028e+00 1.000000000000000048e-04 9.628543403971696890e-02 1.000000000000000000e+00
-3.687500000000000000e+00 1.000000000000000048e-04 9.630641697711544991e-02 1.000000000000000000e+00
-3.686749999999999972e+00 1.000000000000000048e-04 9.632740510219542363e-02 1.000000000000000000e+00
-3.685999999999999943e+00 1.000000000000000048e-04 9.634839841695189144e-02 1.000000000000000000e+00
-3.685249999999999915e+00 1.000000000000000048e-04 9.636939692338118701e-02 1.000000000000000000e+00
-3.684499999999999886e+00 1.000000000000000048e-04 9.639040062348094851e-02 1.000000000000000000e+00
-3.683749999999999858e+00 1.000000000000000048e-04 9.641140951924995206e-02 1.000000000000000000e+00
-3.682999999999999829e+00 1.000000000000000048e-04 9.643242361268847263e-02 1.000000000000000000e+00
-3.682249999999999801e+00 1.000000000000000048e-04 9.645344290579782598e-02 1.000000000000000000e+00
-3.681499999999999773e+00 1.000000000000000048e-04 9.647446740058075731e-02 1.000000000000000000e+00
-3.680749999999999744e+00 1.000000000000000048e-04 9.649549709904123307e-02 1.000000000000000000e+00
-3.679999999999999716e+00 1.000000000000000048e-04 9.651653200318452419e-02 1.000000000000000000e+00
-3.679249999999999687e+00 1.000000000000000048e-04 9.653757211501720614e-02 1.000000000000000000e+00
-3.678499999999999659e+00 1.000000000000000048e-04 9.655861743654706175e-02 1.000000000000000000e+00
-3.677750000000000075e+00 1.000000000000000048e-04 9.657966796978320612e-02 1.000000000000000000e+00
-3.677000000000000046e+00 1.000000000000000048e-04 9.660072371673604497e-02 1.000000000000000000e+00
-3.676250000000000018e+00 1.000000000000000048e-04 9.662178467941728854e-02 1.000000000000000000e+00
-3.675499999999999989e+00 1.000000000000000048e-04 9.664285085983984058e-02 1.000000000000000000e+00
-3.674749999999999961e+00 1.000000000000000048e-04 9.666392226001796484e-02 1.000000000000000000e+00
-3.673999999999999932e+00 1.000000000000000048e-04 9.668499888196727121e-02 1.000000000000000000e+00
-3.673249999999999904e+00 1.000000000000000048e-04 9.670608072770452146e-02 1.000000000000000000e+00
-3.672499999999999876e+00 1.000000000000000048e-04 9.672716779924779573e-02 1.000000000000000000e+00
-3.671750000000000291e+00 1.000000000000000048e-04 9.674826009861657583e-02 1.000000000000000000e+00
-3.671000000000000263e+00 1.000000000000000048e-04 9.676935762783152317e-02 1.000000000000000000e+00
-3.670250000000000234e+00 1.000000000000000048e-04 9.679046038891460368e-02 1.000000000000000000e+00
-3.669500000000000206e+00 1.000000000000000048e-04 9.681156838388917107e-02 1.000000000000000000e+00
-3.668750000000000178e+00 1.000000000000000048e-04 9.683268161477981417e-02 1.000000000000000000e+00
-3.668000000000000149e+00 1.000000000000000048e-04 9.685380008361227366e-02 1.000000000000000000e+00
-3.667250000000000121e+00 1.000000000000000048e-04 9.687492379241384455e-02 1.000000000000000000e+00
-3.666500000000000092e+00 1.000000000000000048e-04 9.689605274321291817e-02 1.000000000000000000e+00
-3.665750000000000064e+00 1.000000000000000048e-04 9.691718693803934304e-02 1.000000000000000000e+00
-3.665000000000000036e+00 1.000000000000000048e-04 9.693832637892406401e-02 1.000000000000000000e+00
-3.664250000000000007e+00 1.000000000000000048e-04 9.695947106789956638e-02 1.000000000000000000e+00
-3.663499999999999979e+00 1.000000000000000048e-04 9.698062100699940402e-02 1.000000000000000000e+00
-3.662749999999999950e+00 1.000000000000000048e-04 9.700177619825860187e-02 1.000000000000000000e+00
-3.661999999999999922e+00 1.000000000000000048e-04 9.702293664371343385e-02 1.000000000000000000e+00
-3.661249999999999893e+00 1.000000000000000048e-04 9.704410234540142288e-02 1.000000000000000000e+00
-3.660499999999999865e+00 1.000000000000000048e-04 9.706527330536145193e-02 1.000000000000000000e+00
-3.659749999999999837e+00 1.000000000000000048e-04 9.708644952563373620e-02 1.000000000000000000e+00
-3.658999999999999808e+00 1.000000000000000048e-04 9.710763100825972605e-02 1.000000000000000000e+00
-3.658249999999999780e+00 1.000000000000000048e-04 9.712881775528223183e-02 1.000000000000000000e+00
-3.657499999999999751e+00 1.000000000000000048e-04 9.715000976874534067e-02 1.000000000000000000e+00
-3.656749999999999723e+00 1.000000000000000048e-04 9.717120705069447195e-02 1.000000000000000000e+00
-3.655999999999999694e+00 1.000000000000000048e-04 9.719240960317626632e-02 1.000000000000000000e+00
-3.655249999999999666e+00 1.000000000000000048e-04 9.721361742823891872e-02 1.000000000000000000e+00
-3.654500000000000082e+00 1.000000000000000048e-04 9.723483052793156778e-02 1.000000000000000000e+00
-3.653750000000000053e+00 1.000000000000000048e-04 9.725604890430503136e-02 1.000000000000000000e+00
-3.653000000000000025e+00 1.000000000000000048e-04 9.727727255941120976e-02 1.000000000000000000e+00
-3.652249999999999996e+00 1.000000000000000048e-04 9.729850149530336334e-02 1.000000000000000000e+00
-3.651499999999999968e+00 1.000000000000000048e-04 9.731973571403609857e-02 1.000000000000000000e+00
-3.650749999999999940e+00 1.000000000000000048e-04 9.734097521766534034e-02 1.000000000000000000e+00
-3.649999999999999911e+00 1.000000000000000048e-04 9.736222000824831802e-02 1.000000000000000000e+00
-3.649249999999999883e+00 1.000000000000000048e-04 9.738347008784356551e-02 1.000000000000000000e+00
-3.648500000000000298e+00 1.000000000000000048e-04 9.740472545851093511e-02 1.000000000000000000e+00
-3.647750000000000270e+00 1.000000000000000048e-04 9.742598612231163913e-02 1.000000000000000000e+00
-3.647000000000000242e+00 1.000000000000000048e-04 9.744725208130820826e-02 1.000000000000000000e+00
-3.646250000000000213e+00 1.000000000000000048e-04 9.746852333756438058e-02 1.000000000000000000e+00
-3.645500000000000185e+00 1.000000000000000048e-04 9.748979989314539296e-02 1.000000000000000000e+00
-3.644750000000000156e+00 1.000000000000000048e-04 9.751108175011764800e-02 1.000000000000000000e+00
-3.644000000000000128e+00 1.000000000000000048e-04 9.753236891054903324e-02 1.000000000000000000e+00
-3.643250000000000099e+00 1.000000000000000048e-04 9.755366137650860192e-02 1.000000000000000000e+00
-3.642500000000000071e+00 1.000000000000000048e-04 9.757495915006680898e-02 1.000000000000000000e+00
-3.641750000000000043e+00 1.000000000000000048e-04 9.759626223329549710e-02 1.000000000000000000e+00
-3.641000000000000014e+00 1.000000000000000048e-04 9.761757062826767473e-02 1.000000000000000000e+00
-3.640249999999999986e+00 1.000000000000000048e-04 9.763888433705783521e-02 1.000000000000000000e+00
-3.639499999999999957e+00 1.000000000000000048e-04 9.766020336174173477e-02 1.000000000000000000e+00
-3.638749999999999929e+00 1.000000000000000048e-04 9.768152770439646193e-02 1.000000000000000000e+00
-3.637999999999999901e+00 1.000000000000000048e-04 9.770285736710047908e-02 1.000000000000000000e+00
-3.637249999999999872e+00 1.000000000000000048e-04 9.772419235193348375e-02 1.000000000000000000e+00
-3.636499999999999844e+00 1.000000000000000048e-04 9.774553266097660287e-02 1.000000000000000000e+00
-3.635749999999999815e+00 1.000000000000000048e-04 9.776687829631229565e-02 1.000000000000000000e+00
-3.634999999999999787e+00 1.000000000000000048e-04 9.778822926002428417e-02 1.000000000000000000e+00
-3.634249999999999758e+00 1.000000000000000048e-04 9.780958555419774769e-02 1.000000000000000000e+00
-3.633499999999999730e+00 1.000000000000000048e-04 9.783094718091897568e-02 1.000000000000000000e+00
-3.632749999999999702e+00 1.000000000000000048e-04 9.785231414227588131e-02 1.000000000000000000e+00
-3.631999999999999673e+00 1.000000000000000048e-04 9.787368644035750187e-02 1.000000000000000000e+00
-3.631249999999999645e+00 1.000000000000000048e-04 9.789506407725434567e-02 1.000000000000000000e+00
-3.630500000000000060e+00 1.000000000000000048e-04 9.791644705505821167e-02 1.000000000000000000e+00
-3.629750000000000032e+00 1.000000000000000048e-04 9.793783537586224497e-02 1.000000000000000000e+00
-3.629000000000000004e+00 1.000000000000000048e-04 9.795922904176085355e-02 1.000000000000000000e+00
-3.628249999999999975e+00 1.000000000000000048e-04 9.798062805484999971e-02 1.000000000000000000e+00
-3.627499999999999947e+00 1.000000000000000048e-04 9.800203241722672820e-02 1.000000000000000000e+00
-3.626749999999999918e+00 1.000000000000000048e-04 9.802344213098965198e-02 1.000000000000000000e+00
-3.625999999999999890e+00 1.000000000000000048e-04 9.804485719823860523e-02 1.000000000000000000e+00
-3.625249999999999861e+00 1.000000000000000048e-04 9.806627762107472668e-02 1.000000000000000000e+00
-3.624500000000000277e+00 1.000000000000000048e-04 9.808770340160070933e-02 1.000000000000000000e+00
-3.623750000000000249e+00 1.000000000000000048e-04 9.810913454192039806e-02 1.000000000000000000e+00
-3.623000000000000220e+00 1.000000000000000048e-04 9.813057104413906717e-02 1.000000000000000000e+00
-3.622250000000000192e+00 1.000000000000000048e-04 9.815201291036336484e-02 1.000000000000000000e+00
-3.621500000000000163e+00 1.000000000000000048e-04 9.817346014270117438e-02 1.000000000000000000e+00
-3.620750000000000135e+00 1.000000000000000048e-04 9.819491274326194730e-02 1.000000000000000000e+00
-3.620000000000000107e+00 1.000000000000000048e-04 9.821637071415624531e-02 1.000000000000000000e+00
-3.619250000000000078e+00 1.000000000000000048e-04 9.823783405749617059e-02 1.000000000000000000e+00
-3.618500000000000050e+00 1.000000000000000048e-04 9.825930277539504654e-02 1.000000000000000000e+00
-3.617750000000000021e+00 1.000000000000000048e-04 9.828077686996763984e-02 1.000000000000000000e+00
-3.616999999999999993e+00 1.000000000000000048e-04 9.830225634333011886e-02 1.000000000000000000e+00
-3.616249999999999964e+00 1.000000000000000048e-04 9.832374119759985931e-02 1.000000000000000000e+00
-3.615499999999999936e+00 1.000000000000000048e-04 9.834523143489579122e-02 1.000000000000000000e+00
-3.614749999999999908e+00 1.000000000000000048e-04 9.836672705733802424e-02 1.000000000000000000e+00
-3.613999999999999879e+00 1.000000000000000048e-04 9.838822806704808355e-02 1.000000000000000000e+00
-3.613249999999999851e+00 1.000000000000000048e-04 9.840973446614895148e-02 1.000000000000000000e+00
-3.612499999999999822e+00 1.000000000000000048e-04 9.843124625676480388e-02 1.000000000000000000e+00
-3.611749999999999794e+00 1.000000000000000048e-04 9.845276344102137089e-02 1.000000000000000000e+00
-3.610999999999999766e+00 1.000000000000000048e-04 9.847428602104561779e-02 1.000000000000000000e+00
-3.610249999999999737e+00 1.000000000000000048e-04 9.849581399896595313e-02 1.000000000000000000e+00
-3.609499999999999709e+00 1.000000000000000048e-04 9.851734737691206223e-02 1.000000000000000000e+00
-3.608749999999999680e+00 1.000000000000000048e-04 9.853888615701507370e-02 1.000000000000000000e+00
-3.607999999999999652e+00 1.000000000000000048e-04 9.856043034140750392e-02 1.000000000000000000e+00
-3.607250000000000068e+00 1.000000000000000048e-04 9.858197993222313216e-02 1.000000000000000000e+00
-3.606500000000000039e+00 1.000000000000000048e-04 9.860353493159723648e-02 1.000000000000000000e+00
-3.605750000000000011e+00 1.000000000000000048e-04 9.862509534166634395e-02 1.000000000000000000e+00
-3.604999999999999982e+00 1.000000000000000048e-04 9.864666116456850820e-02 1.000000000000000000e+00
-3.604249999999999954e+00 1.000000000000000048e-04 9.866823240244301796e-02 1.000000000000000000e+00
-3.603499999999999925e+00 1.000000000000000048e-04 9.868980905743059140e-02 1.000000000000000000e+00
-3.602749999999999897e+00 1.000000000000000048e-04 9.871139113167336221e-02 1.000000000000000000e+00
-3.601999999999999869e+00 1.000000000000000048e-04 9.873297862731474084e-02 1.000000000000000000e+00
-3.601250000000000284e+00 1.000000000000000048e-04 9.875457154649956715e-02 1.000000000000000000e+00
-3.600500000000000256e+00 1.000000000000000048e-04 9.877616989137411041e-02 1.000000000000000000e+00
-3.599750000000000227e+00 1.000000000000000048e-04 9.879777366408598605e-02 1.000000000000000000e+00
-3.599000000000000199e+00 1.000000000000000048e-04 9.881938286678415562e-02 1.000000000000000000e+00
-3.598250000000000171e+00 1.000000000000000048e-04 9.884099750161901010e-02 1.000000000000000000e+00
-3.597500000000000142e+00 1.000000000000000048e-04 9.886261757074227274e-02 1.000000000000000000e+00
-3.596750000000000114e+00 1.000000000000000048e-04 9.888424307630708232e-02 1.000000000000000000e+00
-3.596000000000000085e+00 1.000000000000000048e-04 9.890587402046800702e-02 1.000000000000000000e+00
-3.595250000000000057e+00 1.000000000000000048e-04 9.892751040538091956e-02 1.000000000000000000e+00
-3.594500000000000028e+00 1.000000000000000048e-04 9.894915223320310815e-02 1.000000000000000000e+00
-3.593750000000000000e+00 1.000000000000000048e-04 9.897079950609323495e-02 1.000000000000000000e+00
-3.592999999999999972e+00 1.000000000000000048e-04 9.899245222621143314e-02 1.000000000000000000e+00
-3.592249999999999943e+00 1.000000000000000048e-04 9.901411039571912653e-02 1.000000000000000000e+00
-3.591499999999999915e+00 1.000000000000000048e-04 9.903577401677919612e-02 1.000000000000000000e+00
-3.590749999999999886e+00 1.000000000000000048e-04 9.905744309155582739e-02 1.000000000000000000e+00
-3.589999999999999858e+00 1.000000000000000048e-04 9.907911762221469076e-02 1.000000000000000000e+00
-3.589249999999999829e+00 1.000000000000000048e-04 9.910079761092280282e-02 1.000000000000000000e+00
-3.588499999999999801e+00 1.000000000000000048e-04 9.912248305984863728e-02 1.000000000000000000e+00
-3.587749999999999773e+00 1.000000000000000048e-04 9.914417397116200015e-02 1.000000000000000000e+00
-3.586999999999999744e+00 1.000000000000000048e-04 9.916587034703401582e-02 1.000000000000000000e+00
-3.586249999999999716e+00 1.000000000000000048e-04 9.918757218963740463e-02 1.000000000000000000e+00
-3.585499999999999687e+00 1.000000000000000048e-04 9.920927950114612204e-02 1.000000000000000000e+00
-3.584749999999999659e+00 1.000000000000000048e-04 9.923099228373559455e-02 1.000000000000000000e+00
-3.584000000000000075e+00 1.000000000000000048e-04 9.925271053958262257e-02 1.000000000000000000e+00
-3.583250000000000046e+00 1.000000000000000048e-04 9.927443427086543593e-02 1.000000000000000000e+00
-3.582500000000000018e+00 1.000000000000000048e-04 9.929616347976365220e-02 1.000000000000000000e+00
-3.581749999999999989e+00 1.000000000000000048e-04 9.931789816845829066e-02 1.000000000000000000e+00
-3.580999999999999961e+00 1.000000000000000048e-04 9.933963833913174446e-02 1.000000000000000000e+00
-3.580249999999999932e+00 1.000000000000000048e-04 9.936138399396785004e-02 1.000000000000000000e+00
-3.579499999999999904e+00 1.000000000000000048e-04 9.938313513515185937e-02 1.000000000000000000e+00
-3.578749999999999876e+00 1.000000000000000048e-04 9.940489176487038447e-02 1.000000000000000000e+00
-3.578000000000000291e+00 1.000000000000000048e-04 9.942665388531146675e-02 1.000000000000000000e+00
-3.577250000000000263e+00 1.000000000000000048e-04 9.944842149866463255e-02 1.000000000000000000e+00
-3.576500000000000234e+00 1.000000000000000048e-04 9.947019460712071270e-02 1.000000000000000000e+00
-3.575750000000000206e+00 1.000000000000000048e-04 9.949197321287191198e-02 1.000000000000000000e+00
-3.575000000000000178e+00 1.000000000000000048e-04 9.951375731811201719e-02 1.000000000000000000e+00
-3.574250000000000149e+00 1.000000000000000048e-04 9.953554692503609191e-02 1.000000000000000000e+00
-3.573500000000000121e+00 1.000000000000000048e-04 9.955734203584065689e-02 1.000000000000000000e+00
-3.572750000000000092e+00 1.000000000000000048e-04 9.957914265272363452e-02 1.000000000000000000e+00
-3.572000000000000064e+00 1.000000000000000048e-04 9.960094877788436274e-02 1.000000000000000000e+00
-3.571250000000000036e+00 1.000000000000000048e-04 9.962276041352360889e-02 1.000000000000000000e+00
-3.570500000000000007e+00 1.000000000000000048e-04 9.964457756184361137e-02 1.000000000000000000e+00
-3.569749999999999979e+00 1.000000000000000048e-04 9.966640022504787144e-02 1.000000000000000000e+00
-3.568999999999999950e+00 1.000000000000000048e-04 9.968822840534148633e-02 1.000000000000000000e+00
-3.568249999999999922e+00 1.000000000000000048e-04 9.971006210493085775e-02 1.000000000000000000e+00
-3.567499999999999893e+00 1.000000000000000048e-04 9.973190132602383073e-02 1.000000000000000000e+00
-3.566749999999999865e+00 1.000000000000000048e-04 9.975374607082973522e-02 1.000000000000000000e+00
-3.565999999999999837e+00 1.000000000000000048e-04 9.977559634155926116e-02 1.000000000000000000e+00
-3.565249999999999808e+00 1.000000000000000048e-04 9.979745214042450019e-02 1.000000000000000000e+00
-3.564499999999999780e+00 1.000000000000000048e-04 9.981931346963907048e-02 1.000000000000000000e+00
-3.563749999999999751e+00 1.000000000000000048e-04 9.984118033141790860e-02 1.000000000000000000e+00
-3.562999999999999723e+00 1.000000000000000048e-04 9.986305272797747767e-02 1.000000000000000000e+00
-3.562249999999999694e+00 1.000000000000000048e-04 9.988493066153555922e-02 1.000000000000000000e+00
-3.561499999999999666e+00 1.000000000000000048e-04 9.990681413431146130e-02 1.000000000000000000e+00
-3.560749999999999638e+00 1.000000000000000048e-04 9.992870314852582425e-02 1.000000000000000000e+00
-3.560000000000000053e+00 1.000000000000000048e-04 9.995059770640084273e-02 1.000000000000000000e+00
-3.559250000000000025e+00 1.000000000000000048e-04 9.997249781016002979e-02 1.000000000000000000e+00
-3.558499999999999996e+00 1.000000000000000048e-04 9.999440346202842500e-02 1.000000000000000000e+00
-3.557749999999999968e+00 1.000000000000000048e-04 1.000163146642324419e-01 1.000000000000000000e+00
-3.556999999999999940e+00 1.000000000000000048e-04 1.000382314189999233e-01 1.000000000000000000e+00
-3.556249999999999911e+00 1.000000000000000048e-04 1.000601537285601694e-01 1.000000000000000000e+00
-3.555499999999999883e+00 1.000000000000000048e-04 1.000820815951439929e-01 1.000000000000000000e+00
-3.554750000000000298e+00 1.000000000000000048e-04 1.001040150209834140e-01 1.000000000000000000e+00
-3.554000000000000270e+00 1.000000000000000048e-04 1.001259540083122013e-01 1.000000000000000000e+00
-3.553250000000000242e+00 1.000000000000000048e-04 1.001478985593653448e-01 1.000000000000000000e+00
-3.552500000000000213e+00 1.000000000000000048e-04 1.001698486763793333e-01 1.000000000000000000e+00
-3.551750000000000185e+00 1.000000000000000048e-04 1.001918043615921544e-01 1.000000000000000000e+00
-3.551000000000000156e+00 1.000000000000000048e-04 1.002137656172430724e-01 1.000000000000000000e+00
-3.550250000000000128e+00 1.000000000000000048e-04 1.002357324455730586e-01 1.000000000000000000e+00
-3.549500000000000099e+00 1.000000000000000048e-04 1.002577048488242917e-01 1.000000000000000000e+00
-3.548750000000000071e+00 1.000000000000000048e-04 1.002796828292405046e-01 1.000000000000000000e+00
-3.548000000000000043e+00 1.000000000000000048e-04 1.003016663890668320e-01 1.000000000000000000e+00
-3.547250000000000014e+00 1.000000000000000048e-04 1.003236555305499489e-01 1.000000000000000000e+00
-3.546499999999999986e+00 1.000000000000000048e-04 1.003456502559378766e-01 1.000000000000000000e+00
-3.545749999999999957e+00 1.000000000000000048e-04 1.003676505674801350e-01 1.000000000000000000e+00
-3.544999999999999929e+00 1.000000000000000048e-04 1.003896564674276598e-01 1.000000000000000000e+00
-3.544249999999999901e+00 1.000000000000000048e-04 1.004116679580328575e-01 1.000000000000000000e+00
-3.543499999999999872e+00 1.000000000000000048e-04 1.004336850415496196e-01 1.000000000000000000e+00
-3.542749999999999844e+00 1.000000000000000048e-04 1.004557077202332116e-01 1.000000000000000000e+00
-3.541999999999999815e+00 1.000000000000000048e-04 1.004777359963405364e-01 1.000000000000000000e+00
-3.541249999999999787e+00 1.000000000000000048e-04 1.004997698721296490e-01 1.000000000000000000e+00
-3.540499999999999758e+00 1.000000000000000048e-04 1.005218093498603665e-01 1.000000000000000000e+00
-3.539749999999999730e+00 1.000000000000000048e-04 1.005438544317937277e-01 1.000000000000000000e+00
-3.538999999999999702e+00 1.000000000000000048e-04 1.005659051201924364e-01 1.000000000000000000e+00
-3.538249999999999673e+00 1.000000000000000048e-04 1.005879614173204872e-01 1.000000000000000000e+00
-3.537499999999999645e+00 1.000000000000000048e-04 1.006100233254434012e-01 1.000000000000000000e+00
-3.536750000000000060e+00 1.000000000000000048e-04 1.006320908468281566e-01 1.000000000000000000e+00
-3.536000000000000032e+00 1.000000000000000048e-04 1.006541639837432445e-01 1.000000000000000000e+00
-3.535250000000000004e+00 1.000000000000000048e-04 1.006762427384585434e-01 1.000000000000000000e+00
-3.534499999999999975e+00 1.000000000000000048e-04 1.006983271132454033e-01 1.000000000000000000e+00
-3.533749999999999947e+00 1.000000000000000048e-04 1.007204171103767421e-01 1.000000000000000000e+00
-3.532999999999999918e+00 1.000000000000000048e-04 1.007425127321267683e-01 1.000000000000000000e+00
-3.532249999999999890e+00 1.000000000000000048e-04 1.007646139807713281e-01 1.000000000000000000e+00
-3.531499999999999861e+00 1.000000000000000048e-04 1.007867208585875723e-01 1.000000000000000000e+00
-3.530750000000000277e+00 1.000000000000000048e-04 1.008088333678543169e-01 1.000000000000000000e+00
-3.530000000000000249e+00 1.000000000000000048e-04 1.008309515108516546e-01 1.000000000000000000e+00
-3.529250000000000220e+00 1.000000000000000048e-04 1.008530752898613159e-01 1.000000000000000000e+00
-3.528500000000000192e+00 1.000000000000000048e-04 1.008752047071663771e-01 1.000000000000000000e+00
-3.527750000000000163e+00 1.000000000000000048e-04 1.008973397650514553e-01 1.000000000000000000e+00
-3.527000000000000135e+00 1.000000000000000048e-04 1.009194804658026384e-01 1.000000000000000000e+00
-3.526250000000000107e+00 1.000000000000000048e-04 1.009416268117074161e-01 1.000000000000000000e+00
-3.525500000000000078e+00 1.000000000000000048e-04 1.009637788050548463e-01 1.000000000000000000e+00
-3.524750000000000050e+00 1.000000000000000048e-04 1.009859364481354577e-01 1.000000000000000000e+00
-3.524000000000000021e+00 1.000000000000000048e-04 1.010080997432411531e-01 1.000000000000000000e+00
-3.523249999999999993e+00 1.000000000000000048e-04 1.010302686926655147e-01 1.000000000000000000e+00
-3.522499999999999964e+00 1.000000000000000048e-04 1.010524432987033594e-01 1.000000000000000000e+00
-3.521749999999999936e+00 1.000000000000000048e-04 1.010746235636511559e-01 1.000000000000000000e+00
-3.520999999999999908e+00 1.000000000000000048e-04 1.010968094898068576e-01 1.000000000000000000e+00
-3.520249999999999879e+00 1.000000000000000048e-04 1.011190010794697502e-01 1.000000000000000000e+00
-3.519499999999999851e+00 1.000000000000000048e-04 1.011411983349407712e-01 1.000000000000000000e+00
-3.518749999999999822e+00 1.000000000000000048e-04 1.011634012585223147e-01 1.000000000000000000e+00
-3.517999999999999794e+00 1.000000000000000048e-04 1.011856098525181075e-01 1.000000000000000000e+00
-3.517249999999999766e+00 1.000000000000000048e-04 1.012078241192335831e-01 1.000000000000000000e+00
-3.516499999999999737e+00 1.000000000000000048e-04 1.012300440609755076e-01 1.000000000000000000e+00
-3.515749999999999709e+00 1.000000000000000048e-04 1.012522696800522565e-01 1.000000000000000000e+00
-3.514999999999999680e+00 1.000000000000000048e-04 1.012745009787734685e-01 1.000000000000000000e+00
-3.514249999999999652e+00 1.000000000000000048e-04 1.012967379594506001e-01 1.000000000000000000e+00
-3.513500000000000068e+00 1.000000000000000048e-04 1.013189806243963570e-01 1.000000000000000000e+00
-3.512750000000000039e+00 1.000000000000000048e-04 1.013412289759250268e-01 1.000000000000000000e+00
-3.512000000000000011e+00 1.000000000000000048e-04 1.013634830163523542e-01 1.000000000000000000e+00
-3.511249999999999982e+00 1.000000000000000048e-04 1.013857427479956524e-01 1.000000000000000000e+00
-3.510499999999999954e+00 1.000000000000000048e-04 1.014080081731736915e-01 1.000000000000000000e+00
-3.509749999999999925e+00 1.000000000000000048e-04 1.014302792942066156e-01 1.000000000000000000e+00
-3.508999999999999897e+00 1.000000000000000048e-04 1.014525561134163034e-01 1.000000000000000000e+00
-3.508249999999999869e+00 1.000000000000000048e-04 1.014748386331259800e-01 1.000000000000000000e+00
-3.507500000000000284e+00 1.000000000000000048e-04 1.014971268556603273e-01 1.000000000000000000e+00
-3.506750000000000256e+00 1.000000000000000048e-04 1.015194207833456791e-01 1.000000000000000000e+00
-3.506000000000000227e+00 1.000000000000000048e-04 1.015417204185097566e-01 1.000000000000000000e+00
-3.505250000000000199e+00 1.000000000000000048e-04 1.015640257634818910e-01 1.000000000000000000e+00
-3.504500000000000171e+00 1.000000000000000048e-04 1.015863368205927458e-01 1.000000000000000000e+00
-3.503750000000000142e+00 1.000000000000000048e-04 1.016086535921746220e-01 1.000000000000000000e+00
-3.503000000000000114e+00 1.000000000000000048e-04 1.016309760805613749e-01 1.000000000000000000e+00
-3.502250000000000085e+00 1.000000000000000048e-04 1.016533042880881643e-01 1.000000000000000000e+00
-3.501500000000000057e+00 1.000000000000000048e-04 1.016756382170918710e-01 1.000000000000000000e+00
-3.500750000000000028e+00 1.000000000000000048e-04 1.016979778699107911e-01 1.000000000000000000e+00
-3.500000000000000000e+00 1.000000000000000048e-04 1.017203232488846504e-01 1.000000000000000000e+00
-3.499249999999999972e+00 1.000000000000000048e-04 1.017426743563548952e-01 1.000000000000000000e+00
-3.498499999999999943e+00 1.000000000000000048e-04 1.017650311946642766e-01 1.000000000000000000e+00
-3.497749999999999915e+00 1.000000000000000048e-04 1.017873937661571693e-01 1.000000000000000000e+00
-3.496999999999999886e+00 1.000000000000000048e-04 1.018097620731794606e-01 1.000000000000000000e+00
-3.496249999999999858e+00 1.000000000000000048e-04 1.018321361180784396e-01 1.000000000000000000e+00
-3.495499999999999829e+00 1.000000000000000048e-04 1.018545159032031300e-01 1.000000000000000000e+00
-3.494749999999999801e+00 1.000000000000000048e-04 1.018769014309038184e-01 1.000000000000000000e+00
-3.493999999999999773e+00 1.000000000000000048e-04 1.018992927035325402e-01 1.000000000000000000e+00
-3.493249999999999744e+00 1.000000000000000048e-04 1.019216897234426489e-01 1.000000000000000000e+00
-3.492499999999999716e+00 1.000000000000000048e-04 1.019440924929891634e-01 1.000000000000000000e+00
-3.491749999999999687e+00 1.000000000000000048e-04 1.019665010145285738e-01 1.000000000000000000e+00
-3.490999999999999659e+00 1.000000000000000048e-04 1.019889152904188967e-01 1.000000000000000000e+00
-3.490250000000000075e+00 1.000000000000000048e-04 1.020113353230196335e-01 1.000000000000000000e+00
-3.489500000000000046e+00 1.000000000000000048e-04 1.020337611146918400e-01 1.000000000000000000e+00
-3.488750000000000018e+00 1.000000000000000048e-04 1.020561926677981679e-01 1.000000000000000000e+00
-3.487999999999999989e+00 1.000000000000000048e-04 1.020786299847026846e-01 1.000000000000000000e+00
-3.487249999999999961e+00 1.000000000000000048e-04 1.021010730677709977e-01 1.000000000000000000e+00
-3.486499999999999932e+00 1.000000000000000048e-04 1.021235219193703248e-01 1.000000000000000000e+00
-3.485749999999999904e+00 1.000000000000000048e-04 1.021459765418693266e-01 1.000000000000000000e+00
-3.484999999999999876e+00 1.000000000000000048e-04 1.021684369376382739e-01 1.000000000000000000e+00
-3.484250000000000291e+00 1.000000000000000048e-04 1.021909031090488251e-01 1.000000000000000000e+00
-3.483500000000000263e+00 1.000000000000000048e-04 1.022133750584743872e-01 1.000000000000000000e+00
-3.482750000000000234e+00 1.000000000000000048e-04 1.022358527882896856e-01 1.000000000000000000e+00
-3.482000000000000206e+00 1.000000000000000048e-04 1.022583363008711249e-01 1.000000000000000000e+00
-3.481250000000000178e+00 1.000000000000000048e-04 1.022808255985966225e-01 1.000000000000000000e+00
-3.480500000000000149e+00 1.000000000000000048e-04 1.023033206838455389e-01 1.000000000000000000e+00
-3.479750000000000121e+00 1.000000000000000048e-04 1.023258215589989001e-01 1.000000000000000000e+00
-3.479000000000000092e+00 1.000000000000000048e-04 1.023483282264392169e-01 1.000000000000000000e+00
-3.478250000000000064e+00 1.000000000000000048e-04 1.023708406885504296e-01 1.000000000000000000e+00
-3.477500000000000036e+00 1.000000000000000048e-04 1.023933589477182132e-01 1.000000000000000000e+00
-3.476750000000000007e+00 1.000000000000000048e-04 1.024158830063296860e-01 1.000000000000000000e+00
-3.475999999999999979e+00 1.000000000000000048e-04 1.024384128667734789e-01 1.000000000000000000e+00
-3.475249999999999950e+00 1.000000000000000048e-04 1.024609485314398188e-01 1.000000000000000000e+00
-3.474499999999999922e+00 1.000000000000000048e-04 1.024834900027204732e-01 1.000000000000000000e+00
-3.473749999999999893e+00 1.000000000000000048e-04 1.025060372830086802e-01 1.000000000000000000e+00
-3.472999999999999865e+00 1.000000000000000048e-04 1.025285903746993577e-01 1.000000000000000000e+00
-3.472249999999999837e+00 1.000000000000000048e-04 1.025511492801888802e-01 1.000000000000000000e+00
-3.471499999999999808e+00 1.000000000000000048e-04 1.025737140018751631e-01 1.000000000000000000e+00
-3.470749999999999780e+00 1.000000000000000048e-04 1.025962845421577452e-01 1.000000000000000000e+00
-3.469999999999999751e+00 1.000000000000000048e-04 1.026188609034376087e-01 1.000000000000000000e+00
-3.469249999999999723e+00 1.000000000000000048e-04 1.026414430881173318e-01 1.000000000000000000e+00
-3.468499999999999694e+00 1.000000000000000048e-04 1.026640310986011995e-01 1.000000000000000000e+00
-3.467749999999999666e+00 1.000000000000000048e-04 1.026866249372947182e-01 1.000000000000000000e+00
-3.466999999999999638e+00 1.000000000000000048e-04 1.027092246066053094e-01 1.000000000000000000e+00
-3.466250000000000053e+00 1.000000000000000048e-04 1.027318301089416158e-01 1.000000000000000000e+00
-3.465500000000000025e+00 1.000000000000000048e-04 1.027544414467141537e-01 1.000000000000000000e+00
-3.464749999999999996e+00 1.000000000000000048e-04 1.027770586223347438e-01 1.000000000000000000e+00
-3.463999999999999968e+00 1.000000000000000048e-04 1.027996816382169276e-01 1.000000000000000000e+00
-3.463249999999999940e+00 1.000000000000000048e-04 1.028223104967756901e-01 1.000000000000000000e+00
-3.462499999999999911e+00 1.000000000000000048e-04 1.028449452004276815e-01 1.000000000000000000e+00
-3.461749999999999883e+00 1.000000000000000048e-04 1.028675857515909953e-01 1.000000000000000000e+00
-3.461000000000000298e+00 1.000000000000000048e-04 1.028902321526854874e-01 1.000000000000000000e+00
-3.460250000000000270e+00 1.000000000000000048e-04 1.029128844061322906e-01 1.000000000000000000e+00
-3.459500000000000242e+00 1.000000000000000048e-04 1.029355425143543556e-01 1.000000000000000000e+00
-3.458750000000000213e+00 1.000000000000000048e-04 1.029582064797760627e-01 1.000000000000000000e+00
-3.458000000000000185e+00 1.000000000000000048e-04 1.029808763048233600e-01 1.000000000000000000e+00
-3.457250000000000156e+00 1.000000000000000048e-04 1.030035519919238890e-01 1.000000000000000000e+00
-3.456500000000000128e+00 1.000000000000000048e-04 1.030262335435067067e-01 1.000000000000000000e+00
-3.455750000000000099e+00 1.000000000000000048e-04 1.030489209620024937e-01 1.000000000000000000e+00
-3.455000000000000071e+00 1.000000000000000048e-04 1.030716142498435406e-01 1.000000000000000000e+00
-3.454250000000000043e+00 1.000000000000000048e-04 1.030943134094636643e-01 1.000000000000000000e+00
-3.453500000000000014e+00 1.000000000000000048e-04 1.031170184432983056e-01 1.000000000000000000e+00
-3.452749999999999986e+00 1.000000000000000048e-04 1.031397293537844040e-01 1.000000000000000000e+00
-3.451999999999999957e+00 1.000000000000000048e-04 1.031624461433604811e-01 1.000000000000000000e+00
-3.451249999999999929e+00 1.000000000000000048e-04 1.031851688144667517e-01 1.000000000000000000e+00
-3.450499999999999901e+00 1.000000000000000048e-04 1.032078973695448182e-01 1.000000000000000000e+00
-3.449749999999999872e+00 1.000000000000000048e-04 1.032306318110380455e-01 1.000000000000000000e+00
-3.448999999999999844e+00 1.000000000000000048e-04 1.032533721413912697e-01 1.000000000000000000e+00
-3.448249999999999815e+00 1.000000000000000048e-04 1.032761183630509366e-01 1.000000000000000000e+00
-3.447499999999999787e+00 1.000000000000000048e-04 1.032988704784650463e-01 1.000000000000000000e+00
-3.446749999999999758e+00 1.000000000000000048e-04 1.033216284900831811e-01 1.000000000000000000e+00
-3.445999999999999730e+00 1.000000000000000048e-04 1.033443924003565884e-01 1.000000000000000000e+00
-3.445249999999999702e+00 1.000000000000000048e-04 1.033671622117379729e-01 1.000000000000000000e+00
-3.444499999999999673e+00 1.000000000000000048e-04 1.033899379266818019e-01 1.000000000000000000e+00
-3.443749999999999645e+00 1.000000000000000048e-04 1.034127195476439026e-01 1.000000000000000000e+00
-3.443000000000000060e+00 1.000000000000000048e-04 1.034355070770818230e-01 1.000000000000000000e+00
-3.442250000000000032e+00 1.000000000000000048e-04 1.034583005174546932e-01 1.000000000000000000e+00
-3.441500000000000004e+00 1.000000000000000048e-04 1.034810998712232671e-01 1.000000000000000000e+00
-3.440749999999999975e+00 1.000000000000000048e-04 1.035039051408497279e-01 1.000000000000000000e+00
-3.439999999999999947e+00 1.000000000000000048e-04 1.035267163287980768e-01 1.000000000000000000e+00
-3.439249999999999918e+00 1.000000000000000048e-04 1.035495334375336890e-01 1.000000000000000000e+00
-3.438499999999999890e+00 1.000000000000000048e-04 1.035723564695237159e-01 1.000000000000000000e+00
-3.437749999999999861e+00 1.000000000000000048e-04 1.035951854272367523e-01 1.000000000000000000e+00
-3.437000000000000277e+00 1.000000000000000048e-04 1.036180203131430999e-01 1.000000000000000000e+00
-3.436250000000000249e+00 1.000000000000000048e-04 1.036408611297145732e-01 1.000000000000000000e+00
-3.435500000000000220e+00 1.000000000000000048e-04 1.036637078794247352e-01 1.000000000000000000e+00
-3.434750000000000192e+00 1.000000000000000048e-04 1.036865605647485228e-01 1.000000000000000000e+00
-3.434000000000000163e+00 1.000000000000000048e-04 1.037094191881626076e-01 1.000000000000000000e+00
-3.433250000000000135e+00 1.000000000000000048e-04 1.037322837521452712e-01 1.000000000000000000e+00
-3.432500000000000107e+00 1.000000000000000048e-04 1.037551542591762799e-01 1.000000000000000000e+00
-3.431750000000000078e+00 1.000000000000000048e-04 1.037780307117371764e-01 1.000000000000000000e+00
-3.431000000000000050e+00 1.000000000000000048e-04 1.038009131123110163e-01 1.000000000000000000e+00
-3.430250000000000021e+00 1.000000000000000048e-04 1.038238014633824091e-01 1.000000000000000000e+00
-3.429499999999999993e+00 1.000000000000000048e-04 1.038466957674376023e-01 1.000000000000000000e+00
-3.428749999999999964e+00 1.000000000000000048e-04 1.038695960269645502e-01 1.000000000000000000e+00
-3.427999999999999936e+00 1.000000000000000048e-04 1.038925022444526503e-01 1.000000000000000000e+00
-3.427249999999999908e+00 1.000000000000000048e-04 1.039154144223930348e-01 1.000000000000000000e+00
-3.426499999999999879e+00 1.000000000000000048e-04 1.039383325632783905e-01 1.000000000000000000e+00
-3.425749999999999851e+00 1.000000000000000048e-04 1.039612566696029999e-01 1.000000000000000000e+00
-3.424999999999999822e+00 1.000000000000000048e-04 1.039841867438627970e-01 1.000000000000000000e+00
-3.424249999999999794e+00 1.000000000000000048e-04 1.040071227885553395e-01 1.000000000000000000e+00
-3.423499999999999766e+00 1.000000000000000048e-04 1.040300648061796840e-01 1.000000000000000000e+00
-3.422749999999999737e+00 1.000000000000000048e-04 1.040530127992367049e-01 1.000000000000000000e+00
-3.421999999999999709e+00 1.000000000000000048e-04 1.040759667702286784e-01 1.000000000000000000e+00
-3.421249999999999680e+00 1.000000000000000048e-04 1.040989267216596431e-01 1.000000000000000000e+00
-3.420499999999999652e+00 1.000000000000000048e-04 1.041218926560351643e-01 1.000000000000000000e+00
-3.419750000000000068e+00 1.000000000000000048e-04 1.041448645758625280e-01 1.000000000000000000e+00
-3.419000000000000039e+00 1.000000000000000048e-04 1.041678424836505468e-01 1.000000000000000000e+00
-3.418250000000000011e+00 1.000000000000000048e-04 1.041908263819096431e-01 1.000000000000000000e+00
-3.417499999999999982e+00 1.000000000000000048e-04 1.042138162731519879e-01 1.000000000000000000e+00
-3.416749999999999954e+00 1.000000000000000048e-04 1.042368121598912234e-01 1.000000000000000000e+00
-3.415999999999999925e+00 1.000000000000000048e-04 1.042598140446426985e-01 1.000000000000000000e+00
-3.415249999999999897e+00 1.000000000000000048e-04 1.042828219299234138e-01 1.000000000000000000e+00
-3.414499999999999869e+00 1.000000000000000048e-04 1.043058358182518408e-01 1.000000000000000000e+00
-3.413750000000000284e+00 1.000000000000000048e-04 1.043288557121482968e-01 1.000000000000000000e+00
-3.413000000000000256e+00 1.000000000000000048e-04 1.043518816141345423e-01 1.000000000000000000e+00
-3.412250000000000227e+00 1.000000000000000048e-04 1.043749135267341421e-01 1.000000000000000000e+00
-3.411500000000000199e+00 1.000000000000000048e-04 1.043979514524720903e-01 1.000000000000000000e+00
-3.410750000000000171e+00 1.000000000000000048e-04 1.044209953938752128e-01 1.000000000000000000e+00
-3.410000000000000142e+00 1.000000000000000048e-04 1.044440453534717234e-01 1.000000000000000000e+00
-3.409250000000000114e+00 1.000000000000000048e-04 1.044671013337917787e-01 1.000000000000000000e+00
-3.408500000000000085e+00 1.000000000000000048e-04 1.044901633373668398e-01 1.000000000000000000e+00
-3.407750000000000057e+00 1.000000000000000048e-04 1.045132313667303109e-01 1.000000000000000000e+00
-3.407000000000000028e+00 1.000000000000000048e-04 1.045363054244169837e-01 1.000000000000000000e+00
-3.406250000000000000e+00 1.000000000000000048e-04 1.045593855129634264e-01 1.000000000000000000e+00
-3.405499999999999972e+00 1.000000000000000048e-04 1.045824716349078587e-01 1.000000000000000000e+00
-3.404749999999999943e+00 1.000000000000000048e-04 1.046055637927899989e-01 1.000000000000000000e+00
-3.403999999999999915e+00 1.000000000000000048e-04 1.046286619891513697e-01 1.000000000000000000e+00
-3.403249999999999886e+00 1.000000000000000048e-04 1.046517662265349785e-01 1.000000000000000000e+00
-3.402499999999999858e+00 1.000000000000000048e-04 1.046748765074856646e-01 1.000000000000000000e+00
-3.401749999999999829e+00 1.000000000000000048e-04 1.046979928345497107e-01 1.000000000000000000e+00
-3.400999999999999801e+00 1.000000000000000048e-04 1.047211152102751758e-01 1.000000000000000000e+00
-3.400249999999999773e+00 1.000000000000000048e-04 1.047442436372117425e-01 1.000000000000000000e+00
-3.399499999999999744e+00 1.000000000000000048e-04 1.047673781179107033e-01 1.000000000000000000e+00
-3.398749999999999716e+00 1.000000000000000048e-04 1.047905186549249745e-01 1.000000000000000000e+00
-3.397999999999999687e+00 1.000000000000000048e-04 1.048136652508092487e-01 1.000000000000000000e+00
-3.397249999999999659e+00 1.000000000000000048e-04 1.048368179081196477e-01 1.000000000000000000e+00
-3.396500000000000075e+00 1.000000000000000048e-04 1.048599766294142088e-01 1.000000000000000000e+00
-3.395750000000000046e+00 1.000000000000000048e-04 1.048831414172524401e-01 1.000000000000000000e+00
-3.395000000000000018e+00 1.000000000000000048e-04 1.049063122741955290e-01 1.000000000000000000e+00
-3.394249999999999989e+00 1.000000000000000048e-04 1.049294892028063420e-01 1.000000000000000000e+00
-3.393499999999999961e+00 1.000000000000000048e-04 1.049526722056494249e-01 1.000000000000000000e+00
-3.392749999999999932e+00 1.000000000000000048e-04 1.049758612852909195e-01 1.000000000000000000e+00
-3.391999999999999904e+00 1.000000000000000048e-04 1.049990564442987023e-01 1.000000000000000000e+00
-3.391249999999999876e+00 1.000000000000000048e-04 1.050222576852421486e-01 1.000000000000000000e+00
-3.390500000000000291e+00 1.000000000000000048e-04 1.050454650106925070e-01 1.000000000000000000e+00
-3.389750000000000263e+00 1.000000000000000048e-04 1.050686784232225945e-01 1.000000000000000000e+00
-3.389000000000000234e+00 1.000000000000000048e-04 1.050918979254067964e-01 1.000000000000000000e+00
-3.388250000000000206e+00 1.000000000000000048e-04 1.051151235198212602e-01 1.000000000000000000e+00
-3.387500000000000178e+00 1.000000000000000048e-04 1.051383552090438128e-01 1.000000000000000000e+00
-3.386750000000000149e+00 1.000000000000000048e-04 1.051615929956538631e-01 1.000000000000000000e+00
-3.386000000000000121e+00 1.000000000000000048e-04 1.051848368822324992e-01 1.000000000000000000e+00
-3.385250000000000092e+00 1.000000000000000048e-04 1.052080868713625855e-01 1.000000000000000000e+00
-3.384500000000000064e+00 1.000000000000000048e-04 1.052313429656284854e-01 1.000000000000000000e+00
-3.383750000000000036e+00 1.000000000000000048e-04 1.052546051676164079e-01 1.000000000000000000e+00
-3.383000000000000007e+00 1.000000000000000048e-04 1.052778734799140470e-01 1.000000000000000000e+00
-3.382249999999999979e+00 1.000000000000000048e-04 1.053011479051109284e-01 1.000000000000000000e+00
-3.381499999999999950e+00 1.000000000000000048e-04 1.053244284457981184e-01 1.000000000000000000e+00
-3.380749999999999922e+00 1.000000000000000048e-04 1.053477151045684457e-01 1.000000000000000000e+00
-3.379999999999999893e+00 1.000000000000000048e-04 1.053710078840164044e-01 1.000000000000000000e+00
-3.379249999999999865e+00 1.000000000000000048e-04 1.053943067867380845e-01 1.000000000000000000e+00
-3.378499999999999837e+00 1.000000000000000048e-04 1.054176118153312969e-01 1.000000000000000000e+00
-3.377749999999999808e+00 1.000000000000000048e-04 1.054409229723956148e-01 1.000000000000000000e+00
-3.376999999999999780e+00 1.000000000000000048e-04 1.054642402605321522e-01 1.000000000000000000e+00
-3.376249999999999751e+00 1.000000000000000048e-04 1.054875636823437574e-01 1.000000000000000000e+00
-3.375499999999999723e+00 1.000000000000000048e-04 1.055108932404349997e-01 1.000000000000000000e+00
-3.374749999999999694e+00 1.000000000000000048e-04 1.055342289374120307e-01 1.000000000000000000e+00
-3.373999999999999666e+00 1.000000000000000048e-04 1.055575707758827503e-01 1.000000000000000000e+00
-3.373249999999999638e+00 1.000000000000000048e-04 1.055809187584568071e-01 1.000000000000000000e+00
-3.372500000000000053e+00 1.000000000000000048e-04 1.056042728877453207e-01 1.000000000000000000e+00
-3.371750000000000025e+00 1.000000000000000048e-04 1.056276331663613260e-01 1.000000000000000000e+00
-3.370999999999999996e+00 1.000000000000000048e-04 1.056509995969194537e-01 1.000000000000000000e+00
-3.370249999999999968e+00 1.000000000000000048e-04 1.056743721820359722e-01 1.000000000000000000e+00
-3.369499999999999940e+00 1.000000000000000048e-04 1.056977509243289121e-01 1.000000000000000000e+00
-3.368749999999999911e+00 1.000000000000000048e-04 1.057211358264179141e-01 1.000000000000000000e+00
-3.367999999999999883e+00 1.000000000000000048e-04 1.057445268909243952e-01 1.000000000000000000e+00
-3.367250000000000298e+00 1.000000000000000048e-04 1.057679241204714238e-01 1.000000000000000000e+00
-3.366500000000000270e+00 1.000000000000000048e-04 1.057913275176837475e-01 1.000000000000000000e+00
-3.365750000000000242e+00 1.000000000000000048e-04 1.058147370851877794e-01 1.000000000000000000e+00
-3.365000000000000213e+00 1.000000000000000048e-04 1.058381528256116810e-01 1.000000000000000000e+00
-3.364250000000000185e+00 1.000000000000000048e-04 1.058615747415853070e-01 1.000000000000000000e+00
-3.363500000000000156e+00 1.000000000000000048e-04 1.058850028357401774e-01 1.000000000000000000e+00
-3.362750000000000128e+00 1.000000000000000048e-04 1.059084371107095468e-01 1.000000000000000000e+00
-3.362000000000000099e+00 1.000000000000000048e-04 1.059318775691283354e-01 1.000000000000000000e+00
-3.361250000000000071e+00 1.000000000000000048e-04 1.059553242136331147e-01 1.000000000000000000e+00
-3.360500000000000043e+00 1.000000000000000048e-04 1.059787770468622742e-01 1.000000000000000000e+00
-3.359750000000000014e+00 1.000000000000000048e-04 1.060022360714558132e-01 1.000000000000000000e+00
-3.358999999999999986e+00 1.000000000000000048e-04 1.060257012900554657e-01 1.000000000000000000e+00
-3.358249999999999957e+00 1.000000000000000048e-04 1.060491727053046590e-01 1.000000000000000000e+00
-3.357499999999999929e+00 1.000000000000000048e-04 1.060726503198484855e-01 1.000000000000000000e+00
-3.356749999999999901e+00 1.000000000000000048e-04 1.060961341363338833e-01 1.000000000000000000e+00
-3.355999999999999872e+00 1.000000000000000048e-04 1.061196241574093174e-01 1.000000000000000000e+00
-3.355249999999999844e+00 1.000000000000000048e-04 1.061431203857250288e-01 1.000000000000000000e+00
-3.354499999999999815e+00 1.000000000000000048e-04 1.061666228239330628e-01 1.000000000000000000e+00
-3.353749999999999787e+00 1.000000000000000048e-04 1.061901314746869496e-01 1.000000000000000000e+00
-3.352999999999999758e+00 1.000000000000000048e-04 1.062136463406422315e-01 1.000000000000000000e+00
-3.352249999999999730e+00 1.000000000000000048e-04 1.062371674244558806e-01 1.000000000000000000e+00
-3.351499999999999702e+00 1.000000000000000048e-04 1.062606947287867559e-01 1.000000000000000000e+00
-3.350749999999999673e+00 1.000000000000000048e-04 1.062842282562953128e-01 1.000000000000000000e+00
-3.349999999999999645e+00 1.000000000000000048e-04 1.063077680096437827e-01 1.000000000000000000e+00
-3.349250000000000060e+00 1.000000000000000048e-04 1.063313139914961736e-01 1.000000000000000000e+00
-3.348500000000000032e+00 1.000000000000000048e-04 1.063548662045181309e-01 1.000000000000000000e+00
-3.347750000000000004e+00 1.000000000000000048e-04 1.063784246513770210e-01 1.000000000000000000e+00
-3.346999999999999975e+00 1.000000000000000048e-04 1.064019893347418894e-01 1.000000000000000000e+00
-3.346249999999999947e+00 1.000000000000000048e-04 1.064255602572836135e-01 1.000000000000000000e+00
-3.345499999999999918e+00 1.000000000000000048e-04 1.064491374216746666e-01 1.000000000000000000e+00
-3.344749999999999890e+00 1.000000000000000048e-04 1.064727208305893957e-01 1.000000000000000000e+00
-3.343999999999999861e+00 1.000000000000000048e-04 1.064963104867037019e-01 1.000000000000000000e+00
-3.343250000000000277e+00 1.000000000000000048e-04 1.065199063926952766e-01 1.000000000000000000e+00
-3.342500000000000249e+00 1.000000000000000048e-04 1.065435085512436292e-01 1.000000000000000000e+00
-3.341750000000000220e+00 1.000000000000000048e-04 1.065671169650297817e-01 1.000000000000000000e+00
-3.341000000000000192e+00 1.000000000000000048e-04 1.065907316367367269e-01 1.000000000000000000e+00
-3.340250000000000163e+00 1.000000000000000048e-04 1.066143525690490396e-01 1.000000000000000000e+00
-3.339500000000000135e+00 1.000000000000000048e-04 1.066379797646529876e-01 1.000000000000000000e+00
-3.338750000000000107e+00 1.000000000000000048e-04 1.066616132262367539e-01 1.000000000000000000e+00
-3.338000000000000078e+00 1.000000000000000048e-04 1.066852529564899926e-01 1.000000000000000000e+00
-3.337250000000000050e+00 1.000000000000000048e-04 1.067088989581043146e-01 1.000000000000000000e+00
-3.336500000000000021e+00 1.000000000000000048e-04 1.067325512337730237e-01 1.000000000000000000e+00
-3.335749999999999993e+00 1.000000000000000048e-04 1.067562097861909781e-01 1.000000000000000000e+00
-3.334999999999999964e+00 1.000000000000000048e-04 1.067798746180549929e-01 1.000000000000000000e+00
-3.334249999999999936e+00 1.000000000000000048e-04 1.068035457320634929e-01 1.000000000000000000e+00
-3.333499999999999908e+00 1.000000000000000048e-04 1.068272231309167070e-01 1.000000000000000000e+00
-3.332749999999999879e+00 1.000000000000000048e-04 1.068509068173165849e-01 1.000000000000000000e+00
-3.331999999999999851e+00 1.000000000000000048e-04 1.068745967939667280e-01 1.000000000000000000e+00
-3.331249999999999822e+00 1.000000000000000048e-04 1.068982930635725970e-01 1.000000000000000000e+00
-3.330499999999999794e+00 1.000000000000000048e-04 1.069219956288413181e-01 1.000000000000000000e+00
-3.329749999999999766e+00 1.000000000000000048e-04 1.069457044924818218e-01 1.000000000000000000e+00
-3.328999999999999737e+00 1.000000000000000048e-04 1.069694196572047867e-01 1.000000000000000000e+00
-3.328249999999999709e+00 1.000000000000000048e-04 1.069931411257224879e-01 1.000000000000000000e+00
-3.327499999999999680e+00 1.000000000000000048e-04 1.070168689007491292e-01 1.000000000000000000e+00
-3.326749999999999652e+00 1.000000000000000048e-04 1.070406029850005936e-01 1.000000000000000000e+00
-3.326000000000000068e+00 1.000000000000000048e-04 1.070643433811944573e-01 1.000000000000000000e+00
-3.325250000000000039e+00 1.000000000000000048e-04 1.070880900920501005e-01 1.000000000000000000e+00
-3.324500000000000011e+00 1.000000000000000048e-04 1.071118431202886523e-01 1.000000000000000000e+00
-3.323749999999999982e+00 1.000000000000000048e-04 1.071356024686330177e-01 1.000000000000000000e+00
-3.322999999999999954e+00 1.000000000000000048e-04 1.071593681398077536e-01 1.000000000000000000e+00
-3.322249999999999925e+00 1.000000000000000048e-04 1.071831401365392206e-01 1.000000000000000000e+00
-3.321499999999999897e+00 1.000000000000000048e-04 1.072069184615556253e-01 1.000000000000000000e+00
-3.320749999999999869e+00 1.000000000000000048e-04 1.072307031175867981e-01 1.000000000000000000e+00
-3.320000000000000284e+00 1.000000000000000048e-04 1.072544941073643732e-01 1.000000000000000000e+00
-3.319250000000000256e+00 1.000000000000000048e-04 1.072782914336217197e-01 1.000000000000000000e+00
-3.318500000000000227e+00 1.000000000000000048e-04 1.073020950990940525e-01 1.000000000000000000e+00
-3.317750000000000199e+00 1.000000000000000048e-04 1.073259051065182101e-01 1.000000000000000000e+00
-3.317000000000000171e+00 1.000000000000000048e-04 1.073497214586328768e-01 1.000000000000000000e+00
-3.316250000000000142e+00 1.000000000000000048e-04 1.073735441581785549e-01 1.000000000000000000e+00
-3.315500000000000114e+00 1.000000000000000048e-04 1.073973732078973148e-01 1.000000000000000000e+00
-3.314750000000000085e+00 1.000000000000000048e-04 1.074212086105331421e-01 1.000000000000000000e+00
-3.314000000000000057e+00 1.000000000000000048e-04 1.074450503688317848e-01 1.000000000000000000e+00
-3.313250000000000028e+00 1.000000000000000048e-04 1.074688984855407259e-01 1.000000000000000000e+00
-3.312500000000000000e+00 1.000000000000000048e-04 1.074927529634091550e-01 1.000000000000000000e+00
-3.311749999999999972e+00 1.000000000000000048e-04 1.075166138051881493e-01 1.000000000000000000e+00
-3.310999999999999943e+00 1.000000000000000048e-04 1.075404810136304096e-01 1.000000000000000000e+00
-3.310249999999999915e+00 1.000000000000000048e-04 1.075643545914905241e-01 1.000000000000000000e+00
-3.309499999999999886e+00 1.000000000000000048e-04 1.075882345415248159e-01 1.000000000000000000e+00
-3.308749999999999858e+00 1.000000000000000048e-04 1.076121208664913564e-01 1.000000000000000000e+00
-3.307999999999999829e+00 1.000000000000000048e-04 1.076360135691500214e-01 1.000000000000000000e+00
-3.307249999999999801e+00 1.000000000000000048e-04 1.076599126522624350e-01 1.000000000000000000e+00
-3.306499999999999773e+00 1.000000000000000048e-04 1.076838181185920257e-01 1.000000000000000000e+00
-3.305749999999999744e+00 1.000000000000000048e-04 1.077077299709038871e-01 1.000000000000000000e+00
-3.304999999999999716e+00 1.000000000000000048e-04 1.077316482119650837e-01 1.000000000000000000e+00
-3.304249999999999687e+00 1.000000000000000048e-04 1.077555728445442756e-01 1.000000000000000000e+00
-3.303499999999999659e+00 1.000000000000000048e-04 1.077795038714119830e-01 1.000000000000000000e+00
-3.302750000000000075e+00 1.000000000000000048e-04 1.078034412953405158e-01 1.000000000000000000e+00
-3.302000000000000046e+00 1.000000000000000048e-04 1.078273851191039745e-01 1.000000000000000000e+00
-3.301250000000000018e+00 1.000000000000000048e-04 1.078513353454781248e-01 1.000000000000000000e+00
-3.300499999999999989e+00 1.000000000000000048e-04 1.078752919772406754e-01 1.000000000000000000e+00
-3.299749999999999961e+00 1.000000000000000048e-04 1.078992550171710002e-01 1.000000000000000000e+00
-3.298999999999999932e+00 1.000000000000000048e-04 1.079232244680503050e-01 1.000000000000000000e+00
-3.298249999999999904e+00 1.000000000000000048e-04 1.079472003326615859e-01 1.000000000000000000e+00
-3.297499999999999876e+00 1.000000000000000048e-04 1.079711826137896014e-01 1.000000000000000000e+00
-3.296750000000000291e+00 1.000000000000000048e-04 1.079951713142209141e-01 1.000000000000000000e+00
-3.296000000000000263e+00 1.000000000000000048e-04 1.080191664367438631e-01 1.000000000000000000e+00
-3.295250000000000234e+00 1.000000000000000048e-04 1.080431679841486053e-01 1.000000000000000000e+00
-3.294500000000000206e+00 1.000000000000000048e-04 1.080671759592270326e-01 1.000000000000000000e+00
-3.293750000000000178e+00 1.000000000000000048e-04 1.080911903647728822e-01 1.000000000000000000e+00
-3.293000000000000149e+00 1.000000000000000048e-04 1.081152112035816820e-01 1.000000000000000000e+00
-3.292250000000000121e+00 1.000000000000000048e-04 1.081392384784506944e-01 1.000000000000000000e+00
-3.291500000000000092e+00 1.000000000000000048e-04 1.081632721921790413e-01 1.000000000000000000e+00
-3.290750000000000064e+00 1.000000000000000048e-04 1.081873123475675658e-01 1.000000000000000000e+00
-3.290000000000000036e+00 1.000000000000000048e-04 1.082113589474190257e-01 1.000000000000000000e+00
-3.289250000000000007e+00 1.000000000000000048e-04 1.082354119945378584e-01 1.000000000000000000e+00
-3.288499999999999979e+00 1.000000000000000048e-04 1.082594714917303885e-01 1.000000000000000000e+00
-3.287749999999999950e+00 1.000000000000000048e-04 1.082835374418046337e-01 1.000000000000000000e+00
-3.286999999999999922e+00 1.000000000000000048e-04 1.083076098475705545e-01 1.000000000000000000e+00
-3.286249999999999893e+00 1.000000000000000048e-04 1.083316887118397631e-01 1.000000000000000000e+00
-3.285499999999999865e+00 1.000000000000000048e-04 1.083557740374258144e-01 1.000000000000000000e+00
-3.284749999999999837e+00 1.000000000000000048e-04 1.083798658271439425e-01 1.000000000000000000e+00
-3.283999999999999808e+00 1.000000000000000048e-04 1.084039640838112828e-01 1.000000000000000000e+00
-3.283249999999999780e+00 1.000000000000000048e-04 1.084280688102466916e-01 1.000000000000000000e+00
-3.282499999999999751e+00 1.000000000000000048e-04 1.084521800092709681e-01 1.000000000000000000e+00
-3.281749999999999723e+00 1.000000000000000048e-04 1.084762976837065213e-01 1.000000000000000000e+00
-3.280999999999999694e+00 1.000000000000000048e-04 1.085004218363777029e-01 1.000000000000000000e+00
-3.280249999999999666e+00 1.000000000000000048e-04 1.085245524701106690e-01 1.000000000000000000e+00
-3.279499999999999638e+00 1.000000000000000048e-04 1.085486895877333380e-01 1.000000000000000000e+00
-3.278750000000000053e+00 1.000000000000000048e-04 1.085728331920755019e-01 1.000000000000000000e+00
-3.278000000000000025e+00 1.000000000000000048e-04 1.085969832859687151e-01 1.000000000000000000e+00
-3.277249999999999996e+00 1.000000000000000048e-04 1.086211398722463362e-01 1.000000000000000000e+00
-3.276499999999999968e+00 1.000000000000000048e-04 1.086453029537436110e-01 1.000000000000000000e+00
-3.275749999999999940e+00 1.000000000000000048e-04 1.086694725332974787e-01 1.000000000000000000e+00
-3.274999999999999911e+00 1.000000000000000048e-04 1.086936486137468350e-01 1.000000000000000000e+00
-3.274249999999999883e+00 1.000000000000000048e-04 1.087178311979322826e-01 1.000000000000000000e+00
-3.273499999999999854e+00 1.000000000000000048e-04 1.087420202886963533e-01 1.000000000000000000e+00
-3.272750000000000270e+00 1.000000000000000048e-04 1.087662158888832165e-01 1.000000000000000000e+00
-3.272000000000000242e+00 1.000000000000000048e-04 1.087904180013391092e-01 1.000000000000000000e+00
-3.271250000000000213e+00 1.000000000000000048e-04 1.088146266289118508e-01 1.000000000000000000e+00
-3.270500000000000185e+00 1.000000000000000048e-04 1.088388417744512726e-01 1.000000000000000000e+00
-3.269750000000000156e+00 1.000000000000000048e-04 1.088630634408089548e-01 1.000000000000000000e+00
-3.269000000000000128e+00 1.000000000000000048e-04 1.088872916308381983e-01 1.000000000000000000e+00
-3.268250000000000099e+00 1.000000000000000048e-04 1.089115263473943440e-01 1.000000000000000000e+00
-3.267500000000000071e+00 1.000000000000000048e-04 1.089357675933343567e-01 1.000000000000000000e+00
-3.266750000000000043e+00 1.000000000000000048e-04 1.089600153715171993e-01 1.000000000000000000e+00
-3.266000000000000014e+00 1.000000000000000048e-04 1.089842696848035003e-01 1.000000000000000000e+00
-3.265249999999999986e+00 1.000000000000000048e-04 1.090085305360559004e-01 1.000000000000000000e+00
-3.264499999999999957e+00 1.000000000000000048e-04 1.090327979281386361e-01 1.000000000000000000e+00
-3.263749999999999929e+00 1.000000000000000048e-04 1.090570718639180259e-01 1.000000000000000000e+00
-3.262999999999999901e+00 1.000000000000000048e-04 1.090813523462620810e-01 1.000000000000000000e+00
-3.262249999999999872e+00 1.000000000000000048e-04 1.091056393780406308e-01 1.000000000000000000e+00
-3.261499999999999844e+00 1.000000000000000048e-04 1.091299329621254061e-01 1.000000000000000000e+00
-3.260749999999999815e+00 1.000000000000000048e-04 1.091542331013899553e-01 1.000000000000000000e+00
-3.259999999999999787e+00 1.000000000000000048e-04 1.091785397987096590e-01 1.000000000000000000e+00
-3.259249999999999758e+00 1.000000000000000048e-04 1.092028530569617295e-01 1.000000000000000000e+00
-3.258499999999999730e+00 1.000000000000000048e-04 1.092271728790252111e-01 1.000000000000000000e+00
-3.257749999999999702e+00 1.000000000000000048e-04 1.092514992677810631e-01 1.000000000000000000e+00
-3.256999999999999673e+00 1.000000000000000048e-04 1.092758322261119103e-01 1.000000000000000000e+00
-3.256249999999999645e+00 1.000000000000000048e-04 1.093001717569024034e-01 1.000000000000000000e+00
-3.255500000000000060e+00 1.000000000000000048e-04 1.093245178630389974e-01 1.000000000000000000e+00
-3.254750000000000032e+00 1.000000000000000048e-04 1.093488705474099237e-01 1.000000000000000000e+00
-3.254000000000000004e+00 1.000000000000000048e-04 1.093732298129052316e-01 1.000000000000000000e+00
-3.253249999999999975e+00 1.000000000000000048e-04 1.093975956624170243e-01 1.000000000000000000e+00
-3.252499999999999947e+00 1.000000000000000048e-04 1.094219680988390009e-01 1.000000000000000000e+00
-3.251749999999999918e+00 1.000000000000000048e-04 1.094463471250668313e-01 1.000000000000000000e+00
-3.250999999999999890e+00 1.000000000000000048e-04 1.094707327439980171e-01 1.000000000000000000e+00
-3.250249999999999861e+00 1.000000000000000048e-04 1.094951249585319752e-01 1.000000000000000000e+00
-3.249500000000000277e+00 1.000000000000000048e-04 1.095195237715698156e-01 1.000000000000000000e+00
-3.248750000000000249e+00 1.000000000000000048e-04 1.095439291860146741e-01 1.000000000000000000e+00
-3.248000000000000220e+00 1.000000000000000048e-04 1.095683412047714078e-01 1.000000000000000000e+00
-3.247250000000000192e+00 1.000000000000000048e-04 1.095927598307468581e-01 1.000000000000000000e+00
-3.246500000000000163e+00 1.000000000000000048e-04 1.096171850668495734e-01 1.000000000000000000e+00
-3.245750000000000135e+00 1.000000000000000048e-04 1.096416169159900866e-01 1.000000000000000000e+00
-3.245000000000000107e+00 1.000000000000000048e-04 1.096660553810806654e-01 1.000000000000000000e+00
-3.244250000000000078e+00 1.000000000000000048e-04 1.096905004650356036e-01 1.000000000000000000e+00
-3.243500000000000050e+00 1.000000000000000048e-04 1.097149521707708603e-01 1.000000000000000000e+00
-3.242750000000000021e+00 1.000000000000000048e-04 1.097394105012043791e-01 1.000000000000000000e+00
-3.241999999999999993e+00 1.000000000000000048e-04 1.097638754592559357e-01 1.000000000000000000e+00
-3.241249999999999964e+00 1.000000000000000048e-04 1.097883470478472068e-01 1.000000000000000000e+00
-3.240499999999999936e+00 1.000000000000000048e-04 1.098128252699016177e-01 1.000000000000000000e+00
-3.239749999999999908e+00 1.000000000000000048e-04 1.098373101283446340e-01 1.000000000000000000e+00
-3.238999999999999879e+00 1.000000000000000048e-04 1.098618016261033725e-01 1.000000000000000000e+00
-3.238249999999999851e+00 1.000000000000000048e-04 1.098862997661069763e-01 1.000000000000000000e+00
-3.237499999999999822e+00 1.000000000000000048e-04 1.099108045512864895e-01 1.000000000000000000e+00
-3.236749999999999794e+00 1.000000000000000048e-04 1.099353159845747052e-01 1.000000000000000000e+00
-3.235999999999999766e+00 1.000000000000000048e-04 1.099598340689061926e-01 1.000000000000000000e+00
-3.235249999999999737e+00 1.000000000000000048e-04 1.099843588072177136e-01 1.000000000000000000e+00
-3.234499999999999709e+00 1.000000000000000048e-04 1.100088902024475984e-01 1.000000000000000000e+00
-3.233749999999999680e+00 1.000000000000000048e-04 1.100334282575362727e-01 1.000000000000000000e+00
-3.232999999999999652e+00 1.000000000000000048e-04 1.100579729754258135e-01 1.000000000000000000e+00
-3.232250000000000068e+00 1.000000000000000048e-04 1.100825243590603658e-01 1.000000000000000000e+00
-3.231500000000000039e+00 1.000000000000000048e-04 1.101070824113857677e-01 1.000000000000000000e+00
-3.230750000000000011e+00 1.000000000000000048e-04 1.101316471353500082e-01 1.000000000000000000e+00
-3.229999999999999982e+00 1.000000000000000048e-04 1.101562185339026584e-01 1.000000000000000000e+00
-3.229249999999999954e+00 1.000000000000000048e-04 1.101807966099953018e-01 1.000000000000000000e+00
-3.228499999999999925e+00 1.000000000000000048e-04 1.102053813665813953e-01 1.000000000000000000e+00
-3.227749999999999897e+00 1.000000000000000048e-04 1.102299728066163387e-01 1.000000000000000000e+00
-3.226999999999999869e+00 1.000000000000000048e-04 1.102545709330572526e-01 1.000000000000000000e+00
-3.226250000000000284e+00 1.000000000000000048e-04 1.102791757488632840e-01 1.000000000000000000e+00
-3.225500000000000256e+00 1.000000000000000048e-04 1.103037872569954114e-01 1.000000000000000000e+00
-3.224750000000000227e+00 1.000000000000000048e-04 1.103284054604165981e-01 1.000000000000000000e+00
-3.224000000000000199e+00 1.000000000000000048e-04 1.103530303620914033e-01 1.000000000000000000e+00
-3.223250000000000171e+00 1.000000000000000048e-04 1.103776619649866481e-01 1.000000000000000000e+00
-3.222500000000000142e+00 1.000000000000000048e-04 1.104023002720707636e-01 1.000000000000000000e+00
-3.221750000000000114e+00 1.000000000000000048e-04 1.104269452863141376e-01 1.000000000000000000e+00
-3.221000000000000085e+00 1.000000000000000048e-04 1.104515970106891287e-01 1.000000000000000000e+00
-3.220250000000000057e+00 1.000000000000000048e-04 1.104762554481699965e-01 1.000000000000000000e+00
-3.219500000000000028e+00 1.000000000000000048e-04 1.105009206017326939e-01 1.000000000000000000e+00
-3.218750000000000000e+00 1.000000000000000048e-04 1.105255924743552831e-01 1.000000000000000000e+00
-3.217999999999999972e+00 1.000000000000000048e-04 1.105502710690175749e-01 1.000000000000000000e+00
-3.217249999999999943e+00 1.000000000000000048e-04 1.105749563887014342e-01 1.000000000000000000e+00
-3.216499999999999915e+00 1.000000000000000048e-04 1.105996484363904742e-01 1.000000000000000000e+00
-3.215749999999999886e+00 1.000000000000000048e-04 1.106243472150702650e-01 1.000000000000000000e+00
-3.214999999999999858e+00 1.000000000000000048e-04 1.106490527277282504e-01 1.000000000000000000e+00
-3.214249999999999829e+00 1.000000000000000048e-04 1.106737649773537197e-01 1.000000000000000000e+00
-3.213499999999999801e+00 1.000000000000000048e-04 1.106984839669380855e-01 1.000000000000000000e+00
-3.212749999999999773e+00 1.000000000000000048e-04 1.107232096994743148e-01 1.000000000000000000e+00
-3.211999999999999744e+00 1.000000000000000048e-04 1.107479421779577200e-01 1.000000000000000000e+00
-3.211249999999999716e+00 1.000000000000000048e-04 1.107726814053849873e-01 1.000000000000000000e+00
-3.210499999999999687e+00 1.000000000000000048e-04 1.107974273847552038e-01 1.000000000000000000e+00
-3.209749999999999659e+00 1.000000000000000048e-04 1.108221801190689554e-01 1.000000000000000000e+00
-3.208999999999999631e+00 1.000000000000000048e-04 1.108469396113290484e-01 1.000000000000000000e+00
-3.208250000000000046e+00 1.000000000000000048e-04 1.108717058645399822e-01 1.000000000000000000e+00
-3.207500000000000018e+00 1.000000000000000048e-04 1.108964788817082964e-01 1.000000000000000000e+00
-3.206749999999999989e+00 1.000000000000000048e-04 1.109212586658423760e-01 1.000000000000000000e+00
-3.205999999999999961e+00 1.000000000000000048e-04 1.109460452199525354e-01 1.000000000000000000e+00
-3.205249999999999932e+00 1.000000000000000048e-04 1.109708385470509900e-01 1.000000000000000000e+00
-3.204499999999999904e+00 1.000000000000000048e-04 1.109956386501518566e-01 1.000000000000000000e+00
-3.203749999999999876e+00 1.000000000000000048e-04 1.110204455322710976e-01 1.000000000000000000e+00
-3.203000000000000291e+00 1.000000000000000048e-04 1.110452591964268543e-01 1.000000000000000000e+00
-3.202250000000000263e+00 1.000000000000000048e-04 1.110700796456388501e-01 1.000000000000000000e+00
-3.201500000000000234e+00 1.000000000000000048e-04 1.110949068829288899e-01 1.000000000000000000e+00
-3.200750000000000206e+00 1.000000000000000048e-04 1.111197409113207080e-01 1.000000000000000000e+00
-3.200000000000000178e+00 1.000000000000000048e-04 1.111445817338399256e-01 1.000000000000000000e+00
-3.199250000000000149e+00 1.000000000000000048e-04 1.111694293535140099e-01 1.000000000000000000e+00
-3.198500000000000121e+00 1.000000000000000048e-04 1.111942837733725237e-01 1.000000000000000000e+00
-3.197750000000000092e+00 1.000000000000000048e-04 1.112191449964467782e-01 1.000000000000000000e+00
-3.197000000000000064e+00 1.000000000000000048e-04 1.112440130257700555e-01 1.000000000000000000e+00
-3.196250000000000036e+00 1.000000000000000048e-04 1.112688878643776219e-01 1.000000000000000000e+00
-3.195500000000000007e+00 1.000000000000000048e-04 1.112937695153065898e-01 1.000000000000000000e+00
-3.194749999999999979e+00 1.000000000000000048e-04 1.113186579815960142e-01 1.000000000000000000e+00
-3.193999999999999950e+00 1.000000000000000048e-04 1.113435532662869210e-01 1.000000000000000000e+00
-3.193249999999999922e+00 1.000000000000000048e-04 1.113684553724222231e-01 1.000000000000000000e+00
-3.192499999999999893e+00 1.000000000000000048e-04 1.113933643030467491e-01 1.000000000000000000e+00
-3.191749999999999865e+00 1.000000000000000048e-04 1.114182800612072838e-01 1.000000000000000000e+00
-3.190999999999999837e+00 1.000000000000000048e-04 1.114432026499525274e-01 1.000000000000000000e+00
-3.190249999999999808e+00 1.000000000000000048e-04 1.114681320723330954e-01 1.000000000000000000e+00
-3.189499999999999780e+00 1.000000000000000048e-04 1.114930683314015875e-01 1.000000000000000000e+00
-3.188749999999999751e+00 1.000000000000000048e-04 1.115180114302125325e-01 1.000000000000000000e+00
-3.187999999999999723e+00 1.000000000000000048e-04 1.115429613718222773e-01 1.000000000000000000e+00
-3.187249999999999694e+00 1.000000000000000048e-04 1.115679181592892505e-01 1.000000000000000000e+00
-3.186499999999999666e+00 1.000000000000000048e-04 1.115928817956736846e-01 1.000000000000000000e+00
-3.185749999999999638e+00 1.000000000000000048e-04 1.116178522840378939e-01 1.000000000000000000e+00
-3.185000000000000053e+00 1.000000000000000048e-04 1.116428296274459692e-01 1.000000000000000000e+00
-3.184250000000000025e+00 1.000000000000000048e-04 1.116678138289640410e-01 1.000000000000000000e+00
-3.183499999999999996e+00 1.000000000000000048e-04 1.116928048916602662e-01 1.000000000000000000e+00
-3.182749999999999968e+00 1.000000000000000048e-04 1.117178028186045086e-01 1.000000000000000000e+00
-3.181999999999999940e+00 1.000000000000000048e-04 1.117428076128686998e-01 1.000000000000000000e+00
-3.181249999999999911e+00 1.000000000000000048e-04 1.117678192775267837e-01 1.000000000000000000e+00
-3.180499999999999883e+00 1.000000000000000048e-04 1.117928378156545499e-01 1.000000000000000000e+00
-3.179749999999999854e+00 1.000000000000000048e-04 1.118178632303297171e-01 1.000000000000000000e+00
-3.179000000000000270e+00 1.000000000000000048e-04 1.118428955246320161e-01 1.000000000000000000e+00
-3.178250000000000242e+00 1.000000000000000048e-04 1.118679347016431347e-01 1.000000000000000000e+00
-3.177500000000000213e+00 1.000000000000000048e-04 1.118929807644465924e-01 1.000000000000000000e+00
-3.176750000000000185e+00 1.000000000000000048e-04 1.119180337161280320e-01 1.000000000000000000e+00
-3.176000000000000156e+00 1.000000000000000048e-04 1.119430935597748311e-01 1.000000000000000000e+00
-3.175250000000000128e+00 1.000000000000000048e-04 1.119681602984765323e-01 1.000000000000000000e+00
-3.174500000000000099e+00 1.000000000000000048e-04 1.119932339353244960e-01 1.000000000000000000e+00
-3.173750000000000071e+00 1.000000000000000048e-04 1.120183144734120395e-01 1.000000000000000000e+00
-3.173000000000000043e+00 1.000000000000000048e-04 1.120434019158344507e-01 1.000000000000000000e+00
-3.172250000000000014e+00 1.000000000000000048e-04 1.120684962656890299e-01 1.000000000000000000e+00
-3.171499999999999986e+00 1.000000000000000048e-04 1.120935975260749090e-01 1.000000000000000000e+00
-3.170749999999999957e+00 1.000000000000000048e-04 1.121187057000933157e-01 1.000000000000000000e+00
-3.169999999999999929e+00 1.000000000000000048e-04 1.121438207908473927e-01 1.000000000000000000e+00
-3.169249999999999901e+00 1.000000000000000048e-04 1.121689428014421425e-01 1.000000000000000000e+00
-3.168499999999999872e+00 1.000000000000000048e-04 1.121940717349846350e-01 1.000000000000000000e+00
-3.167749999999999844e+00 1.000000000000000048e-04 1.122192075945837864e-01 1.000000000000000000e+00
-3.166999999999999815e+00 1.000000000000000048e-04 1.122443503833506773e-01 1.000000000000000000e+00
-3.166249999999999787e+00 1.000000000000000048e-04 1.122695001043981372e-01 1.000000000000000000e+00
-3.165499999999999758e+00 1.000000000000000048e-04 1.122946567608410495e-01 1.000000000000000000e+00
-3.164749999999999730e+00 1.000000000000000048e-04 1.123198203557962821e-01 1.000000000000000000e+00
-3.163999999999999702e+00 1.000000000000000048e-04 1.123449908923826041e-01 1.000000000000000000e+00
-3.163249999999999673e+00 1.000000000000000048e-04 1.123701683737208107e-01 1.000000000000000000e+00
-3.162499999999999645e+00 1.000000000000000048e-04 1.123953528029336263e-01 1.000000000000000000e+00
-3.161750000000000060e+00 1.000000000000000048e-04 1.124205441831456626e-01 1.000000000000000000e+00
-3.161000000000000032e+00 1.000000000000000048e-04 1.124457425174837516e-01 1.000000000000000000e+00
-3.160250000000000004e+00 1.000000000000000048e-04 1.124709478090763909e-01 1.000000000000000000e+00
-3.159499999999999975e+00 1.000000000000000048e-04 1.124961600610543538e-01 1.000000000000000000e+00
-3.158749999999999947e+00 1.000000000000000048e-04 1.125213792765500653e-01 1.000000000000000000e+00
-3.157999999999999918e+00 1.000000000000000048e-04 1.125466054586980874e-01 1.000000000000000000e+00
-3.157249999999999890e+00 1.000000000000000048e-04 1.125718386106350222e-01 1.000000000000000000e+00
-3.156499999999999861e+00 1.000000000000000048e-04 1.125970787354993036e-01 1.000000000000000000e+00
-3.155750000000000277e+00 1.000000000000000048e-04 1.126223258364313362e-01 1.000000000000000000e+00
-3.155000000000000249e+00 1.000000000000000048e-04 1.126475799165737729e-01 1.000000000000000000e+00
-3.154250000000000220e+00 1.000000000000000048e-04 1.126728409790708485e-01 1.000000000000000000e+00
-3.153500000000000192e+00 1.000000000000000048e-04 1.126981090270690739e-01 1.000000000000000000e+00
-3.152750000000000163e+00 1.000000000000000048e-04 1.127233840637167361e-01 1.000000000000000000e+00
-3.152000000000000135e+00 1.000000000000000048e-04 1.127486660921642458e-01 1.000000000000000000e+00
-3.151250000000000107e+00 1.000000000000000048e-04 1.127739551155639425e-01 1.000000000000000000e+00
-3.150500000000000078e+00 1.000000000000000048e-04 1.127992511370701639e-01 1.000000000000000000e+00
-3.149750000000000050e+00 1.000000000000000048e-04 1.128245541598391632e-01 1.000000000000000000e+00
-3.149000000000000021e+00 1.000000000000000048e-04 1.128498641870292335e-01 1.000000000000000000e+00
-3.148249999999999993e+00 1.000000000000000048e-04 1.128751812218006800e-01 1.000000000000000000e+00
-3.147499999999999964e+00 1.000000000000000048e-04 1.129005052673157095e-01 1.000000000000000000e+00
-3.146749999999999936e+00 1.000000000000000048e-04 1.129258363267386100e-01 1.000000000000000000e+00
-3.145999999999999908e+00 1.000000000000000048e-04 1.129511744032355713e-01 1.000000000000000000e+00
-3.145249999999999879e+00 1.000000000000000048e-04 1.129765194999748229e-01 1.000000000000000000e+00
-3.144499999999999851e+00 1.000000000000000048e-04 1.130018716201265788e-01 1.000000000000000000e+00
-3.143749999999999822e+00 1.000000000000000048e-04 1.130272307668630100e-01 1.000000000000000000e+00
-3.142999999999999794e+00 1.000000000000000048e-04 1.130525969433583133e-01 1.000000000000000000e+00
-3.142249999999999766e+00 1.000000000000000048e-04 1.130779701527886566e-01 1.000000000000000000e+00
-3.141499999999999737e+00 1.000000000000000048e-04 1.131033503983321920e-01 1.000000000000000000e+00
-3.140749999999999709e+00 1.000000000000000048e-04 1.131287376831691255e-01 1.000000000000000000e+00
-3.139999999999999680e+00 1.000000000000000048e-04 1.131541320104816062e-01 1.000000000000000000e+00
-3.139249999999999652e+00 1.000000000000000048e-04 1.131795333834537259e-01 1.000000000000000000e+00
-3.138500000000000068e+00 1.000000000000000048e-04 1.132049418052716583e-01 1.000000000000000000e+00
-3.137750000000000039e+00 1.000000000000000048e-04 1.132303572791235613e-01 1.000000000000000000e+00
-3.137000000000000011e+00 1.000000000000000048e-04 1.132557798081997025e-01 1.000000000000000000e+00
-3.136249999999999982e+00 1.000000000000000048e-04 1.132812093956919869e-01 1.000000000000000000e+00
-3.135499999999999954e+00 1.000000000000000048e-04 1.133066460447946511e-01 1.000000000000000000e+00
-3.134749999999999925e+00 1.000000000000000048e-04 1.133320897587039300e-01 1.000000000000000000e+00
-3.133999999999999897e+00 1.000000000000000048e-04 1.133575405406178627e-01 1.000000000000000000e+00
-3.133249999999999869e+00 1.000000000000000048e-04 1.133829983937365837e-01 1.000000000000000000e+00
-3.132500000000000284e+00 1.000000000000000048e-04 1.134084633212623650e-01 1.000000000000000000e+00
-3.131750000000000256e+00 1.000000000000000048e-04 1.134339353263992545e-01 1.000000000000000000e+00
-3.131000000000000227e+00 1.000000000000000048e-04 1.134594144123534515e-01 1.000000000000000000e+00
-3.130250000000000199e+00 1.000000000000000048e-04 1.134849005823330981e-01 1.000000000000000000e+00
-3.129500000000000171e+00 1.000000000000000048e-04 1.135103938395484319e-01 1.000000000000000000e+00
-3.128750000000000142e+00 1.000000000000000048e-04 1.135358941872115640e-01 1.000000000000000000e+00
-3.128000000000000114e+00 1.000000000000000048e-04 1.135614016285367150e-01 1.000000000000000000e+00
-3.127250000000000085e+00 1.000000000000000048e-04 1.135869161667401595e-01 1.000000000000000000e+00
-3.126500000000000057e+00 1.000000000000000048e-04 1.136124378050399480e-01 1.000000000000000000e+00
-3.125750000000000028e+00 1.000000000000000048e-04 1.136379665466564770e-01 1.000000000000000000e+00
-3.125000000000000000e+00 1.000000000000000048e-04 1.136635023948118911e-01 1.000000000000000000e+00
-3.124249999999999972e+00 1.000000000000000048e-04 1.136890453527304307e-01 1.000000000000000000e+00
-3.123499999999999943e+00 1.000000000000000048e-04 1.137145954236384038e-01 1.000000000000000000e+00
-3.122749999999999915e+00 1.000000000000000048e-04 1.137401526107641031e-01 1.000000000000000000e+00
-3.121999999999999886e+00 1.000000000000000048e-04 1.137657169173378335e-01 1.000000000000000000e+00
-3.121249999999999858e+00 1.000000000000000048e-04 1.137912883465918290e-01 1.000000000000000000e+00
-3.120499999999999829e+00 1.000000000000000048e-04 1.138168669017605161e-01 1.000000000000000000e+00
-3.119749999999999801e+00 1.000000000000000048e-04 1.138424525860802644e-01 1.000000000000000000e+00
-3.118999999999999773e+00 1.000000000000000048e-04 1.138680454027893585e-01 1.000000000000000000e+00
-3.118249999999999744e+00 1.000000000000000048e-04 1.138936453551282479e-01 1.000000000000000000e+00
-3.117499999999999716e+00 1.000000000000000048e-04 1.139192524463393946e-01 1.000000000000000000e+00
-3.116749999999999687e+00 1.000000000000000048e-04 1.139448666796671339e-01 1.000000000000000000e+00
-3.115999999999999659e+00 1.000000000000000048e-04 1.139704880583579383e-01 1.000000000000000000e+00
-3.115249999999999631e+00 1.000000000000000048e-04 1.139961165856605146e-01 1.000000000000000000e+00
-3.114500000000000046e+00 1.000000000000000048e-04 1.140217522648250964e-01 1.000000000000000000e+00
-3.113750000000000018e+00 1.000000000000000048e-04 1.140473950991044011e-01 1.000000000000000000e+00
-3.112999999999999989e+00 1.000000000000000048e-04 1.140730450917529226e-01 1.000000000000000000e+00
-3.112249999999999961e+00 1.000000000000000048e-04 1.140987022460273198e-01 1.000000000000000000e+00
-3.111499999999999932e+00 1.000000000000000048e-04 1.141243665651861666e-01 1.000000000000000000e+00
-3.110749999999999904e+00 1.000000000000000048e-04 1.141500380524900909e-01 1.000000000000000000e+00
-3.109999999999999876e+00 1.000000000000000048e-04 1.141757167112018995e-01 1.000000000000000000e+00
-3.109250000000000291e+00 1.000000000000000048e-04 1.142014025445861891e-01 1.000000000000000000e+00
-3.108500000000000263e+00 1.000000000000000048e-04 1.142270955559097773e-01 1.000000000000000000e+00
-3.107750000000000234e+00 1.000000000000000048e-04 1.142527957484415074e-01 1.000000000000000000e+00
-3.107000000000000206e+00 1.000000000000000048e-04 1.142785031254520967e-01 1.000000000000000000e+00
-3.106250000000000178e+00 1.000000000000000048e-04 1.143042176902144547e-01 1.000000000000000000e+00
-3.105500000000000149e+00 1.000000000000000048e-04 1.143299394460035034e-01 1.000000000000000000e+00
-3.104750000000000121e+00 1.000000000000000048e-04 1.143556683960961495e-01 1.000000000000000000e+00
-3.104000000000000092e+00 1.000000000000000048e-04 1.143814045437713117e-01 1.000000000000000000e+00
-3.103250000000000064e+00 1.000000000000000048e-04 1.144071478923101015e-01 1.000000000000000000e+00
-3.102500000000000036e+00 1.000000000000000048e-04 1.144328984449954900e-01 1.000000000000000000e+00
-3.101750000000000007e+00 1.000000000000000048e-04 1.144586562051125994e-01 1.000000000000000000e+00
-3.100999999999999979e+00 1.000000000000000048e-04 1.144844211759485919e-01 1.000000000000000000e+00
-3.100249999999999950e+00 1.000000000000000048e-04 1.145101933607925448e-01 1.000000000000000000e+00
-3.099499999999999922e+00 1.000000000000000048e-04 1.145359727629357699e-01 1.000000000000000000e+00
-3.098749999999999893e+00 1.000000000000000048e-04 1.145617593856715077e-01 1.000000000000000000e+00
-3.097999999999999865e+00 1.000000000000000048e-04 1.145875532322951085e-01 1.000000000000000000e+00
-3.097249999999999837e+00 1.000000000000000048e-04 1.146133543061038373e-01 1.000000000000000000e+00
-3.096499999999999808e+00 1.000000000000000048e-04 1.146391626103971662e-01 1.000000000000000000e+00
-3.095749999999999780e+00 1.000000000000000048e-04 1.146649781484765790e-01 1.000000000000000000e+00
-3.094999999999999751e+00 1.000000000000000048e-04 1.146908009236454334e-01 1.000000000000000000e+00
-3.094249999999999723e+00 1.000000000000000048e-04 1.147166309392094324e-01 1.000000000000000000e+00
-3.093499999999999694e+00 1.000000000000000048e-04 1.147424681984760969e-01 1.000000000000000000e+00
-3.092749999999999666e+00 1.000000000000000048e-04 1.147683127047551266e-01 1.000000000000000000e+00
-3.091999999999999638e+00 1.000000000000000048e-04 1.147941644613582057e-01 1.000000000000000000e+00
-3.091250000000000053e+00 1.000000000000000048e-04 1.148200234715990031e-01 1.000000000000000000e+00
-3.090500000000000025e+00 1.000000000000000048e-04 1.148458897387934774e-01 1.000000000000000000e+00
-3.089749999999999996e+00 1.000000000000000048e-04 1.148717632662593913e-01 1.000000000000000000e+00
-3.088999999999999968e+00 1.000000000000000048e-04 1.148976440573167418e-01 1.000000000000000000e+00
-3.088249999999999940e+00 1.000000000000000048e-04 1.149235321152874967e-01 1.000000000000000000e+00
-3.087499999999999911e+00 1.000000000000000048e-04 1.149494274434956637e-01 1.000000000000000000e+00
-3.086749999999999883e+00 1.000000000000000048e-04 1.149753300452673183e-01 1.000000000000000000e+00
-3.085999999999999854e+00 1.000000000000000048e-04 1.150012399239306871e-01 1.000000000000000000e+00
-3.085250000000000270e+00 1.000000000000000048e-04 1.150271570828159257e-01 1.000000000000000000e+00
-3.084500000000000242e+00 1.000000000000000048e-04 1.150530815252553685e-01 1.000000000000000000e+00
-3.083750000000000213e+00 1.000000000000000048e-04 1.150790132545832789e-01 1.000000000000000000e+00
-3.083000000000000185e+00 1.000000000000000048e-04 1.151049522741361131e-01 1.000000000000000000e+00
-3.082250000000000156e+00 1.000000000000000048e-04 1.151308985872523810e-01 1.000000000000000000e+00
-3.081500000000000128e+00 1.000000000000000048e-04 1.151568521972724801e-01 1.000000000000000000e+00
-3.080750000000000099e+00 1.000000000000000048e-04 1.151828131075391254e-01 1.000000000000000000e+00
-3.080000000000000071e+00 1.000000000000000048e-04 1.152087813213969469e-01 1.000000000000000000e+00
-3.079250000000000043e+00 1.000000000000000048e-04 1.152347568421926566e-01 1.000000000000000000e+00
-3.078500000000000014e+00 1.000000000000000048e-04 1.152607396732750616e-01 1.000000000000000000e+00
-3.077749999999999986e+00 1.000000000000000048e-04 1.152867298179950373e-01 1.000000000000000000e+00
-3.076999999999999957e+00 1.000000000000000048e-04 1.153127272797055125e-01 1.000000000000000000e+00
-3.076249999999999929e+00 1.000000000000000048e-04 1.153387320617614981e-01 1.000000000000000000e+00
-3.075499999999999901e+00 1.000000000000000048e-04 1.153647441675200863e-01 1.000000000000000000e+00
-3.074749999999999872e+00 1.000000000000000048e-04 1.153907636003403819e-01 1.000000000000000000e+00
-3.073999999999999844e+00 1.000000000000000048e-04 1.154167903635836823e-01 1.000000000000000000e+00
-3.073249999999999815e+00 1.000000000000000048e-04 1.154428244606131998e-01 1.000000000000000000e+00
-3.072499999999999787e+00 1.000000000000000048e-04 1.154688658947943813e-01 1.000000000000000000e+00
-3.071749999999999758e+00 1.000000000000000048e-04 1.154949146694946305e-01 1.000000000000000000e+00
-3.070999999999999730e+00 1.000000000000000048e-04 1.155209707880835157e-01 1.000000000000000000e+00
-3.070249999999999702e+00 1.000000000000000048e-04 1.155470342539325901e-01 1.000000000000000000e+00
-3.069499999999999673e+00 1.000000000000000048e-04 1.155731050704155438e-01 1.000000000000000000e+00
-3.068749999999999645e+00 1.000000000000000048e-04 1.155991832409081765e-01 1.000000000000000000e+00
-3.068000000000000060e+00 1.000000000000000048e-04 1.156252687687882724e-01 1.000000000000000000e+00
-3.067250000000000032e+00 1.000000000000000048e-04 1.156513616574358222e-01 1.000000000000000000e+00
-3.066500000000000004e+00 1.000000000000000048e-04 1.156774619102327317e-01 1.000000000000000000e+00
-3.065749999999999975e+00 1.000000000000000048e-04 1.157035695305631828e-01 1.000000000000000000e+00
-3.064999999999999947e+00 1.000000000000000048e-04 1.157296845218133002e-01 1.000000000000000000e+00
-3.064249999999999918e+00 1.000000000000000048e-04 1.157558068873713319e-01 1.000000000000000000e+00
-3.063499999999999890e+00 1.000000000000000048e-04 1.157819366306276354e-01 1.000000000000000000e+00
-3.062749999999999861e+00 1.000000000000000048e-04 1.158080737549746220e-01 1.000000000000000000e+00
-3.062000000000000277e+00 1.000000000000000048e-04 1.158342182638067569e-01 1.000000000000000000e+00
-3.061250000000000249e+00 1.000000000000000048e-04 1.158603701605207259e-01 1.000000000000000000e+00
-3.060500000000000220e+00 1.000000000000000048e-04 1.158865294485151437e-01 1.000000000000000000e+00
-3.059750000000000192e+00 1.000000000000000048e-04 1.159126961311908455e-01 1.000000000000000000e+00
-3.059000000000000163e+00 1.000000000000000048e-04 1.159388702119506231e-01 1.000000000000000000e+00
-3.058250000000000135e+00 1.000000000000000048e-04 1.159650516941994891e-01 1.000000000000000000e+00
-3.057500000000000107e+00 1.000000000000000048e-04 1.159912405813444541e-01 1.000000000000000000e+00
-3.056750000000000078e+00 1.000000000000000048e-04 1.160174368767946940e-01 1.000000000000000000e+00
-3.056000000000000050e+00 1.000000000000000048e-04 1.160436405839613827e-01 1.000000000000000000e+00
-3.055250000000000021e+00 1.000000000000000048e-04 1.160698517062579010e-01 1.000000000000000000e+00
-3.054499999999999993e+00 1.000000000000000048e-04 1.160960702470996558e-01 1.000000000000000000e+00
-3.053749999999999964e+00 1.000000000000000048e-04 1.161222962099041772e-01 1.000000000000000000e+00
-3.052999999999999936e+00 1.000000000000000048e-04 1.161485295980910076e-01 1.000000000000000000e+00
-3.052249999999999908e+00 1.000000000000000048e-04 1.161747704150819238e-01 1.000000000000000000e+00
-3.051499999999999879e+00 1.000000000000000048e-04 1.162010186643007148e-01 1.000000000000000000e+00
-3.050749999999999851e+00 1.000000000000000048e-04 1.162272743491733346e-01 1.000000000000000000e+00
-3.049999999999999822e+00 1.000000000000000048e-04 1.162535374731277077e-01 1.000000000000000000e+00
-3.049249999999999794e+00 1.000000000000000048e-04 1.162798080395939793e-01 1.000000000000000000e+00
-3.048499999999999766e+00 1.000000000000000048e-04 1.163060860520043760e-01 1.000000000000000000e+00
-3.047749999999999737e+00 1.000000000000000048e-04 1.163323715137931785e-01 1.000000000000000000e+00
-3.046999999999999709e+00 1.000000000000000048e-04 1.163586644283968324e-01 1.000000000000000000e+00
-3.046249999999999680e+00 1.000000000000000048e-04 1.163849647992537678e-01 1.000000000000000000e+00
-3.045499999999999652e+00 1.000000000000000048e-04 1.164112726298047462e-01 1.000000000000000000e+00
-3.044750000000000068e+00 1.000000000000000048e-04 1.164375879234924027e-01 1.000000000000000000e+00
-3.044000000000000039e+00 1.000000000000000048e-04 1.164639106837615790e-01 1.000000000000000000e+00
-3.043250000000000011e+00 1.000000000000000048e-04 1.164902409140592399e-01 1.000000000000000000e+00
-3.042499999999999982e+00 1.000000000000000048e-04 1.165165786178344459e-01 1.000000000000000000e+00
-3.041749999999999954e+00 1.000000000000000048e-04 1.165429237985382560e-01 1.000000000000000000e+00
-3.040999999999999925e+00 1.000000000000000048e-04 1.165692764596240882e-01 1.000000000000000000e+00
-3.040249999999999897e+00 1.000000000000000048e-04 1.165956366045472065e-01 1.000000000000000000e+00
-3.039499999999999869e+00 1.000000000000000048e-04 1.166220042367651366e-01 1.000000000000000000e+00
-3.038750000000000284e+00 1.000000000000000048e-04 1.166483793597374446e-01 1.000000000000000000e+00
-3.038000000000000256e+00 1.000000000000000048e-04 1.166747619769258892e-01 1.000000000000000000e+00
-3.037250000000000227e+00 1.000000000000000048e-04 1.167011520917942691e-01 1.000000000000000000e+00
-3.036500000000000199e+00 1.000000000000000048e-04 1.167275497078084923e-01 1.000000000000000000e+00
-3.035750000000000171e+00 1.000000000000000048e-04 1.167539548284366457e-01 1.000000000000000000e+00
-3.035000000000000142e+00 1.000000000000000048e-04 1.167803674571489259e-01 1.000000000000000000e+00
-3.034250000000000114e+00 1.000000000000000048e-04 1.168067875974175690e-01 1.000000000000000000e+00
-3.033500000000000085e+00 1.000000000000000048e-04 1.168332152527170181e-01 1.000000000000000000e+00
-3.032750000000000057e+00 1.000000000000000048e-04 1.168596504265237424e-01 1.000000000000000000e+00
-3.032000000000000028e+00 1.000000000000000048e-04 1.168860931223164173e-01 1.000000000000000000e+00
-3.031250000000000000e+00 1.000000000000000048e-04 1.169125433435758005e-01 1.000000000000000000e+00
-3.030499999999999972e+00 1.000000000000000048e-04 1.169390010937847585e-01 1.000000000000000000e+00
-3.029749999999999943e+00 1.000000000000000048e-04 1.169654663764282398e-01 1.000000000000000000e+00
-3.028999999999999915e+00 1.000000000000000048e-04 1.169919391949935245e-01 1.000000000000000000e+00
-3.028249999999999886e+00 1.000000000000000048e-04 1.170184195529696825e-01 1.000000000000000000e+00
-3.027499999999999858e+00 1.000000000000000048e-04 1.170449074538481155e-01 1.000000000000000000e+00
-3.026749999999999829e+00 1.000000000000000048e-04 1.170714029011223623e-01 1.000000000000000000e+00
-3.025999999999999801e+00 1.000000000000000048e-04 1.170979058982880572e-01 1.000000000000000000e+00
-3.025249999999999773e+00 1.000000000000000048e-04 1.171244164488429024e-01 1.000000000000000000e+00
-3.024499999999999744e+00 1.000000000000000048e-04 1.171509345562867094e-01 1.000000000000000000e+00
-3.023749999999999716e+00 1.000000000000000048e-04 1.171774602241215935e-01 1.000000000000000000e+00
-3.022999999999999687e+00 1.000000000000000048e-04 1.172039934558515295e-01 1.000000000000000000e+00
-3.022249999999999659e+00 1.000000000000000048e-04 1.172305342549829349e-01 1.000000000000000000e+00
-3.021499999999999631e+00 1.000000000000000048e-04 1.172570826250241005e-01 1.000000000000000000e+00
-3.020750000000000046e+00 1.000000000000000048e-04 1.172836385694854960e-01 1.000000000000000000e+00
-3.020000000000000018e+00 1.000000000000000048e-04 1.173102020918798533e-01 1.000000000000000000e+00
-3.019249999999999989e+00 1.000000000000000048e-04 1.173367731957219162e-01 1.000000000000000000e+00
-3.018499999999999961e+00 1.000000000000000048e-04 1.173633518845285106e-01 1.000000000000000000e+00
-3.017749999999999932e+00 1.000000000000000048e-04 1.173899381618188076e-01 1.000000000000000000e+00
-3.016999999999999904e+00 1.000000000000000048e-04 1.174165320311139071e-01 1.000000000000000000e+00
-3.016249999999999876e+00 1.000000000000000048e-04 1.174431334959370882e-01 1.000000000000000000e+00
-3.015500000000000291e+00 1.000000000000000048e-04 1.174697425598138223e-01 1.000000000000000000e+00
-3.014750000000000263e+00 1.000000000000000048e-04 1.174963592262716905e-01 1.000000000000000000e+00
-3.014000000000000234e+00 1.000000000000000048e-04 1.175229834988404526e-01 1.000000000000000000e+00
-3.013250000000000206e+00 1.000000000000000048e-04 1.175496153810518807e-01 1.000000000000000000e+00
-3.012500000000000178e+00 1.000000000000000048e-04 1.175762548764400089e-01 1.000000000000000000e+00
-3.011750000000000149e+00 1.000000000000000048e-04 1.176029019885409671e-01 1.000000000000000000e+00
-3.011000000000000121e+00 1.000000000000000048e-04 1.176295567208929943e-01 1.000000000000000000e+00
-3.010250000000000092e+00 1.000000000000000048e-04 1.176562190770365363e-01 1.000000000000000000e+00
-3.009500000000000064e+00 1.000000000000000048e-04 1.176828890605141342e-01 1.000000000000000000e+00
-3.008750000000000036e+00 1.000000000000000048e-04 1.177095666748704805e-01 1.000000000000000000e+00
-3.008000000000000007e+00 1.000000000000000048e-04 1.177362519236524185e-01 1.000000000000000000e+00
-3.007249999999999979e+00 1.000000000000000048e-04 1.177629448104089011e-01 1.000000000000000000e+00
-3.006499999999999950e+00 1.000000000000000048e-04 1.177896453386910597e-01 1.000000000000000000e+00
-3.005749999999999922e+00 1.000000000000000048e-04 1.178163535120521493e-01 1.000000000000000000e+00
-3.004999999999999893e+00 1.000000000000000048e-04 1.178430693340476454e-01 1.000000000000000000e+00
-3.004249999999999865e+00 1.000000000000000048e-04 1.178697928082350355e-01 1.000000000000000000e+00
-3.003499999999999837e+00 1.000000000000000048e-04 1.178965239381741248e-01 1.000000000000000000e+00
-3.002749999999999808e+00 1.000000000000000048e-04 1.179232627274265921e-01 1.000000000000000000e+00
-3.001999999999999780e+00 1.000000000000000048e-04 1.179500091795566419e-01 1.000000000000000000e+00
-3.001249999999999751e+00 1.000000000000000048e-04 1.179767632981302550e-01 1.000000000000000000e+00
-3.000499999999999723e+00 1.000000000000000048e-04 1.180035250867158825e-01 1.000000000000000000e+00
-2.999750000000000139e+00 1.000000000000000048e-04 1.180302945488838212e-01 1.000000000000000000e+00
-2.999000000000000110e+00 1.000000000000000048e-04 1.180570716882068105e-01 1.000000000000000000e+00
-2.998250000000000082e+00 1.000000000000000048e-04 1.180838565082595742e-01 1.000000000000000000e+00
-2.997500000000000053e+00 1.000000000000000048e-04 1.181106490126189179e-01 1.000000000000000000e+00
-2.996750000000000025e+00 1.000000000000000048e-04 1.181374492048640062e-01 1.000000000000000000e+00
-2.995999999999999996e+00 1.000000000000000048e-04 1.181642570885760163e-01 1.000000000000000000e+00
-2.995249999999999968e+00 1.000000000000000048e-04 1.181910726673383732e-01 1.000000000000000000e+00
-2.994499999999999940e+00 1.000000000000000048e-04 1.182178959447365285e-01 1.000000000000000000e+00
-2.993749999999999911e+00 1.000000000000000048e-04 1.182447269243581955e-01 1.000000000000000000e+00
-2.992999999999999883e+00 1.000000000000000048e-04 1.182715656097931695e-01 1.000000000000000000e+00
-2.992249999999999854e+00 1.000000000000000048e-04 1.182984120046335352e-01 1.000000000000000000e+00
-2.991499999999999826e+00 1.000000000000000048e-04 1.183252661124733762e-01 1.000000000000000000e+00
-2.990749999999999797e+00 1.000000000000000048e-04 1.183521279369090101e-01 1.000000000000000000e+00
-2.989999999999999769e+00 1.000000000000000048e-04 1.183789974815389473e-01 1.000000000000000000e+00
-2.989249999999999741e+00 1.000000000000000048e-04 1.184058747499637521e-01 1.000000000000000000e+00
-2.988500000000000156e+00 1.000000000000000048e-04 1.184327597457862785e-01 1.000000000000000000e+00
-2.987750000000000128e+00 1.000000000000000048e-04 1.184596524726114070e-01 1.000000000000000000e+00
-2.987000000000000099e+00 1.000000000000000048e-04 1.184865529340463769e-01 1.000000000000000000e+00
-2.986250000000000071e+00 1.000000000000000048e-04 1.185134611337003985e-01 1.000000000000000000e+00
-2.985500000000000043e+00 1.000000000000000048e-04 1.185403770751848884e-01 1.000000000000000000e+00
-2.984750000000000014e+00 1.000000000000000048e-04 1.185673007621134700e-01 1.000000000000000000e+00
-2.983999999999999986e+00 1.000000000000000048e-04 1.185942321981018760e-01 1.000000000000000000e+00
-2.983249999999999957e+00 1.000000000000000048e-04 1.186211713867681289e-01 1.000000000000000000e+00
-2.982499999999999929e+00 1.000000000000000048e-04 1.186481183317322774e-01 1.000000000000000000e+00
-2.981749999999999901e+00 1.000000000000000048e-04 1.186750730366166601e-01 1.000000000000000000e+00
-2.980999999999999872e+00 1.000000000000000048e-04 1.187020355050456139e-01 1.000000000000000000e+00
-2.980249999999999844e+00 1.000000000000000048e-04 1.187290057406458071e-01 1.000000000000000000e+00
-2.979499999999999815e+00 1.000000000000000048e-04 1.187559837470459623e-01 1.000000000000000000e+00
-2.978749999999999787e+00 1.000000000000000048e-04 1.187829695278769943e-01 1.000000000000000000e+00
-2.977999999999999758e+00 1.000000000000000048e-04 1.188099630867722051e-01 1.000000000000000000e+00
-2.977250000000000174e+00 1.000000000000000048e-04 1.188369644273666731e-01 1.000000000000000000e+00
-2.976500000000000146e+00 1.000000000000000048e-04 1.188639735532979469e-01 1.000000000000000000e+00
-2.975750000000000117e+00 1.000000000000000048e-04 1.188909904682056567e-01 1.000000000000000000e+00
-2.975000000000000089e+00 1.000000000000000048e-04 1.189180151757315979e-01 1.000000000000000000e+00
-2.974250000000000060e+00 1.000000000000000048e-04 1.189450476795196887e-01 1.000000000000000000e+00
-2.973500000000000032e+00 1.000000000000000048e-04 1.189720879832161515e-01 1.000000000000000000e+00
-2.972750000000000004e+00 1.000000000000000048e-04 1.189991360904692763e-01 1.000000000000000000e+00
-2.971999999999999975e+00 1.000000000000000048e-04 1.190261920049295735e-01 1.000000000000000000e+00
-2.971249999999999947e+00 1.000000000000000048e-04 1.190532557302497324e-01 1.000000000000000000e+00
-2.970499999999999918e+00 1.000000000000000048e-04 1.190803272700845239e-01 1.000000000000000000e+00
-2.969749999999999890e+00 1.000000000000000048e-04 1.191074066280910504e-01 1.000000000000000000e+00
-2.968999999999999861e+00 1.000000000000000048e-04 1.191344938079285098e-01 1.000000000000000000e+00
-2.968249999999999833e+00 1.000000000000000048e-04 1.191615888132582513e-01 1.000000000000000000e+00
-2.967499999999999805e+00 1.000000000000000048e-04 1.191886916477438718e-01 1.000000000000000000e+00
-2.966749999999999776e+00 1.000000000000000048e-04 1.192158023150510504e-01 1.000000000000000000e+00
-2.965999999999999748e+00 1.000000000000000048e-04 1.192429208188478390e-01 1.000000000000000000e+00
-2.965250000000000163e+00 1.000000000000000048e-04 1.192700471628042186e-01 1.000000000000000000e+00
-2.964500000000000135e+00 1.000000000000000048e-04 1.192971813505925294e-01 1.000000000000000000e+00
-2.963750000000000107e+00 1.000000000000000048e-04 1.193243233858871793e-01 1.000000000000000000e+00
-2.963000000000000078e+00 1.000000000000000048e-04 1.193514732723648941e-01 1.000000000000000000e+00
-2.962250000000000050e+00 1.000000000000000048e-04 1.193786310137045226e-01 1.000000000000000000e+00
-2.961500000000000021e+00 1.000000000000000048e-04 1.194057966135869814e-01 1.000000000000000000e+00
-2.960749999999999993e+00 1.000000000000000048e-04 1.194329700756955603e-01 1.000000000000000000e+00
-2.959999999999999964e+00 1.000000000000000048e-04 1.194601514037155615e-01 1.000000000000000000e+00
-2.959249999999999936e+00 1.000000000000000048e-04 1.194873406013346323e-01 1.000000000000000000e+00
-2.958499999999999908e+00 1.000000000000000048e-04 1.195145376722425018e-01 1.000000000000000000e+00
-2.957749999999999879e+00 1.000000000000000048e-04 1.195417426201311056e-01 1.000000000000000000e+00
-2.956999999999999851e+00 1.000000000000000048e-04 1.195689554486945860e-01 1.000000000000000000e+00
-2.956249999999999822e+00 1.000000000000000048e-04 1.195961761616293056e-01 1.000000000000000000e+00
-2.955499999999999794e+00 1.000000000000000048e-04 1.196234047626336811e-01 1.000000000000000000e+00
-2.954749999999999766e+00 1.000000000000000048e-04 1.196506412554084742e-01 1.000000000000000000e+00
-2.953999999999999737e+00 1.000000000000000048e-04 1.196778856436566119e-01 1.000000000000000000e+00
-2.953250000000000153e+00 1.000000000000000048e-04 1.197051379310830471e-01 1.000000000000000000e+00
-2.952500000000000124e+00 1.000000000000000048e-04 1.197323981213951477e-01 1.000000000000000000e+00
-2.951750000000000096e+00 1.000000000000000048e-04 1.197596662183023769e-01 1.000000000000000000e+00
-2.951000000000000068e+00 1.000000000000000048e-04 1.197869422255163352e-01 1.000000000000000000e+00
-2.950250000000000039e+00 1.000000000000000048e-04 1.198142261467509406e-01 1.000000000000000000e+00
-2.949500000000000011e+00 1.000000000000000048e-04 1.198415179857221513e-01 1.000000000000000000e+00
-2.948749999999999982e+00 1.000000000000000048e-04 1.198688177461482290e-01 1.000000000000000000e+00
-2.947999999999999954e+00 1.000000000000000048e-04 1.198961254317496561e-01 1.000000000000000000e+00
-2.947249999999999925e+00 1.000000000000000048e-04 1.199234410462490102e-01 1.000000000000000000e+00
-2.946499999999999897e+00 1.000000000000000048e-04 1.199507645933710481e-01 1.000000000000000000e+00
-2.945749999999999869e+00 1.000000000000000048e-04 1.199780960768429411e-01 1.000000000000000000e+00
-2.944999999999999840e+00 1.000000000000000048e-04 1.200054355003937201e-01 1.000000000000000000e+00
-2.944249999999999812e+00 1.000000000000000048e-04 1.200327828677549419e-01 1.000000000000000000e+00
-2.943499999999999783e+00 1.000000000000000048e-04 1.200601381826601616e-01 1.000000000000000000e+00
-2.942749999999999755e+00 1.000000000000000048e-04 1.200875014488451131e-01 1.000000000000000000e+00
-2.942000000000000171e+00 1.000000000000000048e-04 1.201148726700478481e-01 1.000000000000000000e+00
-2.941250000000000142e+00 1.000000000000000048e-04 1.201422518500086245e-01 1.000000000000000000e+00
-2.940500000000000114e+00 1.000000000000000048e-04 1.201696389924697961e-01 1.000000000000000000e+00
-2.939750000000000085e+00 1.000000000000000048e-04 1.201970341011759508e-01 1.000000000000000000e+00
-2.939000000000000057e+00 1.000000000000000048e-04 1.202244371798739386e-01 1.000000000000000000e+00
-2.938250000000000028e+00 1.000000000000000048e-04 1.202518482323127330e-01 1.000000000000000000e+00
-2.937500000000000000e+00 1.000000000000000048e-04 1.202792672622435277e-01 1.000000000000000000e+00
-2.936749999999999972e+00 1.000000000000000048e-04 1.203066942734197925e-01 1.000000000000000000e+00
-2.935999999999999943e+00 1.000000000000000048e-04 1.203341292695970788e-01 1.000000000000000000e+00
-2.935249999999999915e+00 1.000000000000000048e-04 1.203615722545332140e-01 1.000000000000000000e+00
-2.934499999999999886e+00 1.000000000000000048e-04 1.203890232319882597e-01 1.000000000000000000e+00
-2.933749999999999858e+00 1.000000000000000048e-04 1.204164822057244288e-01 1.000000000000000000e+00
-2.932999999999999829e+00 1.000000000000000048e-04 1.204439491795061268e-01 1.000000000000000000e+00
-2.932249999999999801e+00 1.000000000000000048e-04 1.204714241570999517e-01 1.000000000000000000e+00
-2.931499999999999773e+00 1.000000000000000048e-04 1.204989071422748748e-01 1.000000000000000000e+00
-2.930749999999999744e+00 1.000000000000000048e-04 1.205263981388018518e-01 1.000000000000000000e+00
-2.930000000000000160e+00 1.000000000000000048e-04 1.205538971504541007e-01 1.000000000000000000e+00
-2.929250000000000131e+00 1.000000000000000048e-04 1.205814041810072401e-01 1.000000000000000000e+00
-2.928500000000000103e+00 1.000000000000000048e-04 1.206089192342388039e-01 1.000000000000000000e+00
-2.927750000000000075e+00 1.000000000000000048e-04 1.206364423139287545e-01 1.000000000000000000e+00
-2.927000000000000046e+00 1.000000000000000048e-04 1.206639734238591083e-01 1.000000000000000000e+00
-2.926250000000000018e+00 1.000000000000000048e-04 1.206915125678142131e-01 1.000000000000000000e+00
-2.925499999999999989e+00 1.000000000000000048e-04 1.207190597495806095e-01 1.000000000000000000e+00
-2.924749999999999961e+00 1.000000000000000048e-04 1.207466149729469751e-01 1.000000000000000000e+00
-2.923999999999999932e+00 1.000000000000000048e-04 1.207741782417042220e-01 1.000000000000000000e+00
-2.923249999999999904e+00 1.000000000000000048e-04 1.208017495596455798e-01 1.000000000000000000e+00
-2.922499999999999876e+00 1.000000000000000048e-04 1.208293289305663737e-01 1.000000000000000000e+00
-2.921749999999999847e+00 1.000000000000000048e-04 1.208569163582641215e-01 1.000000000000000000e+00
-2.920999999999999819e+00 1.000000000000000048e-04 1.208845118465386448e-01 1.000000000000000000e+00
-2.920249999999999790e+00 1.000000000000000048e-04 1.209121153991919578e-01 1.000000000000000000e+00
-2.919499999999999762e+00 1.000000000000000048e-04 1.209397270200282398e-01 1.000000000000000000e+00
-2.918750000000000178e+00 1.000000000000000048e-04 1.209673467128539459e-01 1.000000000000000000e+00
-2.918000000000000149e+00 1.000000000000000048e-04 1.209949744814777239e-01 1.000000000000000000e+00
-2.917250000000000121e+00 1.000000000000000048e-04 1.210226103297104006e-01 1.000000000000000000e+00
-2.916500000000000092e+00 1.000000000000000048e-04 1.210502542613650784e-01 1.000000000000000000e+00
-2.915750000000000064e+00 1.000000000000000048e-04 1.210779062802570111e-01 1.000000000000000000e+00
-2.915000000000000036e+00 1.000000000000000048e-04 1.211055663902037560e-01 1.000000000000000000e+00
-2.914250000000000007e+00 1.000000000000000048e-04 1.211332345950250078e-01 1.000000000000000000e+00
-2.913499999999999979e+00 1.000000000000000048e-04 1.211609108985426814e-01 1.000000000000000000e+00
-2.912749999999999950e+00 1.000000000000000048e-04 1.211885953045810094e-01 1.000000000000000000e+00
-2.911999999999999922e+00 1.000000000000000048e-04 1.212162878169663199e-01 1.000000000000000000e+00
-2.911249999999999893e+00 1.000000000000000048e-04 1.212439884395271616e-01 1.000000000000000000e+00
-2.910499999999999865e+00 1.000000000000000048e-04 1.212716971760944840e-01 1.000000000000000000e+00
-2.909749999999999837e+00 1.000000000000000048e-04 1.212994140305012486e-01 1.000000000000000000e+00
-2.908999999999999808e+00 1.000000000000000048e-04 1.213271390065826794e-01 1.000000000000000000e+00
-2.908249999999999780e+00 1.000000000000000048e-04 1.213548721081762621e-01 1.000000000000000000e+00
-2.907499999999999751e+00 1.000000000000000048e-04 1.213826133391218004e-01 1.000000000000000000e+00
-2.906750000000000167e+00 1.000000000000000048e-04 1.214103627032611377e-01 1.000000000000000000e+00
-2.906000000000000139e+00 1.000000000000000048e-04 1.214381202044384211e-01 1.000000000000000000e+00
-2.905250000000000110e+00 1.000000000000000048e-04 1.214658858465000046e-01 1.000000000000000000e+00
-2.904500000000000082e+00 1.000000000000000048e-04 1.214936596332945595e-01 1.000000000000000000e+00
-2.903750000000000053e+00 1.000000000000000048e-04 1.215214415686727972e-01 1.000000000000000000e+00
-2.903000000000000025e+00 1.000000000000000048e-04 1.215492316564878439e-01 1.000000000000000000e+00
-2.902249999999999996e+00 1.000000000000000048e-04 1.215770299005948796e-01 1.000000000000000000e+00
-2.901499999999999968e+00 1.000000000000000048e-04 1.216048363048514991e-01 1.000000000000000000e+00
-2.900749999999999940e+00 1.000000000000000048e-04 1.216326508731172540e-01 1.000000000000000000e+00
-2.899999999999999911e+00 1.000000000000000048e-04 1.216604736092542771e-01 1.000000000000000000e+00
-2.899249999999999883e+00 1.000000000000000048e-04 1.216883045171265471e-01 1.000000000000000000e+00
-2.898499999999999854e+00 1.000000000000000048e-04 1.217161436006006237e-01 1.000000000000000000e+00
-2.897749999999999826e+00 1.000000000000000048e-04 1.217439908635449958e-01 1.000000000000000000e+00
-2.896999999999999797e+00 1.000000000000000048e-04 1.217718463098305948e-01 1.000000000000000000e+00
-2.896249999999999769e+00 1.000000000000000048e-04 1.217997099433304059e-01 1.000000000000000000e+00
-2.895499999999999741e+00 1.000000000000000048e-04 1.218275817679197737e-01 1.000000000000000000e+00
-2.894750000000000156e+00 1.000000000000000048e-04 1.218554617874762352e-01 1.000000000000000000e+00
-2.894000000000000128e+00 1.000000000000000048e-04 1.218833500058796038e-01 1.000000000000000000e+00
-2.893250000000000099e+00 1.000000000000000048e-04 1.219112464270117324e-01 1.000000000000000000e+00
-2.892500000000000071e+00 1.000000000000000048e-04 1.219391510547569168e-01 1.000000000000000000e+00
-2.891750000000000043e+00 1.000000000000000048e-04 1.219670638930016454e-01 1.000000000000000000e+00
-2.891000000000000014e+00 1.000000000000000048e-04 1.219949849456345575e-01 1.000000000000000000e+00
-2.890249999999999986e+00 1.000000000000000048e-04 1.220229142165464714e-01 1.000000000000000000e+00
-2.889499999999999957e+00 1.000000000000000048e-04 1.220508517096306200e-01 1.000000000000000000e+00
-2.888749999999999929e+00 1.000000000000000048e-04 1.220787974287823735e-01 1.000000000000000000e+00
-2.887999999999999901e+00 1.000000000000000048e-04 1.221067513778993086e-01 1.000000000000000000e+00
-2.887249999999999872e+00 1.000000000000000048e-04 1.221347135608812640e-01 1.000000000000000000e+00
-2.886499999999999844e+00 1.000000000000000048e-04 1.221626839816302851e-01 1.000000000000000000e+00
-2.885749999999999815e+00 1.000000000000000048e-04 1.221906626440506655e-01 1.000000000000000000e+00
-2.884999999999999787e+00 1.000000000000000048e-04 1.222186495520490024e-01 1.000000000000000000e+00
-2.884249999999999758e+00 1.000000000000000048e-04 1.222466447095339748e-01 1.000000000000000000e+00
-2.883500000000000174e+00 1.000000000000000048e-04 1.222746481204165930e-01 1.000000000000000000e+00
-2.882750000000000146e+00 1.000000000000000048e-04 1.223026597886101713e-01 1.000000000000000000e+00
-2.882000000000000117e+00 1.000000000000000048e-04 1.223306797180300637e-01 1.000000000000000000e+00
-2.881250000000000089e+00 1.000000000000000048e-04 1.223587079125940391e-01 1.000000000000000000e+00
-2.880500000000000060e+00 1.000000000000000048e-04 1.223867443762220314e-01 1.000000000000000000e+00
-2.879750000000000032e+00 1.000000000000000048e-04 1.224147891128362226e-01 1.000000000000000000e+00
-2.879000000000000004e+00 1.000000000000000048e-04 1.224428421263609873e-01 1.000000000000000000e+00
-2.878249999999999975e+00 1.000000000000000048e-04 1.224709034207228930e-01 1.000000000000000000e+00
-2.877499999999999947e+00 1.000000000000000048e-04 1.224989729998509774e-01 1.000000000000000000e+00
-2.876749999999999918e+00 1.000000000000000048e-04 1.225270508676762626e-01 1.000000000000000000e+00
-2.875999999999999890e+00 1.000000000000000048e-04 1.225551370281320884e-01 1.000000000000000000e+00
-2.875249999999999861e+00 1.000000000000000048e-04 1.225832314851541260e-01 1.000000000000000000e+00
-2.874499999999999833e+00 1.000000000000000048e-04 1.226113342426801284e-01 1.000000000000000000e+00
-2.873749999999999805e+00 1.000000000000000048e-04 1.226394453046501937e-01 1.000000000000000000e+00
-2.872999999999999776e+00 1.000000000000000048e-04 1.226675646750065990e-01 1.000000000000000000e+00
-2.872249999999999748e+00 1.000000000000000048e-04 1.226956923576939529e-01 1.000000000000000000e+00
-2.871500000000000163e+00 1.000000000000000048e-04 1.227238283566589039e-01 1.000000000000000000e+00
-2.870750000000000135e+00 1.000000000000000048e-04 1.227519726758506124e-01 1.000000000000000000e+00
-2.870000000000000107e+00 1.000000000000000048e-04 1.227801253192203068e-01 1.000000000000000000e+00
-2.869250000000000078e+00 1.000000000000000048e-04 1.228082862907214495e-01 1.000000000000000000e+00
-2.868500000000000050e+00 1.000000000000000048e-04 1.228364555943097791e-01 1.000000000000000000e+00
-2.867750000000000021e+00 1.000000000000000048e-04 1.228646332339432407e-01 1.000000000000000000e+00
-2.866999999999999993e+00 1.000000000000000048e-04 1.228928192135821384e-01 1.000000000000000000e+00
-2.866249999999999964e+00 1.000000000000000048e-04 1.229210135371889140e-01 1.000000000000000000e+00
-2.865499999999999936e+00 1.000000000000000048e-04 1.229492162087282570e-01 1.000000000000000000e+00
-2.864749999999999908e+00 1.000000000000000048e-04 1.229774272321670775e-01 1.000000000000000000e+00
-2.863999999999999879e+00 1.000000000000000048e-04 1.230056466114745478e-01 1.000000000000000000e+00
-2.863249999999999851e+00 1.000000000000000048e-04 1.230338743506221577e-01 1.000000000000000000e+00
-2.862499999999999822e+00 1.000000000000000048e-04 1.230621104535835203e-01 1.000000000000000000e+00
-2.861749999999999794e+00 1.000000000000000048e-04 1.230903549243346495e-01 1.000000000000000000e+00
-2.860999999999999766e+00 1.000000000000000048e-04 1.231186077668535300e-01 1.000000000000000000e+00
-2.860249999999999737e+00 1.000000000000000048e-04 1.231468689851207138e-01 1.000000000000000000e+00
-2.859500000000000153e+00 1.000000000000000048e-04 1.231751385831187373e-01 1.000000000000000000e+00
-2.858750000000000124e+00 1.000000000000000048e-04 1.232034165648324686e-01 1.000000000000000000e+00
-2.858000000000000096e+00 1.000000000000000048e-04 1.232317029342491627e-01 1.000000000000000000e+00
-2.857250000000000068e+00 1.000000000000000048e-04 1.232599976953580589e-01 1.000000000000000000e+00
-2.856500000000000039e+00 1.000000000000000048e-04 1.232883008521508394e-01 1.000000000000000000e+00
-2.855750000000000011e+00 1.000000000000000048e-04 1.233166124086212956e-01 1.000000000000000000e+00
-2.854999999999999982e+00 1.000000000000000048e-04 1.233449323687656196e-01 1.000000000000000000e+00
-2.854249999999999954e+00 1.000000000000000048e-04 1.233732607365820577e-01 1.000000000000000000e+00
-2.853499999999999925e+00 1.000000000000000048e-04 1.234015975160712847e-01 1.000000000000000000e+00
-2.852749999999999897e+00 1.000000000000000048e-04 1.234299427112360847e-01 1.000000000000000000e+00
-2.851999999999999869e+00 1.000000000000000048e-04 1.234582963260815458e-01 1.000000000000000000e+00
-2.851249999999999840e+00 1.000000000000000048e-04 1.234866583646149901e-01 1.000000000000000000e+00
-2.850499999999999812e+00 1.000000000000000048e-04 1.235150288308460298e-01 1.000000000000000000e+00
-2.849749999999999783e+00 1.000000000000000048e-04 1.235434077287864280e-01 1.000000000000000000e+00
-2.848999999999999755e+00 1.000000000000000048e-04 1.235717950624502376e-01 1.000000000000000000e+00
-2.848250000000000171e+00 1.000000000000000048e-04 1.236001908358538293e-01 1.000000000000000000e+00
-2.847500000000000142e+00 1.000000000000000048e-04 1.236285950530157107e-01 1.000000000000000000e+00
-2.846750000000000114e+00 1.000000000000000048e-04 1.236570077179567212e-01 1.000000000000000000e+00
-2.846000000000000085e+00 1.000000000000000048e-04 1.236854288346999065e-01 1.000000000000000000e+00
-2.845250000000000057e+00 1.000000000000000048e-04 1.237138584072705050e-01 1.000000000000000000e+00
-2.844500000000000028e+00 1.000000000000000048e-04 1.237422964396960728e-01 1.000000000000000000e+00
-2.843750000000000000e+00 1.000000000000000048e-04 1.237707429360064976e-01 1.000000000000000000e+00
-2.842999999999999972e+00 1.000000000000000048e-04 1.237991979002336790e-01 1.000000000000000000e+00
-2.842249999999999943e+00 1.000000000000000048e-04 1.238276613364120149e-01 1.000000000000000000e+00
-2.841499999999999915e+00 1.000000000000000048e-04 1.238561332485779570e-01 1.000000000000000000e+00
-2.840749999999999886e+00 1.000000000000000048e-04 1.238846136407703580e-01 1.000000000000000000e+00
-2.839999999999999858e+00 1.000000000000000048e-04 1.239131025170300826e-01 1.000000000000000000e+00
-2.839249999999999829e+00 1.000000000000000048e-04 1.239415998814006742e-01 1.000000000000000000e+00
-2.838499999999999801e+00 1.000000000000000048e-04 1.239701057379274662e-01 1.000000000000000000e+00
-2.837749999999999773e+00 1.000000000000000048e-04 1.239986200906581931e-01 1.000000000000000000e+00
-2.836999999999999744e+00 1.000000000000000048e-04 1.240271429436430595e-01 1.000000000000000000e+00
-2.836250000000000160e+00 1.000000000000000048e-04 1.240556743009341573e-01 1.000000000000000000e+00
-2.835500000000000131e+00 1.000000000000000048e-04 1.240842141665860765e-01 1.000000000000000000e+00
-2.834750000000000103e+00 1.000000000000000048e-04 1.241127625446556138e-01 1.000000000000000000e+00
-2.834000000000000075e+00 1.000000000000000048e-04 1.241413194392017860e-01 1.000000000000000000e+00
-2.833250000000000046e+00 1.000000000000000048e-04 1.241698848542857753e-01 1.000000000000000000e+00
-2.832500000000000018e+00 1.000000000000000048e-04 1.241984587939711920e-01 1.000000000000000000e+00
-2.831749999999999989e+00 1.000000000000000048e-04 1.242270412623238396e-01 1.000000000000000000e+00
-2.830999999999999961e+00 1.000000000000000048e-04 1.242556322634114918e-01 1.000000000000000000e+00
-2.830249999999999932e+00 1.000000000000000048e-04 1.242842318013046704e-01 1.000000000000000000e+00
-2.829499999999999904e+00 1.000000000000000048e-04 1.243128398800757567e-01 1.000000000000000000e+00
-2.828749999999999876e+00 1.000000000000000048e-04 1.243414565037995745e-01 1.000000000000000000e+00
-2.827999999999999847e+00 1.000000000000000048e-04 1.243700816765531403e-01 1.000000000000000000e+00
-2.827249999999999819e+00 1.000000000000000048e-04 1.243987154024156078e-01 1.000000000000000000e+00
-2.826499999999999790e+00 1.000000000000000048e-04 1.244273576854686009e-01 1.000000000000000000e+00
-2.825749999999999762e+00 1.000000000000000048e-04 1.244560085297958668e-01 1.000000000000000000e+00
-2.824999999999999734e+00 1.000000000000000048e-04 1.244846679394833733e-01 1.000000000000000000e+00
-2.824250000000000149e+00 1.000000000000000048e-04 1.245133359186194194e-01 1.000000000000000000e+00
-2.823500000000000121e+00 1.000000000000000048e-04 1.245420124712944832e-01 1.000000000000000000e+00
-2.822750000000000092e+00 1.000000000000000048e-04 1.245706976016013601e-01 1.000000000000000000e+00
-2.822000000000000064e+00 1.000000000000000048e-04 1.245993913136350661e-01 1.000000000000000000e+00
-2.821250000000000036e+00 1.000000000000000048e-04 1.246280936114928795e-01 1.000000000000000000e+00
-2.820500000000000007e+00 1.000000000000000048e-04 1.246568044992742430e-01 1.000000000000000000e+00
-2.819749999999999979e+00 1.000000000000000048e-04 1.246855239810810284e-01 1.000000000000000000e+00
-2.818999999999999950e+00 1.000000000000000048e-04 1.247142520610171335e-01 1.000000000000000000e+00
-2.818249999999999922e+00 1.000000000000000048e-04 1.247429887431889262e-01 1.000000000000000000e+00
-2.817499999999999893e+00 1.000000000000000048e-04 1.247717340317048562e-01 1.000000000000000000e+00
-2.816749999999999865e+00 1.000000000000000048e-04 1.248004879306757048e-01 1.000000000000000000e+00
-2.815999999999999837e+00 1.000000000000000048e-04 1.248292504442145290e-01 1.000000000000000000e+00
-2.815249999999999808e+00 1.000000000000000048e-04 1.248580215764366064e-01 1.000000000000000000e+00
-2.814499999999999780e+00 1.000000000000000048e-04 1.248868013314593378e-01 1.000000000000000000e+00
-2.813749999999999751e+00 1.000000000000000048e-04 1.249155897134026222e-01 1.000000000000000000e+00
-2.813000000000000167e+00 1.000000000000000048e-04 1.249443867263884123e-01 1.000000000000000000e+00
-2.812250000000000139e+00 1.000000000000000048e-04 1.249731923745410478e-01 1.000000000000000000e+00
-2.811500000000000110e+00 1.000000000000000048e-04 1.250020066619869918e-01 1.000000000000000000e+00
-2.810750000000000082e+00 1.000000000000000048e-04 1.250308295928549973e-01 1.000000000000000000e+00
-2.810000000000000053e+00 1.000000000000000048e-04 1.250596611712762318e-01 1.000000000000000000e+00
-2.809250000000000025e+00 1.000000000000000048e-04 1.250885014013837504e-01 1.000000000000000000e+00
-2.808499999999999996e+00 1.000000000000000048e-04 1.251173502873132726e-01 1.000000000000000000e+00
-2.807749999999999968e+00 1.000000000000000048e-04 1.251462078332024608e-01 1.000000000000000000e+00
-2.806999999999999940e+00 1.000000000000000048e-04 1.251750740431914199e-01 1.000000000000000000e+00
-2.806249999999999911e+00 1.000000000000000048e-04 1.252039489214223922e-01 1.000000000000000000e+00
-2.805499999999999883e+00 1.000000000000000048e-04 1.252328324720398678e-01 1.000000000000000000e+00
-2.804749999999999854e+00 1.000000000000000048e-04 1.252617246991906963e-01 1.000000000000000000e+00
-2.803999999999999826e+00 1.000000000000000048e-04 1.252906256070238644e-01 1.000000000000000000e+00
-2.803249999999999797e+00 1.000000000000000048e-04 1.253195351996906348e-01 1.000000000000000000e+00
-2.802499999999999769e+00 1.000000000000000048e-04 1.253484534813446016e-01 1.000000000000000000e+00
-2.801749999999999741e+00 1.000000000000000048e-04 1.253773804561415239e-01 1.000000000000000000e+00
-2.801000000000000156e+00 1.000000000000000048e-04 1.254063161282393812e-01 1.000000000000000000e+00
-2.800250000000000128e+00 1.000000000000000048e-04 1.254352605017985123e-01 1.000000000000000000e+00
-2.799500000000000099e+00 1.000000000000000048e-04 1.254642135809815318e-01 1.000000000000000000e+00
-2.798750000000000071e+00 1.000000000000000048e-04 1.254931753699529973e-01 1.000000000000000000e+00
-2.798000000000000043e+00 1.000000000000000048e-04 1.255221458728801587e-01 1.000000000000000000e+00
-2.797250000000000014e+00 1.000000000000000048e-04 1.255511250939321810e-01 1.000000000000000000e+00
-2.796499999999999986e+00 1.000000000000000048e-04 1.255801130372806718e-01 1.000000000000000000e+00
-2.795749999999999957e+00 1.000000000000000048e-04 1.256091097070992924e-01 1.000000000000000000e+00
-2.794999999999999929e+00 1.000000000000000048e-04 1.256381151075642300e-01 1.000000000000000000e+00
-2.794249999999999901e+00 1.000000000000000048e-04 1.256671292428537257e-01 1.000000000000000000e+00
-2.793499999999999872e+00 1.000000000000000048e-04 1.256961521171482132e-01 1.000000000000000000e+00
-2.792749999999999844e+00 1.000000000000000048e-04 1.257251837346305134e-01 1.000000000000000000e+00
-2.791999999999999815e+00 1.000000000000000048e-04 1.257542240994857785e-01 1.000000000000000000e+00
-2.791249999999999787e+00 1.000000000000000048e-04 1.257832732159011591e-01 1.000000000000000000e+00
-2.790499999999999758e+00 1.000000000000000048e-04 1.258123310880662205e-01 1.000000000000000000e+00
-2.789750000000000174e+00 1.000000000000000048e-04 1.258413977201727485e-01 1.000000000000000000e+00
-2.789000000000000146e+00 1.000000000000000048e-04 1.258704731164147494e-01 1.000000000000000000e+00
-2.788250000000000117e+00 1.000000000000000048e-04 1.258995572809885610e-01 1.000000000000000000e+00
-2.787500000000000089e+00 1.000000000000000048e-04 1.259286502180926581e-01 1.000000000000000000e+00
-2.786750000000000060e+00 1.000000000000000048e-04 1.259577519319278194e-01 1.000000000000000000e+00
-2.786000000000000032e+00 1.000000000000000048e-04 1.259868624266970161e-01 1.000000000000000000e+00
-2.785250000000000004e+00 1.000000000000000048e-04 1.260159817066056342e-01 1.000000000000000000e+00
-2.784499999999999975e+00 1.000000000000000048e-04 1.260451097758611416e-01 1.000000000000000000e+00
-2.783749999999999947e+00 1.000000000000000048e-04 1.260742466386732541e-01 1.000000000000000000e+00
-2.782999999999999918e+00 1.000000000000000048e-04 1.261033922992540190e-01 1.000000000000000000e+00
-2.782249999999999890e+00 1.000000000000000048e-04 1.261325467618177598e-01 1.000000000000000000e+00
-2.781499999999999861e+00 1.000000000000000048e-04 1.261617100305809092e-01 1.000000000000000000e+00
-2.780749999999999833e+00 1.000000000000000048e-04 1.261908821097622313e-01 1.000000000000000000e+00
-2.779999999999999805e+00 1.000000000000000048e-04 1.262200630035827387e-01 1.000000000000000000e+00
-2.779249999999999776e+00 1.000000000000000048e-04 1.262492527162656641e-01 1.000000000000000000e+00
-2.778499999999999748e+00 1.000000000000000048e-04 1.262784512520366276e-01 1.000000000000000000e+00
-2.777750000000000163e+00 1.000000000000000048e-04 1.263076586151231639e-01 1.000000000000000000e+00
-2.777000000000000135e+00 1.000000000000000048e-04 1.263368748097554450e-01 1.000000000000000000e+00
-2.776250000000000107e+00 1.000000000000000048e-04 1.263660998401655577e-01 1.000000000000000000e+00
-2.775500000000000078e+00 1.000000000000000048e-04 1.263953337105881147e-01 1.000000000000000000e+00
-2.774750000000000050e+00 1.000000000000000048e-04 1.264245764252598103e-01 1.000000000000000000e+00
-2.774000000000000021e+00 1.000000000000000048e-04 1.264538279884195315e-01 1.000000000000000000e+00
-2.773249999999999993e+00 1.000000000000000048e-04 1.264830884043086079e-01 1.000000000000000000e+00
-2.772499999999999964e+00 1.000000000000000048e-04 1.265123576771704228e-01 1.000000000000000000e+00
-2.771749999999999936e+00 1.000000000000000048e-04 1.265416358112507467e-01 1.000000000000000000e+00
-2.770999999999999908e+00 1.000000000000000048e-04 1.265709228107974871e-01 1.000000000000000000e+00
-2.770249999999999879e+00 1.000000000000000048e-04 1.266002186800608553e-01 1.000000000000000000e+00
-2.769499999999999851e+00 1.000000000000000048e-04 1.266295234232932831e-01 1.000000000000000000e+00
-2.768749999999999822e+00 1.000000000000000048e-04 1.266588370447494782e-01 1.000000000000000000e+00
-2.767999999999999794e+00 1.000000000000000048e-04 1.266881595486863965e-01 1.000000000000000000e+00
-2.767249999999999766e+00 1.000000000000000048e-04 1.267174909393631310e-01 1.000000000000000000e+00
-2.766499999999999737e+00 1.000000000000000048e-04 1.267468312210411063e-01 1.000000000000000000e+00
-2.765750000000000153e+00 1.000000000000000048e-04 1.267761803979840229e-01 1.000000000000000000e+00
-2.765000000000000124e+00 1.000000000000000048e-04 1.268055384744577740e-01 1.000000000000000000e+00
-2.764250000000000096e+00 1.000000000000000048e-04 1.268349054547305010e-01 1.000000000000000000e+00
-2.763500000000000068e+00 1.000000000000000048e-04 1.268642813430725935e-01 1.000000000000000000e+00
-2.762750000000000039e+00 1.000000000000000048e-04 1.268936661437566615e-01 1.000000000000000000e+00
-2.762000000000000011e+00 1.000000000000000048e-04 1.269230598610575911e-01 1.000000000000000000e+00
-2.761249999999999982e+00 1.000000000000000048e-04 1.269524624992524053e-01 1.000000000000000000e+00
-2.760499999999999954e+00 1.000000000000000048e-04 1.269818740626205977e-01 1.000000000000000000e+00
-2.759749999999999925e+00 1.000000000000000048e-04 1.270112945554436323e-01 1.000000000000000000e+00
-2.758999999999999897e+00 1.000000000000000048e-04 1.270407239820053880e-01 1.000000000000000000e+00
-2.758249999999999869e+00 1.000000000000000048e-04 1.270701623465919916e-01 1.000000000000000000e+00
-2.757499999999999840e+00 1.000000000000000048e-04 1.270996096534916520e-01 1.000000000000000000e+00
-2.756749999999999812e+00 1.000000000000000048e-04 1.271290659069949369e-01 1.000000000000000000e+00
-2.755999999999999783e+00 1.000000000000000048e-04 1.271585311113946903e-01 1.000000000000000000e+00
-2.755249999999999755e+00 1.000000000000000048e-04 1.271880052709858655e-01 1.000000000000000000e+00
-2.754500000000000171e+00 1.000000000000000048e-04 1.272174883900657472e-01 1.000000000000000000e+00
-2.753750000000000142e+00 1.000000000000000048e-04 1.272469804729338960e-01 1.000000000000000000e+00
-2.753000000000000114e+00 1.000000000000000048e-04 1.272764815238920100e-01 1.000000000000000000e+00
-2.752250000000000085e+00 1.000000000000000048e-04 1.273059915472440629e-01 1.000000000000000000e+00
-2.751500000000000057e+00 1.000000000000000048e-04 1.273355105472962212e-01 1.000000000000000000e+00
-2.750750000000000028e+00 1.000000000000000048e-04 1.273650385283570108e-01 1.000000000000000000e+00
-2.750000000000000000e+00 1.000000000000000048e-04 1.273945754947370945e-01 1.000000000000000000e+00
-2.749249999999999972e+00 1.000000000000000048e-04 1.274241214507493558e-01 1.000000000000000000e+00
-2.748499999999999943e+00 1.000000000000000048e-04 1.274536764007089540e-01 1.000000000000000000e+00
-2.747749999999999915e+00 1.000000000000000048e-04 1.274832403489333243e-01 1.000000000000000000e+00
-2.746999999999999886e+00 1.000000000000000048e-04 1.275128132997420116e-01 1.000000000000000000e+00
-2.746249999999999858e+00 1.000000000000000048e-04 1.275423952574570030e-01 1.000000000000000000e+00
-2.745499999999999829e+00 1.000000000000000048e-04 1.275719862264022841e-01 1.000000000000000000e+00
-2.744749999999999801e+00 1.000000000000000048e-04 1.276015862109041721e-01 1.000000000000000000e+00
-2.743999999999999773e+00 1.000000000000000048e-04 1.276311952152913431e-01 1.000000000000000000e+00
-2.743249999999999744e+00 1.000000000000000048e-04 1.276608132438944165e-01 1.000000000000000000e+00
-2.742500000000000160e+00 1.000000000000000048e-04 1.276904403010465372e-01 1.000000000000000000e+00
-2.741750000000000131e+00 1.000000000000000048e-04 1.277200763910829873e-01 1.000000000000000000e+00
-2.741000000000000103e+00 1.000000000000000048e-04 1.277497215183411028e-01 1.000000000000000000e+00
-2.740250000000000075e+00 1.000000000000000048e-04 1.277793756871607178e-01 1.000000000000000000e+00
-2.739500000000000046e+00 1.000000000000000048e-04 1.278090389018837758e-01 1.000000000000000000e+00
-2.738750000000000018e+00 1.000000000000000048e-04 1.278387111668543574e-01 1.000000000000000000e+00
-2.737999999999999989e+00 1.000000000000000048e-04 1.278683924864189858e-01 1.000000000000000000e+00
-2.737249999999999961e+00 1.000000000000000048e-04 1.278980828649262380e-01 1.000000000000000000e+00
-2.736499999999999932e+00 1.000000000000000048e-04 1.279277823067269393e-01 1.000000000000000000e+00
-2.735749999999999904e+00 1.000000000000000048e-04 1.279574908161742464e-01 1.000000000000000000e+00
-2.734999999999999876e+00 1.000000000000000048e-04 1.279872083976234809e-01 1.000000000000000000e+00
-2.734249999999999847e+00 1.000000000000000048e-04 1.280169350554320740e-01 1.000000000000000000e+00
-2.733499999999999819e+00 1.000000000000000048e-04 1.280466707939598991e-01 1.000000000000000000e+00
-2.732749999999999790e+00 1.000000000000000048e-04 1.280764156175688839e-01 1.000000000000000000e+00
-2.731999999999999762e+00 1.000000000000000048e-04 1.281061695306233705e-01 1.000000000000000000e+00
-2.731249999999999734e+00 1.000000000000000048e-04 1.281359325374896996e-01 1.000000000000000000e+00
-2.730500000000000149e+00 1.000000000000000048e-04 1.281657046425365432e-01 1.000000000000000000e+00
-2.729750000000000121e+00 1.000000000000000048e-04 1.281954858501347660e-01 1.000000000000000000e+00
-2.729000000000000092e+00 1.000000000000000048e-04 1.282252761646576478e-01 1.000000000000000000e+00
-2.728250000000000064e+00 1.000000000000000048e-04 1.282550755904803275e-01 1.000000000000000000e+00
-2.727500000000000036e+00 1.000000000000000048e-04 1.282848841319804978e-01 1.000000000000000000e+00
-2.726750000000000007e+00 1.000000000000000048e-04 1.283147017935379053e-01 1.000000000000000000e+00
-2.725999999999999979e+00 1.000000000000000048e-04 1.283445285795345170e-01 1.000000000000000000e+00
-2.725249999999999950e+00 1.000000000000000048e-04 1.283743644943546036e-01 1.000000000000000000e+00
-2.724499999999999922e+00 1.000000000000000048e-04 1.284042095423846286e-01 1.000000000000000000e+00
-2.723749999999999893e+00 1.000000000000000048e-04 1.284340637280132202e-01 1.000000000000000000e+00
-2.722999999999999865e+00 1.000000000000000048e-04 1.284639270556312274e-01 1.000000000000000000e+00
-2.722249999999999837e+00 1.000000000000000048e-04 1.284937995296318025e-01 1.000000000000000000e+00
-2.721499999999999808e+00 1.000000000000000048e-04 1.285236811544102353e-01 1.000000000000000000e+00
-2.720749999999999780e+00 1.000000000000000048e-04 1.285535719343641470e-01 1.000000000000000000e+00
-2.719999999999999751e+00 1.000000000000000048e-04 1.285834718738931848e-01 1.000000000000000000e+00
-2.719250000000000167e+00 1.000000000000000048e-04 1.286133809773993553e-01 1.000000000000000000e+00
-2.718500000000000139e+00 1.000000000000000048e-04 1.286432992492868577e-01 1.000000000000000000e+00
-2.717750000000000110e+00 1.000000000000000048e-04 1.286732266939620839e-01 1.000000000000000000e+00
-2.717000000000000082e+00 1.000000000000000048e-04 1.287031633158336186e-01 1.000000000000000000e+00
-2.716250000000000053e+00 1.000000000000000048e-04 1.287331091193123778e-01 1.000000000000000000e+00
-2.715500000000000025e+00 1.000000000000000048e-04 1.287630641088113037e-01 1.000000000000000000e+00
-2.714749999999999996e+00 1.000000000000000048e-04 1.287930282887456146e-01 1.000000000000000000e+00
-2.713999999999999968e+00 1.000000000000000048e-04 1.288230016635329156e-01 1.000000000000000000e+00
-2.713249999999999940e+00 1.000000000000000048e-04 1.288529842375927825e-01 1.000000000000000000e+00
-2.712499999999999911e+00 1.000000000000000048e-04 1.288829760153471782e-01 1.000000000000000000e+00
-2.711749999999999883e+00 1.000000000000000048e-04 1.289129770012200638e-01 1.000000000000000000e+00
-2.710999999999999854e+00 1.000000000000000048e-04 1.289429871996378707e-01 1.000000000000000000e+00
-2.710249999999999826e+00 1.000000000000000048e-04 1.289730066150290566e-01 1.000000000000000000e+00
-2.709499999999999797e+00 1.000000000000000048e-04 1.290030352518242440e-01 1.000000000000000000e+00
-2.708749999999999769e+00 1.000000000000000048e-04 1.290330731144566090e-01 1.000000000000000000e+00
-2.707999999999999741e+00 1.000000000000000048e-04 1.290631202073610484e-01 1.000000000000000000e+00
-2.707250000000000156e+00 1.000000000000000048e-04 1.290931765349749571e-01 1.000000000000000000e+00
-2.706500000000000128e+00 1.000000000000000048e-04 1.291232421017379783e-01 1.000000000000000000e+00
-2.705750000000000099e+00 1.000000000000000048e-04 1.291533169120917257e-01 1.000000000000000000e+00
-2.705000000000000071e+00 1.000000000000000048e-04 1.291834009704802277e-01 1.000000000000000000e+00
-2.704250000000000043e+00 1.000000000000000048e-04 1.292134942813496779e-01 1.000000000000000000e+00
-2.703500000000000014e+00 1.000000000000000048e-04 1.292435968491482956e-01 1.000000000000000000e+00
-2.702749999999999986e+00 1.000000000000000048e-04 1.292737086783267153e-01 1.000000000000000000e+00
-2.701999999999999957e+00 1.000000000000000048e-04 1.293038297733376807e-01 1.000000000000000000e+00
-2.701249999999999929e+00 1.000000000000000048e-04 1.293339601386362114e-01 1.000000000000000000e+00
-2.700499999999999901e+00 1.000000000000000048e-04 1.293640997786793534e-01 1.000000000000000000e+00
-2.699749999999999872e+00 1.000000000000000048e-04 1.293942486979264839e-01 1.000000000000000000e+00
-2.698999999999999844e+00 1.000000000000000048e-04 1.294244069008392561e-01 1.000000000000000000e+00
-2.698249999999999815e+00 1.000000000000000048e-04 1.294545743918812664e-01 1.000000000000000000e+00
-2.697499999999999787e+00 1.000000000000000048e-04 1.294847511755186087e-01 1.000000000000000000e+00
-2.696749999999999758e+00 1.000000000000000048e-04 1.295149372562193479e-01 1.000000000000000000e+00
-2.695999999999999730e+00 1.000000000000000048e-04 1.295451326384537416e-01 1.000000000000000000e+00
-2.695250000000000146e+00 1.000000000000000048e-04 1.295753373266943509e-01 1.000000000000000000e+00
-2.694500000000000117e+00 1.000000000000000048e-04 1.296055513254160962e-01 1.000000000000000000e+00
-2.693750000000000089e+00 1.000000000000000048e-04 1.296357746390955079e-01 1.000000000000000000e+00
-2.693000000000000060e+00 1.000000000000000048e-04 1.296660072722120582e-01 1.000000000000000000e+00
-2.692250000000000032e+00 1.000000000000000048e-04 1.296962492292468849e-01 1.000000000000000000e+00
-2.691500000000000004e+00 1.000000000000000048e-04 1.297265005146834016e-01 1.000000000000000000e+00
-2.690749999999999975e+00 1.000000000000000048e-04 1.297567611330073811e-01 1.000000000000000000e+00
-2.689999999999999947e+00 1.000000000000000048e-04 1.297870310887066225e-01 1.000000000000000000e+00
-2.689249999999999918e+00 1.000000000000000048e-04 1.298173103862712008e-01 1.000000000000000000e+00
-2.688499999999999890e+00 1.000000000000000048e-04 1.298475990301933281e-01 1.000000000000000000e+00
-2.687749999999999861e+00 1.000000000000000048e-04 1.298778970249674647e-01 1.000000000000000000e+00
-2.686999999999999833e+00 1.000000000000000048e-04 1.299082043750901250e-01 1.000000000000000000e+00
-2.686249999999999805e+00 1.000000000000000048e-04 1.299385210850601824e-01 1.000000000000000000e+00
-2.685499999999999776e+00 1.000000000000000048e-04 1.299688471593785366e-01 1.000000000000000000e+00
-2.684749999999999748e+00 1.000000000000000048e-04 1.299991826025483632e-01 1.000000000000000000e+00
-2.684000000000000163e+00 1.000000000000000048e-04 1.300295274190750305e-01 1.000000000000000000e+00
-2.683250000000000135e+00 1.000000000000000048e-04 1.300598816134659608e-01 1.000000000000000000e+00
-2.682500000000000107e+00 1.000000000000000048e-04 1.300902451902309076e-01 1.000000000000000000e+00
-2.681750000000000078e+00 1.000000000000000048e-04 1.301206181538817341e-01 1.000000000000000000e+00
-2.681000000000000050e+00 1.000000000000000048e-04 1.301510005089324684e-01 1.000000000000000000e+00
-2.680250000000000021e+00 1.000000000000000048e-04 1.301813922598993589e-01 1.000000000000000000e+00
-2.679499999999999993e+00 1.000000000000000048e-04 1.302117934113007358e-01 1.000000000000000000e+00
-2.678749999999999964e+00 1.000000000000000048e-04 1.302422039676572052e-01 1.000000000000000000e+00
-2.677999999999999936e+00 1.000000000000000048e-04 1.302726239334914826e-01 1.000000000000000000e+00
-2.677249999999999908e+00 1.000000000000000048e-04 1.303030533133285596e-01 1.000000000000000000e+00
-2.676499999999999879e+00 1.000000000000000048e-04 1.303334921116954814e-01 1.000000000000000000e+00
-2.675749999999999851e+00 1.000000000000000048e-04 1.303639403331214031e-01 1.000000000000000000e+00
-2.674999999999999822e+00 1.000000000000000048e-04 1.303943979821379495e-01 1.000000000000000000e+00
-2.674249999999999794e+00 1.000000000000000048e-04 1.304248650632785500e-01 1.000000000000000000e+00
-2.673499999999999766e+00 1.000000000000000048e-04 1.304553415810790484e-01 1.000000000000000000e+00
-2.672749999999999737e+00 1.000000000000000048e-04 1.304858275400773704e-01 1.000000000000000000e+00
-2.672000000000000153e+00 1.000000000000000048e-04 1.305163229448135787e-01 1.000000000000000000e+00
-2.671250000000000124e+00 1.000000000000000048e-04 1.305468277998299009e-01 1.000000000000000000e+00
-2.670500000000000096e+00 1.000000000000000048e-04 1.305773421096708964e-01 1.000000000000000000e+00
-2.669750000000000068e+00 1.000000000000000048e-04 1.306078658788829838e-01 1.000000000000000000e+00
-2.669000000000000039e+00 1.000000000000000048e-04 1.306383991120150245e-01 1.000000000000000000e+00
-2.668250000000000011e+00 1.000000000000000048e-04 1.306689418136179059e-01 1.000000000000000000e+00
-2.667499999999999982e+00 1.000000000000000048e-04 1.306994939882446805e-01 1.000000000000000000e+00
-2.666749999999999954e+00 1.000000000000000048e-04 1.307300556404505931e-01 1.000000000000000000e+00
-2.665999999999999925e+00 1.000000000000000048e-04 1.307606267747929429e-01 1.000000000000000000e+00
-2.665249999999999897e+00 1.000000000000000048e-04 1.307912073958313881e-01 1.000000000000000000e+00
-2.664499999999999869e+00 1.000000000000000048e-04 1.308217975081275020e-01 1.000000000000000000e+00
-2.663749999999999840e+00 1.000000000000000048e-04 1.308523971162453003e-01 1.000000000000000000e+00
-2.662999999999999812e+00 1.000000000000000048e-04 1.308830062247505754e-01 1.000000000000000000e+00
-2.662249999999999783e+00 1.000000000000000048e-04 1.309136248382116730e-01 1.000000000000000000e+00
-2.661499999999999755e+00 1.000000000000000048e-04 1.309442529611987982e-01 1.000000000000000000e+00
-2.660750000000000171e+00 1.000000000000000048e-04 1.309748905982844047e-01 1.000000000000000000e+00
-2.660000000000000142e+00 1.000000000000000048e-04 1.310055377540431110e-01 1.000000000000000000e+00
-2.659250000000000114e+00 1.000000000000000048e-04 1.310361944330516726e-01 1.000000000000000000e+00
-2.658500000000000085e+00 1.000000000000000048e-04 1.310668606398890101e-01 1.000000000000000000e+00
-2.657750000000000057e+00 1.000000000000000048e-04 1.310975363791361259e-01 1.000000000000000000e+00
-2.657000000000000028e+00 1.000000000000000048e-04 1.311282216553761870e-01 1.000000000000000000e+00
-2.656250000000000000e+00 1.000000000000000048e-04 1.311589164731945534e-01 1.000000000000000000e+00
-2.655499999999999972e+00 1.000000000000000048e-04 1.311896208371788053e-01 1.000000000000000000e+00
-2.654749999999999943e+00 1.000000000000000048e-04 1.312203347519182994e-01 1.000000000000000000e+00
-2.653999999999999915e+00 1.000000000000000048e-04 1.312510582220050015e-01 1.000000000000000000e+00
-2.653249999999999886e+00 1.000000000000000048e-04 1.312817912520327368e-01 1.000000000000000000e+00
-2.652499999999999858e+00 1.000000000000000048e-04 1.313125338465974679e-01 1.000000000000000000e+00
-2.651749999999999829e+00 1.000000000000000048e-04 1.313432860102974609e-01 1.000000000000000000e+00
-2.650999999999999801e+00 1.000000000000000048e-04 1.313740477477330082e-01 1.000000000000000000e+00
-2.650249999999999773e+00 1.000000000000000048e-04 1.314048190635064284e-01 1.000000000000000000e+00
-2.649499999999999744e+00 1.000000000000000048e-04 1.314355999622223992e-01 1.000000000000000000e+00
-2.648750000000000160e+00 1.000000000000000048e-04 1.314663904484874857e-01 1.000000000000000000e+00
-2.648000000000000131e+00 1.000000000000000048e-04 1.314971905269106678e-01 1.000000000000000000e+00
-2.647250000000000103e+00 1.000000000000000048e-04 1.315280002021028405e-01 1.000000000000000000e+00
-2.646500000000000075e+00 1.000000000000000048e-04 1.315588194786769805e-01 1.000000000000000000e+00
-2.645750000000000046e+00 1.000000000000000048e-04 1.315896483612484513e-01 1.000000000000000000e+00
-2.645000000000000018e+00 1.000000000000000048e-04 1.316204868544345041e-01 1.000000000000000000e+00
-2.644249999999999989e+00 1.000000000000000048e-04 1.316513349628545548e-01 1.000000000000000000e+00
-2.643499999999999961e+00 1.000000000000000048e-04 1.316821926911301843e-01 1.000000000000000000e+00
-2.642749999999999932e+00 1.000000000000000048e-04 1.317130600438852495e-01 1.000000000000000000e+00
-2.641999999999999904e+00 1.000000000000000048e-04 1.317439370257453279e-01 1.000000000000000000e+00
-2.641249999999999876e+00 1.000000000000000048e-04 1.317748236413384955e-01 1.000000000000000000e+00
-2.640499999999999847e+00 1.000000000000000048e-04 1.318057198952947429e-01 1.000000000000000000e+00
-2.639749999999999819e+00 1.000000000000000048e-04 1.318366257922463369e-01 1.000000000000000000e+00
-2.638999999999999790e+00 1.000000000000000048e-04 1.318675413368274596e-01 1.000000000000000000e+00
-2.638249999999999762e+00 1.000000000000000048e-04 1.318984665336745132e-01 1.000000000000000000e+00
-2.637499999999999734e+00 1.000000000000000048e-04 1.319294013874260929e-01 1.000000000000000000e+00
-2.636750000000000149e+00 1.000000000000000048e-04 1.319603459027226255e-01 1.000000000000000000e+00
-2.636000000000000121e+00 1.000000000000000048e-04 1.319913000842070361e-01 1.000000000000000000e+00
-2.635250000000000092e+00 1.000000000000000048e-04 1.320222639365240813e-01 1.000000000000000000e+00
-2.634500000000000064e+00 1.000000000000000048e-04 1.320532374643206830e-01 1.000000000000000000e+00
-2.633750000000000036e+00 1.000000000000000048e-04 1.320842206722459278e-01 1.000000000000000000e+00
-2.633000000000000007e+00 1.000000000000000048e-04 1.321152135649509007e-01 1.000000000000000000e+00
-2.632249999999999979e+00 1.000000000000000048e-04 1.321462161470889074e-01 1.000000000000000000e+00
-2.631499999999999950e+00 1.000000000000000048e-04 1.321772284233152794e-01 1.000000000000000000e+00
-2.630749999999999922e+00 1.000000000000000048e-04 1.322082503982874302e-01 1.000000000000000000e+00
-2.629999999999999893e+00 1.000000000000000048e-04 1.322392820766649379e-01 1.000000000000000000e+00
-2.629249999999999865e+00 1.000000000000000048e-04 1.322703234631094626e-01 1.000000000000000000e+00
-2.628499999999999837e+00 1.000000000000000048e-04 1.323013745622847182e-01 1.000000000000000000e+00
-2.627749999999999808e+00 1.000000000000000048e-04 1.323324353788565833e-01 1.000000000000000000e+00
-2.626999999999999780e+00 1.000000000000000048e-04 1.323635059174929074e-01 1.000000000000000000e+00
-2.626249999999999751e+00 1.000000000000000048e-04 1.323945861828637049e-01 1.000000000000000000e+00
-2.625500000000000167e+00 1.000000000000000048e-04 1.324256761796411830e-01 1.000000000000000000e+00
-2.624750000000000139e+00 1.000000000000000048e-04 1.324567759124994359e-01 1.000000000000000000e+00
-2.624000000000000110e+00 1.000000000000000048e-04 1.324878853861147787e-01 1.000000000000000000e+00
-2.623250000000000082e+00 1.000000000000000048e-04 1.325190046051655524e-01 1.000000000000000000e+00
-2.622500000000000053e+00 1.000000000000000048e-04 1.325501335743321796e-01 1.000000000000000000e+00
-2.621750000000000025e+00 1.000000000000000048e-04 1.325812722982973313e-01 1.000000000000000000e+00
-2.620999999999999996e+00 1.000000000000000048e-04 1.326124207817453993e-01 1.000000000000000000e+00
-2.620249999999999968e+00 1.000000000000000048e-04 1.326435790293632455e-01 1.000000000000000000e+00
-2.619499999999999940e+00 1.000000000000000048e-04 1.326747470458395362e-01 1.000000000000000000e+00
-2.618749999999999911e+00 1.000000000000000048e-04 1.327059248358650745e-01 1.000000000000000000e+00
-2.617999999999999883e+00 1.000000000000000048e-04 1.327371124041328843e-01 1.000000000000000000e+00
-2.617249999999999854e+00 1.000000000000000048e-04 1.327683097553379321e-01 1.000000000000000000e+00
-2.616499999999999826e+00 1.000000000000000048e-04 1.327995168941772108e-01 1.000000000000000000e+00
-2.615749999999999797e+00 1.000000000000000048e-04 1.328307338253498504e-01 1.000000000000000000e+00
-2.614999999999999769e+00 1.000000000000000048e-04 1.328619605535571180e-01 1.000000000000000000e+00
-2.614249999999999741e+00 1.000000000000000048e-04 1.328931970835021681e-01 1.000000000000000000e+00
-2.613500000000000156e+00 1.000000000000000048e-04 1.329244434198903480e-01 1.000000000000000000e+00
-2.612750000000000128e+00 1.000000000000000048e-04 1.329556995674291142e-01 1.000000000000000000e+00
-2.612000000000000099e+00 1.000000000000000048e-04 1.329869655308278942e-01 1.000000000000000000e+00
-2.611250000000000071e+00 1.000000000000000048e-04 1.330182413147981135e-01 1.000000000000000000e+00
-2.610500000000000043e+00 1.000000000000000048e-04 1.330495269240533907e-01 1.000000000000000000e+00
-2.609750000000000014e+00 1.000000000000000048e-04 1.330808223633093701e-01 1.000000000000000000e+00
-2.608999999999999986e+00 1.000000000000000048e-04 1.331121276372836670e-01 1.000000000000000000e+00
-2.608249999999999957e+00 1.000000000000000048e-04 1.331434427506960616e-01 1.000000000000000000e+00
-2.607499999999999929e+00 1.000000000000000048e-04 1.331747677082683046e-01 1.000000000000000000e+00
-2.606749999999999901e+00 1.000000000000000048e-04 1.332061025147243116e-01 1.000000000000000000e+00
-2.605999999999999872e+00 1.000000000000000048e-04 1.332374471747898026e-01 1.000000000000000000e+00
-2.605249999999999844e+00 1.000000000000000048e-04 1.332688016931927733e-01 1.000000000000000000e+00
-2.604499999999999815e+00 1.000000000000000048e-04 1.333001660746632178e-01 1.000000000000000000e+00
-2.603749999999999787e+00 1.000000000000000048e-04 1.333315403239330732e-01 1.000000000000000000e+00
-2.602999999999999758e+00 1.000000000000000048e-04 1.333629244457364971e-01 1.000000000000000000e+00
-2.602249999999999730e+00 1.000000000000000048e-04 1.333943184448095343e-01 1.000000000000000000e+00
-2.601500000000000146e+00 1.000000000000000048e-04 1.334257223258902558e-01 1.000000000000000000e+00
-2.600750000000000117e+00 1.000000000000000048e-04 1.334571360937188977e-01 1.000000000000000000e+00
-2.600000000000000089e+00 1.000000000000000048e-04 1.334885597530376666e-01 1.000000000000000000e+00
-2.599250000000000060e+00 1.000000000000000048e-04 1.335199933085906565e-01 1.000000000000000000e+00
-2.598500000000000032e+00 1.000000000000000048e-04 1.335514367651242928e-01 1.000000000000000000e+00
-2.597750000000000004e+00 1.000000000000000048e-04 1.335828901273868052e-01 1.000000000000000000e+00
-2.596999999999999975e+00 1.000000000000000048e-04 1.336143534001285049e-01 1.000000000000000000e+00
-2.596249999999999947e+00 1.000000000000000048e-04 1.336458265881017293e-01 1.000000000000000000e+00
-2.595499999999999918e+00 1.000000000000000048e-04 1.336773096960607587e-01 1.000000000000000000e+00
-2.594749999999999890e+00 1.000000000000000048e-04 1.337088027287621494e-01 1.000000000000000000e+00
-2.593999999999999861e+00 1.000000000000000048e-04 1.337403056909641785e-01 1.000000000000000000e+00
-2.593249999999999833e+00 1.000000000000000048e-04 1.337718185874273713e-01 1.000000000000000000e+00
-2.592499999999999805e+00 1.000000000000000048e-04 1.338033414229140294e-01 1.000000000000000000e+00
-2.591749999999999776e+00 1.000000000000000048e-04 1.338348742021887305e-01 1.000000000000000000e+00
-2.590999999999999748e+00 1.000000000000000048e-04 1.338664169300178564e-01 1.000000000000000000e+00
-2.590250000000000163e+00 1.000000000000000048e-04 1.338979696111699536e-01 1.000000000000000000e+00
-2.589500000000000135e+00 1.000000000000000048e-04 1.339295322504154007e-01 1.000000000000000000e+00
-2.588750000000000107e+00 1.000000000000000048e-04 1.339611048525268244e-01 1.000000000000000000e+00
-2.588000000000000078e+00 1.000000000000000048e-04 1.339926874222786002e-01 1.000000000000000000e+00
-2.587250000000000050e+00 1.000000000000000048e-04 1.340242799644472960e-01 1.000000000000000000e+00
-2.586500000000000021e+00 1.000000000000000048e-04 1.340558824838113672e-01 1.000000000000000000e+00
-2.585749999999999993e+00 1.000000000000000048e-04 1.340874949851514064e-01 1.000000000000000000e+00
-2.584999999999999964e+00 1.000000000000000048e-04 1.341191174732497271e-01 1.000000000000000000e+00
-2.584249999999999936e+00 1.000000000000000048e-04 1.341507499528910019e-01 1.000000000000000000e+00
-2.583499999999999908e+00 1.000000000000000048e-04 1.341823924288616243e-01 1.000000000000000000e+00
-2.582749999999999879e+00 1.000000000000000048e-04 1.342140449059500140e-01 1.000000000000000000e+00
-2.581999999999999851e+00 1.000000000000000048e-04 1.342457073889467278e-01 1.000000000000000000e+00
-2.581249999999999822e+00 1.000000000000000048e-04 1.342773798826442100e-01 1.000000000000000000e+00
-2.580499999999999794e+00 1.000000000000000048e-04 1.343090623918367921e-01 1.000000000000000000e+00
-2.579749999999999766e+00 1.000000000000000048e-04 1.343407549213209706e-01 1.000000000000000000e+00
-2.578999999999999737e+00 1.000000000000000048e-04 1.343724574758951296e-01 1.000000000000000000e+00
-2.578250000000000153e+00 1.000000000000000048e-04 1.344041700603596512e-01 1.000000000000000000e+00
-2.577500000000000124e+00 1.000000000000000048e-04 1.344358926795168885e-01 1.000000000000000000e+00
-2.576750000000000096e+00 1.000000000000000048e-04 1.344676253381711095e-01 1.000000000000000000e+00
-2.576000000000000068e+00 1.000000000000000048e-04 1.344993680411287196e-01 1.000000000000000000e+00
-2.575250000000000039e+00 1.000000000000000048e-04 1.345311207931978725e-01 1.000000000000000000e+00
-2.574500000000000011e+00 1.000000000000000048e-04 1.345628835991889150e-01 1.000000000000000000e+00
-2.573749999999999982e+00 1.000000000000000048e-04 1.345946564639140253e-01 1.000000000000000000e+00
-2.572999999999999954e+00 1.000000000000000048e-04 1.346264393921873526e-01 1.000000000000000000e+00
-2.572249999999999925e+00 1.000000000000000048e-04 1.346582323888249055e-01 1.000000000000000000e+00
-2.571499999999999897e+00 1.000000000000000048e-04 1.346900354586449688e-01 1.000000000000000000e+00
-2.570749999999999869e+00 1.000000000000000048e-04 1.347218486064675202e-01 1.000000000000000000e+00
-2.569999999999999840e+00 1.000000000000000048e-04 1.347536718371145914e-01 1.000000000000000000e+00
-2.569249999999999812e+00 1.000000000000000048e-04 1.347855051554100181e-01 1.000000000000000000e+00
-2.568499999999999783e+00 1.000000000000000048e-04 1.348173485661799120e-01 1.000000000000000000e+00
-2.567749999999999755e+00 1.000000000000000048e-04 1.348492020742519393e-01 1.000000000000000000e+00
-2.567000000000000171e+00 1.000000000000000048e-04 1.348810656844560141e-01 1.000000000000000000e+00
-2.566250000000000142e+00 1.000000000000000048e-04 1.349129394016238825e-01 1.000000000000000000e+00
-2.565500000000000114e+00 1.000000000000000048e-04 1.349448232305892059e-01 1.000000000000000000e+00
-2.564750000000000085e+00 1.000000000000000048e-04 1.349767171761876161e-01 1.000000000000000000e+00
-2.564000000000000057e+00 1.000000000000000048e-04 1.350086212432567434e-01 1.000000000000000000e+00
-2.563250000000000028e+00 1.000000000000000048e-04 1.350405354366360222e-01 1.000000000000000000e+00
-2.562500000000000000e+00 1.000000000000000048e-04 1.350724597611669409e-01 1.000000000000000000e+00
-2.561749999999999972e+00 1.000000000000000048e-04 1.351043942216928473e-01 1.000000000000000000e+00
-2.560999999999999943e+00 1.000000000000000048e-04 1.351363388230590601e-01 1.000000000000000000e+00
-2.560249999999999915e+00 1.000000000000000048e-04 1.351682935701127852e-01 1.000000000000000000e+00
-2.559499999999999886e+00 1.000000000000000048e-04 1.352002584677032271e-01 1.000000000000000000e+00
-2.558749999999999858e+00 1.000000000000000048e-04 1.352322335206814496e-01 1.000000000000000000e+00
-2.557999999999999829e+00 1.000000000000000048e-04 1.352642187339004320e-01 1.000000000000000000e+00
-2.557249999999999801e+00 1.000000000000000048e-04 1.352962141122150963e-01 1.000000000000000000e+00
-2.556499999999999773e+00 1.000000000000000048e-04 1.353282196604822241e-01 1.000000000000000000e+00
-2.555749999999999744e+00 1.000000000000000048e-04 1.353602353835606231e-01 1.000000000000000000e+00
-2.555000000000000160e+00 1.000000000000000048e-04 1.353922612863109609e-01 1.000000000000000000e+00
-2.554250000000000131e+00 1.000000000000000048e-04 1.354242973735957090e-01 1.000000000000000000e+00
-2.553500000000000103e+00 1.000000000000000048e-04 1.354563436502794205e-01 1.000000000000000000e+00
-2.552750000000000075e+00 1.000000000000000048e-04 1.354884001212284528e-01 1.000000000000000000e+00
-2.552000000000000046e+00 1.000000000000000048e-04 1.355204667913110783e-01 1.000000000000000000e+00
-2.551250000000000018e+00 1.000000000000000048e-04 1.355525436653974292e-01 1.000000000000000000e+00
-2.550499999999999989e+00 1.000000000000000048e-04 1.355846307483595803e-01 1.000000000000000000e+00
-2.549749999999999961e+00 1.000000000000000048e-04 1.356167280450715773e-01 1.000000000000000000e+00
-2.548999999999999932e+00 1.000000000000000048e-04 1.356488355604092422e-01 1.000000000000000000e+00
-2.548249999999999904e+00 1.000000000000000048e-04 1.356809532992501732e-01 1.000000000000000000e+00
-2.547499999999999876e+00 1.000000000000000048e-04 1.357130812664741615e-01 1.000000000000000000e+00
-2.546749999999999847e+00 1.000000000000000048e-04 1.357452194669627465e-01 1.000000000000000000e+00
-2.545999999999999819e+00 1.000000000000000048e-04 1.357773679055991889e-01 1.000000000000000000e+00
-2.545249999999999790e+00 1.000000000000000048e-04 1.358095265872688306e-01 1.000000000000000000e+00
-2.544499999999999762e+00 1.000000000000000048e-04 1.358416955168588180e-01 1.000000000000000000e+00
-2.543749999999999734e+00 1.000000000000000048e-04 1.358738746992582125e-01 1.000000000000000000e+00
-2.543000000000000149e+00 1.000000000000000048e-04 1.359060641393578517e-01 1.000000000000000000e+00
-2.542250000000000121e+00 1.000000000000000048e-04 1.359382638420505163e-01 1.000000000000000000e+00
-2.541500000000000092e+00 1.000000000000000048e-04 1.359704738122308465e-01 1.000000000000000000e+00
-2.540750000000000064e+00 1.000000000000000048e-04 1.360026940547953700e-01 1.000000000000000000e+00
-2.540000000000000036e+00 1.000000000000000048e-04 1.360349245746424462e-01 1.000000000000000000e+00
-2.539250000000000007e+00 1.000000000000000048e-04 1.360671653766721834e-01 1.000000000000000000e+00
-2.538499999999999979e+00 1.000000000000000048e-04 1.360994164657868544e-01 1.000000000000000000e+00
-2.537749999999999950e+00 1.000000000000000048e-04 1.361316778468901478e-01 1.000000000000000000e+00
-2.536999999999999922e+00 1.000000000000000048e-04 1.361639495248880283e-01 1.000000000000000000e+00
-2.536249999999999893e+00 1.000000000000000048e-04 1.361962315046880423e-01 1.000000000000000000e+00
-2.535499999999999865e+00 1.000000000000000048e-04 1.362285237911997071e-01 1.000000000000000000e+00
-2.534749999999999837e+00 1.000000000000000048e-04 1.362608263893343163e-01 1.000000000000000000e+00
-2.533999999999999808e+00 1.000000000000000048e-04 1.362931393040049677e-01 1.000000000000000000e+00
-2.533249999999999780e+00 1.000000000000000048e-04 1.363254625401267017e-01 1.000000000000000000e+00
-2.532499999999999751e+00 1.000000000000000048e-04 1.363577961026163632e-01 1.000000000000000000e+00
-2.531750000000000167e+00 1.000000000000000048e-04 1.363901399963926286e-01 1.000000000000000000e+00
-2.531000000000000139e+00 1.000000000000000048e-04 1.364224942263759233e-01 1.000000000000000000e+00
-2.530250000000000110e+00 1.000000000000000048e-04 1.364548587974886429e-01 1.000000000000000000e+00
-2.529500000000000082e+00 1.000000000000000048e-04 1.364872337146548487e-01 1.000000000000000000e+00
-2.528750000000000053e+00 1.000000000000000048e-04 1.365196189828006001e-01 1.000000000000000000e+00
-2.528000000000000025e+00 1.000000000000000048e-04 1.365520146068535945e-01 1.000000000000000000e+00
-2.527249999999999996e+00 1.000000000000000048e-04 1.365844205917434717e-01 1.000000000000000000e+00
-2.526499999999999968e+00 1.000000000000000048e-04 1.366168369424016760e-01 1.000000000000000000e+00
-2.525749999999999940e+00 1.000000000000000048e-04 1.366492636637613445e-01 1.000000000000000000e+00
-2.524999999999999911e+00 1.000000000000000048e-04 1.366817007607575019e-01 1.000000000000000000e+00
-2.524249999999999883e+00 1.000000000000000048e-04 1.367141482383271711e-01 1.000000000000000000e+00
-2.523499999999999854e+00 1.000000000000000048e-04 1.367466061014087630e-01 1.000000000000000000e+00
-2.522749999999999826e+00 1.000000000000000048e-04 1.367790743549427701e-01 1.000000000000000000e+00
-2.521999999999999797e+00 1.000000000000000048e-04 1.368115530038715444e-01 1.000000000000000000e+00
-2.521249999999999769e+00 1.000000000000000048e-04 1.368440420531389923e-01 1.000000000000000000e+00
-2.520499999999999741e+00 1.000000000000000048e-04 1.368765415076909631e-01 1.000000000000000000e+00
-2.519750000000000156e+00 1.000000000000000048e-04 1.369090513724750824e-01 1.000000000000000000e+00
-2.519000000000000128e+00 1.000000000000000048e-04 1.369415716524406967e-01 1.000000000000000000e+00
-2.518250000000000099e+00 1.000000000000000048e-04 1.369741023525390400e-01 1.000000000000000000e+00
-2.517500000000000071e+00 1.000000000000000048e-04 1.370066434777229836e-01 1.000000000000000000e+00
-2.516750000000000043e+00 1.000000000000000048e-04 1.370391950329473141e-01 1.000000000000000000e+00
-2.516000000000000014e+00 1.000000000000000048e-04 1.370717570231685667e-01 1.000000000000000000e+00
-2.515249999999999986e+00 1.000000000000000048e-04 1.371043294533448587e-01 1.000000000000000000e+00
-2.514499999999999957e+00 1.000000000000000048e-04 1.371369123284364167e-01 1.000000000000000000e+00
-2.513749999999999929e+00 1.000000000000000048e-04 1.371695056534049662e-01 1.000000000000000000e+00
-2.512999999999999901e+00 1.000000000000000048e-04 1.372021094332139812e-01 1.000000000000000000e+00
-2.512249999999999872e+00 1.000000000000000048e-04 1.372347236728289621e-01 1.000000000000000000e+00
-2.511499999999999844e+00 1.000000000000000048e-04 1.372673483772168246e-01 1.000000000000000000e+00
-2.510749999999999815e+00 1.000000000000000048e-04 1.372999835513464828e-01 1.000000000000000000e+00
-2.509999999999999787e+00 1.000000000000000048e-04 1.373326292001884608e-01 1.000000000000000000e+00
-2.509249999999999758e+00 1.000000000000000048e-04 1.373652853287151143e-01 1.000000000000000000e+00
-2.508499999999999730e+00 1.000000000000000048e-04 1.373979519419005479e-01 1.000000000000000000e+00
-2.507750000000000146e+00 1.000000000000000048e-04 1.374306290447205314e-01 1.000000000000000000e+00
-2.507000000000000117e+00 1.000000000000000048e-04 1.374633166421526387e-01 1.000000000000000000e+00
-2.506250000000000089e+00 1.000000000000000048e-04 1.374960147391760534e-01 1.000000000000000000e+00
-2.505500000000000060e+00 1.000000000000000048e-04 1.375287233407719301e-01 1.000000000000000000e+00
-2.504750000000000032e+00 1.000000000000000048e-04 1.375614424519228940e-01 1.000000000000000000e+00
-2.504000000000000004e+00 1.000000000000000048e-04 1.375941720776134303e-01 1.000000000000000000e+00
-2.503249999999999975e+00 1.000000000000000048e-04 1.376269122228297448e-01 1.000000000000000000e+00
-2.502499999999999947e+00 1.000000000000000048e-04 1.376596628925597643e-01 1.000000000000000000e+00
-2.501749999999999918e+00 1.000000000000000048e-04 1.376924240917930531e-01 1.000000000000000000e+00
-2.500999999999999890e+00 1.000000000000000048e-04 1.377251958255209241e-01 1.000000000000000000e+00
-2.500249999999999861e+00 1.000000000000000048e-04 1.377579780987364666e-01 1.000000000000000000e+00
-2.499499999999999833e+00 1.000000000000000048e-04 1.377907709164343797e-01 1.000000000000000000e+00
-2.498749999999999805e+00 1.000000000000000048e-04 1.378235742836111943e-01 1.000000000000000000e+00
-2.497999999999999776e+00 1.000000000000000048e-04 1.378563882052649403e-01 1.000000000000000000e+00
-2.497249999999999748e+00 1.000000000000000048e-04 1.378892126863955070e-01 1.000000000000000000e+00
-2.496500000000000163e+00 1.000000000000000048e-04 1.379220477320044491e-01 1.000000000000000000e+00
-2.495750000000000135e+00 1.000000000000000048e-04 1.379548933470949035e-01 1.000000000000000000e+00
-2.495000000000000107e+00 1.000000000000000048e-04 1.379877495366718942e-01 1.000000000000000000e+00
-2.494250000000000078e+00 1.000000000000000048e-04 1.380206163057419444e-01 1.000000000000000000e+00
-2.493500000000000050e+00 1.000000000000000048e-04 1.380534936593132977e-01 1.000000000000000000e+00
-2.492750000000000021e+00 1.000000000000000048e-04 1.380863816023959467e-01 1.000000000000000000e+00
-2.491999999999999993e+00 1.000000000000000048e-04 1.381192801400015768e-01 1.000000000000000000e+00
-2.491249999999999964e+00 1.000000000000000048e-04 1.381521892771432614e-01 1.000000000000000000e+00
-2.490499999999999936e+00 1.000000000000000048e-04 1.381851090188360998e-01 1.000000000000000000e+00
-2.489749999999999908e+00 1.000000000000000048e-04 1.382180393700967180e-01 1.000000000000000000e+00
-2.488999999999999879e+00 1.000000000000000048e-04 1.382509803359433798e-01 1.000000000000000000e+00
-2.488249999999999851e+00 1.000000000000000048e-04 1.382839319213959306e-01 1.000000000000000000e+00
-2.487499999999999822e+00 1.000000000000000048e-04 1.383168941314760481e-01 1.000000000000000000e+00
-2.486749999999999794e+00 1.000000000000000048e-04 1.383498669712069362e-01 1.000000000000000000e+00
-2.485999999999999766e+00 1.000000000000000048e-04 1.383828504456134367e-01 1.000000000000000000e+00
-2.485249999999999737e+00 1.000000000000000048e-04 1.384158445597220566e-01 1.000000000000000000e+00
-2.484500000000000153e+00 1.000000000000000048e-04 1.384488493185610236e-01 1.000000000000000000e+00
-2.483750000000000124e+00 1.000000000000000048e-04 1.384818647271600922e-01 1.000000000000000000e+00
-2.483000000000000096e+00 1.000000000000000048e-04 1.385148907905505988e-01 1.000000000000000000e+00
-2.482250000000000068e+00 1.000000000000000048e-04 1.385479275137657673e-01 1.000000000000000000e+00
-2.481500000000000039e+00 1.000000000000000048e-04 1.385809749018401538e-01 1.000000000000000000e+00
-2.480750000000000011e+00 1.000000000000000048e-04 1.386140329598100629e-01 1.000000000000000000e+00
-2.479999999999999982e+00 1.000000000000000048e-04 1.386471016927134092e-01 1.000000000000000000e+00
-2.479249999999999954e+00 1.000000000000000048e-04 1.386801811055896616e-01 1.000000000000000000e+00
-2.478499999999999925e+00 1.000000000000000048e-04 1.387132712034801485e-01 1.000000000000000000e+00
-2.477749999999999897e+00 1.000000000000000048e-04 1.387463719914274474e-01 1.000000000000000000e+00
-2.476999999999999869e+00 1.000000000000000048e-04 1.387794834744758843e-01 1.000000000000000000e+00
-2.476249999999999840e+00 1.000000000000000048e-04 1.388126056576714784e-01 1.000000000000000000e+00
-2.475499999999999812e+00 1.000000000000000048e-04 1.388457385460617755e-01 1.000000000000000000e+00
-2.474749999999999783e+00 1.000000000000000048e-04 1.388788821446958754e-01 1.000000000000000000e+00
-2.473999999999999755e+00 1.000000000000000048e-04 1.389120364586244605e-01 1.000000000000000000e+00
-2.473249999999999726e+00 1.000000000000000048e-04 1.389452014928999335e-01 1.000000000000000000e+00
-2.472500000000000142e+00 1.000000000000000048e-04 1.389783772525760852e-01 1.000000000000000000e+00
-2.471750000000000114e+00 1.000000000000000048e-04 1.390115637427084272e-01 1.000000000000000000e+00
-2.471000000000000085e+00 1.000000000000000048e-04 1.390447609683539976e-01 1.000000000000000000e+00
-2.470250000000000057e+00 1.000000000000000048e-04 1.390779689345713888e-01 1.000000000000000000e+00
-2.469500000000000028e+00 1.000000000000000048e-04 1.391111876464207753e-01 1.000000000000000000e+00
-2.468750000000000000e+00 1.000000000000000048e-04 1.391444171089638582e-01 1.000000000000000000e+00
-2.467999999999999972e+00 1.000000000000000048e-04 1.391776573272639761e-01 1.000000000000000000e+00
-2.467249999999999943e+00 1.000000000000000048e-04 1.392109083063859665e-01 1.000000000000000000e+00
-2.466499999999999915e+00 1.000000000000000048e-04 1.392441700513962488e-01 1.000000000000000000e+00
-2.465749999999999886e+00 1.000000000000000048e-04 1.392774425673627414e-01 1.000000000000000000e+00
-2.464999999999999858e+00 1.000000000000000048e-04 1.393107258593548614e-01 1.000000000000000000e+00
-2.464249999999999829e+00 1.000000000000000048e-04 1.393440199324437467e-01 1.000000000000000000e+00
-2.463499999999999801e+00 1.000000000000000048e-04 1.393773247917018954e-01 1.000000000000000000e+00
-2.462749999999999773e+00 1.000000000000000048e-04 1.394106404422034429e-01 1.000000000000000000e+00
-2.461999999999999744e+00 1.000000000000000048e-04 1.394439668890239681e-01 1.000000000000000000e+00
-2.461250000000000160e+00 1.000000000000000048e-04 1.394773041372406597e-01 1.000000000000000000e+00
-2.460500000000000131e+00 1.000000000000000048e-04 1.395106521919321774e-01 1.000000000000000000e+00
-2.459750000000000103e+00 1.000000000000000048e-04 1.395440110581786519e-01 1.000000000000000000e+00
-2.459000000000000075e+00 1.000000000000000048e-04 1.395773807410617962e-01 1.000000000000000000e+00
-2.458250000000000046e+00 1.000000000000000048e-04 1.396107612456649050e-01 1.000000000000000000e+00
-2.457500000000000018e+00 1.000000000000000048e-04 1.396441525770724945e-01 1.000000000000000000e+00
-2.456749999999999989e+00 1.000000000000000048e-04 1.396775547403709128e-01 1.000000000000000000e+00
-2.455999999999999961e+00 1.000000000000000048e-04 1.397109677406478401e-01 1.000000000000000000e+00
-2.455249999999999932e+00 1.000000000000000048e-04 1.397443915829924832e-01 1.000000000000000000e+00
-2.454499999999999904e+00 1.000000000000000048e-04 1.397778262724954645e-01 1.000000000000000000e+00
-2.453749999999999876e+00 1.000000000000000048e-04 1.398112718142489608e-01 1.000000000000000000e+00
-2.452999999999999847e+00 1.000000000000000048e-04 1.398447282133466474e-01 1.000000000000000000e+00
-2.452249999999999819e+00 1.000000000000000048e-04 1.398781954748836431e-01 1.000000000000000000e+00
-2.451499999999999790e+00 1.000000000000000048e-04 1.399116736039565101e-01 1.000000000000000000e+00
-2.450749999999999762e+00 1.000000000000000048e-04 1.399451626056632814e-01 1.000000000000000000e+00
-2.449999999999999734e+00 1.000000000000000048e-04 1.399786624851035444e-01 1.000000000000000000e+00
-2.449250000000000149e+00 1.000000000000000048e-04 1.400121732473782465e-01 1.000000000000000000e+00
-2.448500000000000121e+00 1.000000000000000048e-04 1.400456948975898619e-01 1.000000000000000000e+00
-2.447750000000000092e+00 1.000000000000000048e-04 1.400792274408422522e-01 1.000000000000000000e+00
-2.447000000000000064e+00 1.000000000000000048e-04 1.401127708822406948e-01 1.000000000000000000e+00
-2.446250000000000036e+00 1.000000000000000048e-04 1.401463252268919657e-01 1.000000000000000000e+00
-2.445500000000000007e+00 1.000000000000000048e-04 1.401798904799044510e-01 1.000000000000000000e+00
-2.444749999999999979e+00 1.000000000000000048e-04 1.402134666463876189e-01 1.000000000000000000e+00
-2.443999999999999950e+00 1.000000000000000048e-04 1.402470537314525201e-01 1.000000000000000000e+00
-2.443249999999999922e+00 1.000000000000000048e-04 1.402806517402117870e-01 1.000000000000000000e+00
-2.442499999999999893e+00 1.000000000000000048e-04 1.403142606777793011e-01 1.000000000000000000e+00
-2.441749999999999865e+00 1.000000000000000048e-04 1.403478805492704151e-01 1.000000000000000000e+00
-2.440999999999999837e+00 1.000000000000000048e-04 1.403815113598018416e-01 1.000000000000000000e+00
-2.440249999999999808e+00 1.000000000000000048e-04 1.404151531144917364e-01 1.000000000000000000e+00
-2.439499999999999780e+00 1.000000000000000048e-04 1.404488058184596433e-01 1.000000000000000000e+00
-2.438749999999999751e+00 1.000000000000000048e-04 1.404824694768266324e-01 1.000000000000000000e+00
-2.438000000000000167e+00 1.000000000000000048e-04 1.405161440947149953e-01 1.000000000000000000e+00
-2.437250000000000139e+00 1.000000000000000048e-04 1.405498296772484668e-01 1.000000000000000000e+00
-2.436500000000000110e+00 1.000000000000000048e-04 1.405835262295521693e-01 1.000000000000000000e+00
-2.435750000000000082e+00 1.000000000000000048e-04 1.406172337567526964e-01 1.000000000000000000e+00
-2.435000000000000053e+00 1.000000000000000048e-04 1.406509522639779186e-01 1.000000000000000000e+00
-2.434250000000000025e+00 1.000000000000000048e-04 1.406846817563569829e-01 1.000000000000000000e+00
-2.433499999999999996e+00 1.000000000000000048e-04 1.407184222390207018e-01 1.000000000000000000e+00
-2.432749999999999968e+00 1.000000000000000048e-04 1.407521737171009979e-01 1.000000000000000000e+00
-2.431999999999999940e+00 1.000000000000000048e-04 1.407859361957311817e-01 1.000000000000000000e+00
-2.431249999999999911e+00 1.000000000000000048e-04 1.408197096800460069e-01 1.000000000000000000e+00
-2.430499999999999883e+00 1.000000000000000048e-04 1.408534941751815872e-01 1.000000000000000000e+00
-2.429749999999999854e+00 1.000000000000000048e-04 1.408872896862752855e-01 1.000000000000000000e+00
-2.428999999999999826e+00 1.000000000000000048e-04 1.409210962184657689e-01 1.000000000000000000e+00
-2.428249999999999797e+00 1.000000000000000048e-04 1.409549137768932869e-01 1.000000000000000000e+00
-2.427499999999999769e+00 1.000000000000000048e-04 1.409887423666991990e-01 1.000000000000000000e+00
-2.426749999999999741e+00 1.000000000000000048e-04 1.410225819930261970e-01 1.000000000000000000e+00
-2.426000000000000156e+00 1.000000000000000048e-04 1.410564326610183605e-01 1.000000000000000000e+00
-2.425250000000000128e+00 1.000000000000000048e-04 1.410902943758211847e-01 1.000000000000000000e+00
-2.424500000000000099e+00 1.000000000000000048e-04 1.411241671425812194e-01 1.000000000000000000e+00
-2.423750000000000071e+00 1.000000000000000048e-04 1.411580509664465688e-01 1.000000000000000000e+00
-2.423000000000000043e+00 1.000000000000000048e-04 1.411919458525665305e-01 1.000000000000000000e+00
-2.422250000000000014e+00 1.000000000000000048e-04 1.412258518060916790e-01 1.000000000000000000e+00
-2.421499999999999986e+00 1.000000000000000048e-04 1.412597688321740319e-01 1.000000000000000000e+00
-2.420749999999999957e+00 1.000000000000000048e-04 1.412936969359666617e-01 1.000000000000000000e+00
-2.419999999999999929e+00 1.000000000000000048e-04 1.413276361226240563e-01 1.000000000000000000e+00
-2.419249999999999901e+00 1.000000000000000048e-04 1.413615863973020637e-01 1.000000000000000000e+00
-2.418499999999999872e+00 1.000000000000000048e-04 1.413955477651575865e-01 1.000000000000000000e+00
-2.417749999999999844e+00 1.000000000000000048e-04 1.414295202313491651e-01 1.000000000000000000e+00
-2.416999999999999815e+00 1.000000000000000048e-04 1.414635038010361168e-01 1.000000000000000000e+00
-2.416249999999999787e+00 1.000000000000000048e-04 1.414974984793793966e-01 1.000000000000000000e+00
-2.415499999999999758e+00 1.000000000000000048e-04 1.415315042715410976e-01 1.000000000000000000e+00
-2.414749999999999730e+00 1.000000000000000048e-04 1.415655211826845616e-01 1.000000000000000000e+00
-2.414000000000000146e+00 1.000000000000000048e-04 1.415995492179743520e-01 1.000000000000000000e+00
-2.413250000000000117e+00 1.000000000000000048e-04 1.416335883825763087e-01 1.000000000000000000e+00
-2.412500000000000089e+00 1.000000000000000048e-04 1.416676386816575206e-01 1.000000000000000000e+00
-2.411750000000000060e+00 1.000000000000000048e-04 1.417017001203862148e-01 1.000000000000000000e+00
-2.411000000000000032e+00 1.000000000000000048e-04 1.417357727039319504e-01 1.000000000000000000e+00
-2.410250000000000004e+00 1.000000000000000048e-04 1.417698564374655357e-01 1.000000000000000000e+00
-2.409499999999999975e+00 1.000000000000000048e-04 1.418039513261588336e-01 1.000000000000000000e+00
-2.408749999999999947e+00 1.000000000000000048e-04 1.418380573751850671e-01 1.000000000000000000e+00
-2.407999999999999918e+00 1.000000000000000048e-04 1.418721745897185416e-01 1.000000000000000000e+00
-2.407249999999999890e+00 1.000000000000000048e-04 1.419063029749350058e-01 1.000000000000000000e+00
-2.406499999999999861e+00 1.000000000000000048e-04 1.419404425360110966e-01 1.000000000000000000e+00
-2.405749999999999833e+00 1.000000000000000048e-04 1.419745932781247832e-01 1.000000000000000000e+00
-2.404999999999999805e+00 1.000000000000000048e-04 1.420087552064552561e-01 1.000000000000000000e+00
-2.404249999999999776e+00 1.000000000000000048e-04 1.420429283261827880e-01 1.000000000000000000e+00
-2.403499999999999748e+00 1.000000000000000048e-04 1.420771126424890396e-01 1.000000000000000000e+00
-2.402750000000000163e+00 1.000000000000000048e-04 1.421113081605564765e-01 1.000000000000000000e+00
-2.402000000000000135e+00 1.000000000000000048e-04 1.421455148855691464e-01 1.000000000000000000e+00
-2.401250000000000107e+00 1.000000000000000048e-04 1.421797328227119295e-01 1.000000000000000000e+00
-2.400500000000000078e+00 1.000000000000000048e-04 1.422139619771709829e-01 1.000000000000000000e+00
-2.399750000000000050e+00 1.000000000000000048e-04 1.422482023541336849e-01 1.000000000000000000e+00
-2.399000000000000021e+00 1.000000000000000048e-04 1.422824539587884685e-01 1.000000000000000000e+00
-2.398249999999999993e+00 1.000000000000000048e-04 1.423167167963248492e-01 1.000000000000000000e+00
-2.397499999999999964e+00 1.000000000000000048e-04 1.423509908719337025e-01 1.000000000000000000e+00
-2.396749999999999936e+00 1.000000000000000048e-04 1.423852761908066811e-01 1.000000000000000000e+00
-2.395999999999999908e+00 1.000000000000000048e-04 1.424195727581369086e-01 1.000000000000000000e+00
-2.395249999999999879e+00 1.000000000000000048e-04 1.424538805791184803e-01 1.000000000000000000e+00
-2.394499999999999851e+00 1.000000000000000048e-04 1.424881996589465183e-01 1.000000000000000000e+00
-2.393749999999999822e+00 1.000000000000000048e-04 1.425225300028174491e-01 1.000000000000000000e+00
-2.392999999999999794e+00 1.000000000000000048e-04 1.425568716159285876e-01 1.000000000000000000e+00
-2.392249999999999766e+00 1.000000000000000048e-04 1.425912245034784975e-01 1.000000000000000000e+00
-2.391499999999999737e+00 1.000000000000000048e-04 1.426255886706666864e-01 1.000000000000000000e+00
-2.390750000000000153e+00 1.000000000000000048e-04 1.426599641226939941e-01 1.000000000000000000e+00
-2.390000000000000124e+00 1.000000000000000048e-04 1.426943508647621206e-01 1.000000000000000000e+00
-2.389250000000000096e+00 1.000000000000000048e-04 1.427287489020739042e-01 1.000000000000000000e+00
-2.388500000000000068e+00 1.000000000000000048e-04 1.427631582398331822e-01 1.000000000000000000e+00
-2.387750000000000039e+00 1.000000000000000048e-04 1.427975788832450965e-01 1.000000000000000000e+00
-2.387000000000000011e+00 1.000000000000000048e-04 1.428320108375155384e-01 1.000000000000000000e+00
-2.386249999999999982e+00 1.000000000000000048e-04 1.428664541078516481e-01 1.000000000000000000e+00
-2.385499999999999954e+00 1.000000000000000048e-04 1.429009086994615096e-01 1.000000000000000000e+00
-2.384749999999999925e+00 1.000000000000000048e-04 1.429353746175543449e-01 1.000000000000000000e+00
-2.383999999999999897e+00 1.000000000000000048e-04 1.429698518673403473e-01 1.000000000000000000e+00
-2.383249999999999869e+00 1.000000000000000048e-04 1.430043404540307095e-01 1.000000000000000000e+00
-2.382499999999999840e+00 1.000000000000000048e-04 1.430388403828378174e-01 1.000000000000000000e+00
-2.381749999999999812e+00 1.000000000000000048e-04 1.430733516589747789e-01 1.000000000000000000e+00
-2.380999999999999783e+00 1.000000000000000048e-04 1.431078742876559784e-01 1.000000000000000000e+00
-2.380249999999999755e+00 1.000000000000000048e-04 1.431424082740966885e-01 1.000000000000000000e+00
-2.379499999999999726e+00 1.000000000000000048e-04 1.431769536235132367e-01 1.000000000000000000e+00
-2.378750000000000142e+00 1.000000000000000048e-04 1.432115103411228663e-01 1.000000000000000000e+00
-2.378000000000000114e+00 1.000000000000000048e-04 1.432460784321438751e-01 1.000000000000000000e+00
-2.377250000000000085e+00 1.000000000000000048e-04 1.432806579017955884e-01 1.000000000000000000e+00
-2.376500000000000057e+00 1.000000000000000048e-04 1.433152487552981913e-01 1.000000000000000000e+00
-2.375750000000000028e+00 1.000000000000000048e-04 1.433498509978729518e-01 1.000000000000000000e+00
-2.375000000000000000e+00 1.000000000000000048e-04 1.433844646347419982e-01 1.000000000000000000e+00
-2.374249999999999972e+00 1.000000000000000048e-04 1.434190896711284580e-01 1.000000000000000000e+00
-2.373499999999999943e+00 1.000000000000000048e-04 1.434537261122565133e-01 1.000000000000000000e+00
-2.372749999999999915e+00 1.000000000000000048e-04 1.434883739633510957e-01 1.000000000000000000e+00
-2.371999999999999886e+00 1.000000000000000048e-04 1.435230332296382749e-01 1.000000000000000000e+00
-2.371249999999999858e+00 1.000000000000000048e-04 1.435577039163449531e-01 1.000000000000000000e+00
-2.370499999999999829e+00 1.000000000000000048e-04 1.435923860286990317e-01 1.000000000000000000e+00
-2.369749999999999801e+00 1.000000000000000048e-04 1.436270795719292448e-01 1.000000000000000000e+00
-2.368999999999999773e+00 1.000000000000000048e-04 1.436617845512652702e-01 1.000000000000000000e+00
-2.368249999999999744e+00 1.000000000000000048e-04 1.436965009719377573e-01 1.000000000000000000e+00
-2.367500000000000160e+00 1.000000000000000048e-04 1.437312288391781878e-01 1.000000000000000000e+00
-2.366750000000000131e+00 1.000000000000000048e-04 1.437659681582189874e-01 1.000000000000000000e+00
-2.366000000000000103e+00 1.000000000000000048e-04 1.438007189342935255e-01 1.000000000000000000e+00
-2.365250000000000075e+00 1.000000000000000048e-04 1.438354811726359483e-01 1.000000000000000000e+00
-2.364500000000000046e+00 1.000000000000000048e-04 1.438702548784813462e-01 1.000000000000000000e+00
-2.363750000000000018e+00 1.000000000000000048e-04 1.439050400570656696e-01 1.000000000000000000e+00
-2.362999999999999989e+00 1.000000000000000048e-04 1.439398367136258128e-01 1.000000000000000000e+00
-2.362249999999999961e+00 1.000000000000000048e-04 1.439746448533993362e-01 1.000000000000000000e+00
-2.361499999999999932e+00 1.000000000000000048e-04 1.440094644816249103e-01 1.000000000000000000e+00
-2.360749999999999904e+00 1.000000000000000048e-04 1.440442956035419553e-01 1.000000000000000000e+00
-2.359999999999999876e+00 1.000000000000000048e-04 1.440791382243905572e-01 1.000000000000000000e+00
-2.359249999999999847e+00 1.000000000000000048e-04 1.441139923494119124e-01 1.000000000000000000e+00
-2.358499999999999819e+00 1.000000000000000048e-04 1.441488579838479389e-01 1.000000000000000000e+00
-2.357749999999999790e+00 1.000000000000000048e-04 1.441837351329413874e-01 1.000000000000000000e+00
-2.356999999999999762e+00 1.000000000000000048e-04 1.442186238019357025e-01 1.000000000000000000e+00
-2.356249999999999734e+00 1.000000000000000048e-04 1.442535239960754390e-01 1.000000000000000000e+00
-2.355500000000000149e+00 1.000000000000000048e-04 1.442884357206056234e-01 1.000000000000000000e+00
-2.354750000000000121e+00 1.000000000000000048e-04 1.443233589807723094e-01 1.000000000000000000e+00
-2.354000000000000092e+00 1.000000000000000048e-04 1.443582937818222722e-01 1.000000000000000000e+00
-2.353250000000000064e+00 1.000000000000000048e-04 1.443932401290030365e-01 1.000000000000000000e+00
-2.352500000000000036e+00 1.000000000000000048e-04 1.444281980275630151e-01 1.000000000000000000e+00
-2.351750000000000007e+00 1.000000000000000048e-04 1.444631674827512868e-01 1.000000000000000000e+00
-2.350999999999999979e+00 1.000000000000000048e-04 1.444981484998177357e-01 1.000000000000000000e+00
-2.350249999999999950e+00 1.000000000000000048e-04 1.445331410840129949e-01 1.000000000000000000e+00
-2.349499999999999922e+00 1.000000000000000048e-04 1.445681452405884748e-01 1.000000000000000000e+00
-2.348749999999999893e+00 1.000000000000000048e-04 1.446031609747964186e-01 1.000000000000000000e+00
-2.347999999999999865e+00 1.000000000000000048e-04 1.446381882918895134e-01 1.000000000000000000e+00
-2.347249999999999837e+00 1.000000000000000048e-04 1.446732271971215567e-01 1.000000000000000000e+00
-2.346499999999999808e+00 1.000000000000000048e-04 1.447082776957468730e-01 1.000000000000000000e+00
-2.345749999999999780e+00 1.000000000000000048e-04 1.447433397930205090e-01 1.000000000000000000e+00
-2.344999999999999751e+00 1.000000000000000048e-04 1.447784134941983158e-01 1.000000000000000000e+00
-2.344249999999999723e+00 1.000000000000000048e-04 1.448134988045367555e-01 1.000000000000000000e+00
-2.343500000000000139e+00 1.000000000000000048e-04 1.448485957292929838e-01 1.000000000000000000e+00
-2.342750000000000110e+00 1.000000000000000048e-04 1.448837042737250169e-01 1.000000000000000000e+00
-2.342000000000000082e+00 1.000000000000000048e-04 1.449188244430913153e-01 1.000000000000000000e+00
-2.341250000000000053e+00 1.000000000000000048e-04 1.449539562426512551e-01 1.000000000000000000e+00
-2.340500000000000025e+00 1.000000000000000048e-04 1.449890996776647123e-01 1.000000000000000000e+00
-2.339749999999999996e+00 1.000000000000000048e-04 1.450242547533922843e-01 1.000000000000000000e+00
-2.338999999999999968e+00 1.000000000000000048e-04 1.450594214750953737e-01 1.000000000000000000e+00
-2.338249999999999940e+00 1.000000000000000048e-04 1.450945998480357435e-01 1.000000000000000000e+00
-2.337499999999999911e+00 1.000000000000000048e-04 1.451297898774760731e-01 1.000000000000000000e+00
-2.336749999999999883e+00 1.000000000000000048e-04 1.451649915686795134e-01 1.000000000000000000e+00
-2.335999999999999854e+00 1.000000000000000048e-04 1.452002049269100203e-01 1.000000000000000000e+00
-2.335249999999999826e+00 1.000000000000000048e-04 1.452354299574318552e-01 1.000000000000000000e+00
-2.334499999999999797e+00 1.000000000000000048e-04 1.452706666655103618e-01 1.000000000000000000e+00
-2.333749999999999769e+00 1.000000000000000048e-04 1.453059150564110225e-01 1.000000000000000000e+00
-2.332999999999999741e+00 1.000000000000000048e-04 1.453411751354003467e-01 1.000000000000000000e+00
-2.332250000000000156e+00 1.000000000000000048e-04 1.453764469077450661e-01 1.000000000000000000e+00
-2.331500000000000128e+00 1.000000000000000048e-04 1.454117303787128279e-01 1.000000000000000000e+00
-2.330750000000000099e+00 1.000000000000000048e-04 1.454470255535716128e-01 1.000000000000000000e+00
-2.330000000000000071e+00 1.000000000000000048e-04 1.454823324375901505e-01 1.000000000000000000e+00
-2.329250000000000043e+00 1.000000000000000048e-04 1.455176510360376430e-01 1.000000000000000000e+00
-2.328500000000000014e+00 1.000000000000000048e-04 1.455529813541838746e-01 1.000000000000000000e+00
-2.327749999999999986e+00 1.000000000000000048e-04 1.455883233972992408e-01 1.000000000000000000e+00
-2.326999999999999957e+00 1.000000000000000048e-04 1.456236771706546085e-01 1.000000000000000000e+00
-2.326249999999999929e+00 1.000000000000000048e-04 1.456590426795213722e-01 1.000000000000000000e+00
-2.325499999999999901e+00 1.000000000000000048e-04 1.456944199291715647e-01 1.000000000000000000e+00
-2.324749999999999872e+00 1.000000000000000048e-04 1.457298089248776629e-01 1.000000000000000000e+00
-2.323999999999999844e+00 1.000000000000000048e-04 1.457652096719126711e-01 1.000000000000000000e+00
-2.323249999999999815e+00 1.000000000000000048e-04 1.458006221755502041e-01 1.000000000000000000e+00
-2.322499999999999787e+00 1.000000000000000048e-04 1.458360464410641821e-01 1.000000000000000000e+00
-2.321749999999999758e+00 1.000000000000000048e-04 1.458714824737291915e-01 1.000000000000000000e+00
-2.320999999999999730e+00 1.000000000000000048e-04 1.459069302788202072e-01 1.000000000000000000e+00
-2.320250000000000146e+00 1.000000000000000048e-04 1.459423898616127868e-01 1.000000000000000000e+00
-2.319500000000000117e+00 1.000000000000000048e-04 1.459778612273829601e-01 1.000000000000000000e+00
-2.318750000000000089e+00 1.000000000000000048e-04 1.460133443814070342e-01 1.000000000000000000e+00
-2.318000000000000060e+00 1.000000000000000048e-04 1.460488393289620379e-01 1.000000000000000000e+00
-2.317250000000000032e+00 1.000000000000000048e-04 1.460843460753252221e-01 1.000000000000000000e+00
-2.316500000000000004e+00 1.000000000000000048e-04 1.461198646257745593e-01 1.000000000000000000e+00
-2.315749999999999975e+00 1.000000000000000048e-04 1.461553949855880774e-01 1.000000000000000000e+00
-2.314999999999999947e+00 1.000000000000000048e-04 1.461909371600445817e-01 1.000000000000000000e+00
-2.314249999999999918e+00 1.000000000000000048e-04 1.462264911544230994e-01 1.000000000000000000e+00
-2.313499999999999890e+00 1.000000000000000048e-04 1.462620569740032128e-01 1.000000000000000000e+00
-2.312749999999999861e+00 1.000000000000000048e-04 1.462976346240647540e-01 1.000000000000000000e+00
-2.311999999999999833e+00 1.000000000000000048e-04 1.463332241098881659e-01 1.000000000000000000e+00
-2.311249999999999805e+00 1.000000000000000048e-04 1.463688254367539465e-01 1.000000000000000000e+00
-2.310499999999999776e+00 1.000000000000000048e-04 1.464044386099433437e-01 1.000000000000000000e+00
-2.309749999999999748e+00 1.000000000000000048e-04 1.464400636347377993e-01 1.000000000000000000e+00
-2.309000000000000163e+00 1.000000000000000048e-04 1.464757005164190606e-01 1.000000000000000000e+00
-2.308250000000000135e+00 1.000000000000000048e-04 1.465113492602694023e-01 1.000000000000000000e+00
-2.307500000000000107e+00 1.000000000000000048e-04 1.465470098715713765e-01 1.000000000000000000e+00
-2.306750000000000078e+00 1.000000000000000048e-04 1.465826823556078407e-01 1.000000000000000000e+00
-2.306000000000000050e+00 1.000000000000000048e-04 1.466183667176619299e-01 1.000000000000000000e+00
-2.305250000000000021e+00 1.000000000000000048e-04 1.466540629630174175e-01 1.000000000000000000e+00
-2.304499999999999993e+00 1.000000000000000048e-04 1.466897710969579938e-01 1.000000000000000000e+00
-2.303749999999999964e+00 1.000000000000000048e-04 1.467254911247679316e-01 1.000000000000000000e+00
-2.302999999999999936e+00 1.000000000000000048e-04 1.467612230517317540e-01 1.000000000000000000e+00
-2.302249999999999908e+00 1.000000000000000048e-04 1.467969668831340946e-01 1.000000000000000000e+00
-2.301499999999999879e+00 1.000000000000000048e-04 1.468327226242601979e-01 1.000000000000000000e+00
-2.300749999999999851e+00 1.000000000000000048e-04 1.468684902803953085e-01 1.000000000000000000e+00
-2.299999999999999822e+00 1.000000000000000048e-04 1.469042698568251981e-01 1.000000000000000000e+00
-2.299249999999999794e+00 1.000000000000000048e-04 1.469400613588356386e-01 1.000000000000000000e+00
-2.298499999999999766e+00 1.000000000000000048e-04 1.469758647917128735e-01 1.000000000000000000e+00
-2.297749999999999737e+00 1.000000000000000048e-04 1.470116801607432855e-01 1.000000000000000000e+00
-2.297000000000000153e+00 1.000000000000000048e-04 1.470475074712133956e-01 1.000000000000000000e+00
-2.296250000000000124e+00 1.000000000000000048e-04 1.470833467284102525e-01 1.000000000000000000e+00
-2.295500000000000096e+00 1.000000000000000048e-04 1.471191979376208769e-01 1.000000000000000000e+00
-2.294750000000000068e+00 1.000000000000000048e-04 1.471550611041326506e-01 1.000000000000000000e+00
-2.294000000000000039e+00 1.000000000000000048e-04 1.471909362332329829e-01 1.000000000000000000e+00
-2.293250000000000011e+00 1.000000000000000048e-04 1.472268233302096718e-01 1.000000000000000000e+00
-2.292499999999999982e+00 1.000000000000000048e-04 1.472627224003506541e-01 1.000000000000000000e+00
-2.291749999999999954e+00 1.000000000000000048e-04 1.472986334489439775e-01 1.000000000000000000e+00
-2.290999999999999925e+00 1.000000000000000048e-04 1.473345564812779118e-01 1.000000000000000000e+00
-2.290249999999999897e+00 1.000000000000000048e-04 1.473704915026408935e-01 1.000000000000000000e+00
-2.289499999999999869e+00 1.000000000000000048e-04 1.474064385183215808e-01 1.000000000000000000e+00
-2.288749999999999840e+00 1.000000000000000048e-04 1.474423975336085768e-01 1.000000000000000000e+00
-2.287999999999999812e+00 1.000000000000000048e-04 1.474783685537909284e-01 1.000000000000000000e+00
-2.287249999999999783e+00 1.000000000000000048e-04 1.475143515841575437e-01 1.000000000000000000e+00
-2.286499999999999755e+00 1.000000000000000048e-04 1.475503466299975808e-01 1.000000000000000000e+00
-2.285749999999999726e+00 1.000000000000000048e-04 1.475863536966003087e-01 1.000000000000000000e+00
-2.285000000000000142e+00 1.000000000000000048e-04 1.476223727892550519e-01 1.000000000000000000e+00
-2.284250000000000114e+00 1.000000000000000048e-04 1.476584039132513015e-01 1.000000000000000000e+00
-2.283500000000000085e+00 1.000000000000000048e-04 1.476944470738785764e-01 1.000000000000000000e+00
-2.282750000000000057e+00 1.000000000000000048e-04 1.477305022764265341e-01 1.000000000000000000e+00
-2.282000000000000028e+00 1.000000000000000048e-04 1.477665695261848322e-01 1.000000000000000000e+00
-2.281250000000000000e+00 1.000000000000000048e-04 1.478026488284432671e-01 1.000000000000000000e+00
-2.280499999999999972e+00 1.000000000000000048e-04 1.478387401884915797e-01 1.000000000000000000e+00
-2.279749999999999943e+00 1.000000000000000048e-04 1.478748436116197884e-01 1.000000000000000000e+00
-2.278999999999999915e+00 1.000000000000000048e-04 1.479109591031176063e-01 1.000000000000000000e+00
-2.278249999999999886e+00 1.000000000000000048e-04 1.479470866682750518e-01 1.000000000000000000e+00
-2.277499999999999858e+00 1.000000000000000048e-04 1.479832263123820324e-01 1.000000000000000000e+00
-2.276749999999999829e+00 1.000000000000000048e-04 1.480193780407285109e-01 1.000000000000000000e+00
-2.275999999999999801e+00 1.000000000000000048e-04 1.480555418586044503e-01 1.000000000000000000e+00
-2.275249999999999773e+00 1.000000000000000048e-04 1.480917177712998134e-01 1.000000000000000000e+00
-2.274499999999999744e+00 1.000000000000000048e-04 1.481279057841043967e-01 1.000000000000000000e+00
-2.273750000000000160e+00 1.000000000000000048e-04 1.481641059023082740e-01 1.000000000000000000e+00
-2.273000000000000131e+00 1.000000000000000048e-04 1.482003181312012141e-01 1.000000000000000000e+00
-2.272250000000000103e+00 1.000000000000000048e-04 1.482365424760731243e-01 1.000000000000000000e+00
-2.271500000000000075e+00 1.000000000000000048e-04 1.482727789422136344e-01 1.000000000000000000e+00
-2.270750000000000046e+00 1.000000000000000048e-04 1.483090275349126241e-01 1.000000000000000000e+00
-2.270000000000000018e+00 1.000000000000000048e-04 1.483452882594595568e-01 1.000000000000000000e+00
-2.269249999999999989e+00 1.000000000000000048e-04 1.483815611211441177e-01 1.000000000000000000e+00
-2.268499999999999961e+00 1.000000000000000048e-04 1.484178461252556869e-01 1.000000000000000000e+00
-2.267749999999999932e+00 1.000000000000000048e-04 1.484541432770837277e-01 1.000000000000000000e+00
-2.266999999999999904e+00 1.000000000000000048e-04 1.484904525819173982e-01 1.000000000000000000e+00
-2.266249999999999876e+00 1.000000000000000048e-04 1.485267740450459395e-01 1.000000000000000000e+00
-2.265499999999999847e+00 1.000000000000000048e-04 1.485631076717582877e-01 1.000000000000000000e+00
-2.264749999999999819e+00 1.000000000000000048e-04 1.485994534673433787e-01 1.000000000000000000e+00
-2.263999999999999790e+00 1.000000000000000048e-04 1.486358114370898986e-01 1.000000000000000000e+00
-2.263249999999999762e+00 1.000000000000000048e-04 1.486721815862864227e-01 1.000000000000000000e+00
-2.262499999999999734e+00 1.000000000000000048e-04 1.487085639202214427e-01 1.000000000000000000e+00
-2.261750000000000149e+00 1.000000000000000048e-04 1.487449584441831174e-01 1.000000000000000000e+00
-2.261000000000000121e+00 1.000000000000000048e-04 1.487813651634596057e-01 1.000000000000000000e+00
-2.260250000000000092e+00 1.000000000000000048e-04 1.488177840833386500e-01 1.000000000000000000e+00
-2.259500000000000064e+00 1.000000000000000048e-04 1.488542152091080761e-01 1.000000000000000000e+00
-2.258750000000000036e+00 1.000000000000000048e-04 1.488906585460552101e-01 1.000000000000000000e+00
-2.258000000000000007e+00 1.000000000000000048e-04 1.489271140994673226e-01 1.000000000000000000e+00
-2.257249999999999979e+00 1.000000000000000048e-04 1.489635818746314344e-01 1.000000000000000000e+00
-2.256499999999999950e+00 1.000000000000000048e-04 1.490000618768342056e-01 1.000000000000000000e+00
-2.255749999999999922e+00 1.000000000000000048e-04 1.490365541113623238e-01 1.000000000000000000e+00
-2.254999999999999893e+00 1.000000000000000048e-04 1.490730585835019495e-01 1.000000000000000000e+00
-2.254249999999999865e+00 1.000000000000000048e-04 1.491095752985391043e-01 1.000000000000000000e+00
-2.253499999999999837e+00 1.000000000000000048e-04 1.491461042617594490e-01 1.000000000000000000e+00
-2.252749999999999808e+00 1.000000000000000048e-04 1.491826454784483669e-01 1.000000000000000000e+00
-2.251999999999999780e+00 1.000000000000000048e-04 1.492191989538911301e-01 1.000000000000000000e+00
-2.251249999999999751e+00 1.000000000000000048e-04 1.492557646933723170e-01 1.000000000000000000e+00
-2.250499999999999723e+00 1.000000000000000048e-04 1.492923427021767002e-01 1.000000000000000000e+00
-2.249750000000000139e+00 1.000000000000000048e-04 1.493289329855882197e-01 1.000000000000000000e+00
-2.249000000000000110e+00 1.000000000000000048e-04 1.493655355488907599e-01 1.000000000000000000e+00
-2.248250000000000082e+00 1.000000000000000048e-04 1.494021503973678999e-01 1.000000000000000000e+00
-2.247500000000000053e+00 1.000000000000000048e-04 1.494387775363026361e-01 1.000000000000000000e+00
-2.246750000000000025e+00 1.000000000000000048e-04 1.494754169709777702e-01 1.000000000000000000e+00
-2.245999999999999996e+00 1.000000000000000048e-04 1.495120687066756326e-01 1.000000000000000000e+00
-2.245249999999999968e+00 1.000000000000000048e-04 1.495487327486783036e-01 1.000000000000000000e+00
-2.244499999999999940e+00 1.000000000000000048e-04 1.495854091022672805e-01 1.000000000000000000e+00
-2.243749999999999911e+00 1.000000000000000048e-04 1.496220977727237833e-01 1.000000000000000000e+00
-2.242999999999999883e+00 1.000000000000000048e-04 1.496587987653286156e-01 1.000000000000000000e+00
-2.242249999999999854e+00 1.000000000000000048e-04 1.496955120853620258e-01 1.000000000000000000e+00
-2.241499999999999826e+00 1.000000000000000048e-04 1.497322377381039016e-01 1.000000000000000000e+00
-2.240749999999999797e+00 1.000000000000000048e-04 1.497689757288338530e-01 1.000000000000000000e+00
-2.239999999999999769e+00 1.000000000000000048e-04 1.498057260628306853e-01 1.000000000000000000e+00
-2.239249999999999741e+00 1.000000000000000048e-04 1.498424887453729537e-01 1.000000000000000000e+00
-2.238500000000000156e+00 1.000000000000000048e-04 1.498792637817387696e-01 1.000000000000000000e+00
-2.237750000000000128e+00 1.000000000000000048e-04 1.499160511772055504e-01 1.000000000000000000e+00
-2.237000000000000099e+00 1.000000000000000048e-04 1.499528509370504914e-01 1.000000000000000000e+00
-2.236250000000000071e+00 1.000000000000000048e-04 1.499896630665500663e-01 1.000000000000000000e+00
-2.235500000000000043e+00 1.000000000000000048e-04 1.500264875709802215e-01 1.000000000000000000e+00
-2.234750000000000014e+00 1.000000000000000048e-04 1.500633244556165147e-01 1.000000000000000000e+00
-2.233999999999999986e+00 1.000000000000000048e-04 1.501001737257338653e-01 1.000000000000000000e+00
-2.233249999999999957e+00 1.000000000000000048e-04 1.501370353866066654e-01 1.000000000000000000e+00
-2.232499999999999929e+00 1.000000000000000048e-04 1.501739094435087241e-01 1.000000000000000000e+00
-2.231749999999999901e+00 1.000000000000000048e-04 1.502107959017132122e-01 1.000000000000000000e+00
-2.230999999999999872e+00 1.000000000000000048e-04 1.502476947664929396e-01 1.000000000000000000e+00
-2.230249999999999844e+00 1.000000000000000048e-04 1.502846060431198283e-01 1.000000000000000000e+00
-2.229499999999999815e+00 1.000000000000000048e-04 1.503215297368654946e-01 1.000000000000000000e+00
-2.228749999999999787e+00 1.000000000000000048e-04 1.503584658530006390e-01 1.000000000000000000e+00
-2.227999999999999758e+00 1.000000000000000048e-04 1.503954143967954349e-01 1.000000000000000000e+00
-2.227249999999999730e+00 1.000000000000000048e-04 1.504323753735196667e-01 1.000000000000000000e+00
-2.226500000000000146e+00 1.000000000000000048e-04 1.504693487884420922e-01 1.000000000000000000e+00
-2.225750000000000117e+00 1.000000000000000048e-04 1.505063346468310803e-01 1.000000000000000000e+00
-2.225000000000000089e+00 1.000000000000000048e-04 1.505433329539540843e-01 1.000000000000000000e+00
-2.224250000000000060e+00 1.000000000000000048e-04 1.505803437150781687e-01 1.000000000000000000e+00
-2.223500000000000032e+00 1.000000000000000048e-04 1.506173669354694267e-01 1.000000000000000000e+00
-2.222750000000000004e+00 1.000000000000000048e-04 1.506544026203934239e-01 1.000000000000000000e+00
-2.221999999999999975e+00 1.000000000000000048e-04 1.506914507751150045e-01 1.000000000000000000e+00
-2.221249999999999947e+00 1.000000000000000048e-04 1.507285114048981800e-01 1.000000000000000000e+00
-2.220499999999999918e+00 1.000000000000000048e-04 1.507655845150062679e-01 1.000000000000000000e+00
-2.219749999999999890e+00 1.000000000000000048e-04 1.508026701107019196e-01 1.000000000000000000e+00
-2.218999999999999861e+00 1.000000000000000048e-04 1.508397681972469262e-01 1.000000000000000000e+00
-2.218249999999999833e+00 1.000000000000000048e-04 1.508768787799023570e-01 1.000000000000000000e+00
-2.217499999999999805e+00 1.000000000000000048e-04 1.509140018639285041e-01 1.000000000000000000e+00
-2.216749999999999776e+00 1.000000000000000048e-04 1.509511374545847717e-01 1.000000000000000000e+00
-2.215999999999999748e+00 1.000000000000000048e-04 1.509882855571298144e-01 1.000000000000000000e+00
-2.215250000000000163e+00 1.000000000000000048e-04 1.510254461768216205e-01 1.000000000000000000e+00
-2.214500000000000135e+00 1.000000000000000048e-04 1.510626193189171240e-01 1.000000000000000000e+00
-2.213750000000000107e+00 1.000000000000000048e-04 1.510998049886725925e-01 1.000000000000000000e+00
-2.213000000000000078e+00 1.000000000000000048e-04 1.511370031913432943e-01 1.000000000000000000e+00
-2.212250000000000050e+00 1.000000000000000048e-04 1.511742139321838041e-01 1.000000000000000000e+00
-2.211500000000000021e+00 1.000000000000000048e-04 1.512114372164476694e-01 1.000000000000000000e+00
-2.210749999999999993e+00 1.000000000000000048e-04 1.512486730493875775e-01 1.000000000000000000e+00
-2.209999999999999964e+00 1.000000000000000048e-04 1.512859214362553550e-01 1.000000000000000000e+00
-2.209249999999999936e+00 1.000000000000000048e-04 1.513231823823020239e-01 1.000000000000000000e+00
-2.208499999999999908e+00 1.000000000000000048e-04 1.513604558927774957e-01 1.000000000000000000e+00
-2.207749999999999879e+00 1.000000000000000048e-04 1.513977419729308493e-01 1.000000000000000000e+00
-2.206999999999999851e+00 1.000000000000000048e-04 1.514350406280102479e-01 1.000000000000000000e+00
-2.206249999999999822e+00 1.000000000000000048e-04 1.514723518632628552e-01 1.000000000000000000e+00
-2.205499999999999794e+00 1.000000000000000048e-04 1.515096756839348358e-01 1.000000000000000000e+00
-2.204749999999999766e+00 1.000000000000000048e-04 1.515470120952714661e-01 1.000000000000000000e+00
-2.203999999999999737e+00 1.000000000000000048e-04 1.515843611025169679e-01 1.000000000000000000e+00
-2.203250000000000153e+00 1.000000000000000048e-04 1.516217227109144805e-01 1.000000000000000000e+00
-2.202500000000000124e+00 1.000000000000000048e-04 1.516590969257064214e-01 1.000000000000000000e+00
-2.201750000000000096e+00 1.000000000000000048e-04 1.516964837521338760e-01 1.000000000000000000e+00
-2.201000000000000068e+00 1.000000000000000048e-04 1.517338831954370415e-01 1.000000000000000000e+00
-2.200250000000000039e+00 1.000000000000000048e-04 1.517712952608550048e-01 1.000000000000000000e+00
-2.199500000000000011e+00 1.000000000000000048e-04 1.518087199536258258e-01 1.000000000000000000e+00
-2.198749999999999982e+00 1.000000000000000048e-04 1.518461572789864267e-01 1.000000000000000000e+00
-2.197999999999999954e+00 1.000000000000000048e-04 1.518836072421727301e-01 1.000000000000000000e+00
-2.197249999999999925e+00 1.000000000000000048e-04 1.519210698484196320e-01 1.000000000000000000e+00
-2.196499999999999897e+00 1.000000000000000048e-04 1.519585451029606682e-01 1.000000000000000000e+00
-2.195749999999999869e+00 1.000000000000000048e-04 1.519960330110284585e-01 1.000000000000000000e+00
-2.194999999999999840e+00 1.000000000000000048e-04 1.520335335778544572e-01 1.000000000000000000e+00
-2.194249999999999812e+00 1.000000000000000048e-04 1.520710468086689804e-01 1.000000000000000000e+00
-2.193499999999999783e+00 1.000000000000000048e-04 1.521085727087010120e-01 1.000000000000000000e+00
-2.192749999999999755e+00 1.000000000000000048e-04 1.521461112831785645e-01 1.000000000000000000e+00
-2.191999999999999726e+00 1.000000000000000048e-04 1.521836625373284846e-01 1.000000000000000000e+00
-2.191250000000000142e+00 1.000000000000000048e-04 1.522212264763762313e-01 1.000000000000000000e+00
-2.190500000000000114e+00 1.000000000000000048e-04 1.522588031055462088e-01 1.000000000000000000e+00
-2.189750000000000085e+00 1.000000000000000048e-04 1.522963924300616279e-01 1.000000000000000000e+00
-2.189000000000000057e+00 1.000000000000000048e-04 1.523339944551443115e-01 1.000000000000000000e+00
-2.188250000000000028e+00 1.000000000000000048e-04 1.523716091860149724e-01 1.000000000000000000e+00
-2.187500000000000000e+00 1.000000000000000048e-04 1.524092366278929633e-01 1.000000000000000000e+00
-2.186749999999999972e+00 1.000000000000000048e-04 1.524468767859964435e-01 1.000000000000000000e+00
-2.185999999999999943e+00 1.000000000000000048e-04 1.524845296655422955e-01 1.000000000000000000e+00
-2.185249999999999915e+00 1.000000000000000048e-04 1.525221952717460416e-01 1.000000000000000000e+00
-2.184499999999999886e+00 1.000000000000000048e-04 1.525598736098218999e-01 1.000000000000000000e+00
-2.183749999999999858e+00 1.000000000000000048e-04 1.525975646849828671e-01 1.000000000000000000e+00
-2.182999999999999829e+00 1.000000000000000048e-04 1.526352685024404132e-01 1.000000000000000000e+00
-2.182249999999999801e+00 1.000000000000000048e-04 1.526729850674048705e-01 1.000000000000000000e+00
-2.181499999999999773e+00 1.000000000000000048e-04 1.527107143850850723e-01 1.000000000000000000e+00
-2.180749999999999744e+00 1.000000000000000048e-04 1.527484564606886308e-01 1.000000000000000000e+00
-2.180000000000000160e+00 1.000000000000000048e-04 1.527862112994214649e-01 1.000000000000000000e+00
-2.179250000000000131e+00 1.000000000000000048e-04 1.528239789064884391e-01 1.000000000000000000e+00
-2.178500000000000103e+00 1.000000000000000048e-04 1.528617592870928354e-01 1.000000000000000000e+00
-2.177750000000000075e+00 1.000000000000000048e-04 1.528995524464365485e-01 1.000000000000000000e+00
-2.177000000000000046e+00 1.000000000000000048e-04 1.529373583897200295e-01 1.000000000000000000e+00
-2.176250000000000018e+00 1.000000000000000048e-04 1.529751771221421752e-01 1.000000000000000000e+00
-2.175499999999999989e+00 1.000000000000000048e-04 1.530130086489005781e-01 1.000000000000000000e+00
-2.174749999999999961e+00 1.000000000000000048e-04 1.530508529751913316e-01 1.000000000000000000e+00
-2.173999999999999932e+00 1.000000000000000048e-04 1.530887101062089473e-01 1.000000000000000000e+00
-2.173249999999999904e+00 1.000000000000000048e-04 1.531265800471464378e-01 1.000000000000000000e+00
-2.172499999999999876e+00 1.000000000000000048e-04 1.531644628031953448e-01 1.000000000000000000e+00
-2.171749999999999847e+00 1.000000000000000048e-04 1.532023583795458221e-01 1.000000000000000000e+00
-2.170999999999999819e+00 1.000000000000000048e-04 1.532402667813861086e-01 1.000000000000000000e+00
-2.170249999999999790e+00 1.000000000000000048e-04 1.532781880139032493e-01 1.000000000000000000e+00
-2.169499999999999762e+00 1.000000000000000048e-04 1.533161220822825133e-01 1.000000000000000000e+00
-2.168749999999999734e+00 1.000000000000000048e-04 1.533540689917076705e-01 1.000000000000000000e+00
-2.168000000000000149e+00 1.000000000000000048e-04 1.533920287473607980e-01 1.000000000000000000e+00
-2.167250000000000121e+00 1.000000000000000048e-04 1.534300013544226127e-01 1.000000000000000000e+00
-2.166500000000000092e+00 1.000000000000000048e-04 1.534679868180717777e-01 1.000000000000000000e+00
-2.165750000000000064e+00 1.000000000000000048e-04 1.535059851434857625e-01 1.000000000000000000e+00
-2.165000000000000036e+00 1.000000000000000048e-04 1.535439963358400384e-01 1.000000000000000000e+00
-2.164250000000000007e+00 1.000000000000000048e-04 1.535820204003086054e-01 1.000000000000000000e+00
-2.163499999999999979e+00 1.000000000000000048e-04 1.536200573420637150e-01 1.000000000000000000e+00
-2.162749999999999950e+00 1.000000000000000048e-04 1.536581071662760090e-01 1.000000000000000000e+00
-2.161999999999999922e+00 1.000000000000000048e-04 1.536961698781142693e-01 1.000000000000000000e+00
-2.161249999999999893e+00 1.000000000000000048e-04 1.537342454827456961e-01 1.000000000000000000e+00
-2.160499999999999865e+00 1.000000000000000048e-04 1.537723339853356297e-01 1.000000000000000000e+00
-2.159749999999999837e+00 1.000000000000000048e-04 1.538104353910477728e-01 1.000000000000000000e+00
-2.158999999999999808e+00 1.000000000000000048e-04 1.538485497050440243e-01 1.000000000000000000e+00
-2.158249999999999780e+00 1.000000000000000048e-04 1.538866769324844508e-01 1.000000000000000000e+00
-2.157499999999999751e+00 1.000000000000000048e-04 1.539248170785273984e-01 1.000000000000000000e+00
-2.156749999999999723e+00 1.000000000000000048e-04 1.539629701483293256e-01 1.000000000000000000e+00
-2.156000000000000139e+00 1.000000000000000048e-04 1.540011361470450257e-01 1.000000000000000000e+00
-2.155250000000000110e+00 1.000000000000000048e-04 1.540393150798272659e-01 1.000000000000000000e+00
-2.154500000000000082e+00 1.000000000000000048e-04 1.540775069518271756e-01 1.000000000000000000e+00
-2.153750000000000053e+00 1.000000000000000048e-04 1.541157117681937472e-01 1.000000000000000000e+00
-2.153000000000000025e+00 1.000000000000000048e-04 1.541539295340743354e-01 1.000000000000000000e+00
-2.152249999999999996e+00 1.000000000000000048e-04 1.541921602546142966e-01 1.000000000000000000e+00
-2.151499999999999968e+00 1.000000000000000048e-04 1.542304039349570999e-01 1.000000000000000000e+00
-2.150749999999999940e+00 1.000000000000000048e-04 1.542686605802442712e-01 1.000000000000000000e+00
-2.149999999999999911e+00 1.000000000000000048e-04 1.543069301956154771e-01 1.000000000000000000e+00
-2.149249999999999883e+00 1.000000000000000048e-04 1.543452127862082468e-01 1.000000000000000000e+00
-2.148499999999999854e+00 1.000000000000000048e-04 1.543835083571584443e-01 1.000000000000000000e+00
-2.147749999999999826e+00 1.000000000000000048e-04 1.544218169135996854e-01 1.000000000000000000e+00
-2.146999999999999797e+00 1.000000000000000048e-04 1.544601384606637540e-01 1.000000000000000000e+00
-2.146249999999999769e+00 1.000000000000000048e-04 1.544984730034803244e-01 1.000000000000000000e+00
-2.145499999999999741e+00 1.000000000000000048e-04 1.545368205471771006e-01 1.000000000000000000e+00
-2.144750000000000156e+00 1.000000000000000048e-04 1.545751810968796769e-01 1.000000000000000000e+00
-2.144000000000000128e+00 1.000000000000000048e-04 1.546135546577117881e-01 1.000000000000000000e+00
-2.143250000000000099e+00 1.000000000000000048e-04 1.546519412347948097e-01 1.000000000000000000e+00
-2.142500000000000071e+00 1.000000000000000048e-04 1.546903408332483687e-01 1.000000000000000000e+00
-2.141750000000000043e+00 1.000000000000000048e-04 1.547287534581896218e-01 1.000000000000000000e+00
-2.141000000000000014e+00 1.000000000000000048e-04 1.547671791147339215e-01 1.000000000000000000e+00
-2.140249999999999986e+00 1.000000000000000048e-04 1.548056178079943723e-01 1.000000000000000000e+00
-2.139499999999999957e+00 1.000000000000000048e-04 1.548440695430819691e-01 1.000000000000000000e+00
-2.138749999999999929e+00 1.000000000000000048e-04 1.548825343251054310e-01 1.000000000000000000e+00
-2.137999999999999901e+00 1.000000000000000048e-04 1.549210121591714506e-01 1.000000000000000000e+00
-2.137249999999999872e+00 1.000000000000000048e-04 1.549595030503846116e-01 1.000000000000000000e+00
-2.136499999999999844e+00 1.000000000000000048e-04 1.549980070038468605e-01 1.000000000000000000e+00
-2.135749999999999815e+00 1.000000000000000048e-04 1.550365240246585619e-01 1.000000000000000000e+00
-2.134999999999999787e+00 1.000000000000000048e-04 1.550750541179171660e-01 1.000000000000000000e+00
-2.134249999999999758e+00 1.000000000000000048e-04 1.551135972887185133e-01 1.000000000000000000e+00
-2.133499999999999730e+00 1.000000000000000048e-04 1.551521535421557241e-01 1.000000000000000000e+00
-2.132750000000000146e+00 1.000000000000000048e-04 1.551907228833198094e-01 1.000000000000000000e+00
-2.132000000000000117e+00 1.000000000000000048e-04 1.552293053172995319e-01 1.000000000000000000e+00
-2.131250000000000089e+00 1.000000000000000048e-04 1.552679008491812396e-01 1.000000000000000000e+00
-2.130500000000000060e+00 1.000000000000000048e-04 1.553065094840490601e-01 1.000000000000000000e+00
-2.129750000000000032e+00 1.000000000000000048e-04 1.553451312269846507e-01 1.000000000000000000e+00
-2.129000000000000004e+00 1.000000000000000048e-04 1.553837660830674205e-01 1.000000000000000000e+00
-2.128249999999999975e+00 1.000000000000000048e-04 1.554224140573742807e-01 1.000000000000000000e+00
-2.127499999999999947e+00 1.000000000000000048e-04 1.554610751549799774e-01 1.000000000000000000e+00
-2.126749999999999918e+00 1.000000000000000048e-04 1.554997493809565368e-01 1.000000000000000000e+00
-2.125999999999999890e+00 1.000000000000000048e-04 1.555384367403738755e-01 1.000000000000000000e+00
-2.125249999999999861e+00 1.000000000000000048e-04 1.555771372382993012e-01 1.000000000000000000e+00
-2.124499999999999833e+00 1.000000000000000048e-04 1.556158508797975681e-01 1.000000000000000000e+00
-2.123749999999999805e+00 1.000000000000000048e-04 1.556545776699313210e-01 1.000000000000000000e+00
-2.122999999999999776e+00 1.000000000000000048e-04 1.556933176137603458e-01 1.000000000000000000e+00
-2.122249999999999748e+00 1.000000000000000048e-04 1.557320707163420137e-01 1.000000000000000000e+00
-2.121499999999999719e+00 1.000000000000000048e-04 1.557708369827313921e-01 1.000000000000000000e+00
-2.120750000000000135e+00 1.000000000000000048e-04 1.558096164179807730e-01 1.000000000000000000e+00
-2.120000000000000107e+00 1.000000000000000048e-04 1.558484090271400058e-01 1.000000000000000000e+00
-2.119250000000000078e+00 1.000000000000000048e-04 1.558872148152563863e-01 1.000000000000000000e+00
-2.118500000000000050e+00 1.000000000000000048e-04 1.559260337873745739e-01 1.000000000000000000e+00
-2.117750000000000021e+00 1.000000000000000048e-04 1.559648659485366184e-01 1.000000000000000000e+00
-2.116999999999999993e+00 1.000000000000000048e-04 1.560037113037820444e-01 1.000000000000000000e+00
-2.116249999999999964e+00 1.000000000000000048e-04 1.560425698581476839e-01 1.000000000000000000e+00
-2.115499999999999936e+00 1.000000000000000048e-04 1.560814416166676766e-01 1.000000000000000000e+00
-2.114749999999999908e+00 1.000000000000000048e-04 1.561203265843736365e-01 1.000000000000000000e+00
-2.113999999999999879e+00 1.000000000000000048e-04 1.561592247662943189e-01 1.000000000000000000e+00
-2.113249999999999851e+00 1.000000000000000048e-04 1.561981361674559254e-01 1.000000000000000000e+00
-2.112499999999999822e+00 1.000000000000000048e-04 1.562370607928818822e-01 1.000000000000000000e+00
-2.111749999999999794e+00 1.000000000000000048e-04 1.562759986475929230e-01 1.000000000000000000e+00
-2.110999999999999766e+00 1.000000000000000048e-04 1.563149497366069784e-01 1.000000000000000000e+00
-2.110249999999999737e+00 1.000000000000000048e-04 1.563539140649392589e-01 1.000000000000000000e+00
-2.109500000000000153e+00 1.000000000000000048e-04 1.563928916376021439e-01 1.000000000000000000e+00
-2.108750000000000124e+00 1.000000000000000048e-04 1.564318824596053203e-01 1.000000000000000000e+00
-2.108000000000000096e+00 1.000000000000000048e-04 1.564708865359554779e-01 1.000000000000000000e+00
-2.107250000000000068e+00 1.000000000000000048e-04 1.565099038716566693e-01 1.000000000000000000e+00
-2.106500000000000039e+00 1.000000000000000048e-04 1.565489344717100884e-01 1.000000000000000000e+00
-2.105750000000000011e+00 1.000000000000000048e-04 1.565879783411138204e-01 1.000000000000000000e+00
-2.104999999999999982e+00 1.000000000000000048e-04 1.566270354848633972e-01 1.000000000000000000e+00
-2.104249999999999954e+00 1.000000000000000048e-04 1.566661059079511031e-01 1.000000000000000000e+00
-2.103499999999999925e+00 1.000000000000000048e-04 1.567051896153667245e-01 1.000000000000000000e+00
-2.102749999999999897e+00 1.000000000000000048e-04 1.567442866120967726e-01 1.000000000000000000e+00
-2.101999999999999869e+00 1.000000000000000048e-04 1.567833969031248442e-01 1.000000000000000000e+00
-2.101249999999999840e+00 1.000000000000000048e-04 1.568225204934317885e-01 1.000000000000000000e+00
-2.100499999999999812e+00 1.000000000000000048e-04 1.568616573879951792e-01 1.000000000000000000e+00
-2.099749999999999783e+00 1.000000000000000048e-04 1.569008075917898704e-01 1.000000000000000000e+00
-2.098999999999999755e+00 1.000000000000000048e-04 1.569399711097874961e-01 1.000000000000000000e+00
-2.098249999999999726e+00 1.000000000000000048e-04 1.569791479469566653e-01 1.000000000000000000e+00
-2.097500000000000142e+00 1.000000000000000048e-04 1.570183381082630170e-01 1.000000000000000000e+00
-2.096750000000000114e+00 1.000000000000000048e-04 1.570575415986690260e-01 1.000000000000000000e+00
-2.096000000000000085e+00 1.000000000000000048e-04 1.570967584231341974e-01 1.000000000000000000e+00
-2.095250000000000057e+00 1.000000000000000048e-04 1.571359885866148998e-01 1.000000000000000000e+00
-2.094500000000000028e+00 1.000000000000000048e-04 1.571752320940641712e-01 1.000000000000000000e+00
-2.093750000000000000e+00 1.000000000000000048e-04 1.572144889504321630e-01 1.000000000000000000e+00
-2.092999999999999972e+00 1.000000000000000048e-04 1.572537591606657514e-01 1.000000000000000000e+00
-2.092249999999999943e+00 1.000000000000000048e-04 1.572930427297086486e-01 1.000000000000000000e+00
-2.091499999999999915e+00 1.000000000000000048e-04 1.573323396625012915e-01 1.000000000000000000e+00
-2.090749999999999886e+00 1.000000000000000048e-04 1.573716499639810917e-01 1.000000000000000000e+00
-2.089999999999999858e+00 1.000000000000000048e-04 1.574109736390820469e-01 1.000000000000000000e+00
-2.089249999999999829e+00 1.000000000000000048e-04 1.574503106927349350e-01 1.000000000000000000e+00
-2.088499999999999801e+00 1.000000000000000048e-04 1.574896611298673699e-01 1.000000000000000000e+00
-2.087749999999999773e+00 1.000000000000000048e-04 1.575290249554034960e-01 1.000000000000000000e+00
-2.086999999999999744e+00 1.000000000000000048e-04 1.575684021742643215e-01 1.000000000000000000e+00
-2.086250000000000160e+00 1.000000000000000048e-04 1.576077927913674681e-01 1.000000000000000000e+00
-2.085500000000000131e+00 1.000000000000000048e-04 1.576471968116271716e-01 1.000000000000000000e+00
-2.084750000000000103e+00 1.000000000000000048e-04 1.576866142399543647e-01 1.000000000000000000e+00
-2.084000000000000075e+00 1.000000000000000048e-04 1.577260450812565384e-01 1.000000000000000000e+00
-2.083250000000000046e+00 1.000000000000000048e-04 1.577654893404379088e-01 1.000000000000000000e+00
-2.082500000000000018e+00 1.000000000000000048e-04 1.578049470223990280e-01 1.000000000000000000e+00
-2.081749999999999989e+00 1.000000000000000048e-04 1.578444181320373119e-01 1.000000000000000000e+00
-2.080999999999999961e+00 1.000000000000000048e-04 1.578839026742465401e-01 1.000000000000000000e+00
-2.080249999999999932e+00 1.000000000000000048e-04 1.579234006539170510e-01 1.000000000000000000e+00
-2.079499999999999904e+00 1.000000000000000048e-04 1.579629120759356853e-01 1.000000000000000000e+00
-2.078749999999999876e+00 1.000000000000000048e-04 1.580024369451857313e-01 1.000000000000000000e+00
-2.077999999999999847e+00 1.000000000000000048e-04 1.580419752665471189e-01 1.000000000000000000e+00
-2.077249999999999819e+00 1.000000000000000048e-04 1.580815270448960863e-01 1.000000000000000000e+00
-2.076499999999999790e+00 1.000000000000000048e-04 1.581210922851052636e-01 1.000000000000000000e+00
-2.075749999999999762e+00 1.000000000000000048e-04 1.581606709920437837e-01 1.000000000000000000e+00
-2.074999999999999734e+00 1.000000000000000048e-04 1.582002631705771434e-01 1.000000000000000000e+00
-2.074250000000000149e+00 1.000000000000000048e-04 1.582398688255672314e-01 1.000000000000000000e+00
-2.073500000000000121e+00 1.000000000000000048e-04 1.582794879618722728e-01 1.000000000000000000e+00
-2.072750000000000092e+00 1.000000000000000048e-04 1.583191205843469396e-01 1.000000000000000000e+00
-2.072000000000000064e+00 1.000000000000000048e-04 1.583587666978419350e-01 1.000000000000000000e+00
-2.071250000000000036e+00 1.000000000000000048e-04 1.583984263072045207e-01 1.000000000000000000e+00
-2.070500000000000007e+00 1.000000000000000048e-04 1.584380994172782664e-01 1.000000000000000000e+00
-2.069749999999999979e+00 1.000000000000000048e-04 1.584777860329027455e-01 1.000000000000000000e+00
-2.068999999999999950e+00 1.000000000000000048e-04 1.585174861589140061e-01 1.000000000000000000e+00
-2.068249999999999922e+00 1.000000000000000048e-04 1.585571998001442107e-01 1.000000000000000000e+00
-2.067499999999999893e+00 1.000000000000000048e-04 1.585969269614216914e-01 1.000000000000000000e+00
-2.066749999999999865e+00 1.000000000000000048e-04 1.586366676475710613e-01 1.000000000000000000e+00
-2.065999999999999837e+00 1.000000000000000048e-04 1.586764218634130752e-01 1.000000000000000000e+00
-2.065249999999999808e+00 1.000000000000000048e-04 1.587161896137645467e-01 1.000000000000000000e+00
-2.064499999999999780e+00 1.000000000000000048e-04 1.587559709034385425e-01 1.000000000000000000e+00
-2.063749999999999751e+00 1.000000000000000048e-04 1.587957657372440767e-01 1.000000000000000000e+00
-2.062999999999999723e+00 1.000000000000000048e-04 1.588355741199863058e-01 1.000000000000000000e+00
-2.062250000000000139e+00 1.000000000000000048e-04 1.588753960564665280e-01 1.000000000000000000e+00
-2.061500000000000110e+00 1.000000000000000048e-04 1.589152315514820724e-01 1.000000000000000000e+00
-2.060750000000000082e+00 1.000000000000000048e-04 1.589550806098261049e-01 1.000000000000000000e+00
-2.060000000000000053e+00 1.000000000000000048e-04 1.589949432362880166e-01 1.000000000000000000e+00
-2.059250000000000025e+00 1.000000000000000048e-04 1.590348194356531186e-01 1.000000000000000000e+00
-2.058499999999999996e+00 1.000000000000000048e-04 1.590747092127026141e-01 1.000000000000000000e+00
-2.057749999999999968e+00 1.000000000000000048e-04 1.591146125722136540e-01 1.000000000000000000e+00
-2.056999999999999940e+00 1.000000000000000048e-04 1.591545295189594200e-01 1.000000000000000000e+00
-2.056249999999999911e+00 1.000000000000000048e-04 1.591944600577088753e-01 1.000000000000000000e+00
-2.055499999999999883e+00 1.000000000000000048e-04 1.592344041932269583e-01 1.000000000000000000e+00
-2.054749999999999854e+00 1.000000000000000048e-04 1.592743619302743607e-01 1.000000000000000000e+00
-2.053999999999999826e+00 1.000000000000000048e-04 1.593143332736077500e-01 1.000000000000000000e+00
-2.053249999999999797e+00 1.000000000000000048e-04 1.593543182279794634e-01 1.000000000000000000e+00
-2.052499999999999769e+00 1.000000000000000048e-04 1.593943167981377862e-01 1.000000000000000000e+00
-2.051749999999999741e+00 1.000000000000000048e-04 1.594343289888266180e-01 1.000000000000000000e+00
-2.051000000000000156e+00 1.000000000000000048e-04 1.594743548047857229e-01 1.000000000000000000e+00
-2.050250000000000128e+00 1.000000000000000048e-04 1.595143942507506463e-01 1.000000000000000000e+00
-2.049500000000000099e+00 1.000000000000000048e-04 1.595544473314525480e-01 1.000000000000000000e+00
-2.048750000000000071e+00 1.000000000000000048e-04 1.595945140516182581e-01 1.000000000000000000e+00
-2.048000000000000043e+00 1.000000000000000048e-04 1.596345944159704433e-01 1.000000000000000000e+00
-2.047250000000000014e+00 1.000000000000000048e-04 1.596746884292272461e-01 1.000000000000000000e+00
-2.046499999999999986e+00 1.000000000000000048e-04 1.597147960961025348e-01 1.000000000000000000e+00
-2.045749999999999957e+00 1.000000000000000048e-04 1.597549174213057643e-01 1.000000000000000000e+00
-2.044999999999999929e+00 1.000000000000000048e-04 1.597950524095419211e-01 1.000000000000000000e+00
-2.044249999999999901e+00 1.000000000000000048e-04 1.598352010655117728e-01 1.000000000000000000e+00
-2.043499999999999872e+00 1.000000000000000048e-04 1.598753633939112850e-01 1.000000000000000000e+00
-2.042749999999999844e+00 1.000000000000000048e-04 1.599155393994322882e-01 1.000000000000000000e+00
-2.041999999999999815e+00 1.000000000000000048e-04 1.599557290867618664e-01 1.000000000000000000e+00
-2.041249999999999787e+00 1.000000000000000048e-04 1.599959324605828292e-01 1.000000000000000000e+00
-2.040499999999999758e+00 1.000000000000000048e-04 1.600361495255731292e-01 1.000000000000000000e+00
-2.039749999999999730e+00 1.000000000000000048e-04 1.600763802864064445e-01 1.000000000000000000e+00
-2.039000000000000146e+00 1.000000000000000048e-04 1.601166247477517068e-01 1.000000000000000000e+00
-2.038250000000000117e+00 1.000000000000000048e-04 1.601568829142733241e-01 1.000000000000000000e+00
-2.037500000000000089e+00 1.000000000000000048e-04 1.601971547906311244e-01 1.000000000000000000e+00
-2.036750000000000060e+00 1.000000000000000048e-04 1.602374403814800785e-01 1.000000000000000000e+00
-2.036000000000000032e+00 1.000000000000000048e-04 1.602777396914707442e-01 1.000000000000000000e+00
-2.035250000000000004e+00 1.000000000000000048e-04 1.603180527252487664e-01 1.000000000000000000e+00
-2.034499999999999975e+00 1.000000000000000048e-04 1.603583794874552104e-01 1.000000000000000000e+00
-2.033749999999999947e+00 1.000000000000000048e-04 1.603987199827263954e-01 1.000000000000000000e+00
-2.032999999999999918e+00 1.000000000000000048e-04 1.604390742156938943e-01 1.000000000000000000e+00
-2.032249999999999890e+00 1.000000000000000048e-04 1.604794421909843949e-01 1.000000000000000000e+00
-2.031499999999999861e+00 1.000000000000000048e-04 1.605198239132198945e-01 1.000000000000000000e+00
-2.030749999999999833e+00 1.000000000000000048e-04 1.605602193870174776e-01 1.000000000000000000e+00
-2.029999999999999805e+00 1.000000000000000048e-04 1.606006286169894270e-01 1.000000000000000000e+00
-2.029249999999999776e+00 1.000000000000000048e-04 1.606410516077432238e-01 1.000000000000000000e+00
-2.028499999999999748e+00 1.000000000000000048e-04 1.606814883638813529e-01 1.000000000000000000e+00
-2.027749999999999719e+00 1.000000000000000048e-04 1.607219388900014700e-01 1.000000000000000000e+00
-2.027000000000000135e+00 1.000000000000000048e-04 1.607624031906960960e-01 1.000000000000000000e+00
-2.026250000000000107e+00 1.000000000000000048e-04 1.608028812705531163e-01 1.000000000000000000e+00
-2.025500000000000078e+00 1.000000000000000048e-04 1.608433731341551154e-01 1.000000000000000000e+00
-2.024750000000000050e+00 1.000000000000000048e-04 1.608838787860799868e-01 1.000000000000000000e+00
-2.024000000000000021e+00 1.000000000000000048e-04 1.609243982309002674e-01 1.000000000000000000e+00
-2.023249999999999993e+00 1.000000000000000048e-04 1.609649314731837200e-01 1.000000000000000000e+00
-2.022499999999999964e+00 1.000000000000000048e-04 1.610054785174927783e-01 1.000000000000000000e+00
-2.021749999999999936e+00 1.000000000000000048e-04 1.610460393683850744e-01 1.000000000000000000e+00
-2.020999999999999908e+00 1.000000000000000048e-04 1.610866140304128280e-01 1.000000000000000000e+00
-2.020249999999999879e+00 1.000000000000000048e-04 1.611272025081234571e-01 1.000000000000000000e+00
-2.019499999999999851e+00 1.000000000000000048e-04 1.611678048060587731e-01 1.000000000000000000e+00
-2.018749999999999822e+00 1.000000000000000048e-04 1.612084209287557302e-01 1.000000000000000000e+00
-2.017999999999999794e+00 1.000000000000000048e-04 1.612490508807459255e-01 1.000000000000000000e+00
-2.017249999999999766e+00 1.000000000000000048e-04 1.612896946665558773e-01 1.000000000000000000e+00
-2.016499999999999737e+00 1.000000000000000048e-04 1.613303522907066356e-01 1.000000000000000000e+00
-2.015750000000000153e+00 1.000000000000000048e-04 1.613710237577141160e-01 1.000000000000000000e+00
-2.015000000000000124e+00 1.000000000000000048e-04 1.614117090720889047e-01 1.000000000000000000e+00
-2.014250000000000096e+00 1.000000000000000048e-04 1.614524082383361758e-01 1.000000000000000000e+00
-2.013500000000000068e+00 1.000000000000000048e-04 1.614931212609558575e-01 1.000000000000000000e+00
-2.012750000000000039e+00 1.000000000000000048e-04 1.615338481444423269e-01 1.000000000000000000e+00
-2.012000000000000011e+00 1.000000000000000048e-04 1.615745888932848540e-01 1.000000000000000000e+00
-2.011249999999999982e+00 1.000000000000000048e-04 1.616153435119669912e-01 1.000000000000000000e+00
-2.010499999999999954e+00 1.000000000000000048e-04 1.616561120049670452e-01 1.000000000000000000e+00
-2.009749999999999925e+00 1.000000000000000048e-04 1.616968943767576883e-01 1.000000000000000000e+00
-2.008999999999999897e+00 1.000000000000000048e-04 1.617376906318062357e-01 1.000000000000000000e+00
-2.008249999999999869e+00 1.000000000000000048e-04 1.617785007745743686e-01 1.000000000000000000e+00
-2.007499999999999840e+00 1.000000000000000048e-04 1.618193248095183001e-01 1.000000000000000000e+00
-2.006749999999999812e+00 1.000000000000000048e-04 1.618601627410886923e-01 1.000000000000000000e+00
-2.005999999999999783e+00 1.000000000000000048e-04 1.619010145737304895e-01 1.000000000000000000e+00
-2.005249999999999755e+00 1.000000000000000048e-04 1.619418803118831685e-01 1.000000000000000000e+00
-2.004499999999999726e+00 1.000000000000000048e-04 1.619827599599804324e-01 1.000000000000000000e+00
-2.003750000000000142e+00 1.000000000000000048e-04 1.620236535224504060e-01 1.000000000000000000e+00
-2.003000000000000114e+00 1.000000000000000048e-04 1.620645610037155793e-01 1.000000000000000000e+00
-2.002250000000000085e+00 1.000000000000000048e-04 1.621054824081924473e-01 1.000000000000000000e+00
-2.001500000000000057e+00 1.000000000000000048e-04 1.621464177402921480e-01 1.000000000000000000e+00
-2.000750000000000028e+00 1.000000000000000048e-04 1.621873670044197691e-01 1.000000000000000000e+00
-2.000000000000000000e+00 1.000000000000000048e-04 1.622283302049747078e-01 1.000000000000000000e+00
-1.999249999999999972e+00 1.000000000000000048e-04 1.622693073463505886e-01 1.000000000000000000e+00
-1.998499999999999943e+00 1.000000000000000048e-04 1.623102984329350684e-01 1.000000000000000000e+00
-1.997749999999999915e+00 1.000000000000000048e-04 1.623513034691100865e-01 1.000000000000000000e+00
-1.996999999999999886e+00 1.000000000000000048e-04 1.623923224592515868e-01 1.000000000000000000e+00
-1.996249999999999858e+00 1.000000000000000048e-04 1.624333554077296848e-01 1.000000000000000000e+00
-1.995499999999999829e+00 1.000000000000000048e-04 1.624744023189084452e-01 1.000000000000000000e+00
-1.994749999999999801e+00 1.000000000000000048e-04 1.625154631971460206e-01 1.000000000000000000e+00
-1.993999999999999773e+00 1.000000000000000048e-04 1.625565380467946797e-01 1.000000000000000000e+00
-1.993249999999999744e+00 1.000000000000000048e-04 1.625976268722004459e-01 1.000000000000000000e+00
-1.992499999999999716e+00 1.000000000000000048e-04 1.626387296777035418e-01 1.000000000000000000e+00
-1.991750000000000131e+00 1.000000000000000048e-04 1.626798464676378897e-01 1.000000000000000000e+00
-1.991000000000000103e+00 1.000000000000000048e-04 1.627209772463315274e-01 1.000000000000000000e+00
-1.990250000000000075e+00 1.000000000000000048e-04 1.627621220181062478e-01 1.000000000000000000e+00
-1.989500000000000046e+00 1.000000000000000048e-04 1.628032807872777654e-01 1.000000000000000000e+00
-1.988750000000000018e+00 1.000000000000000048e-04 1.628444535581555774e-01 1.000000000000000000e+00
-1.987999999999999989e+00 1.000000000000000048e-04 1.628856403350429916e-01 1.000000000000000000e+00
-1.987249999999999961e+00 1.000000000000000048e-04 1.629268411222371260e-01 1.000000000000000000e+00
-1.986499999999999932e+00 1.000000000000000048e-04 1.629680559240287707e-01 1.000000000000000000e+00
-1.985749999999999904e+00 1.000000000000000048e-04 1.630092847447025539e-01 1.000000000000000000e+00
-1.984999999999999876e+00 1.000000000000000048e-04 1.630505275885367478e-01 1.000000000000000000e+00
-1.984249999999999847e+00 1.000000000000000048e-04 1.630917844598032684e-01 1.000000000000000000e+00
-1.983499999999999819e+00 1.000000000000000048e-04 1.631330553627677871e-01 1.000000000000000000e+00
-1.982749999999999790e+00 1.000000000000000048e-04 1.631743403016893967e-01 1.000000000000000000e+00
-1.981999999999999762e+00 1.000000000000000048e-04 1.632156392808209733e-01 1.000000000000000000e+00
-1.981249999999999734e+00 1.000000000000000048e-04 1.632569523044089532e-01 1.000000000000000000e+00
-1.980500000000000149e+00 1.000000000000000048e-04 1.632982793766930840e-01 1.000000000000000000e+00
-1.979750000000000121e+00 1.000000000000000048e-04 1.633396205019069236e-01 1.000000000000000000e+00
-1.979000000000000092e+00 1.000000000000000048e-04 1.633809756842774241e-01 1.000000000000000000e+00
-1.978250000000000064e+00 1.000000000000000048e-04 1.634223449280249041e-01 1.000000000000000000e+00
-1.977500000000000036e+00 1.000000000000000048e-04 1.634637282373631872e-01 1.000000000000000000e+00
-1.976750000000000007e+00 1.000000000000000048e-04 1.635051256164994637e-01 1.000000000000000000e+00
-1.975999999999999979e+00 1.000000000000000048e-04 1.635465370696344567e-01 1.000000000000000000e+00
-1.975249999999999950e+00 1.000000000000000048e-04 1.635879626009619781e-01 1.000000000000000000e+00
-1.974499999999999922e+00 1.000000000000000048e-04 1.636294022146694005e-01 1.000000000000000000e+00
-1.973749999999999893e+00 1.000000000000000048e-04 1.636708559149373243e-01 1.000000000000000000e+00
-1.972999999999999865e+00 1.000000000000000048e-04 1.637123237059395775e-01 1.000000000000000000e+00
-1.972249999999999837e+00 1.000000000000000048e-04 1.637538055918432156e-01 1.000000000000000000e+00
-1.971499999999999808e+00 1.000000000000000048e-04 1.637953015768086051e-01 1.000000000000000000e+00
-1.970749999999999780e+00 1.000000000000000048e-04 1.638368116649892847e-01 1.000000000000000000e+00
-1.969999999999999751e+00 1.000000000000000048e-04 1.638783358605319096e-01 1.000000000000000000e+00
-1.969249999999999723e+00 1.000000000000000048e-04 1.639198741675762239e-01 1.000000000000000000e+00
-1.968500000000000139e+00 1.000000000000000048e-04 1.639614265902552270e-01 1.000000000000000000e+00
-1.967750000000000110e+00 1.000000000000000048e-04 1.640029931326948964e-01 1.000000000000000000e+00
-1.967000000000000082e+00 1.000000000000000048e-04 1.640445737990141872e-01 1.000000000000000000e+00
-1.966250000000000053e+00 1.000000000000000048e-04 1.640861685933253100e-01 1.000000000000000000e+00
-1.965500000000000025e+00 1.000000000000000048e-04 1.641277775197332867e-01 1.000000000000000000e+00
-1.964749999999999996e+00 1.000000000000000048e-04 1.641694005823360891e-01 1.000000000000000000e+00
-1.963999999999999968e+00 1.000000000000000048e-04 1.642110377852248060e-01 1.000000000000000000e+00
-1.963249999999999940e+00 1.000000000000000048e-04 1.642526891324831984e-01 1.000000000000000000e+00
-1.962499999999999911e+00 1.000000000000000048e-04 1.642943546281880329e-01 1.000000000000000000e+00
-1.961749999999999883e+00 1.000000000000000048e-04 1.643360342764090820e-01 1.000000000000000000e+00
-1.960999999999999854e+00 1.000000000000000048e-04 1.643777280812087072e-01 1.000000000000000000e+00
-1.960249999999999826e+00 1.000000000000000048e-04 1.644194360466421367e-01 1.000000000000000000e+00
-1.959499999999999797e+00 1.000000000000000048e-04 1.644611581767574382e-01 1.000000000000000000e+00
-1.958749999999999769e+00 1.000000000000000048e-04 1.645028944755953515e-01 1.000000000000000000e+00
-1.957999999999999741e+00 1.000000000000000048e-04 1.645446449471893446e-01 1.000000000000000000e+00
-1.957250000000000156e+00 1.000000000000000048e-04 1.645864095955655304e-01 1.000000000000000000e+00
-1.956500000000000128e+00 1.000000000000000048e-04 1.646281884247428329e-01 1.000000000000000000e+00
-1.955750000000000099e+00 1.000000000000000048e-04 1.646699814387326266e-01 1.000000000000000000e+00
-1.955000000000000071e+00 1.000000000000000048e-04 1.647117886415390142e-01 1.000000000000000000e+00
-1.954250000000000043e+00 1.000000000000000048e-04 1.647536100371584100e-01 1.000000000000000000e+00
-1.953500000000000014e+00 1.000000000000000048e-04 1.647954456295802061e-01 1.000000000000000000e+00
-1.952749999999999986e+00 1.000000000000000048e-04 1.648372954227859122e-01 1.000000000000000000e+00
-1.951999999999999957e+00 1.000000000000000048e-04 1.648791594207497102e-01 1.000000000000000000e+00
-1.951249999999999929e+00 1.000000000000000048e-04 1.649210376274382051e-01 1.000000000000000000e+00
-1.950499999999999901e+00 1.000000000000000048e-04 1.649629300468103132e-01 1.000000000000000000e+00
-1.949749999999999872e+00 1.000000000000000048e-04 1.650048366828175406e-01 1.000000000000000000e+00
-1.948999999999999844e+00 1.000000000000000048e-04 1.650467575394035935e-01 1.000000000000000000e+00
-1.948249999999999815e+00 1.000000000000000048e-04 1.650886926205046012e-01 1.000000000000000000e+00
-1.947499999999999787e+00 1.000000000000000048e-04 1.651306419300489214e-01 1.000000000000000000e+00
-1.946749999999999758e+00 1.000000000000000048e-04 1.651726054719572512e-01 1.000000000000000000e+00
-1.945999999999999730e+00 1.000000000000000048e-04 1.652145832501424882e-01 1.000000000000000000e+00
-1.945250000000000146e+00 1.000000000000000048e-04 1.652565752685098421e-01 1.000000000000000000e+00
-1.944500000000000117e+00 1.000000000000000048e-04 1.652985815309565010e-01 1.000000000000000000e+00
-1.943750000000000089e+00 1.000000000000000048e-04 1.653406020413721311e-01 1.000000000000000000e+00
-1.943000000000000060e+00 1.000000000000000048e-04 1.653826368036381556e-01 1.000000000000000000e+00
-1.942250000000000032e+00 1.000000000000000048e-04 1.654246858216282534e-01 1.000000000000000000e+00
-1.941500000000000004e+00 1.000000000000000048e-04 1.654667490992083045e-01 1.000000000000000000e+00
-1.940749999999999975e+00 1.000000000000000048e-04 1.655088266402360564e-01 1.000000000000000000e+00
-1.939999999999999947e+00 1.000000000000000048e-04 1.655509184485612073e-01 1.000000000000000000e+00
-1.939249999999999918e+00 1.000000000000000048e-04 1.655930245280255730e-01 1.000000000000000000e+00
-1.938499999999999890e+00 1.000000000000000048e-04 1.656351448824628925e-01 1.000000000000000000e+00
-1.937749999999999861e+00 1.000000000000000048e-04 1.656772795156986888e-01 1.000000000000000000e+00
-1.936999999999999833e+00 1.000000000000000048e-04 1.657194284315504640e-01 1.000000000000000000e+00
-1.936249999999999805e+00 1.000000000000000048e-04 1.657615916338276152e-01 1.000000000000000000e+00
-1.935499999999999776e+00 1.000000000000000048e-04 1.658037691263312963e-01 1.000000000000000000e+00
-1.934749999999999748e+00 1.000000000000000048e-04 1.658459609128543621e-01 1.000000000000000000e+00
-1.933999999999999719e+00 1.000000000000000048e-04 1.658881669971816464e-01 1.000000000000000000e+00
-1.933250000000000135e+00 1.000000000000000048e-04 1.659303873830894338e-01 1.000000000000000000e+00
-1.932500000000000107e+00 1.000000000000000048e-04 1.659726220743459046e-01 1.000000000000000000e+00
-1.931750000000000078e+00 1.000000000000000048e-04 1.660148710747108292e-01 1.000000000000000000e+00
-1.931000000000000050e+00 1.000000000000000048e-04 1.660571343879356232e-01 1.000000000000000000e+00
-1.930250000000000021e+00 1.000000000000000048e-04 1.660994120177633204e-01 1.000000000000000000e+00
-1.929499999999999993e+00 1.000000000000000048e-04 1.661417039679284335e-01 1.000000000000000000e+00
-1.928749999999999964e+00 1.000000000000000048e-04 1.661840102421570931e-01 1.000000000000000000e+00
-1.927999999999999936e+00 1.000000000000000048e-04 1.662263308441669085e-01 1.000000000000000000e+00
-1.927249999999999908e+00 1.000000000000000048e-04 1.662686657776669963e-01 1.000000000000000000e+00
-1.926499999999999879e+00 1.000000000000000048e-04 1.663110150463578407e-01 1.000000000000000000e+00
-1.925749999999999851e+00 1.000000000000000048e-04 1.663533786539314330e-01 1.000000000000000000e+00
-1.924999999999999822e+00 1.000000000000000048e-04 1.663957566040709934e-01 1.000000000000000000e+00
-1.924249999999999794e+00 1.000000000000000048e-04 1.664381489004512216e-01 1.000000000000000000e+00
-1.923499999999999766e+00 1.000000000000000048e-04 1.664805555467381015e-01 1.000000000000000000e+00
-1.922749999999999737e+00 1.000000000000000048e-04 1.665229765465888745e-01 1.000000000000000000e+00
-1.922000000000000153e+00 1.000000000000000048e-04 1.665654119036520109e-01 1.000000000000000000e+00
-1.921250000000000124e+00 1.000000000000000048e-04 1.666078616215672659e-01 1.000000000000000000e+00
-1.920500000000000096e+00 1.000000000000000048e-04 1.666503257039654851e-01 1.000000000000000000e+00
-1.919750000000000068e+00 1.000000000000000048e-04 1.666928041544686878e-01 1.000000000000000000e+00
-1.919000000000000039e+00 1.000000000000000048e-04 1.667352969766900672e-01 1.000000000000000000e+00
-1.918250000000000011e+00 1.000000000000000048e-04 1.667778041742339068e-01 1.000000000000000000e+00
-1.917499999999999982e+00 1.000000000000000048e-04 1.668203257506953863e-01 1.000000000000000000e+00
-1.916749999999999954e+00 1.000000000000000048e-04 1.668628617096609146e-01 1.000000000000000000e+00
-1.915999999999999925e+00 1.000000000000000048e-04 1.669054120547076858e-01 1.000000000000000000e+00
-1.915249999999999897e+00 1.000000000000000048e-04 1.669479767894040401e-01 1.000000000000000000e+00
-1.914499999999999869e+00 1.000000000000000048e-04 1.669905559173091303e-01 1.000000000000000000e+00
-1.913749999999999840e+00 1.000000000000000048e-04 1.670331494419728946e-01 1.000000000000000000e+00
-1.912999999999999812e+00 1.000000000000000048e-04 1.670757573669364171e-01 1.000000000000000000e+00
-1.912249999999999783e+00 1.000000000000000048e-04 1.671183796957313172e-01 1.000000000000000000e+00
-1.911499999999999755e+00 1.000000000000000048e-04 1.671610164318800551e-01 1.000000000000000000e+00
-1.910749999999999726e+00 1.000000000000000048e-04 1.672036675788959315e-01 1.000000000000000000e+00
-1.910000000000000142e+00 1.000000000000000048e-04 1.672463331402828934e-01 1.000000000000000000e+00
-1.909250000000000114e+00 1.000000000000000048e-04 1.672890131195357011e-01 1.000000000000000000e+00
-1.908500000000000085e+00 1.000000000000000048e-04 1.673317075201395665e-01 1.000000000000000000e+00
-1.907750000000000057e+00 1.000000000000000048e-04 1.673744163455703760e-01 1.000000000000000000e+00
-1.907000000000000028e+00 1.000000000000000048e-04 1.674171395992947731e-01 1.000000000000000000e+00
-1.906250000000000000e+00 1.000000000000000048e-04 1.674598772847697148e-01 1.000000000000000000e+00
-1.905499999999999972e+00 1.000000000000000048e-04 1.675026294054427489e-01 1.000000000000000000e+00
-1.904749999999999943e+00 1.000000000000000048e-04 1.675453959647519586e-01 1.000000000000000000e+00
-1.903999999999999915e+00 1.000000000000000048e-04 1.675881769661258791e-01 1.000000000000000000e+00
-1.903249999999999886e+00 1.000000000000000048e-04 1.676309724129833312e-01 1.000000000000000000e+00
-1.902499999999999858e+00 1.000000000000000048e-04 1.676737823087335877e-01 1.000000000000000000e+00
-1.901749999999999829e+00 1.000000000000000048e-04 1.677166066567762903e-01 1.000000000000000000e+00
-1.900999999999999801e+00 1.000000000000000048e-04 1.677594454605014496e-01 1.000000000000000000e+00
-1.900249999999999773e+00 1.000000000000000048e-04 1.678022987232891394e-01 1.000000000000000000e+00
-1.899499999999999744e+00 1.000000000000000048e-04 1.678451664485098860e-01 1.000000000000000000e+00
-1.898749999999999716e+00 1.000000000000000048e-04 1.678880486395241955e-01 1.000000000000000000e+00
-1.898000000000000131e+00 1.000000000000000048e-04 1.679309452996828878e-01 1.000000000000000000e+00
-1.897250000000000103e+00 1.000000000000000048e-04 1.679738564323270122e-01 1.000000000000000000e+00
-1.896500000000000075e+00 1.000000000000000048e-04 1.680167820407875434e-01 1.000000000000000000e+00
-1.895750000000000046e+00 1.000000000000000048e-04 1.680597221283855192e-01 1.000000000000000000e+00
-1.895000000000000018e+00 1.000000000000000048e-04 1.681026766984320686e-01 1.000000000000000000e+00
-1.894249999999999989e+00 1.000000000000000048e-04 1.681456457542283289e-01 1.000000000000000000e+00
-1.893499999999999961e+00 1.000000000000000048e-04 1.681886292990653065e-01 1.000000000000000000e+00
-1.892749999999999932e+00 1.000000000000000048e-04 1.682316273362239878e-01 1.000000000000000000e+00
-1.891999999999999904e+00 1.000000000000000048e-04 1.682746398689752287e-01 1.000000000000000000e+00
-1.891249999999999876e+00 1.000000000000000048e-04 1.683176669005797266e-01 1.000000000000000000e+00
-1.890499999999999847e+00 1.000000000000000048e-04 1.683607084342880200e-01 1.000000000000000000e+00
-1.889749999999999819e+00 1.000000000000000048e-04 1.684037644733403505e-01 1.000000000000000000e+00
-1.888999999999999790e+00 1.000000000000000048e-04 1.684468350209667453e-01 1.000000000000000000e+00
-1.888249999999999762e+00 1.000000000000000048e-04 1.684899200803869346e-01 1.000000000000000000e+00
-1.887499999999999734e+00 1.000000000000000048e-04 1.685330196548104065e-01 1.000000000000000000e+00
-1.886750000000000149e+00 1.000000000000000048e-04 1.685761337474359634e-01 1.000000000000000000e+00
-1.886000000000000121e+00 1.000000000000000048e-04 1.686192623614524433e-01 1.000000000000000000e+00
-1.885250000000000092e+00 1.000000000000000048e-04 1.686624055000378597e-01 1.000000000000000000e+00
-1.884500000000000064e+00 1.000000000000000048e-04 1.687055631663599564e-01 1.000000000000000000e+00
-1.883750000000000036e+00 1.000000000000000048e-04 1.687487353635759024e-01 1.000000000000000000e+00
-1.883000000000000007e+00 1.000000000000000048e-04 1.687919220948322641e-01 1.000000000000000000e+00
-1.882249999999999979e+00 1.000000000000000048e-04 1.688351233632652271e-01 1.000000000000000000e+00
-1.881499999999999950e+00 1.000000000000000048e-04 1.688783391719999305e-01 1.000000000000000000e+00
-1.880749999999999922e+00 1.000000000000000048e-04 1.689215695241512438e-01 1.000000000000000000e+00
-1.879999999999999893e+00 1.000000000000000048e-04 1.689648144228232118e-01 1.000000000000000000e+00
-1.879249999999999865e+00 1.000000000000000048e-04 1.690080738711090547e-01 1.000000000000000000e+00
-1.878499999999999837e+00 1.000000000000000048e-04 1.690513478720913343e-01 1.000000000000000000e+00
-1.877749999999999808e+00 1.000000000000000048e-04 1.690946364288416492e-01 1.000000000000000000e+00
-1.876999999999999780e+00 1.000000000000000048e-04 1.691379395444209954e-01 1.000000000000000000e+00
-1.876249999999999751e+00 1.000000000000000048e-04 1.691812572218791277e-01 1.000000000000000000e+00
-1.875499999999999723e+00 1.000000000000000048e-04 1.692245894642551707e-01 1.000000000000000000e+00
-1.874750000000000139e+00 1.000000000000000048e-04 1.692679362745771465e-01 1.000000000000000000e+00
-1.874000000000000110e+00 1.000000000000000048e-04 1.693112976558620864e-01 1.000000000000000000e+00
-1.873250000000000082e+00 1.000000000000000048e-04 1.693546736111161133e-01 1.000000000000000000e+00
-1.872500000000000053e+00 1.000000000000000048e-04 1.693980641433338874e-01 1.000000000000000000e+00
-1.871750000000000025e+00 1.000000000000000048e-04 1.694414692554994661e-01 1.000000000000000000e+00
-1.870999999999999996e+00 1.000000000000000048e-04 1.694848889505853329e-01 1.000000000000000000e+00
-1.870249999999999968e+00 1.000000000000000048e-04 1.695283232315529798e-01 1.000000000000000000e+00
-1.869499999999999940e+00 1.000000000000000048e-04 1.695717721013526580e-01 1.000000000000000000e+00
-1.868749999999999911e+00 1.000000000000000048e-04 1.696152355629232944e-01 1.000000000000000000e+00
-1.867999999999999883e+00 1.000000000000000048e-04 1.696587136191924083e-01 1.000000000000000000e+00
-1.867249999999999854e+00 1.000000000000000048e-04 1.697022062730763892e-01 1.000000000000000000e+00
-1.866499999999999826e+00 1.000000000000000048e-04 1.697457135274800799e-01 1.000000000000000000e+00
-1.865749999999999797e+00 1.000000000000000048e-04 1.697892353852968883e-01 1.000000000000000000e+00
-1.864999999999999769e+00 1.000000000000000048e-04 1.698327718494088701e-01 1.000000000000000000e+00
-1.864249999999999741e+00 1.000000000000000048e-04 1.698763229226864235e-01 1.000000000000000000e+00
-1.863500000000000156e+00 1.000000000000000048e-04 1.699198886079885396e-01 1.000000000000000000e+00
-1.862750000000000128e+00 1.000000000000000048e-04 1.699634689081625516e-01 1.000000000000000000e+00
-1.862000000000000099e+00 1.000000000000000048e-04 1.700070638260441080e-01 1.000000000000000000e+00
-1.861250000000000071e+00 1.000000000000000048e-04 1.700506733644573942e-01 1.000000000000000000e+00
-1.860500000000000043e+00 1.000000000000000048e-04 1.700942975262146051e-01 1.000000000000000000e+00
-1.859750000000000014e+00 1.000000000000000048e-04 1.701379363141164447e-01 1.000000000000000000e+00
-1.858999999999999986e+00 1.000000000000000048e-04 1.701815897309515990e-01 1.000000000000000000e+00
-1.858249999999999957e+00 1.000000000000000048e-04 1.702252577794971522e-01 1.000000000000000000e+00
-1.857499999999999929e+00 1.000000000000000048e-04 1.702689404625181979e-01 1.000000000000000000e+00
-1.856749999999999901e+00 1.000000000000000048e-04 1.703126377827679505e-01 1.000000000000000000e+00
-1.855999999999999872e+00 1.000000000000000048e-04 1.703563497429876616e-01 1.000000000000000000e+00
-1.855249999999999844e+00 1.000000000000000048e-04 1.704000763459066481e-01 1.000000000000000000e+00
-1.854499999999999815e+00 1.000000000000000048e-04 1.704438175942420974e-01 1.000000000000000000e+00
-1.853749999999999787e+00 1.000000000000000048e-04 1.704875734906992069e-01 1.000000000000000000e+00
-1.852999999999999758e+00 1.000000000000000048e-04 1.705313440379710999e-01 1.000000000000000000e+00
-1.852249999999999730e+00 1.000000000000000048e-04 1.705751292387386320e-01 1.000000000000000000e+00
-1.851500000000000146e+00 1.000000000000000048e-04 1.706189290956705296e-01 1.000000000000000000e+00
-1.850750000000000117e+00 1.000000000000000048e-04 1.706627436114233343e-01 1.000000000000000000e+00
-1.850000000000000089e+00 1.000000000000000048e-04 1.707065727886413198e-01 1.000000000000000000e+00
-1.849250000000000060e+00 1.000000000000000048e-04 1.707504166299562975e-01 1.000000000000000000e+00
-1.848500000000000032e+00 1.000000000000000048e-04 1.707942751379878110e-01 1.000000000000000000e+00
-1.847750000000000004e+00 1.000000000000000048e-04 1.708381483153431357e-01 1.000000000000000000e+00
-1.846999999999999975e+00 1.000000000000000048e-04 1.708820361646169461e-01 1.000000000000000000e+00
-1.846249999999999947e+00 1.000000000000000048e-04 1.709259386883913434e-01 1.000000000000000000e+00
-1.845499999999999918e+00 1.000000000000000048e-04 1.709698558892362719e-01 1.000000000000000000e+00
-1.844749999999999890e+00 1.000000000000000048e-04 1.710137877697086861e-01 1.000000000000000000e+00
-1.843999999999999861e+00 1.000000000000000048e-04 1.710577343323532173e-01 1.000000000000000000e+00
-1.843249999999999833e+00 1.000000000000000048e-04 1.711016955797017847e-01 1.000000000000000000e+00
-1.842499999999999805e+00 1.000000000000000048e-04 1.711456715142735674e-01 1.000000000000000000e+00
-1.841749999999999776e+00 1.000000000000000048e-04 1.711896621385750328e-01 1.000000000000000000e+00
-1.840999999999999748e+00 1.000000000000000048e-04 1.712336674550998528e-01 1.000000000000000000e+00
-1.840249999999999719e+00 1.000000000000000048e-04 1.712776874663289040e-01 1.000000000000000000e+00
-1.839500000000000135e+00 1.000000000000000048e-04 1.713217221747302399e-01 1.000000000000000000e+00
-1.838750000000000107e+00 1.000000000000000048e-04 1.713657715827590078e-01 1.000000000000000000e+00
-1.838000000000000078e+00 1.000000000000000048e-04 1.714098356928572819e-01 1.000000000000000000e+00
-1.837250000000000050e+00 1.000000000000000048e-04 1.714539145074543691e-01 1.000000000000000000e+00
-1.836500000000000021e+00 1.000000000000000048e-04 1.714980080289663089e-01 1.000000000000000000e+00
-1.835749999999999993e+00 1.000000000000000048e-04 1.715421162597961513e-01 1.000000000000000000e+00
-1.834999999999999964e+00 1.000000000000000048e-04 1.715862392023339567e-01 1.000000000000000000e+00
-1.834249999999999936e+00 1.000000000000000048e-04 1.716303768589564627e-01 1.000000000000000000e+00
-1.833499999999999908e+00 1.000000000000000048e-04 1.716745292320272231e-01 1.000000000000000000e+00
-1.832749999999999879e+00 1.000000000000000048e-04 1.717186963238965802e-01 1.000000000000000000e+00
-1.831999999999999851e+00 1.000000000000000048e-04 1.717628781369017199e-01 1.000000000000000000e+00
-1.831249999999999822e+00 1.000000000000000048e-04 1.718070746733660892e-01 1.000000000000000000e+00
-1.830499999999999794e+00 1.000000000000000048e-04 1.718512859356002564e-01 1.000000000000000000e+00
-1.829749999999999766e+00 1.000000000000000048e-04 1.718955119259009956e-01 1.000000000000000000e+00
-1.828999999999999737e+00 1.000000000000000048e-04 1.719397526465518133e-01 1.000000000000000000e+00
-1.828250000000000153e+00 1.000000000000000048e-04 1.719840080998224774e-01 1.000000000000000000e+00
-1.827500000000000124e+00 1.000000000000000048e-04 1.720282782879695715e-01 1.000000000000000000e+00
-1.826750000000000096e+00 1.000000000000000048e-04 1.720725632132357741e-01 1.000000000000000000e+00
-1.826000000000000068e+00 1.000000000000000048e-04 1.721168628778501908e-01 1.000000000000000000e+00
-1.825250000000000039e+00 1.000000000000000048e-04 1.721611772840281607e-01 1.000000000000000000e+00
-1.824500000000000011e+00 1.000000000000000048e-04 1.722055064339714781e-01 1.000000000000000000e+00
-1.823749999999999982e+00 1.000000000000000048e-04 1.722498503298680039e-01 1.000000000000000000e+00
-1.822999999999999954e+00 1.000000000000000048e-04 1.722942089738918880e-01 1.000000000000000000e+00
-1.822249999999999925e+00 1.000000000000000048e-04 1.723385823682032914e-01 1.000000000000000000e+00
-1.821499999999999897e+00 1.000000000000000048e-04 1.723829705149485247e-01 1.000000000000000000e+00
-1.820749999999999869e+00 1.000000000000000048e-04 1.724273734162599381e-01 1.000000000000000000e+00
-1.819999999999999840e+00 1.000000000000000048e-04 1.724717910742558646e-01 1.000000000000000000e+00
-1.819249999999999812e+00 1.000000000000000048e-04 1.725162234910405379e-01 1.000000000000000000e+00
-1.818499999999999783e+00 1.000000000000000048e-04 1.725606706687042025e-01 1.000000000000000000e+00
-1.817749999999999755e+00 1.000000000000000048e-04 1.726051326093228366e-01 1.000000000000000000e+00
-1.816999999999999726e+00 1.000000000000000048e-04 1.726496093149583189e-01 1.000000000000000000e+00
-1.816250000000000142e+00 1.000000000000000048e-04 1.726941007876582890e-01 1.000000000000000000e+00
-1.815500000000000114e+00 1.000000000000000048e-04 1.727386070294560094e-01 1.000000000000000000e+00
-1.814750000000000085e+00 1.000000000000000048e-04 1.727831280423705596e-01 1.000000000000000000e+00
-1.814000000000000057e+00 1.000000000000000048e-04 1.728276638284065025e-01 1.000000000000000000e+00
-1.813250000000000028e+00 1.000000000000000048e-04 1.728722143895541630e-01 1.000000000000000000e+00
-1.812500000000000000e+00 1.000000000000000048e-04 1.729167797277891550e-01 1.000000000000000000e+00
-1.811749999999999972e+00 1.000000000000000048e-04 1.729613598450727985e-01 1.000000000000000000e+00
-1.810999999999999943e+00 1.000000000000000048e-04 1.730059547433516198e-01 1.000000000000000000e+00
-1.810249999999999915e+00 1.000000000000000048e-04 1.730505644245579067e-01 1.000000000000000000e+00
-1.809499999999999886e+00 1.000000000000000048e-04 1.730951888906089031e-01 1.000000000000000000e+00
-1.808749999999999858e+00 1.000000000000000048e-04 1.731398281434073094e-01 1.000000000000000000e+00
-1.807999999999999829e+00 1.000000000000000048e-04 1.731844821848411153e-01 1.000000000000000000e+00
-1.807249999999999801e+00 1.000000000000000048e-04 1.732291510167835447e-01 1.000000000000000000e+00
-1.806499999999999773e+00 1.000000000000000048e-04 1.732738346410928054e-01 1.000000000000000000e+00
-1.805749999999999744e+00 1.000000000000000048e-04 1.733185330596124507e-01 1.000000000000000000e+00
-1.804999999999999716e+00 1.000000000000000048e-04 1.733632462741708236e-01 1.000000000000000000e+00
-1.804250000000000131e+00 1.000000000000000048e-04 1.734079742865814455e-01 1.000000000000000000e+00
-1.803500000000000103e+00 1.000000000000000048e-04 1.734527170986429334e-01 1.000000000000000000e+00
-1.802750000000000075e+00 1.000000000000000048e-04 1.734974747121385275e-01 1.000000000000000000e+00
-1.802000000000000046e+00 1.000000000000000048e-04 1.735422471288365631e-01 1.000000000000000000e+00
-1.801250000000000018e+00 1.000000000000000048e-04 1.735870343504899715e-01 1.000000000000000000e+00
-1.800499999999999989e+00 1.000000000000000048e-04 1.736318363788367236e-01 1.000000000000000000e+00
-1.799749999999999961e+00 1.000000000000000048e-04 1.736766532155993581e-01 1.000000000000000000e+00
-1.798999999999999932e+00 1.000000000000000048e-04 1.737214848624850927e-01 1.000000000000000000e+00
-1.798249999999999904e+00 1.000000000000000048e-04 1.737663313211858240e-01 1.000000000000000000e+00
-1.797499999999999876e+00 1.000000000000000048e-04 1.738111925933780444e-01 1.000000000000000000e+00
-1.796749999999999847e+00 1.000000000000000048e-04 1.738560686807226474e-01 1.000000000000000000e+00
-1.795999999999999819e+00 1.000000000000000048e-04 1.739009595848650669e-01 1.000000000000000000e+00
-1.795249999999999790e+00 1.000000000000000048e-04 1.739458653074352767e-01 1.000000000000000000e+00
-1.794499999999999762e+00 1.000000000000000048e-04 1.739907858500474858e-01 1.000000000000000000e+00
-1.793749999999999734e+00 1.000000000000000048e-04 1.740357212143003318e-01 1.000000000000000000e+00
-1.793000000000000149e+00 1.000000000000000048e-04 1.740806714017766044e-01 1.000000000000000000e+00
-1.792250000000000121e+00 1.000000000000000048e-04 1.741256364140435220e-01 1.000000000000000000e+00
-1.791500000000000092e+00 1.000000000000000048e-04 1.741706162526522883e-01 1.000000000000000000e+00
-1.790750000000000064e+00 1.000000000000000048e-04 1.742156109191384250e-01 1.000000000000000000e+00
-1.790000000000000036e+00 1.000000000000000048e-04 1.742606204150213833e-01 1.000000000000000000e+00
-1.789250000000000007e+00 1.000000000000000048e-04 1.743056447418046273e-01 1.000000000000000000e+00
-1.788499999999999979e+00 1.000000000000000048e-04 1.743506839009757725e-01 1.000000000000000000e+00
-1.787749999999999950e+00 1.000000000000000048e-04 1.743957378940063363e-01 1.000000000000000000e+00
-1.786999999999999922e+00 1.000000000000000048e-04 1.744408067223514047e-01 1.000000000000000000e+00
-1.786249999999999893e+00 1.000000000000000048e-04 1.744858903874503819e-01 1.000000000000000000e+00
-1.785499999999999865e+00 1.000000000000000048e-04 1.745309888907260465e-01 1.000000000000000000e+00
-1.784749999999999837e+00 1.000000000000000048e-04 1.745761022335851342e-01 1.000000000000000000e+00
-1.783999999999999808e+00 1.000000000000000048e-04 1.746212304174180330e-01 1.000000000000000000e+00
-1.783249999999999780e+00 1.000000000000000048e-04 1.746663734435985882e-01 1.000000000000000000e+00
-1.782499999999999751e+00 1.000000000000000048e-04 1.747115313134844639e-01 1.000000000000000000e+00
-1.781749999999999723e+00 1.000000000000000048e-04 1.747567040284166151e-01 1.000000000000000000e+00
-1.781000000000000139e+00 1.000000000000000048e-04 1.748018915897196768e-01 1.000000000000000000e+00
-1.780250000000000110e+00 1.000000000000000048e-04 1.748470939987015471e-01 1.000000000000000000e+00
-1.779500000000000082e+00 1.000000000000000048e-04 1.748923112566535543e-01 1.000000000000000000e+00
-1.778750000000000053e+00 1.000000000000000048e-04 1.749375433648503730e-01 1.000000000000000000e+00
-1.778000000000000025e+00 1.000000000000000048e-04 1.749827903245499416e-01 1.000000000000000000e+00
-1.777249999999999996e+00 1.000000000000000048e-04 1.750280521369932119e-01 1.000000000000000000e+00
-1.776499999999999968e+00 1.000000000000000048e-04 1.750733288034046486e-01 1.000000000000000000e+00
-1.775749999999999940e+00 1.000000000000000048e-04 1.751186203249914530e-01 1.000000000000000000e+00
-1.774999999999999911e+00 1.000000000000000048e-04 1.751639267029442004e-01 1.000000000000000000e+00
-1.774249999999999883e+00 1.000000000000000048e-04 1.752092479384362578e-01 1.000000000000000000e+00
-1.773499999999999854e+00 1.000000000000000048e-04 1.752545840326240334e-01 1.000000000000000000e+00
-1.772749999999999826e+00 1.000000000000000048e-04 1.752999349866468104e-01 1.000000000000000000e+00
-1.771999999999999797e+00 1.000000000000000048e-04 1.753453008016266912e-01 1.000000000000000000e+00
-1.771249999999999769e+00 1.000000000000000048e-04 1.753906814786686252e-01 1.000000000000000000e+00
-1.770499999999999741e+00 1.000000000000000048e-04 1.754360770188601870e-01 1.000000000000000000e+00
-1.769749999999999712e+00 1.000000000000000048e-04 1.754814874232717425e-01 1.000000000000000000e+00
-1.769000000000000128e+00 1.000000000000000048e-04 1.755269126929562828e-01 1.000000000000000000e+00
-1.768250000000000099e+00 1.000000000000000048e-04 1.755723528289492852e-01 1.000000000000000000e+00
-1.767500000000000071e+00 1.000000000000000048e-04 1.756178078322688518e-01 1.000000000000000000e+00
-1.766750000000000043e+00 1.000000000000000048e-04 1.756632777039154880e-01 1.000000000000000000e+00
-1.766000000000000014e+00 1.000000000000000048e-04 1.757087624448721019e-01 1.000000000000000000e+00
-1.765249999999999986e+00 1.000000000000000048e-04 1.757542620561040603e-01 1.000000000000000000e+00
-1.764499999999999957e+00 1.000000000000000048e-04 1.757997765385588829e-01 1.000000000000000000e+00
-1.763749999999999929e+00 1.000000000000000048e-04 1.758453058931664648e-01 1.000000000000000000e+00
-1.762999999999999901e+00 1.000000000000000048e-04 1.758908501208387987e-01 1.000000000000000000e+00
-1.762249999999999872e+00 1.000000000000000048e-04 1.759364092224700860e-01 1.000000000000000000e+00
-1.761499999999999844e+00 1.000000000000000048e-04 1.759819831989366534e-01 1.000000000000000000e+00
-1.760749999999999815e+00 1.000000000000000048e-04 1.760275720510967590e-01 1.000000000000000000e+00
-1.759999999999999787e+00 1.000000000000000048e-04 1.760731757797906472e-01 1.000000000000000000e+00
-1.759249999999999758e+00 1.000000000000000048e-04 1.761187943858405491e-01 1.000000000000000000e+00
-1.758499999999999730e+00 1.000000000000000048e-04 1.761644278700504884e-01 1.000000000000000000e+00
-1.757750000000000146e+00 1.000000000000000048e-04 1.762100762332063919e-01 1.000000000000000000e+00
-1.757000000000000117e+00 1.000000000000000048e-04 1.762557394760758123e-01 1.000000000000000000e+00
-1.756250000000000089e+00 1.000000000000000048e-04 1.763014175994081500e-01 1.000000000000000000e+00
-1.755500000000000060e+00 1.000000000000000048e-04 1.763471106039342928e-01 1.000000000000000000e+00
-1.754750000000000032e+00 1.000000000000000048e-04 1.763928184903668095e-01 1.000000000000000000e+00
-1.754000000000000004e+00 1.000000000000000048e-04 1.764385412593997837e-01 1.000000000000000000e+00
-1.753249999999999975e+00 1.000000000000000048e-04 1.764842789117087585e-01 1.000000000000000000e+00
-1.752499999999999947e+00 1.000000000000000048e-04 1.765300314479506805e-01 1.000000000000000000e+00
-1.751749999999999918e+00 1.000000000000000048e-04 1.765757988687639002e-01 1.000000000000000000e+00
-1.750999999999999890e+00 1.000000000000000048e-04 1.766215811747679776e-01 1.000000000000000000e+00
-1.750249999999999861e+00 1.000000000000000048e-04 1.766673783665639041e-01 1.000000000000000000e+00
-1.749499999999999833e+00 1.000000000000000048e-04 1.767131904447336033e-01 1.000000000000000000e+00
-1.748749999999999805e+00 1.000000000000000048e-04 1.767590174098403188e-01 1.000000000000000000e+00
-1.747999999999999776e+00 1.000000000000000048e-04 1.768048592624283932e-01 1.000000000000000000e+00
-1.747249999999999748e+00 1.000000000000000048e-04 1.768507160030229897e-01 1.000000000000000000e+00
-1.746499999999999719e+00 1.000000000000000048e-04 1.768965876321303976e-01 1.000000000000000000e+00
-1.745750000000000135e+00 1.000000000000000048e-04 1.769424741502377552e-01 1.000000000000000000e+00
-1.745000000000000107e+00 1.000000000000000048e-04 1.769883755578131046e-01 1.000000000000000000e+00
-1.744250000000000078e+00 1.000000000000000048e-04 1.770342918553051426e-01 1.000000000000000000e+00
-1.743500000000000050e+00 1.000000000000000048e-04 1.770802230431433033e-01 1.000000000000000000e+00
-1.742750000000000021e+00 1.000000000000000048e-04 1.771261691217378975e-01 1.000000000000000000e+00
-1.741999999999999993e+00 1.000000000000000048e-04 1.771721300914795849e-01 1.000000000000000000e+00
-1.741249999999999964e+00 1.000000000000000048e-04 1.772181059527397351e-01 1.000000000000000000e+00
-1.740499999999999936e+00 1.000000000000000048e-04 1.772640967058702888e-01 1.000000000000000000e+00
-1.739749999999999908e+00 1.000000000000000048e-04 1.773101023512033414e-01 1.000000000000000000e+00
-1.738999999999999879e+00 1.000000000000000048e-04 1.773561228890515318e-01 1.000000000000000000e+00
-1.738249999999999851e+00 1.000000000000000048e-04 1.774021583197079033e-01 1.000000000000000000e+00
-1.737499999999999822e+00 1.000000000000000048e-04 1.774482086434454875e-01 1.000000000000000000e+00
-1.736749999999999794e+00 1.000000000000000048e-04 1.774942738605178594e-01 1.000000000000000000e+00
-1.735999999999999766e+00 1.000000000000000048e-04 1.775403539711584988e-01 1.000000000000000000e+00
-1.735249999999999737e+00 1.000000000000000048e-04 1.775864489755809850e-01 1.000000000000000000e+00
-1.734500000000000153e+00 1.000000000000000048e-04 1.776325588739789130e-01 1.000000000000000000e+00
-1.733750000000000124e+00 1.000000000000000048e-04 1.776786836665260050e-01 1.000000000000000000e+00
-1.733000000000000096e+00 1.000000000000000048e-04 1.777248233533756383e-01 1.000000000000000000e+00
-1.732250000000000068e+00 1.000000000000000048e-04 1.777709779346612062e-01 1.000000000000000000e+00
-1.731500000000000039e+00 1.000000000000000048e-04 1.778171474104958127e-01 1.000000000000000000e+00
-1.730750000000000011e+00 1.000000000000000048e-04 1.778633317809722170e-01 1.000000000000000000e+00
-1.729999999999999982e+00 1.000000000000000048e-04 1.779095310461628332e-01 1.000000000000000000e+00
-1.729249999999999954e+00 1.000000000000000048e-04 1.779557452061198697e-01 1.000000000000000000e+00
-1.728499999999999925e+00 1.000000000000000048e-04 1.780019742608749400e-01 1.000000000000000000e+00
-1.727749999999999897e+00 1.000000000000000048e-04 1.780482182104389799e-01 1.000000000000000000e+00
-1.726999999999999869e+00 1.000000000000000048e-04 1.780944770548025802e-01 1.000000000000000000e+00
-1.726249999999999840e+00 1.000000000000000048e-04 1.781407507939355150e-01 1.000000000000000000e+00
-1.725499999999999812e+00 1.000000000000000048e-04 1.781870394277869918e-01 1.000000000000000000e+00
-1.724749999999999783e+00 1.000000000000000048e-04 1.782333429562852345e-01 1.000000000000000000e+00
-1.723999999999999755e+00 1.000000000000000048e-04 1.782796613793379281e-01 1.000000000000000000e+00
-1.723249999999999726e+00 1.000000000000000048e-04 1.783259946968315246e-01 1.000000000000000000e+00
-1.722500000000000142e+00 1.000000000000000048e-04 1.783723429086316592e-01 1.000000000000000000e+00
-1.721750000000000114e+00 1.000000000000000048e-04 1.784187060145831782e-01 1.000000000000000000e+00
-1.721000000000000085e+00 1.000000000000000048e-04 1.784650840145094175e-01 1.000000000000000000e+00
-1.720250000000000057e+00 1.000000000000000048e-04 1.785114769082130071e-01 1.000000000000000000e+00
-1.719500000000000028e+00 1.000000000000000048e-04 1.785578846954749277e-01 1.000000000000000000e+00
-1.718750000000000000e+00 1.000000000000000048e-04 1.786043073760551769e-01 1.000000000000000000e+00
-1.717999999999999972e+00 1.000000000000000048e-04 1.786507449496923250e-01 1.000000000000000000e+00
-1.717249999999999943e+00 1.000000000000000048e-04 1.786971974161036258e-01 1.000000000000000000e+00
-1.716499999999999915e+00 1.000000000000000048e-04 1.787436647749847396e-01 1.000000000000000000e+00
-1.715749999999999886e+00 1.000000000000000048e-04 1.787901470260098158e-01 1.000000000000000000e+00
-1.714999999999999858e+00 1.000000000000000048e-04 1.788366441688315489e-01 1.000000000000000000e+00
-1.714249999999999829e+00 1.000000000000000048e-04 1.788831562030808453e-01 1.000000000000000000e+00
-1.713499999999999801e+00 1.000000000000000048e-04 1.789296831283669065e-01 1.000000000000000000e+00
-1.712749999999999773e+00 1.000000000000000048e-04 1.789762249442772846e-01 1.000000000000000000e+00
-1.711999999999999744e+00 1.000000000000000048e-04 1.790227816503774938e-01 1.000000000000000000e+00
-1.711249999999999716e+00 1.000000000000000048e-04 1.790693532462112603e-01 1.000000000000000000e+00
-1.710500000000000131e+00 1.000000000000000048e-04 1.791159397313002444e-01 1.000000000000000000e+00
-1.709750000000000103e+00 1.000000000000000048e-04 1.791625411051442074e-01 1.000000000000000000e+00
-1.709000000000000075e+00 1.000000000000000048e-04 1.792091573672207061e-01 1.000000000000000000e+00
-1.708250000000000046e+00 1.000000000000000048e-04 1.792557885169851206e-01 1.000000000000000000e+00
-1.707500000000000018e+00 1.000000000000000048e-04 1.793024345538706266e-01 1.000000000000000000e+00
-1.706749999999999989e+00 1.000000000000000048e-04 1.793490954772880286e-01 1.000000000000000000e+00
-1.705999999999999961e+00 1.000000000000000048e-04 1.793957712866259269e-01 1.000000000000000000e+00
-1.705249999999999932e+00 1.000000000000000048e-04 1.794424619812503285e-01 1.000000000000000000e+00
-1.704499999999999904e+00 1.000000000000000048e-04 1.794891675605048142e-01 1.000000000000000000e+00
-1.703749999999999876e+00 1.000000000000000048e-04 1.795358880237104549e-01 1.000000000000000000e+00
-1.702999999999999847e+00 1.000000000000000048e-04 1.795826233701655339e-01 1.000000000000000000e+00
-1.702249999999999819e+00 1.000000000000000048e-04 1.796293735991457419e-01 1.000000000000000000e+00
-1.701499999999999790e+00 1.000000000000000048e-04 1.796761387099040097e-01 1.000000000000000000e+00
-1.700749999999999762e+00 1.000000000000000048e-04 1.797229187016704255e-01 1.000000000000000000e+00
-1.699999999999999734e+00 1.000000000000000048e-04 1.797697135736521790e-01 1.000000000000000000e+00
-1.699250000000000149e+00 1.000000000000000048e-04 1.798165233250334782e-01 1.000000000000000000e+00
-1.698500000000000121e+00 1.000000000000000048e-04 1.798633479549755221e-01 1.000000000000000000e+00
-1.697750000000000092e+00 1.000000000000000048e-04 1.799101874626164443e-01 1.000000000000000000e+00
-1.697000000000000064e+00 1.000000000000000048e-04 1.799570418470711197e-01 1.000000000000000000e+00
-1.696250000000000036e+00 1.000000000000000048e-04 1.800039111074313025e-01 1.000000000000000000e+00
-1.695500000000000007e+00 1.000000000000000048e-04 1.800507952427653491e-01 1.000000000000000000e+00
-1.694749999999999979e+00 1.000000000000000048e-04 1.800976942521182178e-01 1.000000000000000000e+00
-1.693999999999999950e+00 1.000000000000000048e-04 1.801446081345117745e-01 1.000000000000000000e+00
-1.693249999999999922e+00 1.000000000000000048e-04 1.801915368889437929e-01 1.000000000000000000e+00
-1.692499999999999893e+00 1.000000000000000048e-04 1.802384805143889546e-01 1.000000000000000000e+00
-1.691749999999999865e+00 1.000000000000000048e-04 1.802854390097980430e-01 1.000000000000000000e+00
-1.690999999999999837e+00 1.000000000000000048e-04 1.803324123740983054e-01 1.000000000000000000e+00
-1.690249999999999808e+00 1.000000000000000048e-04 1.803794006061930078e-01 1.000000000000000000e+00
-1.689499999999999780e+00 1.000000000000000048e-04 1.804264037049618519e-01 1.000000000000000000e+00
-1.688749999999999751e+00 1.000000000000000048e-04 1.804734216692603088e-01 1.000000000000000000e+00
-1.687999999999999723e+00 1.000000000000000048e-04 1.805204544979201187e-01 1.000000000000000000e+00
-1.687250000000000139e+00 1.000000000000000048e-04 1.805675021897487076e-01 1.000000000000000000e+00
-1.686500000000000110e+00 1.000000000000000048e-04 1.806145647435296875e-01 1.000000000000000000e+00
-1.685750000000000082e+00 1.000000000000000048e-04 1.806616421580222454e-01 1.000000000000000000e+00
-1.685000000000000053e+00 1.000000000000000048e-04 1.807087344319613098e-01 1.000000000000000000e+00
-1.684250000000000025e+00 1.000000000000000048e-04 1.807558415640575511e-01 1.000000000000000000e+00
-1.683499999999999996e+00 1.000000000000000048e-04 1.808029635529972423e-01 1.000000000000000000e+00
-1.682749999999999968e+00 1.000000000000000048e-04 1.808501003974421761e-01 1.000000000000000000e+00
-1.681999999999999940e+00 1.000000000000000048e-04 1.808972520960294428e-01 1.000000000000000000e+00
-1.681249999999999911e+00 1.000000000000000048e-04 1.809444186473717631e-01 1.000000000000000000e+00
-1.680499999999999883e+00 1.000000000000000048e-04 1.809916000500569611e-01 1.000000000000000000e+00
-1.679749999999999854e+00 1.000000000000000048e-04 1.810387963026482416e-01 1.000000000000000000e+00
-1.678999999999999826e+00 1.000000000000000048e-04 1.810860074036839129e-01 1.000000000000000000e+00
-1.678249999999999797e+00 1.000000000000000048e-04 1.811332333516773030e-01 1.000000000000000000e+00
-1.677499999999999769e+00 1.000000000000000048e-04 1.811804741451169265e-01 1.000000000000000000e+00
-1.676749999999999741e+00 1.000000000000000048e-04 1.812277297824661515e-01 1.000000000000000000e+00
-1.675999999999999712e+00 1.000000000000000048e-04 1.812750002621632273e-01 1.000000000000000000e+00
-1.675250000000000128e+00 1.000000000000000048e-04 1.813222855826211732e-01 1.000000000000000000e+00
-1.674500000000000099e+00 1.000000000000000048e-04 1.813695857422279178e-01 1.000000000000000000e+00
-1.673750000000000071e+00 1.000000000000000048e-04 1.814169007393458544e-01 1.000000000000000000e+00
-1.673000000000000043e+00 1.000000000000000048e-04 1.814642305723120352e-01 1.000000000000000000e+00
-1.672250000000000014e+00 1.000000000000000048e-04 1.815115752394381166e-01 1.000000000000000000e+00
-1.671499999999999986e+00 1.000000000000000048e-04 1.815589347390100528e-01 1.000000000000000000e+00
-1.670749999999999957e+00 1.000000000000000048e-04 1.816063090692882076e-01 1.000000000000000000e+00
-1.669999999999999929e+00 1.000000000000000048e-04 1.816536982285074098e-01 1.000000000000000000e+00
-1.669249999999999901e+00 1.000000000000000048e-04 1.817011022148763422e-01 1.000000000000000000e+00
-1.668499999999999872e+00 1.000000000000000048e-04 1.817485210265783191e-01 1.000000000000000000e+00
-1.667749999999999844e+00 1.000000000000000048e-04 1.817959546617703981e-01 1.000000000000000000e+00
-1.666999999999999815e+00 1.000000000000000048e-04 1.818434031185836852e-01 1.000000000000000000e+00
-1.666249999999999787e+00 1.000000000000000048e-04 1.818908663951232241e-01 1.000000000000000000e+00
-1.665499999999999758e+00 1.000000000000000048e-04 1.819383444894680235e-01 1.000000000000000000e+00
-1.664749999999999730e+00 1.000000000000000048e-04 1.819858373996708356e-01 1.000000000000000000e+00
-1.664000000000000146e+00 1.000000000000000048e-04 1.820333451237579059e-01 1.000000000000000000e+00
-1.663250000000000117e+00 1.000000000000000048e-04 1.820808676597293896e-01 1.000000000000000000e+00
-1.662500000000000089e+00 1.000000000000000048e-04 1.821284050055589077e-01 1.000000000000000000e+00
-1.661750000000000060e+00 1.000000000000000048e-04 1.821759571591934357e-01 1.000000000000000000e+00
-1.661000000000000032e+00 1.000000000000000048e-04 1.822235241185535259e-01 1.000000000000000000e+00
-1.660250000000000004e+00 1.000000000000000048e-04 1.822711058815329466e-01 1.000000000000000000e+00
-1.659499999999999975e+00 1.000000000000000048e-04 1.823187024459987093e-01 1.000000000000000000e+00
-1.658749999999999947e+00 1.000000000000000048e-04 1.823663138097911252e-01 1.000000000000000000e+00
-1.657999999999999918e+00 1.000000000000000048e-04 1.824139399707235265e-01 1.000000000000000000e+00
-1.657249999999999890e+00 1.000000000000000048e-04 1.824615809265822397e-01 1.000000000000000000e+00
-1.656499999999999861e+00 1.000000000000000048e-04 1.825092366751265016e-01 1.000000000000000000e+00
-1.655749999999999833e+00 1.000000000000000048e-04 1.825569072140885984e-01 1.000000000000000000e+00
-1.654999999999999805e+00 1.000000000000000048e-04 1.826045925411734772e-01 1.000000000000000000e+00
-1.654249999999999776e+00 1.000000000000000048e-04 1.826522926540586900e-01 1.000000000000000000e+00
-1.653499999999999748e+00 1.000000000000000048e-04 1.827000075503947274e-01 1.000000000000000000e+00
-1.652749999999999719e+00 1.000000000000000048e-04 1.827477372278042966e-01 1.000000000000000000e+00
-1.652000000000000135e+00 1.000000000000000048e-04 1.827954816838828489e-01 1.000000000000000000e+00
-1.651250000000000107e+00 1.000000000000000048e-04 1.828432409161981353e-01 1.000000000000000000e+00
-1.650500000000000078e+00 1.000000000000000048e-04 1.828910149222903458e-01 1.000000000000000000e+00
-1.649750000000000050e+00 1.000000000000000048e-04 1.829388036996716371e-01 1.000000000000000000e+00
-1.649000000000000021e+00 1.000000000000000048e-04 1.829866072458266602e-01 1.000000000000000000e+00
-1.648249999999999993e+00 1.000000000000000048e-04 1.830344255582120050e-01 1.000000000000000000e+00
-1.647499999999999964e+00 1.000000000000000048e-04 1.830822586342562841e-01 1.000000000000000000e+00
-1.646749999999999936e+00 1.000000000000000048e-04 1.831301064713599658e-01 1.000000000000000000e+00
-1.645999999999999908e+00 1.000000000000000048e-04 1.831779690668955685e-01 1.000000000000000000e+00
-1.645249999999999879e+00 1.000000000000000048e-04 1.832258464182071889e-01 1.000000000000000000e+00
-1.644499999999999851e+00 1.000000000000000048e-04 1.832737385226108351e-01 1.000000000000000000e+00
-1.643749999999999822e+00 1.000000000000000048e-04 1.833216453773938992e-01 1.000000000000000000e+00
-1.642999999999999794e+00 1.000000000000000048e-04 1.833695669798154348e-01 1.000000000000000000e+00
-1.642249999999999766e+00 1.000000000000000048e-04 1.834175033271059352e-01 1.000000000000000000e+00
-1.641499999999999737e+00 1.000000000000000048e-04 1.834654544164672496e-01 1.000000000000000000e+00
-1.640749999999999709e+00 1.000000000000000048e-04 1.835134202450726670e-01 1.000000000000000000e+00
-1.640000000000000124e+00 1.000000000000000048e-04 1.835614008100663885e-01 1.000000000000000000e+00
-1.639250000000000096e+00 1.000000000000000048e-04 1.836093961085640547e-01 1.000000000000000000e+00
-1.638500000000000068e+00 1.000000000000000048e-04 1.836574061376521627e-01 1.000000000000000000e+00
-1.637750000000000039e+00 1.000000000000000048e-04 1.837054308943883441e-01 1.000000000000000000e+00
-1.637000000000000011e+00 1.000000000000000048e-04 1.837534703758009202e-01 1.000000000000000000e+00
-1.636249999999999982e+00 1.000000000000000048e-04 1.838015245788892638e-01 1.000000000000000000e+00
-1.635499999999999954e+00 1.000000000000000048e-04 1.838495935006232151e-01 1.000000000000000000e+00
-1.634749999999999925e+00 1.000000000000000048e-04 1.838976771379434993e-01 1.000000000000000000e+00
-1.633999999999999897e+00 1.000000000000000048e-04 1.839457754877612539e-01 1.000000000000000000e+00
-1.633249999999999869e+00 1.000000000000000048e-04 1.839938885469581398e-01 1.000000000000000000e+00
-1.632499999999999840e+00 1.000000000000000048e-04 1.840420163123862585e-01 1.000000000000000000e+00
-1.631749999999999812e+00 1.000000000000000048e-04 1.840901587808679019e-01 1.000000000000000000e+00
-1.630999999999999783e+00 1.000000000000000048e-04 1.841383159491957744e-01 1.000000000000000000e+00
-1.630249999999999755e+00 1.000000000000000048e-04 1.841864878141326323e-01 1.000000000000000000e+00
-1.629499999999999726e+00 1.000000000000000048e-04 1.842346743724111724e-01 1.000000000000000000e+00
-1.628750000000000142e+00 1.000000000000000048e-04 1.842828756207343932e-01 1.000000000000000000e+00
-1.628000000000000114e+00 1.000000000000000048e-04 1.843310915557749008e-01 1.000000000000000000e+00
-1.627250000000000085e+00 1.000000000000000048e-04 1.843793221741752697e-01 1.000000000000000000e+00
-1.626500000000000057e+00 1.000000000000000048e-04 1.844275674725478487e-01 1.000000000000000000e+00
-1.625750000000000028e+00 1.000000000000000048e-04 1.844758274474743165e-01 1.000000000000000000e+00
-1.625000000000000000e+00 1.000000000000000048e-04 1.845241020955063482e-01 1.000000000000000000e+00
-1.624249999999999972e+00 1.000000000000000048e-04 1.845723914131648380e-01 1.000000000000000000e+00
-1.623499999999999943e+00 1.000000000000000048e-04 1.846206953969400932e-01 1.000000000000000000e+00
-1.622749999999999915e+00 1.000000000000000048e-04 1.846690140432918070e-01 1.000000000000000000e+00
-1.621999999999999886e+00 1.000000000000000048e-04 1.847173473486488915e-01 1.000000000000000000e+00
-1.621249999999999858e+00 1.000000000000000048e-04 1.847656953094093113e-01 1.000000000000000000e+00
-1.620499999999999829e+00 1.000000000000000048e-04 1.848140579219401669e-01 1.000000000000000000e+00
-1.619749999999999801e+00 1.000000000000000048e-04 1.848624351825775003e-01 1.000000000000000000e+00
-1.618999999999999773e+00 1.000000000000000048e-04 1.849108270876261839e-01 1.000000000000000000e+00
-1.618249999999999744e+00 1.000000000000000048e-04 1.849592336333599762e-01 1.000000000000000000e+00
-1.617499999999999716e+00 1.000000000000000048e-04 1.850076548160212719e-01 1.000000000000000000e+00
-1.616750000000000131e+00 1.000000000000000048e-04 1.850560906318211851e-01 1.000000000000000000e+00
-1.616000000000000103e+00 1.000000000000000048e-04 1.851045410769391608e-01 1.000000000000000000e+00
-1.615250000000000075e+00 1.000000000000000048e-04 1.851530061475233357e-01 1.000000000000000000e+00
-1.614500000000000046e+00 1.000000000000000048e-04 1.852014858396900665e-01 1.000000000000000000e+00
-1.613750000000000018e+00 1.000000000000000048e-04 1.852499801495239573e-01 1.000000000000000000e+00
-1.612999999999999989e+00 1.000000000000000048e-04 1.852984890730779710e-01 1.000000000000000000e+00
-1.612249999999999961e+00 1.000000000000000048e-04 1.853470126063729850e-01 1.000000000000000000e+00
-1.611499999999999932e+00 1.000000000000000048e-04 1.853955507453979024e-01 1.000000000000000000e+00
-1.610749999999999904e+00 1.000000000000000048e-04 1.854441034861095960e-01 1.000000000000000000e+00
-1.609999999999999876e+00 1.000000000000000048e-04 1.854926708244328815e-01 1.000000000000000000e+00
-1.609249999999999847e+00 1.000000000000000048e-04 1.855412527562600722e-01 1.000000000000000000e+00
-1.608499999999999819e+00 1.000000000000000048e-04 1.855898492774514241e-01 1.000000000000000000e+00
-1.607749999999999790e+00 1.000000000000000048e-04 1.856384603838343861e-01 1.000000000000000000e+00
-1.606999999999999762e+00 1.000000000000000048e-04 1.856870860712043769e-01 1.000000000000000000e+00
-1.606249999999999734e+00 1.000000000000000048e-04 1.857357263353237031e-01 1.000000000000000000e+00
-1.605500000000000149e+00 1.000000000000000048e-04 1.857843811719222527e-01 1.000000000000000000e+00
-1.604750000000000121e+00 1.000000000000000048e-04 1.858330505766971619e-01 1.000000000000000000e+00
-1.604000000000000092e+00 1.000000000000000048e-04 1.858817345453126213e-01 1.000000000000000000e+00
-1.603250000000000064e+00 1.000000000000000048e-04 1.859304330733995148e-01 1.000000000000000000e+00
-1.602500000000000036e+00 1.000000000000000048e-04 1.859791461565562798e-01 1.000000000000000000e+00
-1.601750000000000007e+00 1.000000000000000048e-04 1.860278737903477420e-01 1.000000000000000000e+00
-1.600999999999999979e+00 1.000000000000000048e-04 1.860766159703057532e-01 1.000000000000000000e+00
-1.600249999999999950e+00 1.000000000000000048e-04 1.861253726919285811e-01 1.000000000000000000e+00
-1.599499999999999922e+00 1.000000000000000048e-04 1.861741439506811313e-01 1.000000000000000000e+00
-1.598749999999999893e+00 1.000000000000000048e-04 1.862229297419949470e-01 1.000000000000000000e+00
-1.597999999999999865e+00 1.000000000000000048e-04 1.862717300612679316e-01 1.000000000000000000e+00
-1.597249999999999837e+00 1.000000000000000048e-04 1.863205449038640438e-01 1.000000000000000000e+00
-1.596499999999999808e+00 1.000000000000000048e-04 1.863693742651136853e-01 1.000000000000000000e+00
-1.595749999999999780e+00 1.000000000000000048e-04 1.864182181403132577e-01 1.000000000000000000e+00
-1.594999999999999751e+00 1.000000000000000048e-04 1.864670765247254391e-01 1.000000000000000000e+00
-1.594249999999999723e+00 1.000000000000000048e-04 1.865159494135783247e-01 1.000000000000000000e+00
-1.593500000000000139e+00 1.000000000000000048e-04 1.865648368020663417e-01 1.000000000000000000e+00
-1.592750000000000110e+00 1.000000000000000048e-04 1.866137386853494451e-01 1.000000000000000000e+00
-1.592000000000000082e+00 1.000000000000000048e-04 1.866626550585531730e-01 1.000000000000000000e+00
-1.591250000000000053e+00 1.000000000000000048e-04 1.867115859167687297e-01 1.000000000000000000e+00
-1.590500000000000025e+00 1.000000000000000048e-04 1.867605312550528196e-01 1.000000000000000000e+00
-1.589749999999999996e+00 1.000000000000000048e-04 1.868094910684273413e-01 1.000000000000000000e+00
-1.588999999999999968e+00 1.000000000000000048e-04 1.868584653518795824e-01 1.000000000000000000e+00
-1.588249999999999940e+00 1.000000000000000048e-04 1.869074541003619971e-01 1.000000000000000000e+00
-1.587499999999999911e+00 1.000000000000000048e-04 1.869564573087921788e-01 1.000000000000000000e+00
-1.586749999999999883e+00 1.000000000000000048e-04 1.870054749720525544e-01 1.000000000000000000e+00
-1.585999999999999854e+00 1.000000000000000048e-04 1.870545070849905789e-01 1.000000000000000000e+00
-1.585249999999999826e+00 1.000000000000000048e-04 1.871035536424184575e-01 1.000000000000000000e+00
-1.584499999999999797e+00 1.000000000000000048e-04 1.871526146391129797e-01 1.000000000000000000e+00
-1.583749999999999769e+00 1.000000000000000048e-04 1.872016900698158792e-01 1.000000000000000000e+00
-1.582999999999999741e+00 1.000000000000000048e-04 1.872507799292329467e-01 1.000000000000000000e+00
-1.582249999999999712e+00 1.000000000000000048e-04 1.872998842120348340e-01 1.000000000000000000e+00
-1.581500000000000128e+00 1.000000000000000048e-04 1.873490029128560830e-01 1.000000000000000000e+00
-1.580750000000000099e+00 1.000000000000000048e-04 1.873981360262957641e-01 1.000000000000000000e+00
-1.580000000000000071e+00 1.000000000000000048e-04 1.874472835469170595e-01 1.000000000000000000e+00
-1.579250000000000043e+00 1.000000000000000048e-04 1.874964454692469029e-01 1.000000000000000000e+00
-1.578500000000000014e+00 1.000000000000000048e-04 1.875456217877763954e-01 1.000000000000000000e+00
-1.577749999999999986e+00 1.000000000000000048e-04 1.875948124969604447e-01 1.000000000000000000e+00
-1.576999999999999957e+00 1.000000000000000048e-04 1.876440175912176822e-01 1.000000000000000000e+00
-1.576249999999999929e+00 1.000000000000000048e-04 1.876932370649302684e-01 1.000000000000000000e+00
-1.575499999999999901e+00 1.000000000000000048e-04 1.877424709124440871e-01 1.000000000000000000e+00
-1.574749999999999872e+00 1.000000000000000048e-04 1.877917191280682463e-01 1.000000000000000000e+00
-1.573999999999999844e+00 1.000000000000000048e-04 1.878409817060753551e-01 1.000000000000000000e+00
-1.573249999999999815e+00 1.000000000000000048e-04 1.878902586407011355e-01 1.000000000000000000e+00
-1.572499999999999787e+00 1.000000000000000048e-04 1.879395499261446167e-01 1.000000000000000000e+00
-1.571749999999999758e+00 1.000000000000000048e-04 1.879888555565676911e-01 1.000000000000000000e+00
-1.570999999999999730e+00 1.000000000000000048e-04 1.880381755260953358e-01 1.000000000000000000e+00
-1.570250000000000146e+00 1.000000000000000048e-04 1.880875098288152802e-01 1.000000000000000000e+00
-1.569500000000000117e+00 1.000000000000000048e-04 1.881368584587779780e-01 1.000000000000000000e+00
-1.568750000000000089e+00 1.000000000000000048e-04 1.881862214099966624e-01 1.000000000000000000e+00
-1.568000000000000060e+00 1.000000000000000048e-04 1.882355986764470412e-01 1.000000000000000000e+00
-1.567250000000000032e+00 1.000000000000000048e-04 1.882849902520669638e-01 1.000000000000000000e+00
-1.566500000000000004e+00 1.000000000000000048e-04 1.883343961307572256e-01 1.000000000000000000e+00
-1.565749999999999975e+00 1.000000000000000048e-04 1.883838163063802917e-01 1.000000000000000000e+00
-1.564999999999999947e+00 1.000000000000000048e-04 1.884332507727611572e-01 1.000000000000000000e+00
-1.564249999999999918e+00 1.000000000000000048e-04 1.884826995236864866e-01 1.000000000000000000e+00
-1.563499999999999890e+00 1.000000000000000048e-04 1.885321625529052525e-01 1.000000000000000000e+00
-1.562749999999999861e+00 1.000000000000000048e-04 1.885816398541279859e-01 1.000000000000000000e+00
-1.561999999999999833e+00 1.000000000000000048e-04 1.886311314210271095e-01 1.000000000000000000e+00
-1.561249999999999805e+00 1.000000000000000048e-04 1.886806372472364934e-01 1.000000000000000000e+00
-1.560499999999999776e+00 1.000000000000000048e-04 1.887301573263517607e-01 1.000000000000000000e+00
-1.559749999999999748e+00 1.000000000000000048e-04 1.887796916519297596e-01 1.000000000000000000e+00
-1.558999999999999719e+00 1.000000000000000048e-04 1.888292402174887863e-01 1.000000000000000000e+00
-1.558250000000000135e+00 1.000000000000000048e-04 1.888788030165081400e-01 1.000000000000000000e+00
-1.557500000000000107e+00 1.000000000000000048e-04 1.889283800424285120e-01 1.000000000000000000e+00
-1.556750000000000078e+00 1.000000000000000048e-04 1.889779712886513752e-01 1.000000000000000000e+00
-1.556000000000000050e+00 1.000000000000000048e-04 1.890275767485393443e-01 1.000000000000000000e+00
-1.555250000000000021e+00 1.000000000000000048e-04 1.890771964154154550e-01 1.000000000000000000e+00
-1.554499999999999993e+00 1.000000000000000048e-04 1.891268302825637460e-01 1.000000000000000000e+00
-1.553749999999999964e+00 1.000000000000000048e-04 1.891764783432287877e-01 1.000000000000000000e+00
-1.552999999999999936e+00 1.000000000000000048e-04 1.892261405906154881e-01 1.000000000000000000e+00
-1.552249999999999908e+00 1.000000000000000048e-04 1.892758170178893418e-01 1.000000000000000000e+00
-1.551499999999999879e+00 1.000000000000000048e-04 1.893255076181759311e-01 1.000000000000000000e+00
-1.550749999999999851e+00 1.000000000000000048e-04 1.893752123845610646e-01 1.000000000000000000e+00
-1.549999999999999822e+00 1.000000000000000048e-04 1.894249313100906384e-01 1.000000000000000000e+00
-1.549249999999999794e+00 1.000000000000000048e-04 1.894746643877704695e-01 1.000000000000000000e+00
-1.548499999999999766e+00 1.000000000000000048e-04 1.895244116105662124e-01 1.000000000000000000e+00
-1.547749999999999737e+00 1.000000000000000048e-04 1.895741729714031931e-01 1.000000000000000000e+00
-1.546999999999999709e+00 1.000000000000000048e-04 1.896239484631666028e-01 1.000000000000000000e+00
-1.546250000000000124e+00 1.000000000000000048e-04 1.896737380787007488e-01 1.000000000000000000e+00
-1.545500000000000096e+00 1.000000000000000048e-04 1.897235418108098037e-01 1.000000000000000000e+00
-1.544750000000000068e+00 1.000000000000000048e-04 1.897733596522569732e-01 1.000000000000000000e+00
-1.544000000000000039e+00 1.000000000000000048e-04 1.898231915957647176e-01 1.000000000000000000e+00
-1.543250000000000011e+00 1.000000000000000048e-04 1.898730376340146409e-01 1.000000000000000000e+00
-1.542499999999999982e+00 1.000000000000000048e-04 1.899228977596471857e-01 1.000000000000000000e+00
-1.541749999999999954e+00 1.000000000000000048e-04 1.899727719652617719e-01 1.000000000000000000e+00
-1.540999999999999925e+00 1.000000000000000048e-04 1.900226602434166301e-01 1.000000000000000000e+00
-1.540249999999999897e+00 1.000000000000000048e-04 1.900725625866285795e-01 1.000000000000000000e+00
-1.539499999999999869e+00 1.000000000000000048e-04 1.901224789873729448e-01 1.000000000000000000e+00
-1.538749999999999840e+00 1.000000000000000048e-04 1.901724094380835284e-01 1.000000000000000000e+00
-1.537999999999999812e+00 1.000000000000000048e-04 1.902223539311525269e-01 1.000000000000000000e+00
-1.537249999999999783e+00 1.000000000000000048e-04 1.902723124589302539e-01 1.000000000000000000e+00
-1.536499999999999755e+00 1.000000000000000048e-04 1.903222850137250288e-01 1.000000000000000000e+00
-1.535749999999999726e+00 1.000000000000000048e-04 1.903722715878034266e-01 1.000000000000000000e+00
-1.535000000000000142e+00 1.000000000000000048e-04 1.904222721733896673e-01 1.000000000000000000e+00
-1.534250000000000114e+00 1.000000000000000048e-04 1.904722867626659488e-01 1.000000000000000000e+00
-1.533500000000000085e+00 1.000000000000000048e-04 1.905223153477718923e-01 1.000000000000000000e+00
-1.532750000000000057e+00 1.000000000000000048e-04 1.905723579208048468e-01 1.000000000000000000e+00
-1.532000000000000028e+00 1.000000000000000048e-04 1.906224144738195014e-01 1.000000000000000000e+00
-1.531250000000000000e+00 1.000000000000000048e-04 1.906724849988279125e-01 1.000000000000000000e+00
-1.530499999999999972e+00 1.000000000000000048e-04 1.907225694877993372e-01 1.000000000000000000e+00
-1.529749999999999943e+00 1.000000000000000048e-04 1.907726679326601227e-01 1.000000000000000000e+00
-1.528999999999999915e+00 1.000000000000000048e-04 1.908227803252935395e-01 1.000000000000000000e+00
-1.528249999999999886e+00 1.000000000000000048e-04 1.908729066575398092e-01 1.000000000000000000e+00
-1.527499999999999858e+00 1.000000000000000048e-04 1.909230469211959380e-01 1.000000000000000000e+00
-1.526749999999999829e+00 1.000000000000000048e-04 1.909732011080154668e-01 1.000000000000000000e+00
-1.525999999999999801e+00 1.000000000000000048e-04 1.910233692097084712e-01 1.000000000000000000e+00
-1.525249999999999773e+00 1.000000000000000048e-04 1.910735512179415618e-01 1.000000000000000000e+00
-1.524499999999999744e+00 1.000000000000000048e-04 1.911237471243375230e-01 1.000000000000000000e+00
-1.523749999999999716e+00 1.000000000000000048e-04 1.911739569204753408e-01 1.000000000000000000e+00
-1.523000000000000131e+00 1.000000000000000048e-04 1.912241805978901199e-01 1.000000000000000000e+00
-1.522250000000000103e+00 1.000000000000000048e-04 1.912744181480729166e-01 1.000000000000000000e+00
-1.521500000000000075e+00 1.000000000000000048e-04 1.913246695624705729e-01 1.000000000000000000e+00
-1.520750000000000046e+00 1.000000000000000048e-04 1.913749348324856325e-01 1.000000000000000000e+00
-1.520000000000000018e+00 1.000000000000000048e-04 1.914252139494763694e-01 1.000000000000000000e+00
-1.519249999999999989e+00 1.000000000000000048e-04 1.914755069047564262e-01 1.000000000000000000e+00
-1.518499999999999961e+00 1.000000000000000048e-04 1.915258136895949814e-01 1.000000000000000000e+00
-1.517749999999999932e+00 1.000000000000000048e-04 1.915761342952160273e-01 1.000000000000000000e+00
-1.516999999999999904e+00 1.000000000000000048e-04 1.916264687127992028e-01 1.000000000000000000e+00
-1.516249999999999876e+00 1.000000000000000048e-04 1.916768169334790439e-01 1.000000000000000000e+00
-1.515499999999999847e+00 1.000000000000000048e-04 1.917271789483447342e-01 1.000000000000000000e+00
-1.514749999999999819e+00 1.000000000000000048e-04 1.917775547484405207e-01 1.000000000000000000e+00
-1.513999999999999790e+00 1.000000000000000048e-04 1.918279443247651317e-01 1.000000000000000000e+00
-1.513249999999999762e+00 1.000000000000000048e-04 1.918783476682720812e-01 1.000000000000000000e+00
-1.512499999999999734e+00 1.000000000000000048e-04 1.919287647698689758e-01 1.000000000000000000e+00
-1.511750000000000149e+00 1.000000000000000048e-04 1.919791956204179029e-01 1.000000000000000000e+00
-1.511000000000000121e+00 1.000000000000000048e-04 1.920296402107352918e-01 1.000000000000000000e+00
-1.510250000000000092e+00 1.000000000000000048e-04 1.920800985315913034e-01 1.000000000000000000e+00
-1.509500000000000064e+00 1.000000000000000048e-04 1.921305705737104130e-01 1.000000000000000000e+00
-1.508750000000000036e+00 1.000000000000000048e-04 1.921810563277706052e-01 1.000000000000000000e+00
-1.508000000000000007e+00 1.000000000000000048e-04 1.922315557844037626e-01 1.000000000000000000e+00
-1.507249999999999979e+00 1.000000000000000048e-04 1.922820689341952494e-01 1.000000000000000000e+00
-1.506499999999999950e+00 1.000000000000000048e-04 1.923325957676840503e-01 1.000000000000000000e+00
-1.505749999999999922e+00 1.000000000000000048e-04 1.923831362753623264e-01 1.000000000000000000e+00
-1.504999999999999893e+00 1.000000000000000048e-04 1.924336904476754706e-01 1.000000000000000000e+00
-1.504249999999999865e+00 1.000000000000000048e-04 1.924842582750221631e-01 1.000000000000000000e+00
-1.503499999999999837e+00 1.000000000000000048e-04 1.925348397477537610e-01 1.000000000000000000e+00
-1.502749999999999808e+00 1.000000000000000048e-04 1.925854348561748253e-01 1.000000000000000000e+00
-1.501999999999999780e+00 1.000000000000000048e-04 1.926360435905423996e-01 1.000000000000000000e+00
-1.501249999999999751e+00 1.000000000000000048e-04 1.926866659410661764e-01 1.000000000000000000e+00
-1.500499999999999723e+00 1.000000000000000048e-04 1.927373018979083863e-01 1.000000000000000000e+00
-1.499750000000000139e+00 1.000000000000000048e-04 1.927879514511836589e-01 1.000000000000000000e+00
-1.499000000000000110e+00 1.000000000000000048e-04 1.928386145909587734e-01 1.000000000000000000e+00
-1.498250000000000082e+00 1.000000000000000048e-04 1.928892913072527415e-01 1.000000000000000000e+00
-1.497500000000000053e+00 1.000000000000000048e-04 1.929399815900364190e-01 1.000000000000000000e+00
-1.496750000000000025e+00 1.000000000000000048e-04 1.929906854292326168e-01 1.000000000000000000e+00
-1.495999999999999996e+00 1.000000000000000048e-04 1.930414028147157957e-01 1.000000000000000000e+00
-1.495249999999999968e+00 1.000000000000000048e-04 1.930921337363123158e-01 1.000000000000000000e+00
-1.494499999999999940e+00 1.000000000000000048e-04 1.931428781837997433e-01 1.000000000000000000e+00
-1.493749999999999911e+00 1.000000000000000048e-04 1.931936361469069607e-01 1.000000000000000000e+00
-1.492999999999999883e+00 1.000000000000000048e-04 1.932444076153143619e-01 1.000000000000000000e+00
-1.492249999999999854e+00 1.000000000000000048e-04 1.932951925786532410e-01 1.000000000000000000e+00
-1.491499999999999826e+00 1.000000000000000048e-04 1.933459910265059867e-01 1.000000000000000000e+00
-1.490749999999999797e+00 1.000000000000000048e-04 1.933968029484058604e-01 1.000000000000000000e+00
-1.489999999999999769e+00 1.000000000000000048e-04 1.934476283338367741e-01 1.000000000000000000e+00
-1.489249999999999741e+00 1.000000000000000048e-04 1.934984671722331517e-01 1.000000000000000000e+00
-1.488499999999999712e+00 1.000000000000000048e-04 1.935493194529803174e-01 1.000000000000000000e+00
-1.487750000000000128e+00 1.000000000000000048e-04 1.936001851654132744e-01 1.000000000000000000e+00
-1.487000000000000099e+00 1.000000000000000048e-04 1.936510642988179542e-01 1.000000000000000000e+00
-1.486250000000000071e+00 1.000000000000000048e-04 1.937019568424299121e-01 1.000000000000000000e+00
-1.485500000000000043e+00 1.000000000000000048e-04 1.937528627854348540e-01 1.000000000000000000e+00
-1.484750000000000014e+00 1.000000000000000048e-04 1.938037821169681652e-01 1.000000000000000000e+00
-1.483999999999999986e+00 1.000000000000000048e-04 1.938547148261152153e-01 1.000000000000000000e+00
-1.483249999999999957e+00 1.000000000000000048e-04 1.939056609019105815e-01 1.000000000000000000e+00
-1.482499999999999929e+00 1.000000000000000048e-04 1.939566203333387695e-01 1.000000000000000000e+00
-1.481749999999999901e+00 1.000000000000000048e-04 1.940075931093329931e-01 1.000000000000000000e+00
-1.480999999999999872e+00 1.000000000000000048e-04 1.940585792187762004e-01 1.000000000000000000e+00
-1.480249999999999844e+00 1.000000000000000048e-04 1.941095786504999643e-01 1.000000000000000000e+00
-1.479499999999999815e+00 1.000000000000000048e-04 1.941605913932852312e-01 1.000000000000000000e+00
-1.478749999999999787e+00 1.000000000000000048e-04 1.942116174358613501e-01 1.000000000000000000e+00
-1.477999999999999758e+00 1.000000000000000048e-04 1.942626567669064885e-01 1.000000000000000000e+00
-1.477249999999999730e+00 1.000000000000000048e-04 1.943137093750473277e-01 1.000000000000000000e+00
-1.476500000000000146e+00 1.000000000000000048e-04 1.943647752488588676e-01 1.000000000000000000e+00
-1.475750000000000117e+00 1.000000000000000048e-04 1.944158543768645109e-01 1.000000000000000000e+00
-1.475000000000000089e+00 1.000000000000000048e-04 1.944669467475357294e-01 1.000000000000000000e+00
-1.474250000000000060e+00 1.000000000000000048e-04 1.945180523492920921e-01 1.000000000000000000e+00
-1.473500000000000032e+00 1.000000000000000048e-04 1.945691711705007099e-01 1.000000000000000000e+00
-1.472750000000000004e+00 1.000000000000000048e-04 1.946203031994767074e-01 1.000000000000000000e+00
-1.471999999999999975e+00 1.000000000000000048e-04 1.946714484244828347e-01 1.000000000000000000e+00
-1.471249999999999947e+00 1.000000000000000048e-04 1.947226068337291061e-01 1.000000000000000000e+00
-1.470499999999999918e+00 1.000000000000000048e-04 1.947737784153729668e-01 1.000000000000000000e+00
-1.469749999999999890e+00 1.000000000000000048e-04 1.948249631575190710e-01 1.000000000000000000e+00
-1.468999999999999861e+00 1.000000000000000048e-04 1.948761610482189766e-01 1.000000000000000000e+00
-1.468249999999999833e+00 1.000000000000000048e-04 1.949273720754715056e-01 1.000000000000000000e+00
-1.467499999999999805e+00 1.000000000000000048e-04 1.949785962272218010e-01 1.000000000000000000e+00
-1.466749999999999776e+00 1.000000000000000048e-04 1.950298334913619924e-01 1.000000000000000000e+00
-1.465999999999999748e+00 1.000000000000000048e-04 1.950810838557307525e-01 1.000000000000000000e+00
-1.465249999999999719e+00 1.000000000000000048e-04 1.951323473081128523e-01 1.000000000000000000e+00
-1.464500000000000135e+00 1.000000000000000048e-04 1.951836238362394116e-01 1.000000000000000000e+00
-1.463750000000000107e+00 1.000000000000000048e-04 1.952349134277878151e-01 1.000000000000000000e+00
-1.463000000000000078e+00 1.000000000000000048e-04 1.952862160703811023e-01 1.000000000000000000e+00
-1.462250000000000050e+00 1.000000000000000048e-04 1.953375317515885501e-01 1.000000000000000000e+00
-1.461500000000000021e+00 1.000000000000000048e-04 1.953888604589247846e-01 1.000000000000000000e+00
-1.460749999999999993e+00 1.000000000000000048e-04 1.954402021798500033e-01 1.000000000000000000e+00
-1.459999999999999964e+00 1.000000000000000048e-04 1.954915569017699750e-01 1.000000000000000000e+00
-1.459249999999999936e+00 1.000000000000000048e-04 1.955429246120355957e-01 1.000000000000000000e+00
-1.458499999999999908e+00 1.000000000000000048e-04 1.955943052979430274e-01 1.000000000000000000e+00
-1.457749999999999879e+00 1.000000000000000048e-04 1.956456989467331709e-01 1.000000000000000000e+00
-1.456999999999999851e+00 1.000000000000000048e-04 1.956971055455920538e-01 1.000000000000000000e+00
-1.456249999999999822e+00 1.000000000000000048e-04 1.957485250816503874e-01 1.000000000000000000e+00
-1.455499999999999794e+00 1.000000000000000048e-04 1.957999575419832605e-01 1.000000000000000000e+00
-1.454749999999999766e+00 1.000000000000000048e-04 1.958514029136103618e-01 1.000000000000000000e+00
-1.453999999999999737e+00 1.000000000000000048e-04 1.959028611834954248e-01 1.000000000000000000e+00
-1.453249999999999709e+00 1.000000000000000048e-04 1.959543323385467828e-01 1.000000000000000000e+00
-1.452500000000000124e+00 1.000000000000000048e-04 1.960058163656163144e-01 1.000000000000000000e+00
-1.451750000000000096e+00 1.000000000000000048e-04 1.960573132514999706e-01 1.000000000000000000e+00
-1.451000000000000068e+00 1.000000000000000048e-04 1.961088229829373031e-01 1.000000000000000000e+00
-1.450250000000000039e+00 1.000000000000000048e-04 1.961603455466117418e-01 1.000000000000000000e+00
-1.449500000000000011e+00 1.000000000000000048e-04 1.962118809291497623e-01 1.000000000000000000e+00
-1.448749999999999982e+00 1.000000000000000048e-04 1.962634291171212464e-01 1.000000000000000000e+00
-1.447999999999999954e+00 1.000000000000000048e-04 1.963149900970393991e-01 1.000000000000000000e+00
-1.447249999999999925e+00 1.000000000000000048e-04 1.963665638553601100e-01 1.000000000000000000e+00
-1.446499999999999897e+00 1.000000000000000048e-04 1.964181503784824812e-01 1.000000000000000000e+00
-1.445749999999999869e+00 1.000000000000000048e-04 1.964697496527480214e-01 1.000000000000000000e+00
-1.444999999999999840e+00 1.000000000000000048e-04 1.965213616644410077e-01 1.000000000000000000e+00
-1.444249999999999812e+00 1.000000000000000048e-04 1.965729863997880134e-01 1.000000000000000000e+00
-1.443499999999999783e+00 1.000000000000000048e-04 1.966246238449578521e-01 1.000000000000000000e+00
-1.442749999999999755e+00 1.000000000000000048e-04 1.966762739860615505e-01 1.000000000000000000e+00
-1.441999999999999726e+00 1.000000000000000048e-04 1.967279368091523206e-01 1.000000000000000000e+00
-1.441250000000000142e+00 1.000000000000000048e-04 1.967796123002247821e-01 1.000000000000000000e+00
-1.440500000000000114e+00 1.000000000000000048e-04 1.968313004452154069e-01 1.000000000000000000e+00
-1.439750000000000085e+00 1.000000000000000048e-04 1.968830012300024634e-01 1.000000000000000000e+00
-1.439000000000000057e+00 1.000000000000000048e-04 1.969347146404051840e-01 1.000000000000000000e+00
-1.438250000000000028e+00 1.000000000000000048e-04 1.969864406621843755e-01 1.000000000000000000e+00
-1.437500000000000000e+00 1.000000000000000048e-04 1.970381792810418364e-01 1.000000000000000000e+00
-1.436749999999999972e+00 1.000000000000000048e-04 1.970899304826201071e-01 1.000000000000000000e+00
-1.435999999999999943e+00 1.000000000000000048e-04 1.971416942525029969e-01 1.000000000000000000e+00
-1.435249999999999915e+00 1.000000000000000048e-04 1.971934705762144746e-01 1.000000000000000000e+00
-1.434499999999999886e+00 1.000000000000000048e-04 1.972452594392193337e-01 1.000000000000000000e+00
-1.433749999999999858e+00 1.000000000000000048e-04 1.972970608269224990e-01 1.000000000000000000e+00
-1.432999999999999829e+00 1.000000000000000048e-04 1.973488747246692487e-01 1.000000000000000000e+00
-1.432249999999999801e+00 1.000000000000000048e-04 1.974007011177448256e-01 1.000000000000000000e+00
-1.431499999999999773e+00 1.000000000000000048e-04 1.974525399913743817e-01 1.000000000000000000e+00
-1.430749999999999744e+00 1.000000000000000048e-04 1.975043913307227839e-01 1.000000000000000000e+00
-1.429999999999999716e+00 1.000000000000000048e-04 1.975562551208946971e-01 1.000000000000000000e+00
-1.429250000000000131e+00 1.000000000000000048e-04 1.976081313469338074e-01 1.000000000000000000e+00
-1.428500000000000103e+00 1.000000000000000048e-04 1.976600199938235158e-01 1.000000000000000000e+00
-1.427750000000000075e+00 1.000000000000000048e-04 1.977119210464862442e-01 1.000000000000000000e+00
-1.427000000000000046e+00 1.000000000000000048e-04 1.977638344897831579e-01 1.000000000000000000e+00
-1.426250000000000018e+00 1.000000000000000048e-04 1.978157603085145544e-01 1.000000000000000000e+00
-1.425499999999999989e+00 1.000000000000000048e-04 1.978676984874193079e-01 1.000000000000000000e+00
-1.424749999999999961e+00 1.000000000000000048e-04 1.979196490111747586e-01 1.000000000000000000e+00
-1.423999999999999932e+00 1.000000000000000048e-04 1.979716118643965461e-01 1.000000000000000000e+00
-1.423249999999999904e+00 1.000000000000000048e-04 1.980235870316387758e-01 1.000000000000000000e+00
-1.422499999999999876e+00 1.000000000000000048e-04 1.980755744973934085e-01 1.000000000000000000e+00
-1.421749999999999847e+00 1.000000000000000048e-04 1.981275742460903433e-01 1.000000000000000000e+00
-1.420999999999999819e+00 1.000000000000000048e-04 1.981795862620972792e-01 1.000000000000000000e+00
-1.420249999999999790e+00 1.000000000000000048e-04 1.982316105297194098e-01 1.000000000000000000e+00
-1.419499999999999762e+00 1.000000000000000048e-04 1.982836470331995060e-01 1.000000000000000000e+00
-1.418749999999999734e+00 1.000000000000000048e-04 1.983356957567174728e-01 1.000000000000000000e+00
-1.417999999999999705e+00 1.000000000000000048e-04 1.983877566843904872e-01 1.000000000000000000e+00
-1.417250000000000121e+00 1.000000000000000048e-04 1.984398298002724714e-01 1.000000000000000000e+00
-1.416500000000000092e+00 1.000000000000000048e-04 1.984919150883543981e-01 1.000000000000000000e+00
-1.415750000000000064e+00 1.000000000000000048e-04 1.985440125325636518e-01 1.000000000000000000e+00
-1.415000000000000036e+00 1.000000000000000048e-04 1.985961221167644453e-01 1.000000000000000000e+00
-1.414250000000000007e+00 1.000000000000000048e-04 1.986482438247569038e-01 1.000000000000000000e+00
-1.413499999999999979e+00 1.000000000000000048e-04 1.987003776402775646e-01 1.000000000000000000e+00
-1.412749999999999950e+00 1.000000000000000048e-04 1.987525235469989326e-01 1.000000000000000000e+00
-1.411999999999999922e+00 1.000000000000000048e-04 1.988046815285294255e-01 1.000000000000000000e+00
-1.411249999999999893e+00 1.000000000000000048e-04 1.988568515684130955e-01 1.000000000000000000e+00
-1.410499999999999865e+00 1.000000000000000048e-04 1.989090336501294354e-01 1.000000000000000000e+00
-1.409749999999999837e+00 1.000000000000000048e-04 1.989612277570934895e-01 1.000000000000000000e+00
-1.408999999999999808e+00 1.000000000000000048e-04 1.990134338726554653e-01 1.000000000000000000e+00
-1.408249999999999780e+00 1.000000000000000048e-04 1.990656519801004831e-01 1.000000000000000000e+00
-1.407499999999999751e+00 1.000000000000000048e-04 1.991178820626486323e-01 1.000000000000000000e+00
-1.406749999999999723e+00 1.000000000000000048e-04 1.991701241034548042e-01 1.000000000000000000e+00
-1.406000000000000139e+00 1.000000000000000048e-04 1.992223780856083315e-01 1.000000000000000000e+00
-1.405250000000000110e+00 1.000000000000000048e-04 1.992746439921330159e-01 1.000000000000000000e+00
-1.404500000000000082e+00 1.000000000000000048e-04 1.993269218059869896e-01 1.000000000000000000e+00
-1.403750000000000053e+00 1.000000000000000048e-04 1.993792115100621598e-01 1.000000000000000000e+00
-1.403000000000000025e+00 1.000000000000000048e-04 1.994315130871846253e-01 1.000000000000000000e+00
-1.402249999999999996e+00 1.000000000000000048e-04 1.994838265201140937e-01 1.000000000000000000e+00
-1.401499999999999968e+00 1.000000000000000048e-04 1.995361517915439364e-01 1.000000000000000000e+00
-1.400749999999999940e+00 1.000000000000000048e-04 1.995884888841008009e-01 1.000000000000000000e+00
-1.399999999999999911e+00 1.000000000000000048e-04 1.996408377803447765e-01 1.000000000000000000e+00
-1.399249999999999883e+00 1.000000000000000048e-04 1.996931984627688672e-01 1.000000000000000000e+00
-1.398499999999999854e+00 1.000000000000000048e-04 1.997455709137990199e-01 1.000000000000000000e+00
-1.397749999999999826e+00 1.000000000000000048e-04 1.997979551157940403e-01 1.000000000000000000e+00
-1.396999999999999797e+00 1.000000000000000048e-04 1.998503510510452053e-01 1.000000000000000000e+00
-1.396249999999999769e+00 1.000000000000000048e-04 1.999027587017762342e-01 1.000000000000000000e+00
-1.395499999999999741e+00 1.000000000000000048e-04 1.999551780501431786e-01 1.000000000000000000e+00
-1.394749999999999712e+00 1.000000000000000048e-04 2.000076090782339500e-01 1.000000000000000000e+00
-1.394000000000000128e+00 1.000000000000000048e-04 2.000600517680686252e-01 1.000000000000000000e+00
-1.393250000000000099e+00 1.000000000000000048e-04 2.001125061015989193e-01 1.000000000000000000e+00
-1.392500000000000071e+00 1.000000000000000048e-04 2.001649720607081018e-01 1.000000000000000000e+00
-1.391750000000000043e+00 1.000000000000000048e-04 2.002174496272108029e-01 1.000000000000000000e+00
-1.391000000000000014e+00 1.000000000000000048e-04 2.002699387828530686e-01 1.000000000000000000e+00
-1.390249999999999986e+00 1.000000000000000048e-04 2.003224395093118337e-01 1.000000000000000000e+00
-1.389499999999999957e+00 1.000000000000000048e-04 2.003749517881949493e-01 1.000000000000000000e+00
-1.388749999999999929e+00 1.000000000000000048e-04 2.004274756010410996e-01 1.000000000000000000e+00
-1.387999999999999901e+00 1.000000000000000048e-04 2.004800109293193577e-01 1.000000000000000000e+00
-1.387249999999999872e+00 1.000000000000000048e-04 2.005325577544293802e-01 1.000000000000000000e+00
-1.386499999999999844e+00 1.000000000000000048e-04 2.005851160577008518e-01 1.000000000000000000e+00
-1.385749999999999815e+00 1.000000000000000048e-04 2.006376858203935132e-01 1.000000000000000000e+00
-1.384999999999999787e+00 1.000000000000000048e-04 2.006902670236971886e-01 1.000000000000000000e+00
-1.384249999999999758e+00 1.000000000000000048e-04 2.007428596487310091e-01 1.000000000000000000e+00
-1.383499999999999730e+00 1.000000000000000048e-04 2.007954636765439671e-01 1.000000000000000000e+00
-1.382750000000000146e+00 1.000000000000000048e-04 2.008480790881142508e-01 1.000000000000000000e+00
-1.382000000000000117e+00 1.000000000000000048e-04 2.009007058643492716e-01 1.000000000000000000e+00
-1.381250000000000089e+00 1.000000000000000048e-04 2.009533439860853032e-01 1.000000000000000000e+00
-1.380500000000000060e+00 1.000000000000000048e-04 2.010059934340877319e-01 1.000000000000000000e+00
-1.379750000000000032e+00 1.000000000000000048e-04 2.010586541890501955e-01 1.000000000000000000e+00
-1.379000000000000004e+00 1.000000000000000048e-04 2.011113262315950834e-01 1.000000000000000000e+00
-1.378249999999999975e+00 1.000000000000000048e-04 2.011640095422729813e-01 1.000000000000000000e+00
-1.377499999999999947e+00 1.000000000000000048e-04 2.012167041015625879e-01 1.000000000000000000e+00
-1.376749999999999918e+00 1.000000000000000048e-04 2.012694098898706596e-01 1.000000000000000000e+00
-1.375999999999999890e+00 1.000000000000000048e-04 2.013221268875315384e-01 1.000000000000000000e+00
-1.375249999999999861e+00 1.000000000000000048e-04 2.013748550748071797e-01 1.000000000000000000e+00
-1.374499999999999833e+00 1.000000000000000048e-04 2.014275944318870692e-01 1.000000000000000000e+00
-1.373749999999999805e+00 1.000000000000000048e-04 2.014803449388879453e-01 1.000000000000000000e+00
-1.372999999999999776e+00 1.000000000000000048e-04 2.015331065758532714e-01 1.000000000000000000e+00
-1.372249999999999748e+00 1.000000000000000048e-04 2.015858793227538193e-01 1.000000000000000000e+00
-1.371499999999999719e+00 1.000000000000000048e-04 2.016386631594867807e-01 1.000000000000000000e+00
-1.370750000000000135e+00 1.000000000000000048e-04 2.016914580658758505e-01 1.000000000000000000e+00
-1.370000000000000107e+00 1.000000000000000048e-04 2.017442640216712546e-01 1.000000000000000000e+00
-1.369250000000000078e+00 1.000000000000000048e-04 2.017970810065491949e-01 1.000000000000000000e+00
-1.368500000000000050e+00 1.000000000000000048e-04 2.018499090001118768e-01 1.000000000000000000e+00
-1.367750000000000021e+00 1.000000000000000048e-04 2.019027479818873427e-01 1.000000000000000000e+00
-1.366999999999999993e+00 1.000000000000000048e-04 2.019555979313292227e-01 1.000000000000000000e+00
-1.366249999999999964e+00 1.000000000000000048e-04 2.020084588278165394e-01 1.000000000000000000e+00
-1.365499999999999936e+00 1.000000000000000048e-04 2.020613306506535978e-01 1.000000000000000000e+00
-1.364749999999999908e+00 1.000000000000000048e-04 2.021142133790697071e-01 1.000000000000000000e+00
-1.363999999999999879e+00 1.000000000000000048e-04 2.021671069922192365e-01 1.000000000000000000e+00
-1.363249999999999851e+00 1.000000000000000048e-04 2.022200114691809492e-01 1.000000000000000000e+00
-1.362499999999999822e+00 1.000000000000000048e-04 2.022729267889582516e-01 1.000000000000000000e+00
-1.361749999999999794e+00 1.000000000000000048e-04 2.023258529304790554e-01 1.000000000000000000e+00
-1.360999999999999766e+00 1.000000000000000048e-04 2.023787898725951662e-01 1.000000000000000000e+00
-1.360249999999999737e+00 1.000000000000000048e-04 2.024317375940823394e-01 1.000000000000000000e+00
-1.359499999999999709e+00 1.000000000000000048e-04 2.024846960736403634e-01 1.000000000000000000e+00
-1.358750000000000124e+00 1.000000000000000048e-04 2.025376652898924212e-01 1.000000000000000000e+00
-1.358000000000000096e+00 1.000000000000000048e-04 2.025906452213849240e-01 1.000000000000000000e+00
-1.357250000000000068e+00 1.000000000000000048e-04 2.026436358465878718e-01 1.000000000000000000e+00
-1.356500000000000039e+00 1.000000000000000048e-04 2.026966371438940484e-01 1.000000000000000000e+00
-1.355750000000000011e+00 1.000000000000000048e-04 2.027496490916189387e-01 1.000000000000000000e+00
-1.354999999999999982e+00 1.000000000000000048e-04 2.028026716680011721e-01 1.000000000000000000e+00
-1.354249999999999954e+00 1.000000000000000048e-04 2.028557048512012462e-01 1.000000000000000000e+00
-1.353499999999999925e+00 1.000000000000000048e-04 2.029087486193023315e-01 1.000000000000000000e+00
-1.352749999999999897e+00 1.000000000000000048e-04 2.029618029503094945e-01 1.000000000000000000e+00
-1.351999999999999869e+00 1.000000000000000048e-04 2.030148678221497249e-01 1.000000000000000000e+00
-1.351249999999999840e+00 1.000000000000000048e-04 2.030679432126717698e-01 1.000000000000000000e+00
-1.350499999999999812e+00 1.000000000000000048e-04 2.031210290996457446e-01 1.000000000000000000e+00
-1.349749999999999783e+00 1.000000000000000048e-04 2.031741254607633274e-01 1.000000000000000000e+00
-1.348999999999999755e+00 1.000000000000000048e-04 2.032272322736371206e-01 1.000000000000000000e+00
-1.348249999999999726e+00 1.000000000000000048e-04 2.032803495158007623e-01 1.000000000000000000e+00
-1.347500000000000142e+00 1.000000000000000048e-04 2.033334771647084260e-01 1.000000000000000000e+00
-1.346750000000000114e+00 1.000000000000000048e-04 2.033866151977353209e-01 1.000000000000000000e+00
-1.346000000000000085e+00 1.000000000000000048e-04 2.034397635921764425e-01 1.000000000000000000e+00
-1.345250000000000057e+00 1.000000000000000048e-04 2.034929223252472108e-01 1.000000000000000000e+00
-1.344500000000000028e+00 1.000000000000000048e-04 2.035460913740831657e-01 1.000000000000000000e+00
-1.343750000000000000e+00 1.000000000000000048e-04 2.035992707157394110e-01 1.000000000000000000e+00
-1.342999999999999972e+00 1.000000000000000048e-04 2.036524603271907541e-01 1.000000000000000000e+00
-1.342249999999999943e+00 1.000000000000000048e-04 2.037056601853311222e-01 1.000000000000000000e+00
-1.341499999999999915e+00 1.000000000000000048e-04 2.037588702669741736e-01 1.000000000000000000e+00
-1.340749999999999886e+00 1.000000000000000048e-04 2.038120905488520762e-01 1.000000000000000000e+00
-1.339999999999999858e+00 1.000000000000000048e-04 2.038653210076159239e-01 1.000000000000000000e+00
-1.339249999999999829e+00 1.000000000000000048e-04 2.039185616198354867e-01 1.000000000000000000e+00
-1.338499999999999801e+00 1.000000000000000048e-04 2.039718123619990164e-01 1.000000000000000000e+00
-1.337749999999999773e+00 1.000000000000000048e-04 2.040250732105127474e-01 1.000000000000000000e+00
-1.336999999999999744e+00 1.000000000000000048e-04 2.040783441417011457e-01 1.000000000000000000e+00
-1.336249999999999716e+00 1.000000000000000048e-04 2.041316251318062991e-01 1.000000000000000000e+00
-1.335500000000000131e+00 1.000000000000000048e-04 2.041849161569881110e-01 1.000000000000000000e+00
-1.334750000000000103e+00 1.000000000000000048e-04 2.042382171933237178e-01 1.000000000000000000e+00
-1.334000000000000075e+00 1.000000000000000048e-04 2.042915282168076552e-01 1.000000000000000000e+00
-1.333250000000000046e+00 1.000000000000000048e-04 2.043448492033513586e-01 1.000000000000000000e+00
-1.332500000000000018e+00 1.000000000000000048e-04 2.043981801287831357e-01 1.000000000000000000e+00
-1.331749999999999989e+00 1.000000000000000048e-04 2.044515209688476665e-01 1.000000000000000000e+00
-1.330999999999999961e+00 1.000000000000000048e-04 2.045048716992065585e-01 1.000000000000000000e+00
-1.330249999999999932e+00 1.000000000000000048e-04 2.045582322954371535e-01 1.000000000000000000e+00
-1.329499999999999904e+00 1.000000000000000048e-04 2.046116027330329712e-01 1.000000000000000000e+00
-1.328749999999999876e+00 1.000000000000000048e-04 2.046649829874034876e-01 1.000000000000000000e+00
-1.327999999999999847e+00 1.000000000000000048e-04 2.047183730338736074e-01 1.000000000000000000e+00
-1.327249999999999819e+00 1.000000000000000048e-04 2.047717728476836363e-01 1.000000000000000000e+00
-1.326499999999999790e+00 1.000000000000000048e-04 2.048251824039891700e-01 1.000000000000000000e+00
-1.325749999999999762e+00 1.000000000000000048e-04 2.048786016778607610e-01 1.000000000000000000e+00
-1.324999999999999734e+00 1.000000000000000048e-04 2.049320306442837247e-01 1.000000000000000000e+00
-1.324249999999999705e+00 1.000000000000000048e-04 2.049854692781581389e-01 1.000000000000000000e+00
-1.323500000000000121e+00 1.000000000000000048e-04 2.050389175542981224e-01 1.000000000000000000e+00
-1.322750000000000092e+00 1.000000000000000048e-04 2.050923754474322236e-01 1.000000000000000000e+00
-1.322000000000000064e+00 1.000000000000000048e-04 2.051458429322029764e-01 1.000000000000000000e+00
-1.321250000000000036e+00 1.000000000000000048e-04 2.051993199831666226e-01 1.000000000000000000e+00
-1.320500000000000007e+00 1.000000000000000048e-04 2.052528065747928343e-01 1.000000000000000000e+00
-1.319749999999999979e+00 1.000000000000000048e-04 2.053063026814648528e-01 1.000000000000000000e+00
-1.318999999999999950e+00 1.000000000000000048e-04 2.053598082774788780e-01 1.000000000000000000e+00
-1.318249999999999922e+00 1.000000000000000048e-04 2.054133233370439848e-01 1.000000000000000000e+00
-1.317499999999999893e+00 1.000000000000000048e-04 2.054668478342823734e-01 1.000000000000000000e+00
-1.316749999999999865e+00 1.000000000000000048e-04 2.055203817432282865e-01 1.000000000000000000e+00
-1.315999999999999837e+00 1.000000000000000048e-04 2.055739250378285921e-01 1.000000000000000000e+00
-1.315249999999999808e+00 1.000000000000000048e-04 2.056274776919420066e-01 1.000000000000000000e+00
-1.314499999999999780e+00 1.000000000000000048e-04 2.056810396793392060e-01 1.000000000000000000e+00
-1.313749999999999751e+00 1.000000000000000048e-04 2.057346109737029083e-01 1.000000000000000000e+00
-1.312999999999999723e+00 1.000000000000000048e-04 2.057881915486265978e-01 1.000000000000000000e+00
-1.312250000000000139e+00 1.000000000000000048e-04 2.058417813776155514e-01 1.000000000000000000e+00
-1.311500000000000110e+00 1.000000000000000048e-04 2.058953804340858951e-01 1.000000000000000000e+00
-1.310750000000000082e+00 1.000000000000000048e-04 2.059489886913645762e-01 1.000000000000000000e+00
-1.310000000000000053e+00 1.000000000000000048e-04 2.060026061226891969e-01 1.000000000000000000e+00
-1.309250000000000025e+00 1.000000000000000048e-04 2.060562327012078754e-01 1.000000000000000000e+00
-1.308499999999999996e+00 1.000000000000000048e-04 2.061098683999783299e-01 1.000000000000000000e+00
-1.307749999999999968e+00 1.000000000000000048e-04 2.061635131919692387e-01 1.000000000000000000e+00
-1.306999999999999940e+00 1.000000000000000048e-04 2.062171670500581311e-01 1.000000000000000000e+00
-1.306249999999999911e+00 1.000000000000000048e-04 2.062708299470325524e-01 1.000000000000000000e+00
-1.305499999999999883e+00 1.000000000000000048e-04 2.063245018555892873e-01 1.000000000000000000e+00
-1.304749999999999854e+00 1.000000000000000048e-04 2.063781827483340270e-01 1.000000000000000000e+00
-1.303999999999999826e+00 1.000000000000000048e-04 2.064318725977816460e-01 1.000000000000000000e+00
-1.303249999999999797e+00 1.000000000000000048e-04 2.064855713763555090e-01 1.000000000000000000e+00
-1.302499999999999769e+00 1.000000000000000048e-04 2.065392790563875536e-01 1.000000000000000000e+00
-1.301749999999999741e+00 1.000000000000000048e-04 2.065929956101177911e-01 1.000000000000000000e+00
-1.300999999999999712e+00 1.000000000000000048e-04 2.066467210096944174e-01 1.000000000000000000e+00
-1.300250000000000128e+00 1.000000000000000048e-04 2.067004552271733131e-01 1.000000000000000000e+00
-1.299500000000000099e+00 1.000000000000000048e-04 2.067541982345180440e-01 1.000000000000000000e+00
-1.298750000000000071e+00 1.000000000000000048e-04 2.068079500035994167e-01 1.000000000000000000e+00
-1.298000000000000043e+00 1.000000000000000048e-04 2.068617105061954231e-01 1.000000000000000000e+00
-1.297250000000000014e+00 1.000000000000000048e-04 2.069154797139911572e-01 1.000000000000000000e+00
-1.296499999999999986e+00 1.000000000000000048e-04 2.069692575985780103e-01 1.000000000000000000e+00
-1.295749999999999957e+00 1.000000000000000048e-04 2.070230441314542813e-01 1.000000000000000000e+00
-1.294999999999999929e+00 1.000000000000000048e-04 2.070768392840241501e-01 1.000000000000000000e+00
-1.294249999999999901e+00 1.000000000000000048e-04 2.071306430275981214e-01 1.000000000000000000e+00
-1.293499999999999872e+00 1.000000000000000048e-04 2.071844553333922478e-01 1.000000000000000000e+00
-1.292749999999999844e+00 1.000000000000000048e-04 2.072382761725285183e-01 1.000000000000000000e+00
-1.291999999999999815e+00 1.000000000000000048e-04 2.072921055160339698e-01 1.000000000000000000e+00
-1.291249999999999787e+00 1.000000000000000048e-04 2.073459433348407988e-01 1.000000000000000000e+00
-1.290499999999999758e+00 1.000000000000000048e-04 2.073997895997863050e-01 1.000000000000000000e+00
-1.289749999999999730e+00 1.000000000000000048e-04 2.074536442816123094e-01 1.000000000000000000e+00
-1.288999999999999702e+00 1.000000000000000048e-04 2.075075073509650980e-01 1.000000000000000000e+00
-1.288250000000000117e+00 1.000000000000000048e-04 2.075613787783953668e-01 1.000000000000000000e+00
-1.287500000000000089e+00 1.000000000000000048e-04 2.076152585343575274e-01 1.000000000000000000e+00
-1.286750000000000060e+00 1.000000000000000048e-04 2.076691465892102351e-01 1.000000000000000000e+00
-1.286000000000000032e+00 1.000000000000000048e-04 2.077230429132150835e-01 1.000000000000000000e+00
-1.285250000000000004e+00 1.000000000000000048e-04 2.077769474765373547e-01 1.000000000000000000e+00
-1.284499999999999975e+00 1.000000000000000048e-04 2.078308602492454915e-01 1.000000000000000000e+00
-1.283749999999999947e+00 1.000000000000000048e-04 2.078847812013106255e-01 1.000000000000000000e+00
-1.282999999999999918e+00 1.000000000000000048e-04 2.079387103026065220e-01 1.000000000000000000e+00
-1.282249999999999890e+00 1.000000000000000048e-04 2.079926475229096350e-01 1.000000000000000000e+00
-1.281499999999999861e+00 1.000000000000000048e-04 2.080465928318981084e-01 1.000000000000000000e+00
-1.280749999999999833e+00 1.000000000000000048e-04 2.081005461991524419e-01 1.000000000000000000e+00
-1.279999999999999805e+00 1.000000000000000048e-04 2.081545075941547418e-01 1.000000000000000000e+00
-1.279249999999999776e+00 1.000000000000000048e-04 2.082084769862885543e-01 1.000000000000000000e+00
-1.278499999999999748e+00 1.000000000000000048e-04 2.082624543448385879e-01 1.000000000000000000e+00
-1.277749999999999719e+00 1.000000000000000048e-04 2.083164396389907136e-01 1.000000000000000000e+00
-1.277000000000000135e+00 1.000000000000000048e-04 2.083704328378315207e-01 1.000000000000000000e+00
-1.276250000000000107e+00 1.000000000000000048e-04 2.084244339103482613e-01 1.000000000000000000e+00
-1.275500000000000078e+00 1.000000000000000048e-04 2.084784428254282673e-01 1.000000000000000000e+00
-1.274750000000000050e+00 1.000000000000000048e-04 2.085324595518592283e-01 1.000000000000000000e+00
-1.274000000000000021e+00 1.000000000000000048e-04 2.085864840583284419e-01 1.000000000000000000e+00
-1.273249999999999993e+00 1.000000000000000048e-04 2.086405163134229523e-01 1.000000000000000000e+00
-1.272499999999999964e+00 1.000000000000000048e-04 2.086945562856291347e-01 1.000000000000000000e+00
-1.271749999999999936e+00 1.000000000000000048e-04 2.087486039433325280e-01 1.000000000000000000e+00
-1.270999999999999908e+00 1.000000000000000048e-04 2.088026592548175020e-01 1.000000000000000000e+00
-1.270249999999999879e+00 1.000000000000000048e-04 2.088567221882671188e-01 1.000000000000000000e+00
-1.269499999999999851e+00 1.000000000000000048e-04 2.089107927117629104e-01 1.000000000000000000e+00
-1.268749999999999822e+00 1.000000000000000048e-04 2.089648707932846017e-01 1.000000000000000000e+00
-1.267999999999999794e+00 1.000000000000000048e-04 2.090189564007098599e-01 1.000000000000000000e+00
-1.267249999999999766e+00 1.000000000000000048e-04 2.090730495018139345e-01 1.000000000000000000e+00
-1.266499999999999737e+00 1.000000000000000048e-04 2.091271500642696290e-01 1.000000000000000000e+00
-1.265749999999999709e+00 1.000000000000000048e-04 2.091812580556470791e-01 1.000000000000000000e+00
-1.265000000000000124e+00 1.000000000000000048e-04 2.092353734434131141e-01 1.000000000000000000e+00
-1.264250000000000096e+00 1.000000000000000048e-04 2.092894961949317290e-01 1.000000000000000000e+00
-1.263500000000000068e+00 1.000000000000000048e-04 2.093436262774630574e-01 1.000000000000000000e+00
-1.262750000000000039e+00 1.000000000000000048e-04 2.093977636581636215e-01 1.000000000000000000e+00
-1.262000000000000011e+00 1.000000000000000048e-04 2.094519083040859431e-01 1.000000000000000000e+00
-1.261249999999999982e+00 1.000000000000000048e-04 2.095060601821784607e-01 1.000000000000000000e+00
-1.260499999999999954e+00 1.000000000000000048e-04 2.095602192592848634e-01 1.000000000000000000e+00
-1.259749999999999925e+00 1.000000000000000048e-04 2.096143855021443403e-01 1.000000000000000000e+00
-1.258999999999999897e+00 1.000000000000000048e-04 2.096685588773910536e-01 1.000000000000000000e+00
-1.258249999999999869e+00 1.000000000000000048e-04 2.097227393515539440e-01 1.000000000000000000e+00
-1.257499999999999840e+00 1.000000000000000048e-04 2.097769268910565921e-01 1.000000000000000000e+00
-1.256749999999999812e+00 1.000000000000000048e-04 2.098311214622166909e-01 1.000000000000000000e+00
-1.255999999999999783e+00 1.000000000000000048e-04 2.098853230312461016e-01 1.000000000000000000e+00
-1.255249999999999755e+00 1.000000000000000048e-04 2.099395315642506032e-01 1.000000000000000000e+00
-1.254499999999999726e+00 1.000000000000000048e-04 2.099937470272293105e-01 1.000000000000000000e+00
-1.253750000000000142e+00 1.000000000000000048e-04 2.100479693860748120e-01 1.000000000000000000e+00
-1.253000000000000114e+00 1.000000000000000048e-04 2.101021986065727265e-01 1.000000000000000000e+00
-1.252250000000000085e+00 1.000000000000000048e-04 2.101564346544013695e-01 1.000000000000000000e+00
-1.251500000000000057e+00 1.000000000000000048e-04 2.102106774951319201e-01 1.000000000000000000e+00
-1.250750000000000028e+00 1.000000000000000048e-04 2.102649270942273940e-01 1.000000000000000000e+00
-1.250000000000000000e+00 1.000000000000000048e-04 2.103191834170432539e-01 1.000000000000000000e+00
-1.249249999999999972e+00 1.000000000000000048e-04 2.103734464288268269e-01 1.000000000000000000e+00
-1.248499999999999943e+00 1.000000000000000048e-04 2.104277160947165548e-01 1.000000000000000000e+00
-1.247749999999999915e+00 1.000000000000000048e-04 2.104819923797426051e-01 1.000000000000000000e+00
-1.246999999999999886e+00 1.000000000000000048e-04 2.105362752488259825e-01 1.000000000000000000e+00
-1.246249999999999858e+00 1.000000000000000048e-04 2.105905646667786124e-01 1.000000000000000000e+00
-1.245499999999999829e+00 1.000000000000000048e-04 2.106448605983028688e-01 1.000000000000000000e+00
-1.244749999999999801e+00 1.000000000000000048e-04 2.106991630079913524e-01 1.000000000000000000e+00
-1.243999999999999773e+00 1.000000000000000048e-04 2.107534718603270574e-01 1.000000000000000000e+00
-1.243249999999999744e+00 1.000000000000000048e-04 2.108077871196822883e-01 1.000000000000000000e+00
-1.242499999999999716e+00 1.000000000000000048e-04 2.108621087503192437e-01 1.000000000000000000e+00
-1.241750000000000131e+00 1.000000000000000048e-04 2.109164367163890719e-01 1.000000000000000000e+00
-1.241000000000000103e+00 1.000000000000000048e-04 2.109707709819321486e-01 1.000000000000000000e+00
-1.240250000000000075e+00 1.000000000000000048e-04 2.110251115108776887e-01 1.000000000000000000e+00
-1.239500000000000046e+00 1.000000000000000048e-04 2.110794582670430797e-01 1.000000000000000000e+00
-1.238750000000000018e+00 1.000000000000000048e-04 2.111338112141341039e-01 1.000000000000000000e+00
-1.237999999999999989e+00 1.000000000000000048e-04 2.111881703157447165e-01 1.000000000000000000e+00
-1.237249999999999961e+00 1.000000000000000048e-04 2.112425355353562129e-01 1.000000000000000000e+00
-1.236499999999999932e+00 1.000000000000000048e-04 2.112969068363377556e-01 1.000000000000000000e+00
-1.235749999999999904e+00 1.000000000000000048e-04 2.113512841819454313e-01 1.000000000000000000e+00
-1.234999999999999876e+00 1.000000000000000048e-04 2.114056675353222225e-01 1.000000000000000000e+00
-1.234249999999999847e+00 1.000000000000000048e-04 2.114600568594978969e-01 1.000000000000000000e+00
-1.233499999999999819e+00 1.000000000000000048e-04 2.115144521173887293e-01 1.000000000000000000e+00
-1.232749999999999790e+00 1.000000000000000048e-04 2.115688532717970582e-01 1.000000000000000000e+00
-1.231999999999999762e+00 1.000000000000000048e-04 2.116232602854110356e-01 1.000000000000000000e+00
-1.231249999999999734e+00 1.000000000000000048e-04 2.116776731208044604e-01 1.000000000000000000e+00
-1.230499999999999705e+00 1.000000000000000048e-04 2.117320917404365566e-01 1.000000000000000000e+00
-1.229750000000000121e+00 1.000000000000000048e-04 2.117865161066515567e-01 1.000000000000000000e+00
-1.229000000000000092e+00 1.000000000000000048e-04 2.118409461816786188e-01 1.000000000000000000e+00
-1.228250000000000064e+00 1.000000000000000048e-04 2.118953819276314376e-01 1.000000000000000000e+00
-1.227500000000000036e+00 1.000000000000000048e-04 2.119498233065078840e-01 1.000000000000000000e+00
-1.226750000000000007e+00 1.000000000000000048e-04 2.120042702801900880e-01 1.000000000000000000e+00
-1.225999999999999979e+00 1.000000000000000048e-04 2.120587228104436062e-01 1.000000000000000000e+00
-1.225249999999999950e+00 1.000000000000000048e-04 2.121131808589178935e-01 1.000000000000000000e+00
-1.224499999999999922e+00 1.000000000000000048e-04 2.121676443871452766e-01 1.000000000000000000e+00
-1.223749999999999893e+00 1.000000000000000048e-04 2.122221133565412310e-01 1.000000000000000000e+00
-1.222999999999999865e+00 1.000000000000000048e-04 2.122765877284038816e-01 1.000000000000000000e+00
-1.222249999999999837e+00 1.000000000000000048e-04 2.123310674639136975e-01 1.000000000000000000e+00
-1.221499999999999808e+00 1.000000000000000048e-04 2.123855525241334363e-01 1.000000000000000000e+00
-1.220749999999999780e+00 1.000000000000000048e-04 2.124400428700075893e-01 1.000000000000000000e+00
-1.219999999999999751e+00 1.000000000000000048e-04 2.124945384623623534e-01 1.000000000000000000e+00
-1.219249999999999723e+00 1.000000000000000048e-04 2.125490392619052149e-01 1.000000000000000000e+00
-1.218500000000000139e+00 1.000000000000000048e-04 2.126035452292245054e-01 1.000000000000000000e+00
-1.217750000000000110e+00 1.000000000000000048e-04 2.126580563247899014e-01 1.000000000000000000e+00
-1.217000000000000082e+00 1.000000000000000048e-04 2.127125725089509534e-01 1.000000000000000000e+00
-1.216250000000000053e+00 1.000000000000000048e-04 2.127670937419378627e-01 1.000000000000000000e+00
-1.215500000000000025e+00 1.000000000000000048e-04 2.128216199838606493e-01 1.000000000000000000e+00
-1.214749999999999996e+00 1.000000000000000048e-04 2.128761511947088736e-01 1.000000000000000000e+00
-1.213999999999999968e+00 1.000000000000000048e-04 2.129306873343519146e-01 1.000000000000000000e+00
-1.213249999999999940e+00 1.000000000000000048e-04 2.129852283625378873e-01 1.000000000000000000e+00
-1.212499999999999911e+00 1.000000000000000048e-04 2.130397742388938365e-01 1.000000000000000000e+00
-1.211749999999999883e+00 1.000000000000000048e-04 2.130943249229255709e-01 1.000000000000000000e+00
-1.210999999999999854e+00 1.000000000000000048e-04 2.131488803740171356e-01 1.000000000000000000e+00
-1.210249999999999826e+00 1.000000000000000048e-04 2.132034405514303121e-01 1.000000000000000000e+00
-1.209499999999999797e+00 1.000000000000000048e-04 2.132580054143050352e-01 1.000000000000000000e+00
-1.208749999999999769e+00 1.000000000000000048e-04 2.133125749216585598e-01 1.000000000000000000e+00
-1.207999999999999741e+00 1.000000000000000048e-04 2.133671490323851283e-01 1.000000000000000000e+00
-1.207249999999999712e+00 1.000000000000000048e-04 2.134217277052561645e-01 1.000000000000000000e+00
-1.206500000000000128e+00 1.000000000000000048e-04 2.134763108989195246e-01 1.000000000000000000e+00
-1.205750000000000099e+00 1.000000000000000048e-04 2.135308985718994967e-01 1.000000000000000000e+00
-1.205000000000000071e+00 1.000000000000000048e-04 2.135854906825963850e-01 1.000000000000000000e+00
-1.204250000000000043e+00 1.000000000000000048e-04 2.136400871892862596e-01 1.000000000000000000e+00
-1.203500000000000014e+00 1.000000000000000048e-04 2.136946880501207624e-01 1.000000000000000000e+00
-1.202749999999999986e+00 1.000000000000000048e-04 2.137492932231266629e-01 1.000000000000000000e+00
-1.201999999999999957e+00 1.000000000000000048e-04 2.138039026662055531e-01 1.000000000000000000e+00
-1.201249999999999929e+00 1.000000000000000048e-04 2.138585163371339026e-01 1.000000000000000000e+00
-1.200499999999999901e+00 1.000000000000000048e-04 2.139131341935623098e-01 1.000000000000000000e+00
-1.199749999999999872e+00 1.000000000000000048e-04 2.139677561930154737e-01 1.000000000000000000e+00
-1.198999999999999844e+00 1.000000000000000048e-04 2.140223822928920272e-01 1.000000000000000000e+00
-1.198249999999999815e+00 1.000000000000000048e-04 2.140770124504639271e-01 1.000000000000000000e+00
-1.197499999999999787e+00 1.000000000000000048e-04 2.141316466228764259e-01 1.000000000000000000e+00
-1.196749999999999758e+00 1.000000000000000048e-04 2.141862847671476000e-01 1.000000000000000000e+00
-1.195999999999999730e+00 1.000000000000000048e-04 2.142409268401681277e-01 1.000000000000000000e+00
-1.195249999999999702e+00 1.000000000000000048e-04 2.142955727987011505e-01 1.000000000000000000e+00
-1.194500000000000117e+00 1.000000000000000048e-04 2.143502225993818011e-01 1.000000000000000000e+00
-1.193750000000000089e+00 1.000000000000000048e-04 2.144048761987168428e-01 1.000000000000000000e+00
-1.193000000000000060e+00 1.000000000000000048e-04 2.144595335530848079e-01 1.000000000000000000e+00
-1.192250000000000032e+00 1.000000000000000048e-04 2.145141946187349435e-01 1.000000000000000000e+00
-1.191500000000000004e+00 1.000000000000000048e-04 2.145688593517877385e-01 1.000000000000000000e+00
-1.190749999999999975e+00 1.000000000000000048e-04 2.146235277082341741e-01 1.000000000000000000e+00
-1.189999999999999947e+00 1.000000000000000048e-04 2.146781996439354190e-01 1.000000000000000000e+00
-1.189249999999999918e+00 1.000000000000000048e-04 2.147328751146226622e-01 1.000000000000000000e+00
-1.188499999999999890e+00 1.000000000000000048e-04 2.147875540758969470e-01 1.000000000000000000e+00
-1.187749999999999861e+00 1.000000000000000048e-04 2.148422364832285603e-01 1.000000000000000000e+00
-1.186999999999999833e+00 1.000000000000000048e-04 2.148969222919568378e-01 1.000000000000000000e+00
-1.186249999999999805e+00 1.000000000000000048e-04 2.149516114572901648e-01 1.000000000000000000e+00
-1.185499999999999776e+00 1.000000000000000048e-04 2.150063039343053373e-01 1.000000000000000000e+00
-1.184749999999999748e+00 1.000000000000000048e-04 2.150609996779471178e-01 1.000000000000000000e+00
-1.183999999999999719e+00 1.000000000000000048e-04 2.151156986430286244e-01 1.000000000000000000e+00
-1.183250000000000135e+00 1.000000000000000048e-04 2.151704007842302480e-01 1.000000000000000000e+00
-1.182500000000000107e+00 1.000000000000000048e-04 2.152251060560999574e-01 1.000000000000000000e+00
-1.181750000000000078e+00 1.000000000000000048e-04 2.152798144130524671e-01 1.000000000000000000e+00
-1.181000000000000050e+00 1.000000000000000048e-04 2.153345258093694037e-01 1.000000000000000000e+00
-1.180250000000000021e+00 1.000000000000000048e-04 2.153892401991987504e-01 1.000000000000000000e+00
-1.179499999999999993e+00 1.000000000000000048e-04 2.154439575365546533e-01 1.000000000000000000e+00
-1.178749999999999964e+00 1.000000000000000048e-04 2.154986777753169769e-01 1.000000000000000000e+00
-1.177999999999999936e+00 1.000000000000000048e-04 2.155534008692311931e-01 1.000000000000000000e+00
-1.177249999999999908e+00 1.000000000000000048e-04 2.156081267719080763e-01 1.000000000000000000e+00
-1.176499999999999879e+00 1.000000000000000048e-04 2.156628554368228423e-01 1.000000000000000000e+00
-1.175749999999999851e+00 1.000000000000000048e-04 2.157175868173160094e-01 1.000000000000000000e+00
-1.174999999999999822e+00 1.000000000000000048e-04 2.157723208665917880e-01 1.000000000000000000e+00
-1.174249999999999794e+00 1.000000000000000048e-04 2.158270575377186917e-01 1.000000000000000000e+00
-1.173499999999999766e+00 1.000000000000000048e-04 2.158817967836287322e-01 1.000000000000000000e+00
-1.172749999999999737e+00 1.000000000000000048e-04 2.159365385571175300e-01 1.000000000000000000e+00
-1.171999999999999709e+00 1.000000000000000048e-04 2.159912828108435379e-01 1.000000000000000000e+00
-1.171250000000000124e+00 1.000000000000000048e-04 2.160460294973281237e-01 1.000000000000000000e+00
-1.170500000000000096e+00 1.000000000000000048e-04 2.161007785689549876e-01 1.000000000000000000e+00
-1.169750000000000068e+00 1.000000000000000048e-04 2.161555299779702177e-01 1.000000000000000000e+00
-1.169000000000000039e+00 1.000000000000000048e-04 2.162102836764813185e-01 1.000000000000000000e+00
-1.168250000000000011e+00 1.000000000000000048e-04 2.162650396164576549e-01 1.000000000000000000e+00
-1.167499999999999982e+00 1.000000000000000048e-04 2.163197977497297031e-01 1.000000000000000000e+00
-1.166749999999999954e+00 1.000000000000000048e-04 2.163745580279888836e-01 1.000000000000000000e+00
-1.165999999999999925e+00 1.000000000000000048e-04 2.164293204027868955e-01 1.000000000000000000e+00
-1.165249999999999897e+00 1.000000000000000048e-04 2.164840848255362993e-01 1.000000000000000000e+00
-1.164499999999999869e+00 1.000000000000000048e-04 2.165388512475090732e-01 1.000000000000000000e+00
-1.163749999999999840e+00 1.000000000000000048e-04 2.165936196198371133e-01 1.000000000000000000e+00
-1.162999999999999812e+00 1.000000000000000048e-04 2.166483898935115393e-01 1.000000000000000000e+00
-1.162249999999999783e+00 1.000000000000000048e-04 2.167031620193827224e-01 1.000000000000000000e+00
-1.161499999999999755e+00 1.000000000000000048e-04 2.167579359481592582e-01 1.000000000000000000e+00
-1.160749999999999726e+00 1.000000000000000048e-04 2.168127116304085777e-01 1.000000000000000000e+00
-1.160000000000000142e+00 1.000000000000000048e-04 2.168674890165559477e-01 1.000000000000000000e+00
-1.159250000000000114e+00 1.000000000000000048e-04 2.169222680568844430e-01 1.000000000000000000e+00
-1.158500000000000085e+00 1.000000000000000048e-04 2.169770487015346694e-01 1.000000000000000000e+00
-1.157750000000000057e+00 1.000000000000000048e-04 2.170318309005042356e-01 1.000000000000000000e+00
-1.157000000000000028e+00 1.000000000000000048e-04 2.170866146036475597e-01 1.000000000000000000e+00
-1.156250000000000000e+00 1.000000000000000048e-04 2.171413997606753687e-01 1.000000000000000000e+00
-1.155499999999999972e+00 1.000000000000000048e-04 2.171961863211549493e-01 1.000000000000000000e+00
-1.154749999999999943e+00 1.000000000000000048e-04 2.172509742345090644e-01 1.000000000000000000e+00
-1.153999999999999915e+00 1.000000000000000048e-04 2.173057634500161206e-01 1.000000000000000000e+00
-1.153249999999999886e+00 1.000000000000000048e-04 2.173605539168096401e-01 1.000000000000000000e+00
-1.152499999999999858e+00 1.000000000000000048e-04 2.174153455838782334e-01 1.000000000000000000e+00
-1.151749999999999829e+00 1.000000000000000048e-04 2.174701384000645998e-01 1.000000000000000000e+00
-1.150999999999999801e+00 1.000000000000000048e-04 2.175249323140661661e-01 1.000000000000000000e+00
-1.150249999999999773e+00 1.000000000000000048e-04 2.175797272744339761e-01 1.000000000000000000e+00
-1.149499999999999744e+00 1.000000000000000048e-04 2.176345232295726628e-01 1.000000000000000000e+00
-1.148749999999999716e+00 1.000000000000000048e-04 2.176893201277401713e-01 1.000000000000000000e+00
-1.148000000000000131e+00 1.000000000000000048e-04 2.177441179170471752e-01 1.000000000000000000e+00
-1.147250000000000103e+00 1.000000000000000048e-04 2.177989165454571885e-01 1.000000000000000000e+00
-1.146500000000000075e+00 1.000000000000000048e-04 2.178537159607858986e-01 1.000000000000000000e+00
-1.145750000000000046e+00 1.000000000000000048e-04 2.179085161107008339e-01 1.000000000000000000e+00
-1.145000000000000018e+00 1.000000000000000048e-04 2.179633169427212525e-01 1.000000000000000000e+00
-1.144249999999999989e+00 1.000000000000000048e-04 2.180181184042174758e-01 1.000000000000000000e+00
-1.143499999999999961e+00 1.000000000000000048e-04 2.180729204424110834e-01 1.000000000000000000e+00
-1.142749999999999932e+00 1.000000000000000048e-04 2.181277230043739412e-01 1.000000000000000000e+00
-1.141999999999999904e+00 1.000000000000000048e-04 2.181825260370284236e-01 1.000000000000000000e+00
-1.141249999999999876e+00 1.000000000000000048e-04 2.182373294871467195e-01 1.000000000000000000e+00
-1.140499999999999847e+00 1.000000000000000048e-04 2.182921333013507492e-01 1.000000000000000000e+00
-1.139749999999999819e+00 1.000000000000000048e-04 2.183469374261116369e-01 1.000000000000000000e+00
-1.138999999999999790e+00 1.000000000000000048e-04 2.184017418077494332e-01 1.000000000000000000e+00
-1.138249999999999762e+00 1.000000000000000048e-04 2.184565463924328377e-01 1.000000000000000000e+00
-1.137499999999999734e+00 1.000000000000000048e-04 2.185113511261788100e-01 1.000000000000000000e+00
-1.136749999999999705e+00 1.000000000000000048e-04 2.185661559548522648e-01 1.000000000000000000e+00
-1.136000000000000121e+00 1.000000000000000048e-04 2.186209608241657387e-01 1.000000000000000000e+00
-1.135250000000000092e+00 1.000000000000000048e-04 2.186757656796790295e-01 1.000000000000000000e+00
-1.134500000000000064e+00 1.000000000000000048e-04 2.187305704667988904e-01 1.000000000000000000e+00
-1.133750000000000036e+00 1.000000000000000048e-04 2.187853751307785310e-01 1.000000000000000000e+00
-1.133000000000000007e+00 1.000000000000000048e-04 2.188401796167176172e-01 1.000000000000000000e+00
-1.132249999999999979e+00 1.000000000000000048e-04 2.188949838695616046e-01 1.000000000000000000e+00
-1.131499999999999950e+00 1.000000000000000048e-04 2.189497878341014336e-01 1.000000000000000000e+00
-1.130749999999999922e+00 1.000000000000000048e-04 2.190045914549735018e-01 1.000000000000000000e+00
-1.129999999999999893e+00 1.000000000000000048e-04 2.190593946766589140e-01 1.000000000000000000e+00
-1.129249999999999865e+00 1.000000000000000048e-04 2.191141974434832884e-01 1.000000000000000000e+00
-1.128499999999999837e+00 1.000000000000000048e-04 2.191689996996168122e-01 1.000000000000000000e+00
-1.127749999999999808e+00 1.000000000000000048e-04 2.192238013890730752e-01 1.000000000000000000e+00
-1.126999999999999780e+00 1.000000000000000048e-04 2.192786024557094593e-01 1.000000000000000000e+00
-1.126249999999999751e+00 1.000000000000000048e-04 2.193334028432263605e-01 1.000000000000000000e+00
-1.125499999999999723e+00 1.000000000000000048e-04 2.193882024951671894e-01 1.000000000000000000e+00
-1.124750000000000139e+00 1.000000000000000048e-04 2.194430013549176772e-01 1.000000000000000000e+00
-1.124000000000000110e+00 1.000000000000000048e-04 2.194977993657058202e-01 1.000000000000000000e+00
-1.123250000000000082e+00 1.000000000000000048e-04 2.195525964706012134e-01 1.000000000000000000e+00
-1.122500000000000053e+00 1.000000000000000048e-04 2.196073926125151066e-01 1.000000000000000000e+00
-1.121750000000000025e+00 1.000000000000000048e-04 2.196621877341997098e-01 1.000000000000000000e+00
-1.120999999999999996e+00 1.000000000000000048e-04 2.197169817782481382e-01 1.000000000000000000e+00
-1.120249999999999968e+00 1.000000000000000048e-04 2.197717746870936351e-01 1.000000000000000000e+00
-1.119499999999999940e+00 1.000000000000000048e-04 2.198265664030095989e-01 1.000000000000000000e+00
-1.118749999999999911e+00 1.000000000000000048e-04 2.198813568681092512e-01 1.000000000000000000e+00
-1.117999999999999883e+00 1.000000000000000048e-04 2.199361460243451638e-01 1.000000000000000000e+00
-1.117249999999999854e+00 1.000000000000000048e-04 2.199909338135086212e-01 1.000000000000000000e+00
-1.116499999999999826e+00 1.000000000000000048e-04 2.200457201772297033e-01 1.000000000000000000e+00
-1.115749999999999797e+00 1.000000000000000048e-04 2.201005050569769250e-01 1.000000000000000000e+00
-1.114999999999999769e+00 1.000000000000000048e-04 2.201552883940565142e-01 1.000000000000000000e+00
-1.114249999999999741e+00 1.000000000000000048e-04 2.202100701296123564e-01 1.000000000000000000e+00
-1.113499999999999712e+00 1.000000000000000048e-04 2.202648502046256063e-01 1.000000000000000000e+00
-1.112750000000000128e+00 1.000000000000000048e-04 2.203196285599141879e-01 1.000000000000000000e+00
-1.112000000000000099e+00 1.000000000000000048e-04 2.203744051361324341e-01 1.000000000000000000e+00
-1.111250000000000071e+00 1.000000000000000048e-04 2.204291798737711694e-01 1.000000000000000000e+00
-1.110500000000000043e+00 1.000000000000000048e-04 2.204839527131567667e-01 1.000000000000000000e+00
-1.109750000000000014e+00 1.000000000000000048e-04 2.205387235944510360e-01 1.000000000000000000e+00
-1.108999999999999986e+00 1.000000000000000048e-04 2.205934924576507805e-01 1.000000000000000000e+00
-1.108249999999999957e+00 1.000000000000000048e-04 2.206482592425877409e-01 1.000000000000000000e+00
-1.107499999999999929e+00 1.000000000000000048e-04 2.207030238889278739e-01 1.000000000000000000e+00
-1.106749999999999901e+00 1.000000000000000048e-04 2.207577863361711579e-01 1.000000000000000000e+00
-1.105999999999999872e+00 1.000000000000000048e-04 2.208125465236512042e-01 1.000000000000000000e+00
-1.105249999999999844e+00 1.000000000000000048e-04 2.208673043905347855e-01 1.000000000000000000e+00
-1.104499999999999815e+00 1.000000000000000048e-04 2.209220598758215581e-01 1.000000000000000000e+00
-1.103749999999999787e+00 1.000000000000000048e-04 2.209768129183442564e-01 1.000000000000000000e+00
-1.102999999999999758e+00 1.000000000000000048e-04 2.210315634567669996e-01 1.000000000000000000e+00
-1.102249999999999730e+00 1.000000000000000048e-04 2.210863114295860410e-01 1.000000000000000000e+00
-1.101499999999999702e+00 1.000000000000000048e-04 2.211410567751293799e-01 1.000000000000000000e+00
-1.100750000000000117e+00 1.000000000000000048e-04 2.211957994315556231e-01 1.000000000000000000e+00
-1.100000000000000089e+00 1.000000000000000048e-04 2.212505393368543183e-01 1.000000000000000000e+00
-1.099250000000000060e+00 1.000000000000000048e-04 2.213052764288454266e-01 1.000000000000000000e+00
-1.098500000000000032e+00 1.000000000000000048e-04 2.213600106451786564e-01 1.000000000000000000e+00
-1.097750000000000004e+00 1.000000000000000048e-04 2.214147419233336300e-01 1.000000000000000000e+00
-1.096999999999999975e+00 1.000000000000000048e-04 2.214694702006187454e-01 1.000000000000000000e+00
-1.096249999999999947e+00 1.000000000000000048e-04 2.215241954141717873e-01 1.000000000000000000e+00
-1.095499999999999918e+00 1.000000000000000048e-04 2.215789175009587331e-01 1.000000000000000000e+00
-1.094749999999999890e+00 1.000000000000000048e-04 2.216336363977738089e-01 1.000000000000000000e+00
-1.093999999999999861e+00 1.000000000000000048e-04 2.216883520412386843e-01 1.000000000000000000e+00
-1.093249999999999833e+00 1.000000000000000048e-04 2.217430643678028057e-01 1.000000000000000000e+00
-1.092499999999999805e+00 1.000000000000000048e-04 2.217977733137424801e-01 1.000000000000000000e+00
-1.091749999999999776e+00 1.000000000000000048e-04 2.218524788151605698e-01 1.000000000000000000e+00
-1.090999999999999748e+00 1.000000000000000048e-04 2.219071808079863262e-01 1.000000000000000000e+00
-1.090249999999999719e+00 1.000000000000000048e-04 2.219618792279746955e-01 1.000000000000000000e+00
-1.089500000000000135e+00 1.000000000000000048e-04 2.220165740107062358e-01 1.000000000000000000e+00
-1.088750000000000107e+00 1.000000000000000048e-04 2.220712650915866726e-01 1.000000000000000000e+00
-1.088000000000000078e+00 1.000000000000000048e-04 2.221259524058463164e-01 1.000000000000000000e+00
-1.087250000000000050e+00 1.000000000000000048e-04 2.221806358885401733e-01 1.000000000000000000e+00
-1.086500000000000021e+00 1.000000000000000048e-04 2.222353154745468073e-01 1.000000000000000000e+00
-1.085749999999999993e+00 1.000000000000000048e-04 2.222899910985687566e-01 1.000000000000000000e+00
-1.084999999999999964e+00 1.000000000000000048e-04 2.223446626951315619e-01 1.000000000000000000e+00
-1.084249999999999936e+00 1.000000000000000048e-04 2.223993301985836557e-01 1.000000000000000000e+00
-1.083499999999999908e+00 1.000000000000000048e-04 2.224539935430960014e-01 1.000000000000000000e+00
-1.082749999999999879e+00 1.000000000000000048e-04 2.225086526626616767e-01 1.000000000000000000e+00
-1.081999999999999851e+00 1.000000000000000048e-04 2.225633074910952913e-01 1.000000000000000000e+00
-1.081249999999999822e+00 1.000000000000000048e-04 2.226179579620330140e-01 1.000000000000000000e+00
-1.080499999999999794e+00 1.000000000000000048e-04 2.226726040089316572e-01 1.000000000000000000e+00
-1.079749999999999766e+00 1.000000000000000048e-04 2.227272455650688987e-01 1.000000000000000000e+00
-1.078999999999999737e+00 1.000000000000000048e-04 2.227818825635423106e-01 1.000000000000000000e+00
-1.078249999999999709e+00 1.000000000000000048e-04 2.228365149372693588e-01 1.000000000000000000e+00
-1.077500000000000124e+00 1.000000000000000048e-04 2.228911426189869038e-01 1.000000000000000000e+00
-1.076750000000000096e+00 1.000000000000000048e-04 2.229457655412507566e-01 1.000000000000000000e+00
-1.076000000000000068e+00 1.000000000000000048e-04 2.230003836364355119e-01 1.000000000000000000e+00
-1.075250000000000039e+00 1.000000000000000048e-04 2.230549968367336600e-01 1.000000000000000000e+00
-1.074500000000000011e+00 1.000000000000000048e-04 2.231096050741558923e-01 1.000000000000000000e+00
-1.073749999999999982e+00 1.000000000000000048e-04 2.231642082805300187e-01 1.000000000000000000e+00
-1.072999999999999954e+00 1.000000000000000048e-04 2.232188063875011896e-01 1.000000000000000000e+00
-1.072249999999999925e+00 1.000000000000000048e-04 2.232733993265310080e-01 1.000000000000000000e+00
-1.071499999999999897e+00 1.000000000000000048e-04 2.233279870288972790e-01 1.000000000000000000e+00
-1.070749999999999869e+00 1.000000000000000048e-04 2.233825694256941219e-01 1.000000000000000000e+00
-1.069999999999999840e+00 1.000000000000000048e-04 2.234371464478306091e-01 1.000000000000000000e+00
-1.069249999999999812e+00 1.000000000000000048e-04 2.234917180260311553e-01 1.000000000000000000e+00
-1.068499999999999783e+00 1.000000000000000048e-04 2.235462840908348514e-01 1.000000000000000000e+00
-1.067749999999999755e+00 1.000000000000000048e-04 2.236008445725951588e-01 1.000000000000000000e+00
-1.066999999999999726e+00 1.000000000000000048e-04 2.236553994014792435e-01 1.000000000000000000e+00
-1.066249999999999698e+00 1.000000000000000048e-04 2.237099485074677818e-01 1.000000000000000000e+00
-1.065500000000000114e+00 1.000000000000000048e-04 2.237644918203548772e-01 1.000000000000000000e+00
-1.064750000000000085e+00 1.000000000000000048e-04 2.238190292697470052e-01 1.000000000000000000e+00
-1.064000000000000057e+00 1.000000000000000048e-04 2.238735607850629861e-01 1.000000000000000000e+00
-1.063250000000000028e+00 1.000000000000000048e-04 2.239280862955335960e-01 1.000000000000000000e+00
-1.062500000000000000e+00 1.000000000000000048e-04 2.239826057302013174e-01 1.000000000000000000e+00
-1.061749999999999972e+00 1.000000000000000048e-04 2.240371190179194227e-01 1.000000000000000000e+00
-1.060999999999999943e+00 1.000000000000000048e-04 2.240916260873520027e-01 1.000000000000000000e+00
-1.060249999999999915e+00 1.000000000000000048e-04 2.241461268669734108e-01 1.000000000000000000e+00
-1.059499999999999886e+00 1.000000000000000048e-04 2.242006212850681524e-01 1.000000000000000000e+00
-1.058749999999999858e+00 1.000000000000000048e-04 2.242551092697297743e-01 1.000000000000000000e+00
-1.057999999999999829e+00 1.000000000000000048e-04 2.243095907488612817e-01 1.000000000000000000e+00
-1.057249999999999801e+00 1.000000000000000048e-04 2.243640656501741104e-01 1.000000000000000000e+00
-1.056499999999999773e+00 1.000000000000000048e-04 2.244185339011882385e-01 1.000000000000000000e+00
-1.055749999999999744e+00 1.000000000000000048e-04 2.244729954292312424e-01 1.000000000000000000e+00
-1.054999999999999716e+00 1.000000000000000048e-04 2.245274501614383245e-01 1.000000000000000000e+00
-1.054250000000000131e+00 1.000000000000000048e-04 2.245818980247516472e-01 1.000000000000000000e+00
-1.053500000000000103e+00 1.000000000000000048e-04 2.246363389459201942e-01 1.000000000000000000e+00
-1.052750000000000075e+00 1.000000000000000048e-04 2.246907728514989100e-01 1.000000000000000000e+00
-1.052000000000000046e+00 1.000000000000000048e-04 2.247451996678487274e-01 1.000000000000000000e+00
-1.051250000000000018e+00 1.000000000000000048e-04 2.247996193211360683e-01 1.000000000000000000e+00
-1.050499999999999989e+00 1.000000000000000048e-04 2.248540317373321218e-01 1.000000000000000000e+00
-1.049749999999999961e+00 1.000000000000000048e-04 2.249084368422129276e-01 1.000000000000000000e+00
-1.048999999999999932e+00 1.000000000000000048e-04 2.249628345613583491e-01 1.000000000000000000e+00
-1.048249999999999904e+00 1.000000000000000048e-04 2.250172248201524339e-01 1.000000000000000000e+00
-1.047499999999999876e+00 1.000000000000000048e-04 2.250716075437823316e-01 1.000000000000000000e+00
-1.046749999999999847e+00 1.000000000000000048e-04 2.251259826572380718e-01 1.000000000000000000e+00
-1.045999999999999819e+00 1.000000000000000048e-04 2.251803500853123419e-01 1.000000000000000000e+00
-1.045249999999999790e+00 1.000000000000000048e-04 2.252347097525999320e-01 1.000000000000000000e+00
-1.044499999999999762e+00 1.000000000000000048e-04 2.252890615834970967e-01 1.000000000000000000e+00
-1.043749999999999734e+00 1.000000000000000048e-04 2.253434055022017490e-01 1.000000000000000000e+00
-1.042999999999999705e+00 1.000000000000000048e-04 2.253977414327121287e-01 1.000000000000000000e+00
-1.042250000000000121e+00 1.000000000000000048e-04 2.254520692988273844e-01 1.000000000000000000e+00
-1.041500000000000092e+00 1.000000000000000048e-04 2.255063890241464086e-01 1.000000000000000000e+00
-1.040750000000000064e+00 1.000000000000000048e-04 2.255607005320677538e-01 1.000000000000000000e+00
-1.040000000000000036e+00 1.000000000000000048e-04 2.256150037457891055e-01 1.000000000000000000e+00
-1.039250000000000007e+00 1.000000000000000048e-04 2.256692985883068103e-01 1.000000000000000000e+00
-1.038499999999999979e+00 1.000000000000000048e-04 2.257235849824157370e-01 1.000000000000000000e+00
-1.037749999999999950e+00 1.000000000000000048e-04 2.257778628507086105e-01 1.000000000000000000e+00
-1.036999999999999922e+00 1.000000000000000048e-04 2.258321321155753458e-01 1.000000000000000000e+00
-1.036249999999999893e+00 1.000000000000000048e-04 2.258863926992031590e-01 1.000000000000000000e+00
-1.035499999999999865e+00 1.000000000000000048e-04 2.259406445235759009e-01 1.000000000000000000e+00
-1.034749999999999837e+00 1.000000000000000048e-04 2.259948875104735022e-01 1.000000000000000000e+00
-1.033999999999999808e+00 1.000000000000000048e-04 2.260491215814716126e-01 1.000000000000000000e+00
-1.033249999999999780e+00 1.000000000000000048e-04 2.261033466579413787e-01 1.000000000000000000e+00
-1.032499999999999751e+00 1.000000000000000048e-04 2.261575626610489165e-01 1.000000000000000000e+00
-1.031749999999999723e+00 1.000000000000000048e-04 2.262117695117544791e-01 1.000000000000000000e+00
-1.031000000000000139e+00 1.000000000000000048e-04 2.262659671308125675e-01 1.000000000000000000e+00
-1.030250000000000110e+00 1.000000000000000048e-04 2.263201554387714864e-01 1.000000000000000000e+00
-1.029500000000000082e+00 1.000000000000000048e-04 2.263743343559724008e-01 1.000000000000000000e+00
-1.028750000000000053e+00 1.000000000000000048e-04 2.264285038025493912e-01 1.000000000000000000e+00
-1.028000000000000025e+00 1.000000000000000048e-04 2.264826636984289265e-01 1.000000000000000000e+00
-1.027249999999999996e+00 1.000000000000000048e-04 2.265368139633291977e-01 1.000000000000000000e+00
-1.026499999999999968e+00 1.000000000000000048e-04 2.265909545167600625e-01 1.000000000000000000e+00
-1.025749999999999940e+00 1.000000000000000048e-04 2.266450852780219904e-01 1.000000000000000000e+00
-1.024999999999999911e+00 1.000000000000000048e-04 2.266992061662066738e-01 1.000000000000000000e+00
-1.024249999999999883e+00 1.000000000000000048e-04 2.267533171001953340e-01 1.000000000000000000e+00
-1.023499999999999854e+00 1.000000000000000048e-04 2.268074179986592220e-01 1.000000000000000000e+00
-1.022749999999999826e+00 1.000000000000000048e-04 2.268615087800587848e-01 1.000000000000000000e+00
-1.021999999999999797e+00 1.000000000000000048e-04 2.269155893626434162e-01 1.000000000000000000e+00
-1.021249999999999769e+00 1.000000000000000048e-04 2.269696596644507069e-01 1.000000000000000000e+00
-1.020499999999999741e+00 1.000000000000000048e-04 2.270237196033063620e-01 1.000000000000000000e+00
-1.019749999999999712e+00 1.000000000000000048e-04 2.270777690968234508e-01 1.000000000000000000e+00
-1.019000000000000128e+00 1.000000000000000048e-04 2.271318080624022406e-01 1.000000000000000000e+00
-1.018250000000000099e+00 1.000000000000000048e-04 2.271858364172295586e-01 1.000000000000000000e+00
-1.017500000000000071e+00 1.000000000000000048e-04 2.272398540782785414e-01 1.000000000000000000e+00
-1.016750000000000043e+00 1.000000000000000048e-04 2.272938609623079143e-01 1.000000000000000000e+00
-1.016000000000000014e+00 1.000000000000000048e-04 2.273478569858617404e-01 1.000000000000000000e+00
-1.015249999999999986e+00 1.000000000000000048e-04 2.274018420652690609e-01 1.000000000000000000e+00
-1.014499999999999957e+00 1.000000000000000048e-04 2.274558161166431169e-01 1.000000000000000000e+00
-1.013749999999999929e+00 1.000000000000000048e-04 2.275097790558812394e-01 1.000000000000000000e+00
-1.012999999999999901e+00 1.000000000000000048e-04 2.275637307986642932e-01 1.000000000000000000e+00
-1.012249999999999872e+00 1.000000000000000048e-04 2.276176712604561225e-01 1.000000000000000000e+00
-1.011499999999999844e+00 1.000000000000000048e-04 2.276716003565033564e-01 1.000000000000000000e+00
-1.010749999999999815e+00 1.000000000000000048e-04 2.277255180018345204e-01 1.000000000000000000e+00
-1.009999999999999787e+00 1.000000000000000048e-04 2.277794241112600926e-01 1.000000000000000000e+00
-1.009249999999999758e+00 1.000000000000000048e-04 2.278333185993716981e-01 1.000000000000000000e+00
-1.008499999999999730e+00 1.000000000000000048e-04 2.278872013805419428e-01 1.000000000000000000e+00
-1.007749999999999702e+00 1.000000000000000048e-04 2.279410723689234974e-01 1.000000000000000000e+00
-1.007000000000000117e+00 1.000000000000000048e-04 2.279949314784492642e-01 1.000000000000000000e+00
-1.006250000000000089e+00 1.000000000000000048e-04 2.280487786228313496e-01 1.000000000000000000e+00
-1.005500000000000060e+00 1.000000000000000048e-04 2.281026137155612032e-01 1.000000000000000000e+00
-1.004750000000000032e+00 1.000000000000000048e-04 2.281564366699083413e-01 1.000000000000000000e+00
-1.004000000000000004e+00 1.000000000000000048e-04 2.282102473989207625e-01 1.000000000000000000e+00
-1.003249999999999975e+00 1.000000000000000048e-04 2.282640458154239493e-01 1.000000000000000000e+00
-1.002499999999999947e+00 1.000000000000000048e-04 2.283178318320206179e-01 1.000000000000000000e+00
-1.001749999999999918e+00 1.000000000000000048e-04 2.283716053610901353e-01 1.000000000000000000e+00
-1.000999999999999890e+00 1.000000000000000048e-04 2.284253663147881586e-01 1.000000000000000000e+00
-1.000249999999999861e+00 1.000000000000000048e-04 2.284791146050461075e-01 1.000000000000000000e+00
-9.995000000000002771e-01 1.000000000000000048e-04 2.285328501435708870e-01 1.000000000000000000e+00
-9.987500000000002487e-01 1.000000000000000048e-04 2.285865728418443044e-01 1.000000000000000000e+00
-9.980000000000002203e-01 1.000000000000000048e-04 2.286402826111222919e-01 1.000000000000000000e+00
-9.972500000000001918e-01 1.000000000000000048e-04 2.286939793624349071e-01 1.000000000000000000e+00
-9.965000000000001634e-01 1.000000000000000048e-04 2.287476630065859162e-01 1.000000000000000000e+00
-9.957500000000001350e-01 1.000000000000000048e-04 2.288013334541517396e-01 1.000000000000000000e+00
-9.950000000000001066e-01 1.000000000000000048e-04 2.288549906154817015e-01 1.000000000000000000e+00
-9.942500000000000782e-01 1.000000000000000048e-04 2.289086344006969198e-01 1.000000000000000000e+00
-9.935000000000000497e-01 1.000000000000000048e-04 2.289622647196904170e-01 1.000000000000000000e+00
-9.927500000000000213e-01 1.000000000000000048e-04 2.290158814821262045e-01 1.000000000000000000e+00
-9.919999999999999929e-01 1.000000000000000048e-04 2.290694845974391436e-01 1.000000000000000000e+00
-9.912499999999999645e-01 1.000000000000000048e-04 2.291230739748342238e-01 1.000000000000000000e+00
-9.904999999999999361e-01 1.000000000000000048e-04 2.291766495232861744e-01 1.000000000000000000e+00
-9.897499999999999076e-01 1.000000000000000048e-04 2.292302111515390761e-01 1.000000000000000000e+00
-9.889999999999998792e-01 1.000000000000000048e-04 2.292837587681058331e-01 1.000000000000000000e+00
-9.882499999999998508e-01 1.000000000000000048e-04 2.293372922812679238e-01 1.000000000000000000e+00
-9.874999999999998224e-01 1.000000000000000048e-04 2.293908115990742347e-01 1.000000000000000000e+00
-9.867499999999997939e-01 1.000000000000000048e-04 2.294443166293413661e-01 1.000000000000000000e+00
-9.859999999999997655e-01 1.000000000000000048e-04 2.294978072796529101e-01 1.000000000000000000e+00
-9.852499999999997371e-01 1.000000000000000048e-04 2.295512834573586181e-01 1.000000000000000000e+00
-9.844999999999997087e-01 1.000000000000000048e-04 2.296047450695745951e-01 1.000000000000000000e+00
-9.837499999999996803e-01 1.000000000000000048e-04 2.296581920231822727e-01 1.000000000000000000e+00
-9.829999999999996518e-01 1.000000000000000048e-04 2.297116242248280760e-01 1.000000000000000000e+00
-9.822499999999996234e-01 1.000000000000000048e-04 2.297650415809231739e-01 1.000000000000000000e+00
-9.814999999999995950e-01 1.000000000000000048e-04 2.298184439976425630e-01 1.000000000000000000e+00
-9.807499999999995666e-01 1.000000000000000048e-04 2.298718313809250680e-01 1.000000000000000000e+00
-9.799999999999995381e-01 1.000000000000000048e-04 2.299252036364725360e-01 1.000000000000000000e+00
-9.792499999999995097e-01 1.000000000000000048e-04 2.299785606697494211e-01 1.000000000000000000e+00
-9.784999999999994813e-01 1.000000000000000048e-04 2.300319023859824508e-01 1.000000000000000000e+00
-9.777500000000003411e-01 1.000000000000000048e-04 2.300852286901600430e-01 1.000000000000000000e+00
-9.770000000000003126e-01 1.000000000000000048e-04 2.301385394870316126e-01 1.000000000000000000e+00
-9.762500000000002842e-01 1.000000000000000048e-04 2.301918346811075988e-01 1.000000000000000000e+00
-9.755000000000002558e-01 1.000000000000000048e-04 2.302451141766583553e-01 1.000000000000000000e+00
-9.747500000000002274e-01 1.000000000000000048e-04 2.302983778777142054e-01 1.000000000000000000e+00
-9.740000000000001990e-01 1.000000000000000048e-04 2.303516256880646651e-01 1.000000000000000000e+00
-9.732500000000001705e-01 1.000000000000000048e-04 2.304048575112581931e-01 1.000000000000000000e+00
-9.725000000000001421e-01 1.000000000000000048e-04 2.304580732506012197e-01 1.000000000000000000e+00
-9.717500000000001137e-01 1.000000000000000048e-04 2.305112728091582575e-01 1.000000000000000000e+00
-9.710000000000000853e-01 1.000000000000000048e-04 2.305644560897509854e-01 1.000000000000000000e+00
-9.702500000000000568e-01 1.000000000000000048e-04 2.306176229949579437e-01 1.000000000000000000e+00
-9.695000000000000284e-01 1.000000000000000048e-04 2.306707734271140897e-01 1.000000000000000000e+00
-9.687500000000000000e-01 1.000000000000000048e-04 2.307239072883102426e-01 1.000000000000000000e+00
-9.679999999999999716e-01 1.000000000000000048e-04 2.307770244803923343e-01 1.000000000000000000e+00
-9.672499999999999432e-01 1.000000000000000048e-04 2.308301249049615478e-01 1.000000000000000000e+00
-9.664999999999999147e-01 1.000000000000000048e-04 2.308832084633732351e-01 1.000000000000000000e+00
-9.657499999999998863e-01 1.000000000000000048e-04 2.309362750567365286e-01 1.000000000000000000e+00
-9.649999999999998579e-01 1.000000000000000048e-04 2.309893245859142019e-01 1.000000000000000000e+00
-9.642499999999998295e-01 1.000000000000000048e-04 2.310423569515216990e-01 1.000000000000000000e+00
-9.634999999999998010e-01 1.000000000000000048e-04 2.310953720539269673e-01 1.000000000000000000e+00
-9.627499999999997726e-01 1.000000000000000048e-04 2.311483697932499026e-01 1.000000000000000000e+00
-9.619999999999997442e-01 1.000000000000000048e-04 2.312013500693617662e-01 1.000000000000000000e+00
-9.612499999999997158e-01 1.000000000000000048e-04 2.312543127818846300e-01 1.000000000000000000e+00
-9.604999999999996874e-01 1.000000000000000048e-04 2.313072578301911819e-01 1.000000000000000000e+00
-9.597499999999996589e-01 1.000000000000000048e-04 2.313601851134038934e-01 1.000000000000000000e+00
-9.589999999999996305e-01 1.000000000000000048e-04 2.314130945303946585e-01 1.000000000000000000e+00
-9.582499999999996021e-01 1.000000000000000048e-04 2.314659859797843222e-01 1.000000000000000000e+00
-9.574999999999995737e-01 1.000000000000000048e-04 2.315188593599420419e-01 1.000000000000000000e+00
-9.567499999999995453e-01 1.000000000000000048e-04 2.315717145689850098e-01 1.000000000000000000e+00
-9.559999999999995168e-01 1.000000000000000048e-04 2.316245515047779813e-01 1.000000000000000000e+00
-9.552499999999994884e-01 1.000000000000000048e-04 2.316773700649320533e-01 1.000000000000000000e+00
-9.545000000000003482e-01 1.000000000000000048e-04 2.317301701468054698e-01 1.000000000000000000e+00
-9.537500000000003197e-01 1.000000000000000048e-04 2.317829516475017060e-01 1.000000000000000000e+00
-9.530000000000002913e-01 1.000000000000000048e-04 2.318357144638700518e-01 1.000000000000000000e+00
-9.522500000000002629e-01 1.000000000000000048e-04 2.318884584925046122e-01 1.000000000000000000e+00
-9.515000000000002345e-01 1.000000000000000048e-04 2.319411836297437524e-01 1.000000000000000000e+00
-9.507500000000002061e-01 1.000000000000000048e-04 2.319938897716697090e-01 1.000000000000000000e+00
-9.500000000000001776e-01 1.000000000000000048e-04 2.320465768141082297e-01 1.000000000000000000e+00
-9.492500000000001492e-01 1.000000000000000048e-04 2.320992446526279063e-01 1.000000000000000000e+00
-9.485000000000001208e-01 1.000000000000000048e-04 2.321518931825393706e-01 1.000000000000000000e+00
-9.477500000000000924e-01 1.000000000000000048e-04 2.322045222988954882e-01 1.000000000000000000e+00
-9.470000000000000639e-01 1.000000000000000048e-04 2.322571318964903042e-01 1.000000000000000000e+00
-9.462500000000000355e-01 1.000000000000000048e-04 2.323097218698584598e-01 1.000000000000000000e+00
-9.455000000000000071e-01 1.000000000000000048e-04 2.323622921132752206e-01 1.000000000000000000e+00
-9.447499999999999787e-01 1.000000000000000048e-04 2.324148425207556157e-01 1.000000000000000000e+00
-9.439999999999999503e-01 1.000000000000000048e-04 2.324673729860535776e-01 1.000000000000000000e+00
-9.432499999999999218e-01 1.000000000000000048e-04 2.325198834026622197e-01 1.000000000000000000e+00
-9.424999999999998934e-01 1.000000000000000048e-04 2.325723736638126982e-01 1.000000000000000000e+00
-9.417499999999998650e-01 1.000000000000000048e-04 2.326248436624737959e-01 1.000000000000000000e+00
-9.409999999999998366e-01 1.000000000000000048e-04 2.326772932913517833e-01 1.000000000000000000e+00
-9.402499999999998082e-01 1.000000000000000048e-04 2.327297224428893085e-01 1.000000000000000000e+00
-9.394999999999997797e-01 1.000000000000000048e-04 2.327821310092654528e-01 1.000000000000000000e+00
-9.387499999999997513e-01 1.000000000000000048e-04 2.328345188823947864e-01 1.000000000000000000e+00
-9.379999999999997229e-01 1.000000000000000048e-04 2.328868859539271474e-01 1.000000000000000000e+00
-9.372499999999996945e-01 1.000000000000000048e-04 2.329392321152467804e-01 1.000000000000000000e+00
-9.364999999999996660e-01 1.000000000000000048e-04 2.329915572574720872e-01 1.000000000000000000e+00
-9.357499999999996376e-01 1.000000000000000048e-04 2.330438612714552105e-01 1.000000000000000000e+00
-9.349999999999996092e-01 1.000000000000000048e-04 2.330961440477812563e-01 1.000000000000000000e+00
-9.342499999999995808e-01 1.000000000000000048e-04 2.331484054767675451e-01 1.000000000000000000e+00
-9.334999999999995524e-01 1.000000000000000048e-04 2.332006454484639169e-01 1.000000000000000000e+00
-9.327499999999995239e-01 1.000000000000000048e-04 2.332528638526512599e-01 1.000000000000000000e+00
-9.319999999999994955e-01 1.000000000000000048e-04 2.333050605788416776e-01 1.000000000000000000e+00
-9.312500000000003553e-01 1.000000000000000048e-04 2.333572355162774059e-01 1.000000000000000000e+00
-9.305000000000003268e-01 1.000000000000000048e-04 2.334093885539309243e-01 1.000000000000000000e+00
-9.297500000000002984e-01 1.000000000000000048e-04 2.334615195805037346e-01 1.000000000000000000e+00
-9.290000000000002700e-01 1.000000000000000048e-04 2.335136284844263610e-01 1.000000000000000000e+00
-9.282500000000002416e-01 1.000000000000000048e-04 2.335657151538577392e-01 1.000000000000000000e+00
-9.275000000000002132e-01 1.000000000000000048e-04 2.336177794766841342e-01 1.000000000000000000e+00
-9.267500000000001847e-01 1.000000000000000048e-04 2.336698213405197233e-01 1.000000000000000000e+00
-9.260000000000001563e-01 1.000000000000000048e-04 2.337218406327047915e-01 1.000000000000000000e+00
-9.252500000000001279e-01 1.000000000000000048e-04 2.337738372403060372e-01 1.000000000000000000e+00
-9.245000000000000995e-01 1.000000000000000048e-04 2.338258110501159059e-01 1.000000000000000000e+00
-9.237500000000000711e-01 1.000000000000000048e-04 2.338777619486517023e-01 1.000000000000000000e+00
-9.230000000000000426e-01 1.000000000000000048e-04 2.339296898221555898e-01 1.000000000000000000e+00
-9.222500000000000142e-01 1.000000000000000048e-04 2.339815945565936195e-01 1.000000000000000000e+00
-9.214999999999999858e-01 1.000000000000000048e-04 2.340334760376553414e-01 1.000000000000000000e+00
-9.207499999999999574e-01 1.000000000000000048e-04 2.340853341507532770e-01 1.000000000000000000e+00
-9.199999999999999289e-01 1.000000000000000048e-04 2.341371687810223923e-01 1.000000000000000000e+00
-9.192499999999999005e-01 1.000000000000000048e-04 2.341889798133195699e-01 1.000000000000000000e+00
-9.184999999999998721e-01 1.000000000000000048e-04 2.342407671322231377e-01 1.000000000000000000e+00
-9.177499999999998437e-01 1.000000000000000048e-04 2.342925306220318971e-01 1.000000000000000000e+00
-9.169999999999998153e-01 1.000000000000000048e-04 2.343442701667655115e-01 1.000000000000000000e+00
-9.162499999999997868e-01 1.000000000000000048e-04 2.343959856501625361e-01 1.000000000000000000e+00
-9.154999999999997584e-01 1.000000000000000048e-04 2.344476769556817219e-01 1.000000000000000000e+00
-9.147499999999997300e-01 1.000000000000000048e-04 2.344993439664995460e-01 1.000000000000000000e+00
-9.139999999999997016e-01 1.000000000000000048e-04 2.345509865655112103e-01 1.000000000000000000e+00
-9.132499999999996732e-01 1.000000000000000048e-04 2.346026046353290873e-01 1.000000000000000000e+00
-9.124999999999996447e-01 1.000000000000000048e-04 2.346541980582829146e-01 1.000000000000000000e+00
-9.117499999999996163e-01 1.000000000000000048e-04 2.347057667164186845e-01 1.000000000000000000e+00
-9.109999999999995879e-01 1.000000000000000048e-04 2.347573104914982001e-01 1.000000000000000000e+00
-9.102499999999995595e-01 1.000000000000000048e-04 2.348088292649990194e-01 1.000000000000000000e+00
-9.094999999999995310e-01 1.000000000000000048e-04 2.348603229181130125e-01 1.000000000000000000e+00
-9.087499999999995026e-01 1.000000000000000048e-04 2.349117913317468609e-01 1.000000000000000000e+00
-9.079999999999994742e-01 1.000000000000000048e-04 2.349632343865207529e-01 1.000000000000000000e+00
-9.072500000000003340e-01 1.000000000000000048e-04 2.350146519627678288e-01 1.000000000000000000e+00
-9.065000000000003055e-01 1.000000000000000048e-04 2.350660439405341806e-01 1.000000000000000000e+00
-9.057500000000002771e-01 1.000000000000000048e-04 2.351174101995779364e-01 1.000000000000000000e+00
-9.050000000000002487e-01 1.000000000000000048e-04 2.351687506193686217e-01 1.000000000000000000e+00
-9.042500000000002203e-01 1.000000000000000048e-04 2.352200650790867709e-01 1.000000000000000000e+00
-9.035000000000001918e-01 1.000000000000000048e-04 2.352713534576235110e-01 1.000000000000000000e+00
-9.027500000000001634e-01 1.000000000000000048e-04 2.353226156335795349e-01 1.000000000000000000e+00
-9.020000000000001350e-01 1.000000000000000048e-04 2.353738514852651842e-01 1.000000000000000000e+00
-9.012500000000001066e-01 1.000000000000000048e-04 2.354250608906992004e-01 1.000000000000000000e+00
-9.005000000000000782e-01 1.000000000000000048e-04 2.354762437276088916e-01 1.000000000000000000e+00
-8.997500000000000497e-01 1.000000000000000048e-04 2.355273998734288832e-01 1.000000000000000000e+00
-8.990000000000000213e-01 1.000000000000000048e-04 2.355785292053011182e-01 1.000000000000000000e+00
-8.982499999999999929e-01 1.000000000000000048e-04 2.356296316000740521e-01 1.000000000000000000e+00
-8.974999999999999645e-01 1.000000000000000048e-04 2.356807069343019034e-01 1.000000000000000000e+00
-8.967499999999999361e-01 1.000000000000000048e-04 2.357317550842444598e-01 1.000000000000000000e+00
-8.959999999999999076e-01 1.000000000000000048e-04 2.357827759258664391e-01 1.000000000000000000e+00
-8.952499999999998792e-01 1.000000000000000048e-04 2.358337693348367126e-01 1.000000000000000000e+00
-8.944999999999998508e-01 1.000000000000000048e-04 2.358847351865278608e-01 1.000000000000000000e+00
-8.937499999999998224e-01 1.000000000000000048e-04 2.359356733560157848e-01 1.000000000000000000e+00
-8.929999999999997939e-01 1.000000000000000048e-04 2.359865837180786241e-01 1.000000000000000000e+00
-8.922499999999997655e-01 1.000000000000000048e-04 2.360374661471970059e-01 1.000000000000000000e+00
-8.914999999999997371e-01 1.000000000000000048e-04 2.360883205175529631e-01 1.000000000000000000e+00
-8.907499999999997087e-01 1.000000000000000048e-04 2.361391467030290459e-01 1.000000000000000000e+00
-8.899999999999996803e-01 1.000000000000000048e-04 2.361899445772084605e-01 1.000000000000000000e+00
-8.892499999999996518e-01 1.000000000000000048e-04 2.362407140133742089e-01 1.000000000000000000e+00
-8.884999999999996234e-01 1.000000000000000048e-04 2.362914548845083673e-01 1.000000000000000000e+00
-8.877499999999995950e-01 1.000000000000000048e-04 2.363421670632916138e-01 1.000000000000000000e+00
-8.869999999999995666e-01 1.000000000000000048e-04 2.363928504221029792e-01 1.000000000000000000e+00
-8.862499999999995381e-01 1.000000000000000048e-04 2.364435048330185696e-01 1.000000000000000000e+00
-8.854999999999995097e-01 1.000000000000000048e-04 2.364941301678117336e-01 1.000000000000000000e+00
-8.847499999999994813e-01 1.000000000000000048e-04 2.365447262979520071e-01 1.000000000000000000e+00
-8.840000000000003411e-01 1.000000000000000048e-04 2.365952930946048083e-01 1.000000000000000000e+00
-8.832500000000003126e-01 1.000000000000000048e-04 2.366458304286307712e-01 1.000000000000000000e+00
-8.825000000000002842e-01 1.000000000000000048e-04 2.366963381705851077e-01 1.000000000000000000e+00
-8.817500000000002558e-01 1.000000000000000048e-04 2.367468161907173019e-01 1.000000000000000000e+00
-8.810000000000002274e-01 1.000000000000000048e-04 2.367972643589697501e-01 1.000000000000000000e+00
-8.802500000000001990e-01 1.000000000000000048e-04 2.368476825449784273e-01 1.000000000000000000e+00
-8.795000000000001705e-01 1.000000000000000048e-04 2.368980706180713047e-01 1.000000000000000000e+00
-8.787500000000001421e-01 1.000000000000000048e-04 2.369484284472682945e-01 1.000000000000000000e+00
-8.780000000000001137e-01 1.000000000000000048e-04 2.369987559012802780e-01 1.000000000000000000e+00
-8.772500000000000853e-01 1.000000000000000048e-04 2.370490528485088844e-01 1.000000000000000000e+00
-8.765000000000000568e-01 1.000000000000000048e-04 2.370993191570456848e-01 1.000000000000000000e+00
-8.757500000000000284e-01 1.000000000000000048e-04 2.371495546946717492e-01 1.000000000000000000e+00
-8.750000000000000000e-01 1.000000000000000048e-04 2.371997593288570905e-01 1.000000000000000000e+00
-8.742499999999999716e-01 1.000000000000000048e-04 2.372499329267599155e-01 1.000000000000000000e+00
-8.734999999999999432e-01 1.000000000000000048e-04 2.373000753552261533e-01 1.000000000000000000e+00
-8.727499999999999147e-01 1.000000000000000048e-04 2.373501864807887607e-01 1.000000000000000000e+00
-8.719999999999998863e-01 1.000000000000000048e-04 2.374002661696675565e-01 1.000000000000000000e+00
-8.712499999999998579e-01 1.000000000000000048e-04 2.374503142877677775e-01 1.000000000000000000e+00
-8.704999999999998295e-01 1.000000000000000048e-04 2.375003307006804953e-01 1.000000000000000000e+00
-8.697499999999998010e-01 1.000000000000000048e-04 2.375503152736816448e-01 1.000000000000000000e+00
-8.689999999999997726e-01 1.000000000000000048e-04 2.376002678717307748e-01 1.000000000000000000e+00
-8.682499999999997442e-01 1.000000000000000048e-04 2.376501883594715758e-01 1.000000000000000000e+00
-8.674999999999997158e-01 1.000000000000000048e-04 2.377000766012305755e-01 1.000000000000000000e+00
-8.667499999999996874e-01 1.000000000000000048e-04 2.377499324610168052e-01 1.000000000000000000e+00
-8.659999999999996589e-01 1.000000000000000048e-04 2.377997558025209124e-01 1.000000000000000000e+00
-8.652499999999996305e-01 1.000000000000000048e-04 2.378495464891153266e-01 1.000000000000000000e+00
-8.644999999999996021e-01 1.000000000000000048e-04 2.378993043838526500e-01 1.000000000000000000e+00
-8.637499999999995737e-01 1.000000000000000048e-04 2.379490293494657405e-01 1.000000000000000000e+00
-8.629999999999995453e-01 1.000000000000000048e-04 2.379987212483670178e-01 1.000000000000000000e+00
-8.622499999999995168e-01 1.000000000000000048e-04 2.380483799426475755e-01 1.000000000000000000e+00
-8.614999999999994884e-01 1.000000000000000048e-04 2.380980052940770975e-01 1.000000000000000000e+00
-8.607500000000003482e-01 1.000000000000000048e-04 2.381475971641028311e-01 1.000000000000000000e+00
-8.600000000000003197e-01 1.000000000000000048e-04 2.381971554138492264e-01 1.000000000000000000e+00
-8.592500000000002913e-01 1.000000000000000048e-04 2.382466799041171590e-01 1.000000000000000000e+00
-8.585000000000002629e-01 1.000000000000000048e-04 2.382961704953834581e-01 1.000000000000000000e+00
-8.577500000000002345e-01 1.000000000000000048e-04 2.383456270478003236e-01 1.000000000000000000e+00
-8.570000000000002061e-01 1.000000000000000048e-04 2.383950494211946325e-01 1.000000000000000000e+00
-8.562500000000001776e-01 1.000000000000000048e-04 2.384444374750675777e-01 1.000000000000000000e+00
-8.555000000000001492e-01 1.000000000000000048e-04 2.384937910685936413e-01 1.000000000000000000e+00
-8.547500000000001208e-01 1.000000000000000048e-04 2.385431100606204002e-01 1.000000000000000000e+00
-8.540000000000000924e-01 1.000000000000000048e-04 2.385923943096677491e-01 1.000000000000000000e+00
-8.532500000000000639e-01 1.000000000000000048e-04 2.386416436739273450e-01 1.000000000000000000e+00
-8.525000000000000355e-01 1.000000000000000048e-04 2.386908580112619138e-01 1.000000000000000000e+00
-8.517500000000000071e-01 1.000000000000000048e-04 2.387400371792048615e-01 1.000000000000000000e+00
-8.509999999999999787e-01 1.000000000000000048e-04 2.387891810349594690e-01 1.000000000000000000e+00
-8.502499999999999503e-01 1.000000000000000048e-04 2.388382894353982822e-01 1.000000000000000000e+00
-8.494999999999999218e-01 1.000000000000000048e-04 2.388873622370626670e-01 1.000000000000000000e+00
-8.487499999999998934e-01 1.000000000000000048e-04 2.389363992961621441e-01 1.000000000000000000e+00
-8.479999999999998650e-01 1.000000000000000048e-04 2.389854004685736943e-01 1.000000000000000000e+00
-8.472499999999998366e-01 1.000000000000000048e-04 2.390343656098412317e-01 1.000000000000000000e+00
-8.464999999999998082e-01 1.000000000000000048e-04 2.390832945751749095e-01 1.000000000000000000e+00
-8.457499999999997797e-01 1.000000000000000048e-04 2.391321872194509812e-01 1.000000000000000000e+00
-8.449999999999997513e-01 1.000000000000000048e-04 2.391810433972101912e-01 1.000000000000000000e+00
-8.442499999999997229e-01 1.000000000000000048e-04 2.392298629626582740e-01 1.000000000000000000e+00
-8.434999999999996945e-01 1.000000000000000048e-04 2.392786457696646774e-01 1.000000000000000000e+00
-8.427499999999996660e-01 1.000000000000000048e-04 2.393273916717620631e-01 1.000000000000000000e+00
-8.419999999999996376e-01 1.000000000000000048e-04 2.393761005221457794e-01 1.000000000000000000e+00
-8.412499999999996092e-01 1.000000000000000048e-04 2.394247721736735279e-01 1.000000000000000000e+00
-8.404999999999995808e-01 1.000000000000000048e-04 2.394734064788638650e-01 1.000000000000000000e+00
-8.397499999999995524e-01 1.000000000000000048e-04 2.395220032898967844e-01 1.000000000000000000e+00
-8.389999999999995239e-01 1.000000000000000048e-04 2.395705624586121074e-01 1.000000000000000000e+00
-8.382499999999994955e-01 1.000000000000000048e-04 2.396190838365095388e-01 1.000000000000000000e+00
-8.375000000000003553e-01 1.000000000000000048e-04 2.396675672747475561e-01 1.000000000000000000e+00
-8.367500000000003268e-01 1.000000000000000048e-04 2.397160126241430766e-01 1.000000000000000000e+00
-8.360000000000002984e-01 1.000000000000000048e-04 2.397644197351710138e-01 1.000000000000000000e+00
-8.352500000000002700e-01 1.000000000000000048e-04 2.398127884579631386e-01 1.000000000000000000e+00
-8.345000000000002416e-01 1.000000000000000048e-04 2.398611186423078301e-01 1.000000000000000000e+00
-8.337500000000002132e-01 1.000000000000000048e-04 2.399094101376494925e-01 1.000000000000000000e+00
-8.330000000000001847e-01 1.000000000000000048e-04 2.399576627930876671e-01 1.000000000000000000e+00
-8.322500000000001563e-01 1.000000000000000048e-04 2.400058764573768377e-01 1.000000000000000000e+00
-8.315000000000001279e-01 1.000000000000000048e-04 2.400540509789252652e-01 1.000000000000000000e+00
-8.307500000000000995e-01 1.000000000000000048e-04 2.401021862057949041e-01 1.000000000000000000e+00
-8.300000000000000711e-01 1.000000000000000048e-04 2.401502819857004034e-01 1.000000000000000000e+00
-8.292500000000000426e-01 1.000000000000000048e-04 2.401983381660085792e-01 1.000000000000000000e+00
-8.285000000000000142e-01 1.000000000000000048e-04 2.402463545937379152e-01 1.000000000000000000e+00
-8.277499999999999858e-01 1.000000000000000048e-04 2.402943311155579520e-01 1.000000000000000000e+00
-8.269999999999999574e-01 1.000000000000000048e-04 2.403422675777883433e-01 1.000000000000000000e+00
-8.262499999999999289e-01 1.000000000000000048e-04 2.403901638263986895e-01 1.000000000000000000e+00
-8.254999999999999005e-01 1.000000000000000048e-04 2.404380197070075942e-01 1.000000000000000000e+00
-8.247499999999998721e-01 1.000000000000000048e-04 2.404858350648819698e-01 1.000000000000000000e+00
-8.239999999999998437e-01 1.000000000000000048e-04 2.405336097449369548e-01 1.000000000000000000e+00
-8.232499999999998153e-01 1.000000000000000048e-04 2.405813435917345811e-01 1.000000000000000000e+00
-8.224999999999997868e-01 1.000000000000000048e-04 2.406290364494834966e-01 1.000000000000000000e+00
-8.217499999999997584e-01 1.000000000000000048e-04 2.406766881620386322e-01 1.000000000000000000e+00
-8.209999999999997300e-01 1.000000000000000048e-04 2.407242985728998697e-01 1.000000000000000000e+00
-8.202499999999997016e-01 1.000000000000000048e-04 2.407718675252120411e-01 1.000000000000000000e+00
-8.194999999999996732e-01 1.000000000000000048e-04 2.408193948617640412e-01 1.000000000000000000e+00
-8.187499999999996447e-01 1.000000000000000048e-04 2.408668804249880224e-01 1.000000000000000000e+00
-8.179999999999996163e-01 1.000000000000000048e-04 2.409143240569595057e-01 1.000000000000000000e+00
-8.172499999999995879e-01 1.000000000000000048e-04 2.409617255993954099e-01 1.000000000000000000e+00
-8.164999999999995595e-01 1.000000000000000048e-04 2.410090848936549401e-01 1.000000000000000000e+00
-8.157499999999995310e-01 1.000000000000000048e-04 2.410564017807377835e-01 1.000000000000000000e+00
-8.149999999999995026e-01 1.000000000000000048e-04 2.411036761012842200e-01 1.000000000000000000e+00
-8.142499999999994742e-01 1.000000000000000048e-04 2.411509076955740127e-01 1.000000000000000000e+00
-8.135000000000003340e-01 1.000000000000000048e-04 2.411980964035260189e-01 1.000000000000000000e+00
-8.127500000000003055e-01 1.000000000000000048e-04 2.412452420646975793e-01 1.000000000000000000e+00
-8.120000000000002771e-01 1.000000000000000048e-04 2.412923445182836857e-01 1.000000000000000000e+00
-8.112500000000002487e-01 1.000000000000000048e-04 2.413394036031166201e-01 1.000000000000000000e+00
-8.105000000000002203e-01 1.000000000000000048e-04 2.413864191576650664e-01 1.000000000000000000e+00
-8.097500000000001918e-01 1.000000000000000048e-04 2.414333910200334166e-01 1.000000000000000000e+00
-8.090000000000001634e-01 1.000000000000000048e-04 2.414803190279616874e-01 1.000000000000000000e+00
-8.082500000000001350e-01 1.000000000000000048e-04 2.415272030188240771e-01 1.000000000000000000e+00
-8.075000000000001066e-01 1.000000000000000048e-04 2.415740428296290487e-01 1.000000000000000000e+00
-8.067500000000000782e-01 1.000000000000000048e-04 2.416208382970181368e-01 1.000000000000000000e+00
-8.060000000000000497e-01 1.000000000000000048e-04 2.416675892572657525e-01 1.000000000000000000e+00
-8.052500000000000213e-01 1.000000000000000048e-04 2.417142955462782961e-01 1.000000000000000000e+00
-8.044999999999999929e-01 1.000000000000000048e-04 2.417609569995934904e-01 1.000000000000000000e+00
-8.037499999999999645e-01 1.000000000000000048e-04 2.418075734523799092e-01 1.000000000000000000e+00
-8.029999999999999361e-01 1.000000000000000048e-04 2.418541447394360611e-01 1.000000000000000000e+00
-8.022499999999999076e-01 1.000000000000000048e-04 2.419006706951902785e-01 1.000000000000000000e+00
-8.014999999999998792e-01 1.000000000000000048e-04 2.419471511536992470e-01 1.000000000000000000e+00
-8.007499999999998508e-01 1.000000000000000048e-04 2.419935859486484486e-01 1.000000000000000000e+00
-7.999999999999998224e-01 1.000000000000000048e-04 2.420399749133502476e-01 1.000000000000000000e+00
-7.992499999999997939e-01 1.000000000000000048e-04 2.420863178807444172e-01 1.000000000000000000e+00
-7.984999999999997655e-01 1.000000000000000048e-04 2.421326146833968074e-01 1.000000000000000000e+00
-7.977499999999997371e-01 1.000000000000000048e-04 2.421788651534988457e-01 1.000000000000000000e+00
-7.969999999999997087e-01 1.000000000000000048e-04 2.422250691228670372e-01 1.000000000000000000e+00
-7.962499999999996803e-01 1.000000000000000048e-04 2.422712264229421042e-01 1.000000000000000000e+00
-7.954999999999996518e-01 1.000000000000000048e-04 2.423173368847884868e-01 1.000000000000000000e+00
-7.947499999999996234e-01 1.000000000000000048e-04 2.423634003390936209e-01 1.000000000000000000e+00
-7.939999999999995950e-01 1.000000000000000048e-04 2.424094166161674391e-01 1.000000000000000000e+00
-7.932499999999995666e-01 1.000000000000000048e-04 2.424553855459415375e-01 1.000000000000000000e+00
-7.924999999999995381e-01 1.000000000000000048e-04 2.425013069579684821e-01 1.000000000000000000e+00
-7.917499999999995097e-01 1.000000000000000048e-04 2.425471806814214759e-01 1.000000000000000000e+00
-7.909999999999994813e-01 1.000000000000000048e-04 2.425930065450933870e-01 1.000000000000000000e+00
-7.902500000000003411e-01 1.000000000000000048e-04 2.426387843773961661e-01 1.000000000000000000e+00
-7.895000000000003126e-01 1.000000000000000048e-04 2.426845140063605133e-01 1.000000000000000000e+00
-7.887500000000002842e-01 1.000000000000000048e-04 2.427301952596346291e-01 1.000000000000000000e+00
-7.880000000000002558e-01 1.000000000000000048e-04 2.427758279644840755e-01 1.000000000000000000e+00
-7.872500000000002274e-01 1.000000000000000048e-04 2.428214119477910826e-01 1.000000000000000000e+00
-7.865000000000001990e-01 1.000000000000000048e-04 2.428669470360533544e-01 1.000000000000000000e+00
-7.857500000000001705e-01 1.000000000000000048e-04 2.429124330553841804e-01 1.000000000000000000e+00
-7.850000000000001421e-01 1.000000000000000048e-04 2.429578698315113250e-01 1.000000000000000000e+00
-7.842500000000001137e-01 1.000000000000000048e-04 2.430032571897763616e-01 1.000000000000000000e+00
-7.835000000000000853e-01 1.000000000000000048e-04 2.430485949551342284e-01 1.000000000000000000e+00
-7.827500000000000568e-01 1.000000000000000048e-04 2.430938829521525624e-01 1.000000000000000000e+00
-7.820000000000000284e-01 1.000000000000000048e-04 2.431391210050106721e-01 1.000000000000000000e+00
-7.812500000000000000e-01 1.000000000000000048e-04 2.431843089374994271e-01 1.000000000000000000e+00
-7.804999999999999716e-01 1.000000000000000048e-04 2.432294465730202027e-01 1.000000000000000000e+00
-7.797499999999999432e-01 1.000000000000000048e-04 2.432745337345844083e-01 1.000000000000000000e+00
-7.789999999999999147e-01 1.000000000000000048e-04 2.433195702448127107e-01 1.000000000000000000e+00
-7.782499999999998863e-01 1.000000000000000048e-04 2.433645559259345059e-01 1.000000000000000000e+00
-7.774999999999998579e-01 1.000000000000000048e-04 2.434094905997871428e-01 1.000000000000000000e+00
-7.767499999999998295e-01 1.000000000000000048e-04 2.434543740878153395e-01 1.000000000000000000e+00
-7.759999999999998010e-01 1.000000000000000048e-04 2.434992062110706290e-01 1.000000000000000000e+00
-7.752499999999997726e-01 1.000000000000000048e-04 2.435439867902103039e-01 1.000000000000000000e+00
-7.744999999999997442e-01 1.000000000000000048e-04 2.435887156454971114e-01 1.000000000000000000e+00
-7.737499999999997158e-01 1.000000000000000048e-04 2.436333925967988367e-01 1.000000000000000000e+00
-7.729999999999996874e-01 1.000000000000000048e-04 2.436780174635867491e-01 1.000000000000000000e+00
-7.722499999999996589e-01 1.000000000000000048e-04 2.437225900649358512e-01 1.000000000000000000e+00
-7.714999999999996305e-01 1.000000000000000048e-04 2.437671102195238804e-01 1.000000000000000000e+00
-7.707499999999996021e-01 1.000000000000000048e-04 2.438115777456303646e-01 1.000000000000000000e+00
-7.699999999999995737e-01 1.000000000000000048e-04 2.438559924611366225e-01 1.000000000000000000e+00
-7.692499999999995453e-01 1.000000000000000048e-04 2.439003541835242650e-01 1.000000000000000000e+00
-7.684999999999995168e-01 1.000000000000000048e-04 2.439446627298752501e-01 1.000000000000000000e+00
-7.677499999999994884e-01 1.000000000000000048e-04 2.439889179168709676e-01 1.000000000000000000e+00
-7.670000000000003482e-01 1.000000000000000048e-04 2.440331195607912396e-01 1.000000000000000000e+00
-7.662500000000003197e-01 1.000000000000000048e-04 2.440772674775142925e-01 1.000000000000000000e+00
-7.655000000000002913e-01 1.000000000000000048e-04 2.441213614825156197e-01 1.000000000000000000e+00
-7.647500000000002629e-01 1.000000000000000048e-04 2.441654013908673981e-01 1.000000000000000000e+00
-7.640000000000002345e-01 1.000000000000000048e-04 2.442093870172378223e-01 1.000000000000000000e+00
-7.632500000000002061e-01 1.000000000000000048e-04 2.442533181758907157e-01 1.000000000000000000e+00
-7.625000000000001776e-01 1.000000000000000048e-04 2.442971946806844763e-01 1.000000000000000000e+00
-7.617500000000001492e-01 1.000000000000000048e-04 2.443410163450715489e-01 1.000000000000000000e+00
-7.610000000000001208e-01 1.000000000000000048e-04 2.443847829820978701e-01 1.000000000000000000e+00
-7.602500000000000924e-01 1.000000000000000048e-04 2.444284944044020635e-01 1.000000000000000000e+00
-7.595000000000000639e-01 1.000000000000000048e-04 2.444721504242147181e-01 1.000000000000000000e+00
-7.587500000000000355e-01 1.000000000000000048e-04 2.445157508533579716e-01 1.000000000000000000e+00
-7.580000000000000071e-01 1.000000000000000048e-04 2.445592955032445392e-01 1.000000000000000000e+00
-7.572499999999999787e-01 1.000000000000000048e-04 2.446027841848771589e-01 1.000000000000000000e+00
-7.564999999999999503e-01 1.000000000000000048e-04 2.446462167088482298e-01 1.000000000000000000e+00
-7.557499999999999218e-01 1.000000000000000048e-04 2.446895928853385638e-01 1.000000000000000000e+00
-7.549999999999998934e-01 1.000000000000000048e-04 2.447329125241170522e-01 1.000000000000000000e+00
-7.542499999999998650e-01 1.000000000000000048e-04 2.447761754345400276e-01 1.000000000000000000e+00
-7.534999999999998366e-01 1.000000000000000048e-04 2.448193814255502920e-01 1.000000000000000000e+00
-7.527499999999998082e-01 1.000000000000000048e-04 2.448625303056770897e-01 1.000000000000000000e+00
-7.519999999999997797e-01 1.000000000000000048e-04 2.449056218830346354e-01 1.000000000000000000e+00
-7.512499999999997513e-01 1.000000000000000048e-04 2.449486559653218376e-01 1.000000000000000000e+00
-7.504999999999997229e-01 1.000000000000000048e-04 2.449916323598219370e-01 1.000000000000000000e+00
-7.497499999999996945e-01 1.000000000000000048e-04 2.450345508734009248e-01 1.000000000000000000e+00
-7.489999999999996660e-01 1.000000000000000048e-04 2.450774113125079312e-01 1.000000000000000000e+00
-7.482499999999996376e-01 1.000000000000000048e-04 2.451202134831738100e-01 1.000000000000000000e+00
-7.474999999999996092e-01 1.000000000000000048e-04 2.451629571910107497e-01 1.000000000000000000e+00
-7.467499999999995808e-01 1.000000000000000048e-04 2.452056422412115522e-01 1.000000000000000000e+00
-7.459999999999995524e-01 1.000000000000000048e-04 2.452482684385490497e-01 1.000000000000000000e+00
-7.452499999999995239e-01 1.000000000000000048e-04 2.452908355873751334e-01 1.000000000000000000e+00
-7.444999999999994955e-01 1.000000000000000048e-04 2.453333434916205313e-01 1.000000000000000000e+00
-7.437500000000003553e-01 1.000000000000000048e-04 2.453757919547935873e-01 1.000000000000000000e+00
-7.430000000000003268e-01 1.000000000000000048e-04 2.454181807799801773e-01 1.000000000000000000e+00
-7.422500000000002984e-01 1.000000000000000048e-04 2.454605097698425165e-01 1.000000000000000000e+00
-7.415000000000002700e-01 1.000000000000000048e-04 2.455027787266187977e-01 1.000000000000000000e+00
-7.407500000000002416e-01 1.000000000000000048e-04 2.455449874521222764e-01 1.000000000000000000e+00
-7.400000000000002132e-01 1.000000000000000048e-04 2.455871357477408812e-01 1.000000000000000000e+00
-7.392500000000001847e-01 1.000000000000000048e-04 2.456292234144361875e-01 1.000000000000000000e+00
-7.385000000000001563e-01 1.000000000000000048e-04 2.456712502527431952e-01 1.000000000000000000e+00
-7.377500000000001279e-01 1.000000000000000048e-04 2.457132160627691908e-01 1.000000000000000000e+00
-7.370000000000000995e-01 1.000000000000000048e-04 2.457551206441931646e-01 1.000000000000000000e+00
-7.362500000000000711e-01 1.000000000000000048e-04 2.457969637962654219e-01 1.000000000000000000e+00
-7.355000000000000426e-01 1.000000000000000048e-04 2.458387453178066118e-01 1.000000000000000000e+00
-7.347500000000000142e-01 1.000000000000000048e-04 2.458804650072069775e-01 1.000000000000000000e+00
-7.339999999999999858e-01 1.000000000000000048e-04 2.459221226624262180e-01 1.000000000000000000e+00
-7.332499999999999574e-01 1.000000000000000048e-04 2.459637180809920165e-01 1.000000000000000000e+00
-7.324999999999999289e-01 1.000000000000000048e-04 2.460052510600000408e-01 1.000000000000000000e+00
-7.317499999999999005e-01 1.000000000000000048e-04 2.460467213961125554e-01 1.000000000000000000e+00
-7.309999999999998721e-01 1.000000000000000048e-04 2.460881288855588933e-01 1.000000000000000000e+00
-7.302499999999998437e-01 1.000000000000000048e-04 2.461294733241333466e-01 1.000000000000000000e+00
-7.294999999999998153e-01 1.000000000000000048e-04 2.461707545071954994e-01 1.000000000000000000e+00
-7.287499999999997868e-01 1.000000000000000048e-04 2.462119722296691460e-01 1.000000000000000000e+00
-7.279999999999997584e-01 1.000000000000000048e-04 2.462531262860416237e-01 1.000000000000000000e+00
-7.272499999999997300e-01 1.000000000000000048e-04 2.462942164703633696e-01 1.000000000000000000e+00
-7.264999999999997016e-01 1.000000000000000048e-04 2.463352425762468656e-01 1.000000000000000000e+00
-7.257499999999996732e-01 1.000000000000000048e-04 2.463762043968662774e-01 1.000000000000000000e+00
-7.249999999999996447e-01 1.000000000000000048e-04 2.464171017249565110e-01 1.000000000000000000e+00
-7.242499999999996163e-01 1.000000000000000048e-04 2.464579343528127964e-01 1.000000000000000000e+00
-7.234999999999995879e-01 1.000000000000000048e-04 2.464987020722895772e-01 1.000000000000000000e+00
-7.227499999999995595e-01 1.000000000000000048e-04 2.465394046748004553e-01 1.000000000000000000e+00
-7.219999999999995310e-01 1.000000000000000048e-04 2.465800419513169139e-01 1.000000000000000000e+00
-7.212499999999995026e-01 1.000000000000000048e-04 2.466206136923679015e-01 1.000000000000000000e+00
-7.204999999999994742e-01 1.000000000000000048e-04 2.466611196880391654e-01 1.000000000000000000e+00
-7.197500000000003340e-01 1.000000000000000048e-04 2.467015597279725581e-01 1.000000000000000000e+00
-7.190000000000003055e-01 1.000000000000000048e-04 2.467419336013650932e-01 1.000000000000000000e+00
-7.182500000000002771e-01 1.000000000000000048e-04 2.467822410969685853e-01 1.000000000000000000e+00
-7.175000000000002487e-01 1.000000000000000048e-04 2.468224820030890387e-01 1.000000000000000000e+00
-7.167500000000002203e-01 1.000000000000000048e-04 2.468626561075854542e-01 1.000000000000000000e+00
-7.160000000000001918e-01 1.000000000000000048e-04 2.469027631978696347e-01 1.000000000000000000e+00
-7.152500000000001634e-01 1.000000000000000048e-04 2.469428030609051306e-01 1.000000000000000000e+00
-7.145000000000001350e-01 1.000000000000000048e-04 2.469827754832070732e-01 1.000000000000000000e+00
-7.137500000000001066e-01 1.000000000000000048e-04 2.470226802508407593e-01 1.000000000000000000e+00
-7.130000000000000782e-01 1.000000000000000048e-04 2.470625171494215400e-01 1.000000000000000000e+00
-7.122500000000000497e-01 1.000000000000000048e-04 2.471022859641140157e-01 1.000000000000000000e+00
-7.115000000000000213e-01 1.000000000000000048e-04 2.471419864796310373e-01 1.000000000000000000e+00
-7.107499999999999929e-01 1.000000000000000048e-04 2.471816184802335115e-01 1.000000000000000000e+00
-7.099999999999999645e-01 1.000000000000000048e-04 2.472211817497292630e-01 1.000000000000000000e+00
-7.092499999999999361e-01 1.000000000000000048e-04 2.472606760714726737e-01 1.000000000000000000e+00
-7.084999999999999076e-01 1.000000000000000048e-04 2.473001012283636557e-01 1.000000000000000000e+00
-7.077499999999998792e-01 1.000000000000000048e-04 2.473394570028473183e-01 1.000000000000000000e+00
-7.069999999999998508e-01 1.000000000000000048e-04 2.473787431769131351e-01 1.000000000000000000e+00
-7.062499999999998224e-01 1.000000000000000048e-04 2.474179595320941394e-01 1.000000000000000000e+00
-7.054999999999997939e-01 1.000000000000000048e-04 2.474571058494662301e-01 1.000000000000000000e+00
-7.047499999999997655e-01 1.000000000000000048e-04 2.474961819096479221e-01 1.000000000000000000e+00
-7.039999999999997371e-01 1.000000000000000048e-04 2.475351874927989304e-01 1.000000000000000000e+00
-7.032499999999997087e-01 1.000000000000000048e-04 2.475741223786201151e-01 1.000000000000000000e+00
-7.024999999999996803e-01 1.000000000000000048e-04 2.476129863463523983e-01 1.000000000000000000e+00
-7.017499999999996518e-01 1.000000000000000048e-04 2.476517791747761821e-01 1.000000000000000000e+00
-7.009999999999996234e-01 1.000000000000000048e-04 2.476905006422108202e-01 1.000000000000000000e+00
-7.002499999999995950e-01 1.000000000000000048e-04 2.477291505265137583e-01 1.000000000000000000e+00
-6.994999999999995666e-01 1.000000000000000048e-04 2.477677286050797845e-01 1.000000000000000000e+00
-6.987499999999995381e-01 1.000000000000000048e-04 2.478062346548404460e-01 1.000000000000000000e+00
-6.979999999999995097e-01 1.000000000000000048e-04 2.478446684522634391e-01 1.000000000000000000e+00
-6.972499999999994813e-01 1.000000000000000048e-04 2.478830297733516930e-01 1.000000000000000000e+00
-6.965000000000003411e-01 1.000000000000000048e-04 2.479213183936428422e-01 1.000000000000000000e+00
-6.957500000000003126e-01 1.000000000000000048e-04 2.479595340882085608e-01 1.000000000000000000e+00
-6.950000000000002842e-01 1.000000000000000048e-04 2.479976766316535908e-01 1.000000000000000000e+00
-6.942500000000002558e-01 1.000000000000000048e-04 2.480357457981155755e-01 1.000000000000000000e+00
-6.935000000000002274e-01 1.000000000000000048e-04 2.480737413612637277e-01 1.000000000000000000e+00
-6.927500000000001990e-01 1.000000000000000048e-04 2.481116630942987733e-01 1.000000000000000000e+00
-6.920000000000001705e-01 1.000000000000000048e-04 2.481495107699516200e-01 1.000000000000000000e+00
-6.912500000000001421e-01 1.000000000000000048e-04 2.481872841604832458e-01 1.000000000000000000e+00
-6.905000000000001137e-01 1.000000000000000048e-04 2.482249830376835054e-01 1.000000000000000000e+00
-6.897500000000000853e-01 1.000000000000000048e-04 2.482626071728709916e-01 1.000000000000000000e+00
-6.890000000000000568e-01 1.000000000000000048e-04 2.483001563368918418e-01 1.000000000000000000e+00
-6.882500000000000284e-01 1.000000000000000048e-04 2.483376303001190721e-01 1.000000000000000000e+00
-6.875000000000000000e-01 1.000000000000000048e-04 2.483750288324524658e-01 1.000000000000000000e+00
-6.867499999999999716e-01 1.000000000000000048e-04 2.484123517033170192e-01 1.000000000000000000e+00
-6.859999999999999432e-01 1.000000000000000048e-04 2.484495986816630253e-01 1.000000000000000000e+00
-6.852499999999999147e-01 1.000000000000000048e-04 2.484867695359648521e-01 1.000000000000000000e+00
-6.844999999999998863e-01 1.000000000000000048e-04 2.485238640342205263e-01 1.000000000000000000e+00
-6.837499999999998579e-01 1.000000000000000048e-04 2.485608819439507899e-01 1.000000000000000000e+00
-6.829999999999998295e-01 1.000000000000000048e-04 2.485978230321988780e-01 1.000000000000000000e+00
-6.822499999999998010e-01 1.000000000000000048e-04 2.486346870655291585e-01 1.000000000000000000e+00
-6.814999999999997726e-01 1.000000000000000048e-04 2.486714738100271327e-01 1.000000000000000000e+00
-6.807499999999997442e-01 1.000000000000000048e-04 2.487081830312982411e-01 1.000000000000000000e+00
-6.799999999999997158e-01 1.000000000000000048e-04 2.487448144944673090e-01 1.000000000000000000e+00
-6.792499999999996874e-01 1.000000000000000048e-04 2.487813679641777964e-01 1.000000000000000000e+00
-6.784999999999996589e-01 1.000000000000000048e-04 2.488178432045915767e-01 1.000000000000000000e+00
-6.777499999999996305e-01 1.000000000000000048e-04 2.488542399793874649e-01 1.000000000000000000e+00
-6.769999999999996021e-01 1.000000000000000048e-04 2.488905580517608573e-01 1.000000000000000000e+00
-6.762499999999995737e-01 1.000000000000000048e-04 2.489267971844235094e-01 1.000000000000000000e+00
-6.754999999999995453e-01 1.000000000000000048e-04 2.489629571396020646e-01 1.000000000000000000e+00
-6.747499999999995168e-01 1.000000000000000048e-04 2.489990376790380544e-01 1.000000000000000000e+00
-6.739999999999994884e-01 1.000000000000000048e-04 2.490350385639864550e-01 1.000000000000000000e+00
-6.732500000000003482e-01 1.000000000000000048e-04 2.490709595552155209e-01 1.000000000000000000e+00
-6.725000000000003197e-01 1.000000000000000048e-04 2.491068004130063684e-01 1.000000000000000000e+00
-6.717500000000002913e-01 1.000000000000000048e-04 2.491425608971515326e-01 1.000000000000000000e+00
-6.710000000000002629e-01 1.000000000000000048e-04 2.491782407669547172e-01 1.000000000000000000e+00
-6.702500000000002345e-01 1.000000000000000048e-04 2.492138397812299067e-01 1.000000000000000000e+00
-6.695000000000002061e-01 1.000000000000000048e-04 2.492493576983011438e-01 1.000000000000000000e+00
-6.687500000000001776e-01 1.000000000000000048e-04 2.492847942760010871e-01 1.000000000000000000e+00
-6.680000000000001492e-01 1.000000000000000048e-04 2.493201492716708711e-01 1.000000000000000000e+00
-6.672500000000001208e-01 1.000000000000000048e-04 2.493554224421593302e-01 1.000000000000000000e+00
-6.665000000000000924e-01 1.000000000000000048e-04 2.493906135438221650e-01 1.000000000000000000e+00
-6.657500000000000639e-01 1.000000000000000048e-04 2.494257223325212769e-01 1.000000000000000000e+00
-6.650000000000000355e-01 1.000000000000000048e-04 2.494607485636241850e-01 1.000000000000000000e+00
-6.642500000000000071e-01 1.000000000000000048e-04 2.494956919920031657e-01 1.000000000000000000e+00
-6.634999999999999787e-01 1.000000000000000048e-04 2.495305523720347807e-01 1.000000000000000000e+00
-6.627499999999999503e-01 1.000000000000000048e-04 2.495653294575990722e-01 1.000000000000000000e+00
-6.619999999999999218e-01 1.000000000000000048e-04 2.496000230020787580e-01 1.000000000000000000e+00
-6.612499999999998934e-01 1.000000000000000048e-04 2.496346327583586211e-01 1.000000000000000000e+00
-6.604999999999998650e-01 1.000000000000000048e-04 2.496691584788249818e-01 1.000000000000000000e+00
-6.597499999999998366e-01 1.000000000000000048e-04 2.497035999153645880e-01 1.000000000000000000e+00
-6.589999999999998082e-01 1.000000000000000048e-04 2.497379568193647814e-01 1.000000000000000000e+00
-6.582499999999997797e-01 1.000000000000000048e-04 2.497722289417114716e-01 1.000000000000000000e+00
-6.574999999999997513e-01 1.000000000000000048e-04 2.498064160327897465e-01 1.000000000000000000e+00
-6.567499999999997229e-01 1.000000000000000048e-04 2.498405178424823181e-01 1.000000000000000000e+00
-6.559999999999996945e-01 1.000000000000000048e-04 2.498745341201694392e-01 1.000000000000000000e+00
-6.552499999999996660e-01 1.000000000000000048e-04 2.499084646147276823e-01 1.000000000000000000e+00
-6.544999999999996376e-01 1.000000000000000048e-04 2.499423090745296616e-01 1.000000000000000000e+00
-6.537499999999996092e-01 1.000000000000000048e-04 2.499760672474429235e-01 1.000000000000000000e+00
-6.529999999999995808e-01 1.000000000000000048e-04 2.500097388808296683e-01 1.000000000000000000e+00
-6.522499999999995524e-01 1.000000000000000048e-04 2.500433237215459181e-01 1.000000000000000000e+00
-6.514999999999995239e-01 1.000000000000000048e-04 2.500768215159407948e-01 1.000000000000000000e+00
-6.507499999999994955e-01 1.000000000000000048e-04 2.501102320098556597e-01 1.000000000000000000e+00
-6.499999999999994671e-01 1.000000000000000048e-04 2.501435549486238918e-01 1.000000000000000000e+00
-6.492500000000003268e-01 1.000000000000000048e-04 2.501767900770697217e-01 1.000000000000000000e+00
-6.485000000000002984e-01 1.000000000000000048e-04 2.502099371395076766e-01 1.000000000000000000e+00
-6.477500000000002700e-01 1.000000000000000048e-04 2.502429958797422471e-01 1.000000000000000000e+00
-6.470000000000002416e-01 1.000000000000000048e-04 2.502759660410664999e-01 1.000000000000000000e+00
-6.462500000000002132e-01 1.000000000000000048e-04 2.503088473662620217e-01 1.000000000000000000e+00
-6.455000000000001847e-01 1.000000000000000048e-04 2.503416395975980313e-01 1.000000000000000000e+00
-6.447500000000001563e-01 1.000000000000000048e-04 2.503743424768304360e-01 1.000000000000000000e+00
-6.440000000000001279e-01 1.000000000000000048e-04 2.504069557452016648e-01 1.000000000000000000e+00
-6.432500000000000995e-01 1.000000000000000048e-04 2.504394791434393364e-01 1.000000000000000000e+00
-6.425000000000000711e-01 1.000000000000000048e-04 2.504719124117563145e-01 1.000000000000000000e+00
-6.417500000000000426e-01 1.000000000000000048e-04 2.505042552898493202e-01 1.000000000000000000e+00
-6.410000000000000142e-01 1.000000000000000048e-04 2.505365075168986544e-01 1.000000000000000000e+00
-6.402499999999999858e-01 1.000000000000000048e-04 2.505686688315674759e-01 1.000000000000000000e+00
-6.394999999999999574e-01 1.000000000000000048e-04 2.506007389720007472e-01 1.000000000000000000e+00
-6.387499999999999289e-01 1.000000000000000048e-04 2.506327176758253450e-01 1.000000000000000000e+00
-6.379999999999999005e-01 1.000000000000000048e-04 2.506646046801485617e-01 1.000000000000000000e+00
-6.372499999999998721e-01 1.000000000000000048e-04 2.506963997215576612e-01 1.000000000000000000e+00
-6.364999999999998437e-01 1.000000000000000048e-04 2.507281025361196569e-01 1.000000000000000000e+00
-6.357499999999998153e-01 1.000000000000000048e-04 2.507597128593798130e-01 1.000000000000000000e+00
-6.349999999999997868e-01 1.000000000000000048e-04 2.507912304263615888e-01 1.000000000000000000e+00
-6.342499999999997584e-01 1.000000000000000048e-04 2.508226549715658060e-01 1.000000000000000000e+00
-6.334999999999997300e-01 1.000000000000000048e-04 2.508539862289698164e-01 1.000000000000000000e+00
-6.327499999999997016e-01 1.000000000000000048e-04 2.508852239320270572e-01 1.000000000000000000e+00
-6.319999999999996732e-01 1.000000000000000048e-04 2.509163678136661080e-01 1.000000000000000000e+00
-6.312499999999996447e-01 1.000000000000000048e-04 2.509474176062901352e-01 1.000000000000000000e+00
-6.304999999999996163e-01 1.000000000000000048e-04 2.509783730417762815e-01 1.000000000000000000e+00
-6.297499999999995879e-01 1.000000000000000048e-04 2.510092338514748889e-01 1.000000000000000000e+00
-6.289999999999995595e-01 1.000000000000000048e-04 2.510399997662088323e-01 1.000000000000000000e+00
-6.282499999999995310e-01 1.000000000000000048e-04 2.510706705162729091e-01 1.000000000000000000e+00
-6.274999999999995026e-01 1.000000000000000048e-04 2.511012458314328399e-01 1.000000000000000000e+00
-6.267499999999994742e-01 1.000000000000000048e-04 2.511317254409254351e-01 1.000000000000000000e+00
-6.260000000000003340e-01 1.000000000000000048e-04 2.511621090734565409e-01 1.000000000000000000e+00
-6.252500000000003055e-01 1.000000000000000048e-04 2.511923964572018164e-01 1.000000000000000000e+00
-6.245000000000002771e-01 1.000000000000000048e-04 2.512225873198051240e-01 1.000000000000000000e+00
-6.237500000000002487e-01 1.000000000000000048e-04 2.512526813883781962e-01 1.000000000000000000e+00
-6.230000000000002203e-01 1.000000000000000048e-04 2.512826783894995808e-01 1.000000000000000000e+00
-6.222500000000001918e-01 1.000000000000000048e-04 2.513125780492145855e-01 1.000000000000000000e+00
-6.215000000000001634e-01 1.000000000000000048e-04 2.513423800930343899e-01 1.000000000000000000e+00
-6.207500000000001350e-01 1.000000000000000048e-04 2.513720842459348792e-01 1.000000000000000000e+00
-6.200000000000001066e-01 1.000000000000000048e-04 2.514016902323564784e-01 1.000000000000000000e+00
-6.192500000000000782e-01 1.000000000000000048e-04 2.514311977762037076e-01 1.000000000000000000e+00
-6.185000000000000497e-01 1.000000000000000048e-04 2.514606066008434615e-01 1.000000000000000000e+00
-6.177500000000000213e-01 1.000000000000000048e-04 2.514899164291056755e-01 1.000000000000000000e+00
-6.169999999999999929e-01 1.000000000000000048e-04 2.515191269832816601e-01 1.000000000000000000e+00
-6.162499999999999645e-01 1.000000000000000048e-04 2.515482379851238237e-01 1.000000000000000000e+00
-6.154999999999999361e-01 1.000000000000000048e-04 2.515772491558450064e-01 1.000000000000000000e+00
-6.147499999999999076e-01 1.000000000000000048e-04 2.516061602161176469e-01 1.000000000000000000e+00
-6.139999999999998792e-01 1.000000000000000048e-04 2.516349708860732837e-01 1.000000000000000000e+00
-6.132499999999998508e-01 1.000000000000000048e-04 2.516636808853018326e-01 1.000000000000000000e+00
-6.124999999999998224e-01 1.000000000000000048e-04 2.516922899328508101e-01 1.000000000000000000e+00
-6.117499999999997939e-01 1.000000000000000048e-04 2.517207977472248892e-01 1.000000000000000000e+00
-6.109999999999997655e-01 1.000000000000000048e-04 2.517492040463848446e-01 1.000000000000000000e+00
-6.102499999999997371e-01 1.000000000000000048e-04 2.517775085477473862e-01 1.000000000000000000e+00
-6.094999999999997087e-01 1.000000000000000048e-04 2.518057109681841599e-01 1.000000000000000000e+00
-6.087499999999996803e-01 1.000000000000000048e-04 2.518338110240211369e-01 1.000000000000000000e+00
-6.079999999999996518e-01 1.000000000000000048e-04 2.518618084310378369e-01 1.000000000000000000e+00
-6.072499999999996234e-01 1.000000000000000048e-04 2.518897029044671054e-01 1.000000000000000000e+00
-6.064999999999995950e-01 1.000000000000000048e-04 2.519174941589937822e-01 1.000000000000000000e+00
-6.057499999999995666e-01 1.000000000000000048e-04 2.519451819087546451e-01 1.000000000000000000e+00
-6.049999999999995381e-01 1.000000000000000048e-04 2.519727658673374115e-01 1.000000000000000000e+00
-6.042499999999995097e-01 1.000000000000000048e-04 2.520002457477800717e-01 1.000000000000000000e+00
-6.034999999999994813e-01 1.000000000000000048e-04 2.520276212625704448e-01 1.000000000000000000e+00
-6.027500000000003411e-01 1.000000000000000048e-04 2.520548921236451800e-01 1.000000000000000000e+00
-6.020000000000003126e-01 1.000000000000000048e-04 2.520820580423896451e-01 1.000000000000000000e+00
-6.012500000000002842e-01 1.000000000000000048e-04 2.521091187296365943e-01 1.000000000000000000e+00
-6.005000000000002558e-01 1.000000000000000048e-04 2.521360738956658909e-01 1.000000000000000000e+00
-5.997500000000002274e-01 1.000000000000000048e-04 2.521629232502037854e-01 1.000000000000000000e+00
-5.990000000000001990e-01 1.000000000000000048e-04 2.521896665024224715e-01 1.000000000000000000e+00
-5.982500000000001705e-01 1.000000000000000048e-04 2.522163033609388649e-01 1.000000000000000000e+00
-5.975000000000001421e-01 1.000000000000000048e-04 2.522428335338146033e-01 1.000000000000000000e+00
-5.967500000000001137e-01 1.000000000000000048e-04 2.522692567285548804e-01 1.000000000000000000e+00
-5.960000000000000853e-01 1.000000000000000048e-04 2.522955726521080022e-01 1.000000000000000000e+00
-5.952500000000000568e-01 1.000000000000000048e-04 2.523217810108648873e-01 1.000000000000000000e+00
-5.945000000000000284e-01 1.000000000000000048e-04 2.523478815106579565e-01 1.000000000000000000e+00
-5.937500000000000000e-01 1.000000000000000048e-04 2.523738738567611883e-01 1.000000000000000000e+00
-5.929999999999999716e-01 1.000000000000000048e-04 2.523997577538886206e-01 1.000000000000000000e+00
-5.922499999999999432e-01 1.000000000000000048e-04 2.524255329061944053e-01 1.000000000000000000e+00
-5.914999999999999147e-01 1.000000000000000048e-04 2.524511990172717546e-01 1.000000000000000000e+00
-5.907499999999998863e-01 1.000000000000000048e-04 2.524767557901523296e-01 1.000000000000000000e+00
-5.899999999999998579e-01 1.000000000000000048e-04 2.525022029273058521e-01 1.000000000000000000e+00
-5.892499999999998295e-01 1.000000000000000048e-04 2.525275401306391054e-01 1.000000000000000000e+00
-5.884999999999998010e-01 1.000000000000000048e-04 2.525527671014957121e-01 1.000000000000000000e+00
-5.877499999999997726e-01 1.000000000000000048e-04 2.525778835406548573e-01 1.000000000000000000e+00
-5.869999999999997442e-01 1.000000000000000048e-04 2.526028891483312333e-01 1.000000000000000000e+00
-5.862499999999997158e-01 1.000000000000000048e-04 2.526277836241742625e-01 1.000000000000000000e+00
-5.854999999999996874e-01 1.000000000000000048e-04 2.526525666672672088e-01 1.000000000000000000e+00
-5.847499999999996589e-01 1.000000000000000048e-04 2.526772379761267340e-01 1.000000000000000000e+00
-5.839999999999996305e-01 1.000000000000000048e-04 2.527017972487021202e-01 1.000000000000000000e+00
-5.832499999999996021e-01 1.000000000000000048e-04 2.527262441823748818e-01 1.000000000000000000e+00
-5.824999999999995737e-01 1.000000000000000048e-04 2.527505784739580430e-01 1.000000000000000000e+00
-5.817499999999995453e-01 1.000000000000000048e-04 2.527747998196948065e-01 1.000000000000000000e+00
-5.809999999999995168e-01 1.000000000000000048e-04 2.527989079152593299e-01 1.000000000000000000e+00
-5.802499999999994884e-01 1.000000000000000048e-04 2.528229024557548943e-01 1.000000000000000000e+00
-5.795000000000003482e-01 1.000000000000000048e-04 2.528467831357134599e-01 1.000000000000000000e+00
-5.787500000000003197e-01 1.000000000000000048e-04 2.528705496490953886e-01 1.000000000000000000e+00
-5.780000000000002913e-01 1.000000000000000048e-04 2.528942016892890554e-01 1.000000000000000000e+00
-5.772500000000002629e-01 1.000000000000000048e-04 2.529177389491090167e-01 1.000000000000000000e+00
-5.765000000000002345e-01 1.000000000000000048e-04 2.529411611207966759e-01 1.000000000000000000e+00
-5.757500000000002061e-01 1.000000000000000048e-04 2.529644678960188409e-01 1.000000000000000000e+00
-5.750000000000001776e-01 1.000000000000000048e-04 2.529876589658677788e-01 1.000000000000000000e+00
-5.742500000000001492e-01 1.000000000000000048e-04 2.530107340208597733e-01 1.000000000000000000e+00
-5.735000000000001208e-01 1.000000000000000048e-04 2.530336927509349576e-01 1.000000000000000000e+00
-5.727500000000000924e-01 1.000000000000000048e-04 2.530565348454569818e-01 1.000000000000000000e+00
-5.720000000000000639e-01 1.000000000000000048e-04 2.530792599932115139e-01 1.000000000000000000e+00
-5.712500000000000355e-01 1.000000000000000048e-04 2.531018678824066837e-01 1.000000000000000000e+00
-5.705000000000000071e-01 1.000000000000000048e-04 2.531243582006712511e-01 1.000000000000000000e+00
-5.697499999999999787e-01 1.000000000000000048e-04 2.531467306350553836e-01 1.000000000000000000e+00
-5.689999999999999503e-01 1.000000000000000048e-04 2.531689848720286018e-01 1.000000000000000000e+00
-5.682499999999999218e-01 1.000000000000000048e-04 2.531911205974802792e-01 1.000000000000000000e+00
-5.674999999999998934e-01 1.000000000000000048e-04 2.532131374967183657e-01 1.000000000000000000e+00
-5.667499999999998650e-01 1.000000000000000048e-04 2.532350352544691097e-01 1.000000000000000000e+00
-5.659999999999998366e-01 1.000000000000000048e-04 2.532568135548761701e-01 1.000000000000000000e+00
-5.652499999999998082e-01 1.000000000000000048e-04 2.532784720815002277e-01 1.000000000000000000e+00
-5.644999999999997797e-01 1.000000000000000048e-04 2.533000105173182637e-01 1.000000000000000000e+00
-5.637499999999997513e-01 1.000000000000000048e-04 2.533214285447228376e-01 1.000000000000000000e+00
-5.629999999999997229e-01 1.000000000000000048e-04 2.533427258455216990e-01 1.000000000000000000e+00
-5.622499999999996945e-01 1.000000000000000048e-04 2.533639021009370107e-01 1.000000000000000000e+00
-5.614999999999996660e-01 1.000000000000000048e-04 2.533849569916048483e-01 1.000000000000000000e+00
-5.607499999999996376e-01 1.000000000000000048e-04 2.534058901975744238e-01 1.000000000000000000e+00
-5.599999999999996092e-01 1.000000000000000048e-04 2.534267013983076411e-01 1.000000000000000000e+00
-5.592499999999995808e-01 1.000000000000000048e-04 2.534473902726783190e-01 1.000000000000000000e+00
-5.584999999999995524e-01 1.000000000000000048e-04 2.534679564989719136e-01 1.000000000000000000e+00
-5.577499999999995239e-01 1.000000000000000048e-04 2.534883997548842416e-01 1.000000000000000000e+00
-5.569999999999994955e-01 1.000000000000000048e-04 2.535087197175218132e-01 1.000000000000000000e+00
-5.562499999999994671e-01 1.000000000000000048e-04 2.535289160634002781e-01 1.000000000000000000e+00
-5.555000000000003268e-01 1.000000000000000048e-04 2.535489884684445916e-01 1.000000000000000000e+00
-5.547500000000002984e-01 1.000000000000000048e-04 2.535689366079879048e-01 1.000000000000000000e+00
-5.540000000000002700e-01 1.000000000000000048e-04 2.535887601567710647e-01 1.000000000000000000e+00
-5.532500000000002416e-01 1.000000000000000048e-04 2.536084587889424480e-01 1.000000000000000000e+00
-5.525000000000002132e-01 1.000000000000000048e-04 2.536280321780565727e-01 1.000000000000000000e+00
-5.517500000000001847e-01 1.000000000000000048e-04 2.536474799970741545e-01 1.000000000000000000e+00
-5.510000000000001563e-01 1.000000000000000048e-04 2.536668019183612177e-01 1.000000000000000000e+00
-5.502500000000001279e-01 1.000000000000000048e-04 2.536859976136886519e-01 1.000000000000000000e+00
-5.495000000000000995e-01 1.000000000000000048e-04 2.537050667542313787e-01 1.000000000000000000e+00
-5.487500000000000711e-01 1.000000000000000048e-04 2.537240090105679635e-01 1.000000000000000000e+00
-5.480000000000000426e-01 1.000000000000000048e-04 2.537428240526800050e-01 1.000000000000000000e+00
-5.472500000000000142e-01 1.000000000000000048e-04 2.537615115499516349e-01 1.000000000000000000e+00
-5.464999999999999858e-01 1.000000000000000048e-04 2.537800711711684643e-01 1.000000000000000000e+00
-5.457499999999999574e-01 1.000000000000000048e-04 2.537985025845176379e-01 1.000000000000000000e+00
-5.449999999999999289e-01 1.000000000000000048e-04 2.538168054575869470e-01 1.000000000000000000e+00
-5.442499999999999005e-01 1.000000000000000048e-04 2.538349794573639961e-01 1.000000000000000000e+00
-5.434999999999998721e-01 1.000000000000000048e-04 2.538530242502358703e-01 1.000000000000000000e+00
-5.427499999999998437e-01 1.000000000000000048e-04 2.538709395019888015e-01 1.000000000000000000e+00
-5.419999999999998153e-01 1.000000000000000048e-04 2.538887248778072259e-01 1.000000000000000000e+00
-5.412499999999997868e-01 1.000000000000000048e-04 2.539063800422731720e-01 1.000000000000000000e+00
-5.404999999999997584e-01 1.000000000000000048e-04 2.539239046593659843e-01 1.000000000000000000e+00
-5.397499999999997300e-01 1.000000000000000048e-04 2.539412983924615452e-01 1.000000000000000000e+00
-5.389999999999997016e-01 1.000000000000000048e-04 2.539585609043315539e-01 1.000000000000000000e+00
-5.382499999999996732e-01 1.000000000000000048e-04 2.539756918571433597e-01 1.000000000000000000e+00
-5.374999999999996447e-01 1.000000000000000048e-04 2.539926909124590737e-01 1.000000000000000000e+00
-5.367499999999996163e-01 1.000000000000000048e-04 2.540095577312350694e-01 1.000000000000000000e+00
-5.359999999999995879e-01 1.000000000000000048e-04 2.540262919738213720e-01 1.000000000000000000e+00
-5.352499999999995595e-01 1.000000000000000048e-04 2.540428932999612699e-01 1.000000000000000000e+00
-5.344999999999995310e-01 1.000000000000000048e-04 2.540593613687904817e-01 1.000000000000000000e+00
-5.337499999999995026e-01 1.000000000000000048e-04 2.540756958388367681e-01 1.000000000000000000e+00
-5.329999999999994742e-01 1.000000000000000048e-04 2.540918963680194875e-01 1.000000000000000000e+00
-5.322500000000003340e-01 1.000000000000000048e-04 2.541079626136485969e-01 1.000000000000000000e+00
-5.315000000000003055e-01 1.000000000000000048e-04 2.541238942324246519e-01 1.000000000000000000e+00
-5.307500000000002771e-01 1.000000000000000048e-04 2.541396908804376964e-01 1.000000000000000000e+00
-5.300000000000002487e-01 1.000000000000000048e-04 2.541553522131672072e-01 1.000000000000000000e+00
-5.292500000000002203e-01 1.000000000000000048e-04 2.541708778854811501e-01 1.000000000000000000e+00
-5.285000000000001918e-01 1.000000000000000048e-04 2.541862675516355363e-01 1.000000000000000000e+00
-5.277500000000001634e-01 1.000000000000000048e-04 2.542015208652739777e-01 1.000000000000000000e+00
-5.270000000000001350e-01 1.000000000000000048e-04 2.542166374794271877e-01 1.000000000000000000e+00
-5.262500000000001066e-01 1.000000000000000048e-04 2.542316170465120373e-01 1.000000000000000000e+00
-5.255000000000000782e-01 1.000000000000000048e-04 2.542464592183314998e-01 1.000000000000000000e+00
-5.247500000000000497e-01 1.000000000000000048e-04 2.542611636460738178e-01 1.000000000000000000e+00
-5.240000000000000213e-01 1.000000000000000048e-04 2.542757299803119486e-01 1.000000000000000000e+00
-5.232499999999999929e-01 1.000000000000000048e-04 2.542901578710031196e-01 1.000000000000000000e+00
-5.224999999999999645e-01 1.000000000000000048e-04 2.543044469674883845e-01 1.000000000000000000e+00
-5.217499999999999361e-01 1.000000000000000048e-04 2.543185969184917350e-01 1.000000000000000000e+00
-5.209999999999999076e-01 1.000000000000000048e-04 2.543326073721199898e-01 1.000000000000000000e+00
-5.202499999999998792e-01 1.000000000000000048e-04 2.543464779758618510e-01 1.000000000000000000e+00
-5.194999999999998508e-01 1.000000000000000048e-04 2.543602083765877375e-01 1.000000000000000000e+00
-5.187499999999998224e-01 1.000000000000000048e-04 2.543737982205489523e-01 1.000000000000000000e+00
-5.179999999999997939e-01 1.000000000000000048e-04 2.543872471533774049e-01 1.000000000000000000e+00
-5.172499999999997655e-01 1.000000000000000048e-04 2.544005548200848343e-01 1.000000000000000000e+00
-5.164999999999997371e-01 1.000000000000000048e-04 2.544137208650624205e-01 1.000000000000000000e+00
-5.157499999999997087e-01 1.000000000000000048e-04 2.544267449320802288e-01 1.000000000000000000e+00
-5.149999999999996803e-01 1.000000000000000048e-04 2.544396266642867110e-01 1.000000000000000000e+00
-5.142499999999996518e-01 1.000000000000000048e-04 2.544523657042082054e-01 1.000000000000000000e+00
-5.134999999999996234e-01 1.000000000000000048e-04 2.544649616937484371e-01 1.000000000000000000e+00
-5.127499999999995950e-01 1.000000000000000048e-04 2.544774142741875189e-01 1.000000000000000000e+00
-5.119999999999995666e-01 1.000000000000000048e-04 2.544897230861824511e-01 1.000000000000000000e+00
-5.112499999999995381e-01 1.000000000000000048e-04 2.545018877697653448e-01 1.000000000000000000e+00
-5.104999999999995097e-01 1.000000000000000048e-04 2.545139079643443103e-01 1.000000000000000000e+00
-5.097499999999994813e-01 1.000000000000000048e-04 2.545257833087014587e-01 1.000000000000000000e+00
-5.090000000000003411e-01 1.000000000000000048e-04 2.545375134409935680e-01 1.000000000000000000e+00
-5.082500000000003126e-01 1.000000000000000048e-04 2.545490979987510283e-01 1.000000000000000000e+00
-5.075000000000002842e-01 1.000000000000000048e-04 2.545605366188773977e-01 1.000000000000000000e+00
-5.067500000000002558e-01 1.000000000000000048e-04 2.545718289376490140e-01 1.000000000000000000e+00
-5.060000000000002274e-01 1.000000000000000048e-04 2.545829745907143282e-01 1.000000000000000000e+00
-5.052500000000001990e-01 1.000000000000000048e-04 2.545939732130934052e-01 1.000000000000000000e+00
-5.045000000000001705e-01 1.000000000000000048e-04 2.546048244391777571e-01 1.000000000000000000e+00
-5.037500000000001421e-01 1.000000000000000048e-04 2.546155279027293439e-01 1.000000000000000000e+00
-5.030000000000001137e-01 1.000000000000000048e-04 2.546260832368805738e-01 1.000000000000000000e+00
-5.022500000000000853e-01 1.000000000000000048e-04 2.546364900741333037e-01 1.000000000000000000e+00
-5.015000000000000568e-01 1.000000000000000048e-04 2.546467480463588395e-01 1.000000000000000000e+00
-5.007500000000000284e-01 1.000000000000000048e-04 2.546568567847968811e-01 1.000000000000000000e+00
-5.000000000000000000e-01 1.000000000000000048e-04 2.546668159200558001e-01 1.000000000000000000e+00
-4.992499999999999716e-01 1.000000000000000048e-04 2.546766250821114741e-01 1.000000000000000000e+00
-4.984999999999999432e-01 1.000000000000000048e-04 2.546862839003069534e-01 1.000000000000000000e+00
-4.977499999999999147e-01 1.000000000000000048e-04 2.546957920033521838e-01 1.000000000000000000e+00
-4.969999999999998863e-01 1.000000000000000048e-04 2.547051490193235623e-01 1.000000000000000000e+00
-4.962499999999998579e-01 1.000000000000000048e-04 2.547143545756629379e-01 1.000000000000000000e+00
-4.954999999999998295e-01 1.000000000000000048e-04 2.547234082991778892e-01 1.000000000000000000e+00
-4.947499999999998010e-01 1.000000000000000048e-04 2.547323098160407251e-01 1.000000000000000000e+00
-4.939999999999997726e-01 1.000000000000000048e-04 2.547410587517880964e-01 1.000000000000000000e+00
-4.932499999999997442e-01 1.000000000000000048e-04 2.547496547313204962e-01 1.000000000000000000e+00
-4.924999999999997158e-01 1.000000000000000048e-04 2.547580973789022596e-01 1.000000000000000000e+00
-4.917499999999996874e-01 1.000000000000000048e-04 2.547663863181602317e-01 1.000000000000000000e+00
-4.909999999999996589e-01 1.000000000000000048e-04 2.547745211720841563e-01 1.000000000000000000e+00
-4.902499999999996305e-01 1.000000000000000048e-04 2.547825015630256762e-01 1.000000000000000000e+00
-4.894999999999996021e-01 1.000000000000000048e-04 2.547903271126980562e-01 1.000000000000000000e+00
-4.887499999999995737e-01 1.000000000000000048e-04 2.547979974421758498e-01 1.000000000000000000e+00
-4.879999999999995453e-01 1.000000000000000048e-04 2.548055121718940108e-01 1.000000000000000000e+00
-4.872499999999995168e-01 1.000000000000000048e-04 2.548128709216481158e-01 1.000000000000000000e+00
-4.864999999999994884e-01 1.000000000000000048e-04 2.548200733105932536e-01 1.000000000000000000e+00
-4.857500000000003482e-01 1.000000000000000048e-04 2.548271189572440254e-01 1.000000000000000000e+00
-4.850000000000003197e-01 1.000000000000000048e-04 2.548340074794738785e-01 1.000000000000000000e+00
-4.842500000000002913e-01 1.000000000000000048e-04 2.548407384945144960e-01 1.000000000000000000e+00
-4.835000000000002629e-01 1.000000000000000048e-04 2.548473116189559073e-01 1.000000000000000000e+00
-4.827500000000002345e-01 1.000000000000000048e-04 2.548537264687456005e-01 1.000000000000000000e+00
-4.820000000000002061e-01 1.000000000000000048e-04 2.548599826591880779e-01 1.000000000000000000e+00
-4.812500000000001776e-01 1.000000000000000048e-04 2.548660798049447451e-01 1.000000000000000000e+00
-4.805000000000001492e-01 1.000000000000000048e-04 2.548720175200331339e-01 1.000000000000000000e+00
-4.797500000000001208e-01 1.000000000000000048e-04 2.548777954178265137e-01 1.000000000000000000e+00
-4.790000000000000924e-01 1.000000000000000048e-04 2.548834131110538914e-01 1.000000000000000000e+00
-4.782500000000000639e-01 1.000000000000000048e-04 2.548888702117989569e-01 1.000000000000000000e+00
-4.775000000000000355e-01 1.000000000000000048e-04 2.548941663315000272e-01 1.000000000000000000e+00
-4.767500000000000071e-01 1.000000000000000048e-04 2.548993010809495474e-01 1.000000000000000000e+00
-4.759999999999999787e-01 1.000000000000000048e-04 2.549042740702938126e-01 1.000000000000000000e+00
-4.752499999999999503e-01 1.000000000000000048e-04 2.549090849090323019e-01 1.000000000000000000e+00
-4.744999999999999218e-01 1.000000000000000048e-04 2.549137332060171790e-01 1.000000000000000000e+00
-4.737499999999998934e-01 1.000000000000000048e-04 2.549182185694536251e-01 1.000000000000000000e+00
-4.729999999999998650e-01 1.000000000000000048e-04 2.549225406068983957e-01 1.000000000000000000e+00
-4.722499999999998366e-01 1.000000000000000048e-04 2.549266989252599314e-01 1.000000000000000000e+00
-4.714999999999998082e-01 1.000000000000000048e-04 2.549306931307980806e-01 1.000000000000000000e+00
-4.707499999999997797e-01 1.000000000000000048e-04 2.549345228291236554e-01 1.000000000000000000e+00
-4.699999999999997513e-01 1.000000000000000048e-04 2.549381876251977097e-01 1.000000000000000000e+00
-4.692499999999997229e-01 1.000000000000000048e-04 2.549416871233313175e-01 1.000000000000000000e+00
-4.684999999999996945e-01 1.000000000000000048e-04 2.549450209271853507e-01 1.000000000000000000e+00
-4.677499999999996660e-01 1.000000000000000048e-04 2.549481886397698127e-01 1.000000000000000000e+00
-4.669999999999996376e-01 1.000000000000000048e-04 2.549511898634437834e-01 1.000000000000000000e+00
-4.662499999999996092e-01 1.000000000000000048e-04 2.549540241999146417e-01 1.000000000000000000e+00
-4.654999999999995808e-01 1.000000000000000048e-04 2.549566912502378435e-01 1.000000000000000000e+00
-4.647499999999995524e-01 1.000000000000000048e-04 2.549591906148168663e-01 1.000000000000000000e+00
-4.639999999999995239e-01 1.000000000000000048e-04 2.549615218934019878e-01 1.000000000000000000e+00
-4.632499999999994955e-01 1.000000000000000048e-04 2.549636846850909522e-01 1.000000000000000000e+00
-4.624999999999994671e-01 1.000000000000000048e-04 2.549656785883278598e-01 1.000000000000000000e+00
-4.617500000000003268e-01 1.000000000000000048e-04 2.549675032009030007e-01 1.000000000000000000e+00
-4.610000000000002984e-01 1.000000000000000048e-04 2.549691581199527990e-01 1.000000000000000000e+00
-4.602500000000002700e-01 1.000000000000000048e-04 2.549706429419587028e-01 1.000000000000000000e+00
-4.595000000000002416e-01 1.000000000000000048e-04 2.549719572627475173e-01 1.000000000000000000e+00
-4.587500000000002132e-01 1.000000000000000048e-04 2.549731006774908493e-01 1.000000000000000000e+00
-4.580000000000001847e-01 1.000000000000000048e-04 2.549740727807046081e-01 1.000000000000000000e+00
-4.572500000000001563e-01 1.000000000000000048e-04 2.549748731662487278e-01 1.000000000000000000e+00
-4.565000000000001279e-01 1.000000000000000048e-04 2.549755014273270004e-01 1.000000000000000000e+00
-4.557500000000000995e-01 1.000000000000000048e-04 2.549759571564862437e-01 1.000000000000000000e+00
-4.550000000000000711e-01 1.000000000000000048e-04 2.549762399456164119e-01 1.000000000000000000e+00
-4.542500000000000426e-01 1.000000000000000048e-04 2.549763493859502628e-01 1.000000000000000000e+00
-4.535000000000000142e-01 1.000000000000000048e-04 2.549762850680625248e-01 1.000000000000000000e+00
-4.527499999999999858e-01 1.000000000000000048e-04 2.549760465818701749e-01 1.000000000000000000e+00
-4.519999999999999574e-01 1.000000000000000048e-04 2.549756335166317167e-01 1.000000000000000000e+00
-4.512499999999999289e-01 1.000000000000000048e-04 2.549750454609466810e-01 1.000000000000000000e+00
-4.504999999999999005e-01 1.000000000000000048e-04 2.549742820027559587e-01 1.000000000000000000e+00
-4.497499999999998721e-01 1.000000000000000048e-04 2.549733427293408572e-01 1.000000000000000000e+00
-4.489999999999998437e-01 1.000000000000000048e-04 2.549722272273231005e-01 1.000000000000000000e+00
-4.482499999999998153e-01 1.000000000000000048e-04 2.549709350826640519e-01 1.000000000000000000e+00
-4.474999999999997868e-01 1.000000000000000048e-04 2.549694658806651026e-01 1.000000000000000000e+00
-4.467499999999997584e-01 1.000000000000000048e-04 2.549678192059667836e-01 1.000000000000000000e+00
-4.459999999999997300e-01 1.000000000000000048e-04 2.549659946425488211e-01 1.000000000000000000e+00
-4.452499999999997016e-01 1.000000000000000048e-04 2.549639917737294148e-01 1.000000000000000000e+00
-4.444999999999996732e-01 1.000000000000000048e-04 2.549618101821652938e-01 1.000000000000000000e+00
-4.437499999999996447e-01 1.000000000000000048e-04 2.549594494498513275e-01 1.000000000000000000e+00
-4.429999999999996163e-01 1.000000000000000048e-04 2.549569091581200264e-01 1.000000000000000000e+00
-4.422499999999995879e-01 1.000000000000000048e-04 2.549541888876416529e-01 1.000000000000000000e+00
-4.414999999999995595e-01 1.000000000000000048e-04 2.549512882184233331e-01 1.000000000000000000e+00
-4.407499999999995310e-01 1.000000000000000048e-04 2.549482067298092791e-01 1.000000000000000000e+00
-4.399999999999995026e-01 1.000000000000000048e-04 2.549449440004802891e-01 1.000000000000000000e+00
-4.392499999999994742e-01 1.000000000000000048e-04 2.549414996084535256e-01 1.000000000000000000e+00
-4.385000000000003340e-01 1.000000000000000048e-04 2.549378731310821267e-01 1.000000000000000000e+00
-4.377500000000003055e-01 1.000000000000000048e-04 2.549340641450548728e-01 1.000000000000000000e+00
-4.370000000000002771e-01 1.000000000000000048e-04 2.549300722263963537e-01 1.000000000000000000e+00
-4.362500000000002487e-01 1.000000000000000048e-04 2.549258969504659689e-01 1.000000000000000000e+00
-4.355000000000002203e-01 1.000000000000000048e-04 2.549215378919582053e-01 1.000000000000000000e+00
-4.347500000000001918e-01 1.000000000000000048e-04 2.549169946249023044e-01 1.000000000000000000e+00
-4.340000000000001634e-01 1.000000000000000048e-04 2.549122667226618733e-01 1.000000000000000000e+00
-4.332500000000001350e-01 1.000000000000000048e-04 2.549073537579342186e-01 1.000000000000000000e+00
-4.325000000000001066e-01 1.000000000000000048e-04 2.549022553027513460e-01 1.000000000000000000e+00
-4.317500000000000782e-01 1.000000000000000048e-04 2.548969709284779062e-01 1.000000000000000000e+00
-4.310000000000000497e-01 1.000000000000000048e-04 2.548915002058127488e-01 1.000000000000000000e+00
-4.302500000000000213e-01 1.000000000000000048e-04 2.548858427047872022e-01 1.000000000000000000e+00
-4.294999999999999929e-01 1.000000000000000048e-04 2.548799979947658501e-01 1.000000000000000000e+00
-4.287499999999999645e-01 1.000000000000000048e-04 2.548739656444455326e-01 1.000000000000000000e+00
-4.279999999999999361e-01 1.000000000000000048e-04 2.548677452218558459e-01 1.000000000000000000e+00
-4.272499999999999076e-01 1.000000000000000048e-04 2.548613362943581984e-01 1.000000000000000000e+00
-4.264999999999998792e-01 1.000000000000000048e-04 2.548547384286459772e-01 1.000000000000000000e+00
-4.257499999999998508e-01 1.000000000000000048e-04 2.548479511907442152e-01 1.000000000000000000e+00
-4.249999999999998224e-01 1.000000000000000048e-04 2.548409741460095912e-01 1.000000000000000000e+00
-4.242499999999997939e-01 1.000000000000000048e-04 2.548338068591295413e-01 1.000000000000000000e+00
-4.234999999999997655e-01 1.000000000000000048e-04 2.548264488941228700e-01 1.000000000000000000e+00
-4.227499999999997371e-01 1.000000000000000048e-04 2.548188998143391948e-01 1.000000000000000000e+00
-4.219999999999997087e-01 1.000000000000000048e-04 2.548111591824581135e-01 1.000000000000000000e+00
-4.212499999999996803e-01 1.000000000000000048e-04 2.548032265604902036e-01 1.000000000000000000e+00
-4.204999999999996518e-01 1.000000000000000048e-04 2.547951015097759120e-01 1.000000000000000000e+00
-4.197499999999996234e-01 1.000000000000000048e-04 2.547867835909854439e-01 1.000000000000000000e+00
-4.189999999999995950e-01 1.000000000000000048e-04 2.547782723641190405e-01 1.000000000000000000e+00
-4.182499999999995666e-01 1.000000000000000048e-04 2.547695673885061463e-01 1.000000000000000000e+00
-4.174999999999995381e-01 1.000000000000000048e-04 2.547606682228057418e-01 1.000000000000000000e+00
-4.167499999999995097e-01 1.000000000000000048e-04 2.547515744250058445e-01 1.000000000000000000e+00
-4.159999999999994813e-01 1.000000000000000048e-04 2.547422855524235086e-01 1.000000000000000000e+00
-4.152500000000003411e-01 1.000000000000000048e-04 2.547328011617044363e-01 1.000000000000000000e+00
-4.145000000000003126e-01 1.000000000000000048e-04 2.547231208088228671e-01 1.000000000000000000e+00
-4.137500000000002842e-01 1.000000000000000048e-04 2.547132440490816330e-01 1.000000000000000000e+00
-4.130000000000002558e-01 1.000000000000000048e-04 2.547031704371115479e-01 1.000000000000000000e+00
-4.122500000000002274e-01 1.000000000000000048e-04 2.546928995268716855e-01 1.000000000000000000e+00
-4.115000000000001990e-01 1.000000000000000048e-04 2.546824308716488239e-01 1.000000000000000000e+00
-4.107500000000001705e-01 1.000000000000000048e-04 2.546717640240576119e-01 1.000000000000000000e+00
-4.100000000000001421e-01 1.000000000000000048e-04 2.546608985360401256e-01 1.000000000000000000e+00
-4.092500000000001137e-01 1.000000000000000048e-04 2.546498339588659787e-01 1.000000000000000000e+00
-4.085000000000000853e-01 1.000000000000000048e-04 2.546385698431317679e-01 1.000000000000000000e+00
-4.077500000000000568e-01 1.000000000000000048e-04 2.546271057387614611e-01 1.000000000000000000e+00
-4.070000000000000284e-01 1.000000000000000048e-04 2.546154411950058427e-01 1.000000000000000000e+00
-4.062500000000000000e-01 1.000000000000000048e-04 2.546035757604426797e-01 1.000000000000000000e+00
-4.054999999999999716e-01 1.000000000000000048e-04 2.545915089829760003e-01 1.000000000000000000e+00
-4.047499999999999432e-01 1.000000000000000048e-04 2.545792404098368711e-01 1.000000000000000000e+00
-4.039999999999999147e-01 1.000000000000000048e-04 2.545667695875821201e-01 1.000000000000000000e+00
-4.032499999999998863e-01 1.000000000000000048e-04 2.545540960620957249e-01 1.000000000000000000e+00
-4.024999999999998579e-01 1.000000000000000048e-04 2.545412193785869803e-01 1.000000000000000000e+00
-4.017499999999998295e-01 1.000000000000000048e-04 2.545281390815916644e-01 1.000000000000000000e+00
-4.009999999999998010e-01 1.000000000000000048e-04 2.545148547149711504e-01 1.000000000000000000e+00
-4.002499999999997726e-01 1.000000000000000048e-04 2.545013658219131281e-01 1.000000000000000000e+00
-3.994999999999997442e-01 1.000000000000000048e-04 2.544876719449301050e-01 1.000000000000000000e+00
-3.987499999999997158e-01 1.000000000000000048e-04 2.544737726258611277e-01 1.000000000000000000e+00
-3.979999999999996874e-01 1.000000000000000048e-04 2.544596674058700048e-01 1.000000000000000000e+00
-3.972499999999996589e-01 1.000000000000000048e-04 2.544453558254464176e-01 1.000000000000000000e+00
-3.964999999999996305e-01 1.000000000000000048e-04 2.544308374244048099e-01 1.000000000000000000e+00
-3.957499999999996021e-01 1.000000000000000048e-04 2.544161117418853868e-01 1.000000000000000000e+00
-3.949999999999995737e-01 1.000000000000000048e-04 2.544011783163529494e-01 1.000000000000000000e+00
-3.942499999999995453e-01 1.000000000000000048e-04 2.543860366855976163e-01 1.000000000000000000e+00
-3.934999999999995168e-01 1.000000000000000048e-04 2.543706863867343237e-01 1.000000000000000000e+00
-3.927499999999994884e-01 1.000000000000000048e-04 2.543551269562029371e-01 1.000000000000000000e+00
-3.919999999999994600e-01 1.000000000000000048e-04 2.543393579297681395e-01 1.000000000000000000e+00
-3.912500000000003197e-01 1.000000000000000048e-04 2.543233788425190989e-01 1.000000000000000000e+00
-3.905000000000002913e-01 1.000000000000000048e-04 2.543071892288700231e-01 1.000000000000000000e+00
-3.897500000000002629e-01 1.000000000000000048e-04 2.542907886225594383e-01 1.000000000000000000e+00
-3.890000000000002345e-01 1.000000000000000048e-04 2.542741765566504109e-01 1.000000000000000000e+00
-3.882500000000002061e-01 1.000000000000000048e-04 2.542573525635307696e-01 1.000000000000000000e+00
-3.875000000000001776e-01 1.000000000000000048e-04 2.542403161749124951e-01 1.000000000000000000e+00
-3.867500000000001492e-01 1.000000000000000048e-04 2.542230669218319972e-01 1.000000000000000000e+00
-3.860000000000001208e-01 1.000000000000000048e-04 2.542056043346502814e-01 1.000000000000000000e+00
-3.852500000000000924e-01 1.000000000000000048e-04 2.541879279430524496e-01 1.000000000000000000e+00
-3.845000000000000639e-01 1.000000000000000048e-04 2.541700372760478110e-01 1.000000000000000000e+00
-3.837500000000000355e-01 1.000000000000000048e-04 2.541519318619703816e-01 1.000000000000000000e+00
-3.830000000000000071e-01 1.000000000000000048e-04 2.541336112284779403e-01 1.000000000000000000e+00
-3.822499999999999787e-01 1.000000000000000048e-04 2.541150749025526956e-01 1.000000000000000000e+00
-3.814999999999999503e-01 1.000000000000000048e-04 2.540963224105008411e-01 1.000000000000000000e+00
-3.807499999999999218e-01 1.000000000000000048e-04 2.540773532779532218e-01 1.000000000000000000e+00
-3.799999999999998934e-01 1.000000000000000048e-04 2.540581670298644457e-01 1.000000000000000000e+00
-3.792499999999998650e-01 1.000000000000000048e-04 2.540387631905134946e-01 1.000000000000000000e+00
-3.784999999999998366e-01 1.000000000000000048e-04 2.540191412835033913e-01 1.000000000000000000e+00
-3.777499999999998082e-01 1.000000000000000048e-04 2.539993008317615319e-01 1.000000000000000000e+00
-3.769999999999997797e-01 1.000000000000000048e-04 2.539792413575393537e-01 1.000000000000000000e+00
-3.762499999999997513e-01 1.000000000000000048e-04 2.539589623824126119e-01 1.000000000000000000e+00
-3.754999999999997229e-01 1.000000000000000048e-04 2.539384634272809915e-01 1.000000000000000000e+00
-3.747499999999996945e-01 1.000000000000000048e-04 2.539177440123690510e-01 1.000000000000000000e+00
-3.739999999999996660e-01 1.000000000000000048e-04 2.538968036572248899e-01 1.000000000000000000e+00
-3.732499999999996376e-01 1.000000000000000048e-04 2.538756418807213699e-01 1.000000000000000000e+00
-3.724999999999996092e-01 1.000000000000000048e-04 2.538542582010555049e-01 1.000000000000000000e+00
-3.717499999999995808e-01 1.000000000000000048e-04 2.538326521357489041e-01 1.000000000000000000e+00
-3.709999999999995524e-01 1.000000000000000048e-04 2.538108232016472177e-01 1.000000000000000000e+00
-3.702499999999995239e-01 1.000000000000000048e-04 2.537887709149208582e-01 1.000000000000000000e+00
-3.694999999999994955e-01 1.000000000000000048e-04 2.537664947910646673e-01 1.000000000000000000e+00
-3.687499999999994671e-01 1.000000000000000048e-04 2.537439943448981938e-01 1.000000000000000000e+00
-3.680000000000003268e-01 1.000000000000000048e-04 2.537212690905652490e-01 1.000000000000000000e+00
-3.672500000000002984e-01 1.000000000000000048e-04 2.536983185415346287e-01 1.000000000000000000e+00
-3.665000000000002700e-01 1.000000000000000048e-04 2.536751422106000020e-01 1.000000000000000000e+00
-3.657500000000002416e-01 1.000000000000000048e-04 2.536517396098795230e-01 1.000000000000000000e+00
-3.650000000000002132e-01 1.000000000000000048e-04 2.536281102508166074e-01 1.000000000000000000e+00
-3.642500000000001847e-01 1.000000000000000048e-04 2.536042536441794337e-01 1.000000000000000000e+00
-3.635000000000001563e-01 1.000000000000000048e-04 2.535801693000613311e-01 1.000000000000000000e+00
-3.627500000000001279e-01 1.000000000000000048e-04 2.535558567278808351e-01 1.000000000000000000e+00
-3.620000000000000995e-01 1.000000000000000048e-04 2.535313154363817989e-01 1.000000000000000000e+00
-3.612500000000000711e-01 1.000000000000000048e-04 2.535065449336332821e-01 1.000000000000000000e+00
-3.605000000000000426e-01 1.000000000000000048e-04 2.534815447270299948e-01 1.000000000000000000e+00
-3.597500000000000142e-01 1.000000000000000048e-04 2.534563143232921867e-01 1.000000000000000000e+00
-3.589999999999999858e-01 1.000000000000000048e-04 2.534308532284657023e-01 1.000000000000000000e+00
-3.582499999999999574e-01 1.000000000000000048e-04 2.534051609479224254e-01 1.000000000000000000e+00
-3.574999999999999289e-01 1.000000000000000048e-04 2.533792369863599458e-01 1.000000000000000000e+00
-3.567499999999999005e-01 1.000000000000000048e-04 2.533530808478019480e-01 1.000000000000000000e+00
-3.559999999999998721e-01 1.000000000000000048e-04 2.533266920355985996e-01 1.000000000000000000e+00
-3.552499999999998437e-01 1.000000000000000048e-04 2.533000700524258852e-01 1.000000000000000000e+00
-3.544999999999998153e-01 1.000000000000000048e-04 2.532732144002868280e-01 1.000000000000000000e+00
-3.537499999999997868e-01 1.000000000000000048e-04 2.532461245805106564e-01 1.000000000000000000e+00
-3.529999999999997584e-01 1.000000000000000048e-04 2.532188000937536376e-01 1.000000000000000000e+00
-3.522499999999997300e-01 1.000000000000000048e-04 2.531912404399987437e-01 1.000000000000000000e+00
-3.514999999999997016e-01 1.000000000000000048e-04 2.531634451185562074e-01 1.000000000000000000e+00
-3.507499999999996732e-01 1.000000000000000048e-04 2.531354136280635214e-01 1.000000000000000000e+00
-3.499999999999996447e-01 1.000000000000000048e-04 2.531071454664854392e-01 1.000000000000000000e+00
-3.492499999999996163e-01 1.000000000000000048e-04 2.530786401311145295e-01 1.000000000000000000e+00
-3.484999999999995879e-01 1.000000000000000048e-04 2.530498971185707879e-01 1.000000000000000000e+00
-3.477499999999995595e-01 1.000000000000000048e-04 2.530209159248025808e-01 1.000000000000000000e+00
-3.469999999999995310e-01 1.000000000000000048e-04 2.529916960450862007e-01 1.000000000000000000e+00
-3.462499999999995026e-01 1.000000000000000048e-04 2.529622369740260890e-01 1.000000000000000000e+00
-3.454999999999994742e-01 1.000000000000000048e-04 2.529325382055557792e-01 1.000000000000000000e+00
-3.447500000000003340e-01 1.000000000000000048e-04 2.529025992329370087e-01 1.000000000000000000e+00
-3.440000000000003055e-01 1.000000000000000048e-04 2.528724195487606630e-01 1.000000000000000000e+00
-3.432500000000002771e-01 1.000000000000000048e-04 2.528419986449468304e-01 1.000000000000000000e+00
-3.425000000000002487e-01 1.000000000000000048e-04 2.528113360127449138e-01 1.000000000000000000e+00
-3.417500000000002203e-01 1.000000000000000048e-04 2.527804311427338524e-01 1.000000000000000000e+00
-3.410000000000001918e-01 1.000000000000000048e-04 2.527492835248225100e-01 1.000000000000000000e+00
-3.402500000000001634e-01 1.000000000000000048e-04 2.527178926482497312e-01 1.000000000000000000e+00
-3.395000000000001350e-01 1.000000000000000048e-04 2.526862580015848403e-01 1.000000000000000000e+00
-3.387500000000001066e-01 1.000000000000000048e-04 2.526543790727273642e-01 1.000000000000000000e+00
-3.380000000000000782e-01 1.000000000000000048e-04 2.526222553489080314e-01 1.000000000000000000e+00
-3.372500000000000497e-01 1.000000000000000048e-04 2.525898863166881059e-01 1.000000000000000000e+00
-3.365000000000000213e-01 1.000000000000000048e-04 2.525572714619605530e-01 1.000000000000000000e+00
-3.357499999999999929e-01 1.000000000000000048e-04 2.525244102699497617e-01 1.000000000000000000e+00
-3.349999999999999645e-01 1.000000000000000048e-04 2.524913022252118222e-01 1.000000000000000000e+00
-3.342499999999999361e-01 1.000000000000000048e-04 2.524579468116349701e-01 1.000000000000000000e+00
-3.334999999999999076e-01 1.000000000000000048e-04 2.524243435124399748e-01 1.000000000000000000e+00
-3.327499999999998792e-01 1.000000000000000048e-04 2.523904918101800288e-01 1.000000000000000000e+00
-3.319999999999998508e-01 1.000000000000000048e-04 2.523563911867413578e-01 1.000000000000000000e+00
-3.312499999999998224e-01 1.000000000000000048e-04 2.523220411233434435e-01 1.000000000000000000e+00
-3.304999999999997939e-01 1.000000000000000048e-04 2.522874411005390227e-01 1.000000000000000000e+00
-3.297499999999997655e-01 1.000000000000000048e-04 2.522525905982151984e-01 1.000000000000000000e+00
-3.289999999999997371e-01 1.000000000000000048e-04 2.522174890955927729e-01 1.000000000000000000e+00
-3.282499999999997087e-01 1.000000000000000048e-04 2.521821360712269700e-01 1.000000000000000000e+00
-3.274999999999996803e-01 1.000000000000000048e-04 2.521465310030081008e-01 1.000000000000000000e+00
-3.267499999999996518e-01 1.000000000000000048e-04 2.521106733681611201e-01 1.000000000000000000e+00
-3.259999999999996234e-01 1.000000000000000048e-04 2.520745626432468467e-01 1.000000000000000000e+00
-3.252499999999995950e-01 1.000000000000000048e-04 2.520381983041615204e-01 1.000000000000000000e+00
-3.244999999999995666e-01 1.000000000000000048e-04 2.520015798261376339e-01 1.000000000000000000e+00
-3.237499999999995381e-01 1.000000000000000048e-04 2.519647066837439886e-01 1.000000000000000000e+00
-3.229999999999995097e-01 1.000000000000000048e-04 2.519275783508862498e-01 1.000000000000000000e+00
-3.222499999999994813e-01 1.000000000000000048e-04 2.518901943008071687e-01 1.000000000000000000e+00
-3.215000000000003411e-01 1.000000000000000048e-04 2.518525540060870260e-01 1.000000000000000000e+00
-3.207500000000003126e-01 1.000000000000000048e-04 2.518146569386437994e-01 1.000000000000000000e+00
-3.200000000000002842e-01 1.000000000000000048e-04 2.517765025697338843e-01 1.000000000000000000e+00
-3.192500000000002558e-01 1.000000000000000048e-04 2.517380903699521499e-01 1.000000000000000000e+00
-3.185000000000002274e-01 1.000000000000000048e-04 2.516994198092325496e-01 1.000000000000000000e+00
-3.177500000000001990e-01 1.000000000000000048e-04 2.516604903568482876e-01 1.000000000000000000e+00
-3.170000000000001705e-01 1.000000000000000048e-04 2.516213014814123738e-01 1.000000000000000000e+00
-3.162500000000001421e-01 1.000000000000000048e-04 2.515818526508779018e-01 1.000000000000000000e+00
-3.155000000000001137e-01 1.000000000000000048e-04 2.515421433325386036e-01 1.000000000000000000e+00
-3.147500000000000853e-01 1.000000000000000048e-04 2.515021729930291827e-01 1.000000000000000000e+00
-3.140000000000000568e-01 1.000000000000000048e-04 2.514619410983256476e-01 1.000000000000000000e+00
-3.132500000000000284e-01 1.000000000000000048e-04 2.514214471137457552e-01 1.000000000000000000e+00
-3.125000000000000000e-01 1.000000000000000048e-04 2.513806905039496775e-01 1.000000000000000000e+00
-3.117499999999999716e-01 1.000000000000000048e-04 2.513396707329398905e-01 1.000000000000000000e+00
-3.109999999999999432e-01 1.000000000000000048e-04 2.512983872640623950e-01 1.000000000000000000e+00
-3.102499999999999147e-01 1.000000000000000048e-04 2.512568395600062177e-01 1.000000000000000000e+00
-3.094999999999998863e-01 1.000000000000000048e-04 2.512150270828046872e-01 1.000000000000000000e+00
-3.087499999999998579e-01 1.000000000000000048e-04 2.511729492938354347e-01 1.000000000000000000e+00
-3.079999999999998295e-01 1.000000000000000048e-04 2.511306056538210041e-01 1.000000000000000000e+00
-3.072499999999998010e-01 1.000000000000000048e-04 2.510879956228291299e-01 1.000000000000000000e+00
-3.064999999999997726e-01 1.000000000000000048e-04 2.510451186602735141e-01 1.000000000000000000e+00
-3.057499999999997442e-01 1.000000000000000048e-04 2.510019742249141594e-01 1.000000000000000000e+00
-3.049999999999997158e-01 1.000000000000000048e-04 2.509585617748576469e-01 1.000000000000000000e+00
-3.042499999999996874e-01 1.000000000000000048e-04 2.509148807675578019e-01 1.000000000000000000e+00
-3.034999999999996589e-01 1.000000000000000048e-04 2.508709306598163602e-01 1.000000000000000000e+00
-3.027499999999996305e-01 1.000000000000000048e-04 2.508267109077831347e-01 1.000000000000000000e+00
-3.019999999999996021e-01 1.000000000000000048e-04 2.507822209669566260e-01 1.000000000000000000e+00
-3.012499999999995737e-01 1.000000000000000048e-04 2.507374602921846884e-01 1.000000000000000000e+00
-3.004999999999995453e-01 1.000000000000000048e-04 2.506924283376649187e-01 1.000000000000000000e+00
-2.997499999999995168e-01 1.000000000000000048e-04 2.506471245569449890e-01 1.000000000000000000e+00
-2.989999999999994884e-01 1.000000000000000048e-04 2.506015484029236462e-01 1.000000000000000000e+00
-2.982499999999994600e-01 1.000000000000000048e-04 2.505556993278506006e-01 1.000000000000000000e+00
-2.975000000000003197e-01 1.000000000000000048e-04 2.505095767833277476e-01 1.000000000000000000e+00
-2.967500000000002913e-01 1.000000000000000048e-04 2.504631802203090563e-01 1.000000000000000000e+00
-2.960000000000002629e-01 1.000000000000000048e-04 2.504165090891017909e-01 1.000000000000000000e+00
-2.952500000000002345e-01 1.000000000000000048e-04 2.503695628393663997e-01 1.000000000000000000e+00
-2.945000000000002061e-01 1.000000000000000048e-04 2.503223409201175698e-01 1.000000000000000000e+00
-2.937500000000001776e-01 1.000000000000000048e-04 2.502748427797243935e-01 1.000000000000000000e+00
-2.930000000000001492e-01 1.000000000000000048e-04 2.502270678659114234e-01 1.000000000000000000e+00
-2.922500000000001208e-01 1.000000000000000048e-04 2.501790156257587272e-01 1.000000000000000000e+00
-2.915000000000000924e-01 1.000000000000000048e-04 2.501306855057029987e-01 1.000000000000000000e+00
-2.907500000000000639e-01 1.000000000000000048e-04 2.500820769515374464e-01 1.000000000000000000e+00
-2.900000000000000355e-01 1.000000000000000048e-04 2.500331894084131812e-01 1.000000000000000000e+00
-2.892500000000000071e-01 1.000000000000000048e-04 2.499840223208392442e-01 1.000000000000000000e+00
-2.884999999999999787e-01 1.000000000000000048e-04 2.499345751326834397e-01 1.000000000000000000e+00
-2.877499999999999503e-01 1.000000000000000048e-04 2.498848472871729454e-01 1.000000000000000000e+00
-2.869999999999999218e-01 1.000000000000000048e-04 2.498348382268947843e-01 1.000000000000000000e+00
-2.862499999999998934e-01 1.000000000000000048e-04 2.497845473937967964e-01 1.000000000000000000e+00
-2.854999999999998650e-01 1.000000000000000048e-04 2.497339742291877218e-01 1.000000000000000000e+00
-2.847499999999998366e-01 1.000000000000000048e-04 2.496831181737384220e-01 1.000000000000000000e+00
-2.839999999999998082e-01 1.000000000000000048e-04 2.496319786674820740e-01 1.000000000000000000e+00
-2.832499999999997797e-01 1.000000000000000048e-04 2.495805551498149477e-01 1.000000000000000000e+00
-2.824999999999997513e-01 1.000000000000000048e-04 2.495288470594973496e-01 1.000000000000000000e+00
-2.817499999999997229e-01 1.000000000000000048e-04 2.494768538346537057e-01 1.000000000000000000e+00
-2.809999999999996945e-01 1.000000000000000048e-04 2.494245749127737555e-01 1.000000000000000000e+00
-2.802499999999996660e-01 1.000000000000000048e-04 2.493720097307129679e-01 1.000000000000000000e+00
-2.794999999999996376e-01 1.000000000000000048e-04 2.493191577246932633e-01 1.000000000000000000e+00
-2.787499999999996092e-01 1.000000000000000048e-04 2.492660183303037069e-01 1.000000000000000000e+00
-2.779999999999995808e-01 1.000000000000000048e-04 2.492125909825011754e-01 1.000000000000000000e+00
-2.772499999999995524e-01 1.000000000000000048e-04 2.491588751156111614e-01 1.000000000000000000e+00
-2.764999999999995239e-01 1.000000000000000048e-04 2.491048701633281348e-01 1.000000000000000000e+00
-2.757499999999994955e-01 1.000000000000000048e-04 2.490505755587168191e-01 1.000000000000000000e+00
-2.749999999999994671e-01 1.000000000000000048e-04 2.489959907342123024e-01 1.000000000000000000e+00
-2.742500000000003268e-01 1.000000000000000048e-04 2.489411151216213702e-01 1.000000000000000000e+00
-2.735000000000002984e-01 1.000000000000000048e-04 2.488859481521225325e-01 1.000000000000000000e+00
-2.727500000000002700e-01 1.000000000000000048e-04 2.488304892562673287e-01 1.000000000000000000e+00
-2.720000000000002416e-01 1.000000000000000048e-04 2.487747378639808549e-01 1.000000000000000000e+00
-2.712500000000002132e-01 1.000000000000000048e-04 2.487186934045624020e-01 1.000000000000000000e+00
-2.705000000000001847e-01 1.000000000000000048e-04 2.486623553066866221e-01 1.000000000000000000e+00
-2.697500000000001563e-01 1.000000000000000048e-04 2.486057229984034445e-01 1.000000000000000000e+00
-2.690000000000001279e-01 1.000000000000000048e-04 2.485487959071399633e-01 1.000000000000000000e+00
-2.682500000000000995e-01 1.000000000000000048e-04 2.484915734597002712e-01 1.000000000000000000e+00
-2.675000000000000711e-01 1.000000000000000048e-04 2.484340550822665972e-01 1.000000000000000000e+00
-2.667500000000000426e-01 1.000000000000000048e-04 2.483762402004002223e-01 1.000000000000000000e+00
-2.660000000000000142e-01 1.000000000000000048e-04 2.483181282390420908e-01 1.000000000000000000e+00
-2.652499999999999858e-01 1.000000000000000048e-04 2.482597186225135033e-01 1.000000000000000000e+00
-2.644999999999999574e-01 1.000000000000000048e-04 2.482010107745173388e-01 1.000000000000000000e+00
-2.637499999999999289e-01 1.000000000000000048e-04 2.481420041181381653e-01 1.000000000000000000e+00
-2.629999999999999005e-01 1.000000000000000048e-04 2.480826980758436551e-01 1.000000000000000000e+00
-2.622499999999998721e-01 1.000000000000000048e-04 2.480230920694854457e-01 1.000000000000000000e+00
-2.614999999999998437e-01 1.000000000000000048e-04 2.479631855202994728e-01 1.000000000000000000e+00
-2.607499999999998153e-01 1.000000000000000048e-04 2.479029778489069968e-01 1.000000000000000000e+00
-2.599999999999997868e-01 1.000000000000000048e-04 2.478424684753156582e-01 1.000000000000000000e+00
-2.592499999999997584e-01 1.000000000000000048e-04 2.477816568189202540e-01 1.000000000000000000e+00
-2.584999999999997300e-01 1.000000000000000048e-04 2.477205422985032102e-01 1.000000000000000000e+00
-2.577499999999997016e-01 1.000000000000000048e-04 2.476591243322361635e-01 1.000000000000000000e+00
-2.569999999999996732e-01 1.000000000000000048e-04 2.475974023376798783e-01 1.000000000000000000e+00
-2.562499999999996447e-01 1.000000000000000048e-04 2.475353757317862169e-01 1.000000000000000000e+00
-2.554999999999996163e-01 1.000000000000000048e-04 2.474730439308979735e-01 1.000000000000000000e+00
-2.547499999999995879e-01 1.000000000000000048e-04 2.474104063507504281e-01 1.000000000000000000e+00
-2.539999999999995595e-01 1.000000000000000048e-04 2.473474624064720961e-01 1.000000000000000000e+00
-2.532499999999995310e-01 1.000000000000000048e-04 2.472842115125853946e-01 1.000000000000000000e+00
-2.524999999999995026e-01 1.000000000000000048e-04 2.472206530830078075e-01 1.000000000000000000e+00
-2.517499999999994742e-01 1.000000000000000048e-04 2.471567865310527190e-01 1.000000000000000000e+00
-2.510000000000003340e-01 1.000000000000000048e-04 2.470926112694304400e-01 1.000000000000000000e+00
-2.502500000000003055e-01 1.000000000000000048e-04 2.470281267102485967e-01 1.000000000000000000e+00
-2.495000000000002771e-01 1.000000000000000048e-04 2.469633322650138518e-01 1.000000000000000000e+00
-2.487500000000002487e-01 1.000000000000000048e-04 2.468982273446324871e-01 1.000000000000000000e+00
-2.480000000000002203e-01 1.000000000000000048e-04 2.468328113594109585e-01 1.000000000000000000e+00
-2.472500000000001918e-01 1.000000000000000048e-04 2.467670837190576172e-01 1.000000000000000000e+00
-2.465000000000001634e-01 1.000000000000000048e-04 2.467010438326829314e-01 1.000000000000000000e+00
-2.457500000000001350e-01 1.000000000000000048e-04 2.466346911088009852e-01 1.000000000000000000e+00
-2.450000000000001066e-01 1.000000000000000048e-04 2.465680249553302006e-01 1.000000000000000000e+00
-2.442500000000000782e-01 1.000000000000000048e-04 2.465010447795941695e-01 1.000000000000000000e+00
-2.435000000000000497e-01 1.000000000000000048e-04 2.464337499883231808e-01 1.000000000000000000e+00
-2.427500000000000213e-01 1.000000000000000048e-04 2.463661399876544145e-01 1.000000000000000000e+00
-2.419999999999999929e-01 1.000000000000000048e-04 2.462982141831336624e-01 1.000000000000000000e+00
-2.412499999999999645e-01 1.000000000000000048e-04 2.462299719797159947e-01 1.000000000000000000e+00
-2.404999999999999361e-01 1.000000000000000048e-04 2.461614127817666475e-01 1.000000000000000000e+00
-2.397499999999999076e-01 1.000000000000000048e-04 2.460925359930624945e-01 1.000000000000000000e+00
-2.389999999999998792e-01 1.000000000000000048e-04 2.460233410167923795e-01 1.000000000000000000e+00
-2.382499999999998508e-01 1.000000000000000048e-04 2.459538272555589489e-01 1.000000000000000000e+00
-2.374999999999998224e-01 1.000000000000000048e-04 2.458839941113790950e-01 1.000000000000000000e+00
-2.367499999999997939e-01 1.000000000000000048e-04 2.458138409856851225e-01 1.000000000000000000e+00
-2.359999999999997655e-01 1.000000000000000048e-04 2.457433672793259971e-01 1.000000000000000000e+00
-2.352499999999997371e-01 1.000000000000000048e-04 2.456725723925681781e-01 1.000000000000000000e+00
-2.344999999999997087e-01 1.000000000000000048e-04 2.456014557250968677e-01 1.000000000000000000e+00
-2.337499999999996803e-01 1.000000000000000048e-04 2.455300166760168157e-01 1.000000000000000000e+00
-2.329999999999996518e-01 1.000000000000000048e-04 2.454582546438537627e-01 1.000000000000000000e+00
-2.322499999999996234e-01 1.000000000000000048e-04 2.453861690265551343e-01 1.000000000000000000e+00
-2.314999999999995950e-01 1.000000000000000048e-04 2.453137592214915397e-01 1.000000000000000000e+00
-2.307499999999995666e-01 1.000000000000000048e-04 2.452410246254575765e-01 1.000000000000000000e+00
-2.299999999999995381e-01 1.000000000000000048e-04 2.451679646346727748e-01 1.000000000000000000e+00
-2.292499999999995097e-01 1.000000000000000048e-04 2.450945786447832897e-01 1.000000000000000000e+00
-2.284999999999994813e-01 1.000000000000000048e-04 2.450208660508625402e-01 1.000000000000000000e+00
-2.277500000000003411e-01 1.000000000000000048e-04 2.449468262474125135e-01 1.000000000000000000e+00
-2.270000000000003126e-01 1.000000000000000048e-04 2.448724586283646254e-01 1.000000000000000000e+00
-2.262500000000002842e-01 1.000000000000000048e-04 2.447977625870812468e-01 1.000000000000000000e+00
-2.255000000000002558e-01 1.000000000000000048e-04 2.447227375163569529e-01 1.000000000000000000e+00
-2.247500000000002274e-01 1.000000000000000048e-04 2.446473828084188840e-01 1.000000000000000000e+00
-2.240000000000001990e-01 1.000000000000000048e-04 2.445716978549287990e-01 1.000000000000000000e+00
-2.232500000000001705e-01 1.000000000000000048e-04 2.444956820469839365e-01 1.000000000000000000e+00
-2.225000000000001421e-01 1.000000000000000048e-04 2.444193347751176248e-01 1.000000000000000000e+00
-2.217500000000001137e-01 1.000000000000000048e-04 2.443426554293016140e-01 1.000000000000000000e+00
-2.210000000000000853e-01 1.000000000000000048e-04 2.442656433989460751e-01 1.000000000000000000e+00
-2.202500000000000568e-01 1.000000000000000048e-04 2.441882980729017383e-01 1.000000000000000000e+00
-2.195000000000000284e-01 1.000000000000000048e-04 2.441106188394603083e-01 1.000000000000000000e+00
-2.187500000000000000e-01 1.000000000000000048e-04 2.440326050863562968e-01 1.000000000000000000e+00
-2.179999999999999716e-01 1.000000000000000048e-04 2.439542562007680493e-01 1.000000000000000000e+00
-2.172499999999999432e-01 1.000000000000000048e-04 2.438755715693186055e-01 1.000000000000000000e+00
-2.164999999999999147e-01 1.000000000000000048e-04 2.437965505780775033e-01 1.000000000000000000e+00
-2.157499999999998863e-01 1.000000000000000048e-04 2.437171926125617227e-01 1.000000000000000000e+00
-2.149999999999998579e-01 1.000000000000000048e-04 2.436374970577366017e-01 1.000000000000000000e+00
-2.142499999999998295e-01 1.000000000000000048e-04 2.435574632980178900e-01 1.000000000000000000e+00
-2.134999999999998010e-01 1.000000000000000048e-04 2.434770907172723875e-01 1.000000000000000000e+00
-2.127499999999997726e-01 1.000000000000000048e-04 2.433963786988192213e-01 1.000000000000000000e+00
-2.119999999999997442e-01 1.000000000000000048e-04 2.433153266254314273e-01 1.000000000000000000e+00
-2.112499999999997158e-01 1.000000000000000048e-04 2.432339338793370609e-01 1.000000000000000000e+00
-2.104999999999996874e-01 1.000000000000000048e-04 2.431521998422202790e-01 1.000000000000000000e+00
-2.097499999999996589e-01 1.000000000000000048e-04 2.430701238952231724e-01 1.000000000000000000e+00
-2.089999999999996305e-01 1.000000000000000048e-04 2.429877054189464036e-01 1.000000000000000000e+00
-2.082499999999996021e-01 1.000000000000000048e-04 2.429049437934510669e-01 1.000000000000000000e+00
-2.074999999999995737e-01 1.000000000000000048e-04 2.428218383982596318e-01 1.000000000000000000e+00
-2.067499999999995453e-01 1.000000000000000048e-04 2.427383886123575529e-01 1.000000000000000000e+00
-2.059999999999995168e-01 1.000000000000000048e-04 2.426545938141943526e-01 1.000000000000000000e+00
-2.052499999999994884e-01 1.000000000000000048e-04 2.425704533816849806e-01 1.000000000000000000e+00
-2.044999999999994600e-01 1.000000000000000048e-04 2.424859666922113688e-01 1.000000000000000000e+00
-2.037500000000003197e-01 1.000000000000000048e-04 2.424011331226237909e-01 1.000000000000000000e+00
-2.030000000000002913e-01 1.000000000000000048e-04 2.423159520492416119e-01 1.000000000000000000e+00
-2.022500000000002629e-01 1.000000000000000048e-04 2.422304228478553423e-01 1.000000000000000000e+00
-2.015000000000002345e-01 1.000000000000000048e-04 2.421445448937279976e-01 1.000000000000000000e+00
-2.007500000000002061e-01 1.000000000000000048e-04 2.420583175615959592e-01 1.000000000000000000e+00
-2.000000000000001776e-01 1.000000000000000048e-04 2.419717402256706951e-01 1.000000000000000000e+00
-1.992500000000001492e-01 1.000000000000000048e-04 2.418848122596402583e-01 1.000000000000000000e+00
-1.985000000000001208e-01 1.000000000000000048e-04 2.417975330366704811e-01 1.000000000000000000e+00
-1.977500000000000924e-01 1.000000000000000048e-04 2.417099019294064732e-01 1.000000000000000000e+00
-1.970000000000000639e-01 1.000000000000000048e-04 2.416219183099736767e-01 1.000000000000000000e+00
-1.962500000000000355e-01 1.000000000000000048e-04 2.415335815499800309e-01 1.000000000000000000e+00
-1.955000000000000071e-01 1.000000000000000048e-04 2.414448910205168330e-01 1.000000000000000000e+00
-1.947499999999999787e-01 1.000000000000000048e-04 2.413558460921602922e-01 1.000000000000000000e+00
-1.939999999999999503e-01 1.000000000000000048e-04 2.412664461349730560e-01 1.000000000000000000e+00
-1.932499999999999218e-01 1.000000000000000048e-04 2.411766905185055432e-01 1.000000000000000000e+00
-1.924999999999998934e-01 1.000000000000000048e-04 2.410865786117973864e-01 1.000000000000000000e+00
-1.917499999999998650e-01 1.000000000000000048e-04 2.409961097833792365e-01 1.000000000000000000e+00
-1.909999999999998366e-01 1.000000000000000048e-04 2.409052834012737065e-01 1.000000000000000000e+00
-1.902499999999998082e-01 1.000000000000000048e-04 2.408140988329972587e-01 1.000000000000000000e+00
-1.894999999999997797e-01 1.000000000000000048e-04 2.407225554455614813e-01 1.000000000000000000e+00
-1.887499999999997513e-01 1.000000000000000048e-04 2.406306526054746986e-01 1.000000000000000000e+00
-1.879999999999997229e-01 1.000000000000000048e-04 2.405383896787434694e-01 1.000000000000000000e+00
-1.872499999999996945e-01 1.000000000000000048e-04 2.404457660308737810e-01 1.000000000000000000e+00
-1.864999999999996660e-01 1.000000000000000048e-04 2.403527810268732690e-01 1.000000000000000000e+00
-1.857499999999996376e-01 1.000000000000000048e-04 2.402594340312518006e-01 1.000000000000000000e+00
-1.849999999999996092e-01 1.000000000000000048e-04 2.401657244080238618e-01 1.000000000000000000e+00
-1.842499999999995808e-01 1.000000000000000048e-04 2.400716515207096668e-01 1.000000000000000000e+00
-1.834999999999995524e-01 1.000000000000000048e-04 2.399772147323366578e-01 1.000000000000000000e+00
-1.827499999999995239e-01 1.000000000000000048e-04 2.398824134054412804e-01 1.000000000000000000e+00
-1.819999999999994955e-01 1.000000000000000048e-04 2.397872469020704278e-01 1.000000000000000000e+00
-1.812499999999994671e-01 1.000000000000000048e-04 2.396917145837829388e-01 1.000000000000000000e+00
-1.805000000000003268e-01 1.000000000000000048e-04 2.395958158116513192e-01 1.000000000000000000e+00
-1.797500000000002984e-01 1.000000000000000048e-04 2.394995499462631017e-01 1.000000000000000000e+00
-1.790000000000002700e-01 1.000000000000000048e-04 2.394029163477228439e-01 1.000000000000000000e+00
-1.782500000000002416e-01 1.000000000000000048e-04 2.393059143756533225e-01 1.000000000000000000e+00
-1.775000000000002132e-01 1.000000000000000048e-04 2.392085433891970037e-01 1.000000000000000000e+00
-1.767500000000001847e-01 1.000000000000000048e-04 2.391108027470184583e-01 1.000000000000000000e+00
-1.760000000000001563e-01 1.000000000000000048e-04 2.390126918073050000e-01 1.000000000000000000e+00
-1.752500000000001279e-01 1.000000000000000048e-04 2.389142099277690445e-01 1.000000000000000000e+00
-1.745000000000000995e-01 1.000000000000000048e-04 2.388153564656493311e-01 1.000000000000000000e+00
-1.737500000000000711e-01 1.000000000000000048e-04 2.387161307777126429e-01 1.000000000000000000e+00
-1.730000000000000426e-01 1.000000000000000048e-04 2.386165322202554728e-01 1.000000000000000000e+00
-1.722500000000000142e-01 1.000000000000000048e-04 2.385165601491059106e-01 1.000000000000000000e+00
-1.714999999999999858e-01 1.000000000000000048e-04 2.384162139196248364e-01 1.000000000000000000e+00
-1.707499999999999574e-01 1.000000000000000048e-04 2.383154928867080025e-01 1.000000000000000000e+00
-1.699999999999999289e-01 1.000000000000000048e-04 2.382143964047875317e-01 1.000000000000000000e+00
-1.692499999999999005e-01 1.000000000000000048e-04 2.381129238278336113e-01 1.000000000000000000e+00
-1.684999999999998721e-01 1.000000000000000048e-04 2.380110745093561853e-01 1.000000000000000000e+00
-1.677499999999998437e-01 1.000000000000000048e-04 2.379088478024067310e-01 1.000000000000000000e+00
-1.669999999999998153e-01 1.000000000000000048e-04 2.378062430595797028e-01 1.000000000000000000e+00
-1.662499999999997868e-01 1.000000000000000048e-04 2.377032596330146685e-01 1.000000000000000000e+00
-1.654999999999997584e-01 1.000000000000000048e-04 2.375998968743978368e-01 1.000000000000000000e+00
-1.647499999999997300e-01 1.000000000000000048e-04 2.374961541349634442e-01 1.000000000000000000e+00
-1.639999999999997016e-01 1.000000000000000048e-04 2.373920307654961148e-01 1.000000000000000000e+00
-1.632499999999996732e-01 1.000000000000000048e-04 2.372875261163323035e-01 1.000000000000000000e+00
-1.624999999999996447e-01 1.000000000000000048e-04 2.371826395373615726e-01 1.000000000000000000e+00
-1.617499999999996163e-01 1.000000000000000048e-04 2.370773703780293395e-01 1.000000000000000000e+00
-1.609999999999995879e-01 1.000000000000000048e-04 2.369717179873379875e-01 1.000000000000000000e+00
-1.602499999999995595e-01 1.000000000000000048e-04 2.368656817138485859e-01 1.000000000000000000e+00
-1.594999999999995310e-01 1.000000000000000048e-04 2.367592609056829167e-01 1.000000000000000000e+00
-1.587499999999995026e-01 1.000000000000000048e-04 2.366524549105252506e-01 1.000000000000000000e+00
-1.579999999999994742e-01 1.000000000000000048e-04 2.365452630756240682e-01 1.000000000000000000e+00
-1.572500000000003340e-01 1.000000000000000048e-04 2.364376847477940025e-01 1.000000000000000000e+00
-1.565000000000003055e-01 1.000000000000000048e-04 2.363297192734170882e-01 1.000000000000000000e+00
-1.557500000000002771e-01 1.000000000000000048e-04 2.362213659984455927e-01 1.000000000000000000e+00
-1.550000000000002487e-01 1.000000000000000048e-04 2.361126242684027932e-01 1.000000000000000000e+00
-1.542500000000002203e-01 1.000000000000000048e-04 2.360034934283855301e-01 1.000000000000000000e+00
-1.535000000000001918e-01 1.000000000000000048e-04 2.358939728230657618e-01 1.000000000000000000e+00
-1.527500000000001634e-01 1.000000000000000048e-04 2.357840617966925068e-01 1.000000000000000000e+00
-1.520000000000001350e-01 1.000000000000000048e-04 2.356737596930933432e-01 1.000000000000000000e+00
-1.512500000000001066e-01 1.000000000000000048e-04 2.355630658556769619e-01 1.000000000000000000e+00
-1.505000000000000782e-01 1.000000000000000048e-04 2.354519796274343879e-01 1.000000000000000000e+00
-1.497500000000000497e-01 1.000000000000000048e-04 2.353405003509411175e-01 1.000000000000000000e+00
-1.490000000000000213e-01 1.000000000000000048e-04 2.352286273683590889e-01 1.000000000000000000e+00
-1.482499999999999929e-01 1.000000000000000048e-04 2.351163600214384863e-01 1.000000000000000000e+00
-1.474999999999999645e-01 1.000000000000000048e-04 2.350036976515193776e-01 1.000000000000000000e+00
-1.467499999999999361e-01 1.000000000000000048e-04 2.348906395995343233e-01 1.000000000000000000e+00
-1.459999999999999076e-01 1.000000000000000048e-04 2.347771852060093756e-01 1.000000000000000000e+00
-1.452499999999998792e-01 1.000000000000000048e-04 2.346633338110667433e-01 1.000000000000000000e+00
-1.444999999999998508e-01 1.000000000000000048e-04 2.345490847544264013e-01 1.000000000000000000e+00
-1.437499999999998224e-01 1.000000000000000048e-04 2.344344373754078670e-01 1.000000000000000000e+00
-1.429999999999997939e-01 1.000000000000000048e-04 2.343193910129326152e-01 1.000000000000000000e+00
-1.422499999999997655e-01 1.000000000000000048e-04 2.342039450055256322e-01 1.000000000000000000e+00
-1.414999999999997371e-01 1.000000000000000048e-04 2.340880986913175810e-01 1.000000000000000000e+00
-1.407499999999997087e-01 1.000000000000000048e-04 2.339718514080464939e-01 1.000000000000000000e+00
-1.399999999999996803e-01 1.000000000000000048e-04 2.338552024930601048e-01 1.000000000000000000e+00
-1.392499999999996518e-01 1.000000000000000048e-04 2.337381512833175690e-01 1.000000000000000000e+00
-1.384999999999996234e-01 1.000000000000000048e-04 2.336206971153916012e-01 1.000000000000000000e+00
-1.377499999999995950e-01 1.000000000000000048e-04 2.335028393254703627e-01 1.000000000000000000e+00
-1.369999999999995666e-01 1.000000000000000048e-04 2.333845772493595982e-01 1.000000000000000000e+00
-1.362499999999995381e-01 1.000000000000000048e-04 2.332659102224843850e-01 1.000000000000000000e+00
-1.354999999999995097e-01 1.000000000000000048e-04 2.331468375798915194e-01 1.000000000000000000e+00
-1.347499999999994813e-01 1.000000000000000048e-04 2.330273586562512378e-01 1.000000000000000000e+00
-1.340000000000003411e-01 1.000000000000000048e-04 2.329074727858596316e-01 1.000000000000000000e+00
-1.332500000000003126e-01 1.000000000000000048e-04 2.327871793026397296e-01 1.000000000000000000e+00
-1.325000000000002842e-01 1.000000000000000048e-04 2.326664775401449392e-01 1.000000000000000000e+00
-1.317500000000002558e-01 1.000000000000000048e-04 2.325453668315600186e-01 1.000000000000000000e+00
-1.310000000000002274e-01 1.000000000000000048e-04 2.324238465097036577e-01 1.000000000000000000e+00
-1.302500000000001990e-01 1.000000000000000048e-04 2.323019159070303929e-01 1.000000000000000000e+00
-1.295000000000001705e-01 1.000000000000000048e-04 2.321795743556326064e-01 1.000000000000000000e+00
-1.287500000000001421e-01 1.000000000000000048e-04 2.320568211872428288e-01 1.000000000000000000e+00
-1.280000000000001137e-01 1.000000000000000048e-04 2.319336557332354887e-01 1.000000000000000000e+00
-1.272500000000000853e-01 1.000000000000000048e-04 2.318100773246294377e-01 1.000000000000000000e+00
-1.265000000000000568e-01 1.000000000000000048e-04 2.316860852920898106e-01 1.000000000000000000e+00
-1.257500000000000284e-01 1.000000000000000048e-04 2.315616789659299957e-01 1.000000000000000000e+00
-1.250000000000000000e-01 1.000000000000000048e-04 2.314368576761139940e-01 1.000000000000000000e+00
-1.242499999999999716e-01 1.000000000000000048e-04 2.313116207522586121e-01 1.000000000000000000e+00
-1.234999999999999432e-01 1.000000000000000048e-04 2.311859675236354050e-01 1.000000000000000000e+00
-1.227499999999999147e-01 1.000000000000000048e-04 2.310598973191727856e-01 1.000000000000000000e+00
-1.219999999999998863e-01 1.000000000000000048e-04 2.309334094674583004e-01 1.000000000000000000e+00
-1.212499999999998579e-01 1.000000000000000048e-04 2.308065032967408226e-01 1.000000000000000000e+00
-1.204999999999998295e-01 1.000000000000000048e-04 2.306791781349326331e-01 1.000000000000000000e+00
-1.197499999999998010e-01 1.000000000000000048e-04 2.305514333096115864e-01 1.000000000000000000e+00
-1.189999999999997726e-01 1.000000000000000048e-04 2.304232681480232470e-01 1.000000000000000000e+00
-1.182499999999997442e-01 1.000000000000000048e-04 2.302946819770833042e-01 1.000000000000000000e+00
-1.174999999999997158e-01 1.000000000000000048e-04 2.301656741233794601e-01 1.000000000000000000e+00
-1.167499999999996874e-01 1.000000000000000048e-04 2.300362439131738435e-01 1.000000000000000000e+00
-1.159999999999996589e-01 1.000000000000000048e-04 2.299063906724050921e-01 1.000000000000000000e+00
-1.152499999999996305e-01 1.000000000000000048e-04 2.297761137266906839e-01 1.000000000000000000e+00
-1.144999999999996021e-01 1.000000000000000048e-04 2.296454124013290188e-01 1.000000000000000000e+00
-1.137499999999995737e-01 1.000000000000000048e-04 2.295142860213018610e-01 1.000000000000000000e+00
-1.129999999999995453e-01 1.000000000000000048e-04 2.293827339112764763e-01 1.000000000000000000e+00
-1.122499999999995168e-01 1.000000000000000048e-04 2.292507553956075472e-01 1.000000000000000000e+00
-1.114999999999994884e-01 1.000000000000000048e-04 2.291183497983401152e-01 1.000000000000000000e+00
-1.107499999999994600e-01 1.000000000000000048e-04 2.289855164432110235e-01 1.000000000000000000e+00
-1.100000000000003197e-01 1.000000000000000048e-04 2.288522546536522762e-01 1.000000000000000000e+00
-1.092500000000002913e-01 1.000000000000000048e-04 2.287185637527917870e-01 1.000000000000000000e+00
-1.085000000000002629e-01 1.000000000000000048e-04 2.285844430634571545e-01 1.000000000000000000e+00
-1.077500000000002345e-01 1.000000000000000048e-04 2.284498919081770774e-01 1.000000000000000000e+00
-1.070000000000002061e-01 1.000000000000000048e-04 2.283149096091839914e-01 1.000000000000000000e+00
-1.062500000000001776e-01 1.000000000000000048e-04 2.281794954884162618e-01 1.000000000000000000e+00
-1.055000000000001492e-01 1.000000000000000048e-04 2.280436488675202933e-01 1.000000000000000000e+00
-1.047500000000001208e-01 1.000000000000000048e-04 2.279073690678533604e-01 1.000000000000000000e+00
-1.040000000000000924e-01 1.000000000000000048e-04 2.277706554104854675e-01 1.000000000000000000e+00
-1.032500000000000639e-01 1.000000000000000048e-04 2.276335072162018192e-01 1.000000000000000000e+00
-1.025000000000000355e-01 1.000000000000000048e-04 2.274959238055052346e-01 1.000000000000000000e+00
-1.017500000000000071e-01 1.000000000000000048e-04 2.273579044986184239e-01 1.000000000000000000e+00
-1.009999999999999787e-01 1.000000000000000048e-04 2.272194486154864024e-01 1.000000000000000000e+00
-1.002499999999999503e-01 1.000000000000000048e-04 2.270805554757787115e-01 1.000000000000000000e+00
-9.949999999999992184e-02 1.000000000000000048e-04 2.269412243988919442e-01 1.000000000000000000e+00
-9.874999999999989342e-02 1.000000000000000048e-04 2.268014547039520767e-01 1.000000000000000000e+00
-9.799999999999986500e-02 1.000000000000000048e-04 2.266612457098166333e-01 1.000000000000000000e+00
-9.724999999999983658e-02 1.000000000000000048e-04 2.265205967350776561e-01 1.000000000000000000e+00
-9.649999999999980815e-02 1.000000000000000048e-04 2.263795070980633428e-01 1.000000000000000000e+00
-9.574999999999977973e-02 1.000000000000000048e-04 2.262379761168410164e-01 1.000000000000000000e+00
-9.499999999999975131e-02 1.000000000000000048e-04 2.260960031092191236e-01 1.000000000000000000e+00
-9.424999999999972289e-02 1.000000000000000048e-04 2.259535873927502048e-01 1.000000000000000000e+00
-9.349999999999969447e-02 1.000000000000000048e-04 2.258107282847327257e-01 1.000000000000000000e+00
-9.274999999999966604e-02 1.000000000000000048e-04 2.256674251022139088e-01 1.000000000000000000e+00
-9.199999999999963762e-02 1.000000000000000048e-04 2.255236771619918978e-01 1.000000000000000000e+00
-9.124999999999960920e-02 1.000000000000000048e-04 2.253794837806183116e-01 1.000000000000000000e+00
-9.049999999999958078e-02 1.000000000000000048e-04 2.252348442744008805e-01 1.000000000000000000e+00
-8.974999999999955236e-02 1.000000000000000048e-04 2.250897579594056397e-01 1.000000000000000000e+00
-8.899999999999952394e-02 1.000000000000000048e-04 2.249442241514593710e-01 1.000000000000000000e+00
-8.824999999999949551e-02 1.000000000000000048e-04 2.247982421661526009e-01 1.000000000000000000e+00
-8.749999999999946709e-02 1.000000000000000048e-04 2.246518113188411547e-01 1.000000000000000000e+00
-8.675000000000032685e-02 1.000000000000000048e-04 2.245049309246497093e-01 1.000000000000000000e+00
-8.600000000000029843e-02 1.000000000000000048e-04 2.243576002984730144e-01 1.000000000000000000e+00
-8.525000000000027001e-02 1.000000000000000048e-04 2.242098187549798338e-01 1.000000000000000000e+00
-8.450000000000024158e-02 1.000000000000000048e-04 2.240615856086145274e-01 1.000000000000000000e+00
-8.375000000000021316e-02 1.000000000000000048e-04 2.239129001735994939e-01 1.000000000000000000e+00
-8.300000000000018474e-02 1.000000000000000048e-04 2.237637617639384457e-01 1.000000000000000000e+00
-8.225000000000015632e-02 1.000000000000000048e-04 2.236141696934181855e-01 1.000000000000000000e+00
-8.150000000000012790e-02 1.000000000000000048e-04 2.234641232756114093e-01 1.000000000000000000e+00
-8.075000000000009948e-02 1.000000000000000048e-04 2.233136218238793991e-01 1.000000000000000000e+00
-8.000000000000007105e-02 1.000000000000000048e-04 2.231626646513742429e-01 1.000000000000000000e+00
-7.925000000000004263e-02 1.000000000000000048e-04 2.230112510710419438e-01 1.000000000000000000e+00
-7.850000000000001421e-02 1.000000000000000048e-04 2.228593803956242791e-01 1.000000000000000000e+00
-7.774999999999998579e-02 1.000000000000000048e-04 2.227070519376617430e-01 1.000000000000000000e+00
-7.699999999999995737e-02 1.000000000000000048e-04 2.225542650094963493e-01 1.000000000000000000e+00
-7.624999999999992895e-02 1.000000000000000048e-04 2.224010189232736578e-01 1.000000000000000000e+00
-7.549999999999990052e-02 1.000000000000000048e-04 2.222473129909459666e-01 1.000000000000000000e+00
-7.474999999999987210e-02 1.000000000000000048e-04 2.220931465242742819e-01 1.000000000000000000e+00
-7.399999999999984368e-02 1.000000000000000048e-04 2.219385188348314275e-01 1.000000000000000000e+00
-7.324999999999981526e-02 1.000000000000000048e-04 2.217834292340045699e-01 1.000000000000000000e+00
-7.249999999999978684e-02 1.000000000000000048e-04 2.216278770329975500e-01 1.000000000000000000e+00
-7.174999999999975842e-02 1.000000000000000048e-04 2.214718615428337145e-01 1.000000000000000000e+00
-7.099999999999972999e-02 1.000000000000000048e-04 2.213153820743586353e-01 1.000000000000000000e+00
-7.024999999999970157e-02 1.000000000000000048e-04 2.211584379382425247e-01 1.000000000000000000e+00
-6.949999999999967315e-02 1.000000000000000048e-04 2.210010284449830387e-01 1.000000000000000000e+00
-6.874999999999964473e-02 1.000000000000000048e-04 2.208431529049079134e-01 1.000000000000000000e+00
-6.799999999999961631e-02 1.000000000000000048e-04 2.206848106281775745e-01 1.000000000000000000e+00
-6.724999999999958789e-02 1.000000000000000048e-04 2.205260009247876907e-01 1.000000000000000000e+00
-6.649999999999955946e-02 1.000000000000000048e-04 2.203667231045720598e-01 1.000000000000000000e+00
-6.574999999999953104e-02 1.000000000000000048e-04 2.202069764772052185e-01 1.000000000000000000e+00
-6.499999999999950262e-02 1.000000000000000048e-04 2.200467603522050508e-01 1.000000000000000000e+00
-6.424999999999947420e-02 1.000000000000000048e-04 2.198860740389355084e-01 1.000000000000000000e+00
-6.350000000000033396e-02 1.000000000000000048e-04 2.197249168466094693e-01 1.000000000000000000e+00
-6.275000000000030553e-02 1.000000000000000048e-04 2.195632880842908474e-01 1.000000000000000000e+00
-6.200000000000027711e-02 1.000000000000000048e-04 2.194011870608982007e-01 1.000000000000000000e+00
-6.125000000000024869e-02 1.000000000000000048e-04 2.192386130852067572e-01 1.000000000000000000e+00
-6.050000000000022027e-02 1.000000000000000048e-04 2.190755654658516072e-01 1.000000000000000000e+00
-5.975000000000019185e-02 1.000000000000000048e-04 2.189120435113297569e-01 1.000000000000000000e+00
-5.900000000000016342e-02 1.000000000000000048e-04 2.187480465300037924e-01 1.000000000000000000e+00
-5.825000000000013500e-02 1.000000000000000048e-04 2.185835738301036280e-01 1.000000000000000000e+00
-5.750000000000010658e-02 1.000000000000000048e-04 2.184186247197302255e-01 1.000000000000000000e+00
-5.675000000000007816e-02 1.000000000000000048e-04 2.182531985068574820e-01 1.000000000000000000e+00
-5.600000000000004974e-02 1.000000000000000048e-04 2.180872944993355877e-01 1.000000000000000000e+00
-5.525000000000002132e-02 1.000000000000000048e-04 2.179209120048935522e-01 1.000000000000000000e+00
-5.449999999999999289e-02 1.000000000000000048e-04 2.177540503311418962e-01 1.000000000000000000e+00
-5.374999999999996447e-02 1.000000000000000048e-04 2.175867087855757609e-01 1.000000000000000000e+00
-5.299999999999993605e-02 1.000000000000000048e-04 2.174188866755770999e-01 1.000000000000000000e+00
-5.224999999999990763e-02 1.000000000000000048e-04 2.172505833084181770e-01 1.000000000000000000e+00
-5.149999999999987921e-02 1.000000000000000048e-04 2.170817979912639806e-01 1.000000000000000000e+00
-5.074999999999985079e-02 1.000000000000000048e-04 2.169125300311748050e-01 1.000000000000000000e+00
-4.999999999999982236e-02 1.000000000000000048e-04 2.167427787351097479e-01 1.000000000000000000e+00
-4.924999999999979394e-02 1.000000000000000048e-04 2.165725434099287083e-01 1.000000000000000000e+00
-4.849999999999976552e-02 1.000000000000000048e-04 2.164018233623956622e-01 1.000000000000000000e+00
-4.774999999999973710e-02 1.000000000000000048e-04 2.162306178991818262e-01 1.000000000000000000e+00
-4.699999999999970868e-02 1.000000000000000048e-04 2.160589263268676008e-01 1.000000000000000000e+00
-4.624999999999968026e-02 1.000000000000000048e-04 2.158867479519460952e-01 1.000000000000000000e+00
-4.549999999999965183e-02 1.000000000000000048e-04 2.157140820808259030e-01 1.000000000000000000e+00
-4.474999999999962341e-02 1.000000000000000048e-04 2.155409280198336830e-01 1.000000000000000000e+00
-4.399999999999959499e-02 1.000000000000000048e-04 2.153672850752171297e-01 1.000000000000000000e+00
-4.324999999999956657e-02 1.000000000000000048e-04 2.151931525531480538e-01 1.000000000000000000e+00
-4.249999999999953815e-02 1.000000000000000048e-04 2.150185297597249079e-01 1.000000000000000000e+00
-4.174999999999950973e-02 1.000000000000000048e-04 2.148434160009758953e-01 1.000000000000000000e+00
-4.099999999999948130e-02 1.000000000000000048e-04 2.146678105828618566e-01 1.000000000000000000e+00
-4.024999999999945288e-02 1.000000000000000048e-04 2.144917128112788784e-01 1.000000000000000000e+00
-3.950000000000031264e-02 1.000000000000000048e-04 2.143151219920618467e-01 1.000000000000000000e+00
-3.875000000000028422e-02 1.000000000000000048e-04 2.141380374309860557e-01 1.000000000000000000e+00
-3.800000000000025580e-02 1.000000000000000048e-04 2.139604584337716775e-01 1.000000000000000000e+00
-3.725000000000022737e-02 1.000000000000000048e-04 2.137823843060857598e-01 1.000000000000000000e+00
-3.650000000000019895e-02 1.000000000000000048e-04 2.136038143535452793e-01 1.000000000000000000e+00
-3.575000000000017053e-02 1.000000000000000048e-04 2.134247478817201671e-01 1.000000000000000000e+00
-3.500000000000014211e-02 1.000000000000000048e-04 2.132451841961360284e-01 1.000000000000000000e+00
-3.425000000000011369e-02 1.000000000000000048e-04 2.130651226022773348e-01 1.000000000000000000e+00
-3.350000000000008527e-02 1.000000000000000048e-04 2.128845624055903940e-01 1.000000000000000000e+00
-3.275000000000005684e-02 1.000000000000000048e-04 2.127035029114859033e-01 1.000000000000000000e+00
-3.200000000000002842e-02 1.000000000000000048e-04 2.125219434253423356e-01 1.000000000000000000e+00
-3.125000000000000000e-02 1.000000000000000048e-04 2.123398832525084379e-01 1.000000000000000000e+00
-3.049999999999997158e-02 1.000000000000000048e-04 2.121573216983069499e-01 1.000000000000000000e+00
-2.974999999999994316e-02 1.000000000000000048e-04 2.119742580680367972e-01 1.000000000000000000e+00
-2.899999999999991473e-02 1.000000000000000048e-04 2.117906916669761719e-01 1.000000000000000000e+00
-2.824999999999988631e-02 1.000000000000000048e-04 2.116066218003861410e-01 1.000000000000000000e+00
-2.749999999999985789e-02 1.000000000000000048e-04 2.114220477735128112e-01 1.000000000000000000e+00
-2.674999999999982947e-02 1.000000000000000048e-04 2.112369688915907706e-01 1.000000000000000000e+00
-2.599999999999980105e-02 1.000000000000000048e-04 2.110513844598463085e-01 1.000000000000000000e+00
-2.524999999999977263e-02 1.000000000000000048e-04 2.108652937834996632e-01 1.000000000000000000e+00
-2.449999999999974420e-02 1.000000000000000048e-04 2.106786961677687142e-01 1.000000000000000000e+00
-2.374999999999971578e-02 1.000000000000000048e-04 2.104915909178718403e-01 1.000000000000000000e+00
-2.299999999999968736e-02 1.000000000000000048e-04 2.103039773390306399e-01 1.000000000000000000e+00
-2.224999999999965894e-02 1.000000000000000048e-04 2.101158547364733176e-01 1.000000000000000000e+00
-2.149999999999963052e-02 1.000000000000000048e-04 2.099272224154374866e-01 1.000000000000000000e+00
-2.074999999999960210e-02 1.000000000000000048e-04 2.097380796811733061e-01 1.000000000000000000e+00
-1.999999999999957367e-02 1.000000000000000048e-04 2.095484258389464505e-01 1.000000000000000000e+00
-1.924999999999954525e-02 1.000000000000000048e-04 2.093582601940410515e-01 1.000000000000000000e+00
-1.849999999999951683e-02 1.000000000000000048e-04 2.091675820517633344e-01 1.000000000000000000e+00
-1.774999999999948841e-02 1.000000000000000048e-04 2.089763907174437552e-01 1.000000000000000000e+00
-1.699999999999945999e-02 1.000000000000000048e-04 2.087846854964406640e-01 1.000000000000000000e+00
-1.625000000000031974e-02 1.000000000000000048e-04 2.085924656941434141e-01 1.000000000000000000e+00
-1.550000000000029132e-02 1.000000000000000048e-04 2.083997306159746932e-01 1.000000000000000000e+00
-1.475000000000026290e-02 1.000000000000000048e-04 2.082064795673946311e-01 1.000000000000000000e+00
-1.400000000000023448e-02 1.000000000000000048e-04 2.080127118539034370e-01 1.000000000000000000e+00
-1.325000000000020606e-02 1.000000000000000048e-04 2.078184267810440911e-01 1.000000000000000000e+00
-1.250000000000017764e-02 1.000000000000000048e-04 2.076236236544059810e-01 1.000000000000000000e+00
-1.175000000000014921e-02 1.000000000000000048e-04 2.074283017796277051e-01 1.000000000000000000e+00
-1.100000000000012079e-02 1.000000000000000048e-04 2.072324604624003752e-01 1.000000000000000000e+00
-1.025000000000009237e-02 1.000000000000000048e-04 2.070360990084705310e-01 1.000000000000000000e+00
-9.500000000000063949e-03 1.000000000000000048e-04 2.068392167236430823e-01 1.000000000000000000e+00
-8.750000000000035527e-03 1.000000000000000048e-04 2.066418129137851389e-01 1.000000000000000000e+00
-8.000000000000007105e-03 1.000000000000000048e-04 2.064438868848282316e-01 1.000000000000000000e+00
-7.249999999999978684e-03 1.000000000000000048e-04 2.062454379427719198e-01 1.000000000000000000e+00
-6.499999999999950262e-03 1.000000000000000048e-04 2.060464653936869284e-01 1.000000000000000000e+00
-5.749999999999921840e-03 1.000000000000000048e-04 2.058469685437182284e-01 1.000000000000000000e+00
-4.999999999999893419e-03 1.000000000000000048e-04 2.056469466990879513e-01 1.000000000000000000e+00
-4.249999999999864997e-03 1.000000000000000048e-04 2.054463991660988309e-01 1.000000000000000000e+00
-3.499999999999836575e-03 1.000000000000000048e-04 2.052453252511372284e-01 1.000000000000000000e+00
-2.749999999999808153e-03 1.000000000000000048e-04 2.050437242606762966e-01 1.000000000000000000e+00
-1.999999999999779732e-03 1.000000000000000048e-04 2.048415955012789780e-01 1.000000000000000000e+00
-1.249999999999751310e-03 1.000000000000000048e-04 2.046389382796015843e-01 1.000000000000000000e+00
-4.999999999997228883e-04 1.000000000000000048e-04 2.044357519023963510e-01 1.000000000000000000e+00
2.500000000003055334e-04 1.000000000000000048e-04 2.042320356765150169e-01 1.000000000000000000e+00
1.000000000000333955e-03 1.000000000000000048e-04 2.040277889089121000e-01 1.000000000000000000e+00
1.750000000000362377e-03 1.000000000000000048e-04 2.038230109066477558e-01 1.000000000000000000e+00
2.500000000000390799e-03 1.000000000000000048e-04 2.036177009768909973e-01 1.000000000000000000e+00
3.250000000000419220e-03 1.000000000000000048e-04 2.034118584269229979e-01 1.000000000000000000e+00
4.000000000000447642e-03 1.000000000000000048e-04 2.032054825641404772e-01 1.000000000000000000e+00
4.750000000000476064e-03 1.000000000000000048e-04 2.029985726960582548e-01 1.000000000000000000e+00
5.500000000000504485e-03 1.000000000000000048e-04 2.027911281303132474e-01 1.000000000000000000e+00
6.250000000000532907e-03 1.000000000000000048e-04 2.025831481746670770e-01 1.000000000000000000e+00
6.999999999999673150e-03 1.000000000000000048e-04 2.023746321370096246e-01 1.000000000000000000e+00
7.749999999999701572e-03 1.000000000000000048e-04 2.021655793253616107e-01 1.000000000000000000e+00
8.499999999999729994e-03 1.000000000000000048e-04 2.019559890478787867e-01 1.000000000000000000e+00
9.249999999999758415e-03 1.000000000000000048e-04 2.017458606128546272e-01 1.000000000000000000e+00
9.999999999999786837e-03 1.000000000000000048e-04 2.015351933287233555e-01 1.000000000000000000e+00
1.074999999999981526e-02 1.000000000000000048e-04 2.013239865040636067e-01 1.000000000000000000e+00
1.149999999999984368e-02 1.000000000000000048e-04 2.011122394476012598e-01 1.000000000000000000e+00
1.224999999999987210e-02 1.000000000000000048e-04 2.008999514682129894e-01 1.000000000000000000e+00
1.299999999999990052e-02 1.000000000000000048e-04 2.006871218749292085e-01 1.000000000000000000e+00
1.374999999999992895e-02 1.000000000000000048e-04 2.004737499769376763e-01 1.000000000000000000e+00
1.449999999999995737e-02 1.000000000000000048e-04 2.002598350835861907e-01 1.000000000000000000e+00
1.524999999999998579e-02 1.000000000000000048e-04 2.000453765043865850e-01 1.000000000000000000e+00
1.600000000000001421e-02 1.000000000000000048e-04 1.998303735490174482e-01 1.000000000000000000e+00
1.675000000000004263e-02 1.000000000000000048e-04 1.996148255273272332e-01 1.000000000000000000e+00
1.750000000000007105e-02 1.000000000000000048e-04 1.993987317493381428e-01 1.000000000000000000e+00
1.825000000000009948e-02 1.000000000000000048e-04 1.991820915252487112e-01 1.000000000000000000e+00
1.900000000000012790e-02 1.000000000000000048e-04 1.989649041654377448e-01 1.000000000000000000e+00
1.975000000000015632e-02 1.000000000000000048e-04 1.987471689804669317e-01 1.000000000000000000e+00
2.050000000000018474e-02 1.000000000000000048e-04 1.985288852810845883e-01 1.000000000000000000e+00
2.125000000000021316e-02 1.000000000000000048e-04 1.983100523782287128e-01 1.000000000000000000e+00
2.200000000000024158e-02 1.000000000000000048e-04 1.980906695830303432e-01 1.000000000000000000e+00
2.275000000000027001e-02 1.000000000000000048e-04 1.978707362068168329e-01 1.000000000000000000e+00
2.350000000000029843e-02 1.000000000000000048e-04 1.976502515611150701e-01 1.000000000000000000e+00
2.425000000000032685e-02 1.000000000000000048e-04 1.974292149576548361e-01 1.000000000000000000e+00
2.500000000000035527e-02 1.000000000000000048e-04 1.972076257083721362e-01 1.000000000000000000e+00
2.575000000000038369e-02 1.000000000000000048e-04 1.969854831254125027e-01 1.000000000000000000e+00
2.650000000000041211e-02 1.000000000000000048e-04 1.967627865211338811e-01 1.000000000000000000e+00
2.725000000000044054e-02 1.000000000000000048e-04 1.965395352081107938e-01 1.000000000000000000e+00
2.800000000000046896e-02 1.000000000000000048e-04 1.963157284991368656e-01 1.000000000000000000e+00
2.875000000000049738e-02 1.000000000000000048e-04 1.960913657072281546e-01 1.000000000000000000e+00
2.950000000000052580e-02 1.000000000000000048e-04 1.958664461456273709e-01 1.000000000000000000e+00
3.024999999999966604e-02 1.000000000000000048e-04 1.956409691278060969e-01 1.000000000000000000e+00
3.099999999999969447e-02 1.000000000000000048e-04 1.954149339674681463e-01 1.000000000000000000e+00
3.174999999999972289e-02 1.000000000000000048e-04 1.951883399785541429e-01 1.000000000000000000e+00
3.249999999999975131e-02 1.000000000000000048e-04 1.949611864752433255e-01 1.000000000000000000e+00
3.324999999999977973e-02 1.000000000000000048e-04 1.947334727719578773e-01 1.000000000000000000e+00
3.399999999999980815e-02 1.000000000000000048e-04 1.945051981833658405e-01 1.000000000000000000e+00
3.474999999999983658e-02 1.000000000000000048e-04 1.942763620243843081e-01 1.000000000000000000e+00
3.549999999999986500e-02 1.000000000000000048e-04 1.940469636101832818e-01 1.000000000000000000e+00
3.624999999999989342e-02 1.000000000000000048e-04 1.938170022561883921e-01 1.000000000000000000e+00
3.699999999999992184e-02 1.000000000000000048e-04 1.935864772780847565e-01 1.000000000000000000e+00
3.774999999999995026e-02 1.000000000000000048e-04 1.933553879918198659e-01 1.000000000000000000e+00
3.849999999999997868e-02 1.000000000000000048e-04 1.931237337136075816e-01 1.000000000000000000e+00
3.925000000000000711e-02 1.000000000000000048e-04 1.928915137599304941e-01 1.000000000000000000e+00
4.000000000000003553e-02 1.000000000000000048e-04 1.926587274475443090e-01 1.000000000000000000e+00
4.075000000000006395e-02 1.000000000000000048e-04 1.924253740934804835e-01 1.000000000000000000e+00
4.150000000000009237e-02 1.000000000000000048e-04 1.921914530150499734e-01 1.000000000000000000e+00
4.225000000000012079e-02 1.000000000000000048e-04 1.919569635298462862e-01 1.000000000000000000e+00
4.300000000000014921e-02 1.000000000000000048e-04 1.917219049557491450e-01 1.000000000000000000e+00
4.375000000000017764e-02 1.000000000000000048e-04 1.914862766109277081e-01 1.000000000000000000e+00
4.450000000000020606e-02 1.000000000000000048e-04 1.912500778138438162e-01 1.000000000000000000e+00
4.525000000000023448e-02 1.000000000000000048e-04 1.910133078832554898e-01 1.000000000000000000e+00
4.600000000000026290e-02 1.000000000000000048e-04 1.907759661382203709e-01 1.000000000000000000e+00
4.675000000000029132e-02 1.000000000000000048e-04 1.905380518980988314e-01 1.000000000000000000e+00
4.750000000000031974e-02 1.000000000000000048e-04 1.902995644825577759e-01 1.000000000000000000e+00
4.825000000000034817e-02 1.000000000000000048e-04 1.900605032115734172e-01 1.000000000000000000e+00
4.900000000000037659e-02 1.000000000000000048e-04 1.898208674054351619e-01 1.000000000000000000e+00
4.975000000000040501e-02 1.000000000000000048e-04 1.895806563847489412e-01 1.000000000000000000e+00
5.050000000000043343e-02 1.000000000000000048e-04 1.893398694704402918e-01 1.000000000000000000e+00
5.125000000000046185e-02 1.000000000000000048e-04 1.890985059837577420e-01 1.000000000000000000e+00
5.200000000000049027e-02 1.000000000000000048e-04 1.888565652462767253e-01 1.000000000000000000e+00
5.275000000000051870e-02 1.000000000000000048e-04 1.886140465799023558e-01 1.000000000000000000e+00
5.350000000000054712e-02 1.000000000000000048e-04 1.883709493068730922e-01 1.000000000000000000e+00
5.424999999999968736e-02 1.000000000000000048e-04 1.881272727497644570e-01 1.000000000000000000e+00
5.499999999999971578e-02 1.000000000000000048e-04 1.878830162314910346e-01 1.000000000000000000e+00
5.574999999999974420e-02 1.000000000000000048e-04 1.876381790753118839e-01 1.000000000000000000e+00
5.649999999999977263e-02 1.000000000000000048e-04 1.873927606048326477e-01 1.000000000000000000e+00
5.724999999999980105e-02 1.000000000000000048e-04 1.871467601440091055e-01 1.000000000000000000e+00
5.799999999999982947e-02 1.000000000000000048e-04 1.869001770171506982e-01 1.000000000000000000e+00
5.874999999999985789e-02 1.000000000000000048e-04 1.866530105489240809e-01 1.000000000000000000e+00
5.949999999999988631e-02 1.000000000000000048e-04 1.864052600643562319e-01 1.000000000000000000e+00
6.024999999999991473e-02 1.000000000000000048e-04 1.861569248888379768e-01 1.000000000000000000e+00
6.099999999999994316e-02 1.000000000000000048e-04 1.859080043481274314e-01 1.000000000000000000e+00
6.174999999999997158e-02 1.000000000000000048e-04 1.856584977683532478e-01 1.000000000000000000e+00
6.250000000000000000e-02 1.000000000000000048e-04 1.854084044760184180e-01 1.000000000000000000e+00
6.325000000000002842e-02 1.000000000000000048e-04 1.851577237980029378e-01 1.000000000000000000e+00
6.400000000000005684e-02 1.000000000000000048e-04 1.849064550615680258e-01 1.000000000000000000e+00
6.475000000000008527e-02 1.000000000000000048e-04 1.846545975943591766e-01 1.000000000000000000e+00
6.550000000000011369e-02 1.000000000000000048e-04 1.844021507244091584e-01 1.000000000000000000e+00
6.625000000000014211e-02 1.000000000000000048e-04 1.841491137801422040e-01 1.000000000000000000e+00
6.700000000000017053e-02 1.000000000000000048e-04 1.838954860903769806e-01 1.000000000000000000e+00
6.775000000000019895e-02 1.000000000000000048e-04 1.836412669843298928e-01 1.000000000000000000e+00
6.850000000000022737e-02 1.000000000000000048e-04 1.833864557916187743e-01 1.000000000000000000e+00
6.925000000000025580e-02 1.000000000000000048e-04 1.831310518422659683e-01 1.000000000000000000e+00
7.000000000000028422e-02 1.000000000000000048e-04 1.828750544667023525e-01 1.000000000000000000e+00
7.075000000000031264e-02 1.000000000000000048e-04 1.826184629957699479e-01 1.000000000000000000e+00
7.150000000000034106e-02 1.000000000000000048e-04 1.823612767607258600e-01 1.000000000000000000e+00
7.225000000000036948e-02 1.000000000000000048e-04 1.821034950932456375e-01 1.000000000000000000e+00
7.300000000000039790e-02 1.000000000000000048e-04 1.818451173254263253e-01 1.000000000000000000e+00
7.375000000000042633e-02 1.000000000000000048e-04 1.815861427897905445e-01 1.000000000000000000e+00
7.450000000000045475e-02 1.000000000000000048e-04 1.813265708192892955e-01 1.000000000000000000e+00
7.525000000000048317e-02 1.000000000000000048e-04 1.810664007473056780e-01 1.000000000000000000e+00
7.600000000000051159e-02 1.000000000000000048e-04 1.808056319076580265e-01 1.000000000000000000e+00
7.675000000000054001e-02 1.000000000000000048e-04 1.805442636346035468e-01 1.000000000000000000e+00
7.749999999999968026e-02 1.000000000000000048e-04 1.802822952628424236e-01 1.000000000000000000e+00
7.824999999999970868e-02 1.000000000000000048e-04 1.800197261275189586e-01 1.000000000000000000e+00
7.899999999999973710e-02 1.000000000000000048e-04 1.797565555642280932e-01 1.000000000000000000e+00
7.974999999999976552e-02 1.000000000000000048e-04 1.794927829090164073e-01 1.000000000000000000e+00
8.049999999999979394e-02 1.000000000000000048e-04 1.792284074983865882e-01 1.000000000000000000e+00
8.124999999999982236e-02 1.000000000000000048e-04 1.789634286693009280e-01 1.000000000000000000e+00
8.199999999999985079e-02 1.000000000000000048e-04 1.786978457591842373e-01 1.000000000000000000e+00
8.274999999999987921e-02 1.000000000000000048e-04 1.784316581059272877e-01 1.000000000000000000e+00
8.349999999999990763e-02 1.000000000000000048e-04 1.781648650478907803e-01 1.000000000000000000e+00
8.424999999999993605e-02 1.000000000000000048e-04 1.778974659239080658e-01 1.000000000000000000e+00
8.499999999999996447e-02 1.000000000000000048e-04 1.776294600732892248e-01 1.000000000000000000e+00
8.574999999999999289e-02 1.000000000000000048e-04 1.773608468358239265e-01 1.000000000000000000e+00
8.650000000000002132e-02 1.000000000000000048e-04 1.770916255517851479e-01 1.000000000000000000e+00
8.725000000000004974e-02 1.000000000000000048e-04 1.768217955619324766e-01 1.000000000000000000e+00
8.800000000000007816e-02 1.000000000000000048e-04 1.765513562075155807e-01 1.000000000000000000e+00
8.875000000000010658e-02 1.000000000000000048e-04 1.762803068302774556e-01 1.000000000000000000e+00
8.950000000000013500e-02 1.000000000000000048e-04 1.760086467724581438e-01 1.000000000000000000e+00
9.025000000000016342e-02 1.000000000000000048e-04 1.757363753767979264e-01 1.000000000000000000e+00
9.100000000000019185e-02 1.000000000000000048e-04 1.754634919865406262e-01 1.000000000000000000e+00
9.175000000000022027e-02 1.000000000000000048e-04 1.751899959454373823e-01 1.000000000000000000e+00
9.250000000000024869e-02 1.000000000000000048e-04 1.749158865977496202e-01 1.000000000000000000e+00
9.325000000000027711e-02 1.000000000000000048e-04 1.746411632882527709e-01 1.000000000000000000e+00
9.400000000000030553e-02 1.000000000000000048e-04 1.743658253622396292e-01 1.000000000000000000e+00
9.475000000000033396e-02 1.000000000000000048e-04 1.740898721655235737e-01 1.000000000000000000e+00
9.550000000000036238e-02 1.000000000000000048e-04 1.738133030444422300e-01 1.000000000000000000e+00
9.625000000000039080e-02 1.000000000000000048e-04 1.735361173458606354e-01 1.000000000000000000e+00
9.700000000000041922e-02 1.000000000000000048e-04 1.732583144171748746e-01 1.000000000000000000e+00
9.775000000000044764e-02 1.000000000000000048e-04 1.729798936063151327e-01 1.000000000000000000e+00
9.850000000000047606e-02 1.000000000000000048e-04 1.727008542617496645e-01 1.000000000000000000e+00
9.925000000000050449e-02 1.000000000000000048e-04 1.724211957324873479e-01 1.000000000000000000e+00
1.000000000000005329e-01 1.000000000000000048e-04 1.721409173680820970e-01 1.000000000000000000e+00
1.007499999999996732e-01 1.000000000000000048e-04 1.718600185186356100e-01 1.000000000000000000e+00
1.014999999999997016e-01 1.000000000000000048e-04 1.715784985348002278e-01 1.000000000000000000e+00
1.022499999999997300e-01 1.000000000000000048e-04 1.712963567677837085e-01 1.000000000000000000e+00
1.029999999999997584e-01 1.000000000000000048e-04 1.710135925693518077e-01 1.000000000000000000e+00
1.037499999999997868e-01 1.000000000000000048e-04 1.707302052918314716e-01 1.000000000000000000e+00
1.044999999999998153e-01 1.000000000000000048e-04 1.704461942881147218e-01 1.000000000000000000e+00
1.052499999999998437e-01 1.000000000000000048e-04 1.701615589116617089e-01 1.000000000000000000e+00
1.059999999999998721e-01 1.000000000000000048e-04 1.698762985165041539e-01 1.000000000000000000e+00
1.067499999999999005e-01 1.000000000000000048e-04 1.695904124572487348e-01 1.000000000000000000e+00
1.074999999999999289e-01 1.000000000000000048e-04 1.693039000890808055e-01 1.000000000000000000e+00
1.082499999999999574e-01 1.000000000000000048e-04 1.690167607677671435e-01 1.000000000000000000e+00
1.089999999999999858e-01 1.000000000000000048e-04 1.687289938496595865e-01 1.000000000000000000e+00
1.097500000000000142e-01 1.000000000000000048e-04 1.684405986916988895e-01 1.000000000000000000e+00
1.105000000000000426e-01 1.000000000000000048e-04 1.681515746514172793e-01 1.000000000000000000e+00
1.112500000000000711e-01 1.000000000000000048e-04 1.678619210869423950e-01 1.000000000000000000e+00
1.120000000000000995e-01 1.000000000000000048e-04 1.675716373570003137e-01 1.000000000000000000e+00
1.127500000000001279e-01 1.000000000000000048e-04 1.672807228209194086e-01 1.000000000000000000e+00
1.135000000000001563e-01 1.000000000000000048e-04 1.669891768386329578e-01 1.000000000000000000e+00
1.142500000000001847e-01 1.000000000000000048e-04 1.666969987706831136e-01 1.000000000000000000e+00
1.150000000000002132e-01 1.000000000000000048e-04 1.664041879782241495e-01 1.000000000000000000e+00
1.157500000000002416e-01 1.000000000000000048e-04 1.661107438230255140e-01 1.000000000000000000e+00
1.165000000000002700e-01 1.000000000000000048e-04 1.658166656674755768e-01 1.000000000000000000e+00
1.172500000000002984e-01 1.000000000000000048e-04 1.655219528745848490e-01 1.000000000000000000e+00
1.180000000000003268e-01 1.000000000000000048e-04 1.652266048079889249e-01 1.000000000000000000e+00
1.187500000000003553e-01 1.000000000000000048e-04 1.649306208319525624e-01 1.000000000000000000e+00
1.195000000000003837e-01 1.000000000000000048e-04 1.646340003113724026e-01 1.000000000000000000e+00
1.202500000000004121e-01 1.000000000000000048e-04 1.643367426117805508e-01 1.000000000000000000e+00
1.210000000000004405e-01 1.000000000000000048e-04 1.640388470993481285e-01 1.000000000000000000e+00
1.217500000000004690e-01 1.000000000000000048e-04 1.637403131408880497e-01 1.000000000000000000e+00
1.225000000000004974e-01 1.000000000000000048e-04 1.634411401038587119e-01 1.000000000000000000e+00
1.232500000000005258e-01 1.000000000000000048e-04 1.631413273563676325e-01 1.000000000000000000e+00
1.239999999999996660e-01 1.000000000000000048e-04 1.628408742671742793e-01 1.000000000000000000e+00
1.247499999999996945e-01 1.000000000000000048e-04 1.625397802056929020e-01 1.000000000000000000e+00
1.254999999999997229e-01 1.000000000000000048e-04 1.622380445419970840e-01 1.000000000000000000e+00
1.262499999999997513e-01 1.000000000000000048e-04 1.619356666468224903e-01 1.000000000000000000e+00
1.269999999999997797e-01 1.000000000000000048e-04 1.616326458915701147e-01 1.000000000000000000e+00
1.277499999999998082e-01 1.000000000000000048e-04 1.613289816483091943e-01 1.000000000000000000e+00
1.284999999999998366e-01 1.000000000000000048e-04 1.610246732897812338e-01 1.000000000000000000e+00
1.292499999999998650e-01 1.000000000000000048e-04 1.607197201894029204e-01 1.000000000000000000e+00
1.299999999999998934e-01 1.000000000000000048e-04 1.604141217212695369e-01 1.000000000000000000e+00
1.307499999999999218e-01 1.000000000000000048e-04 1.601078772601581268e-01 1.000000000000000000e+00
1.314999999999999503e-01 1.000000000000000048e-04 1.598009861815307686e-01 1.000000000000000000e+00
1.322499999999999787e-01 1.000000000000000048e-04 1.594934478615380458e-01 1.000000000000000000e+00
1.330000000000000071e-01 1.000000000000000048e-04 1.591852616770222384e-01 1.000000000000000000e+00
1.337500000000000355e-01 1.000000000000000048e-04 1.588764270055204597e-01 1.000000000000000000e+00
1.345000000000000639e-01 1.000000000000000048e-04 1.585669432252682642e-01 1.000000000000000000e+00
1.352500000000000924e-01 1.000000000000000048e-04 1.582568097152023401e-01 1.000000000000000000e+00
1.360000000000001208e-01 1.000000000000000048e-04 1.579460258549644502e-01 1.000000000000000000e+00
1.367500000000001492e-01 1.000000000000000048e-04 1.576345910249043192e-01 1.000000000000000000e+00
1.375000000000001776e-01 1.000000000000000048e-04 1.573225046060827415e-01 1.000000000000000000e+00
1.382500000000002061e-01 1.000000000000000048e-04 1.570097659802751067e-01 1.000000000000000000e+00
1.390000000000002345e-01 1.000000000000000048e-04 1.566963745299748134e-01 1.000000000000000000e+00
1.397500000000002629e-01 1.000000000000000048e-04 1.563823296383959338e-01 1.000000000000000000e+00
1.405000000000002913e-01 1.000000000000000048e-04 1.560676306894770438e-01 1.000000000000000000e+00
1.412500000000003197e-01 1.000000000000000048e-04 1.557522770678837487e-01 1.000000000000000000e+00
1.420000000000003482e-01 1.000000000000000048e-04 1.554362681590129303e-01 1.000000000000000000e+00
1.427500000000003766e-01 1.000000000000000048e-04 1.551196033489949389e-01 1.000000000000000000e+00
1.435000000000004050e-01 1.000000000000000048e-04 1.548022820246977016e-01 1.000000000000000000e+00
1.442500000000004334e-01 1.000000000000000048e-04 1.544843035737290260e-01 1.000000000000000000e+00
1.450000000000004619e-01 1.000000000000000048e-04 1.541656673844405689e-01 1.000000000000000000e+00
1.457500000000004903e-01 1.000000000000000048e-04 1.538463728459306679e-01 1.000000000000000000e+00
1.465000000000005187e-01 1.000000000000000048e-04 1.535264193480476991e-01 1.000000000000000000e+00
1.472500000000005471e-01 1.000000000000000048e-04 1.532058062813932142e-01 1.000000000000000000e+00
1.479999999999996874e-01 1.000000000000000048e-04 1.528845330373253819e-01 1.000000000000000000e+00
1.487499999999997158e-01 1.000000000000000048e-04 1.525625990079607641e-01 1.000000000000000000e+00
1.494999999999997442e-01 1.000000000000000048e-04 1.522400035861798950e-01 1.000000000000000000e+00
1.502499999999997726e-01 1.000000000000000048e-04 1.519167461656288354e-01 1.000000000000000000e+00
1.509999999999998010e-01 1.000000000000000048e-04 1.515928261407225863e-01 1.000000000000000000e+00
1.517499999999998295e-01 1.000000000000000048e-04 1.512682429066483925e-01 1.000000000000000000e+00
1.524999999999998579e-01 1.000000000000000048e-04 1.509429958593690446e-01 1.000000000000000000e+00
1.532499999999998863e-01 1.000000000000000048e-04 1.506170843956254890e-01 1.000000000000000000e+00
1.539999999999999147e-01 1.000000000000000048e-04 1.502905079129407129e-01 1.000000000000000000e+00
1.547499999999999432e-01 1.000000000000000048e-04 1.499632658096224924e-01 1.000000000000000000e+00
1.554999999999999716e-01 1.000000000000000048e-04 1.496353574847663903e-01 1.000000000000000000e+00
1.562500000000000000e-01 1.000000000000000048e-04 1.493067823382591697e-01 1.000000000000000000e+00
1.570000000000000284e-01 1.000000000000000048e-04 1.489775397707816251e-01 1.000000000000000000e+00
1.577500000000000568e-01 1.000000000000000048e-04 1.486476291838122743e-01 1.000000000000000000e+00
1.585000000000000853e-01 1.000000000000000048e-04 1.483170499796297170e-01 1.000000000000000000e+00
1.592500000000001137e-01 1.000000000000000048e-04 1.479858015613162436e-01 1.000000000000000000e+00
1.600000000000001421e-01 1.000000000000000048e-04 1.476538833327606381e-01 1.000000000000000000e+00
1.607500000000001705e-01 1.000000000000000048e-04 1.473212946986618421e-01 1.000000000000000000e+00
1.615000000000001990e-01 1.000000000000000048e-04 1.469880350645312028e-01 1.000000000000000000e+00
1.622500000000002274e-01 1.000000000000000048e-04 1.466541038366959981e-01 1.000000000000000000e+00
1.630000000000002558e-01 1.000000000000000048e-04 1.463195004223029061e-01 1.000000000000000000e+00
1.637500000000002842e-01 1.000000000000000048e-04 1.459842242293203363e-01 1.000000000000000000e+00
1.645000000000003126e-01 1.000000000000000048e-04 1.456482746665417605e-01 1.000000000000000000e+00
1.652500000000003411e-01 1.000000000000000048e-04 1.453116511435890434e-01 1.000000000000000000e+00
1.660000000000003695e-01 1.000000000000000048e-04 1.449743530709153849e-01 1.000000000000000000e+00
1.667500000000003979e-01 1.000000000000000048e-04 1.446363798598076789e-01 1.000000000000000000e+00
1.675000000000004263e-01 1.000000000000000048e-04 1.442977309223909543e-01 1.000000000000000000e+00
1.682500000000004547e-01 1.000000000000000048e-04 1.439584056716300131e-01 1.000000000000000000e+00
1.690000000000004832e-01 1.000000000000000048e-04 1.436184035213332044e-01 1.000000000000000000e+00
1.697500000000005116e-01 1.000000000000000048e-04 1.432777238861553948e-01 1.000000000000000000e+00
1.705000000000005400e-01 1.000000000000000048e-04 1.429363661816004383e-01 1.000000000000000000e+00
1.712499999999996803e-01 1.000000000000000048e-04 1.425943298240256729e-01 1.000000000000000000e+00
1.719999999999997087e-01 1.000000000000000048e-04 1.422516142306419762e-01 1.000000000000000000e+00
1.727499999999997371e-01 1.000000000000000048e-04 1.419082188195201211e-01 1.000000000000000000e+00
1.734999999999997655e-01 1.000000000000000048e-04 1.415641430095920250e-01 1.000000000000000000e+00
1.742499999999997939e-01 1.000000000000000048e-04 1.412193862206536643e-01 1.000000000000000000e+00
1.749999999999998224e-01 1.000000000000000048e-04 1.408739478733683770e-01 1.000000000000000000e+00
1.757499999999998508e-01 1.000000000000000048e-04 1.405278273892698049e-01 1.000000000000000000e+00
1.764999999999998792e-01 1.000000000000000048e-04 1.401810241907651411e-01 1.000000000000000000e+00
1.772499999999999076e-01 1.000000000000000048e-04 1.398335377011373504e-01 1.000000000000000000e+00
1.779999999999999361e-01 1.000000000000000048e-04 1.394853673445485553e-01 1.000000000000000000e+00
1.787499999999999645e-01 1.000000000000000048e-04 1.391365125460432561e-01 1.000000000000000000e+00
1.794999999999999929e-01 1.000000000000000048e-04 1.387869727315505231e-01 1.000000000000000000e+00
1.802500000000000213e-01 1.000000000000000048e-04 1.384367473278877991e-01 1.000000000000000000e+00
1.810000000000000497e-01 1.000000000000000048e-04 1.380858357627627875e-01 1.000000000000000000e+00
1.817500000000000782e-01 1.000000000000000048e-04 1.377342374647773926e-01 1.000000000000000000e+00
1.825000000000001066e-01 1.000000000000000048e-04 1.373819518634297465e-01 1.000000000000000000e+00
1.832500000000001350e-01 1.000000000000000048e-04 1.370289783891177893e-01 1.000000000000000000e+00
1.840000000000001634e-01 1.000000000000000048e-04 1.366753164731416836e-01 1.000000000000000000e+00
1.847500000000001918e-01 1.000000000000000048e-04 1.363209655477067017e-01 1.000000000000000000e+00
1.855000000000002203e-01 1.000000000000000048e-04 1.359659250459264446e-01 1.000000000000000000e+00
1.862500000000002487e-01 1.000000000000000048e-04 1.356101944018252292e-01 1.000000000000000000e+00
1.870000000000002771e-01 1.000000000000000048e-04 1.352537730503415303e-01 1.000000000000000000e+00
1.877500000000003055e-01 1.000000000000000048e-04 1.348966604273300340e-01 1.000000000000000000e+00
1.885000000000003340e-01 1.000000000000000048e-04 1.345388559695651076e-01 1.000000000000000000e+00
1.892500000000003624e-01 1.000000000000000048e-04 1.341803591147434638e-01 1.000000000000000000e+00
1.900000000000003908e-01 1.000000000000000048e-04 1.338211693014869641e-01 1.000000000000000000e+00
1.907500000000004192e-01 1.000000000000000048e-04 1.334612859693450060e-01 1.000000000000000000e+00
1.915000000000004476e-01 1.000000000000000048e-04 1.331007085587981309e-01 1.000000000000000000e+00
1.922500000000004761e-01 1.000000000000000048e-04 1.327394365112601615e-01 1.000000000000000000e+00
1.930000000000005045e-01 1.000000000000000048e-04 1.323774692690811716e-01 1.000000000000000000e+00
1.937500000000005329e-01 1.000000000000000048e-04 1.320148062755504559e-01 1.000000000000000000e+00
1.944999999999996732e-01 1.000000000000000048e-04 1.316514469748991667e-01 1.000000000000000000e+00
1.952499999999997016e-01 1.000000000000000048e-04 1.312873908123020628e-01 1.000000000000000000e+00
1.959999999999997300e-01 1.000000000000000048e-04 1.309226372338823663e-01 1.000000000000000000e+00
1.967499999999997584e-01 1.000000000000000048e-04 1.305571856867129565e-01 1.000000000000000000e+00
1.974999999999997868e-01 1.000000000000000048e-04 1.301910356188194506e-01 1.000000000000000000e+00
1.982499999999998153e-01 1.000000000000000048e-04 1.298241864791828959e-01 1.000000000000000000e+00
1.989999999999998437e-01 1.000000000000000048e-04 1.294566377177424621e-01 1.000000000000000000e+00
1.997499999999998721e-01 1.000000000000000048e-04 1.290883887853984113e-01 1.000000000000000000e+00
2.004999999999999005e-01 1.000000000000000048e-04 1.287194391340144572e-01 1.000000000000000000e+00
2.012499999999999289e-01 1.000000000000000048e-04 1.283497882164205406e-01 1.000000000000000000e+00
2.019999999999999574e-01 1.000000000000000048e-04 1.279794354864154105e-01 1.000000000000000000e+00
2.027499999999999858e-01 1.000000000000000048e-04 1.276083803987697329e-01 1.000000000000000000e+00
2.035000000000000142e-01 1.000000000000000048e-04 1.272366224092281450e-01 1.000000000000000000e+00
2.042500000000000426e-01 1.000000000000000048e-04 1.268641609745121968e-01 1.000000000000000000e+00
2.050000000000000711e-01 1.000000000000000048e-04 1.264909955523230434e-01 1.000000000000000000e+00
2.057500000000000995e-01 1.000000000000000048e-04 1.261171256013438324e-01 1.000000000000000000e+00
2.065000000000001279e-01 1.000000000000000048e-04 1.257425505812427013e-01 1.000000000000000000e+00
2.072500000000001563e-01 1.000000000000000048e-04 1.253672699526750256e-01 1.000000000000000000e+00
2.080000000000001847e-01 1.000000000000000048e-04 1.249912831772857780e-01 1.000000000000000000e+00
2.087500000000002132e-01 1.000000000000000048e-04 1.246145897177131229e-01 1.000000000000000000e+00
2.095000000000002416e-01 1.000000000000000048e-04 1.242371890375898597e-01 1.000000000000000000e+00
2.102500000000002700e-01 1.000000000000000048e-04 1.238590806015467949e-01 1.000000000000000000e+00
2.110000000000002984e-01 1.000000000000000048e-04 1.234802638752144355e-01 1.000000000000000000e+00
2.117500000000003268e-01 1.000000000000000048e-04 1.231007383252266385e-01 1.000000000000000000e+00
2.125000000000003553e-01 1.000000000000000048e-04 1.227205034192222349e-01 1.000000000000000000e+00
2.132500000000003837e-01 1.000000000000000048e-04 1.223395586258481521e-01 1.000000000000000000e+00
2.140000000000004121e-01 1.000000000000000048e-04 1.219579034147611346e-01 1.000000000000000000e+00
2.147500000000004405e-01 1.000000000000000048e-04 1.215755372566316300e-01 1.000000000000000000e+00
2.155000000000004690e-01 1.000000000000000048e-04 1.211924596231445661e-01 1.000000000000000000e+00
2.162500000000004974e-01 1.000000000000000048e-04 1.208086699870032088e-01 1.000000000000000000e+00
2.170000000000005258e-01 1.000000000000000048e-04 1.204241678219309664e-01 1.000000000000000000e+00
2.177499999999996660e-01 1.000000000000000048e-04 1.200389526026745118e-01 1.000000000000000000e+00
2.184999999999996945e-01 1.000000000000000048e-04 1.196530238050042966e-01 1.000000000000000000e+00
2.192499999999997229e-01 1.000000000000000048e-04 1.192663809057199764e-01 1.000000000000000000e+00
2.199999999999997513e-01 1.000000000000000048e-04 1.188790233826506060e-01 1.000000000000000000e+00
2.207499999999997797e-01 1.000000000000000048e-04 1.184909507146578167e-01 1.000000000000000000e+00
2.214999999999998082e-01 1.000000000000000048e-04 1.181021623816382315e-01 1.000000000000000000e+00
2.222499999999998366e-01 1.000000000000000048e-04 1.177126578645257410e-01 1.000000000000000000e+00
2.229999999999998650e-01 1.000000000000000048e-04 1.173224366452939454e-01 1.000000000000000000e+00
2.237499999999998934e-01 1.000000000000000048e-04 1.169314982069584591e-01 1.000000000000000000e+00
2.244999999999999218e-01 1.000000000000000048e-04 1.165398420335794494e-01 1.000000000000000000e+00
2.252499999999999503e-01 1.000000000000000048e-04 1.161474676102637327e-01 1.000000000000000000e+00
2.259999999999999787e-01 1.000000000000000048e-04 1.157543744231673971e-01 1.000000000000000000e+00
2.267500000000000071e-01 1.000000000000000048e-04 1.153605619594979814e-01 1.000000000000000000e+00
2.275000000000000355e-01 1.000000000000000048e-04 1.149660297075166537e-01 1.000000000000000000e+00
2.282500000000000639e-01 1.000000000000000048e-04 1.145707771565409039e-01 1.000000000000000000e+00
2.290000000000000924e-01 1.000000000000000048e-04 1.141748037969465279e-01 1.000000000000000000e+00
2.297500000000001208e-01 1.000000000000000048e-04 1.137781091201699873e-01 1.000000000000000000e+00
2.305000000000001492e-01 1.000000000000000048e-04 1.133806926187106850e-01 1.000000000000000000e+00
2.312500000000001776e-01 1.000000000000000048e-04 1.129825537861330886e-01 1.000000000000000000e+00
2.320000000000002061e-01 1.000000000000000048e-04 1.125836921170696586e-01 1.000000000000000000e+00
2.327500000000002345e-01 1.000000000000000048e-04 1.121841071072220142e-01 1.000000000000000000e+00
2.335000000000002629e-01 1.000000000000000048e-04 1.117837982533639862e-01 1.000000000000000000e+00
2.342500000000002913e-01 1.000000000000000048e-04 1.113827650533434632e-01 1.000000000000000000e+00
2.350000000000003197e-01 1.000000000000000048e-04 1.109810070060846671e-01 1.000000000000000000e+00
2.357500000000003482e-01 1.000000000000000048e-04 1.105785236115905262e-01 1.000000000000000000e+00
2.365000000000003766e-01 1.000000000000000048e-04 1.101753143709445770e-01 1.000000000000000000e+00
2.372500000000004050e-01 1.000000000000000048e-04 1.097713787863133367e-01 1.000000000000000000e+00
2.380000000000004334e-01 1.000000000000000048e-04 1.093667163609482740e-01 1.000000000000000000e+00
2.387500000000004619e-01 1.000000000000000048e-04 1.089613265991882657e-01 1.000000000000000000e+00
2.395000000000004903e-01 1.000000000000000048e-04 1.085552090064612479e-01 1.000000000000000000e+00
2.402500000000005187e-01 1.000000000000000048e-04 1.081483630892867837e-01 1.000000000000000000e+00
2.410000000000005471e-01 1.000000000000000048e-04 1.077407883552780887e-01 1.000000000000000000e+00
2.417499999999996874e-01 1.000000000000000048e-04 1.073324843131441553e-01 1.000000000000000000e+00
2.424999999999997158e-01 1.000000000000000048e-04 1.069234504726909313e-01 1.000000000000000000e+00
2.432499999999997442e-01 1.000000000000000048e-04 1.065136863448248455e-01 1.000000000000000000e+00
2.439999999999997726e-01 1.000000000000000048e-04 1.061031914415543481e-01 1.000000000000000000e+00
2.447499999999998010e-01 1.000000000000000048e-04 1.056919652759914369e-01 1.000000000000000000e+00
2.454999999999998295e-01 1.000000000000000048e-04 1.052800073623543498e-01 1.000000000000000000e+00
2.462499999999998579e-01 1.000000000000000048e-04 1.048673172159691469e-01 1.000000000000000000e+00
2.469999999999998863e-01 1.000000000000000048e-04 1.044538943532717229e-01 1.000000000000000000e+00
2.477499999999999147e-01 1.000000000000000048e-04 1.040397382918100966e-01 1.000000000000000000e+00
2.484999999999999432e-01 1.000000000000000048e-04 1.036248485502466316e-01 1.000000000000000000e+00
2.492499999999999716e-01 1.000000000000000048e-04 1.032092246483589798e-01 1.000000000000000000e+00
2.500000000000000000e-01 1.000000000000000048e-04 1.027928661070430238e-01 1.000000000000000000e+00
